Project_Year,Survey_Year,Survey_Month,Survey_Date,Region,Habitat,Site_Name,Station,Quadrat,Stony,Colony_Type,ID,ID_2,Diameter
2015,2015,Sept,9/25/2015,LK,P,Red Dun Reef,261,261-100-010,1,Juv,PAST,PORI,13
2015,2015,Sept,9/25/2015,LK,P,Red Dun Reef,261,261-100-010,1,Juv,SSID,SIDE,6
2015,2015,Sept,9/25/2015,LK,P,Red Dun Reef,261,261-100-069,1,Juv,PAST,PORI,31
2015,2015,Sept,9/25/2015,LK,P,Red Dun Reef,261,261-100-069,1,Juv,SSID,SIDE,23
2015,2015,Sept,9/25/2015,LK,P,Red Dun Reef,261,261-100-069,1,Juv,SSID,SIDE,11
2015,2015,Sept,9/25/2015,LK,P,Red Dun Reef,261,261-100-069,1,Juv,SSID,SIDE,7
2015,2015,Sept,9/25/2015,LK,P,Red Dun Reef,261,261-100-069,1,Iso,SMIC,SMIC,10
2015,2015,Sept,9/25/2015,LK,P,Red Dun Reef,261,261-100-069,1,Iso,SMIC,SMIC,10
2015,2015,Sept,9/25/2015,LK,P,Red Dun Reef,261,261-100-069,1,Juv,SMIC,SMIC,27
2015,2015,Sept,9/25/2015,LK,P,Red Dun Reef,261,261-100-069,1,Juv,SMIC,SMIC,31
2015,2015,Sept,9/25/2015,LK,P,Red Dun Reef,261,261-100-093,1,Iso,EFAS,EFAS,36
2015,2015,Sept,9/25/2015,LK,P,Red Dun Reef,261,261-100-093,1,Iso,EFAS,EFAS,39
2015,2015,Sept,9/25/2015,LK,P,Red Dun Reef,261,261-100-093,1,Iso,PPOR,PORI,24
2015,2015,Sept,9/25/2015,LK,P,Red Dun Reef,261,261-100-093,1,Juv,SSID,SIDE,10
2015,2015,Sept,9/25/2015,LK,P,Red Dun Reef,261,261-100-093,1,Juv,SSID,SIDE,3
2015,2015,Sept,9/25/2015,LK,P,Red Dun Reef,261,261-100-197,1,Juv,CNAT,CNAT,28
2015,2015,Sept,9/25/2015,LK,P,Red Dun Reef,261,261-100-197,1,Iso,EFAS,EFAS,24
2015,2015,Sept,9/25/2015,LK,P,Red Dun Reef,261,261-100-197,1,Iso,EFAS,EFAS,15
2015,2015,Sept,9/25/2015,LK,P,Red Dun Reef,261,261-100-197,1,Iso,EFAS,EFAS,19
2015,2015,Sept,9/25/2015,LK,P,Red Dun Reef,261,261-100-197,1,Iso,EFAS,EFAS,12
2015,2015,Sept,9/25/2015,LK,P,Red Dun Reef,261,261-100-197,1,Iso,EFAS,EFAS,12
2015,2015,Sept,9/25/2015,LK,P,Red Dun Reef,261,261-100-197,1,Iso,EFAS,EFAS,13
2015,2015,Sept,9/25/2015,LK,P,Red Dun Reef,261,261-100-197,1,Iso,EFAS,EFAS,14
2015,2015,Sept,9/25/2015,LK,P,Red Dun Reef,261,261-100-197,1,Iso,EFAS,EFAS,11
2015,2015,Sept,9/25/2015,LK,P,Red Dun Reef,261,261-100-197,1,Iso,EFAS,EFAS,18
2015,2015,Sept,9/25/2015,LK,P,Red Dun Reef,261,261-100-197,1,Iso,EFAS,EFAS,23
2015,2015,Sept,9/25/2015,LK,P,Red Dun Reef,261,261-100-197,1,Iso,EFAS,EFAS,11
2015,2015,Sept,9/25/2015,LK,P,Red Dun Reef,261,261-100-197,1,Iso,EFAS,EFAS,19
2015,2015,Sept,9/25/2015,LK,P,Red Dun Reef,261,261-100-197,1,Iso,EFAS,EFAS,19
2015,2015,Sept,9/25/2015,LK,P,Red Dun Reef,261,261-100-197,1,Iso,EFAS,EFAS,34
2015,2015,Sept,9/25/2015,LK,P,Red Dun Reef,261,261-100-197,1,Iso,EFAS,EFAS,23
2015,2015,Sept,9/25/2015,LK,P,Red Dun Reef,261,261-100-197,1,Iso,EFAS,EFAS,18
2015,2015,Sept,9/25/2015,LK,P,Red Dun Reef,261,261-100-197,1,Iso,EFAS,EFAS,12
2015,2015,Sept,9/25/2015,LK,P,Red Dun Reef,261,261-100-197,1,Iso,EFAS,EFAS,10
2015,2015,Sept,9/25/2015,LK,P,Red Dun Reef,261,261-100-197,1,Iso,EFAS,EFAS,17
2015,2015,Sept,9/25/2015,LK,P,Red Dun Reef,261,261-100-197,1,Iso,EFAS,EFAS,23
2015,2015,Sept,9/25/2015,LK,P,Red Dun Reef,261,261-100-197,1,Iso,EFAS,EFAS,9
2015,2015,Sept,9/25/2015,LK,P,Red Dun Reef,261,261-100-197,1,Iso,EFAS,EFAS,14
2015,2015,Sept,9/25/2015,LK,P,Red Dun Reef,261,261-100-197,1,Iso,EFAS,EFAS,9
2015,2015,Sept,9/25/2015,LK,P,Red Dun Reef,261,261-100-197,1,Iso,EFAS,EFAS,19
2015,2015,Sept,9/25/2015,LK,P,Red Dun Reef,261,261-100-197,1,Iso,EFAS,EFAS,12
2015,2015,Sept,9/25/2015,LK,P,Red Dun Reef,261,261-100-197,1,Iso,EFAS,EFAS,13
2015,2015,Sept,9/25/2015,LK,P,Red Dun Reef,261,261-100-197,1,Iso,EFAS,EFAS,29
2015,2015,Sept,9/25/2015,LK,P,Red Dun Reef,261,261-100-197,1,Iso,EFAS,EFAS,22
2015,2015,Sept,9/25/2015,LK,P,Red Dun Reef,261,261-100-197,1,Iso,EFAS,EFAS,16
2015,2015,Sept,9/25/2015,LK,P,Red Dun Reef,261,261-100-197,1,Iso,EFAS,EFAS,28
2015,2015,Sept,9/25/2015,LK,P,Red Dun Reef,261,261-100-197,1,Iso,EFAS,EFAS,19
2015,2015,Sept,9/25/2015,LK,P,Red Dun Reef,261,261-100-197,1,Iso,EFAS,EFAS,17
2015,2015,Sept,9/25/2015,LK,P,Red Dun Reef,261,261-100-197,1,Iso,EFAS,EFAS,17
2015,2015,Sept,9/25/2015,LK,P,Red Dun Reef,261,261-100-197,1,Iso,EFAS,EFAS,8
2015,2015,Sept,9/25/2015,LK,P,Red Dun Reef,261,261-100-197,1,Iso,EFAS,EFAS,13
2015,2015,Sept,9/25/2015,LK,P,Red Dun Reef,261,261-100-197,1,Iso,EFAS,EFAS,11
2015,2015,Sept,9/25/2015,LK,P,Red Dun Reef,261,261-100-197,1,Iso,EFAS,EFAS,13
2015,2015,Sept,9/25/2015,LK,P,Red Dun Reef,261,261-100-197,1,Iso,EFAS,EFAS,14
2015,2015,Sept,9/25/2015,LK,P,Red Dun Reef,261,261-100-197,1,Iso,EFAS,EFAS,17
2015,2015,Sept,9/25/2015,LK,P,Red Dun Reef,261,261-100-197,1,Iso,EFAS,EFAS,11
2015,2015,Sept,9/25/2015,LK,P,Red Dun Reef,261,261-100-197,1,Iso,EFAS,EFAS,15
2015,2015,Sept,9/25/2015,LK,P,Red Dun Reef,261,261-100-197,1,Iso,EFAS,EFAS,30
2015,2015,Sept,9/25/2015,LK,P,Red Dun Reef,261,261-100-197,1,Iso,EFAS,EFAS,11
2015,2015,Sept,9/25/2015,LK,P,Red Dun Reef,261,261-100-197,1,Iso,EFAS,EFAS,11
2015,2015,Sept,9/25/2015,LK,P,Red Dun Reef,261,261-100-197,1,Iso,EFAS,EFAS,24
2015,2015,Sept,9/25/2015,LK,P,Red Dun Reef,261,261-100-197,1,Iso,EFAS,EFAS,17
2015,2015,Sept,9/25/2015,LK,P,Red Dun Reef,261,261-100-197,1,Iso,EFAS,EFAS,20
2015,2015,Sept,9/25/2015,LK,P,Red Dun Reef,261,261-100-197,1,Iso,EFAS,EFAS,21
2015,2015,Sept,9/25/2015,LK,P,Red Dun Reef,261,261-100-197,1,Iso,EFAS,EFAS,10
2015,2015,Sept,9/25/2015,LK,P,Red Dun Reef,261,261-100-197,1,Iso,EFAS,EFAS,16
2015,2015,Sept,9/25/2015,LK,P,Red Dun Reef,261,261-100-197,1,Iso,EFAS,EFAS,11
2015,2015,Sept,9/25/2015,LK,P,Red Dun Reef,261,261-100-197,1,Iso,EFAS,EFAS,14
2015,2015,Sept,9/25/2015,LK,P,Red Dun Reef,261,261-100-197,1,Iso,EFAS,EFAS,9
2015,2015,Sept,9/25/2015,LK,P,Red Dun Reef,261,261-100-197,1,Iso,SMIC,SMIC,29
2015,2015,Sept,9/25/2015,LK,P,Red Dun Reef,261,261-500-066,1,Juv,SSID,SIDE,32
2015,2015,Sept,9/25/2015,LK,P,Red Dun Reef,261,261-500-066,1,Juv,SSID,SIDE,14
2015,2015,Sept,9/25/2015,LK,P,Red Dun Reef,261,261-500-066,1,Juv,SSID,SIDE,29
2015,2015,Sept,9/25/2015,LK,P,Red Dun Reef,261,261-500-076,1,Iso,CNAT,CNAT,34
2015,2015,Sept,9/25/2015,LK,P,Red Dun Reef,261,261-500-076,1,Juv,SSID,SIDE,4
2015,2015,Sept,9/25/2015,LK,P,Red Dun Reef,261,261-500-076,1,Juv,SSID,SIDE,10
2015,2015,Sept,9/25/2015,LK,P,Red Dun Reef,261,261-500-076,1,Juv,SSID,SIDE,6
2015,2015,Sept,9/25/2015,LK,P,Red Dun Reef,261,261-500-076,1,Juv,SSID,SIDE,21
2015,2015,Sept,9/25/2015,LK,P,Red Dun Reef,261,261-500-076,1,Juv,SSID,SIDE,3
2015,2015,Sept,9/25/2015,LK,P,Red Dun Reef,261,261-500-076,1,Juv,SSID,SIDE,3
2015,2015,Sept,9/25/2015,LK,P,Red Dun Reef,261,261-500-148,1,Juv,MCAV,MCAV,39
2015,2015,Sept,9/25/2015,LK,P,Red Dun Reef,261,261-500-148,1,Juv,MCAV,MCAV,7
2015,2015,Sept,9/25/2015,LK,P,Red Dun Reef,261,261-500-148,1,Juv,SSID,SIDE,16
2015,2015,Sept,9/25/2015,LK,P,Red Dun Reef,261,261-500-148,1,Juv,SSID,SIDE,5
2015,2015,Sept,9/25/2015,LK,P,Red Dun Reef,261,261-500-148,1,Juv,SSID,SIDE,5
2015,2015,Sept,9/25/2015,LK,P,Red Dun Reef,261,261-500-148,1,Juv,SSID,SIDE,12
2015,2015,Sept,9/25/2015,LK,P,Red Dun Reef,261,261-500-148,1,Juv,SMIC,SMIC,25
2015,2015,Sept,9/25/2015,LK,P,Red Dun Reef,261,261-500-148,1,Juv,SMIC,SMIC,27
2015,2015,Sept,9/25/2015,LK,P,Red Dun Reef,261,261-500-196,1,Juv,PAST,PORI,39
2015,2015,Sept,9/25/2015,LK,P,Red Dun Reef,261,261-500-196,1,Iso,SSID,SIDE,10
2015,2015,Sept,9/25/2015,LK,P,Red Dun Reef,261,261-500-196,1,Juv,SSID,SIDE,12
2015,2015,Sept,9/25/2015,LK,P,Red Dun Reef,261,261-500-196,1,Juv,SSID,SIDE,4
2015,2015,Sept,9/25/2015,LK,P,Red Dun Reef,261,261-500-196,1,Juv,SSID,SIDE,34
2015,2015,Sept,9/25/2015,LK,P,Red Dun Reef,261,261-500-196,1,Juv,SSID,SIDE,36
2015,2015,Sept,9/25/2015,LK,P,Red Dun Reef,261,261-500-196,1,Juv,SSID,SIDE,18
2015,2015,Sept,9/25/2015,LK,P,Red Dun Reef,261,261-500-196,1,Iso,SMIC,SMIC,32
2015,2015,Sept,9/25/2015,LK,P,Red Dun Reef,261,261-500-196,1,Iso,SMIC,SMIC,18
2015,2015,Sept,9/25/2015,LK,P,Red Dun Reef,261,261-500-196,1,Iso,SMIC,SMIC,25
2015,2015,Sept,9/25/2015,LK,P,Red Dun Reef,261,261-500-196,1,Juv,SMIC,SMIC,23
2015,2015,Sept,9/25/2015,LK,P,Red Dun Reef,261,261-500-196,1,Juv,SMIC,SMIC,22
2015,2015,Sept,9/26/2015,LK,P,Red Dun Reef,262,262-100-006,0,NA,NA,NA,NA
2015,2015,Sept,9/26/2015,LK,P,Red Dun Reef,262,262-100-051,1,Juv,ODIF,OCUL,16
2015,2015,Sept,9/26/2015,LK,P,Red Dun Reef,262,262-100-051,1,Juv,PAME,PAME,10
2015,2015,Sept,9/26/2015,LK,P,Red Dun Reef,262,262-100-051,1,Juv,PAME,PAME,8
2015,2015,Sept,9/26/2015,LK,P,Red Dun Reef,262,262-100-051,1,Juv,PAST,PORI,14
2015,2015,Sept,9/26/2015,LK,P,Red Dun Reef,262,262-100-051,1,Juv,SSID,SIDE,6
2015,2015,Sept,9/26/2015,LK,P,Red Dun Reef,262,262-100-051,1,Juv,SSID,SIDE,8
2015,2015,Sept,9/26/2015,LK,P,Red Dun Reef,262,262-100-051,1,Juv,SSID,SIDE,25
2015,2015,Sept,9/26/2015,LK,P,Red Dun Reef,262,262-100-051,1,Juv,SSID,SIDE,31
2015,2015,Sept,9/26/2015,LK,P,Red Dun Reef,262,262-100-051,1,Juv,SSID,SIDE,30
2015,2015,Sept,9/26/2015,LK,P,Red Dun Reef,262,262-100-051,1,Juv,SMIC,SMIC,8
2015,2015,Sept,9/26/2015,LK,P,Red Dun Reef,262,262-100-051,1,Juv,SMIC,SMIC,36
2015,2015,Sept,9/26/2015,LK,P,Red Dun Reef,262,262-100-088,1,Juv,MUSS,MUSS,8
2015,2015,Sept,9/26/2015,LK,P,Red Dun Reef,262,262-100-088,1,Juv,MUSS,MUSS,7
2015,2015,Sept,9/26/2015,LK,P,Red Dun Reef,262,262-100-088,1,Juv,SCUB,MUSS,8
2015,2015,Sept,9/26/2015,LK,P,Red Dun Reef,262,262-100-088,1,Juv,PAST,PORI,33
2015,2015,Sept,9/26/2015,LK,P,Red Dun Reef,262,262-100-088,1,Juv,SSID,SIDE,10
2015,2015,Sept,9/26/2015,LK,P,Red Dun Reef,262,262-100-088,1,Juv,SSID,SIDE,17
2015,2015,Sept,9/26/2015,LK,P,Red Dun Reef,262,262-100-088,1,Juv,SSID,SIDE,21
2015,2015,Sept,9/26/2015,LK,P,Red Dun Reef,262,262-100-088,1,Juv,SSID,SIDE,5
2015,2015,Sept,9/26/2015,LK,P,Red Dun Reef,262,262-100-088,1,Juv,SSID,SIDE,35
2015,2015,Sept,9/26/2015,LK,P,Red Dun Reef,262,262-100-088,1,Juv,SSID,SIDE,3
2015,2015,Sept,9/26/2015,LK,P,Red Dun Reef,262,262-100-088,1,Juv,SSID,SIDE,3
2015,2015,Sept,9/26/2015,LK,P,Red Dun Reef,262,262-100-088,1,Juv,SSID,SIDE,26
2015,2015,Sept,9/26/2015,LK,P,Red Dun Reef,262,262-100-088,1,Juv,SSID,SIDE,16
2015,2015,Sept,9/26/2015,LK,P,Red Dun Reef,262,262-100-088,1,Juv,SSID,SIDE,10
2015,2015,Sept,9/26/2015,LK,P,Red Dun Reef,262,262-100-088,1,Juv,SSID,SIDE,6
2015,2015,Sept,9/26/2015,LK,P,Red Dun Reef,262,262-100-088,1,Juv,SMIC,SMIC,20
2015,2015,Sept,9/26/2015,LK,P,Red Dun Reef,262,262-100-137,1,Juv,SCUB,MUSS,17
2015,2015,Sept,9/26/2015,LK,P,Red Dun Reef,262,262-100-137,1,Juv,SSID,SIDE,18
2015,2015,Sept,9/26/2015,LK,P,Red Dun Reef,262,262-100-137,1,Juv,SSID,SIDE,3
2015,2015,Sept,9/26/2015,LK,P,Red Dun Reef,262,262-500-040,1,Juv,CNAT,CNAT,8
2015,2015,Sept,9/26/2015,LK,P,Red Dun Reef,262,262-500-040,1,Juv,PAST,PORI,18
2015,2015,Sept,9/26/2015,LK,P,Red Dun Reef,262,262-500-040,1,Juv,PAST,PORI,29
2015,2015,Sept,9/26/2015,LK,P,Red Dun Reef,262,262-500-040,1,Uns,SSID,SIDE,17
2015,2015,Sept,9/26/2015,LK,P,Red Dun Reef,262,262-500-040,1,Juv,SSID,SIDE,7
2015,2015,Sept,9/26/2015,LK,P,Red Dun Reef,262,262-500-069,1,Juv,MCAV,MCAV,27
2015,2015,Sept,9/26/2015,LK,P,Red Dun Reef,262,262-500-069,1,Juv,MCAV,MCAV,9
2015,2015,Sept,9/26/2015,LK,P,Red Dun Reef,262,262-500-069,1,Juv,MUSS,MUSS,7
2015,2015,Sept,9/26/2015,LK,P,Red Dun Reef,262,262-500-069,1,Juv,PAST,PORI,25
2015,2015,Sept,9/26/2015,LK,P,Red Dun Reef,262,262-500-069,1,Juv,SSID,SIDE,5
2015,2015,Sept,9/26/2015,LK,P,Red Dun Reef,262,262-500-069,1,Juv,SSID,SIDE,6
2015,2015,Sept,9/26/2015,LK,P,Red Dun Reef,262,262-500-069,1,Juv,SSID,SIDE,10
2015,2015,Sept,9/26/2015,LK,P,Red Dun Reef,262,262-500-069,1,Juv,SSID,SIDE,9
2015,2015,Sept,9/26/2015,LK,P,Red Dun Reef,262,262-500-069,1,Juv,SSID,SIDE,25
2015,2015,Sept,9/26/2015,LK,P,Red Dun Reef,262,262-500-069,1,Juv,SSID,SIDE,24
2015,2015,Sept,9/26/2015,LK,P,Red Dun Reef,262,262-500-069,1,Juv,SSID,SIDE,2
2015,2015,Sept,9/26/2015,LK,P,Red Dun Reef,262,262-500-069,1,Juv,SSID,SIDE,6
2015,2015,Sept,9/26/2015,LK,P,Red Dun Reef,262,262-500-069,1,Juv,SSID,SIDE,4
2015,2015,Sept,9/26/2015,LK,P,Red Dun Reef,262,262-500-069,1,Juv,SSID,SIDE,3
2015,2015,Sept,9/26/2015,LK,P,Red Dun Reef,262,262-500-069,1,Juv,SMIC,SMIC,15
2015,2015,Sept,9/26/2015,LK,P,Red Dun Reef,262,262-500-069,1,Juv,SMIC,SMIC,10
2015,2015,Sept,9/26/2015,LK,P,Red Dun Reef,262,262-500-115,1,Juv,EFAS,EFAS,8
2015,2015,Sept,9/26/2015,LK,P,Red Dun Reef,262,262-500-115,1,Juv,PAST,PORI,24
2015,2015,Sept,9/26/2015,LK,P,Red Dun Reef,262,262-500-115,1,Juv,PAST,PORI,10
2015,2015,Sept,9/26/2015,LK,P,Red Dun Reef,262,262-500-115,1,Juv,SSID,SIDE,3
2015,2015,Sept,9/26/2015,LK,P,Red Dun Reef,262,262-500-115,1,Juv,SSID,SIDE,3
2015,2015,Sept,9/26/2015,LK,P,Red Dun Reef,262,262-500-115,1,Juv,SSID,SIDE,17
2015,2015,Sept,9/26/2015,LK,P,Red Dun Reef,262,262-500-115,1,Juv,SSID,SIDE,20
2015,2015,Sept,9/26/2015,LK,P,Red Dun Reef,262,262-500-115,1,Juv,SSID,SIDE,27
2015,2015,Sept,9/26/2015,LK,P,Red Dun Reef,262,262-500-115,1,Juv,SSID,SIDE,5
2015,2015,Sept,9/26/2015,LK,P,Red Dun Reef,262,262-500-115,1,Juv,SMIC,SMIC,7
2015,2015,Sept,9/26/2015,LK,P,Red Dun Reef,262,262-500-115,1,Juv,SMIC,SMIC,37
2015,2015,Sept,9/26/2015,LK,P,Red Dun Reef,262,262-500-115,1,Juv,SMIC,SMIC,35
2015,2015,Sept,9/25/2015,LK,P,Red Dun Reef,262,262-500-219,1,Juv,MCAV,MCAV,9
2015,2015,Sept,9/25/2015,LK,P,Red Dun Reef,262,262-500-219,1,Juv,MCAV,MCAV,14
2015,2015,Sept,9/25/2015,LK,P,Red Dun Reef,262,262-500-219,1,Juv,SCUB,MUSS,10
2015,2015,Sept,9/25/2015,LK,P,Red Dun Reef,262,262-500-219,1,Juv,SSID,SIDE,11
2015,2015,Sept,9/25/2015,LK,P,Red Dun Reef,262,262-500-219,1,Juv,SSID,SIDE,33
2015,2015,Sept,9/25/2015,LK,P,Red Dun Reef,262,262-500-219,1,Juv,SSID,SIDE,10
2015,2015,Sept,9/25/2015,LK,P,Red Dun Reef,262,262-500-219,1,Juv,SSID,SIDE,3
2015,2015,Sept,9/25/2015,LK,P,Red Dun Reef,262,262-500-219,1,Juv,SSID,SIDE,9
2015,2015,Sept,9/25/2015,LK,P,Red Dun Reef,262,262-500-219,1,Juv,SSID,SIDE,26
2015,2015,Sept,9/25/2015,LK,P,Red Dun Reef,262,262-500-219,1,Juv,SSID,SIDE,27
2015,2015,Sept,9/25/2015,LK,P,Red Dun Reef,262,262-500-219,1,Juv,SSID,SIDE,12
2015,2015,Sept,9/25/2015,LK,P,Red Dun Reef,262,262-500-219,1,Juv,SSID,SIDE,23
2015,2015,Sept,9/25/2015,LK,P,Red Dun Reef,262,262-500-219,1,Juv,SSID,SIDE,7
2015,2015,Sept,9/25/2015,LK,P,Red Dun Reef,262,262-500-219,1,Juv,SMIC,SMIC,19
2015,2015,Sept,9/25/2015,LK,P,Red Dun Reef,262,262-500-219,1,Juv,SMIC,SMIC,20
2015,2015,Sept,9/25/2015,LK,P,Red Dun Reef,262,262-500-219,1,Juv,SMIC,SMIC,33
2015,2015,Sept,9/25/2015,LK,P,Red Dun Reef,262,262-500-219,1,Juv,SMIC,SMIC,4
2015,2015,Sept,9/25/2015,LK,P,Red Dun Reef,263,263-100-000,1,Juv,MCAV,MCAV,6
2015,2015,Sept,9/25/2015,LK,P,Red Dun Reef,263,263-100-000,1,Juv,SSID,SIDE,31
2015,2015,Sept,9/25/2015,LK,P,Red Dun Reef,263,263-100-000,1,Juv,SSID,SIDE,5
2015,2015,Sept,9/25/2015,LK,P,Red Dun Reef,263,263-100-000,1,Juv,SMIC,SMIC,25
2015,2015,Sept,9/25/2015,LK,P,Red Dun Reef,263,263-100-028,1,Iso,SSID,SIDE,18
2015,2015,Sept,9/25/2015,LK,P,Red Dun Reef,263,263-100-028,1,Juv,SMIC,SMIC,18
2015,2015,Sept,9/25/2015,LK,P,Red Dun Reef,263,263-100-083,1,Juv,PAST,PORI,19
2015,2015,Sept,9/25/2015,LK,P,Red Dun Reef,263,263-100-083,1,Juv,SSID,SIDE,12
2015,2015,Sept,9/25/2015,LK,P,Red Dun Reef,263,263-100-083,1,Juv,SSID,SIDE,4
2015,2015,Sept,9/25/2015,LK,P,Red Dun Reef,263,263-100-083,1,Juv,SSID,SIDE,11
2015,2015,Sept,9/25/2015,LK,P,Red Dun Reef,263,263-100-083,1,Juv,SSID,SIDE,24
2015,2015,Sept,9/25/2015,LK,P,Red Dun Reef,263,263-100-083,1,Juv,SSID,SIDE,8
2015,2015,Sept,9/25/2015,LK,P,Red Dun Reef,263,263-100-181,1,Juv,PAME,PAME,11
2015,2015,Sept,9/25/2015,LK,P,Red Dun Reef,263,263-100-181,1,Juv,PAST,PORI,13
2015,2015,Sept,9/25/2015,LK,P,Red Dun Reef,263,263-100-181,1,Juv,SSID,SIDE,8
2015,2015,Sept,9/25/2015,LK,P,Red Dun Reef,263,263-100-181,1,Juv,SSID,SIDE,9
2015,2015,Sept,9/25/2015,LK,P,Red Dun Reef,263,263-100-181,1,Juv,SMIC,SMIC,26
2015,2015,Sept,9/25/2015,LK,P,Red Dun Reef,263,263-100-181,1,Juv,SMIC,SMIC,9
2015,2015,Sept,9/25/2015,LK,P,Red Dun Reef,263,263-500-015,1,Juv,SSID,SIDE,6
2015,2015,Sept,9/25/2015,LK,P,Red Dun Reef,263,263-500-015,1,Juv,SMIC,SMIC,9
2015,2015,Sept,9/25/2015,LK,P,Red Dun Reef,263,263-500-118,1,Juv,PAST,PORI,29
2015,2015,Sept,9/25/2015,LK,P,Red Dun Reef,263,263-500-118,1,Juv,PAST,PORI,24
2015,2015,Sept,9/25/2015,LK,P,Red Dun Reef,263,263-500-118,1,Juv,PAST,PORI,14
2015,2015,Sept,9/25/2015,LK,P,Red Dun Reef,263,263-500-118,1,Juv,PAST,PORI,15
2015,2015,Sept,9/25/2015,LK,P,Red Dun Reef,263,263-500-118,1,Juv,PAST,PORI,37
2015,2015,Sept,9/25/2015,LK,P,Red Dun Reef,263,263-500-118,1,Juv,PAST,PORI,17
2015,2015,Sept,9/25/2015,LK,P,Red Dun Reef,263,263-500-118,1,Juv,SSID,SIDE,7
2015,2015,Sept,9/25/2015,LK,P,Red Dun Reef,263,263-500-118,1,Juv,SSID,SIDE,8
2015,2015,Sept,9/25/2015,LK,P,Red Dun Reef,263,263-500-118,1,Juv,SSID,SIDE,4
2015,2015,Sept,9/25/2015,LK,P,Red Dun Reef,263,263-500-118,1,Juv,SSID,SIDE,7
2015,2015,Sept,9/25/2015,LK,P,Red Dun Reef,263,263-500-118,1,Juv,SSID,SIDE,9
2015,2015,Sept,9/25/2015,LK,P,Red Dun Reef,263,263-500-118,1,Juv,SSID,SIDE,11
2015,2015,Sept,9/25/2015,LK,P,Red Dun Reef,263,263-500-118,1,Juv,SSID,SIDE,9
2015,2015,Sept,9/25/2015,LK,P,Red Dun Reef,263,263-500-118,1,Juv,SSID,SIDE,10
2015,2015,Sept,9/25/2015,LK,P,Red Dun Reef,263,263-500-137,1,Juv,MCAV,MCAV,17
2015,2015,Sept,9/25/2015,LK,P,Red Dun Reef,263,263-500-137,1,Iso,ORBI,ORBI,32
2015,2015,Sept,9/25/2015,LK,P,Red Dun Reef,263,263-500-137,1,Iso,ORBI,ORBI,12
2015,2015,Sept,9/25/2015,LK,P,Red Dun Reef,263,263-500-137,1,Juv,PAST,PORI,12
2015,2015,Sept,9/25/2015,LK,P,Red Dun Reef,263,263-500-137,1,Juv,PAST,PORI,10
2015,2015,Sept,9/25/2015,LK,P,Red Dun Reef,263,263-500-137,1,Juv,PAST,PORI,12
2015,2015,Sept,9/25/2015,LK,P,Red Dun Reef,263,263-500-137,1,Juv,PPOR,PORI,22
2015,2015,Sept,9/25/2015,LK,P,Red Dun Reef,263,263-500-137,1,Juv,SSID,SIDE,11
2015,2015,Sept,9/25/2015,LK,P,Red Dun Reef,263,263-500-137,1,Juv,SSID,SIDE,4
2015,2015,Sept,9/25/2015,LK,P,Red Dun Reef,263,263-500-137,1,Juv,SSID,SIDE,32
2015,2015,Sept,9/25/2015,LK,P,Red Dun Reef,263,263-500-137,1,Juv,SSID,SIDE,8
2015,2015,Sept,9/25/2015,LK,P,Red Dun Reef,263,263-500-158,1,Juv,SSID,SIDE,35
2015,2015,Sept,9/25/2015,LK,P,Red Dun Reef,263,263-500-158,1,Juv,SSID,SIDE,24
2015,2015,Sept,9/25/2015,LK,P,Red Dun Reef,263,263-500-158,1,Juv,SMIC,SMIC,15
2015,2015,Sept,9/25/2015,LK,P,Red Dun Reef,264,264-100-025,1,Juv,SSID,SIDE,4
2015,2015,Sept,9/25/2015,LK,P,Red Dun Reef,264,264-100-025,1,Juv,SSID,SIDE,4
2015,2015,Sept,9/25/2015,LK,P,Red Dun Reef,264,264-100-025,1,Juv,SMIC,SMIC,8
2015,2015,Sept,9/25/2015,LK,P,Red Dun Reef,264,264-100-025,1,Juv,SMIC,SMIC,39
2015,2015,Sept,9/25/2015,LK,P,Red Dun Reef,264,264-100-025,1,Juv,UNKS,UNKS,7
2015,2015,Sept,9/25/2015,LK,P,Red Dun Reef,264,264-100-069,1,Juv,DSTO,DSTO,14
2015,2015,Sept,9/25/2015,LK,P,Red Dun Reef,264,264-100-069,1,Juv,SSID,SIDE,9
2015,2015,Sept,9/25/2015,LK,P,Red Dun Reef,264,264-100-069,1,Juv,SSID,SIDE,13
2015,2015,Sept,9/25/2015,LK,P,Red Dun Reef,264,264-100-069,1,Juv,SSID,SIDE,24
2015,2015,Sept,9/25/2015,LK,P,Red Dun Reef,264,264-100-069,1,Juv,SSID,SIDE,34
2015,2015,Sept,9/25/2015,LK,P,Red Dun Reef,264,264-100-069,1,Juv,SSID,SIDE,27
2015,2015,Sept,9/25/2015,LK,P,Red Dun Reef,264,264-100-069,1,Juv,SMIC,SMIC,22
2015,2015,Sept,9/25/2015,LK,P,Red Dun Reef,264,264-100-069,1,Juv,SMIC,SMIC,20
2015,2015,Sept,9/25/2015,LK,P,Red Dun Reef,264,264-100-069,1,Juv,UNKS,UNKS,4
2015,2015,Sept,9/25/2015,LK,P,Red Dun Reef,264,264-100-091,1,Iso,CNAT,CNAT,33
2015,2015,Sept,9/25/2015,LK,P,Red Dun Reef,264,264-100-091,1,Juv,SSID,SIDE,27
2015,2015,Sept,9/25/2015,LK,P,Red Dun Reef,264,264-100-091,1,Juv,SSID,SIDE,35
2015,2015,Sept,9/25/2015,LK,P,Red Dun Reef,264,264-100-091,1,Juv,SSID,SIDE,3
2015,2015,Sept,9/25/2015,LK,P,Red Dun Reef,264,264-100-091,1,Juv,SMIC,SMIC,13
2015,2015,Sept,9/25/2015,LK,P,Red Dun Reef,264,264-100-091,1,Juv,SMIC,SMIC,10
2015,2015,Sept,9/25/2015,LK,P,Red Dun Reef,264,264-100-091,1,Juv,UNKS,UNKS,2
2015,2015,Sept,9/25/2015,LK,P,Red Dun Reef,264,264-100-133,1,Juv,SSID,SIDE,32
2015,2015,Sept,9/25/2015,LK,P,Red Dun Reef,264,264-100-133,1,Juv,SMIC,SMIC,13
2015,2015,Sept,9/25/2015,LK,P,Red Dun Reef,264,264-500-016,1,Iso,DSTO,DSTO,38
2015,2015,Sept,9/25/2015,LK,P,Red Dun Reef,264,264-500-016,1,Juv,SSID,SIDE,24
2015,2015,Sept,9/25/2015,LK,P,Red Dun Reef,264,264-500-016,1,Juv,SSID,SIDE,29
2015,2015,Sept,9/25/2015,LK,P,Red Dun Reef,264,264-500-033,1,Juv,MCAV,MCAV,16
2015,2015,Sept,9/25/2015,LK,P,Red Dun Reef,264,264-500-033,1,Juv,SSID,SIDE,1
2015,2015,Sept,9/25/2015,LK,P,Red Dun Reef,264,264-500-033,1,Juv,SSID,SIDE,3
2015,2015,Sept,9/25/2015,LK,P,Red Dun Reef,264,264-500-033,1,Juv,SSID,SIDE,9
2015,2015,Sept,9/25/2015,LK,P,Red Dun Reef,264,264-500-033,1,Juv,SSID,SIDE,3
2015,2015,Sept,9/25/2015,LK,P,Red Dun Reef,264,264-500-033,1,Juv,SMIC,SMIC,4
2015,2015,Sept,9/25/2015,LK,P,Red Dun Reef,264,264-500-147,1,Juv,PAST,PORI,36
2015,2015,Sept,9/25/2015,LK,P,Red Dun Reef,264,264-500-147,1,Juv,PAST,PORI,4
2015,2015,Sept,9/25/2015,LK,P,Red Dun Reef,264,264-500-147,1,Juv,PPOR,PORI,7
2015,2015,Sept,9/25/2015,LK,P,Red Dun Reef,264,264-500-147,1,Juv,SSID,SIDE,26
2015,2015,Sept,9/25/2015,LK,P,Red Dun Reef,264,264-500-147,1,Juv,SSID,SIDE,39
2015,2015,Sept,9/25/2015,LK,P,Red Dun Reef,264,264-500-172,1,Juv,SCUB,MUSS,28
2015,2015,Sept,9/25/2015,LK,P,Red Dun Reef,264,264-500-172,1,Iso,ORBI,ORBI,16
2015,2015,Sept,9/25/2015,LK,P,Red Dun Reef,264,264-500-172,1,Juv,PAST,PORI,19
2015,2015,Sept,9/25/2015,LK,P,Red Dun Reef,264,264-500-172,1,Juv,PAST,PORI,9
2015,2015,Sept,9/25/2015,LK,P,Red Dun Reef,264,264-500-172,1,Juv,SSID,SIDE,9
2015,2015,Sept,9/25/2015,LK,P,Red Dun Reef,264,264-500-172,1,Juv,SSID,SIDE,19
2015,2015,Sept,9/25/2015,LK,P,Red Dun Reef,264,264-500-172,1,Juv,SSID,SIDE,3
2015,2015,Sept,9/25/2015,LK,P,Red Dun Reef,264,264-500-172,1,Juv,SSID,SIDE,2
2015,2015,Sept,9/25/2015,LK,P,Red Dun Reef,264,264-500-172,1,Juv,SSID,SIDE,18
2015,2015,Sept,9/25/2015,LK,P,Red Dun Reef,264,264-500-172,1,Juv,SMIC,SMIC,14
2015,2015,Sept,9/25/2015,LK,P,Red Dun Reef,264,264-500-172,1,Juv,SMIC,SMIC,18
2015,2015,Sept,9/25/2015,LK,P,Red Dun Reef,264,264-500-172,1,Juv,SMIC,SMIC,33
2015,2015,July,7/16/2015,UK,P,Porter Patch,321,321-100-017,1,Juv,PAST,PORI,14
2015,2015,July,7/16/2015,UK,P,Porter Patch,321,321-100-017,1,Juv,SRAD,SIDE,16
2015,2015,July,7/16/2015,UK,P,Porter Patch,321,321-100-058,1,Juv,AAGA,AGAR,8
2015,2015,July,7/16/2015,UK,P,Porter Patch,321,321-100-058,1,Juv,SSID,SIDE,18
2015,2015,Sept,9/1/2015,UK,P,Porter Patch,321,321-100-136,1,Juv,SRAD,SIDE,22
2015,2015,Sept,9/1/2015,UK,P,Porter Patch,321,321-100-136,1,Juv,SSID,SIDE,3
2015,2015,Sept,9/1/2015,UK,P,Porter Patch,321,321-100-136,1,Juv,SSID,SIDE,8
2015,2015,Sept,9/1/2015,UK,P,Porter Patch,321,321-100-136,1,Juv,SSID,SIDE,2
2015,2015,Sept,9/1/2015,UK,P,Porter Patch,321,321-100-136,1,Juv,SSID,SIDE,4
2015,2015,Sept,9/1/2015,UK,P,Porter Patch,321,321-100-163,1,Juv,PPOR,PORI,22
2015,2015,Sept,9/1/2015,UK,P,Porter Patch,321,321-100-163,1,Juv,PPOR,PORI,13
2015,2015,Sept,9/1/2015,UK,P,Porter Patch,321,321-100-163,1,Juv,SSID,SIDE,3
2015,2015,July,7/16/2015,UK,P,Porter Patch,321,321-500-024,1,Juv,DSTO,DSTO,9
2015,2015,July,7/16/2015,UK,P,Porter Patch,321,321-500-049,1,Juv,PAST,PORI,37
2015,2015,July,7/16/2015,UK,P,Porter Patch,321,321-500-049,1,Iso,PPOR,PORI,24
2015,2015,July,7/16/2015,UK,P,Porter Patch,321,321-500-085,0,NA,NA,NA,NA
2015,2015,July,7/16/2015,UK,P,Porter Patch,321,321-500-212,1,Juv,DSTO,DSTO,7
2015,2015,July,7/16/2015,UK,P,Porter Patch,321,321-500-212,1,Juv,PAST,PORI,24
2015,2015,July,7/17/2015,UK,P,Porter Patch,322,322-100-026,0,NA,NA,NA,NA
2015,2015,July,7/17/2015,UK,P,Porter Patch,322,322-100-069,1,Juv,PAST,PORI,31
2015,2015,July,7/17/2015,UK,P,Porter Patch,322,322-100-069,1,Uns,PPOR,PORI,10
2015,2015,July,7/17/2015,UK,P,Porter Patch,322,322-100-069,1,Uns,PPOR,PORI,7
2015,2015,July,7/17/2015,UK,P,Porter Patch,322,322-100-069,1,Juv,SSID,SIDE,24
2015,2015,July,7/17/2015,UK,P,Porter Patch,322,322-100-118,1,Juv,DSTO,DSTO,13
2015,2015,July,7/17/2015,UK,P,Porter Patch,322,322-100-118,1,Iso,SSID,SIDE,37
2015,2015,July,7/17/2015,UK,P,Porter Patch,322,322-100-118,1,Iso,SSID,SIDE,9
2015,2015,July,7/17/2015,UK,P,Porter Patch,322,322-100-202,0,NA,NA,NA,NA
2015,2015,July,7/17/2015,UK,P,Porter Patch,322,322-100-223,1,Juv,PAST,PORI,12
2015,2015,July,7/17/2015,UK,P,Porter Patch,322,322-100-223,1,Juv,PPOR,PORI,15
2015,2015,July,7/17/2015,UK,P,Porter Patch,322,322-100-223,1,Juv,PPOR,PORI,18
2015,2015,July,7/17/2015,UK,P,Porter Patch,322,322-100-223,1,Juv,SSID,SIDE,6
2015,2015,July,7/17/2015,UK,P,Porter Patch,322,322-500-059,0,NA,NA,NA,NA
2015,2015,July,7/17/2015,UK,P,Porter Patch,322,322-500-070,1,Juv,PAST,PORI,7
2015,2015,July,7/17/2015,UK,P,Porter Patch,322,322-500-070,1,Juv,PAST,PORI,9
2015,2015,July,7/17/2015,UK,P,Porter Patch,322,322-500-070,1,Juv,SRAD,SIDE,8
2015,2015,July,7/17/2015,UK,P,Porter Patch,322,322-500-091,1,Juv,PPOR,PORI,36
2015,2015,July,7/17/2015,UK,P,Porter Patch,322,322-500-091,1,Iso,SRAD,SIDE,28
2015,2015,July,7/17/2015,UK,P,Porter Patch,323,323-100-021,1,Juv,DSTO,DSTO,16
2015,2015,July,7/17/2015,UK,P,Porter Patch,323,323-100-021,1,Juv,SRAD,SIDE,21
2015,2015,July,7/17/2015,UK,P,Porter Patch,323,323-100-072,0,NA,NA,NA,NA
2015,2015,July,7/17/2015,UK,P,Porter Patch,323,323-100-115,0,NA,NA,NA,NA
2015,2015,July,7/17/2015,UK,P,Porter Patch,323,323-100-126,1,Juv,SRAD,SIDE,22
2015,2015,Sept,9/1/2015,UK,P,Porter Patch,323,323-100-223,1,Juv,SSID,SIDE,19
2015,2015,Sept,9/1/2015,UK,P,Porter Patch,323,323-100-223,1,Juv,SSID,SIDE,37
2015,2015,Sept,9/1/2015,UK,P,Porter Patch,323,323-500-064,1,Juv,SSID,SIDE,18
2015,2015,Sept,9/1/2015,UK,P,Porter Patch,323,323-500-144,1,Juv,SRAD,SIDE,26
2015,2015,Sept,9/1/2015,UK,P,Porter Patch,323,323-500-156,0,NA,NA,NA,NA
2015,2015,July,7/17/2015,UK,P,Porter Patch,324,324-100-022,1,Juv,PAST,PORI,22
2015,2015,July,7/17/2015,UK,P,Porter Patch,324,324-100-022,1,Iso,PPOR,PORI,16
2015,2015,July,7/17/2015,UK,P,Porter Patch,324,324-100-022,1,Iso,PPOR,PORI,14
2015,2015,July,7/17/2015,UK,P,Porter Patch,324,324-100-022,1,Iso,PPOR,PORI,14
2015,2015,July,7/16/2015,UK,P,Porter Patch,324,324-100-046,1,Iso,AAGA,AGAR,10
2015,2015,July,7/16/2015,UK,P,Porter Patch,324,324-100-046,1,Iso,AAGA,AGAR,27
2015,2015,July,7/16/2015,UK,P,Porter Patch,324,324-100-046,1,Iso,AAGA,AGAR,11
2015,2015,July,7/16/2015,UK,P,Porter Patch,324,324-100-046,1,Juv,DSTO,DSTO,20
2015,2015,July,7/16/2015,UK,P,Porter Patch,324,324-100-046,1,Juv,PAST,PORI,12
2015,2015,July,7/16/2015,UK,P,Porter Patch,324,324-100-046,1,Juv,PAST,PORI,34
2015,2015,July,7/16/2015,UK,P,Porter Patch,324,324-100-046,1,Juv,PPOR,PORI,16
2015,2015,July,7/16/2015,UK,P,Porter Patch,324,324-100-046,1,Juv,SSID,SIDE,10
2015,2015,July,7/17/2015,UK,P,Porter Patch,324,324-100-095,1,Juv,AAGA,AGAR,18
2015,2015,July,7/17/2015,UK,P,Porter Patch,324,324-100-095,1,Juv,MCAV,MCAV,24
2015,2015,Sept,9/1/2015,UK,P,Porter Patch,324,324-100-199,1,Juv,PAST,PORI,25
2015,2015,Sept,9/1/2015,UK,P,Porter Patch,324,324-100-199,1,Juv,PAST,PORI,39
2015,2015,Sept,9/1/2015,UK,P,Porter Patch,324,324-100-199,1,Juv,SRAD,SIDE,34
2015,2015,Sept,9/1/2015,UK,P,Porter Patch,324,324-500-036,1,Juv,DSTO,DSTO,19
2015,2015,Sept,9/1/2015,UK,P,Porter Patch,324,324-500-036,1,Juv,PAST,PORI,23
2015,2015,Sept,9/1/2015,UK,P,Porter Patch,324,324-500-036,1,Juv,PPOR,PORI,38
2015,2015,Sept,9/1/2015,UK,P,Porter Patch,324,324-500-036,1,Juv,SRAD,SIDE,8
2015,2015,Sept,9/1/2015,UK,P,Porter Patch,324,324-500-036,1,Juv,SSID,SIDE,8
2015,2015,Sept,9/1/2015,UK,P,Porter Patch,324,324-500-036,1,Juv,SSID,SIDE,6
2015,2015,Sept,9/1/2015,UK,P,Porter Patch,324,324-500-036,1,Juv,SSID,SIDE,6
2015,2015,Sept,9/1/2015,UK,P,Porter Patch,324,324-500-064,1,Juv,SRAD,SIDE,8
2015,2015,Sept,9/1/2015,UK,P,Porter Patch,324,324-500-064,1,Juv,SRAD,SIDE,13
2015,2015,Sept,9/1/2015,UK,P,Porter Patch,324,324-500-158,0,NA,NA,NA,NA
2015,2015,July,7/16/2015,UK,P,Porter Patch,324,324-500-209,1,Iso,AAGA,AGAR,22
2015,2015,July,7/16/2015,UK,P,Porter Patch,324,324-500-209,1,Iso,AAGA,AGAR,20
2015,2015,July,7/16/2015,UK,P,Porter Patch,324,324-500-209,1,Iso,AAGA,AGAR,27
2015,2015,July,7/16/2015,UK,P,Porter Patch,324,324-500-209,1,Iso,AAGA,AGAR,24
2015,2015,July,7/16/2015,UK,P,Porter Patch,324,324-500-209,1,Iso,AAGA,AGAR,11
2015,2015,Sept,9/24/2015,UK,P,Admiral,331,331-100-098,1,Juv,PAST,PORI,19
2015,2015,Sept,9/24/2015,UK,P,Admiral,331,331-100-139,1,Juv,DSTR,DIPL,23
2015,2015,Sept,9/24/2015,UK,P,Admiral,331,331-100-139,1,Juv,SRAD,SIDE,15
2015,2015,Sept,9/24/2015,UK,P,Admiral,331,331-100-139,1,Juv,SRAD,SIDE,36
2015,2015,Sept,9/24/2015,UK,P,Admiral,331,331-100-183,1,Juv,PAST,PORI,26
2015,2015,Sept,9/24/2015,UK,P,Admiral,331,331-100-183,1,Juv,SSID,SIDE,24
2015,2015,Sept,9/24/2015,UK,P,Admiral,331,331-100-183,1,Juv,SSID,SIDE,11
2015,2015,Sept,9/24/2015,UK,P,Admiral,331,331-100-183,1,Juv,UNKS,UNKS,9
2015,2015,Sept,9/24/2015,UK,P,Admiral,331,331-500-012,0,NA,NA,NA,NA
2015,2015,Sept,9/24/2015,UK,P,Admiral,331,331-500-033,1,Juv,CNAT,CNAT,25
2015,2015,Sept,9/24/2015,UK,P,Admiral,331,331-500-104,1,Juv,SSID,SIDE,7
2015,2015,Sept,9/24/2015,UK,P,Admiral,331,331-500-180,1,Juv,SSID,SIDE,20
2015,2015,Sept,9/24/2015,UK,P,Admiral,331,331-500-221,1,Iso,PAST,PORI,26
2015,2015,Sept,9/24/2015,UK,P,Admiral,331,331-500-221,1,Juv,PAST,PORI,29
2015,2015,Sept,9/24/2015,UK,P,Admiral,331,331-500-221,1,Juv,SRAD,SIDE,27
2015,2015,Sept,9/24/2015,UK,P,Admiral,331,331-500-221,1,Juv,SRAD,SIDE,16
2015,2015,Sept,9/24/2015,UK,P,Admiral,332,332-100-024,0,NA,NA,NA,NA
2015,2015,Sept,9/24/2015,UK,P,Admiral,332,332-100-094,1,Juv,SSID,SIDE,21
2015,2015,Sept,9/24/2015,UK,P,Admiral,332,332-100-094,1,Juv,SSID,SIDE,9
2015,2015,Sept,9/24/2015,UK,P,Admiral,332,332-100-102,0,NA,NA,NA,NA
2015,2015,Sept,9/24/2015,UK,P,Admiral,332,332-100-177,0,NA,NA,NA,NA
2015,2015,Sept,9/24/2015,UK,P,Admiral,332,332-500-017,0,NA,NA,NA,NA
2015,2015,Sept,9/24/2015,UK,P,Admiral,332,332-500-081,0,NA,NA,NA,NA
2015,2015,Sept,9/24/2015,UK,P,Admiral,332,332-500-094,1,Juv,SSID,SIDE,31
2015,2015,Sept,9/24/2015,UK,P,Admiral,332,332-500-154,0,NA,NA,NA,NA
2015,2015,Sept,9/24/2015,UK,P,Admiral,333,333-100-060,1,Juv,PAST,PORI,5
2015,2015,Sept,9/24/2015,UK,P,Admiral,333,333-100-084,0,NA,NA,NA,NA
2015,2015,Sept,9/24/2015,UK,P,Admiral,333,333-100-091,0,NA,NA,NA,NA
2015,2015,Sept,9/24/2015,UK,P,Admiral,333,333-100-192,1,Juv,SSID,SIDE,10
2015,2015,Sept,9/24/2015,UK,P,Admiral,333,333-500-022,0,NA,NA,NA,NA
2015,2015,Sept,9/24/2015,UK,P,Admiral,333,333-500-111,0,NA,NA,NA,NA
2015,2015,Sept,9/24/2015,UK,P,Admiral,333,333-500-154,1,Juv,SSID,SIDE,9
2015,2015,Sept,9/24/2015,UK,P,Admiral,333,333-500-154,1,Juv,SSID,SIDE,15
2015,2015,Sept,9/24/2015,UK,P,Admiral,333,333-500-195,0,NA,NA,NA,NA
2015,2015,Sept,9/24/2015,UK,P,Admiral,334,334-100-035,0,NA,NA,NA,NA
2015,2015,Sept,9/24/2015,UK,P,Admiral,334,334-100-067,0,NA,NA,NA,NA
2015,2015,Sept,9/24/2015,UK,P,Admiral,334,334-100-139,1,Iso,MCAV,MCAV,21
2015,2015,Sept,9/24/2015,UK,P,Admiral,334,334-100-139,1,Iso,MCAV,MCAV,22
2015,2015,Sept,9/24/2015,UK,P,Admiral,334,334-100-139,1,Juv,MCAV,MCAV,25
2015,2015,Sept,9/24/2015,UK,P,Admiral,334,334-100-139,1,Juv,SSID,SIDE,9
2015,2015,Sept,9/24/2015,UK,P,Admiral,334,334-100-194,1,Juv,PAST,PORI,12
2015,2015,Sept,9/24/2015,UK,P,Admiral,334,334-500-021,0,NA,NA,NA,NA
2015,2015,Sept,9/24/2015,UK,P,Admiral,334,334-500-067,1,Iso,MCAV,MCAV,7
2015,2015,Sept,9/24/2015,UK,P,Admiral,334,334-500-067,1,Iso,MCAV,MCAV,35
2015,2015,Sept,9/24/2015,UK,P,Admiral,334,334-500-067,1,Iso,MCAV,MCAV,16
2015,2015,Sept,9/24/2015,UK,P,Admiral,334,334-500-067,1,Iso,MCAV,MCAV,23
2015,2015,Sept,9/24/2015,UK,P,Admiral,334,334-500-067,1,Juv,SRAD,SIDE,10
2015,2015,Sept,9/24/2015,UK,P,Admiral,334,334-500-134,1,Juv,SSID,SIDE,7
2015,2015,Sept,9/24/2015,UK,P,Admiral,334,334-500-134,1,Juv,SRAD,SIDE,34
2015,2015,Sept,9/24/2015,UK,P,Admiral,334,334-500-222,1,Juv,SSID,SIDE,16
2015,2015,Sept,9/2/2015,MK,P,West Turtle Shoal,341,341-100-062,1,Uns,MCAV,MCAV,24
2015,2015,Sept,9/2/2015,MK,P,West Turtle Shoal,341,341-100-062,1,Juv,PAST,PORI,14
2015,2015,Sept,9/2/2015,MK,P,West Turtle Shoal,341,341-100-062,1,Juv,PAST,PORI,4
2015,2015,Sept,9/2/2015,MK,P,West Turtle Shoal,341,341-100-062,1,Juv,PAST,PORI,5
2015,2015,Sept,9/2/2015,MK,P,West Turtle Shoal,341,341-100-062,1,Juv,PAST,PORI,19
2015,2015,Sept,9/2/2015,MK,P,West Turtle Shoal,341,341-100-096,1,Juv,AAGA,AGAR,12
2015,2015,Sept,9/2/2015,MK,P,West Turtle Shoal,341,341-100-096,1,Juv,AAGA,AGAR,14
2015,2015,Sept,9/2/2015,MK,P,West Turtle Shoal,341,341-100-096,1,Juv,PPOR,PORI,24
2015,2015,Sept,9/2/2015,MK,P,West Turtle Shoal,341,341-100-116,1,Juv,AAGA,AGAR,22
2015,2015,Sept,9/2/2015,MK,P,West Turtle Shoal,341,341-100-116,1,Juv,AAGA,AGAR,18
2015,2015,Sept,9/2/2015,MK,P,West Turtle Shoal,341,341-100-116,1,Juv,PAST,PORI,33
2015,2015,Sept,9/2/2015,MK,P,West Turtle Shoal,341,341-100-116,1,Juv,PAST,PORI,11
2015,2015,Sept,9/2/2015,MK,P,West Turtle Shoal,341,341-100-116,1,Juv,PAST,PORI,29
2015,2015,Sept,9/2/2015,MK,P,West Turtle Shoal,341,341-100-116,1,Juv,PAST,PORI,34
2015,2015,Sept,9/2/2015,MK,P,West Turtle Shoal,341,341-100-116,1,Juv,PPOR,PORI,10
2015,2015,Sept,9/2/2015,MK,P,West Turtle Shoal,341,341-100-116,1,Juv,PPOR,PORI,7
2015,2015,Sept,9/2/2015,MK,P,West Turtle Shoal,341,341-100-116,1,Iso,PPOR,PORI,12
2015,2015,Sept,9/2/2015,MK,P,West Turtle Shoal,341,341-100-116,1,Iso,PPOR,PORI,18
2015,2015,Sept,9/2/2015,MK,P,West Turtle Shoal,341,341-100-116,1,Iso,PPOR,PORI,39
2015,2015,Sept,9/2/2015,MK,P,West Turtle Shoal,341,341-100-116,1,Juv,SSID,SIDE,6
2015,2015,Sept,9/2/2015,MK,P,West Turtle Shoal,341,341-100-116,1,Juv,SSID,SIDE,14
2015,2015,Sept,9/2/2015,MK,P,West Turtle Shoal,341,341-100-116,1,Juv,SSID,SIDE,20
2015,2015,Sept,9/2/2015,MK,P,West Turtle Shoal,341,341-100-116,1,Juv,SSID,SIDE,6
2015,2015,Sept,9/2/2015,MK,P,West Turtle Shoal,341,341-100-116,1,Juv,SSID,SIDE,5
2015,2015,Sept,9/2/2015,MK,P,West Turtle Shoal,341,341-100-116,1,Juv,SMIC,SMIC,10
2015,2015,Sept,9/2/2015,MK,P,West Turtle Shoal,341,341-100-162,1,Juv,AAGA,AGAR,34
2015,2015,Sept,9/2/2015,MK,P,West Turtle Shoal,341,341-100-162,1,Juv,CNAT,CNAT,4
2015,2015,Sept,9/2/2015,MK,P,West Turtle Shoal,341,341-100-162,1,Juv,PAST,PORI,13
2015,2015,Sept,9/2/2015,MK,P,West Turtle Shoal,341,341-100-162,1,Juv,PAST,PORI,14
2015,2015,Sept,9/2/2015,MK,P,West Turtle Shoal,341,341-100-162,1,Juv,PAST,PORI,22
2015,2015,Sept,9/2/2015,MK,P,West Turtle Shoal,341,341-100-162,1,Juv,PAST,PORI,21
2015,2015,Sept,9/2/2015,MK,P,West Turtle Shoal,341,341-100-162,1,Juv,PPOR,PORI,11
2015,2015,Sept,9/2/2015,MK,P,West Turtle Shoal,341,341-100-162,1,Juv,PPOR,PORI,24
2015,2015,Sept,9/2/2015,MK,P,West Turtle Shoal,341,341-100-162,1,Juv,PPOR,PORI,33
2015,2015,Sept,9/2/2015,MK,P,West Turtle Shoal,341,341-100-162,1,Juv,SSID,SIDE,27
2015,2015,Sept,9/2/2015,MK,P,West Turtle Shoal,341,341-100-162,1,Juv,SSID,SIDE,35
2015,2015,Sept,9/2/2015,MK,P,West Turtle Shoal,341,341-100-162,1,Juv,SSID,SIDE,24
2015,2015,Sept,9/2/2015,MK,P,West Turtle Shoal,341,341-100-162,1,Juv,SSID,SIDE,28
2015,2015,Sept,9/2/2015,MK,P,West Turtle Shoal,341,341-500-049,1,Juv,CNAT,CNAT,20
2015,2015,Sept,9/2/2015,MK,P,West Turtle Shoal,341,341-500-049,1,Iso,MCAV,MCAV,10
2015,2015,Sept,9/2/2015,MK,P,West Turtle Shoal,341,341-500-049,1,Juv,PAST,PORI,24
2015,2015,Sept,9/2/2015,MK,P,West Turtle Shoal,341,341-500-049,1,Juv,PPOR,PORI,26
2015,2015,Sept,9/2/2015,MK,P,West Turtle Shoal,341,341-500-049,1,Iso,SSID,SIDE,35
2015,2015,Sept,9/2/2015,MK,P,West Turtle Shoal,341,341-500-049,1,Iso,SSID,SIDE,7
2015,2015,Sept,9/2/2015,MK,P,West Turtle Shoal,341,341-500-049,1,Iso,SSID,SIDE,6
2015,2015,Sept,9/2/2015,MK,P,West Turtle Shoal,341,341-500-049,1,Juv,SSID,SIDE,7
2015,2015,Sept,9/2/2015,MK,P,West Turtle Shoal,341,341-500-049,1,Juv,SSID,SIDE,5
2015,2015,Sept,9/2/2015,MK,P,West Turtle Shoal,341,341-500-049,1,Juv,SSID,SIDE,4
2015,2015,Sept,9/2/2015,MK,P,West Turtle Shoal,341,341-500-049,1,Juv,SSID,SIDE,7
2015,2015,Sept,9/2/2015,MK,P,West Turtle Shoal,341,341-500-049,1,Juv,SMIC,SMIC,25
2015,2015,Sept,9/2/2015,MK,P,West Turtle Shoal,341,341-500-078,1,Juv,AAGA,AGAR,21
2015,2015,Sept,9/2/2015,MK,P,West Turtle Shoal,341,341-500-078,1,Juv,AAGA,AGAR,30
2015,2015,Sept,9/2/2015,MK,P,West Turtle Shoal,341,341-500-078,1,Iso,CNAT,CNAT,24
2015,2015,Sept,9/2/2015,MK,P,West Turtle Shoal,341,341-500-078,1,Iso,SSID,SIDE,28
2015,2015,Sept,9/2/2015,MK,P,West Turtle Shoal,341,341-500-078,1,Iso,SSID,SIDE,19
2015,2015,Sept,9/2/2015,MK,P,West Turtle Shoal,341,341-500-078,1,Juv,SSID,SIDE,9
2015,2015,Sept,9/2/2015,MK,P,West Turtle Shoal,341,341-500-078,1,Juv,SSID,SIDE,21
2015,2015,Sept,9/2/2015,MK,P,West Turtle Shoal,341,341-500-088,1,Juv,AAGA,AGAR,35
2015,2015,Sept,9/2/2015,MK,P,West Turtle Shoal,341,341-500-088,1,Juv,MCAV,MCAV,6
2015,2015,Sept,9/2/2015,MK,P,West Turtle Shoal,341,341-500-088,1,Juv,PAST,PORI,6
2015,2015,Sept,9/2/2015,MK,P,West Turtle Shoal,341,341-500-088,1,Juv,PAST,PORI,7
2015,2015,Sept,9/2/2015,MK,P,West Turtle Shoal,341,341-500-088,1,Juv,PAST,PORI,38
2015,2015,Sept,9/2/2015,MK,P,West Turtle Shoal,341,341-500-088,1,Juv,PAST,PORI,14
2015,2015,Sept,9/2/2015,MK,P,West Turtle Shoal,341,341-500-088,1,Juv,PPOR,PORI,25
2015,2015,Sept,9/2/2015,MK,P,West Turtle Shoal,341,341-500-088,1,Iso,SSID,SIDE,19
2015,2015,Sept,9/2/2015,MK,P,West Turtle Shoal,341,341-500-088,1,Iso,SSID,SIDE,14
2015,2015,Sept,9/2/2015,MK,P,West Turtle Shoal,341,341-500-088,1,Iso,SSID,SIDE,18
2015,2015,Sept,9/2/2015,MK,P,West Turtle Shoal,341,341-500-088,1,Iso,SSID,SIDE,28
2015,2015,Sept,9/2/2015,MK,P,West Turtle Shoal,341,341-500-088,1,Iso,SSID,SIDE,4
2015,2015,Sept,9/2/2015,MK,P,West Turtle Shoal,341,341-500-088,1,Iso,SSID,SIDE,30
2015,2015,Sept,9/2/2015,MK,P,West Turtle Shoal,341,341-500-088,1,Iso,SSID,SIDE,12
2015,2015,Sept,9/2/2015,MK,P,West Turtle Shoal,341,341-500-088,1,Iso,SSID,SIDE,7
2015,2015,Sept,9/2/2015,MK,P,West Turtle Shoal,341,341-500-088,1,Iso,SSID,SIDE,9
2015,2015,Sept,9/2/2015,MK,P,West Turtle Shoal,341,341-500-088,1,Iso,SSID,SIDE,14
2015,2015,Sept,9/2/2015,MK,P,West Turtle Shoal,341,341-500-088,1,Juv,SSID,SIDE,5
2015,2015,Sept,9/2/2015,MK,P,West Turtle Shoal,341,341-500-088,1,Iso,SMIC,SMIC,18
2015,2015,Sept,9/2/2015,MK,P,West Turtle Shoal,341,341-500-088,1,Iso,SMIC,SMIC,12
2015,2015,Sept,9/2/2015,MK,P,West Turtle Shoal,341,341-500-230,1,Juv,PAST,PORI,32
2015,2015,Sept,9/2/2015,MK,P,West Turtle Shoal,341,341-500-230,1,Juv,PAST,PORI,17
2015,2015,Sept,9/2/2015,MK,P,West Turtle Shoal,341,341-500-230,1,Juv,PPOR,PORI,11
2015,2015,Sept,9/2/2015,MK,P,West Turtle Shoal,341,341-500-230,1,Juv,SSID,SIDE,3
2015,2015,Sept,9/2/2015,MK,P,West Turtle Shoal,341,341-500-230,1,Juv,SSID,SIDE,7
2015,2015,Sept,9/2/2015,MK,P,West Turtle Shoal,342,342-100-003,1,Juv,AAGA,AGAR,11
2015,2015,Sept,9/2/2015,MK,P,West Turtle Shoal,342,342-100-003,1,Juv,MCAV,MCAV,13
2015,2015,Sept,9/2/2015,MK,P,West Turtle Shoal,342,342-100-003,1,Juv,PAST,PORI,21
2015,2015,Sept,9/2/2015,MK,P,West Turtle Shoal,342,342-100-003,1,Juv,SSID,SIDE,11
2015,2015,Sept,9/2/2015,MK,P,West Turtle Shoal,342,342-100-003,1,Juv,SMIC,SMIC,9
2015,2015,Sept,9/2/2015,MK,P,West Turtle Shoal,342,342-100-033,1,Juv,MCAV,MCAV,21
2015,2015,Sept,9/2/2015,MK,P,West Turtle Shoal,342,342-100-033,1,Juv,MMEA,MMEA,6
2015,2015,Sept,9/2/2015,MK,P,West Turtle Shoal,342,342-100-033,1,Juv,SCUB,MUSS,22
2015,2015,Sept,9/2/2015,MK,P,West Turtle Shoal,342,342-100-033,1,Juv,PAST,PORI,11
2015,2015,Sept,9/2/2015,MK,P,West Turtle Shoal,342,342-100-033,1,Juv,PPOR,PORI,25
2015,2015,Sept,9/2/2015,MK,P,West Turtle Shoal,342,342-100-033,1,Juv,SSID,SIDE,4
2015,2015,Sept,9/2/2015,MK,P,West Turtle Shoal,342,342-100-033,1,Juv,SSID,SIDE,4
2015,2015,Sept,9/2/2015,MK,P,West Turtle Shoal,342,342-100-033,1,Juv,SSID,SIDE,4
2015,2015,Sept,9/2/2015,MK,P,West Turtle Shoal,342,342-100-033,1,Juv,SSID,SIDE,1
2015,2015,Sept,9/2/2015,MK,P,West Turtle Shoal,342,342-100-033,1,Juv,SSID,SIDE,1
2015,2015,Sept,9/2/2015,MK,P,West Turtle Shoal,342,342-100-033,1,Juv,SSID,SIDE,1
2015,2015,Sept,9/2/2015,MK,P,West Turtle Shoal,342,342-100-033,1,Juv,SSID,SIDE,3
2015,2015,Sept,9/2/2015,MK,P,West Turtle Shoal,342,342-100-033,1,Juv,SSID,SIDE,14
2015,2015,Sept,9/2/2015,MK,P,West Turtle Shoal,342,342-100-033,1,Juv,SMIC,SMIC,37
2015,2015,Sept,9/2/2015,MK,P,West Turtle Shoal,342,342-100-156,1,Juv,AAGA,AGAR,15
2015,2015,Sept,9/2/2015,MK,P,West Turtle Shoal,342,342-100-156,1,Juv,PPOR,PORI,18
2015,2015,Sept,9/2/2015,MK,P,West Turtle Shoal,342,342-100-156,1,Juv,PPOR,PORI,16
2015,2015,Sept,9/2/2015,MK,P,West Turtle Shoal,342,342-100-156,1,Juv,PPOR,PORI,6
2015,2015,Sept,9/2/2015,MK,P,West Turtle Shoal,342,342-100-156,1,Juv,PPOR,PORI,36
2015,2015,Sept,9/2/2015,MK,P,West Turtle Shoal,342,342-100-156,1,Juv,PPOR,PORI,10
2015,2015,Sept,9/2/2015,MK,P,West Turtle Shoal,342,342-100-156,1,Juv,SSID,SIDE,5
2015,2015,Sept,9/2/2015,MK,P,West Turtle Shoal,342,342-100-199,1,Juv,MCAV,MCAV,8
2015,2015,Sept,9/2/2015,MK,P,West Turtle Shoal,342,342-100-199,1,Juv,PPOR,PORI,8
2015,2015,Sept,9/2/2015,MK,P,West Turtle Shoal,342,342-100-199,1,Juv,PPOR,PORI,5
2015,2015,Sept,9/2/2015,MK,P,West Turtle Shoal,342,342-100-199,1,Juv,SSID,SIDE,17
2015,2015,Sept,9/2/2015,MK,P,West Turtle Shoal,342,342-100-199,1,Juv,SSID,SIDE,10
2015,2015,Sept,9/2/2015,MK,P,West Turtle Shoal,342,342-100-199,1,Juv,SSID,SIDE,13
2015,2015,Sept,9/2/2015,MK,P,West Turtle Shoal,342,342-100-199,1,Juv,SSID,SIDE,5
2015,2015,Sept,9/2/2015,MK,P,West Turtle Shoal,342,342-100-199,1,Juv,UNKS,UNKS,1
2015,2015,Sept,9/2/2015,MK,P,West Turtle Shoal,342,342-500-023,1,Juv,AAGA,AGAR,24
2015,2015,Sept,9/2/2015,MK,P,West Turtle Shoal,342,342-500-023,1,Juv,CNAT,CNAT,7
2015,2015,Sept,9/2/2015,MK,P,West Turtle Shoal,342,342-500-023,1,Juv,PPOR,PORI,15
2015,2015,Sept,9/2/2015,MK,P,West Turtle Shoal,342,342-500-023,1,Juv,PPOR,PORI,21
2015,2015,Sept,9/2/2015,MK,P,West Turtle Shoal,342,342-500-023,1,Juv,SRAD,SIDE,24
2015,2015,Sept,9/2/2015,MK,P,West Turtle Shoal,342,342-500-023,1,Juv,SSID,SIDE,15
2015,2015,Sept,9/2/2015,MK,P,West Turtle Shoal,342,342-500-023,1,Juv,SSID,SIDE,2
2015,2015,Sept,9/2/2015,MK,P,West Turtle Shoal,342,342-500-023,1,Juv,SSID,SIDE,3
2015,2015,Sept,9/2/2015,MK,P,West Turtle Shoal,342,342-500-023,1,Juv,SSID,SIDE,25
2015,2015,Sept,9/2/2015,MK,P,West Turtle Shoal,342,342-500-023,1,Juv,SSID,SIDE,4
2015,2015,Sept,9/2/2015,MK,P,West Turtle Shoal,342,342-500-023,1,Juv,SSID,SIDE,5
2015,2015,Sept,9/2/2015,MK,P,West Turtle Shoal,342,342-500-023,1,Juv,SMIC,SMIC,20
2015,2015,Sept,9/2/2015,MK,P,West Turtle Shoal,342,342-500-061,1,Juv,AAGA,AGAR,13
2015,2015,Sept,9/2/2015,MK,P,West Turtle Shoal,342,342-500-061,1,Juv,MANG,MUSS,32
2015,2015,Sept,9/2/2015,MK,P,West Turtle Shoal,342,342-500-061,1,Juv,PAST,PORI,18
2015,2015,Sept,9/2/2015,MK,P,West Turtle Shoal,342,342-500-061,1,Juv,PAST,PORI,23
2015,2015,Sept,9/2/2015,MK,P,West Turtle Shoal,342,342-500-061,1,Juv,PAST,PORI,20
2015,2015,Sept,9/2/2015,MK,P,West Turtle Shoal,342,342-500-061,1,Juv,PAST,PORI,27
2015,2015,Sept,9/2/2015,MK,P,West Turtle Shoal,342,342-500-061,1,Juv,PAST,PORI,13
2015,2015,Sept,9/2/2015,MK,P,West Turtle Shoal,342,342-500-061,1,Juv,PPOR,PORI,38
2015,2015,Sept,9/2/2015,MK,P,West Turtle Shoal,342,342-500-061,1,Juv,PPOR,PORI,31
2015,2015,Sept,9/2/2015,MK,P,West Turtle Shoal,342,342-500-061,1,Juv,SSID,SIDE,23
2015,2015,Sept,9/2/2015,MK,P,West Turtle Shoal,342,342-500-061,1,Juv,SSID,SIDE,19
2015,2015,Sept,9/2/2015,MK,P,West Turtle Shoal,342,342-500-061,1,Juv,SSID,SIDE,26
2015,2015,Sept,9/2/2015,MK,P,West Turtle Shoal,342,342-500-134,1,Juv,AAGA,AGAR,39
2015,2015,Sept,9/2/2015,MK,P,West Turtle Shoal,342,342-500-134,1,Juv,AAGA,AGAR,7
2015,2015,Sept,9/2/2015,MK,P,West Turtle Shoal,342,342-500-134,1,Juv,AAGA,AGAR,8
2015,2015,Sept,9/2/2015,MK,P,West Turtle Shoal,342,342-500-134,1,Juv,PAST,PORI,27
2015,2015,Sept,9/2/2015,MK,P,West Turtle Shoal,342,342-500-134,1,Juv,PAST,PORI,39
2015,2015,Sept,9/2/2015,MK,P,West Turtle Shoal,342,342-500-134,1,Juv,PAST,PORI,17
2015,2015,Sept,9/2/2015,MK,P,West Turtle Shoal,342,342-500-134,1,Juv,PAST,PORI,3
2015,2015,Sept,9/2/2015,MK,P,West Turtle Shoal,342,342-500-134,1,Juv,PAST,PORI,23
2015,2015,Sept,9/2/2015,MK,P,West Turtle Shoal,342,342-500-134,1,Juv,PPOR,PORI,13
2015,2015,Sept,9/2/2015,MK,P,West Turtle Shoal,342,342-500-134,1,Juv,PPOR,PORI,7
2015,2015,Sept,9/2/2015,MK,P,West Turtle Shoal,342,342-500-134,1,Juv,PPOR,PORI,23
2015,2015,Sept,9/2/2015,MK,P,West Turtle Shoal,342,342-500-134,1,Juv,SSID,SIDE,6
2015,2015,Sept,9/2/2015,MK,P,West Turtle Shoal,342,342-500-205,1,Juv,MCAV,MCAV,13
2015,2015,Sept,9/2/2015,MK,P,West Turtle Shoal,342,342-500-205,1,Juv,PAST,PORI,16
2015,2015,Sept,9/2/2015,MK,P,West Turtle Shoal,342,342-500-205,1,Juv,PAST,PORI,14
2015,2015,Sept,9/2/2015,MK,P,West Turtle Shoal,342,342-500-205,1,Juv,PAST,PORI,23
2015,2015,Sept,9/2/2015,MK,P,West Turtle Shoal,342,342-500-205,1,Juv,PAST,PORI,28
2015,2015,Sept,9/2/2015,MK,P,West Turtle Shoal,342,342-500-205,1,Juv,PAST,PORI,10
2015,2015,Sept,9/2/2015,MK,P,West Turtle Shoal,342,342-500-205,1,Juv,PPOR,PORI,33
2015,2015,Sept,9/2/2015,MK,P,West Turtle Shoal,342,342-500-205,1,Juv,PPOR,PORI,14
2015,2015,Sept,9/2/2015,MK,P,West Turtle Shoal,342,342-500-205,1,Juv,SSID,SIDE,10
2015,2015,Sept,9/2/2015,MK,P,West Turtle Shoal,342,342-500-205,1,Juv,SSID,SIDE,30
2015,2015,Sept,9/2/2015,MK,P,West Turtle Shoal,342,342-500-205,1,Juv,SSID,SIDE,26
2015,2015,Sept,9/2/2015,MK,P,West Turtle Shoal,342,342-500-205,1,Juv,SSID,SIDE,35
2015,2015,Sept,9/2/2015,MK,P,West Turtle Shoal,342,342-500-205,1,Juv,SSID,SIDE,13
2015,2015,Sept,9/2/2015,MK,P,West Turtle Shoal,342,342-500-205,1,Juv,SMIC,SMIC,7
2015,2015,Sept,9/2/2015,MK,P,West Turtle Shoal,342,342-500-205,1,Juv,SMIC,SMIC,30
2015,2015,Sept,9/2/2015,MK,P,West Turtle Shoal,343,343-100-008,1,Juv,AAGA,AGAR,27
2015,2015,Sept,9/2/2015,MK,P,West Turtle Shoal,343,343-100-008,1,Juv,CNAT,CNAT,17
2015,2015,Sept,9/2/2015,MK,P,West Turtle Shoal,343,343-100-008,1,Juv,PAST,PORI,22
2015,2015,Sept,9/2/2015,MK,P,West Turtle Shoal,343,343-100-008,1,Iso,SSID,SIDE,32
2015,2015,Sept,9/2/2015,MK,P,West Turtle Shoal,343,343-100-008,1,Juv,SSID,SIDE,13
2015,2015,Sept,9/2/2015,MK,P,West Turtle Shoal,343,343-100-008,1,Iso,SSID,SIDE,7
2015,2015,Sept,9/2/2015,MK,P,West Turtle Shoal,343,343-100-008,1,Juv,SSID,SIDE,20
2015,2015,Sept,9/2/2015,MK,P,West Turtle Shoal,343,343-100-008,1,Juv,SSID,SIDE,21
2015,2015,Sept,9/2/2015,MK,P,West Turtle Shoal,343,343-100-008,1,Juv,SSID,SIDE,36
2015,2015,Sept,9/2/2015,MK,P,West Turtle Shoal,343,343-100-008,1,Juv,SSID,SIDE,9
2015,2015,Sept,9/2/2015,MK,P,West Turtle Shoal,343,343-100-008,1,Juv,SSID,SIDE,25
2015,2015,Sept,9/2/2015,MK,P,West Turtle Shoal,343,343-100-008,1,Juv,SSID,SIDE,6
2015,2015,Sept,9/2/2015,MK,P,West Turtle Shoal,343,343-100-008,1,Juv,SSID,SIDE,18
2015,2015,Sept,9/2/2015,MK,P,West Turtle Shoal,343,343-100-008,1,Juv,SSID,SIDE,6
2015,2015,Sept,9/2/2015,MK,P,West Turtle Shoal,343,343-100-008,1,Juv,SSID,SIDE,10
2015,2015,Sept,9/2/2015,MK,P,West Turtle Shoal,343,343-100-008,1,Juv,SMIC,SMIC,14
2015,2015,Sept,9/2/2015,MK,P,West Turtle Shoal,343,343-100-008,1,Juv,SMIC,SMIC,39
2015,2015,Sept,9/2/2015,MK,P,West Turtle Shoal,343,343-100-023,1,Juv,AAGA,AGAR,39
2015,2015,Sept,9/2/2015,MK,P,West Turtle Shoal,343,343-100-023,1,Juv,PAST,PORI,6
2015,2015,Sept,9/2/2015,MK,P,West Turtle Shoal,343,343-100-023,1,Juv,PAST,PORI,4
2015,2015,Sept,9/2/2015,MK,P,West Turtle Shoal,343,343-100-023,1,Juv,PAST,PORI,6
2015,2015,Sept,9/2/2015,MK,P,West Turtle Shoal,343,343-100-023,1,Juv,PAST,PORI,34
2015,2015,Sept,9/2/2015,MK,P,West Turtle Shoal,343,343-100-023,1,Juv,PAST,PORI,23
2015,2015,Sept,9/2/2015,MK,P,West Turtle Shoal,343,343-100-023,1,Juv,PAST,PORI,26
2015,2015,Sept,9/2/2015,MK,P,West Turtle Shoal,343,343-100-023,1,Juv,PAST,PORI,16
2015,2015,Sept,9/2/2015,MK,P,West Turtle Shoal,343,343-100-023,1,Juv,PAST,PORI,29
2015,2015,Sept,9/2/2015,MK,P,West Turtle Shoal,343,343-100-023,1,Juv,PAST,PORI,11
2015,2015,Sept,9/2/2015,MK,P,West Turtle Shoal,343,343-100-023,1,Juv,PPOR,PORI,17
2015,2015,Sept,9/2/2015,MK,P,West Turtle Shoal,343,343-100-023,1,Juv,SSID,SIDE,24
2015,2015,Sept,9/2/2015,MK,P,West Turtle Shoal,343,343-100-023,1,Juv,SSID,SIDE,9
2015,2015,Sept,9/2/2015,MK,P,West Turtle Shoal,343,343-100-023,1,Juv,SMIC,SMIC,23
2015,2015,Sept,9/2/2015,MK,P,West Turtle Shoal,343,343-100-146,1,Iso,EFAS,EFAS,8
2015,2015,Sept,9/2/2015,MK,P,West Turtle Shoal,343,343-100-146,1,Iso,EFAS,EFAS,10
2015,2015,Sept,9/2/2015,MK,P,West Turtle Shoal,343,343-100-146,1,Juv,MCAV,MCAV,27
2015,2015,Sept,9/2/2015,MK,P,West Turtle Shoal,343,343-100-146,1,Juv,PAST,PORI,27
2015,2015,Sept,9/2/2015,MK,P,West Turtle Shoal,343,343-100-146,1,Juv,PPOR,PORI,14
2015,2015,Sept,9/2/2015,MK,P,West Turtle Shoal,343,343-100-146,1,Juv,SMIC,SMIC,24
2015,2015,Sept,9/2/2015,MK,P,West Turtle Shoal,343,343-100-193,1,Juv,PAST,PORI,6
2015,2015,Sept,9/2/2015,MK,P,West Turtle Shoal,343,343-100-193,1,Juv,PAST,PORI,18
2015,2015,Sept,9/2/2015,MK,P,West Turtle Shoal,343,343-100-193,1,Juv,PAST,PORI,19
2015,2015,Sept,9/2/2015,MK,P,West Turtle Shoal,343,343-100-193,1,Juv,PAST,PORI,11
2015,2015,Sept,9/2/2015,MK,P,West Turtle Shoal,343,343-100-193,1,Juv,PAST,PORI,25
2015,2015,Sept,9/2/2015,MK,P,West Turtle Shoal,343,343-100-193,1,Iso,PPOR,PORI,26
2015,2015,Sept,9/2/2015,MK,P,West Turtle Shoal,343,343-100-193,1,Iso,PPOR,PORI,20
2015,2015,Sept,9/2/2015,MK,P,West Turtle Shoal,343,343-100-193,1,Iso,SSID,SIDE,9
2015,2015,Sept,9/2/2015,MK,P,West Turtle Shoal,343,343-100-193,1,Iso,SSID,SIDE,5
2015,2015,Sept,9/2/2015,MK,P,West Turtle Shoal,343,343-100-193,1,Juv,SSID,SIDE,28
2015,2015,Sept,9/2/2015,MK,P,West Turtle Shoal,343,343-100-193,1,Juv,SSID,SIDE,14
2015,2015,Sept,9/2/2015,MK,P,West Turtle Shoal,343,343-100-193,1,Juv,SMIC,SMIC,17
2015,2015,Sept,9/2/2015,MK,P,West Turtle Shoal,343,343-500-008,1,Juv,MCAV,MCAV,25
2015,2015,Sept,9/2/2015,MK,P,West Turtle Shoal,343,343-500-008,1,Juv,PAST,PORI,24
2015,2015,Sept,9/2/2015,MK,P,West Turtle Shoal,343,343-500-008,1,Juv,SSID,SIDE,23
2015,2015,Sept,9/2/2015,MK,P,West Turtle Shoal,343,343-500-008,1,Juv,SSID,SIDE,8
2015,2015,Sept,9/2/2015,MK,P,West Turtle Shoal,343,343-500-008,1,Juv,SSID,SIDE,4
2015,2015,Sept,9/2/2015,MK,P,West Turtle Shoal,343,343-500-008,1,Juv,SSID,SIDE,6
2015,2015,Sept,9/2/2015,MK,P,West Turtle Shoal,343,343-500-045,1,Juv,SCUB,MUSS,30
2015,2015,Sept,9/2/2015,MK,P,West Turtle Shoal,343,343-500-045,1,Juv,PAST,PORI,34
2015,2015,Sept,9/2/2015,MK,P,West Turtle Shoal,343,343-500-045,1,Juv,PAST,PORI,23
2015,2015,Sept,9/2/2015,MK,P,West Turtle Shoal,343,343-500-045,1,Juv,PPOR,PORI,23
2015,2015,Sept,9/2/2015,MK,P,West Turtle Shoal,343,343-500-045,1,Juv,SSID,SIDE,36
2015,2015,Sept,9/2/2015,MK,P,West Turtle Shoal,343,343-500-045,1,Juv,SSID,SIDE,17
2015,2015,Sept,9/2/2015,MK,P,West Turtle Shoal,343,343-500-045,1,Juv,SSID,SIDE,7
2015,2015,Sept,9/2/2015,MK,P,West Turtle Shoal,343,343-500-045,1,Iso,SMIC,SMIC,35
2015,2015,Sept,9/2/2015,MK,P,West Turtle Shoal,343,343-500-045,1,Juv,SMIC,SMIC,32
2015,2015,Sept,9/2/2015,MK,P,West Turtle Shoal,343,343-500-045,1,Juv,SCUB,MUSS,10
2015,2015,Sept,9/2/2015,MK,P,West Turtle Shoal,343,343-500-094,1,Juv,SCUB,MUSS,31
2015,2015,Sept,9/2/2015,MK,P,West Turtle Shoal,343,343-500-094,1,Juv,PAST,PORI,29
2015,2015,Sept,9/2/2015,MK,P,West Turtle Shoal,343,343-500-201,1,Juv,AAGA,AGAR,15
2015,2015,Sept,9/2/2015,MK,P,West Turtle Shoal,343,343-500-201,1,Iso,PPOR,PORI,24
2015,2015,Sept,9/2/2015,MK,P,West Turtle Shoal,343,343-500-201,1,Iso,PPOR,PORI,24
2015,2015,Sept,9/2/2015,MK,P,West Turtle Shoal,343,343-500-201,1,Iso,PPOR,PORI,12
2015,2015,Sept,9/2/2015,MK,P,West Turtle Shoal,343,343-500-201,1,Iso,PPOR,PORI,30
2015,2015,Sept,9/2/2015,MK,P,West Turtle Shoal,343,343-500-201,1,Juv,PPOR,PORI,17
2015,2015,Sept,9/2/2015,MK,P,West Turtle Shoal,343,343-500-201,1,Juv,SSID,SIDE,8
2015,2015,Sept,9/2/2015,MK,P,West Turtle Shoal,344,344-100-060,1,Juv,PPOR,PORI,18
2015,2015,Sept,9/2/2015,MK,P,West Turtle Shoal,344,344-100-116,1,Juv,PAST,PORI,26
2015,2015,Sept,9/2/2015,MK,P,West Turtle Shoal,344,344-100-116,1,Juv,PAST,PORI,13
2015,2015,Sept,9/2/2015,MK,P,West Turtle Shoal,344,344-100-116,1,Iso,SSID,SIDE,10
2015,2015,Sept,9/2/2015,MK,P,West Turtle Shoal,344,344-100-116,1,Iso,SSID,SIDE,8
2015,2015,Sept,9/2/2015,MK,P,West Turtle Shoal,344,344-100-116,1,Juv,SSID,SIDE,9
2015,2015,Sept,9/2/2015,MK,P,West Turtle Shoal,344,344-100-116,1,Juv,SSID,SIDE,6
2015,2015,Sept,9/2/2015,MK,P,West Turtle Shoal,344,344-100-116,1,Juv,SSID,SIDE,35
2015,2015,Sept,9/2/2015,MK,P,West Turtle Shoal,344,344-100-116,1,Juv,SSID,SIDE,8
2015,2015,Sept,9/2/2015,MK,P,West Turtle Shoal,344,344-100-116,1,Juv,SMIC,SMIC,28
2015,2015,Sept,9/2/2015,MK,P,West Turtle Shoal,344,344-100-132,1,Juv,AAGA,AGAR,15
2015,2015,Sept,9/2/2015,MK,P,West Turtle Shoal,344,344-100-132,1,Juv,AAGA,AGAR,22
2015,2015,Sept,9/2/2015,MK,P,West Turtle Shoal,344,344-100-132,1,Iso,MCAV,MCAV,9
2015,2015,Sept,9/2/2015,MK,P,West Turtle Shoal,344,344-100-132,1,Iso,MCAV,MCAV,8
2015,2015,Sept,9/2/2015,MK,P,West Turtle Shoal,344,344-100-132,1,Iso,MCAV,MCAV,5
2015,2015,Sept,9/2/2015,MK,P,West Turtle Shoal,344,344-100-132,1,Juv,SSID,SIDE,7
2015,2015,Sept,9/2/2015,MK,P,West Turtle Shoal,344,344-100-132,1,Juv,SSID,SIDE,16
2015,2015,Sept,9/2/2015,MK,P,West Turtle Shoal,344,344-100-132,1,Juv,SSID,SIDE,3
2015,2015,Sept,9/2/2015,MK,P,West Turtle Shoal,344,344-100-132,1,Juv,SSID,SIDE,4
2015,2015,Sept,9/2/2015,MK,P,West Turtle Shoal,344,344-100-132,1,Juv,SMIC,SMIC,30
2015,2015,Sept,9/2/2015,MK,P,West Turtle Shoal,344,344-100-180,1,Juv,PAST,PORI,38
2015,2015,Sept,9/2/2015,MK,P,West Turtle Shoal,344,344-100-180,1,Juv,PPOR,PORI,7
2015,2015,Sept,9/2/2015,MK,P,West Turtle Shoal,344,344-500-035,1,Juv,MCAV,MCAV,14
2015,2015,Sept,9/2/2015,MK,P,West Turtle Shoal,344,344-500-035,1,Juv,PAST,PORI,30
2015,2015,Sept,9/2/2015,MK,P,West Turtle Shoal,344,344-500-035,1,Juv,PAST,PORI,25
2015,2015,Sept,9/2/2015,MK,P,West Turtle Shoal,344,344-500-035,1,Juv,PAST,PORI,12
2015,2015,Sept,9/2/2015,MK,P,West Turtle Shoal,344,344-500-035,1,Juv,PAST,PORI,15
2015,2015,Sept,9/2/2015,MK,P,West Turtle Shoal,344,344-500-035,1,Iso,SSID,SIDE,6
2015,2015,Sept,9/2/2015,MK,P,West Turtle Shoal,344,344-500-035,1,Iso,SSID,SIDE,8
2015,2015,Sept,9/2/2015,MK,P,West Turtle Shoal,344,344-500-035,1,Iso,SSID,SIDE,12
2015,2015,Sept,9/2/2015,MK,P,West Turtle Shoal,344,344-500-035,1,Iso,SSID,SIDE,32
2015,2015,Sept,9/2/2015,MK,P,West Turtle Shoal,344,344-500-035,1,Juv,SSID,SIDE,5
2015,2015,Sept,9/2/2015,MK,P,West Turtle Shoal,344,344-500-035,1,Juv,SSID,SIDE,10
2015,2015,Sept,9/2/2015,MK,P,West Turtle Shoal,344,344-500-035,1,Juv,SSID,SIDE,4
2015,2015,Sept,9/2/2015,MK,P,West Turtle Shoal,344,344-500-035,1,Juv,SSID,SIDE,9
2015,2015,Sept,9/2/2015,MK,P,West Turtle Shoal,344,344-500-035,1,Juv,SSID,SIDE,14
2015,2015,Sept,9/2/2015,MK,P,West Turtle Shoal,344,344-500-035,1,Juv,SSID,SIDE,16
2015,2015,Sept,9/2/2015,MK,P,West Turtle Shoal,344,344-500-035,1,Juv,SSID,SIDE,11
2015,2015,Sept,9/2/2015,MK,P,West Turtle Shoal,344,344-500-035,1,Juv,SSID,SIDE,18
2015,2015,Sept,9/2/2015,MK,P,West Turtle Shoal,344,344-500-035,1,Juv,SSID,SIDE,2
2015,2015,Sept,9/2/2015,MK,P,West Turtle Shoal,344,344-500-035,1,Juv,SSID,SIDE,2
2015,2015,Sept,9/2/2015,MK,P,West Turtle Shoal,344,344-500-035,1,Juv,SSID,SIDE,4
2015,2015,Sept,9/2/2015,MK,P,West Turtle Shoal,344,344-500-035,1,Juv,SSID,SIDE,8
2015,2015,Sept,9/2/2015,MK,P,West Turtle Shoal,344,344-500-035,1,Juv,SSID,SIDE,4
2015,2015,Sept,9/2/2015,MK,P,West Turtle Shoal,344,344-500-035,1,Juv,SSID,SIDE,8
2015,2015,Sept,9/2/2015,MK,P,West Turtle Shoal,344,344-500-076,0,NA,NA,NA,NA
2015,2015,Sept,9/2/2015,MK,P,West Turtle Shoal,344,344-500-103,1,Iso,MCAV,MCAV,12
2015,2015,Sept,9/2/2015,MK,P,West Turtle Shoal,344,344-500-103,1,Iso,MCAV,MCAV,25
2015,2015,Sept,9/2/2015,MK,P,West Turtle Shoal,344,344-500-103,1,Juv,MCAV,MCAV,4
2015,2015,Sept,9/2/2015,MK,P,West Turtle Shoal,344,344-500-103,1,Juv,SSID,SIDE,16
2015,2015,Sept,9/2/2015,MK,P,West Turtle Shoal,344,344-500-103,1,Juv,SSID,SIDE,21
2015,2015,Sept,9/2/2015,MK,P,West Turtle Shoal,344,344-500-187,1,Juv,PPOR,PORI,13
2015,2015,Sept,9/2/2015,MK,P,West Turtle Shoal,344,344-500-187,1,Juv,PPOR,PORI,30
2015,2015,Sept,9/2/2015,MK,P,West Turtle Shoal,344,344-500-187,1,Juv,PPOR,PORI,38
2015,2015,Sept,9/1/2015,MK,P,Dustan Rocks,351,351-100-055,1,Juv,PAST,PORI,6
2015,2015,Sept,9/1/2015,MK,P,Dustan Rocks,351,351-100-055,1,Juv,PAST,PORI,21
2015,2015,Sept,9/1/2015,MK,P,Dustan Rocks,351,351-100-055,1,Juv,PAST,PORI,5
2015,2015,Sept,9/1/2015,MK,P,Dustan Rocks,351,351-100-055,1,Juv,PPOR,PORI,34
2015,2015,Sept,9/1/2015,MK,P,Dustan Rocks,351,351-100-055,1,Juv,SSID,SIDE,27
2015,2015,Sept,9/1/2015,MK,P,Dustan Rocks,351,351-100-112,0,NA,NA,NA,NA
2015,2015,Sept,9/1/2015,MK,P,Dustan Rocks,351,351-100-157,1,Juv,PAST,PORI,17
2015,2015,Sept,9/1/2015,MK,P,Dustan Rocks,351,351-100-157,1,Juv,PAST,PORI,32
2015,2015,Sept,9/1/2015,MK,P,Dustan Rocks,351,351-100-157,1,Juv,SSID,SIDE,16
2015,2015,Sept,9/1/2015,MK,P,Dustan Rocks,351,351-100-157,1,Juv,SMIC,SMIC,39
2015,2015,Sept,9/1/2015,MK,P,Dustan Rocks,351,351-100-192,1,Iso,MCAV,MCAV,21
2015,2015,Sept,9/1/2015,MK,P,Dustan Rocks,351,351-100-192,1,Iso,MCAV,MCAV,21
2015,2015,Sept,9/1/2015,MK,P,Dustan Rocks,351,351-100-192,1,Iso,MCAV,MCAV,37
2015,2015,Sept,9/1/2015,MK,P,Dustan Rocks,351,351-100-192,1,Iso,MCAV,MCAV,17
2015,2015,Sept,9/1/2015,MK,P,Dustan Rocks,351,351-100-192,1,Iso,MCAV,MCAV,14
2015,2015,Sept,9/1/2015,MK,P,Dustan Rocks,351,351-100-192,1,Juv,PAST,PORI,5
2015,2015,Sept,9/1/2015,MK,P,Dustan Rocks,351,351-500-011,1,Juv,SSID,SIDE,17
2015,2015,Sept,9/1/2015,MK,P,Dustan Rocks,351,351-500-011,1,Juv,SSID,SIDE,37
2015,2015,Sept,9/1/2015,MK,P,Dustan Rocks,351,351-500-083,1,Iso,MCAV,MCAV,23
2015,2015,Sept,9/1/2015,MK,P,Dustan Rocks,351,351-500-083,1,Iso,MCAV,MCAV,38
2015,2015,Sept,9/1/2015,MK,P,Dustan Rocks,351,351-500-083,1,Iso,MCAV,MCAV,18
2015,2015,Sept,9/1/2015,MK,P,Dustan Rocks,351,351-500-083,1,Iso,MCAV,MCAV,12
2015,2015,Sept,9/1/2015,MK,P,Dustan Rocks,351,351-500-083,1,Iso,MCAV,MCAV,17
2015,2015,Sept,9/1/2015,MK,P,Dustan Rocks,351,351-500-083,1,Juv,PAST,PORI,11
2015,2015,Sept,9/1/2015,MK,P,Dustan Rocks,351,351-500-083,1,Juv,PAST,PORI,37
2015,2015,Sept,9/1/2015,MK,P,Dustan Rocks,351,351-500-139,1,Juv,PAST,PORI,30
2015,2015,Sept,9/1/2015,MK,P,Dustan Rocks,351,351-500-139,1,Juv,PAST,PORI,35
2015,2015,Sept,9/1/2015,MK,P,Dustan Rocks,351,351-500-139,1,Juv,PAST,PORI,17
2015,2015,Sept,9/1/2015,MK,P,Dustan Rocks,351,351-500-139,1,Iso,SSID,SIDE,37
2015,2015,Sept,9/1/2015,MK,P,Dustan Rocks,351,351-500-139,1,Iso,SSID,SIDE,24
2015,2015,Sept,9/1/2015,MK,P,Dustan Rocks,351,351-500-139,1,Juv,SSID,SIDE,21
2015,2015,Sept,9/1/2015,MK,P,Dustan Rocks,351,351-500-139,1,Juv,SRAD,SIDE,33
2015,2015,Sept,9/1/2015,MK,P,Dustan Rocks,351,351-500-139,1,Juv,SSID,SIDE,14
2015,2015,Sept,9/1/2015,MK,P,Dustan Rocks,351,351-500-139,1,Juv,SSID,SIDE,39
2015,2015,Sept,9/1/2015,MK,P,Dustan Rocks,351,351-500-139,1,Juv,SSID,SIDE,4
2015,2015,Sept,9/1/2015,MK,P,Dustan Rocks,351,351-500-139,1,Juv,SSID,SIDE,6
2015,2015,Sept,9/1/2015,MK,P,Dustan Rocks,351,351-500-139,1,Juv,SSID,SIDE,11
2015,2015,Sept,9/1/2015,MK,P,Dustan Rocks,351,351-500-139,1,Juv,SMIC,SMIC,15
2015,2015,Sept,9/1/2015,MK,P,Dustan Rocks,351,351-500-139,1,Iso,SMIC,SMIC,38
2015,2015,Sept,9/1/2015,MK,P,Dustan Rocks,351,351-500-154,1,Juv,PAST,PORI,5
2015,2015,Sept,9/1/2015,MK,P,Dustan Rocks,351,351-500-154,1,Juv,SSID,SIDE,39
2015,2015,Sept,9/1/2015,MK,P,Dustan Rocks,351,351-500-154,1,Juv,SRAD,SIDE,20
2015,2015,Sept,9/1/2015,MK,P,Dustan Rocks,351,351-500-154,1,Juv,SSID,SIDE,32
2015,2015,Sept,9/1/2015,MK,P,Dustan Rocks,351,351-500-154,1,Juv,SSID,SIDE,21
2015,2015,Sept,9/1/2015,MK,P,Dustan Rocks,351,351-500-154,1,Juv,SSID,SIDE,11
2015,2015,Sept,9/1/2015,MK,P,Dustan Rocks,352,352-100-027,1,Iso,SSID,SIDE,16
2015,2015,Sept,9/1/2015,MK,P,Dustan Rocks,352,352-100-027,1,Iso,SSID,SIDE,3
2015,2015,Sept,9/1/2015,MK,P,Dustan Rocks,352,352-100-027,1,Iso,SSID,SIDE,5
2015,2015,Sept,9/1/2015,MK,P,Dustan Rocks,352,352-100-027,1,Iso,SSID,SIDE,20
2015,2015,Sept,9/1/2015,MK,P,Dustan Rocks,352,352-100-027,1,Iso,SSID,SIDE,33
2015,2015,Sept,9/1/2015,MK,P,Dustan Rocks,352,352-100-120,1,Juv,PAST,PORI,11
2015,2015,Sept,9/1/2015,MK,P,Dustan Rocks,352,352-100-139,1,Iso,ORBI,ORBI,29
2015,2015,Sept,9/1/2015,MK,P,Dustan Rocks,352,352-100-139,1,Juv,PAST,PORI,32
2015,2015,Sept,9/1/2015,MK,P,Dustan Rocks,352,352-100-139,1,Juv,SSID,SIDE,35
2015,2015,Sept,9/1/2015,MK,P,Dustan Rocks,352,352-100-139,1,Juv,SMIC,SMIC,16
2015,2015,Sept,9/1/2015,MK,P,Dustan Rocks,352,352-100-208,1,Juv,SSID,SIDE,14
2015,2015,Sept,9/1/2015,MK,P,Dustan Rocks,352,352-100-208,1,Juv,SSID,SIDE,28
2015,2015,Sept,9/1/2015,MK,P,Dustan Rocks,352,352-500-035,1,Juv,PAST,PORI,10
2015,2015,Sept,9/1/2015,MK,P,Dustan Rocks,352,352-500-035,1,Juv,PAST,PORI,35
2015,2015,Sept,9/1/2015,MK,P,Dustan Rocks,352,352-500-117,1,Juv,PAST,PORI,11
2015,2015,Sept,9/1/2015,MK,P,Dustan Rocks,352,352-500-117,1,Juv,PAST,PORI,11
2015,2015,Sept,9/1/2015,MK,P,Dustan Rocks,352,352-500-117,1,Juv,PAST,PORI,12
2015,2015,Sept,9/1/2015,MK,P,Dustan Rocks,352,352-500-117,1,Juv,PAST,PORI,11
2015,2015,Sept,9/1/2015,MK,P,Dustan Rocks,352,352-500-150,1,Juv,PAST,PORI,5
2015,2015,Sept,9/1/2015,MK,P,Dustan Rocks,352,352-500-150,1,Juv,PAST,PORI,19
2015,2015,Sept,9/1/2015,MK,P,Dustan Rocks,352,352-500-150,1,Juv,PAST,PORI,14
2015,2015,Sept,9/1/2015,MK,P,Dustan Rocks,352,352-500-150,1,Juv,SSID,SIDE,15
2015,2015,Sept,9/1/2015,MK,P,Dustan Rocks,352,352-500-150,1,Juv,SSID,SIDE,10
2015,2015,Sept,9/1/2015,MK,P,Dustan Rocks,352,352-500-150,1,Juv,SSID,SIDE,10
2015,2015,Sept,9/1/2015,MK,P,Dustan Rocks,352,352-500-150,1,Juv,SSID,SIDE,9
2015,2015,Sept,9/1/2015,MK,P,Dustan Rocks,352,352-500-218,1,Iso,MCAV,MCAV,34
2015,2015,Sept,9/1/2015,MK,P,Dustan Rocks,352,352-500-218,1,Juv,PAST,PORI,25
2015,2015,Sept,9/1/2015,MK,P,Dustan Rocks,352,352-500-218,1,Juv,SSID,SIDE,20
2015,2015,Sept,9/1/2015,MK,P,Dustan Rocks,352,352-500-218,1,Juv,SSID,SIDE,18
2015,2015,Sept,9/1/2015,MK,P,Dustan Rocks,353,353-100-016,1,Iso,ORBI,ORBI,23
2015,2015,Sept,9/1/2015,MK,P,Dustan Rocks,353,353-100-016,1,Iso,SSID,SIDE,20
2015,2015,Sept,9/1/2015,MK,P,Dustan Rocks,353,353-100-016,1,Juv,SSID,SIDE,34
2015,2015,Sept,9/1/2015,MK,P,Dustan Rocks,353,353-100-016,1,Juv,SSID,SIDE,14
2015,2015,Sept,9/1/2015,MK,P,Dustan Rocks,353,353-100-016,1,Juv,SSID,SIDE,23
2015,2015,Sept,9/1/2015,MK,P,Dustan Rocks,353,353-100-016,1,Juv,SSID,SIDE,8
2015,2015,Sept,9/1/2015,MK,P,Dustan Rocks,353,353-100-071,1,Juv,SSID,SIDE,32
2015,2015,Sept,9/1/2015,MK,P,Dustan Rocks,353,353-100-071,1,Juv,SSID,SIDE,12
2015,2015,Sept,9/1/2015,MK,P,Dustan Rocks,353,353-100-071,1,Juv,SSID,SIDE,30
2015,2015,Sept,9/1/2015,MK,P,Dustan Rocks,353,353-100-185,1,Juv,PAST,PORI,28
2015,2015,Sept,9/1/2015,MK,P,Dustan Rocks,353,353-100-185,1,Juv,PAST,PORI,34
2015,2015,Sept,9/1/2015,MK,P,Dustan Rocks,353,353-100-206,1,Juv,PAST,PORI,3
2015,2015,Sept,9/1/2015,MK,P,Dustan Rocks,353,353-100-206,1,Juv,PAST,PORI,10
2015,2015,Sept,9/1/2015,MK,P,Dustan Rocks,353,353-100-206,1,Juv,SSID,SIDE,20
2015,2015,Sept,9/1/2015,MK,P,Dustan Rocks,353,353-100-206,1,Juv,SSID,SIDE,23
2015,2015,Sept,9/1/2015,MK,P,Dustan Rocks,353,353-100-206,1,Juv,SSID,SIDE,16
2015,2015,Sept,9/1/2015,MK,P,Dustan Rocks,353,353-100-206,1,Juv,SSID,SIDE,8
2015,2015,Sept,9/1/2015,MK,P,Dustan Rocks,353,353-500-000,1,Juv,PAST,PORI,18
2015,2015,Sept,9/1/2015,MK,P,Dustan Rocks,353,353-500-047,1,Juv,SSID,SIDE,37
2015,2015,Sept,9/1/2015,MK,P,Dustan Rocks,353,353-500-083,1,Juv,SSID,SIDE,8
2015,2015,Sept,9/1/2015,MK,P,Dustan Rocks,353,353-500-083,1,Juv,SSID,SIDE,36
2015,2015,Sept,9/1/2015,MK,P,Dustan Rocks,353,353-500-194,0,NA,NA,NA,NA
2015,2015,Sept,9/1/2015,MK,P,Dustan Rocks,354,354-100-032,1,Juv,CNAT,CNAT,14
2015,2015,Sept,9/1/2015,MK,P,Dustan Rocks,354,354-100-032,1,Juv,PAST,PORI,15
2015,2015,Sept,9/1/2015,MK,P,Dustan Rocks,354,354-100-045,1,Juv,SSID,SIDE,4
2015,2015,Sept,9/1/2015,MK,P,Dustan Rocks,354,354-100-045,1,Juv,SSID,SIDE,14
2015,2015,Sept,9/1/2015,MK,P,Dustan Rocks,354,354-100-103,1,Juv,PAST,PORI,11
2015,2015,Sept,9/1/2015,MK,P,Dustan Rocks,354,354-100-103,1,Juv,SSID,SIDE,21
2015,2015,Sept,9/1/2015,MK,P,Dustan Rocks,354,354-100-103,1,Juv,SSID,SIDE,13
2015,2015,Sept,9/1/2015,MK,P,Dustan Rocks,354,354-100-144,1,Juv,CNAT,CNAT,5
2015,2015,Sept,9/1/2015,MK,P,Dustan Rocks,354,354-500-043,0,NA,NA,NA,NA
2015,2015,Sept,9/1/2015,MK,P,Dustan Rocks,354,354-500-054,1,Iso,SSID,SIDE,18
2015,2015,Sept,9/1/2015,MK,P,Dustan Rocks,354,354-500-054,1,Iso,SSID,SIDE,4
2015,2015,Sept,9/1/2015,MK,P,Dustan Rocks,354,354-500-054,1,Juv,SSID,SIDE,8
2015,2015,Sept,9/1/2015,MK,P,Dustan Rocks,354,354-500-054,1,Juv,SSID,SIDE,11
2015,2015,Sept,9/1/2015,MK,P,Dustan Rocks,354,354-500-054,1,Juv,SMIC,SMIC,15
2015,2015,Sept,9/1/2015,MK,P,Dustan Rocks,354,354-500-185,1,Iso,MCAV,MCAV,22
2015,2015,Sept,9/1/2015,MK,P,Dustan Rocks,354,354-500-185,1,Iso,MCAV,MCAV,36
2015,2015,Sept,9/1/2015,MK,P,Dustan Rocks,354,354-500-185,1,Iso,MCAV,MCAV,17
2015,2015,Sept,9/1/2015,MK,P,Dustan Rocks,354,354-500-185,1,Iso,MCAV,MCAV,13
2015,2015,Sept,9/1/2015,MK,P,Dustan Rocks,354,354-500-185,1,Iso,MCAV,MCAV,38
2015,2015,Sept,9/1/2015,MK,P,Dustan Rocks,354,354-500-185,1,Iso,MCAV,MCAV,29
2015,2015,Sept,9/1/2015,MK,P,Dustan Rocks,354,354-500-185,1,Juv,PAST,PORI,12
2015,2015,Sept,9/1/2015,MK,P,Dustan Rocks,354,354-500-185,1,Juv,PAST,PORI,8
2015,2015,Sept,9/1/2015,MK,P,Dustan Rocks,354,354-500-185,1,Juv,PAST,PORI,9
2015,2015,Sept,9/1/2015,MK,P,Dustan Rocks,354,354-500-185,1,Juv,SMIC,SMIC,9
2015,2015,Sept,9/1/2015,MK,P,Dustan Rocks,354,354-500-202,1,Iso,AAGA,AGAR,9
2015,2015,Sept,9/1/2015,MK,P,Dustan Rocks,354,354-500-202,1,Juv,AAGA,AGAR,11
2015,2015,Sept,9/1/2015,MK,P,Dustan Rocks,354,354-500-202,1,Juv,PAST,PORI,24
2015,2015,Sept,9/1/2015,MK,P,Dustan Rocks,354,354-500-202,1,Iso,SSID,SIDE,23
2015,2015,Sept,9/1/2015,MK,P,Dustan Rocks,354,354-500-202,1,Juv,SSID,SIDE,3
2015,2015,Aug,8/14/2015,LK,P,West Washerwoman,361,361-100-046,1,Juv,SSID,SIDE,39
2015,2015,Aug,8/14/2015,LK,P,West Washerwoman,361,361-100-089,0,NA,NA,NA,NA
2015,2015,Aug,8/14/2015,LK,P,West Washerwoman,361,361-100-140,1,Juv,PAST,PORI,15
2015,2015,Aug,8/14/2015,LK,P,West Washerwoman,361,361-100-140,1,Juv,PAST,PORI,12
2015,2015,Aug,8/14/2015,LK,P,West Washerwoman,361,361-100-140,1,Uns,PORI,PORI,7
2015,2015,Aug,8/14/2015,LK,P,West Washerwoman,361,361-100-140,1,Juv,PORI,PORI,3
2015,2015,Aug,8/14/2015,LK,P,West Washerwoman,361,361-100-140,1,Juv,SSID,SIDE,21
2015,2015,Aug,8/14/2015,LK,P,West Washerwoman,361,361-100-188,1,Juv,PAST,PORI,25
2015,2015,Aug,8/14/2015,LK,P,West Washerwoman,361,361-100-188,1,Juv,PPOR,PORI,14
2015,2015,Aug,8/14/2015,LK,P,West Washerwoman,361,361-100-188,1,Iso,SMIC,SMIC,22
2015,2015,Aug,8/14/2015,LK,P,West Washerwoman,361,361-500-019,1,Juv,DSTO,DSTO,7
2015,2015,Aug,8/14/2015,LK,P,West Washerwoman,361,361-500-019,1,Juv,SCUB,MUSS,29
2015,2015,Aug,8/14/2015,LK,P,West Washerwoman,361,361-500-019,1,Juv,ODIF,OCUL,8
2015,2015,Aug,8/14/2015,LK,P,West Washerwoman,361,361-500-019,1,Juv,ODIF,OCUL,3
2015,2015,Aug,8/14/2015,LK,P,West Washerwoman,361,361-500-019,1,Juv,PAST,PORI,24
2015,2015,Aug,8/14/2015,LK,P,West Washerwoman,361,361-500-019,1,Juv,PAST,PORI,19
2015,2015,Aug,8/14/2015,LK,P,West Washerwoman,361,361-500-019,1,Juv,PAST,PORI,11
2015,2015,Aug,8/14/2015,LK,P,West Washerwoman,361,361-500-019,1,Juv,PAST,PORI,33
2015,2015,Aug,8/14/2015,LK,P,West Washerwoman,361,361-500-019,1,Juv,PAST,PORI,22
2015,2015,Aug,8/14/2015,LK,P,West Washerwoman,361,361-500-019,1,Juv,SSID,SIDE,28
2015,2015,Aug,8/14/2015,LK,P,West Washerwoman,361,361-500-019,1,Juv,SSID,SIDE,16
2015,2015,Aug,8/14/2015,LK,P,West Washerwoman,361,361-500-019,1,Juv,SSID,SIDE,18
2015,2015,Aug,8/14/2015,LK,P,West Washerwoman,361,361-500-019,1,Juv,SSID,SIDE,13
2015,2015,Aug,8/14/2015,LK,P,West Washerwoman,361,361-500-019,1,Juv,SSID,SIDE,18
2015,2015,Aug,8/14/2015,LK,P,West Washerwoman,361,361-500-019,1,Juv,SSID,SIDE,3
2015,2015,Aug,8/14/2015,LK,P,West Washerwoman,361,361-500-019,1,Juv,SSID,SIDE,11
2015,2015,Aug,8/14/2015,LK,P,West Washerwoman,361,361-500-019,1,Juv,SMIC,SMIC,25
2015,2015,Aug,8/14/2015,LK,P,West Washerwoman,361,361-500-019,1,Juv,SMIC,SMIC,17
2015,2015,Aug,8/14/2015,LK,P,West Washerwoman,361,361-500-019,1,Juv,SMIC,SMIC,20
2015,2015,Aug,8/14/2015,LK,P,West Washerwoman,361,361-500-019,1,Juv,SMIC,SMIC,4
2015,2015,Aug,8/14/2015,LK,P,West Washerwoman,361,361-500-019,1,Juv,SMIC,SMIC,39
2015,2015,Aug,8/14/2015,LK,P,West Washerwoman,361,361-500-073,1,Juv,PAST,PORI,11
2015,2015,Aug,8/14/2015,LK,P,West Washerwoman,361,361-500-159,1,Juv,MCAV,MCAV,35
2015,2015,Aug,8/14/2015,LK,P,West Washerwoman,361,361-500-159,1,Juv,PPOR,PORI,16
2015,2015,Aug,8/14/2015,LK,P,West Washerwoman,361,361-500-159,1,Juv,PPOR,PORI,38
2015,2015,Aug,8/14/2015,LK,P,West Washerwoman,361,361-500-159,1,Juv,SMIC,SMIC,30
2015,2015,Aug,8/14/2015,LK,P,West Washerwoman,361,361-500-159,1,Juv,SMIC,SMIC,28
2015,2015,Aug,8/14/2015,LK,P,West Washerwoman,361,361-500-159,1,Juv,SMIC,SMIC,39
2015,2015,Aug,8/14/2015,LK,P,West Washerwoman,361,361-500-169,1,Iso,PAST,PORI,28
2015,2015,Aug,8/14/2015,LK,P,West Washerwoman,361,361-500-169,1,Iso,PAST,PORI,4
2015,2015,Aug,8/14/2015,LK,P,West Washerwoman,361,361-500-169,1,Juv,PAST,PORI,21
2015,2015,Aug,8/14/2015,LK,P,West Washerwoman,361,361-500-169,1,Juv,SSID,SIDE,6
2015,2015,Aug,8/14/2015,LK,P,West Washerwoman,361,361-500-169,1,Juv,SSID,SIDE,32
2015,2015,Aug,8/14/2015,LK,P,West Washerwoman,361,361-500-169,1,Iso,SMIC,SMIC,21
2015,2015,Aug,8/14/2015,LK,P,West Washerwoman,361,361-500-169,1,Iso,SMIC,SMIC,37
2015,2015,Aug,8/14/2015,LK,P,West Washerwoman,361,361-500-169,1,Iso,SMIC,SMIC,21
2015,2015,Aug,8/14/2015,LK,P,West Washerwoman,361,361-500-169,1,Iso,SMIC,SMIC,14
2015,2015,Aug,8/14/2015,LK,P,West Washerwoman,361,361-500-169,1,Iso,SMIC,SMIC,17
2015,2015,Aug,8/14/2015,LK,P,West Washerwoman,361,361-500-169,1,Juv,SMIC,SMIC,8
2015,2015,Aug,8/14/2015,LK,P,West Washerwoman,362,362-100-059,1,Juv,AAGA,AGAR,39
2015,2015,Aug,8/14/2015,LK,P,West Washerwoman,362,362-100-059,1,Juv,PAST,PORI,11
2015,2015,Aug,8/14/2015,LK,P,West Washerwoman,362,362-100-059,1,Juv,SSID,SIDE,8
2015,2015,Aug,8/14/2015,LK,P,West Washerwoman,362,362-100-059,1,Juv,SSID,SIDE,14
2015,2015,Aug,8/14/2015,LK,P,West Washerwoman,362,362-100-091,1,Juv,SSID,SIDE,30
2015,2015,Aug,8/14/2015,LK,P,West Washerwoman,362,362-100-091,1,Juv,SMIC,SMIC,35
2015,2015,Aug,8/14/2015,LK,P,West Washerwoman,362,362-100-109,1,Juv,ODIF,OCUL,35
2015,2015,Aug,8/14/2015,LK,P,West Washerwoman,362,362-100-109,1,Juv,SMIC,SMIC,38
2015,2015,Aug,8/14/2015,LK,P,West Washerwoman,362,362-100-130,1,Juv,PAST,PORI,35
2015,2015,Aug,8/14/2015,LK,P,West Washerwoman,362,362-100-130,1,Juv,PAST,PORI,17
2015,2015,Aug,8/14/2015,LK,P,West Washerwoman,362,362-100-130,1,Juv,PAST,PORI,17
2015,2015,Aug,8/14/2015,LK,P,West Washerwoman,362,362-100-130,1,Juv,SMIC,SMIC,28
2015,2015,Aug,8/14/2015,LK,P,West Washerwoman,362,362-500-058,1,Juv,SCUB,MUSS,27
2015,2015,Aug,8/14/2015,LK,P,West Washerwoman,362,362-500-058,1,Juv,SSID,SIDE,34
2015,2015,Aug,8/14/2015,LK,P,West Washerwoman,362,362-500-058,1,Juv,SSID,SIDE,22
2015,2015,Aug,8/14/2015,LK,P,West Washerwoman,362,362-500-058,1,Juv,SMIC,SMIC,20
2015,2015,Aug,8/14/2015,LK,P,West Washerwoman,362,362-500-145,1,Juv,AAGA,AGAR,11
2015,2015,Aug,8/14/2015,LK,P,West Washerwoman,362,362-500-145,1,Juv,SSID,SIDE,12
2015,2015,Aug,8/14/2015,LK,P,West Washerwoman,362,362-500-145,1,Juv,SSID,SIDE,20
2015,2015,Aug,8/14/2015,LK,P,West Washerwoman,362,362-500-145,1,Juv,SMIC,SMIC,30
2015,2015,Aug,8/14/2015,LK,P,West Washerwoman,362,362-500-157,0,NA,NA,NA,NA
2015,2015,Aug,8/14/2015,LK,P,West Washerwoman,362,362-500-213,1,Juv,PAST,PORI,5
2015,2015,Aug,8/14/2015,LK,P,West Washerwoman,362,362-500-213,1,Juv,PAST,PORI,13
2015,2015,Aug,8/14/2015,LK,P,West Washerwoman,362,362-500-213,1,Juv,PAST,PORI,3
2015,2015,Aug,8/14/2015,LK,P,West Washerwoman,362,362-500-213,1,Juv,PPOR,PORI,16
2015,2015,Aug,8/14/2015,LK,P,West Washerwoman,362,362-500-213,1,Juv,PPOR,PORI,26
2015,2015,Aug,8/14/2015,LK,P,West Washerwoman,362,362-500-213,1,Uns,SSID,SIDE,6
2015,2015,Aug,8/14/2015,LK,P,West Washerwoman,362,362-500-213,1,Uns,SSID,SIDE,5
2015,2015,Aug,8/14/2015,LK,P,West Washerwoman,362,362-500-213,1,Uns,SSID,SIDE,18
2015,2015,Aug,8/14/2015,LK,P,West Washerwoman,362,362-500-213,1,Uns,SSID,SIDE,23
2015,2015,Aug,8/14/2015,LK,P,West Washerwoman,362,362-500-213,1,Uns,SSID,SIDE,37
2015,2015,Aug,8/14/2015,LK,P,West Washerwoman,362,362-500-213,1,Uns,SSID,SIDE,2
2015,2015,Aug,8/14/2015,LK,P,West Washerwoman,362,362-500-213,1,Uns,SSID,SIDE,6
2015,2015,Aug,8/14/2015,LK,P,West Washerwoman,362,362-500-213,1,Uns,SSID,SIDE,7
2015,2015,Aug,8/14/2015,LK,P,West Washerwoman,362,362-500-213,1,Juv,SSID,SIDE,5
2015,2015,Aug,8/14/2015,LK,P,West Washerwoman,362,362-500-213,1,Juv,SMIC,SMIC,8
2015,2015,Aug,8/14/2015,LK,P,West Washerwoman,363,363-100-055,1,Juv,SSID,SIDE,31
2015,2015,Aug,8/14/2015,LK,P,West Washerwoman,363,363-100-055,1,Juv,SMIC,SMIC,24
2015,2015,Aug,8/14/2015,LK,P,West Washerwoman,363,363-100-072,1,Juv,PAST,PORI,37
2015,2015,Aug,8/14/2015,LK,P,West Washerwoman,363,363-100-072,1,Iso,SSID,SIDE,22
2015,2015,Aug,8/14/2015,LK,P,West Washerwoman,363,363-100-137,1,Juv,MCAV,MCAV,31
2015,2015,Aug,8/14/2015,LK,P,West Washerwoman,363,363-100-137,1,Juv,SCUB,MUSS,13
2015,2015,Aug,8/14/2015,LK,P,West Washerwoman,363,363-100-137,1,Juv,SCUB,MUSS,25
2015,2015,Aug,8/14/2015,LK,P,West Washerwoman,363,363-100-137,1,Juv,PAST,PORI,14
2015,2015,Aug,8/14/2015,LK,P,West Washerwoman,363,363-100-137,1,Juv,PAST,PORI,28
2015,2015,Aug,8/14/2015,LK,P,West Washerwoman,363,363-100-137,1,Juv,PPOR,PORI,31
2015,2015,Aug,8/14/2015,LK,P,West Washerwoman,363,363-100-137,1,Juv,SRAD,SIDE,36
2015,2015,Aug,8/14/2015,LK,P,West Washerwoman,363,363-100-137,1,Juv,SRAD,SIDE,15
2015,2015,Aug,8/14/2015,LK,P,West Washerwoman,363,363-100-137,1,Juv,SRAD,SIDE,14
2015,2015,Aug,8/14/2015,LK,P,West Washerwoman,363,363-100-137,1,Juv,SRAD,SIDE,29
2015,2015,Aug,8/14/2015,LK,P,West Washerwoman,363,363-100-137,1,Juv,SRAD,SIDE,11
2015,2015,Aug,8/14/2015,LK,P,West Washerwoman,363,363-100-137,1,Juv,SRAD,SIDE,29
2015,2015,Aug,8/14/2015,LK,P,West Washerwoman,363,363-100-137,1,Juv,SRAD,SIDE,24
2015,2015,Aug,8/14/2015,LK,P,West Washerwoman,363,363-100-137,1,Juv,SRAD,SIDE,13
2015,2015,Aug,8/14/2015,LK,P,West Washerwoman,363,363-100-137,1,Juv,SSID,SIDE,6
2015,2015,Aug,8/14/2015,LK,P,West Washerwoman,363,363-100-137,1,Juv,SSID,SIDE,29
2015,2015,Aug,8/14/2015,LK,P,West Washerwoman,363,363-100-137,1,Juv,SSID,SIDE,9
2015,2015,Aug,8/14/2015,LK,P,West Washerwoman,363,363-100-137,1,Juv,SSID,SIDE,10
2015,2015,Aug,8/14/2015,LK,P,West Washerwoman,363,363-100-137,1,Juv,SSID,SIDE,14
2015,2015,Aug,8/14/2015,LK,P,West Washerwoman,363,363-100-137,1,Juv,SSID,SIDE,7
2015,2015,Aug,8/14/2015,LK,P,West Washerwoman,363,363-100-137,1,Juv,SSID,SIDE,4
2015,2015,Aug,8/14/2015,LK,P,West Washerwoman,363,363-100-137,1,Juv,SSID,SIDE,7
2015,2015,Aug,8/14/2015,LK,P,West Washerwoman,363,363-100-137,1,Juv,SSID,SIDE,6
2015,2015,Aug,8/14/2015,LK,P,West Washerwoman,363,363-100-137,1,Juv,SSID,SIDE,5
2015,2015,Aug,8/14/2015,LK,P,West Washerwoman,363,363-100-167,1,Juv,MUSS,MUSS,22
2015,2015,Aug,8/14/2015,LK,P,West Washerwoman,363,363-100-167,1,Juv,MYCE,MUSS,39
2015,2015,Aug,8/14/2015,LK,P,West Washerwoman,363,363-100-167,1,Juv,PAST,PORI,13
2015,2015,Aug,8/14/2015,LK,P,West Washerwoman,363,363-100-167,1,Juv,SRAD,SIDE,9
2015,2015,Aug,8/14/2015,LK,P,West Washerwoman,363,363-100-167,1,Juv,SRAD,SIDE,9
2015,2015,Aug,8/14/2015,LK,P,West Washerwoman,363,363-100-167,1,Juv,SRAD,SIDE,10
2015,2015,Aug,8/14/2015,LK,P,West Washerwoman,363,363-100-167,1,Juv,SRAD,SIDE,15
2015,2015,Aug,8/14/2015,LK,P,West Washerwoman,363,363-100-167,1,Juv,SSID,SIDE,38
2015,2015,Aug,8/14/2015,LK,P,West Washerwoman,363,363-100-167,1,Juv,SSID,SIDE,29
2015,2015,Aug,8/14/2015,LK,P,West Washerwoman,363,363-100-167,1,Juv,SSID,SIDE,37
2015,2015,Aug,8/14/2015,LK,P,West Washerwoman,363,363-100-167,1,Juv,SSID,SIDE,34
2015,2015,Aug,8/14/2015,LK,P,West Washerwoman,363,363-100-167,1,Juv,SSID,SIDE,35
2015,2015,Aug,8/14/2015,LK,P,West Washerwoman,363,363-100-167,1,Juv,SMIC,SMIC,10
2015,2015,Aug,8/14/2015,LK,P,West Washerwoman,363,363-100-167,1,Juv,SMIC,SMIC,38
2015,2015,Aug,8/14/2015,LK,P,West Washerwoman,363,363-500-032,1,Juv,PAST,PORI,12
2015,2015,Aug,8/14/2015,LK,P,West Washerwoman,363,363-500-032,1,Juv,PPOR,PORI,25
2015,2015,Aug,8/14/2015,LK,P,West Washerwoman,363,363-500-032,1,Juv,SRAD,SIDE,17
2015,2015,Aug,8/14/2015,LK,P,West Washerwoman,363,363-500-032,1,Juv,SSID,SIDE,38
2015,2015,Aug,8/14/2015,LK,P,West Washerwoman,363,363-500-115,1,Juv,CNAT,CNAT,17
2015,2015,Aug,8/14/2015,LK,P,West Washerwoman,363,363-500-115,1,Juv,PAST,PORI,8
2015,2015,Aug,8/14/2015,LK,P,West Washerwoman,363,363-500-115,1,Juv,PAST,PORI,18
2015,2015,Aug,8/14/2015,LK,P,West Washerwoman,363,363-500-115,1,Juv,PPOR,PORI,18
2015,2015,Aug,8/14/2015,LK,P,West Washerwoman,363,363-500-115,1,Juv,PPOR,PORI,22
2015,2015,Aug,8/14/2015,LK,P,West Washerwoman,363,363-500-152,1,Juv,PAST,PORI,35
2015,2015,Aug,8/14/2015,LK,P,West Washerwoman,363,363-500-207,1,Juv,AAGA,AGAR,36
2015,2015,Aug,8/14/2015,LK,P,West Washerwoman,363,363-500-207,1,Juv,AAGA,AGAR,17
2015,2015,Aug,8/14/2015,LK,P,West Washerwoman,363,363-500-207,1,Juv,AAGA,AGAR,25
2015,2015,Aug,8/14/2015,LK,P,West Washerwoman,363,363-500-207,1,Juv,PAST,PORI,10
2015,2015,Aug,8/14/2015,LK,P,West Washerwoman,363,363-500-207,1,Juv,PAST,PORI,12
2015,2015,Aug,8/14/2015,LK,P,West Washerwoman,363,363-500-207,1,Juv,PPOR,PORI,37
2015,2015,Aug,8/14/2015,LK,P,West Washerwoman,364,364-100-027,0,NA,NA,NA,NA
2015,2015,Aug,8/14/2015,LK,P,West Washerwoman,364,364-100-091,1,Iso,MCAV,MCAV,4
2015,2015,Aug,8/14/2015,LK,P,West Washerwoman,364,364-100-091,1,Iso,MCAV,MCAV,4
2015,2015,Aug,8/14/2015,LK,P,West Washerwoman,364,364-100-091,1,Juv,PAST,PORI,36
2015,2015,Aug,8/14/2015,LK,P,West Washerwoman,364,364-100-091,1,Juv,PAST,PORI,20
2015,2015,Aug,8/14/2015,LK,P,West Washerwoman,364,364-100-091,1,Juv,PAST,PORI,27
2015,2015,Aug,8/14/2015,LK,P,West Washerwoman,364,364-100-091,1,Juv,PAST,PORI,24
2015,2015,Aug,8/14/2015,LK,P,West Washerwoman,364,364-100-091,1,Juv,PAST,PORI,12
2015,2015,Aug,8/14/2015,LK,P,West Washerwoman,364,364-100-091,1,Juv,PAST,PORI,10
2015,2015,Aug,8/14/2015,LK,P,West Washerwoman,364,364-100-091,1,Juv,PAST,PORI,5
2015,2015,Aug,8/14/2015,LK,P,West Washerwoman,364,364-100-091,1,Juv,PAST,PORI,14
2015,2015,Aug,8/14/2015,LK,P,West Washerwoman,364,364-100-091,1,Juv,PAST,PORI,5
2015,2015,Aug,8/14/2015,LK,P,West Washerwoman,364,364-100-091,1,Juv,SSID,SIDE,21
2015,2015,Aug,8/14/2015,LK,P,West Washerwoman,364,364-100-091,1,Juv,SSID,SIDE,3
2015,2015,Aug,8/14/2015,LK,P,West Washerwoman,364,364-100-091,1,Juv,SSID,SIDE,3
2015,2015,Aug,8/14/2015,LK,P,West Washerwoman,364,364-100-091,1,Juv,SSID,SIDE,8
2015,2015,Aug,8/14/2015,LK,P,West Washerwoman,364,364-100-091,1,Juv,SMIC,SMIC,36
2015,2015,Aug,8/14/2015,LK,P,West Washerwoman,364,364-100-091,1,Juv,SMIC,SMIC,38
2015,2015,Aug,8/14/2015,LK,P,West Washerwoman,364,364-100-125,0,NA,NA,NA,NA
2015,2015,Aug,8/14/2015,LK,P,West Washerwoman,364,364-100-194,1,Juv,AAGA,AGAR,14
2015,2015,Aug,8/14/2015,LK,P,West Washerwoman,364,364-100-194,1,Juv,PAST,PORI,33
2015,2015,Aug,8/14/2015,LK,P,West Washerwoman,364,364-100-194,1,Juv,PAST,PORI,7
2015,2015,Aug,8/14/2015,LK,P,West Washerwoman,364,364-100-194,1,Juv,PPOR,PORI,12
2015,2015,Aug,8/14/2015,LK,P,West Washerwoman,364,364-100-194,1,Juv,SSID,SIDE,12
2015,2015,Aug,8/14/2015,LK,P,West Washerwoman,364,364-100-194,1,Juv,SSID,SIDE,7
2015,2015,Aug,8/14/2015,LK,P,West Washerwoman,364,364-500-104,1,Juv,MCAV,MCAV,29
2015,2015,Aug,8/14/2015,LK,P,West Washerwoman,364,364-500-104,1,Juv,PAST,PORI,7
2015,2015,Aug,8/14/2015,LK,P,West Washerwoman,364,364-500-104,1,Juv,PAST,PORI,7
2015,2015,Aug,8/14/2015,LK,P,West Washerwoman,364,364-500-104,1,Juv,SRAD,SIDE,9
2015,2015,Aug,8/14/2015,LK,P,West Washerwoman,364,364-500-104,1,Juv,SSID,SIDE,4
2015,2015,Aug,8/14/2015,LK,P,West Washerwoman,364,364-500-104,1,Juv,SMIC,SMIC,16
2015,2015,Aug,8/14/2015,LK,P,West Washerwoman,364,364-500-104,1,Juv,SMIC,SMIC,38
2015,2015,Aug,8/14/2015,LK,P,West Washerwoman,364,364-500-120,1,Juv,PAST,PORI,8
2015,2015,Aug,8/14/2015,LK,P,West Washerwoman,364,364-500-120,1,Juv,PAST,PORI,12
2015,2015,Aug,8/14/2015,LK,P,West Washerwoman,364,364-500-120,1,Juv,PAST,PORI,12
2015,2015,Aug,8/14/2015,LK,P,West Washerwoman,364,364-500-120,1,Juv,PAST,PORI,7
2015,2015,Aug,8/14/2015,LK,P,West Washerwoman,364,364-500-120,1,Juv,PAST,PORI,8
2015,2015,Aug,8/14/2015,LK,P,West Washerwoman,364,364-500-170,1,Juv,SSID,SIDE,21
2015,2015,Aug,8/14/2015,LK,P,West Washerwoman,364,364-500-170,1,Juv,UNKS,UNKS,4
2015,2015,Aug,8/14/2015,LK,P,West Washerwoman,364,364-500-198,1,Juv,AAGA,AGAR,32
2015,2015,Sept,9/3/2015,UK,OS,Carysfort Shallow,501,501-100-010,0,NA,NA,NA,NA
2015,2015,Sept,9/3/2015,UK,OS,Carysfort Shallow,501,501-100-038,1,Juv,AAGA,AGAR,8
2015,2015,Sept,9/3/2015,UK,OS,Carysfort Shallow,501,501-100-038,1,Juv,PAST,PORI,18
2015,2015,Sept,9/3/2015,UK,OS,Carysfort Shallow,501,501-100-038,1,Juv,PAST,PORI,12
2015,2015,Sept,9/3/2015,UK,OS,Carysfort Shallow,501,501-100-038,1,Juv,PAST,PORI,8
2015,2015,Sept,9/3/2015,UK,OS,Carysfort Shallow,501,501-100-038,1,Juv,PAST,PORI,9
2015,2015,Sept,9/3/2015,UK,OS,Carysfort Shallow,501,501-100-137,1,Juv,PAST,PORI,17
2015,2015,Sept,9/3/2015,UK,OS,Carysfort Shallow,501,501-100-137,1,Juv,PAST,PORI,19
2015,2015,Sept,9/3/2015,UK,OS,Carysfort Shallow,501,501-100-137,1,Juv,PAST,PORI,31
2015,2015,Sept,9/3/2015,UK,OS,Carysfort Shallow,501,501-100-137,1,Juv,PAST,PORI,28
2015,2015,Sept,9/3/2015,UK,OS,Carysfort Shallow,501,501-100-137,1,Juv,PAST,PORI,23
2015,2015,Sept,9/3/2015,UK,OS,Carysfort Shallow,501,501-100-137,1,Juv,PAST,PORI,8
2015,2015,Sept,9/3/2015,UK,OS,Carysfort Shallow,501,501-100-137,1,Juv,PAST,PORI,7
2015,2015,Sept,9/3/2015,UK,OS,Carysfort Shallow,501,501-100-137,1,Juv,SRAD,SIDE,24
2015,2015,Sept,9/3/2015,UK,OS,Carysfort Shallow,501,501-100-137,1,Juv,SSID,SIDE,9
2015,2015,Sept,9/3/2015,UK,OS,Carysfort Shallow,501,501-100-159,1,Juv,PAST,PORI,13
2015,2015,Sept,9/3/2015,UK,OS,Carysfort Shallow,501,501-500-016,1,Iso,PAST,PORI,18
2015,2015,Sept,9/3/2015,UK,OS,Carysfort Shallow,501,501-500-016,1,Iso,PAST,PORI,31
2015,2015,Sept,9/3/2015,UK,OS,Carysfort Shallow,501,501-500-016,1,Juv,PAST,PORI,34
2015,2015,Sept,9/3/2015,UK,OS,Carysfort Shallow,501,501-500-016,1,Juv,PAST,PORI,5
2015,2015,Sept,9/3/2015,UK,OS,Carysfort Shallow,501,501-500-016,1,Juv,PAST,PORI,14
2015,2015,Sept,9/3/2015,UK,OS,Carysfort Shallow,501,501-500-034,1,Juv,PAST,PORI,14
2015,2015,Sept,9/3/2015,UK,OS,Carysfort Shallow,501,501-500-034,1,Juv,PAST,PORI,8
2015,2015,Sept,9/3/2015,UK,OS,Carysfort Shallow,501,501-500-084,1,Juv,PAST,PORI,12
2015,2015,Sept,9/3/2015,UK,OS,Carysfort Shallow,501,501-500-084,1,Juv,PAST,PORI,12
2015,2015,Sept,9/3/2015,UK,OS,Carysfort Shallow,501,501-500-084,1,Juv,PAST,PORI,12
2015,2015,Sept,9/3/2015,UK,OS,Carysfort Shallow,501,501-500-084,1,Juv,PAST,PORI,8
2015,2015,Sept,9/3/2015,UK,OS,Carysfort Shallow,501,501-500-108,1,Juv,PAST,PORI,23
2015,2015,Sept,9/3/2015,UK,OS,Carysfort Shallow,501,501-500-108,1,Juv,PAST,PORI,12
2015,2015,Sept,9/3/2015,UK,OS,Carysfort Shallow,501,501-500-108,1,Juv,PAST,PORI,10
2015,2015,Sept,9/3/2015,UK,OS,Carysfort Shallow,501,501-500-108,1,Juv,PAST,PORI,15
2015,2015,Sept,9/3/2015,UK,OS,Carysfort Shallow,502,502-100-044,1,Juv,PAST,PORI,16
2015,2015,Sept,9/3/2015,UK,OS,Carysfort Shallow,502,502-100-044,1,Juv,PAST,PORI,6
2015,2015,Sept,9/3/2015,UK,OS,Carysfort Shallow,502,502-100-126,1,Juv,PAST,PORI,10
2015,2015,Sept,9/3/2015,UK,OS,Carysfort Shallow,502,502-100-126,1,Juv,PAST,PORI,17
2015,2015,Sept,9/3/2015,UK,OS,Carysfort Shallow,502,502-100-126,1,Juv,PAST,PORI,21
2015,2015,Sept,9/3/2015,UK,OS,Carysfort Shallow,502,502-100-126,1,Iso,SRAD,SIDE,29
2015,2015,Sept,9/3/2015,UK,OS,Carysfort Shallow,502,502-100-126,1,Iso,SRAD,SIDE,16
2015,2015,Sept,9/3/2015,UK,OS,Carysfort Shallow,502,502-100-144,1,Juv,PAST,PORI,37
2015,2015,Sept,9/3/2015,UK,OS,Carysfort Shallow,502,502-100-144,1,Juv,PAST,PORI,12
2015,2015,Sept,9/3/2015,UK,OS,Carysfort Shallow,502,502-100-144,1,Juv,PAST,PORI,38
2015,2015,Sept,9/3/2015,UK,OS,Carysfort Shallow,502,502-100-144,1,Juv,PAST,PORI,37
2015,2015,Sept,9/3/2015,UK,OS,Carysfort Shallow,502,502-100-181,0,NA,NA,NA,NA
2015,2015,Sept,9/3/2015,UK,OS,Carysfort Shallow,502,502-500-028,1,Juv,PAST,PORI,23
2015,2015,Sept,9/3/2015,UK,OS,Carysfort Shallow,502,502-500-028,1,Juv,PAST,PORI,3
2015,2015,Sept,9/3/2015,UK,OS,Carysfort Shallow,502,502-500-045,1,Juv,PAST,PORI,4
2015,2015,Sept,9/3/2015,UK,OS,Carysfort Shallow,502,502-500-045,1,Juv,PAST,PORI,13
2015,2015,Sept,9/3/2015,UK,OS,Carysfort Shallow,502,502-500-045,1,Juv,PAST,PORI,34
2015,2015,Sept,9/3/2015,UK,OS,Carysfort Shallow,502,502-500-045,1,Juv,PAST,PORI,18
2015,2015,Sept,9/3/2015,UK,OS,Carysfort Shallow,502,502-500-045,1,Juv,PAST,PORI,28
2015,2015,Sept,9/3/2015,UK,OS,Carysfort Shallow,502,502-500-045,1,Juv,PAST,PORI,38
2015,2015,Sept,9/3/2015,UK,OS,Carysfort Shallow,502,502-500-045,1,Juv,PAST,PORI,30
2015,2015,Sept,9/3/2015,UK,OS,Carysfort Shallow,502,502-500-045,1,Juv,PAST,PORI,11
2015,2015,Sept,9/3/2015,UK,OS,Carysfort Shallow,502,502-500-115,1,Juv,AAGA,AGAR,20
2015,2015,Sept,9/3/2015,UK,OS,Carysfort Shallow,502,502-500-115,1,Juv,PAST,PORI,23
2015,2015,Sept,9/3/2015,UK,OS,Carysfort Shallow,502,502-500-160,1,Juv,AAGA,AGAR,23
2015,2015,Sept,9/4/2015,UK,OS,Carysfort Shallow,503,503-100-044,1,Juv,MCAV,MCAV,22
2015,2015,Sept,9/4/2015,UK,OS,Carysfort Shallow,503,503-100-044,1,Juv,PAST,PORI,12
2015,2015,Sept,9/4/2015,UK,OS,Carysfort Shallow,503,503-100-044,1,Juv,PAST,PORI,20
2015,2015,Sept,9/4/2015,UK,OS,Carysfort Shallow,503,503-100-044,1,Juv,PAST,PORI,31
2015,2015,Sept,9/4/2015,UK,OS,Carysfort Shallow,503,503-100-044,1,Juv,PPOR,PORI,26
2015,2015,Sept,9/4/2015,UK,OS,Carysfort Shallow,503,503-100-070,1,Juv,PAST,PORI,18
2015,2015,Sept,9/4/2015,UK,OS,Carysfort Shallow,503,503-100-070,1,Juv,PAST,PORI,11
2015,2015,Sept,9/4/2015,UK,OS,Carysfort Shallow,503,503-100-089,1,Juv,PAST,PORI,25
2015,2015,Sept,9/4/2015,UK,OS,Carysfort Shallow,503,503-100-089,1,Juv,PAST,PORI,27
2015,2015,Sept,9/4/2015,UK,OS,Carysfort Shallow,503,503-100-183,1,Juv,PAST,PORI,11
2015,2015,Sept,9/4/2015,UK,OS,Carysfort Shallow,503,503-100-183,1,Juv,PAST,PORI,20
2015,2015,Sept,9/4/2015,UK,OS,Carysfort Shallow,503,503-500-063,1,Juv,AAGA,AGAR,12
2015,2015,Sept,9/4/2015,UK,OS,Carysfort Shallow,503,503-500-063,1,Juv,PAST,PORI,19
2015,2015,Sept,9/4/2015,UK,OS,Carysfort Shallow,503,503-500-063,1,Juv,PAST,PORI,14
2015,2015,Sept,9/4/2015,UK,OS,Carysfort Shallow,503,503-500-063,1,Juv,PAST,PORI,7
2015,2015,Sept,9/4/2015,UK,OS,Carysfort Shallow,503,503-500-063,1,Juv,PAST,PORI,6
2015,2015,Sept,9/4/2015,UK,OS,Carysfort Shallow,503,503-500-092,1,Juv,PAST,PORI,18
2015,2015,Sept,9/4/2015,UK,OS,Carysfort Shallow,503,503-500-092,1,Juv,PAST,PORI,11
2015,2015,Sept,9/4/2015,UK,OS,Carysfort Shallow,503,503-500-092,1,Juv,PAST,PORI,14
2015,2015,Sept,9/4/2015,UK,OS,Carysfort Shallow,503,503-500-092,1,Juv,PAST,PORI,9
2015,2015,Sept,9/4/2015,UK,OS,Carysfort Shallow,503,503-500-092,1,Juv,PAST,PORI,21
2015,2015,Sept,9/4/2015,UK,OS,Carysfort Shallow,503,503-500-092,1,Iso,SRAD,SIDE,34
2015,2015,Sept,9/4/2015,UK,OS,Carysfort Shallow,503,503-500-092,1,Iso,SRAD,SIDE,33
2015,2015,Sept,9/4/2015,UK,OS,Carysfort Shallow,503,503-500-092,1,Iso,SRAD,SIDE,14
2015,2015,Sept,9/4/2015,UK,OS,Carysfort Shallow,503,503-500-092,1,Iso,SRAD,SIDE,7
2015,2015,Sept,9/4/2015,UK,OS,Carysfort Shallow,503,503-500-118,1,Juv,PAST,PORI,2
2015,2015,Sept,9/4/2015,UK,OS,Carysfort Shallow,503,503-500-118,1,Juv,PAST,PORI,10
2015,2015,Sept,9/4/2015,UK,OS,Carysfort Shallow,503,503-500-118,1,Juv,PAST,PORI,8
2015,2015,Sept,9/4/2015,UK,OS,Carysfort Shallow,503,503-500-145,0,NA,NA,NA,NA
2015,2015,Sept,9/4/2015,UK,OS,Carysfort Shallow,504,504-100-019,1,Iso,PAST,PORI,14
2015,2015,Sept,9/4/2015,UK,OS,Carysfort Shallow,504,504-100-019,1,Iso,PAST,PORI,7
2015,2015,Sept,9/4/2015,UK,OS,Carysfort Shallow,504,504-100-019,1,Iso,PAST,PORI,5
2015,2015,Sept,9/4/2015,UK,OS,Carysfort Shallow,504,504-100-019,1,Iso,PAST,PORI,25
2015,2015,Sept,9/4/2015,UK,OS,Carysfort Shallow,504,504-100-019,1,Juv,PAST,PORI,35
2015,2015,Sept,9/4/2015,UK,OS,Carysfort Shallow,504,504-100-019,1,Juv,PAST,PORI,27
2015,2015,Sept,9/4/2015,UK,OS,Carysfort Shallow,504,504-100-019,1,Juv,PAST,PORI,16
2015,2015,Sept,9/4/2015,UK,OS,Carysfort Shallow,504,504-100-138,1,Juv,AAGA,AGAR,31
2015,2015,Sept,9/4/2015,UK,OS,Carysfort Shallow,504,504-100-171,1,Juv,AAGA,AGAR,24
2015,2015,Sept,9/4/2015,UK,OS,Carysfort Shallow,504,504-100-184,1,Juv,PAST,PORI,12
2015,2015,Sept,9/4/2015,UK,OS,Carysfort Shallow,504,504-100-184,1,Juv,UNKS,UNKS,4
2015,2015,Sept,9/4/2015,UK,OS,Carysfort Shallow,504,504-100-184,1,Juv,UNKS,UNKS,4
2015,2015,Sept,9/4/2015,UK,OS,Carysfort Shallow,504,504-500-021,1,Juv,AAGA,AGAR,30
2015,2015,Sept,9/4/2015,UK,OS,Carysfort Shallow,504,504-500-021,1,Juv,PAST,PORI,10
2015,2015,Sept,9/4/2015,UK,OS,Carysfort Shallow,504,504-500-021,1,Juv,PAST,PORI,33
2015,2015,Sept,9/4/2015,UK,OS,Carysfort Shallow,504,504-500-060,1,Juv,PAST,PORI,29
2015,2015,Sept,9/4/2015,UK,OS,Carysfort Shallow,504,504-500-060,1,Juv,PAST,PORI,10
2015,2015,Sept,9/4/2015,UK,OS,Carysfort Shallow,504,504-500-060,1,Juv,PAST,PORI,14
2015,2015,Sept,9/4/2015,UK,OS,Carysfort Shallow,504,504-500-159,1,Juv,PAST,PORI,27
2015,2015,Sept,9/4/2015,UK,OS,Carysfort Shallow,504,504-500-210,0,NA,NA,NA,NA
2015,2015,July,7/16/2015,UK,OS,Molasses Shallow,521,521-100-011,0,NA,NA,NA,NA
2015,2015,July,7/16/2015,UK,OS,Molasses Shallow,521,521-100-027,0,NA,NA,NA,NA
2015,2015,July,7/16/2015,UK,OS,Molasses Shallow,521,521-100-088,1,Juv,PAST,PORI,12
2015,2015,July,7/16/2015,UK,OS,Molasses Shallow,521,521-100-088,1,Juv,PAST,PORI,6
2015,2015,July,7/16/2015,UK,OS,Molasses Shallow,521,521-100-174,1,Iso,AAGA,AGAR,20
2015,2015,July,7/16/2015,UK,OS,Molasses Shallow,521,521-100-174,1,Juv,PAST,PORI,35
2015,2015,July,7/16/2015,UK,OS,Molasses Shallow,521,521-100-174,1,Juv,PAST,PORI,12
2015,2015,July,7/16/2015,UK,OS,Molasses Shallow,521,521-500-025,0,NA,NA,NA,NA
2015,2015,July,7/16/2015,UK,OS,Molasses Shallow,521,521-500-061,1,Juv,AAGA,AGAR,26
2015,2015,July,7/16/2015,UK,OS,Molasses Shallow,521,521-500-137,1,Juv,AAGA,AGAR,18
2015,2015,July,7/16/2015,UK,OS,Molasses Shallow,521,521-500-205,1,Juv,AAGA,AGAR,28
2015,2015,July,7/16/2015,UK,OS,Molasses Shallow,521,521-500-205,1,Juv,AAGA,AGAR,36
2015,2015,Sept,9/1/2015,UK,OS,Molasses Shallow,522,522-100-025,1,Juv,AAGA,AGAR,34
2015,2015,Sept,9/1/2015,UK,OS,Molasses Shallow,522,522-100-025,1,Juv,AAGA,AGAR,12
2015,2015,Sept,9/1/2015,UK,OS,Molasses Shallow,522,522-100-025,1,Juv,AAGA,AGAR,29
2015,2015,Sept,9/1/2015,UK,OS,Molasses Shallow,522,522-100-025,1,Juv,PAST,PORI,26
2015,2015,Sept,9/1/2015,UK,OS,Molasses Shallow,522,522-100-025,1,Juv,PAST,PORI,9
2015,2015,Sept,9/1/2015,UK,OS,Molasses Shallow,522,522-100-025,1,Juv,PAST,PORI,3
2015,2015,Sept,9/1/2015,UK,OS,Molasses Shallow,522,522-100-058,1,Juv,AAGA,AGAR,20
2015,2015,Sept,9/1/2015,UK,OS,Molasses Shallow,522,522-100-058,1,Juv,PAST,PORI,6
2015,2015,Sept,9/1/2015,UK,OS,Molasses Shallow,522,522-100-091,1,Juv,AAGA,AGAR,11
2015,2015,Sept,9/1/2015,UK,OS,Molasses Shallow,522,522-100-139,0,NA,NA,NA,NA
2015,2015,Sept,9/1/2015,UK,OS,Molasses Shallow,522,522-500-033,1,Juv,AAGA,AGAR,10
2015,2015,Sept,9/1/2015,UK,OS,Molasses Shallow,522,522-500-063,1,Juv,PAST,PORI,37
2015,2015,Sept,9/1/2015,UK,OS,Molasses Shallow,522,522-500-138,1,Juv,AAGA,AGAR,34
2015,2015,Sept,9/1/2015,UK,OS,Molasses Shallow,522,522-500-138,1,Juv,AAGA,AGAR,18
2015,2015,Sept,9/1/2015,UK,OS,Molasses Shallow,522,522-500-138,1,Juv,AAGA,AGAR,19
2015,2015,Sept,9/1/2015,UK,OS,Molasses Shallow,522,522-500-138,1,Juv,FFRA,FFRA,24
2015,2015,Sept,9/1/2015,UK,OS,Molasses Shallow,522,522-500-200,1,Juv,AAGA,AGAR,9
2015,2015,Sept,9/1/2015,UK,OS,Molasses Shallow,522,522-500-200,1,Juv,AAGA,AGAR,20
2015,2015,Sept,9/1/2015,UK,OS,Molasses Shallow,522,522-500-200,1,Iso,AAGA,AGAR,35
2015,2015,Sept,9/1/2015,UK,OS,Molasses Shallow,522,522-500-200,1,Iso,AAGA,AGAR,30
2015,2015,Sept,9/2/2015,UK,OS,Molasses Shallow,523,523-100-003,1,Juv,PAST,PORI,39
2015,2015,Sept,9/2/2015,UK,OS,Molasses Shallow,523,523-100-036,1,Juv,AAGA,AGAR,25
2015,2015,Sept,9/2/2015,UK,OS,Molasses Shallow,523,523-100-036,1,Juv,AFRA,AGAR,21
2015,2015,Sept,9/2/2015,UK,OS,Molasses Shallow,523,523-100-036,1,Juv,AAGA,AGAR,13
2015,2015,Sept,9/2/2015,UK,OS,Molasses Shallow,523,523-100-036,1,Juv,LCUC,AGAR,33
2015,2015,Sept,9/2/2015,UK,OS,Molasses Shallow,523,523-100-036,1,Juv,AAGA,AGAR,24
2015,2015,Sept,9/2/2015,UK,OS,Molasses Shallow,523,523-100-036,1,Juv,SSID,SIDE,14
2015,2015,Sept,9/2/2015,UK,OS,Molasses Shallow,523,523-100-036,1,Juv,SSID,SIDE,18
2015,2015,Sept,9/2/2015,UK,OS,Molasses Shallow,523,523-100-036,1,Juv,SSID,SIDE,19
2015,2015,Sept,9/2/2015,UK,OS,Molasses Shallow,523,523-100-036,1,Juv,SSID,SIDE,15
2015,2015,Sept,9/2/2015,UK,OS,Molasses Shallow,523,523-100-107,1,Iso,AAGA,AGAR,23
2015,2015,Sept,9/2/2015,UK,OS,Molasses Shallow,523,523-100-107,1,Iso,AAGA,AGAR,20
2015,2015,Sept,9/2/2015,UK,OS,Molasses Shallow,523,523-100-107,1,Juv,PAST,PORI,10
2015,2015,Sept,9/2/2015,UK,OS,Molasses Shallow,523,523-100-107,1,Juv,PPOR,PORI,31
2015,2015,Sept,9/2/2015,UK,OS,Molasses Shallow,523,523-100-107,1,Iso,SSID,SIDE,26
2015,2015,Sept,9/2/2015,UK,OS,Molasses Shallow,523,523-100-107,1,Iso,SSID,SIDE,25
2015,2015,Sept,9/2/2015,UK,OS,Molasses Shallow,523,523-100-107,1,Iso,SSID,SIDE,14
2015,2015,Sept,9/2/2015,UK,OS,Molasses Shallow,523,523-100-107,1,Iso,SSID,SIDE,34
2015,2015,Sept,9/2/2015,UK,OS,Molasses Shallow,523,523-100-107,1,Iso,SSID,SIDE,21
2015,2015,Sept,9/2/2015,UK,OS,Molasses Shallow,523,523-100-107,1,Iso,SSID,SIDE,28
2015,2015,Sept,9/2/2015,UK,OS,Molasses Shallow,523,523-100-107,1,Iso,SSID,SIDE,9
2015,2015,Sept,9/2/2015,UK,OS,Molasses Shallow,523,523-100-107,1,Juv,SMIC,SMIC,29
2015,2015,Sept,9/2/2015,UK,OS,Molasses Shallow,523,523-100-157,0,NA,NA,NA,NA
2015,2015,Sept,9/2/2015,UK,OS,Molasses Shallow,523,523-500-023,1,Juv,AAGA,AGAR,39
2015,2015,Sept,9/2/2015,UK,OS,Molasses Shallow,523,523-500-023,1,Juv,AAGA,AGAR,27
2015,2015,Sept,9/2/2015,UK,OS,Molasses Shallow,523,523-500-023,1,Juv,AAGA,AGAR,12
2015,2015,Sept,9/2/2015,UK,OS,Molasses Shallow,523,523-500-023,1,Juv,PAST,PORI,8
2015,2015,Sept,9/2/2015,UK,OS,Molasses Shallow,523,523-500-023,1,Juv,PAST,PORI,14
2015,2015,Sept,9/2/2015,UK,OS,Molasses Shallow,523,523-500-023,1,Juv,PAST,PORI,8
2015,2015,Sept,9/2/2015,UK,OS,Molasses Shallow,523,523-500-063,1,Juv,PAST,PORI,9
2015,2015,Sept,9/2/2015,UK,OS,Molasses Shallow,523,523-500-063,1,Juv,PAST,PORI,15
2015,2015,Sept,9/2/2015,UK,OS,Molasses Shallow,523,523-500-101,1,Juv,AAGA,AGAR,20
2015,2015,Sept,9/2/2015,UK,OS,Molasses Shallow,523,523-500-101,1,Juv,AAGA,AGAR,15
2015,2015,Sept,9/2/2015,UK,OS,Molasses Shallow,523,523-500-101,1,Juv,PAST,PORI,8
2015,2015,Sept,9/2/2015,UK,OS,Molasses Shallow,523,523-500-101,1,Juv,PAST,PORI,6
2015,2015,Sept,9/2/2015,UK,OS,Molasses Shallow,523,523-500-101,1,Juv,UNKS,UNKS,5
2015,2015,Sept,9/2/2015,UK,OS,Molasses Shallow,523,523-500-167,1,Juv,PAST,PORI,8
2015,2015,Sept,9/4/2015,UK,OS,Molasses Shallow,524,524-100-019,1,Juv,AAGA,AGAR,35
2015,2015,Sept,9/4/2015,UK,OS,Molasses Shallow,524,524-100-019,1,Juv,PAST,PORI,12
2015,2015,Sept,9/4/2015,UK,OS,Molasses Shallow,524,524-100-019,1,Juv,PAST,PORI,26
2015,2015,Sept,9/4/2015,UK,OS,Molasses Shallow,524,524-100-019,1,Iso,PPOR,PORI,23
2015,2015,Sept,9/4/2015,UK,OS,Molasses Shallow,524,524-100-051,1,Juv,AAGA,AGAR,8
2015,2015,Sept,9/4/2015,UK,OS,Molasses Shallow,524,524-100-051,1,Juv,AAGA,AGAR,25
2015,2015,Sept,9/4/2015,UK,OS,Molasses Shallow,524,524-100-051,1,Juv,AAGA,AGAR,14
2015,2015,Sept,9/4/2015,UK,OS,Molasses Shallow,524,524-100-051,1,Juv,SRAD,SIDE,16
2015,2015,Sept,9/4/2015,UK,OS,Molasses Shallow,524,524-100-132,1,Juv,DSTO,DSTO,13
2015,2015,Sept,9/4/2015,UK,OS,Molasses Shallow,524,524-100-132,1,Juv,PAST,PORI,9
2015,2015,Sept,9/4/2015,UK,OS,Molasses Shallow,524,524-100-132,1,Juv,PAST,PORI,14
2015,2015,Sept,9/4/2015,UK,OS,Molasses Shallow,524,524-100-132,1,Juv,PAST,PORI,8
2015,2015,Sept,9/4/2015,UK,OS,Molasses Shallow,524,524-100-163,1,Juv,PAST,PORI,15
2015,2015,Sept,9/4/2015,UK,OS,Molasses Shallow,524,524-500-019,0,NA,NA,NA,NA
2015,2015,Sept,9/4/2015,UK,OS,Molasses Shallow,524,524-500-036,1,Iso,AAGA,AGAR,26
2015,2015,Sept,9/4/2015,UK,OS,Molasses Shallow,524,524-500-036,1,Juv,AAGA,AGAR,7
2015,2015,Sept,9/4/2015,UK,OS,Molasses Shallow,524,524-500-089,1,Juv,PAST,PORI,17
2015,2015,Sept,9/4/2015,UK,OS,Molasses Shallow,524,524-500-165,1,Juv,PAST,PORI,21
2015,2015,Sept,9/4/2015,UK,OS,Molasses Shallow,524,524-500-165,1,Juv,PAST,PORI,14
2015,2015,Sept,9/21/2015,MK,OS,Tennessee Shallow,551,551-100-012,1,Juv,DSTO,DSTO,18
2015,2015,Sept,9/21/2015,MK,OS,Tennessee Shallow,551,551-100-012,1,Juv,PAST,PORI,31
2015,2015,Sept,9/21/2015,MK,OS,Tennessee Shallow,551,551-100-012,1,Juv,PAST,PORI,32
2015,2015,Sept,9/21/2015,MK,OS,Tennessee Shallow,551,551-100-012,1,Juv,PAST,PORI,26
2015,2015,Sept,9/21/2015,MK,OS,Tennessee Shallow,551,551-100-012,1,Juv,SSID,SIDE,28
2015,2015,Sept,9/21/2015,MK,OS,Tennessee Shallow,551,551-100-073,1,Juv,PAST,PORI,24
2015,2015,Sept,9/21/2015,MK,OS,Tennessee Shallow,551,551-100-073,1,Juv,PPOR,PORI,20
2015,2015,Sept,9/21/2015,MK,OS,Tennessee Shallow,551,551-100-073,1,Juv,SRAD,SIDE,26
2015,2015,Sept,9/21/2015,MK,OS,Tennessee Shallow,551,551-100-133,1,Juv,AAGA,AGAR,10
2015,2015,Sept,9/21/2015,MK,OS,Tennessee Shallow,551,551-100-133,1,Juv,SSID,SIDE,7
2015,2015,Sept,9/21/2015,MK,OS,Tennessee Shallow,551,551-100-133,1,Juv,SSID,SIDE,8
2015,2015,Sept,9/21/2015,MK,OS,Tennessee Shallow,551,551-100-192,1,Juv,PAST,PORI,18
2015,2015,Sept,9/21/2015,MK,OS,Tennessee Shallow,551,551-100-192,1,Juv,PAST,PORI,24
2015,2015,Sept,9/21/2015,MK,OS,Tennessee Shallow,551,551-100-192,1,Juv,SSID,SIDE,39
2015,2015,Sept,9/21/2015,MK,OS,Tennessee Shallow,551,551-100-192,1,Juv,SSID,SIDE,30
2015,2015,Sept,9/21/2015,MK,OS,Tennessee Shallow,551,551-500-020,1,Juv,MCAV,MCAV,16
2015,2015,Sept,9/21/2015,MK,OS,Tennessee Shallow,551,551-500-088,1,Juv,PAST,PORI,20
2015,2015,Sept,9/21/2015,MK,OS,Tennessee Shallow,551,551-500-088,1,Juv,PAST,PORI,27
2015,2015,Sept,9/21/2015,MK,OS,Tennessee Shallow,551,551-500-140,1,Juv,PAST,PORI,21
2015,2015,Sept,9/21/2015,MK,OS,Tennessee Shallow,551,551-500-140,1,Iso,SSID,SIDE,3
2015,2015,Sept,9/21/2015,MK,OS,Tennessee Shallow,551,551-500-140,1,Juv,SSID,SIDE,27
2015,2015,Sept,9/21/2015,MK,OS,Tennessee Shallow,551,551-500-198,1,Juv,PAST,PORI,30
2015,2015,Sept,9/21/2015,MK,OS,Tennessee Shallow,551,551-500-198,1,Juv,SSID,SIDE,31
2015,2015,Sept,9/21/2015,MK,OS,Tennessee Shallow,551,551-500-198,1,Juv,SMIC,SMIC,34
2015,2015,Sept,9/21/2015,MK,OS,Tennessee Shallow,552,552-100-012,1,Juv,DSTO,DSTO,24
2015,2015,Sept,9/21/2015,MK,OS,Tennessee Shallow,552,552-100-012,1,Juv,PAST,PORI,18
2015,2015,Sept,9/21/2015,MK,OS,Tennessee Shallow,552,552-100-012,1,Juv,PAST,PORI,25
2015,2015,Sept,9/21/2015,MK,OS,Tennessee Shallow,552,552-100-012,1,Iso,PAST,PORI,27
2015,2015,Sept,9/21/2015,MK,OS,Tennessee Shallow,552,552-100-094,1,Juv,PAST,PORI,32
2015,2015,Sept,9/21/2015,MK,OS,Tennessee Shallow,552,552-100-094,1,Juv,SRAD,SIDE,27
2015,2015,Sept,9/21/2015,MK,OS,Tennessee Shallow,552,552-100-169,1,Juv,MCAV,MCAV,32
2015,2015,Sept,9/21/2015,MK,OS,Tennessee Shallow,552,552-100-169,1,Juv,PAST,PORI,9
2015,2015,Sept,9/21/2015,MK,OS,Tennessee Shallow,552,552-100-169,1,Juv,SSID,SIDE,17
2015,2015,Sept,9/21/2015,MK,OS,Tennessee Shallow,552,552-100-217,1,Juv,AAGA,AGAR,25
2015,2015,Sept,9/21/2015,MK,OS,Tennessee Shallow,552,552-100-217,1,Juv,PAST,PORI,12
2015,2015,Sept,9/21/2015,MK,OS,Tennessee Shallow,552,552-100-217,1,Iso,PPOR,PORI,21
2015,2015,Sept,9/21/2015,MK,OS,Tennessee Shallow,552,552-100-217,1,Iso,PPOR,PORI,11
2015,2015,Sept,9/21/2015,MK,OS,Tennessee Shallow,552,552-100-217,1,Iso,PPOR,PORI,30
2015,2015,Sept,9/21/2015,MK,OS,Tennessee Shallow,552,552-100-217,1,Iso,PPOR,PORI,12
2015,2015,Sept,9/21/2015,MK,OS,Tennessee Shallow,552,552-100-217,1,Iso,PPOR,PORI,10
2015,2015,Sept,9/21/2015,MK,OS,Tennessee Shallow,552,552-100-217,1,Iso,PPOR,PORI,9
2015,2015,Sept,9/21/2015,MK,OS,Tennessee Shallow,552,552-100-217,1,Iso,PPOR,PORI,27
2015,2015,Sept,9/21/2015,MK,OS,Tennessee Shallow,552,552-100-217,1,Iso,PPOR,PORI,16
2015,2015,Sept,9/21/2015,MK,OS,Tennessee Shallow,552,552-100-217,1,Iso,PPOR,PORI,12
2015,2015,Sept,9/21/2015,MK,OS,Tennessee Shallow,552,552-500-028,1,Juv,DSTO,DSTO,25
2015,2015,Sept,9/21/2015,MK,OS,Tennessee Shallow,552,552-500-028,1,Juv,PAST,PORI,17
2015,2015,Sept,9/21/2015,MK,OS,Tennessee Shallow,552,552-500-028,1,Juv,PAST,PORI,10
2015,2015,Sept,9/21/2015,MK,OS,Tennessee Shallow,552,552-500-028,1,Juv,SSID,SIDE,17
2015,2015,Sept,9/21/2015,MK,OS,Tennessee Shallow,552,552-500-028,1,Juv,SSID,SIDE,16
2015,2015,Sept,9/21/2015,MK,OS,Tennessee Shallow,552,552-500-083,1,Juv,PAST,PORI,27
2015,2015,Sept,9/21/2015,MK,OS,Tennessee Shallow,552,552-500-083,1,Juv,PPOR,PORI,34
2015,2015,Sept,9/21/2015,MK,OS,Tennessee Shallow,552,552-500-083,1,Juv,PPOR,PORI,11
2015,2015,Sept,9/21/2015,MK,OS,Tennessee Shallow,552,552-500-106,1,Iso,SSID,SIDE,22
2015,2015,Sept,9/21/2015,MK,OS,Tennessee Shallow,552,552-500-106,1,Iso,SSID,SIDE,32
2015,2015,Sept,9/21/2015,MK,OS,Tennessee Shallow,552,552-500-106,1,Iso,SSID,SIDE,22
2015,2015,Sept,9/21/2015,MK,OS,Tennessee Shallow,552,552-500-132,1,Juv,SSID,SIDE,17
2015,2015,Sept,9/21/2015,MK,OS,Tennessee Shallow,552,552-500-132,1,Juv,SSID,SIDE,15
2015,2015,Sept,9/21/2015,MK,OS,Tennessee Shallow,552,552-500-132,1,Juv,SSID,SIDE,22
2015,2015,Sept,9/21/2015,MK,OS,Tennessee Shallow,552,552-500-132,1,Juv,SSID,SIDE,28
2015,2015,Sept,9/21/2015,MK,OS,Tennessee Shallow,552,552-500-132,1,Juv,SSID,SIDE,11
2015,2015,Sept,9/21/2015,MK,OS,Tennessee Shallow,552,552-500-132,1,Juv,SMIC,SMIC,30
2015,2015,Sept,9/21/2015,MK,OS,Tennessee Shallow,553,553-100-089,1,Juv,PAST,PORI,8
2015,2015,Sept,9/21/2015,MK,OS,Tennessee Shallow,553,553-100-089,1,Juv,PAST,PORI,15
2015,2015,Sept,9/21/2015,MK,OS,Tennessee Shallow,553,553-100-089,1,Juv,PAST,PORI,20
2015,2015,Sept,9/21/2015,MK,OS,Tennessee Shallow,553,553-100-089,1,Juv,SRAD,SIDE,35
2015,2015,Sept,9/21/2015,MK,OS,Tennessee Shallow,553,553-100-133,1,Juv,MCAV,MCAV,17
2015,2015,Sept,9/21/2015,MK,OS,Tennessee Shallow,553,553-100-133,1,Juv,PAST,PORI,20
2015,2015,Sept,9/21/2015,MK,OS,Tennessee Shallow,553,553-100-133,1,Juv,SRAD,SIDE,34
2015,2015,Sept,9/21/2015,MK,OS,Tennessee Shallow,553,553-100-133,1,Juv,SSID,SIDE,14
2015,2015,Sept,9/21/2015,MK,OS,Tennessee Shallow,553,553-100-133,1,Juv,SSID,SIDE,19
2015,2015,Sept,9/21/2015,MK,OS,Tennessee Shallow,553,553-100-133,1,Juv,SSID,SIDE,6
2015,2015,Sept,9/21/2015,MK,OS,Tennessee Shallow,553,553-100-154,1,Juv,DSTO,DSTO,30
2015,2015,Sept,9/21/2015,MK,OS,Tennessee Shallow,553,553-100-154,1,Juv,DSTO,DSTO,39
2015,2015,Sept,9/21/2015,MK,OS,Tennessee Shallow,553,553-100-154,1,Juv,DSTO,DSTO,22
2015,2015,Sept,9/21/2015,MK,OS,Tennessee Shallow,553,553-100-154,1,Juv,MCAV,MCAV,27
2015,2015,Sept,9/21/2015,MK,OS,Tennessee Shallow,553,553-100-154,1,Juv,PPOR,PORI,12
2015,2015,Sept,9/21/2015,MK,OS,Tennessee Shallow,553,553-100-154,1,Juv,PPOR,PORI,13
2015,2015,Sept,9/23/2015,MK,OS,Tennessee Shallow,553,553-100-176,1,Juv,SSID,SIDE,28
2015,2015,Sept,9/21/2015,MK,OS,Tennessee Shallow,553,553-500-030,1,Juv,DSTO,DSTO,17
2015,2015,Sept,9/21/2015,MK,OS,Tennessee Shallow,553,553-500-030,1,Iso,SSID,SIDE,22
2015,2015,Sept,9/21/2015,MK,OS,Tennessee Shallow,553,553-500-087,1,Juv,PAST,PORI,21
2015,2015,Sept,9/21/2015,MK,OS,Tennessee Shallow,553,553-500-087,1,Juv,PAST,PORI,28
2015,2015,Sept,9/21/2015,MK,OS,Tennessee Shallow,553,553-500-087,1,Juv,PAST,PORI,29
2015,2015,Sept,9/21/2015,MK,OS,Tennessee Shallow,553,553-500-087,1,Juv,SSID,SIDE,12
2015,2015,Sept,9/21/2015,MK,OS,Tennessee Shallow,553,553-500-087,1,Juv,SSID,SIDE,23
2015,2015,Sept,9/23/2015,MK,OS,Tennessee Shallow,553,553-500-121,1,Juv,DSTR,DIPL,18
2015,2015,Sept,9/23/2015,MK,OS,Tennessee Shallow,553,553-500-121,1,Juv,PAST,PORI,12
2015,2015,Sept,9/23/2015,MK,OS,Tennessee Shallow,553,553-500-121,1,Juv,PAST,PORI,17
2015,2015,Sept,9/23/2015,MK,OS,Tennessee Shallow,553,553-500-121,1,Juv,SSID,SIDE,31
2015,2015,Sept,9/23/2015,MK,OS,Tennessee Shallow,553,553-500-121,1,Juv,SSID,SIDE,32
2015,2015,Sept,9/23/2015,MK,OS,Tennessee Shallow,553,553-500-121,1,Juv,SSID,SIDE,25
2015,2015,Sept,9/23/2015,MK,OS,Tennessee Shallow,553,553-500-121,1,Juv,SSID,SIDE,12
2015,2015,Sept,9/23/2015,MK,OS,Tennessee Shallow,553,553-500-121,1,Juv,SMIC,SMIC,14
2015,2015,Sept,9/23/2015,MK,OS,Tennessee Shallow,553,553-500-160,0,NA,NA,NA,NA
2015,2015,Sept,9/21/2015,MK,OS,Tennessee Shallow,554,554-100-014,1,Juv,DSTO,DSTO,34
2015,2015,Sept,9/21/2015,MK,OS,Tennessee Shallow,554,554-100-014,1,Juv,MCAV,MCAV,19
2015,2015,Sept,9/21/2015,MK,OS,Tennessee Shallow,554,554-100-014,1,Juv,PAST,PORI,23
2015,2015,Sept,9/21/2015,MK,OS,Tennessee Shallow,554,554-100-014,1,Juv,PAST,PORI,15
2015,2015,Sept,9/21/2015,MK,OS,Tennessee Shallow,554,554-100-014,1,Juv,PAST,PORI,9
2015,2015,Sept,9/21/2015,MK,OS,Tennessee Shallow,554,554-100-014,1,Juv,PAST,PORI,6
2015,2015,Sept,9/21/2015,MK,OS,Tennessee Shallow,554,554-100-014,1,Juv,PORI,PORI,28
2015,2015,Sept,9/21/2015,MK,OS,Tennessee Shallow,554,554-100-053,1,Juv,MCAV,MCAV,21
2015,2015,Sept,9/21/2015,MK,OS,Tennessee Shallow,554,554-100-053,1,Juv,MCAV,MCAV,27
2015,2015,Sept,9/21/2015,MK,OS,Tennessee Shallow,554,554-100-053,1,Juv,MCAV,MCAV,15
2015,2015,Sept,9/21/2015,MK,OS,Tennessee Shallow,554,554-100-053,1,Juv,PAST,PORI,16
2015,2015,Sept,9/21/2015,MK,OS,Tennessee Shallow,554,554-100-053,1,Juv,PORI,PORI,27
2015,2015,Sept,9/21/2015,MK,OS,Tennessee Shallow,554,554-100-053,1,Juv,PORI,PORI,16
2015,2015,Sept,9/21/2015,MK,OS,Tennessee Shallow,554,554-100-053,1,Juv,SMIC,SMIC,37
2015,2015,Sept,9/21/2015,MK,OS,Tennessee Shallow,554,554-100-053,1,Juv,SMIC,SMIC,36
2015,2015,Sept,9/23/2015,MK,OS,Tennessee Shallow,554,554-100-102,1,Juv,PAST,PORI,36
2015,2015,Sept,9/23/2015,MK,OS,Tennessee Shallow,554,554-100-102,1,Uns,PAST,PORI,26
2015,2015,Sept,9/23/2015,MK,OS,Tennessee Shallow,554,554-100-102,1,Uns,PAST,PORI,31
2015,2015,Sept,9/23/2015,MK,OS,Tennessee Shallow,554,554-100-179,1,Juv,DSTO,DSTO,10
2015,2015,Sept,9/23/2015,MK,OS,Tennessee Shallow,554,554-100-179,1,Iso,PAST,PORI,8
2015,2015,Sept,9/23/2015,MK,OS,Tennessee Shallow,554,554-100-179,1,Iso,PAST,PORI,21
2015,2015,Sept,9/23/2015,MK,OS,Tennessee Shallow,554,554-100-179,1,Iso,PAST,PORI,11
2015,2015,Sept,9/23/2015,MK,OS,Tennessee Shallow,554,554-100-179,1,Iso,PAST,PORI,21
2015,2015,Sept,9/23/2015,MK,OS,Tennessee Shallow,554,554-100-179,1,Iso,PAST,PORI,12
2015,2015,Sept,9/23/2015,MK,OS,Tennessee Shallow,554,554-100-179,1,Juv,PAST,PORI,14
2015,2015,Sept,9/23/2015,MK,OS,Tennessee Shallow,554,554-100-179,1,Juv,PAST,PORI,19
2015,2015,Sept,9/23/2015,MK,OS,Tennessee Shallow,554,554-100-179,1,Juv,PAST,PORI,10
2015,2015,Sept,9/23/2015,MK,OS,Tennessee Shallow,554,554-100-179,1,Juv,PAST,PORI,16
2015,2015,Sept,9/23/2015,MK,OS,Tennessee Shallow,554,554-100-179,1,Iso,PPOR,PORI,21
2015,2015,Sept,9/23/2015,MK,OS,Tennessee Shallow,554,554-100-179,1,Juv,SRAD,SIDE,25
2015,2015,Sept,9/23/2015,MK,OS,Tennessee Shallow,554,554-100-179,1,Juv,SRAD,SIDE,26
2015,2015,Sept,9/21/2015,MK,OS,Tennessee Shallow,554,554-500-016,1,Juv,DSTO,DSTO,13
2015,2015,Sept,9/21/2015,MK,OS,Tennessee Shallow,554,554-500-016,1,Juv,MCAV,MCAV,17
2015,2015,Sept,9/21/2015,MK,OS,Tennessee Shallow,554,554-500-016,1,Juv,MCAV,MCAV,14
2015,2015,Sept,9/21/2015,MK,OS,Tennessee Shallow,554,554-500-016,1,Juv,PAST,PORI,23
2015,2015,Sept,9/21/2015,MK,OS,Tennessee Shallow,554,554-500-016,1,Juv,PAST,PORI,16
2015,2015,Sept,9/21/2015,MK,OS,Tennessee Shallow,554,554-500-016,1,Juv,PAST,PORI,9
2015,2015,Sept,9/21/2015,MK,OS,Tennessee Shallow,554,554-500-016,1,Juv,PAST,PORI,8
2015,2015,Sept,9/21/2015,MK,OS,Tennessee Shallow,554,554-500-016,1,Juv,SSID,SIDE,15
2015,2015,Sept,9/21/2015,MK,OS,Tennessee Shallow,554,554-500-016,1,Juv,SSID,SIDE,38
2015,2015,Sept,9/21/2015,MK,OS,Tennessee Shallow,554,554-500-016,1,Juv,SMIC,SMIC,17
2015,2015,Sept,9/21/2015,MK,OS,Tennessee Shallow,554,554-500-049,1,Juv,PAST,PORI,26
2015,2015,Sept,9/21/2015,MK,OS,Tennessee Shallow,554,554-500-049,1,Juv,PAST,PORI,15
2015,2015,Sept,9/21/2015,MK,OS,Tennessee Shallow,554,554-500-114,1,Juv,SSID,SIDE,7
2015,2015,Sept,9/23/2015,MK,OS,Tennessee Shallow,554,554-500-171,1,Juv,PAST,PORI,23
2015,2015,Sept,9/23/2015,MK,OS,Tennessee Shallow,554,554-500-171,1,Juv,PAST,PORI,16
2015,2015,Sept,9/3/2015,MK,OS,Sombrero Shallow,561,561-100-028,0,NA,NA,NA,NA
2015,2015,Sept,9/3/2015,MK,OS,Sombrero Shallow,561,561-100-083,1,Juv,PAST,PORI,16
2015,2015,Sept,9/3/2015,MK,OS,Sombrero Shallow,561,561-100-097,1,Juv,DIPL,DIPL,19
2015,2015,Sept,9/3/2015,MK,OS,Sombrero Shallow,561,561-100-139,1,Juv,AAGA,AGAR,28
2015,2015,Sept,9/3/2015,MK,OS,Sombrero Shallow,561,561-100-139,1,Juv,AAGA,AGAR,16
2015,2015,Sept,9/3/2015,MK,OS,Sombrero Shallow,561,561-100-139,1,Juv,AAGA,AGAR,23
2015,2015,Sept,9/3/2015,MK,OS,Sombrero Shallow,561,561-100-139,1,Juv,PAST,PORI,20
2015,2015,Sept,9/3/2015,MK,OS,Sombrero Shallow,561,561-100-139,1,Juv,PAST,PORI,20
2015,2015,Sept,9/3/2015,MK,OS,Sombrero Shallow,561,561-100-139,1,Juv,SSID,SIDE,34
2015,2015,Sept,9/3/2015,MK,OS,Sombrero Shallow,561,561-100-139,1,Juv,SSID,SIDE,24
2015,2015,Sept,9/3/2015,MK,OS,Sombrero Shallow,561,561-500-083,1,Juv,CNAT,CNAT,14
2015,2015,Sept,9/3/2015,MK,OS,Sombrero Shallow,561,561-500-083,1,Juv,DSTO,DSTO,20
2015,2015,Sept,9/3/2015,MK,OS,Sombrero Shallow,561,561-500-108,1,Juv,PAST,PORI,8
2015,2015,Sept,9/3/2015,MK,OS,Sombrero Shallow,561,561-500-108,1,Juv,PPOR,PORI,37
2015,2015,Sept,9/3/2015,MK,OS,Sombrero Shallow,561,561-500-108,1,Juv,SSID,SIDE,15
2015,2015,Sept,9/3/2015,MK,OS,Sombrero Shallow,561,561-500-154,1,Juv,AAGA,AGAR,20
2015,2015,Sept,9/3/2015,MK,OS,Sombrero Shallow,561,561-500-154,1,Juv,AAGA,AGAR,15
2015,2015,Sept,9/3/2015,MK,OS,Sombrero Shallow,561,561-500-154,1,Juv,AAGA,AGAR,25
2015,2015,Sept,9/3/2015,MK,OS,Sombrero Shallow,561,561-500-154,1,Juv,AAGA,AGAR,20
2015,2015,Sept,9/3/2015,MK,OS,Sombrero Shallow,561,561-500-154,1,Juv,AAGA,AGAR,13
2015,2015,Sept,9/3/2015,MK,OS,Sombrero Shallow,561,561-500-195,1,Juv,AAGA,AGAR,31
2015,2015,Sept,9/3/2015,MK,OS,Sombrero Shallow,561,561-500-195,1,Juv,AAGA,AGAR,28
2015,2015,Sept,9/3/2015,MK,OS,Sombrero Shallow,561,561-500-195,1,Juv,AAGA,AGAR,14
2015,2015,Sept,9/3/2015,MK,OS,Sombrero Shallow,561,561-500-195,1,Juv,AAGA,AGAR,19
2015,2015,Sept,9/3/2015,MK,OS,Sombrero Shallow,561,561-500-195,1,Juv,PAST,PORI,19
2015,2015,Sept,9/3/2015,MK,OS,Sombrero Shallow,561,561-500-195,1,Juv,PAST,PORI,5
2015,2015,Sept,9/3/2015,MK,OS,Sombrero Shallow,561,561-500-195,1,Juv,PAST,PORI,12
2015,2015,Sept,9/3/2015,MK,OS,Sombrero Shallow,561,561-500-195,1,Juv,PAST,PORI,20
2015,2015,Sept,9/3/2015,MK,OS,Sombrero Shallow,562,562-100-060,0,NA,NA,NA,NA
2015,2015,Sept,9/3/2015,MK,OS,Sombrero Shallow,562,562-100-080,1,Juv,AAGA,AGAR,39
2015,2015,Sept,9/3/2015,MK,OS,Sombrero Shallow,562,562-100-080,1,Juv,PPOR,PORI,8
2015,2015,Sept,9/3/2015,MK,OS,Sombrero Shallow,562,562-100-117,1,Iso,ACER,ACRO,20
2015,2015,Sept,9/3/2015,MK,OS,Sombrero Shallow,562,562-100-117,1,Iso,ACER,ACRO,11
2015,2015,Sept,9/3/2015,MK,OS,Sombrero Shallow,562,562-100-117,1,Iso,ACER,ACRO,26
2015,2015,Sept,9/3/2015,MK,OS,Sombrero Shallow,562,562-100-117,1,Iso,ACER,ACRO,29
2015,2015,Sept,9/3/2015,MK,OS,Sombrero Shallow,562,562-100-117,1,Iso,ACER,ACRO,28
2015,2015,Sept,9/3/2015,MK,OS,Sombrero Shallow,562,562-100-117,1,Iso,ACER,ACRO,15
2015,2015,Sept,9/3/2015,MK,OS,Sombrero Shallow,562,562-100-117,1,Iso,ACER,ACRO,16
2015,2015,Sept,9/3/2015,MK,OS,Sombrero Shallow,562,562-100-117,1,Iso,ACER,ACRO,22
2015,2015,Sept,9/3/2015,MK,OS,Sombrero Shallow,562,562-100-117,1,Iso,ACER,ACRO,27
2015,2015,Sept,9/3/2015,MK,OS,Sombrero Shallow,562,562-100-117,1,Iso,ACER,ACRO,18
2015,2015,Sept,9/3/2015,MK,OS,Sombrero Shallow,562,562-100-117,1,Iso,ACER,ACRO,11
2015,2015,Sept,9/3/2015,MK,OS,Sombrero Shallow,562,562-100-117,1,Juv,AAGA,AGAR,22
2015,2015,Sept,9/3/2015,MK,OS,Sombrero Shallow,562,562-100-117,1,Juv,AAGA,AGAR,29
2015,2015,Sept,9/3/2015,MK,OS,Sombrero Shallow,562,562-100-117,1,Juv,AAGA,AGAR,27
2015,2015,Sept,9/3/2015,MK,OS,Sombrero Shallow,562,562-100-117,1,Juv,AAGA,AGAR,29
2015,2015,Sept,9/3/2015,MK,OS,Sombrero Shallow,562,562-100-117,1,Juv,AAGA,AGAR,39
2015,2015,Sept,9/3/2015,MK,OS,Sombrero Shallow,562,562-100-117,1,Juv,AAGA,AGAR,30
2015,2015,Sept,9/3/2015,MK,OS,Sombrero Shallow,562,562-100-117,1,Juv,AAGA,AGAR,24
2015,2015,Sept,9/3/2015,MK,OS,Sombrero Shallow,562,562-100-117,1,Juv,AAGA,AGAR,29
2015,2015,Sept,9/3/2015,MK,OS,Sombrero Shallow,562,562-100-117,1,Juv,AAGA,AGAR,23
2015,2015,Sept,9/3/2015,MK,OS,Sombrero Shallow,562,562-100-117,1,Juv,AAGA,AGAR,9
2015,2015,Sept,9/3/2015,MK,OS,Sombrero Shallow,562,562-100-117,1,Juv,AAGA,AGAR,29
2015,2015,Sept,9/3/2015,MK,OS,Sombrero Shallow,562,562-100-117,1,Juv,AAGA,AGAR,38
2015,2015,Sept,9/3/2015,MK,OS,Sombrero Shallow,562,562-100-117,1,Iso,PAST,PORI,8
2015,2015,Sept,9/3/2015,MK,OS,Sombrero Shallow,562,562-100-117,1,Juv,PAST,PORI,11
2015,2015,Sept,9/3/2015,MK,OS,Sombrero Shallow,562,562-100-117,1,Juv,PAST,PORI,10
2015,2015,Sept,9/3/2015,MK,OS,Sombrero Shallow,562,562-100-117,1,Juv,PAST,PORI,11
2015,2015,Sept,9/3/2015,MK,OS,Sombrero Shallow,562,562-100-140,1,Juv,AAGA,AGAR,32
2015,2015,Sept,9/3/2015,MK,OS,Sombrero Shallow,562,562-100-140,1,Juv,AAGA,AGAR,16
2015,2015,Sept,9/3/2015,MK,OS,Sombrero Shallow,562,562-100-140,1,Juv,AAGA,AGAR,24
2015,2015,Sept,9/3/2015,MK,OS,Sombrero Shallow,562,562-100-140,1,Juv,AAGA,AGAR,18
2015,2015,Sept,9/3/2015,MK,OS,Sombrero Shallow,562,562-100-140,1,Juv,PAST,PORI,16
2015,2015,Sept,9/3/2015,MK,OS,Sombrero Shallow,562,562-100-140,1,Juv,SSID,SIDE,17
2015,2015,Sept,9/3/2015,MK,OS,Sombrero Shallow,562,562-100-140,1,Juv,SSID,SIDE,14
2015,2015,Sept,9/3/2015,MK,OS,Sombrero Shallow,562,562-500-039,0,NA,NA,NA,NA
2015,2015,Sept,9/3/2015,MK,OS,Sombrero Shallow,562,562-500-077,1,Juv,AAGA,AGAR,27
2015,2015,Sept,9/3/2015,MK,OS,Sombrero Shallow,562,562-500-077,1,Juv,PAST,PORI,23
2015,2015,Sept,9/3/2015,MK,OS,Sombrero Shallow,562,562-500-077,1,Juv,PAST,PORI,27
2015,2015,Sept,9/3/2015,MK,OS,Sombrero Shallow,562,562-500-126,0,NA,NA,NA,NA
2015,2015,Sept,9/3/2015,MK,OS,Sombrero Shallow,562,562-500-164,1,Juv,SSID,SIDE,35
2015,2015,Sept,9/3/2015,MK,OS,Sombrero Shallow,563,563-100-013,1,Juv,SSID,SIDE,21
2015,2015,Sept,9/3/2015,MK,OS,Sombrero Shallow,563,563-100-073,1,Juv,PAST,PORI,18
2015,2015,Sept,9/3/2015,MK,OS,Sombrero Shallow,563,563-100-107,1,Juv,PAST,PORI,25
2015,2015,Sept,9/3/2015,MK,OS,Sombrero Shallow,563,563-100-107,1,Juv,PAST,PORI,7
2015,2015,Sept,9/3/2015,MK,OS,Sombrero Shallow,563,563-100-107,1,Juv,SSID,SIDE,11
2015,2015,Sept,9/3/2015,MK,OS,Sombrero Shallow,563,563-100-107,1,Juv,SSID,SIDE,6
2015,2015,Sept,9/3/2015,MK,OS,Sombrero Shallow,563,563-100-179,1,Juv,AAGA,AGAR,32
2015,2015,Sept,9/3/2015,MK,OS,Sombrero Shallow,563,563-500-047,1,Juv,PAST,PORI,8
2015,2015,Sept,9/3/2015,MK,OS,Sombrero Shallow,563,563-500-047,1,Juv,SSID,SIDE,11
2015,2015,Sept,9/3/2015,MK,OS,Sombrero Shallow,563,563-500-047,1,Juv,SSID,SIDE,15
2015,2015,Sept,9/3/2015,MK,OS,Sombrero Shallow,563,563-500-081,1,Juv,AAGA,AGAR,22
2015,2015,Sept,9/3/2015,MK,OS,Sombrero Shallow,563,563-500-081,1,Juv,PAST,PORI,20
2015,2015,Sept,9/3/2015,MK,OS,Sombrero Shallow,563,563-500-081,1,Juv,PAST,PORI,24
2015,2015,Sept,9/3/2015,MK,OS,Sombrero Shallow,563,563-500-125,1,Juv,SSID,SIDE,27
2015,2015,Sept,9/3/2015,MK,OS,Sombrero Shallow,563,563-500-188,0,NA,NA,NA,NA
2015,2015,Sept,9/3/2015,MK,OS,Sombrero Shallow,564,564-100-047,1,Juv,AAGA,AGAR,10
2015,2015,Sept,9/3/2015,MK,OS,Sombrero Shallow,564,564-100-047,1,Juv,AAGA,AGAR,9
2015,2015,Sept,9/3/2015,MK,OS,Sombrero Shallow,564,564-100-047,1,Juv,AAGA,AGAR,26
2015,2015,Sept,9/3/2015,MK,OS,Sombrero Shallow,564,564-100-071,1,Juv,AAGA,AGAR,20
2015,2015,Sept,9/3/2015,MK,OS,Sombrero Shallow,564,564-100-071,1,Juv,AAGA,AGAR,13
2015,2015,Sept,9/3/2015,MK,OS,Sombrero Shallow,564,564-100-071,1,Juv,AAGA,AGAR,15
2015,2015,Sept,9/3/2015,MK,OS,Sombrero Shallow,564,564-100-071,1,Juv,AAGA,AGAR,37
2015,2015,Sept,9/3/2015,MK,OS,Sombrero Shallow,564,564-100-110,0,NA,NA,NA,NA
2015,2015,Sept,9/3/2015,MK,OS,Sombrero Shallow,564,564-100-162,0,NA,NA,NA,NA
2015,2015,Sept,9/3/2015,MK,OS,Sombrero Shallow,564,564-500-067,1,Juv,AAGA,AGAR,23
2015,2015,Sept,9/3/2015,MK,OS,Sombrero Shallow,564,564-500-067,1,Juv,AAGA,AGAR,11
2015,2015,Sept,9/3/2015,MK,OS,Sombrero Shallow,564,564-500-067,1,Juv,AAGA,AGAR,24
2015,2015,Sept,9/3/2015,MK,OS,Sombrero Shallow,564,564-500-067,1,Juv,AAGA,AGAR,26
2015,2015,Sept,9/3/2015,MK,OS,Sombrero Shallow,564,564-500-067,1,Juv,AAGA,AGAR,11
2015,2015,Sept,9/3/2015,MK,OS,Sombrero Shallow,564,564-500-067,1,Juv,AAGA,AGAR,16
2015,2015,Sept,9/3/2015,MK,OS,Sombrero Shallow,564,564-500-067,1,Juv,AAGA,AGAR,20
2015,2015,Sept,9/3/2015,MK,OS,Sombrero Shallow,564,564-500-067,1,Juv,SSID,SIDE,20
2015,2015,Sept,9/3/2015,MK,OS,Sombrero Shallow,564,564-500-067,1,Juv,SSID,SIDE,38
2015,2015,Sept,9/3/2015,MK,OS,Sombrero Shallow,564,564-500-067,1,Juv,SSID,SIDE,17
2015,2015,Sept,9/3/2015,MK,OS,Sombrero Shallow,564,564-500-092,1,Juv,AAGA,AGAR,19
2015,2015,Sept,9/3/2015,MK,OS,Sombrero Shallow,564,564-500-092,1,Juv,AAGA,AGAR,12
2015,2015,Sept,9/3/2015,MK,OS,Sombrero Shallow,564,564-500-092,1,Juv,AAGA,AGAR,6
2015,2015,Sept,9/3/2015,MK,OS,Sombrero Shallow,564,564-500-092,1,Juv,AAGA,AGAR,12
2015,2015,Sept,9/3/2015,MK,OS,Sombrero Shallow,564,564-500-092,1,Juv,SSID,SIDE,25
2015,2015,Sept,9/3/2015,MK,OS,Sombrero Shallow,564,564-500-092,1,Juv,SSID,SIDE,35
2015,2015,Sept,9/3/2015,MK,OS,Sombrero Shallow,564,564-500-160,1,Juv,AAGA,AGAR,14
2015,2015,Sept,9/3/2015,MK,OS,Sombrero Shallow,564,564-500-177,0,NA,NA,NA,NA
2015,2015,Aug,8/12/2015,LK,OS,Western Sambo Shallow,591,591-100-031,1,Juv,SSID,SIDE,8
2015,2015,Aug,8/12/2015,LK,OS,Western Sambo Shallow,591,591-100-031,1,Juv,SSID,SIDE,24
2015,2015,Aug,8/12/2015,LK,OS,Western Sambo Shallow,591,591-100-052,1,Juv,DIPL,DIPL,12
2015,2015,Aug,8/12/2015,LK,OS,Western Sambo Shallow,591,591-100-052,1,Juv,SSID,SIDE,8
2015,2015,Aug,8/12/2015,LK,OS,Western Sambo Shallow,591,591-100-154,1,Juv,PAST,PORI,34
2015,2015,Aug,8/12/2015,LK,OS,Western Sambo Shallow,591,591-100-154,1,Juv,SRAD,SIDE,32
2015,2015,Aug,8/12/2015,LK,OS,Western Sambo Shallow,591,591-100-202,1,Juv,PAST,PORI,29
2015,2015,Aug,8/12/2015,LK,OS,Western Sambo Shallow,591,591-100-202,1,Juv,SSID,SIDE,34
2015,2015,Aug,8/12/2015,LK,OS,Western Sambo Shallow,591,591-100-202,1,Juv,SSID,SIDE,24
2015,2015,Aug,8/12/2015,LK,OS,Western Sambo Shallow,591,591-100-202,1,Juv,SSID,SIDE,10
2015,2015,Aug,8/12/2015,LK,OS,Western Sambo Shallow,591,591-500-019,1,Juv,PAST,PORI,25
2015,2015,Aug,8/12/2015,LK,OS,Western Sambo Shallow,591,591-500-072,1,Juv,PAST,PORI,36
2015,2015,Aug,8/12/2015,LK,OS,Western Sambo Shallow,591,591-500-072,1,Juv,SSID,SIDE,22
2015,2015,Aug,8/12/2015,LK,OS,Western Sambo Shallow,591,591-500-072,1,Juv,SSID,SIDE,26
2015,2015,Aug,8/12/2015,LK,OS,Western Sambo Shallow,591,591-500-157,1,Juv,AAGA,AGAR,18
2015,2015,Aug,8/12/2015,LK,OS,Western Sambo Shallow,591,591-500-157,1,Juv,PAST,PORI,9
2015,2015,Aug,8/12/2015,LK,OS,Western Sambo Shallow,591,591-500-157,1,Juv,PAST,PORI,29
2015,2015,Aug,8/12/2015,LK,OS,Western Sambo Shallow,591,591-500-157,1,Juv,PAST,PORI,6
2015,2015,Aug,8/12/2015,LK,OS,Western Sambo Shallow,591,591-500-195,1,Juv,PAST,PORI,34
2015,2015,Aug,8/12/2015,LK,OS,Western Sambo Shallow,591,591-500-195,1,Juv,SRAD,SIDE,23
2015,2015,Aug,8/12/2015,LK,OS,Western Sambo Shallow,592,592-100-039,1,Iso,AAGA,AGAR,6
2015,2015,Aug,8/12/2015,LK,OS,Western Sambo Shallow,592,592-100-039,1,Juv,AAGA,AGAR,15
2015,2015,Aug,8/12/2015,LK,OS,Western Sambo Shallow,592,592-100-039,1,Juv,AAGA,AGAR,30
2015,2015,Aug,8/12/2015,LK,OS,Western Sambo Shallow,592,592-100-039,1,Juv,AAGA,AGAR,23
2015,2015,Aug,8/12/2015,LK,OS,Western Sambo Shallow,592,592-100-039,1,Juv,PAST,PORI,35
2015,2015,Aug,8/12/2015,LK,OS,Western Sambo Shallow,592,592-100-115,0,NA,NA,NA,NA
2015,2015,Aug,8/12/2015,LK,OS,Western Sambo Shallow,592,592-100-162,1,Juv,PAST,PORI,27
2015,2015,Aug,8/12/2015,LK,OS,Western Sambo Shallow,592,592-100-162,1,Juv,PAST,PORI,24
2015,2015,Aug,8/12/2015,LK,OS,Western Sambo Shallow,592,592-100-162,1,Juv,PAST,PORI,30
2015,2015,Aug,8/12/2015,LK,OS,Western Sambo Shallow,592,592-100-162,1,Juv,SSID,SIDE,25
2015,2015,Aug,8/12/2015,LK,OS,Western Sambo Shallow,592,592-100-199,1,Juv,FFRA,FFRA,31
2015,2015,Aug,8/12/2015,LK,OS,Western Sambo Shallow,592,592-100-199,1,Juv,PAST,PORI,8
2015,2015,Aug,8/12/2015,LK,OS,Western Sambo Shallow,592,592-500-053,1,Iso,AAGA,AGAR,26
2015,2015,Aug,8/12/2015,LK,OS,Western Sambo Shallow,592,592-500-053,1,Juv,AAGA,AGAR,30
2015,2015,Aug,8/12/2015,LK,OS,Western Sambo Shallow,592,592-500-053,1,Juv,AAGA,AGAR,26
2015,2015,Aug,8/12/2015,LK,OS,Western Sambo Shallow,592,592-500-053,1,Juv,AAGA,AGAR,9
2015,2015,Aug,8/12/2015,LK,OS,Western Sambo Shallow,592,592-500-053,1,Juv,AAGA,AGAR,6
2015,2015,Aug,8/12/2015,LK,OS,Western Sambo Shallow,592,592-500-053,1,Juv,AAGA,AGAR,10
2015,2015,Aug,8/12/2015,LK,OS,Western Sambo Shallow,592,592-500-053,1,Juv,AAGA,AGAR,35
2015,2015,Aug,8/12/2015,LK,OS,Western Sambo Shallow,592,592-500-053,1,Juv,AAGA,AGAR,14
2015,2015,Aug,8/12/2015,LK,OS,Western Sambo Shallow,592,592-500-053,1,Juv,AAGA,AGAR,12
2015,2015,Aug,8/12/2015,LK,OS,Western Sambo Shallow,592,592-500-053,1,Juv,PAST,PORI,13
2015,2015,Aug,8/12/2015,LK,OS,Western Sambo Shallow,592,592-500-053,1,Juv,PAST,PORI,4
2015,2015,Aug,8/12/2015,LK,OS,Western Sambo Shallow,592,592-500-053,1,Juv,PAST,PORI,5
2015,2015,Aug,8/12/2015,LK,OS,Western Sambo Shallow,592,592-500-053,1,Juv,PAST,PORI,10
2015,2015,Aug,8/12/2015,LK,OS,Western Sambo Shallow,592,592-500-112,1,Juv,DSTO,DSTO,37
2015,2015,Aug,8/12/2015,LK,OS,Western Sambo Shallow,592,592-500-112,1,Juv,SRAD,SIDE,21
2015,2015,Aug,8/12/2015,LK,OS,Western Sambo Shallow,592,592-500-112,1,Juv,SRAD,SIDE,22
2015,2015,Aug,8/12/2015,LK,OS,Western Sambo Shallow,592,592-500-112,1,Juv,SSID,SIDE,20
2015,2015,Aug,8/12/2015,LK,OS,Western Sambo Shallow,592,592-500-148,1,Juv,PAST,PORI,15
2015,2015,Aug,8/12/2015,LK,OS,Western Sambo Shallow,592,592-500-148,1,Juv,PAST,PORI,14
2015,2015,Aug,8/12/2015,LK,OS,Western Sambo Shallow,592,592-500-148,1,Juv,PAST,PORI,30
2015,2015,Aug,8/12/2015,LK,OS,Western Sambo Shallow,592,592-500-148,1,Juv,SSID,SIDE,38
2015,2015,Aug,8/12/2015,LK,OS,Western Sambo Shallow,592,592-500-243,0,NA,NA,NA,NA
2015,2015,Aug,8/12/2015,LK,OS,Western Sambo Shallow,593,593-100-015,1,Juv,AAGA,AGAR,31
2015,2015,Aug,8/12/2015,LK,OS,Western Sambo Shallow,593,593-100-015,1,Juv,AAGA,AGAR,8
2015,2015,Aug,8/12/2015,LK,OS,Western Sambo Shallow,593,593-100-015,1,Juv,AAGA,AGAR,6
2015,2015,Aug,8/12/2015,LK,OS,Western Sambo Shallow,593,593-100-015,1,Juv,FFRA,FFRA,18
2015,2015,Aug,8/12/2015,LK,OS,Western Sambo Shallow,593,593-100-015,1,Juv,PAST,PORI,3
2015,2015,Aug,8/12/2015,LK,OS,Western Sambo Shallow,593,593-100-015,1,Juv,SSID,SIDE,22
2015,2015,Aug,8/12/2015,LK,OS,Western Sambo Shallow,593,593-100-063,1,Juv,PAST,PORI,18
2015,2015,Aug,8/12/2015,LK,OS,Western Sambo Shallow,593,593-100-063,1,Juv,SSID,SIDE,5
2015,2015,Aug,8/12/2015,LK,OS,Western Sambo Shallow,593,593-100-063,1,Juv,SSID,SIDE,36
2015,2015,Aug,8/12/2015,LK,OS,Western Sambo Shallow,593,593-100-109,1,Juv,SSID,SIDE,4
2015,2015,Aug,8/12/2015,LK,OS,Western Sambo Shallow,593,593-100-231,1,Juv,AAGA,AGAR,10
2015,2015,Aug,8/12/2015,LK,OS,Western Sambo Shallow,593,593-100-231,1,Juv,AAGA,AGAR,12
2015,2015,Aug,8/12/2015,LK,OS,Western Sambo Shallow,593,593-100-231,1,Juv,AAGA,AGAR,14
2015,2015,Aug,8/12/2015,LK,OS,Western Sambo Shallow,593,593-100-231,1,Juv,AAGA,AGAR,15
2015,2015,Aug,8/12/2015,LK,OS,Western Sambo Shallow,593,593-100-231,1,Juv,AAGA,AGAR,11
2015,2015,Aug,8/12/2015,LK,OS,Western Sambo Shallow,593,593-100-231,1,Juv,AAGA,AGAR,10
2015,2015,Aug,8/12/2015,LK,OS,Western Sambo Shallow,593,593-100-231,1,Juv,AAGA,AGAR,16
2015,2015,Aug,8/12/2015,LK,OS,Western Sambo Shallow,593,593-100-231,1,Juv,PAST,PORI,3
2015,2015,Aug,8/12/2015,LK,OS,Western Sambo Shallow,593,593-500-022,1,Juv,AAGA,AGAR,30
2015,2015,Aug,8/12/2015,LK,OS,Western Sambo Shallow,593,593-500-022,1,Juv,AAGA,AGAR,8
2015,2015,Aug,8/12/2015,LK,OS,Western Sambo Shallow,593,593-500-022,1,Juv,PAST,PORI,10
2015,2015,Aug,8/12/2015,LK,OS,Western Sambo Shallow,593,593-500-022,1,Juv,PAST,PORI,6
2015,2015,Aug,8/12/2015,LK,OS,Western Sambo Shallow,593,593-500-022,1,Juv,PAST,PORI,24
2015,2015,Aug,8/12/2015,LK,OS,Western Sambo Shallow,593,593-500-022,1,Juv,PAST,PORI,12
2015,2015,Aug,8/12/2015,LK,OS,Western Sambo Shallow,593,593-500-022,1,Juv,PAST,PORI,13
2015,2015,Aug,8/12/2015,LK,OS,Western Sambo Shallow,593,593-500-022,1,Juv,PAST,PORI,34
2015,2015,Aug,8/12/2015,LK,OS,Western Sambo Shallow,593,593-500-022,1,Juv,PAST,PORI,15
2015,2015,Aug,8/12/2015,LK,OS,Western Sambo Shallow,593,593-500-022,1,Juv,PPOR,PORI,24
2015,2015,Aug,8/12/2015,LK,OS,Western Sambo Shallow,593,593-500-060,1,Juv,AAGA,AGAR,19
2015,2015,Aug,8/12/2015,LK,OS,Western Sambo Shallow,593,593-500-060,1,Juv,AAGA,AGAR,12
2015,2015,Aug,8/12/2015,LK,OS,Western Sambo Shallow,593,593-500-060,1,Juv,AAGA,AGAR,22
2015,2015,Aug,8/12/2015,LK,OS,Western Sambo Shallow,593,593-500-060,1,Juv,AAGA,AGAR,35
2015,2015,Aug,8/12/2015,LK,OS,Western Sambo Shallow,593,593-500-060,1,Juv,AAGA,AGAR,29
2015,2015,Aug,8/12/2015,LK,OS,Western Sambo Shallow,593,593-500-060,1,Juv,AAGA,AGAR,37
2015,2015,Aug,8/12/2015,LK,OS,Western Sambo Shallow,593,593-500-134,1,Juv,FFRA,FFRA,32
2015,2015,Aug,8/12/2015,LK,OS,Western Sambo Shallow,593,593-500-223,1,Juv,DCLI,DIPL,37
2015,2015,Aug,8/12/2015,LK,OS,Western Sambo Shallow,593,593-500-223,1,Juv,PAST,PORI,17
2015,2015,Aug,8/12/2015,LK,OS,Western Sambo Shallow,594,594-100-021,1,Juv,PAST,PORI,3
2015,2015,Aug,8/12/2015,LK,OS,Western Sambo Shallow,594,594-100-073,1,Juv,PAST,PORI,14
2015,2015,Aug,8/12/2015,LK,OS,Western Sambo Shallow,594,594-100-073,1,Juv,PORI,PORI,9
2015,2015,Aug,8/12/2015,LK,OS,Western Sambo Shallow,594,594-100-073,1,Juv,PPOR,PORI,21
2015,2015,Aug,8/12/2015,LK,OS,Western Sambo Shallow,594,594-100-124,1,Juv,PAST,PORI,6
2015,2015,Aug,8/12/2015,LK,OS,Western Sambo Shallow,594,594-100-174,1,Iso,PAST,PORI,26
2015,2015,Aug,8/12/2015,LK,OS,Western Sambo Shallow,594,594-500-011,1,Juv,FFRA,FFRA,19
2015,2015,Aug,8/12/2015,LK,OS,Western Sambo Shallow,594,594-500-011,1,Juv,PAST,PORI,4
2015,2015,Aug,8/12/2015,LK,OS,Western Sambo Shallow,594,594-500-011,1,Juv,PAST,PORI,16
2015,2015,Aug,8/12/2015,LK,OS,Western Sambo Shallow,594,594-500-011,1,Juv,PAST,PORI,18
2015,2015,Aug,8/12/2015,LK,OS,Western Sambo Shallow,594,594-500-011,1,Juv,PAST,PORI,20
2015,2015,Aug,8/12/2015,LK,OS,Western Sambo Shallow,594,594-500-011,1,Juv,PAST,PORI,24
2015,2015,Aug,8/12/2015,LK,OS,Western Sambo Shallow,594,594-500-035,1,Juv,AAGA,AGAR,35
2015,2015,Aug,8/12/2015,LK,OS,Western Sambo Shallow,594,594-500-035,1,Juv,AAGA,AGAR,14
2015,2015,Aug,8/12/2015,LK,OS,Western Sambo Shallow,594,594-500-035,1,Juv,AAGA,AGAR,16
2015,2015,Aug,8/12/2015,LK,OS,Western Sambo Shallow,594,594-500-035,1,Juv,AAGA,AGAR,14
2015,2015,Aug,8/12/2015,LK,OS,Western Sambo Shallow,594,594-500-035,1,Juv,AAGA,AGAR,5
2015,2015,Aug,8/12/2015,LK,OS,Western Sambo Shallow,594,594-500-035,1,Juv,AAGA,AGAR,18
2015,2015,Aug,8/12/2015,LK,OS,Western Sambo Shallow,594,594-500-035,1,Juv,AAGA,AGAR,24
2015,2015,Aug,8/12/2015,LK,OS,Western Sambo Shallow,594,594-500-035,1,Juv,PAST,PORI,14
2015,2015,Aug,8/12/2015,LK,OS,Western Sambo Shallow,594,594-500-149,1,Juv,PAST,PORI,17
2015,2015,Aug,8/12/2015,LK,OS,Western Sambo Shallow,594,594-500-149,1,Juv,PAST,PORI,10
2015,2015,Aug,8/12/2015,LK,OS,Western Sambo Shallow,594,594-500-189,1,Juv,PAST,PORI,27
2015,2015,Aug,8/12/2015,LK,OS,Western Sambo Shallow,594,594-500-189,1,Juv,PAST,PORI,22
2015,2015,Aug,8/12/2015,LK,OS,Western Sambo Shallow,594,594-500-189,1,Juv,PAST,PORI,10
2015,2015,Aug,8/12/2015,LK,OS,Western Sambo Shallow,594,594-500-189,1,Juv,PAST,PORI,12
2015,2015,Aug,8/12/2015,LK,OS,Western Sambo Shallow,594,594-500-189,1,Juv,PAST,PORI,4
2015,2015,Aug,8/12/2015,LK,OS,Western Sambo Shallow,594,594-500-189,1,Juv,PAST,PORI,7
2015,2015,Aug,8/12/2015,LK,OS,Western Sambo Shallow,594,594-500-189,1,Juv,PAST,PORI,25
2015,2015,Aug,8/13/2015,LK,OS,Sand Key Shallow,611,611-100-006,1,Juv,PAST,PORI,8
2015,2015,Aug,8/13/2015,LK,OS,Sand Key Shallow,611,611-100-006,1,Juv,PAST,PORI,10
2015,2015,Aug,8/13/2015,LK,OS,Sand Key Shallow,611,611-100-006,1,Juv,PAST,PORI,9
2015,2015,Aug,8/13/2015,LK,OS,Sand Key Shallow,611,611-100-057,1,Juv,AAGA,AGAR,18
2015,2015,Aug,8/13/2015,LK,OS,Sand Key Shallow,611,611-100-057,1,Juv,ORBI,ORBI,8
2015,2015,Aug,8/13/2015,LK,OS,Sand Key Shallow,611,611-100-057,1,Juv,PAST,PORI,9
2015,2015,Aug,8/13/2015,LK,OS,Sand Key Shallow,611,611-100-057,1,Juv,PAST,PORI,14
2015,2015,Aug,8/13/2015,LK,OS,Sand Key Shallow,611,611-100-057,1,Juv,PPOR,PORI,11
2015,2015,Aug,8/13/2015,LK,OS,Sand Key Shallow,611,611-100-057,1,Juv,SSID,SIDE,17
2015,2015,Aug,8/13/2015,LK,OS,Sand Key Shallow,611,611-100-057,1,Juv,SSID,SIDE,5
2015,2015,Aug,8/13/2015,LK,OS,Sand Key Shallow,611,611-100-057,1,Juv,SSID,SIDE,5
2015,2015,Aug,8/13/2015,LK,OS,Sand Key Shallow,611,611-100-155,1,Juv,PAST,PORI,36
2015,2015,Aug,8/13/2015,LK,OS,Sand Key Shallow,611,611-100-155,1,Juv,PAST,PORI,31
2015,2015,Aug,8/13/2015,LK,OS,Sand Key Shallow,611,611-100-155,1,Juv,PAST,PORI,14
2015,2015,Aug,8/13/2015,LK,OS,Sand Key Shallow,611,611-100-205,1,Juv,PAST,PORI,6
2015,2015,Aug,8/13/2015,LK,OS,Sand Key Shallow,611,611-100-205,1,Juv,PAST,PORI,7
2015,2015,Aug,8/13/2015,LK,OS,Sand Key Shallow,611,611-100-205,1,Juv,SSID,SIDE,12
2015,2015,Aug,8/13/2015,LK,OS,Sand Key Shallow,611,611-500-026,1,Juv,AAGA,AGAR,6
2015,2015,Aug,8/13/2015,LK,OS,Sand Key Shallow,611,611-500-026,1,Juv,PAST,PORI,6
2015,2015,Aug,8/13/2015,LK,OS,Sand Key Shallow,611,611-500-026,1,Juv,SSID,SIDE,39
2015,2015,Aug,8/13/2015,LK,OS,Sand Key Shallow,611,611-500-142,1,Juv,AAGA,AGAR,19
2015,2015,Aug,8/13/2015,LK,OS,Sand Key Shallow,611,611-500-142,1,Juv,AAGA,AGAR,15
2015,2015,Aug,8/13/2015,LK,OS,Sand Key Shallow,611,611-500-142,1,Juv,PAST,PORI,14
2015,2015,Aug,8/13/2015,LK,OS,Sand Key Shallow,611,611-500-142,1,Juv,PAST,PORI,17
2015,2015,Aug,8/13/2015,LK,OS,Sand Key Shallow,611,611-500-142,1,Juv,PAST,PORI,24
2015,2015,Aug,8/13/2015,LK,OS,Sand Key Shallow,611,611-500-169,1,Iso,PAST,PORI,7
2015,2015,Aug,8/13/2015,LK,OS,Sand Key Shallow,611,611-500-169,1,Iso,PAST,PORI,4
2015,2015,Aug,8/13/2015,LK,OS,Sand Key Shallow,611,611-500-169,1,Juv,PAST,PORI,9
2015,2015,Aug,8/13/2015,LK,OS,Sand Key Shallow,611,611-500-202,1,Juv,DSTO,DSTO,16
2015,2015,Aug,8/13/2015,LK,OS,Sand Key Shallow,611,611-500-202,1,Juv,PAST,PORI,4
2015,2015,Aug,8/13/2015,LK,OS,Sand Key Shallow,611,611-500-202,1,Juv,PAST,PORI,16
2015,2015,Aug,8/13/2015,LK,OS,Sand Key Shallow,611,611-500-202,1,Juv,PAST,PORI,18
2015,2015,Aug,8/13/2015,LK,OS,Sand Key Shallow,611,611-500-202,1,Juv,PAST,PORI,3
2015,2015,Aug,8/13/2015,LK,OS,Sand Key Shallow,612,612-100-023,1,Juv,AAGA,AGAR,14
2015,2015,Aug,8/13/2015,LK,OS,Sand Key Shallow,612,612-100-023,1,Juv,PAST,PORI,20
2015,2015,Aug,8/13/2015,LK,OS,Sand Key Shallow,612,612-100-023,1,Juv,PAST,PORI,24
2015,2015,Aug,8/13/2015,LK,OS,Sand Key Shallow,612,612-100-023,1,Juv,SRAD,SIDE,22
2015,2015,Aug,8/13/2015,LK,OS,Sand Key Shallow,612,612-100-060,1,Juv,SRAD,SIDE,18
2015,2015,Aug,8/13/2015,LK,OS,Sand Key Shallow,612,612-100-060,1,Juv,SSID,SIDE,25
2015,2015,Aug,8/13/2015,LK,OS,Sand Key Shallow,612,612-100-101,1,Juv,AAGA,AGAR,26
2015,2015,Aug,8/13/2015,LK,OS,Sand Key Shallow,612,612-100-101,1,Juv,PAST,PORI,12
2015,2015,Aug,8/13/2015,LK,OS,Sand Key Shallow,612,612-100-101,1,Juv,PAST,PORI,15
2015,2015,Aug,8/13/2015,LK,OS,Sand Key Shallow,612,612-100-101,1,Juv,PAST,PORI,32
2015,2015,Aug,8/13/2015,LK,OS,Sand Key Shallow,612,612-100-101,1,Juv,SSID,SIDE,36
2015,2015,Aug,8/13/2015,LK,OS,Sand Key Shallow,612,612-100-172,1,Juv,PAST,PORI,29
2015,2015,Aug,8/13/2015,LK,OS,Sand Key Shallow,612,612-100-172,1,Juv,PAST,PORI,5
2015,2015,Aug,8/13/2015,LK,OS,Sand Key Shallow,612,612-100-172,1,Juv,SSID,SIDE,36
2015,2015,Aug,8/13/2015,LK,OS,Sand Key Shallow,612,612-500-036,1,Iso,AAGA,AGAR,9
2015,2015,Aug,8/13/2015,LK,OS,Sand Key Shallow,612,612-500-036,1,Iso,AAGA,AGAR,7
2015,2015,Aug,8/13/2015,LK,OS,Sand Key Shallow,612,612-500-036,1,Iso,AAGA,AGAR,17
2015,2015,Aug,8/13/2015,LK,OS,Sand Key Shallow,612,612-500-036,1,Iso,AAGA,AGAR,7
2015,2015,Aug,8/13/2015,LK,OS,Sand Key Shallow,612,612-500-036,1,Iso,AAGA,AGAR,28
2015,2015,Aug,8/13/2015,LK,OS,Sand Key Shallow,612,612-500-036,1,Juv,AAGA,AGAR,18
2015,2015,Aug,8/13/2015,LK,OS,Sand Key Shallow,612,612-500-036,1,Juv,AAGA,AGAR,18
2015,2015,Aug,8/13/2015,LK,OS,Sand Key Shallow,612,612-500-036,1,Juv,PAST,PORI,9
2015,2015,Aug,8/13/2015,LK,OS,Sand Key Shallow,612,612-500-036,1,Iso,PAST,PORI,39
2015,2015,Aug,8/13/2015,LK,OS,Sand Key Shallow,612,612-500-036,1,Juv,PAST,PORI,15
2015,2015,Aug,8/13/2015,LK,OS,Sand Key Shallow,612,612-500-105,1,Juv,AAGA,AGAR,10
2015,2015,Aug,8/13/2015,LK,OS,Sand Key Shallow,612,612-500-105,1,Juv,PAST,PORI,25
2015,2015,Aug,8/13/2015,LK,OS,Sand Key Shallow,612,612-500-105,1,Juv,PAST,PORI,38
2015,2015,Aug,8/13/2015,LK,OS,Sand Key Shallow,612,612-500-105,1,Iso,PPOR,PORI,30
2015,2015,Aug,8/13/2015,LK,OS,Sand Key Shallow,612,612-500-105,1,Iso,PPOR,PORI,26
2015,2015,Aug,8/13/2015,LK,OS,Sand Key Shallow,612,612-500-105,1,Iso,PPOR,PORI,14
2015,2015,Aug,8/13/2015,LK,OS,Sand Key Shallow,612,612-500-105,1,Juv,SRAD,SIDE,33
2015,2015,Aug,8/13/2015,LK,OS,Sand Key Shallow,612,612-500-105,1,Juv,SSID,SIDE,32
2015,2015,Aug,8/13/2015,LK,OS,Sand Key Shallow,612,612-500-145,1,Iso,AAGA,AGAR,38
2015,2015,Aug,8/13/2015,LK,OS,Sand Key Shallow,612,612-500-145,1,Iso,AAGA,AGAR,29
2015,2015,Aug,8/13/2015,LK,OS,Sand Key Shallow,612,612-500-145,1,Iso,AAGA,AGAR,38
2015,2015,Aug,8/13/2015,LK,OS,Sand Key Shallow,612,612-500-145,1,Iso,AAGA,AGAR,30
2015,2015,Aug,8/13/2015,LK,OS,Sand Key Shallow,612,612-500-145,1,Iso,AAGA,AGAR,25
2015,2015,Aug,8/13/2015,LK,OS,Sand Key Shallow,612,612-500-145,1,Juv,PAST,PORI,31
2015,2015,Aug,8/13/2015,LK,OS,Sand Key Shallow,612,612-500-145,1,Juv,PAST,PORI,18
2015,2015,Aug,8/13/2015,LK,OS,Sand Key Shallow,612,612-500-145,1,Juv,PAST,PORI,19
2015,2015,Aug,8/13/2015,LK,OS,Sand Key Shallow,612,612-500-145,1,Juv,PAST,PORI,6
2015,2015,Aug,8/13/2015,LK,OS,Sand Key Shallow,612,612-500-187,1,Juv,DSTO,DSTO,20
2015,2015,Aug,8/13/2015,LK,OS,Sand Key Shallow,612,612-500-187,1,Juv,PAST,PORI,18
2015,2015,Aug,8/13/2015,LK,OS,Sand Key Shallow,612,612-500-187,1,Juv,PAST,PORI,15
2015,2015,Aug,8/13/2015,LK,OS,Sand Key Shallow,612,612-500-187,1,Juv,PAST,PORI,6
2015,2015,Aug,8/13/2015,LK,OS,Sand Key Shallow,612,612-500-187,1,Juv,PAST,PORI,11
2015,2015,Aug,8/12/2015,LK,OS,Sand Key Shallow,613,613-100-020,1,Juv,AAGA,AGAR,38
2015,2015,Aug,8/12/2015,LK,OS,Sand Key Shallow,613,613-100-020,1,Juv,SSID,SIDE,15
2015,2015,Aug,8/12/2015,LK,OS,Sand Key Shallow,613,613-100-045,1,Juv,PAST,PORI,25
2015,2015,Aug,8/12/2015,LK,OS,Sand Key Shallow,613,613-100-045,1,Juv,PAST,PORI,19
2015,2015,Aug,8/12/2015,LK,OS,Sand Key Shallow,613,613-100-045,1,Juv,PAST,PORI,10
2015,2015,Aug,8/12/2015,LK,OS,Sand Key Shallow,613,613-100-045,1,Juv,PAST,PORI,22
2015,2015,Aug,8/12/2015,LK,OS,Sand Key Shallow,613,613-100-045,1,Juv,PAST,PORI,22
2015,2015,Aug,8/12/2015,LK,OS,Sand Key Shallow,613,613-100-045,1,Juv,PAST,PORI,11
2015,2015,Aug,8/12/2015,LK,OS,Sand Key Shallow,613,613-100-097,1,Juv,PAST,PORI,8
2015,2015,Aug,8/12/2015,LK,OS,Sand Key Shallow,613,613-100-097,1,Juv,PAST,PORI,9
2015,2015,Aug,8/12/2015,LK,OS,Sand Key Shallow,613,613-100-097,1,Juv,SRAD,SIDE,21
2015,2015,Aug,8/12/2015,LK,OS,Sand Key Shallow,613,613-100-176,1,Iso,AAGA,AGAR,26
2015,2015,Aug,8/12/2015,LK,OS,Sand Key Shallow,613,613-100-176,1,Iso,AAGA,AGAR,35
2015,2015,Aug,8/12/2015,LK,OS,Sand Key Shallow,613,613-100-176,1,Juv,AAGA,AGAR,5
2015,2015,Aug,8/12/2015,LK,OS,Sand Key Shallow,613,613-100-176,1,Juv,PAST,PORI,30
2015,2015,Aug,8/12/2015,LK,OS,Sand Key Shallow,613,613-100-176,1,Juv,SSID,SIDE,22
2015,2015,Aug,8/13/2015,LK,OS,Sand Key Shallow,613,613-500-057,1,Juv,PAST,PORI,17
2015,2015,Aug,8/13/2015,LK,OS,Sand Key Shallow,613,613-500-057,1,Juv,PPOR,PORI,22
2015,2015,Aug,8/13/2015,LK,OS,Sand Key Shallow,613,613-500-057,1,Juv,SSID,SIDE,22
2015,2015,Aug,8/13/2015,LK,OS,Sand Key Shallow,613,613-500-101,1,Juv,AAGA,AGAR,24
2015,2015,Aug,8/13/2015,LK,OS,Sand Key Shallow,613,613-500-101,1,Juv,PAST,PORI,26
2015,2015,Aug,8/13/2015,LK,OS,Sand Key Shallow,613,613-500-101,1,Juv,PAST,PORI,18
2015,2015,Aug,8/13/2015,LK,OS,Sand Key Shallow,613,613-500-101,1,Juv,PAST,PORI,10
2015,2015,Aug,8/13/2015,LK,OS,Sand Key Shallow,613,613-500-101,1,Juv,PAST,PORI,11
2015,2015,Aug,8/13/2015,LK,OS,Sand Key Shallow,613,613-500-101,1,Juv,SSID,SIDE,18
2015,2015,Aug,8/13/2015,LK,OS,Sand Key Shallow,613,613-500-153,1,Juv,AAGA,AGAR,14
2015,2015,Aug,8/13/2015,LK,OS,Sand Key Shallow,613,613-500-153,1,Juv,PAST,PORI,10
2015,2015,Aug,8/13/2015,LK,OS,Sand Key Shallow,613,613-500-153,1,Juv,PAST,PORI,30
2015,2015,Aug,8/13/2015,LK,OS,Sand Key Shallow,613,613-500-153,1,Juv,PAST,PORI,8
2015,2015,Aug,8/13/2015,LK,OS,Sand Key Shallow,613,613-500-168,1,Juv,PAST,PORI,14
2015,2015,Aug,8/13/2015,LK,OS,Sand Key Shallow,613,613-500-168,1,Juv,PAST,PORI,11
2015,2015,Aug,8/13/2015,LK,OS,Sand Key Shallow,613,613-500-168,1,Juv,PAST,PORI,7
2015,2015,Aug,8/13/2015,LK,OS,Sand Key Shallow,613,613-500-168,1,Juv,UNKS,UNKS,4
2015,2015,Aug,8/13/2015,LK,OS,Sand Key Shallow,614,614-100-010,1,Juv,PAST,PORI,18
2015,2015,Aug,8/13/2015,LK,OS,Sand Key Shallow,614,614-100-010,1,Juv,PAST,PORI,17
2015,2015,Aug,8/13/2015,LK,OS,Sand Key Shallow,614,614-100-069,1,Juv,PAST,PORI,30
2015,2015,Aug,8/13/2015,LK,OS,Sand Key Shallow,614,614-100-069,1,Juv,PAST,PORI,23
2015,2015,Aug,8/13/2015,LK,OS,Sand Key Shallow,614,614-100-069,1,Juv,PAST,PORI,9
2015,2015,Aug,8/13/2015,LK,OS,Sand Key Shallow,614,614-100-149,1,Juv,AAGA,AGAR,11
2015,2015,Aug,8/13/2015,LK,OS,Sand Key Shallow,614,614-100-149,1,Juv,AAGA,AGAR,7
2015,2015,Aug,8/13/2015,LK,OS,Sand Key Shallow,614,614-100-149,1,Juv,PAST,PORI,28
2015,2015,Aug,8/13/2015,LK,OS,Sand Key Shallow,614,614-100-149,1,Juv,SSID,SIDE,35
2015,2015,Aug,8/13/2015,LK,OS,Sand Key Shallow,614,614-100-149,1,Juv,SSID,SIDE,34
2015,2015,Aug,8/13/2015,LK,OS,Sand Key Shallow,614,614-100-149,1,Juv,SSID,SIDE,10
2015,2015,Aug,8/13/2015,LK,OS,Sand Key Shallow,614,614-100-203,1,Juv,AAGA,AGAR,29
2015,2015,Aug,8/13/2015,LK,OS,Sand Key Shallow,614,614-100-203,1,Juv,AAGA,AGAR,7
2015,2015,Aug,8/13/2015,LK,OS,Sand Key Shallow,614,614-100-203,1,Juv,AAGA,AGAR,6
2015,2015,Aug,8/13/2015,LK,OS,Sand Key Shallow,614,614-100-203,1,Juv,AAGA,AGAR,20
2015,2015,Aug,8/13/2015,LK,OS,Sand Key Shallow,614,614-100-203,1,Juv,AGAR,AGAR,22
2015,2015,Aug,8/13/2015,LK,OS,Sand Key Shallow,614,614-100-203,1,Juv,PAST,PORI,36
2015,2015,Aug,8/13/2015,LK,OS,Sand Key Shallow,614,614-100-203,1,Juv,PAST,PORI,19
2015,2015,Aug,8/13/2015,LK,OS,Sand Key Shallow,614,614-100-203,1,Juv,PAST,PORI,17
2015,2015,Aug,8/13/2015,LK,OS,Sand Key Shallow,614,614-100-203,1,Juv,PAST,PORI,34
2015,2015,Aug,8/13/2015,LK,OS,Sand Key Shallow,614,614-100-203,1,Juv,PAST,PORI,12
2015,2015,Aug,8/13/2015,LK,OS,Sand Key Shallow,614,614-100-203,1,Juv,PAST,PORI,26
2015,2015,Aug,8/13/2015,LK,OS,Sand Key Shallow,614,614-100-203,1,Juv,SRAD,SIDE,14
2015,2015,Aug,8/13/2015,LK,OS,Sand Key Shallow,614,614-100-203,1,Juv,SRAD,SIDE,15
2015,2015,Aug,8/12/2015,LK,OS,Sand Key Shallow,614,614-500-018,1,Juv,PAST,PORI,14
2015,2015,Aug,8/12/2015,LK,OS,Sand Key Shallow,614,614-500-018,1,Juv,PAST,PORI,10
2015,2015,Aug,8/12/2015,LK,OS,Sand Key Shallow,614,614-500-018,1,Juv,PAST,PORI,27
2015,2015,Aug,8/12/2015,LK,OS,Sand Key Shallow,614,614-500-018,1,Juv,SSID,SIDE,6
2015,2015,Aug,8/12/2015,LK,OS,Sand Key Shallow,614,614-500-075,1,Uns,AAGA,AGAR,11
2015,2015,Aug,8/12/2015,LK,OS,Sand Key Shallow,614,614-500-075,1,Juv,PAST,PORI,11
2015,2015,Aug,8/12/2015,LK,OS,Sand Key Shallow,614,614-500-075,1,Juv,SRAD,SIDE,11
2015,2015,Aug,8/12/2015,LK,OS,Sand Key Shallow,614,614-500-075,1,Juv,SRAD,SIDE,8
2015,2015,Aug,8/12/2015,LK,OS,Sand Key Shallow,614,614-500-075,1,Juv,SSID,SIDE,9
2015,2015,Aug,8/12/2015,LK,OS,Sand Key Shallow,614,614-500-107,1,Juv,AAGA,AGAR,33
2015,2015,Aug,8/12/2015,LK,OS,Sand Key Shallow,614,614-500-107,1,Juv,PAST,PORI,11
2015,2015,Aug,8/12/2015,LK,OS,Sand Key Shallow,614,614-500-107,1,Juv,PAST,PORI,28
2015,2015,Aug,8/12/2015,LK,OS,Sand Key Shallow,614,614-500-107,1,Juv,PAST,PORI,29
2015,2015,Aug,8/12/2015,LK,OS,Sand Key Shallow,614,614-500-107,1,Juv,SRAD,SIDE,22
2015,2015,Aug,8/12/2015,LK,OS,Sand Key Shallow,614,614-500-189,1,Juv,AAGA,AGAR,11
2015,2015,Aug,8/12/2015,LK,OS,Sand Key Shallow,614,614-500-189,1,Juv,AAGA,AGAR,14
2015,2015,Aug,8/12/2015,LK,OS,Sand Key Shallow,614,614-500-189,1,Juv,AAGA,AGAR,13
2015,2015,Aug,8/12/2015,LK,OS,Sand Key Shallow,614,614-500-189,1,Juv,AAGA,AGAR,11
2015,2015,Aug,8/12/2015,LK,OS,Sand Key Shallow,614,614-500-189,1,Juv,PAST,PORI,21
2015,2015,Aug,8/12/2015,LK,OS,Sand Key Shallow,614,614-500-189,1,Juv,PAST,PORI,14
2015,2015,Aug,8/12/2015,LK,OS,Sand Key Shallow,614,614-500-189,1,Juv,PAST,PORI,22
2015,2015,Aug,8/12/2015,LK,OS,Sand Key Shallow,614,614-500-189,1,Juv,PAST,PORI,26
2015,2015,Aug,8/12/2015,LK,OS,Sand Key Shallow,614,614-500-189,1,Juv,SSID,SIDE,3
2015,2015,Sept,9/3/2015,UK,OD,Carysfort Deep,701,701-100-007,1,Juv,PAST,PORI,39
2015,2015,Sept,9/3/2015,UK,OD,Carysfort Deep,701,701-100-007,1,Juv,PAST,PORI,6
2015,2015,Sept,9/3/2015,UK,OD,Carysfort Deep,701,701-100-007,1,Juv,PAST,PORI,9
2015,2015,Sept,9/3/2015,UK,OD,Carysfort Deep,701,701-100-007,1,Juv,SSID,SIDE,14
2015,2015,Sept,9/3/2015,UK,OD,Carysfort Deep,701,701-100-055,1,Juv,AAGA,AGAR,26
2015,2015,Sept,9/3/2015,UK,OD,Carysfort Deep,701,701-100-055,1,Juv,AAGA,AGAR,15
2015,2015,Sept,9/3/2015,UK,OD,Carysfort Deep,701,701-100-055,1,Juv,AAGA,AGAR,25
2015,2015,Sept,9/3/2015,UK,OD,Carysfort Deep,701,701-100-055,1,Juv,EFAS,EFAS,26
2015,2015,Sept,9/3/2015,UK,OD,Carysfort Deep,701,701-100-055,1,Juv,MCAV,MCAV,16
2015,2015,Sept,9/3/2015,UK,OD,Carysfort Deep,701,701-100-055,1,Juv,SSID,SIDE,18
2015,2015,Sept,9/3/2015,UK,OD,Carysfort Deep,701,701-100-055,1,Juv,SSID,SIDE,6
2015,2015,Sept,9/3/2015,UK,OD,Carysfort Deep,701,701-100-055,1,Juv,SSID,SIDE,29
2015,2015,Sept,9/3/2015,UK,OD,Carysfort Deep,701,701-100-055,1,Juv,SSID,SIDE,4
2015,2015,Sept,9/3/2015,UK,OD,Carysfort Deep,701,701-100-055,1,Juv,SSID,SIDE,8
2015,2015,Sept,9/3/2015,UK,OD,Carysfort Deep,701,701-100-106,1,Juv,AAGA,AGAR,26
2015,2015,Sept,9/3/2015,UK,OD,Carysfort Deep,701,701-100-106,1,Juv,EFAS,EFAS,10
2015,2015,Sept,9/3/2015,UK,OD,Carysfort Deep,701,701-100-106,1,Juv,PAST,PORI,8
2015,2015,Sept,9/3/2015,UK,OD,Carysfort Deep,701,701-100-106,1,Juv,PAST,PORI,9
2015,2015,Sept,9/3/2015,UK,OD,Carysfort Deep,701,701-100-106,1,Juv,PPOR,PORI,14
2015,2015,Sept,9/3/2015,UK,OD,Carysfort Deep,701,701-100-106,1,Juv,SSID,SIDE,26
2015,2015,Sept,9/3/2015,UK,OD,Carysfort Deep,701,701-100-197,1,Juv,PAST,PORI,20
2015,2015,Sept,9/3/2015,UK,OD,Carysfort Deep,701,701-100-197,1,Juv,PAST,PORI,10
2015,2015,Sept,9/3/2015,UK,OD,Carysfort Deep,701,701-100-197,1,Juv,SSID,SIDE,13
2015,2015,Sept,9/3/2015,UK,OD,Carysfort Deep,701,701-500-011,1,Juv,AAGA,AGAR,25
2015,2015,Sept,9/3/2015,UK,OD,Carysfort Deep,701,701-500-011,1,Juv,SMIC,SMIC,18
2015,2015,Sept,9/3/2015,UK,OD,Carysfort Deep,701,701-500-075,1,Juv,AAGA,AGAR,12
2015,2015,Sept,9/3/2015,UK,OD,Carysfort Deep,701,701-500-075,1,Juv,AFRA,AGAR,33
2015,2015,Sept,9/3/2015,UK,OD,Carysfort Deep,701,701-500-075,1,Juv,MCAV,MCAV,20
2015,2015,Sept,9/3/2015,UK,OD,Carysfort Deep,701,701-500-105,1,Juv,PAST,PORI,20
2015,2015,Sept,9/3/2015,UK,OD,Carysfort Deep,701,701-500-105,1,Juv,UNKS,UNKS,11
2015,2015,Sept,9/3/2015,UK,OD,Carysfort Deep,701,701-500-105,1,Juv,UNKS,UNKS,7
2015,2015,Sept,9/3/2015,UK,OD,Carysfort Deep,701,701-500-157,0,NA,NA,NA,NA
2015,2015,Sept,9/3/2015,UK,OD,Carysfort Deep,702,702-100-032,1,Juv,UNKS,UNKS,3
2015,2015,Sept,9/3/2015,UK,OD,Carysfort Deep,702,702-100-032,1,Juv,UNKS,UNKS,3
2015,2015,Sept,9/3/2015,UK,OD,Carysfort Deep,702,702-100-137,1,Juv,SSID,SIDE,17
2015,2015,Sept,9/3/2015,UK,OD,Carysfort Deep,702,702-100-137,1,Juv,SSID,SIDE,14
2015,2015,Sept,9/3/2015,UK,OD,Carysfort Deep,702,702-100-137,1,Juv,SSID,SIDE,12
2015,2015,Sept,9/3/2015,UK,OD,Carysfort Deep,702,702-100-137,1,Juv,SSID,SIDE,22
2015,2015,Sept,9/3/2015,UK,OD,Carysfort Deep,702,702-100-137,1,Juv,SSID,SIDE,21
2015,2015,Sept,9/3/2015,UK,OD,Carysfort Deep,702,702-100-137,1,Juv,SSID,SIDE,9
2015,2015,Sept,9/3/2015,UK,OD,Carysfort Deep,702,702-100-137,1,Juv,SSID,SIDE,16
2015,2015,Sept,9/3/2015,UK,OD,Carysfort Deep,702,702-100-137,1,Juv,SSID,SIDE,15
2015,2015,Sept,9/3/2015,UK,OD,Carysfort Deep,702,702-100-137,1,Juv,SMIC,SMIC,23
2015,2015,Sept,9/3/2015,UK,OD,Carysfort Deep,702,702-100-137,1,Juv,SMIC,SMIC,19
2015,2015,Sept,9/3/2015,UK,OD,Carysfort Deep,702,702-100-174,1,Iso,ORBI,ORBI,39
2015,2015,Sept,9/3/2015,UK,OD,Carysfort Deep,702,702-100-174,1,Juv,PAST,PORI,10
2015,2015,Sept,9/3/2015,UK,OD,Carysfort Deep,702,702-100-174,1,Juv,PAST,PORI,9
2015,2015,Sept,9/3/2015,UK,OD,Carysfort Deep,702,702-100-206,1,Iso,AAGA,AGAR,17
2015,2015,Sept,9/3/2015,UK,OD,Carysfort Deep,702,702-100-206,1,Iso,AAGA,AGAR,17
2015,2015,Sept,9/3/2015,UK,OD,Carysfort Deep,702,702-100-206,1,Juv,AAGA,AGAR,34
2015,2015,Sept,9/3/2015,UK,OD,Carysfort Deep,702,702-100-206,1,Juv,MCAV,MCAV,4
2015,2015,Sept,9/3/2015,UK,OD,Carysfort Deep,702,702-100-206,1,Juv,MCAV,MCAV,10
2015,2015,Sept,9/3/2015,UK,OD,Carysfort Deep,702,702-100-206,1,Juv,MCAV,MCAV,5
2015,2015,Sept,9/3/2015,UK,OD,Carysfort Deep,702,702-100-206,1,Juv,PAST,PORI,20
2015,2015,Sept,9/3/2015,UK,OD,Carysfort Deep,702,702-100-206,1,Juv,SSID,SIDE,13
2015,2015,Sept,9/3/2015,UK,OD,Carysfort Deep,702,702-100-206,1,Juv,SSID,SIDE,4
2015,2015,Sept,9/3/2015,UK,OD,Carysfort Deep,702,702-500-035,1,Juv,AAGA,AGAR,32
2015,2015,Sept,9/3/2015,UK,OD,Carysfort Deep,702,702-500-035,1,Juv,MCAV,MCAV,12
2015,2015,Sept,9/3/2015,UK,OD,Carysfort Deep,702,702-500-035,1,Juv,PAST,PORI,6
2015,2015,Sept,9/3/2015,UK,OD,Carysfort Deep,702,702-500-035,1,Juv,PAST,PORI,11
2015,2015,Sept,9/3/2015,UK,OD,Carysfort Deep,702,702-500-035,1,Juv,PAST,PORI,14
2015,2015,Sept,9/3/2015,UK,OD,Carysfort Deep,702,702-500-035,1,Juv,SSID,SIDE,5
2015,2015,Sept,9/3/2015,UK,OD,Carysfort Deep,702,702-500-035,1,Juv,SSID,SIDE,19
2015,2015,Sept,9/3/2015,UK,OD,Carysfort Deep,702,702-500-035,1,Juv,UNKS,UNKS,15
2015,2015,Sept,9/3/2015,UK,OD,Carysfort Deep,702,702-500-077,1,Juv,AAGA,AGAR,19
2015,2015,Sept,9/3/2015,UK,OD,Carysfort Deep,702,702-500-077,1,Juv,SSID,SIDE,23
2015,2015,Sept,9/3/2015,UK,OD,Carysfort Deep,702,702-500-077,1,Juv,UNKS,UNKS,7
2015,2015,Sept,9/3/2015,UK,OD,Carysfort Deep,702,702-500-101,1,Juv,AAGA,AGAR,29
2015,2015,Sept,9/3/2015,UK,OD,Carysfort Deep,702,702-500-101,1,Juv,DIPL,DIPL,9
2015,2015,Sept,9/3/2015,UK,OD,Carysfort Deep,702,702-500-120,1,Juv,AAGA,AGAR,11
2015,2015,Sept,9/3/2015,UK,OD,Carysfort Deep,702,702-500-120,1,Juv,AAGA,AGAR,15
2015,2015,Sept,9/3/2015,UK,OD,Carysfort Deep,702,702-500-120,1,Juv,AAGA,AGAR,25
2015,2015,Sept,9/3/2015,UK,OD,Carysfort Deep,702,702-500-120,1,Juv,PAST,PORI,20
2015,2015,Sept,9/4/2015,UK,OD,Carysfort Deep,703,703-100-032,1,Juv,AAGA,AGAR,29
2015,2015,Sept,9/4/2015,UK,OD,Carysfort Deep,703,703-100-032,1,Juv,AAGA,AGAR,18
2015,2015,Sept,9/4/2015,UK,OD,Carysfort Deep,703,703-100-032,1,Juv,AAGA,AGAR,6
2015,2015,Sept,9/4/2015,UK,OD,Carysfort Deep,703,703-100-032,1,Juv,PAST,PORI,11
2015,2015,Sept,9/4/2015,UK,OD,Carysfort Deep,703,703-100-032,1,Juv,PAST,PORI,7
2015,2015,Sept,9/4/2015,UK,OD,Carysfort Deep,703,703-100-032,1,Juv,PAST,PORI,3
2015,2015,Sept,9/4/2015,UK,OD,Carysfort Deep,703,703-100-032,1,Juv,SMIC,SMIC,18
2015,2015,Sept,9/4/2015,UK,OD,Carysfort Deep,703,703-100-073,1,Juv,AAGA,AGAR,15
2015,2015,Sept,9/4/2015,UK,OD,Carysfort Deep,703,703-100-073,1,Juv,AAGA,AGAR,15
2015,2015,Sept,9/4/2015,UK,OD,Carysfort Deep,703,703-100-073,1,Juv,AAGA,AGAR,26
2015,2015,Sept,9/4/2015,UK,OD,Carysfort Deep,703,703-100-073,1,Juv,PAST,PORI,34
2015,2015,Sept,9/4/2015,UK,OD,Carysfort Deep,703,703-100-073,1,Juv,PAST,PORI,9
2015,2015,Sept,9/4/2015,UK,OD,Carysfort Deep,703,703-100-146,1,Juv,AAGA,AGAR,15
2015,2015,Sept,9/4/2015,UK,OD,Carysfort Deep,703,703-100-146,1,Juv,MCAV,MCAV,13
2015,2015,Sept,9/4/2015,UK,OD,Carysfort Deep,703,703-100-146,1,Juv,PAST,PORI,15
2015,2015,Sept,9/4/2015,UK,OD,Carysfort Deep,703,703-100-146,1,Juv,PAST,PORI,14
2015,2015,Sept,9/4/2015,UK,OD,Carysfort Deep,703,703-100-146,1,Juv,PAST,PORI,16
2015,2015,Sept,9/4/2015,UK,OD,Carysfort Deep,703,703-100-146,1,Juv,SSID,SIDE,18
2015,2015,Sept,9/4/2015,UK,OD,Carysfort Deep,703,703-100-146,1,Juv,SSID,SIDE,3
2015,2015,Sept,9/4/2015,UK,OD,Carysfort Deep,703,703-100-146,1,Juv,SSID,SIDE,36
2015,2015,Sept,9/4/2015,UK,OD,Carysfort Deep,703,703-100-146,1,Juv,SSID,SIDE,6
2015,2015,Sept,9/4/2015,UK,OD,Carysfort Deep,703,703-100-146,1,Juv,SSID,SIDE,5
2015,2015,Sept,9/4/2015,UK,OD,Carysfort Deep,703,703-100-146,1,Juv,SSID,SIDE,3
2015,2015,Sept,9/4/2015,UK,OD,Carysfort Deep,703,703-100-146,1,Juv,SSID,SIDE,4
2015,2015,Sept,9/4/2015,UK,OD,Carysfort Deep,703,703-100-146,1,Juv,SSID,SIDE,3
2015,2015,Sept,9/4/2015,UK,OD,Carysfort Deep,703,703-100-146,1,Juv,SSID,SIDE,4
2015,2015,Sept,9/4/2015,UK,OD,Carysfort Deep,703,703-100-146,1,Juv,SSID,SIDE,6
2015,2015,Sept,9/4/2015,UK,OD,Carysfort Deep,703,703-100-146,1,Juv,SSID,SIDE,6
2015,2015,Sept,9/4/2015,UK,OD,Carysfort Deep,703,703-100-146,1,Juv,SSID,SIDE,8
2015,2015,Sept,9/4/2015,UK,OD,Carysfort Deep,703,703-100-175,1,Iso,AAGA,AGAR,19
2015,2015,Sept,9/4/2015,UK,OD,Carysfort Deep,703,703-100-175,1,Iso,AAGA,AGAR,35
2015,2015,Sept,9/4/2015,UK,OD,Carysfort Deep,703,703-100-175,1,Iso,AAGA,AGAR,19
2015,2015,Sept,9/4/2015,UK,OD,Carysfort Deep,703,703-100-175,1,Juv,AAGA,AGAR,10
2015,2015,Sept,9/4/2015,UK,OD,Carysfort Deep,703,703-100-175,1,Juv,AAGA,AGAR,19
2015,2015,Sept,9/4/2015,UK,OD,Carysfort Deep,703,703-100-175,1,Juv,AAGA,AGAR,11
2015,2015,Sept,9/4/2015,UK,OD,Carysfort Deep,703,703-100-175,1,Juv,AAGA,AGAR,22
2015,2015,Sept,9/4/2015,UK,OD,Carysfort Deep,703,703-100-175,1,Juv,AAGA,AGAR,10
2015,2015,Sept,9/4/2015,UK,OD,Carysfort Deep,703,703-100-175,1,Juv,PAST,PORI,9
2015,2015,Sept,9/4/2015,UK,OD,Carysfort Deep,703,703-100-175,1,Juv,PAST,PORI,10
2015,2015,Sept,9/4/2015,UK,OD,Carysfort Deep,703,703-100-175,1,Juv,PAST,PORI,16
2015,2015,Sept,9/4/2015,UK,OD,Carysfort Deep,703,703-100-175,1,Juv,SSID,SIDE,22
2015,2015,Sept,9/4/2015,UK,OD,Carysfort Deep,703,703-500-029,1,Juv,MUSS,MUSS,24
2015,2015,Sept,9/4/2015,UK,OD,Carysfort Deep,703,703-500-029,1,Juv,SMIC,SMIC,25
2015,2015,Sept,9/4/2015,UK,OD,Carysfort Deep,703,703-500-100,1,Juv,AAGA,AGAR,32
2015,2015,Sept,9/4/2015,UK,OD,Carysfort Deep,703,703-500-100,1,Juv,AAGA,AGAR,16
2015,2015,Sept,9/4/2015,UK,OD,Carysfort Deep,703,703-500-123,1,Juv,AAGA,AGAR,18
2015,2015,Sept,9/4/2015,UK,OD,Carysfort Deep,703,703-500-123,1,Juv,PAST,PORI,20
2015,2015,Sept,9/4/2015,UK,OD,Carysfort Deep,703,703-500-172,1,Juv,AAGA,AGAR,34
2015,2015,Sept,9/4/2015,UK,OD,Carysfort Deep,703,703-500-172,1,Juv,AAGA,AGAR,18
2015,2015,Sept,9/4/2015,UK,OD,Carysfort Deep,703,703-500-172,1,Juv,AAGA,AGAR,26
2015,2015,Sept,9/4/2015,UK,OD,Carysfort Deep,703,703-500-172,1,Juv,PAST,PORI,16
2015,2015,Sept,9/4/2015,UK,OD,Carysfort Deep,703,703-500-172,1,Juv,PAST,PORI,34
2015,2015,Sept,9/4/2015,UK,OD,Carysfort Deep,703,703-500-172,1,Iso,PPOR,PORI,19
2015,2015,Sept,9/4/2015,UK,OD,Carysfort Deep,703,703-500-172,1,Iso,SSID,SIDE,37
2015,2015,Sept,9/4/2015,UK,OD,Carysfort Deep,703,703-500-172,1,Iso,SSID,SIDE,5
2015,2015,Sept,9/4/2015,UK,OD,Carysfort Deep,703,703-500-172,1,Iso,SSID,SIDE,7
2015,2015,Sept,9/4/2015,UK,OD,Carysfort Deep,703,703-500-172,1,Iso,SSID,SIDE,5
2015,2015,Sept,9/4/2015,UK,OD,Carysfort Deep,703,703-500-172,1,Iso,SSID,SIDE,3
2015,2015,Sept,9/4/2015,UK,OD,Carysfort Deep,704,704-100-009,1,Juv,AAGA,AGAR,35
2015,2015,Sept,9/4/2015,UK,OD,Carysfort Deep,704,704-100-009,1,Juv,PPOR,PORI,17
2015,2015,Sept,9/4/2015,UK,OD,Carysfort Deep,704,704-100-009,1,Juv,SMIC,SMIC,20
2015,2015,Sept,9/4/2015,UK,OD,Carysfort Deep,704,704-100-009,1,Juv,UNKS,UNKS,6
2015,2015,Sept,9/4/2015,UK,OD,Carysfort Deep,704,704-100-111,1,Iso,PAST,PORI,33
2015,2015,Sept,9/4/2015,UK,OD,Carysfort Deep,704,704-100-111,1,Juv,PAST,PORI,32
2015,2015,Sept,9/4/2015,UK,OD,Carysfort Deep,704,704-100-169,1,Juv,AAGA,AGAR,12
2015,2015,Sept,9/4/2015,UK,OD,Carysfort Deep,704,704-100-169,1,Juv,AAGA,AGAR,10
2015,2015,Sept,9/4/2015,UK,OD,Carysfort Deep,704,704-100-169,1,Juv,PAST,PORI,25
2015,2015,Sept,9/4/2015,UK,OD,Carysfort Deep,704,704-100-169,1,Juv,PAST,PORI,37
2015,2015,Sept,9/4/2015,UK,OD,Carysfort Deep,704,704-100-169,1,Juv,SSID,SIDE,8
2015,2015,Sept,9/4/2015,UK,OD,Carysfort Deep,704,704-100-221,1,Juv,PAST,PORI,15
2015,2015,Sept,9/4/2015,UK,OD,Carysfort Deep,704,704-500-016,1,Juv,AAGA,AGAR,33
2015,2015,Sept,9/4/2015,UK,OD,Carysfort Deep,704,704-500-016,1,Juv,AAGA,AGAR,17
2015,2015,Sept,9/4/2015,UK,OD,Carysfort Deep,704,704-500-016,1,Juv,AAGA,AGAR,12
2015,2015,Sept,9/4/2015,UK,OD,Carysfort Deep,704,704-500-135,1,Juv,AAGA,AGAR,36
2015,2015,Sept,9/4/2015,UK,OD,Carysfort Deep,704,704-500-135,1,Juv,AAGA,AGAR,35
2015,2015,Sept,9/4/2015,UK,OD,Carysfort Deep,704,704-500-135,1,Juv,AAGA,AGAR,21
2015,2015,Sept,9/4/2015,UK,OD,Carysfort Deep,704,704-500-135,1,Juv,AAGA,AGAR,15
2015,2015,Sept,9/4/2015,UK,OD,Carysfort Deep,704,704-500-135,1,Juv,PAST,PORI,4
2015,2015,Sept,9/4/2015,UK,OD,Carysfort Deep,704,704-500-135,1,Juv,PAST,PORI,13
2015,2015,Sept,9/4/2015,UK,OD,Carysfort Deep,704,704-500-135,1,Juv,SSID,SIDE,31
2015,2015,Sept,9/4/2015,UK,OD,Carysfort Deep,704,704-500-135,1,Juv,SSID,SIDE,28
2015,2015,Sept,9/4/2015,UK,OD,Carysfort Deep,704,704-500-156,1,Juv,AAGA,AGAR,11
2015,2015,Sept,9/4/2015,UK,OD,Carysfort Deep,704,704-500-156,1,Juv,AAGA,AGAR,8
2015,2015,Sept,9/4/2015,UK,OD,Carysfort Deep,704,704-500-156,1,Juv,AAGA,AGAR,31
2015,2015,Sept,9/4/2015,UK,OD,Carysfort Deep,704,704-500-156,1,Juv,PAST,PORI,6
2015,2015,Sept,9/4/2015,UK,OD,Carysfort Deep,704,704-500-172,1,Juv,AAGA,AGAR,12
2015,2015,Sept,9/4/2015,UK,OD,Carysfort Deep,704,704-500-172,1,Juv,AAGA,AGAR,7
2015,2015,Sept,9/4/2015,UK,OD,Carysfort Deep,704,704-500-172,1,Juv,AAGA,AGAR,7
2015,2015,Sept,9/4/2015,UK,OD,Carysfort Deep,704,704-500-172,1,Juv,AAGA,AGAR,8
2015,2015,Sept,9/4/2015,UK,OD,Carysfort Deep,704,704-500-172,1,Juv,AAGA,AGAR,18
2015,2015,Sept,9/4/2015,UK,OD,Carysfort Deep,704,704-500-172,1,Juv,PAST,PORI,20
2015,2015,Sept,9/2/2015,UK,OD,Molasses Deep,721,721-100-024,1,Juv,SSID,SIDE,37
2015,2015,Sept,9/2/2015,UK,OD,Molasses Deep,721,721-100-024,1,Juv,SSID,SIDE,5
2015,2015,Sept,9/2/2015,UK,OD,Molasses Deep,721,721-100-061,1,Juv,MCAV,MCAV,14
2015,2015,Sept,9/2/2015,UK,OD,Molasses Deep,721,721-100-061,1,Juv,SRAD,SIDE,30
2015,2015,Sept,9/2/2015,UK,OD,Molasses Deep,721,721-100-061,1,Juv,SSID,SIDE,31
2015,2015,Sept,9/2/2015,UK,OD,Molasses Deep,721,721-100-138,1,Juv,AAGA,AGAR,26
2015,2015,Sept,9/2/2015,UK,OD,Molasses Deep,721,721-100-138,1,Juv,PAST,PORI,8
2015,2015,Sept,9/2/2015,UK,OD,Molasses Deep,721,721-100-138,1,Juv,PAST,PORI,11
2015,2015,Sept,9/2/2015,UK,OD,Molasses Deep,721,721-100-138,1,Juv,PAST,PORI,7
2015,2015,Sept,9/2/2015,UK,OD,Molasses Deep,721,721-100-138,1,Juv,SSID,SIDE,17
2015,2015,Sept,9/2/2015,UK,OD,Molasses Deep,721,721-100-138,1,Juv,SSID,SIDE,14
2015,2015,Sept,9/2/2015,UK,OD,Molasses Deep,721,721-100-138,1,Juv,SSID,SIDE,31
2015,2015,Sept,9/2/2015,UK,OD,Molasses Deep,721,721-100-138,1,Juv,SSID,SIDE,20
2015,2015,Sept,9/2/2015,UK,OD,Molasses Deep,721,721-100-138,1,Juv,SSID,SIDE,14
2015,2015,Sept,9/2/2015,UK,OD,Molasses Deep,721,721-100-186,1,Juv,PAST,PORI,13
2015,2015,Sept,9/2/2015,UK,OD,Molasses Deep,721,721-100-186,1,Juv,PAST,PORI,12
2015,2015,Sept,9/2/2015,UK,OD,Molasses Deep,721,721-100-186,1,Juv,PAST,PORI,5
2015,2015,Sept,9/2/2015,UK,OD,Molasses Deep,721,721-100-186,1,Iso,PPOR,PORI,12
2015,2015,Sept,9/2/2015,UK,OD,Molasses Deep,721,721-500-025,1,Iso,AAGA,AGAR,38
2015,2015,Sept,9/2/2015,UK,OD,Molasses Deep,721,721-500-025,1,Juv,AAGA,AGAR,16
2015,2015,Sept,9/2/2015,UK,OD,Molasses Deep,721,721-500-025,1,Juv,AAGA,AGAR,24
2015,2015,Sept,9/2/2015,UK,OD,Molasses Deep,721,721-500-025,1,Juv,MCAV,MCAV,23
2015,2015,Sept,9/2/2015,UK,OD,Molasses Deep,721,721-500-025,1,Juv,PAST,PORI,17
2015,2015,Sept,9/2/2015,UK,OD,Molasses Deep,721,721-500-025,1,Juv,PAST,PORI,13
2015,2015,Sept,9/2/2015,UK,OD,Molasses Deep,721,721-500-064,1,Juv,AGAR,AGAR,22
2015,2015,Sept,9/2/2015,UK,OD,Molasses Deep,721,721-500-064,1,Juv,AAGA,AGAR,17
2015,2015,Sept,9/2/2015,UK,OD,Molasses Deep,721,721-500-064,1,Juv,DSTO,DSTO,10
2015,2015,Sept,9/2/2015,UK,OD,Molasses Deep,721,721-500-064,1,Iso,MCAV,MCAV,17
2015,2015,Sept,9/2/2015,UK,OD,Molasses Deep,721,721-500-064,1,Iso,MCAV,MCAV,32
2015,2015,Sept,9/2/2015,UK,OD,Molasses Deep,721,721-500-064,1,Juv,PAST,PORI,22
2015,2015,Sept,9/2/2015,UK,OD,Molasses Deep,721,721-500-064,1,Juv,PAST,PORI,5
2015,2015,Sept,9/2/2015,UK,OD,Molasses Deep,721,721-500-064,1,Juv,SSID,SIDE,12
2015,2015,Sept,9/2/2015,UK,OD,Molasses Deep,721,721-500-114,1,Juv,MCAV,MCAV,17
2015,2015,Sept,9/2/2015,UK,OD,Molasses Deep,721,721-500-114,1,Juv,PAST,PORI,15
2015,2015,Sept,9/2/2015,UK,OD,Molasses Deep,721,721-500-114,1,Juv,SSID,SIDE,25
2015,2015,Sept,9/2/2015,UK,OD,Molasses Deep,721,721-500-114,1,Juv,SSID,SIDE,15
2015,2015,Sept,9/2/2015,UK,OD,Molasses Deep,721,721-500-183,1,Juv,PAST,PORI,12
2015,2015,Sept,9/2/2015,UK,OD,Molasses Deep,721,721-500-183,1,Juv,PAST,PORI,7
2015,2015,Sept,9/2/2015,UK,OD,Molasses Deep,722,722-100-045,1,Juv,AAGA,AGAR,22
2015,2015,Sept,9/2/2015,UK,OD,Molasses Deep,722,722-100-045,1,Juv,DSTO,DSTO,32
2015,2015,Sept,9/2/2015,UK,OD,Molasses Deep,722,722-100-045,1,Juv,DSTO,DSTO,38
2015,2015,Sept,9/2/2015,UK,OD,Molasses Deep,722,722-100-045,1,Juv,PAST,PORI,14
2015,2015,Sept,9/2/2015,UK,OD,Molasses Deep,722,722-100-045,1,Juv,SSID,SIDE,37
2015,2015,Sept,9/2/2015,UK,OD,Molasses Deep,722,722-100-076,1,Juv,AAGA,AGAR,32
2015,2015,Sept,9/2/2015,UK,OD,Molasses Deep,722,722-100-076,1,Juv,AAGA,AGAR,23
2015,2015,Sept,9/2/2015,UK,OD,Molasses Deep,722,722-100-076,1,Juv,AAGA,AGAR,30
2015,2015,Sept,9/2/2015,UK,OD,Molasses Deep,722,722-100-076,1,Juv,AAGA,AGAR,22
2015,2015,Sept,9/2/2015,UK,OD,Molasses Deep,722,722-100-076,1,Juv,AAGA,AGAR,16
2015,2015,Sept,9/2/2015,UK,OD,Molasses Deep,722,722-100-076,1,Juv,AAGA,AGAR,10
2015,2015,Sept,9/2/2015,UK,OD,Molasses Deep,722,722-100-076,1,Juv,AAGA,AGAR,7
2015,2015,Sept,9/2/2015,UK,OD,Molasses Deep,722,722-100-076,1,Juv,AAGA,AGAR,15
2015,2015,Sept,9/2/2015,UK,OD,Molasses Deep,722,722-100-076,1,Juv,PAST,PORI,13
2015,2015,Sept,9/2/2015,UK,OD,Molasses Deep,722,722-100-173,1,Juv,AAGA,AGAR,7
2015,2015,Sept,9/2/2015,UK,OD,Molasses Deep,722,722-100-173,1,Juv,PAST,PORI,20
2015,2015,Sept,9/2/2015,UK,OD,Molasses Deep,722,722-100-173,1,Juv,PAST,PORI,17
2015,2015,Sept,9/2/2015,UK,OD,Molasses Deep,722,722-100-173,1,Juv,PAST,PORI,6
2015,2015,Sept,9/2/2015,UK,OD,Molasses Deep,722,722-100-173,1,Juv,PAST,PORI,7
2015,2015,Sept,9/2/2015,UK,OD,Molasses Deep,722,722-100-173,1,Juv,PAST,PORI,10
2015,2015,Sept,9/2/2015,UK,OD,Molasses Deep,722,722-100-173,1,Juv,SRAD,SIDE,25
2015,2015,Sept,9/2/2015,UK,OD,Molasses Deep,722,722-100-173,1,Juv,SRAD,SIDE,28
2015,2015,Sept,9/2/2015,UK,OD,Molasses Deep,722,722-100-173,1,Juv,SSID,SIDE,35
2015,2015,Sept,9/2/2015,UK,OD,Molasses Deep,722,722-100-173,1,Juv,SSID,SIDE,34
2015,2015,Sept,9/2/2015,UK,OD,Molasses Deep,722,722-100-215,1,Juv,MCAV,MCAV,35
2015,2015,Sept,9/2/2015,UK,OD,Molasses Deep,722,722-500-032,1,Iso,PPOR,PORI,12
2015,2015,Sept,9/2/2015,UK,OD,Molasses Deep,722,722-500-032,1,Iso,PPOR,PORI,25
2015,2015,Sept,9/2/2015,UK,OD,Molasses Deep,722,722-500-032,1,Iso,PPOR,PORI,7
2015,2015,Sept,9/2/2015,UK,OD,Molasses Deep,722,722-500-032,1,Iso,PPOR,PORI,22
2015,2015,Sept,9/2/2015,UK,OD,Molasses Deep,722,722-500-032,1,Juv,SSID,SIDE,15
2015,2015,Sept,9/2/2015,UK,OD,Molasses Deep,722,722-500-094,1,Juv,PAST,PORI,12
2015,2015,Sept,9/2/2015,UK,OD,Molasses Deep,722,722-500-094,1,Juv,PAST,PORI,8
2015,2015,Sept,9/2/2015,UK,OD,Molasses Deep,722,722-500-094,1,Juv,SRAD,SIDE,17
2015,2015,Sept,9/2/2015,UK,OD,Molasses Deep,722,722-500-094,1,Juv,SSID,SIDE,8
2015,2015,Sept,9/2/2015,UK,OD,Molasses Deep,722,722-500-111,1,Juv,PAST,PORI,26
2015,2015,Sept,9/2/2015,UK,OD,Molasses Deep,722,722-500-111,1,Juv,PAST,PORI,11
2015,2015,Sept,9/2/2015,UK,OD,Molasses Deep,722,722-500-111,1,Juv,SSID,SIDE,15
2015,2015,Sept,9/2/2015,UK,OD,Molasses Deep,722,722-500-111,1,Juv,SSID,SIDE,10
2015,2015,Sept,9/2/2015,UK,OD,Molasses Deep,722,722-500-111,1,Juv,SSID,SIDE,10
2015,2015,Sept,9/2/2015,UK,OD,Molasses Deep,722,722-500-111,1,Juv,SMIC,SMIC,13
2015,2015,Sept,9/2/2015,UK,OD,Molasses Deep,722,722-500-111,1,Juv,SMIC,SMIC,32
2015,2015,Sept,9/2/2015,UK,OD,Molasses Deep,722,722-500-182,1,Juv,PAST,PORI,12
2015,2015,Sept,9/2/2015,UK,OD,Molasses Deep,722,722-500-182,1,Juv,PAST,PORI,17
2015,2015,Sept,9/2/2015,UK,OD,Molasses Deep,722,722-500-182,1,Juv,PAST,PORI,13
2015,2015,Sept,9/5/2015,UK,OD,Molasses Deep,723,723-100-052,1,Juv,AAGA,AGAR,20
2015,2015,Sept,9/5/2015,UK,OD,Molasses Deep,723,723-100-052,1,Juv,AAGA,AGAR,20
2015,2015,Sept,9/5/2015,UK,OD,Molasses Deep,723,723-100-052,1,Juv,MCAV,MCAV,31
2015,2015,Sept,9/5/2015,UK,OD,Molasses Deep,723,723-100-052,1,Juv,PAST,PORI,10
2015,2015,Sept,9/5/2015,UK,OD,Molasses Deep,723,723-100-052,1,Juv,PAST,PORI,21
2015,2015,Sept,9/5/2015,UK,OD,Molasses Deep,723,723-100-052,1,Juv,PAST,PORI,18
2015,2015,Sept,9/5/2015,UK,OD,Molasses Deep,723,723-100-052,1,Juv,PAST,PORI,7
2015,2015,Sept,9/5/2015,UK,OD,Molasses Deep,723,723-100-064,1,Juv,AAGA,AGAR,23
2015,2015,Sept,9/5/2015,UK,OD,Molasses Deep,723,723-100-064,1,Juv,PAST,PORI,3
2015,2015,Sept,9/5/2015,UK,OD,Molasses Deep,723,723-100-134,1,Iso,PAST,PORI,5
2015,2015,Sept,9/5/2015,UK,OD,Molasses Deep,723,723-100-134,1,Juv,PAST,PORI,29
2015,2015,Sept,9/5/2015,UK,OD,Molasses Deep,723,723-100-134,1,Juv,PAST,PORI,17
2015,2015,Sept,9/5/2015,UK,OD,Molasses Deep,723,723-100-134,1,Juv,PAST,PORI,38
2015,2015,Sept,9/5/2015,UK,OD,Molasses Deep,723,723-100-134,1,Juv,PAST,PORI,27
2015,2015,Sept,9/5/2015,UK,OD,Molasses Deep,723,723-100-134,1,Juv,SSID,SIDE,34
2015,2015,Sept,9/5/2015,UK,OD,Molasses Deep,723,723-100-154,1,Juv,AAGA,AGAR,32
2015,2015,Sept,9/5/2015,UK,OD,Molasses Deep,723,723-100-154,1,Juv,PPOR,PORI,6
2015,2015,Sept,9/5/2015,UK,OD,Molasses Deep,723,723-500-030,1,Juv,MMEA,MMEA,21
2015,2015,Sept,9/5/2015,UK,OD,Molasses Deep,723,723-500-030,1,Juv,PAST,PORI,7
2015,2015,Sept,9/5/2015,UK,OD,Molasses Deep,723,723-500-064,1,Juv,AAGA,AGAR,19
2015,2015,Sept,9/5/2015,UK,OD,Molasses Deep,723,723-500-090,1,Juv,AAGA,AGAR,19
2015,2015,Sept,9/5/2015,UK,OD,Molasses Deep,723,723-500-090,1,Juv,DLAB,DIPL,36
2015,2015,Sept,9/5/2015,UK,OD,Molasses Deep,723,723-500-090,1,Juv,MADR,MADR,34
2015,2015,Sept,9/5/2015,UK,OD,Molasses Deep,723,723-500-090,1,Juv,PAST,PORI,12
2015,2015,Sept,9/5/2015,UK,OD,Molasses Deep,723,723-500-090,1,Juv,SSID,SIDE,15
2015,2015,Sept,9/5/2015,UK,OD,Molasses Deep,723,723-500-103,1,Juv,AAGA,AGAR,8
2015,2015,Sept,9/5/2015,UK,OD,Molasses Deep,723,723-500-103,1,Juv,PAST,PORI,15
2015,2015,Sept,9/5/2015,UK,OD,Molasses Deep,724,724-100-048,1,Juv,AAGA,AGAR,18
2015,2015,Sept,9/5/2015,UK,OD,Molasses Deep,724,724-100-048,1,Juv,AAGA,AGAR,14
2015,2015,Sept,9/5/2015,UK,OD,Molasses Deep,724,724-100-048,1,Juv,AAGA,AGAR,13
2015,2015,Sept,9/5/2015,UK,OD,Molasses Deep,724,724-100-048,1,Juv,PAST,PORI,15
2015,2015,Sept,9/5/2015,UK,OD,Molasses Deep,724,724-100-048,1,Juv,SSID,SIDE,29
2015,2015,Sept,9/5/2015,UK,OD,Molasses Deep,724,724-100-089,1,Iso,AAGA,AGAR,28
2015,2015,Sept,9/5/2015,UK,OD,Molasses Deep,724,724-100-089,1,Juv,AAGA,AGAR,24
2015,2015,Sept,9/5/2015,UK,OD,Molasses Deep,724,724-100-089,1,Juv,MDEC,MADR,19
2015,2015,Sept,9/5/2015,UK,OD,Molasses Deep,724,724-100-089,1,Juv,PAST,PORI,14
2015,2015,Sept,9/5/2015,UK,OD,Molasses Deep,724,724-100-089,1,Juv,SSID,SIDE,10
2015,2015,Sept,9/5/2015,UK,OD,Molasses Deep,724,724-100-151,1,Juv,AAGA,AGAR,9
2015,2015,Sept,9/5/2015,UK,OD,Molasses Deep,724,724-100-151,1,Juv,AAGA,AGAR,21
2015,2015,Sept,9/5/2015,UK,OD,Molasses Deep,724,724-100-151,1,Juv,PAST,PORI,11
2015,2015,Sept,9/5/2015,UK,OD,Molasses Deep,724,724-100-151,1,Juv,SSID,SIDE,28
2015,2015,Sept,9/5/2015,UK,OD,Molasses Deep,724,724-100-177,1,Juv,PAST,PORI,13
2015,2015,Sept,9/5/2015,UK,OD,Molasses Deep,724,724-100-177,1,Juv,SSID,SIDE,20
2015,2015,Sept,9/5/2015,UK,OD,Molasses Deep,724,724-500-032,0,NA,NA,NA,NA
2015,2015,Sept,9/5/2015,UK,OD,Molasses Deep,724,724-500-061,1,Juv,PAST,PORI,27
2015,2015,Sept,9/5/2015,UK,OD,Molasses Deep,724,724-500-061,1,Juv,SSID,SIDE,23
2015,2015,Sept,9/5/2015,UK,OD,Molasses Deep,724,724-500-061,1,Juv,SSID,SIDE,18
2015,2015,Sept,9/5/2015,UK,OD,Molasses Deep,724,724-500-094,1,Juv,AAGA,AGAR,12
2015,2015,Sept,9/5/2015,UK,OD,Molasses Deep,724,724-500-094,1,Juv,MCAV,MCAV,30
2015,2015,Sept,9/5/2015,UK,OD,Molasses Deep,724,724-500-094,1,Juv,PAST,PORI,11
2015,2015,Sept,9/5/2015,UK,OD,Molasses Deep,724,724-500-094,1,Juv,PAST,PORI,5
2015,2015,Sept,9/5/2015,UK,OD,Molasses Deep,724,724-500-094,1,Juv,PAST,PORI,18
2015,2015,Sept,9/5/2015,UK,OD,Molasses Deep,724,724-500-094,1,Juv,SSID,SIDE,26
2015,2015,Sept,9/5/2015,UK,OD,Molasses Deep,724,724-500-094,1,Juv,SSID,SIDE,15
2015,2015,Sept,9/5/2015,UK,OD,Molasses Deep,724,724-500-094,1,Juv,UNKS,UNKS,6
2015,2015,Sept,9/5/2015,UK,OD,Molasses Deep,724,724-500-192,1,Juv,AAGA,AGAR,28
2015,2015,Sept,9/5/2015,UK,OD,Molasses Deep,724,724-500-192,1,Juv,DSTO,DSTO,32
2015,2015,Sept,9/5/2015,UK,OD,Molasses Deep,724,724-500-192,1,Juv,PAST,PORI,8
2015,2015,Sept,9/5/2015,UK,OD,Molasses Deep,724,724-500-192,1,Juv,PAST,PORI,6
2015,2015,Sept,9/5/2015,UK,OD,Molasses Deep,724,724-500-192,1,Juv,PAST,PORI,6
2015,2015,Sept,9/5/2015,UK,OD,Molasses Deep,724,724-500-192,1,Juv,PAST,PORI,21
2015,2015,Sept,9/5/2015,UK,OD,Molasses Deep,724,724-500-192,1,Iso,PPOR,PORI,25
2015,2015,Sept,9/5/2015,UK,OD,Molasses Deep,724,724-500-192,1,Iso,PPOR,PORI,12
2015,2015,Sept,9/5/2015,UK,OD,Molasses Deep,724,724-500-192,1,Iso,PPOR,PORI,23
2015,2015,Sept,9/21/2015,MK,OD,Tennessee Deep,751,751-100-026,1,Juv,PAST,PORI,16
2015,2015,Sept,9/21/2015,MK,OD,Tennessee Deep,751,751-100-026,1,Juv,PPOR,PORI,21
2015,2015,Sept,9/21/2015,MK,OD,Tennessee Deep,751,751-100-026,1,Juv,SSID,SIDE,39
2015,2015,Sept,9/21/2015,MK,OD,Tennessee Deep,751,751-100-026,1,Juv,SSID,SIDE,2
2015,2015,Sept,9/21/2015,MK,OD,Tennessee Deep,751,751-100-026,1,Juv,SSID,SIDE,8
2015,2015,Sept,9/21/2015,MK,OD,Tennessee Deep,751,751-100-026,1,Juv,SSID,SIDE,33
2015,2015,Sept,9/21/2015,MK,OD,Tennessee Deep,751,751-100-026,1,Juv,SSID,SIDE,3
2015,2015,Sept,9/21/2015,MK,OD,Tennessee Deep,751,751-100-026,1,Juv,SSID,SIDE,3
2015,2015,Sept,9/21/2015,MK,OD,Tennessee Deep,751,751-100-026,1,Juv,SSID,SIDE,1
2015,2015,Sept,9/21/2015,MK,OD,Tennessee Deep,751,751-100-026,1,Juv,SMIC,SMIC,38
2015,2015,Sept,9/21/2015,MK,OD,Tennessee Deep,751,751-100-026,1,Juv,SMIC,SMIC,34
2015,2015,Sept,9/21/2015,MK,OD,Tennessee Deep,751,751-100-045,1,Juv,MCAV,MCAV,22
2015,2015,Sept,9/21/2015,MK,OD,Tennessee Deep,751,751-100-045,1,Juv,PAST,PORI,14
2015,2015,Sept,9/21/2015,MK,OD,Tennessee Deep,751,751-100-045,1,Iso,SSID,SIDE,11
2015,2015,Sept,9/21/2015,MK,OD,Tennessee Deep,751,751-100-045,1,Iso,SSID,SIDE,2
2015,2015,Sept,9/21/2015,MK,OD,Tennessee Deep,751,751-100-045,1,Juv,SSID,SIDE,13
2015,2015,Sept,9/21/2015,MK,OD,Tennessee Deep,751,751-100-045,1,Juv,SSID,SIDE,5
2015,2015,Sept,9/21/2015,MK,OD,Tennessee Deep,751,751-100-045,1,Juv,SSID,SIDE,6
2015,2015,Sept,9/21/2015,MK,OD,Tennessee Deep,751,751-100-045,1,Juv,SSID,SIDE,10
2015,2015,Sept,9/21/2015,MK,OD,Tennessee Deep,751,751-100-118,1,Juv,EFAS,EFAS,26
2015,2015,Sept,9/21/2015,MK,OD,Tennessee Deep,751,751-100-118,1,Juv,PAST,PORI,27
2015,2015,Sept,9/21/2015,MK,OD,Tennessee Deep,751,751-100-118,1,Juv,PAST,PORI,13
2015,2015,Sept,9/21/2015,MK,OD,Tennessee Deep,751,751-100-118,1,Uns,SSID,SIDE,15
2015,2015,Sept,9/21/2015,MK,OD,Tennessee Deep,751,751-100-118,1,Uns,SSID,SIDE,8
2015,2015,Sept,9/21/2015,MK,OD,Tennessee Deep,751,751-100-118,1,Uns,SSID,SIDE,4
2015,2015,Sept,9/21/2015,MK,OD,Tennessee Deep,751,751-100-118,1,Uns,SSID,SIDE,3
2015,2015,Sept,9/21/2015,MK,OD,Tennessee Deep,751,751-100-118,1,Uns,SSID,SIDE,4
2015,2015,Sept,9/21/2015,MK,OD,Tennessee Deep,751,751-100-118,1,Uns,SSID,SIDE,2
2015,2015,Sept,9/21/2015,MK,OD,Tennessee Deep,751,751-100-118,1,Uns,SSID,SIDE,2
2015,2015,Sept,9/21/2015,MK,OD,Tennessee Deep,751,751-100-118,1,Uns,SSID,SIDE,1
2015,2015,Sept,9/21/2015,MK,OD,Tennessee Deep,751,751-100-118,1,Uns,SSID,SIDE,1
2015,2015,Sept,9/21/2015,MK,OD,Tennessee Deep,751,751-100-118,1,Juv,SSID,SIDE,17
2015,2015,Sept,9/21/2015,MK,OD,Tennessee Deep,751,751-100-118,1,Juv,SSID,SIDE,10
2015,2015,Sept,9/21/2015,MK,OD,Tennessee Deep,751,751-100-118,1,Juv,SSID,SIDE,4
2015,2015,Sept,9/21/2015,MK,OD,Tennessee Deep,751,751-100-118,1,Juv,SSID,SIDE,12
2015,2015,Sept,9/21/2015,MK,OD,Tennessee Deep,751,751-100-118,1,Juv,SSID,SIDE,6
2015,2015,Sept,9/21/2015,MK,OD,Tennessee Deep,751,751-100-118,1,Juv,SSID,SIDE,33
2015,2015,Sept,9/21/2015,MK,OD,Tennessee Deep,751,751-100-118,1,Juv,SMIC,SMIC,12
2015,2015,Sept,9/21/2015,MK,OD,Tennessee Deep,751,751-100-118,1,Juv,SMIC,SMIC,24
2015,2015,Sept,9/21/2015,MK,OD,Tennessee Deep,751,751-100-203,1,Juv,SCOL,MUSS,15
2015,2015,Sept,9/21/2015,MK,OD,Tennessee Deep,751,751-100-203,1,Juv,PAST,PORI,15
2015,2015,Sept,9/21/2015,MK,OD,Tennessee Deep,751,751-100-203,1,Juv,SSID,SIDE,11
2015,2015,Sept,9/21/2015,MK,OD,Tennessee Deep,751,751-100-203,1,Juv,SSID,SIDE,34
2015,2015,Sept,9/21/2015,MK,OD,Tennessee Deep,751,751-500-029,1,Juv,PAST,PORI,15
2015,2015,Sept,9/21/2015,MK,OD,Tennessee Deep,751,751-500-029,1,Iso,PPOR,PORI,32
2015,2015,Sept,9/21/2015,MK,OD,Tennessee Deep,751,751-500-029,1,Iso,SSID,SIDE,9
2015,2015,Sept,9/21/2015,MK,OD,Tennessee Deep,751,751-500-029,1,Juv,SSID,SIDE,30
2015,2015,Sept,9/21/2015,MK,OD,Tennessee Deep,751,751-500-029,1,Juv,SSID,SIDE,28
2015,2015,Sept,9/21/2015,MK,OD,Tennessee Deep,751,751-500-029,1,Juv,SSID,SIDE,27
2015,2015,Sept,9/21/2015,MK,OD,Tennessee Deep,751,751-500-029,1,Juv,SSID,SIDE,19
2015,2015,Sept,9/21/2015,MK,OD,Tennessee Deep,751,751-500-105,1,Juv,MCAV,MCAV,12
2015,2015,Sept,9/21/2015,MK,OD,Tennessee Deep,751,751-500-105,1,Juv,PAST,PORI,17
2015,2015,Sept,9/21/2015,MK,OD,Tennessee Deep,751,751-500-105,1,Juv,SSID,SIDE,21
2015,2015,Sept,9/21/2015,MK,OD,Tennessee Deep,751,751-500-105,1,Juv,SSID,SIDE,32
2015,2015,Sept,9/21/2015,MK,OD,Tennessee Deep,751,751-500-105,1,Juv,SSID,SIDE,19
2015,2015,Sept,9/21/2015,MK,OD,Tennessee Deep,751,751-500-123,1,Juv,SMIC,SMIC,33
2015,2015,Sept,9/21/2015,MK,OD,Tennessee Deep,751,751-500-226,1,Juv,AAGA,AGAR,20
2015,2015,Sept,9/21/2015,MK,OD,Tennessee Deep,751,751-500-226,1,Juv,MCAV,MCAV,34
2015,2015,Sept,9/21/2015,MK,OD,Tennessee Deep,751,751-500-226,1,Juv,PPOR,PORI,27
2015,2015,Sept,9/21/2015,MK,OD,Tennessee Deep,751,751-500-226,1,Juv,SSID,SIDE,22
2015,2015,Sept,9/21/2015,MK,OD,Tennessee Deep,752,752-100-022,1,Juv,AAGA,AGAR,20
2015,2015,Sept,9/21/2015,MK,OD,Tennessee Deep,752,752-100-022,1,Juv,AAGA,AGAR,23
2015,2015,Sept,9/21/2015,MK,OD,Tennessee Deep,752,752-100-022,1,Juv,AAGA,AGAR,27
2015,2015,Sept,9/21/2015,MK,OD,Tennessee Deep,752,752-100-022,1,Juv,AAGA,AGAR,12
2015,2015,Sept,9/21/2015,MK,OD,Tennessee Deep,752,752-100-022,1,Juv,PAST,PORI,13
2015,2015,Sept,9/21/2015,MK,OD,Tennessee Deep,752,752-100-022,1,Juv,SSID,SIDE,11
2015,2015,Sept,9/21/2015,MK,OD,Tennessee Deep,752,752-100-022,1,Juv,SSID,SIDE,15
2015,2015,Sept,9/21/2015,MK,OD,Tennessee Deep,752,752-100-022,1,Juv,SSID,SIDE,18
2015,2015,Sept,9/21/2015,MK,OD,Tennessee Deep,752,752-100-072,1,Juv,MARE,MARE,27
2015,2015,Sept,9/21/2015,MK,OD,Tennessee Deep,752,752-100-072,1,Juv,PAST,PORI,11
2015,2015,Sept,9/21/2015,MK,OD,Tennessee Deep,752,752-100-072,1,Juv,SSID,SIDE,26
2015,2015,Sept,9/21/2015,MK,OD,Tennessee Deep,752,752-100-072,1,Juv,SSID,SIDE,17
2015,2015,Sept,9/21/2015,MK,OD,Tennessee Deep,752,752-100-135,1,Juv,PAST,PORI,11
2015,2015,Sept,9/21/2015,MK,OD,Tennessee Deep,752,752-100-135,1,Juv,PAST,PORI,19
2015,2015,Sept,9/21/2015,MK,OD,Tennessee Deep,752,752-100-135,1,Juv,PAST,PORI,11
2015,2015,Sept,9/21/2015,MK,OD,Tennessee Deep,752,752-100-135,1,Juv,PAST,PORI,20
2015,2015,Sept,9/21/2015,MK,OD,Tennessee Deep,752,752-100-135,1,Juv,SSID,SIDE,20
2015,2015,Sept,9/21/2015,MK,OD,Tennessee Deep,752,752-100-135,1,Juv,SSID,SIDE,12
2015,2015,Sept,9/21/2015,MK,OD,Tennessee Deep,752,752-100-225,1,Juv,MARE,MARE,23
2015,2015,Sept,9/21/2015,MK,OD,Tennessee Deep,752,752-100-225,1,Juv,PAST,PORI,13
2015,2015,Sept,9/21/2015,MK,OD,Tennessee Deep,752,752-100-225,1,Juv,PAST,PORI,14
2015,2015,Sept,9/21/2015,MK,OD,Tennessee Deep,752,752-100-225,1,Juv,PAST,PORI,20
2015,2015,Sept,9/21/2015,MK,OD,Tennessee Deep,752,752-100-225,1,Juv,SRAD,SIDE,27
2015,2015,Sept,9/21/2015,MK,OD,Tennessee Deep,752,752-100-225,1,Juv,SSID,SIDE,39
2015,2015,Sept,9/21/2015,MK,OD,Tennessee Deep,752,752-100-225,1,Juv,SSID,SIDE,12
2015,2015,Sept,9/21/2015,MK,OD,Tennessee Deep,752,752-100-225,1,Juv,SSID,SIDE,6
2015,2015,Sept,9/21/2015,MK,OD,Tennessee Deep,752,752-100-225,1,Juv,SSID,SIDE,3
2015,2015,Sept,9/21/2015,MK,OD,Tennessee Deep,752,752-100-225,1,Juv,UNKS,UNKS,2
2015,2015,Sept,9/21/2015,MK,OD,Tennessee Deep,752,752-100-225,1,Juv,UNKS,UNKS,2
2015,2015,Sept,9/21/2015,MK,OD,Tennessee Deep,752,752-100-225,1,Juv,UNKS,UNKS,3
2015,2015,Sept,9/21/2015,MK,OD,Tennessee Deep,752,752-500-023,1,Juv,AAGA,AGAR,18
2015,2015,Sept,9/21/2015,MK,OD,Tennessee Deep,752,752-500-023,1,Juv,AAGA,AGAR,11
2015,2015,Sept,9/21/2015,MK,OD,Tennessee Deep,752,752-500-023,1,Juv,PAST,PORI,11
2015,2015,Sept,9/21/2015,MK,OD,Tennessee Deep,752,752-500-023,1,Juv,SSID,SIDE,15
2015,2015,Sept,9/21/2015,MK,OD,Tennessee Deep,752,752-500-056,1,Juv,MARE,MARE,33
2015,2015,Sept,9/21/2015,MK,OD,Tennessee Deep,752,752-500-056,1,Juv,MCAV,MCAV,16
2015,2015,Sept,9/21/2015,MK,OD,Tennessee Deep,752,752-500-056,1,Juv,SCOL,MUSS,21
2015,2015,Sept,9/21/2015,MK,OD,Tennessee Deep,752,752-500-056,1,Juv,PAST,PORI,21
2015,2015,Sept,9/21/2015,MK,OD,Tennessee Deep,752,752-500-056,1,Juv,SSID,SIDE,8
2015,2015,Sept,9/21/2015,MK,OD,Tennessee Deep,752,752-500-056,1,Juv,SSID,SIDE,9
2015,2015,Sept,9/21/2015,MK,OD,Tennessee Deep,752,752-500-141,1,Juv,PAST,PORI,13
2015,2015,Sept,9/21/2015,MK,OD,Tennessee Deep,752,752-500-141,1,Juv,SSID,SIDE,34
2015,2015,Sept,9/21/2015,MK,OD,Tennessee Deep,752,752-500-141,1,Juv,SSID,SIDE,9
2015,2015,Sept,9/21/2015,MK,OD,Tennessee Deep,752,752-500-141,1,Juv,SMIC,SMIC,28
2015,2015,Sept,9/21/2015,MK,OD,Tennessee Deep,752,752-500-188,1,Juv,AAGA,AGAR,15
2015,2015,Sept,9/21/2015,MK,OD,Tennessee Deep,752,752-500-188,1,Juv,AAGA,AGAR,20
2015,2015,Sept,9/21/2015,MK,OD,Tennessee Deep,752,752-500-188,1,Iso,PAST,PORI,18
2015,2015,Sept,9/21/2015,MK,OD,Tennessee Deep,752,752-500-188,1,Juv,PAST,PORI,9
2015,2015,Sept,9/21/2015,MK,OD,Tennessee Deep,752,752-500-188,1,Juv,PAST,PORI,37
2015,2015,Sept,9/21/2015,MK,OD,Tennessee Deep,752,752-500-188,1,Juv,SSID,SIDE,25
2015,2015,Sept,9/21/2015,MK,OD,Tennessee Deep,752,752-500-188,1,Juv,SSID,SIDE,29
2015,2015,Sept,9/21/2015,MK,OD,Tennessee Deep,753,753-100-028,1,Iso,PAST,PORI,14
2015,2015,Sept,9/23/2015,MK,OD,Tennessee Deep,753,753-100-028,1,Iso,PAST,PORI,10
2015,2015,Sept,9/21/2015,MK,OD,Tennessee Deep,753,753-100-028,1,Juv,SSID,SIDE,39
2015,2015,Sept,9/21/2015,MK,OD,Tennessee Deep,753,753-100-028,1,Juv,SSID,SIDE,15
2015,2015,Sept,9/23/2015,MK,OD,Tennessee Deep,753,753-100-028,1,Juv,SSID,SIDE,28
2015,2015,Sept,9/21/2015,MK,OD,Tennessee Deep,753,753-100-028,1,Juv,SMIC,SMIC,33
2015,2015,Sept,9/21/2015,MK,OD,Tennessee Deep,753,753-100-085,0,NA,NA,NA,NA
2015,2015,Sept,9/23/2015,MK,OD,Tennessee Deep,753,753-100-090,1,Juv,SCUB,MUSS,23
2015,2015,Sept,9/23/2015,MK,OD,Tennessee Deep,753,753-100-090,1,Juv,PAST,PORI,39
2015,2015,Sept,9/23/2015,MK,OD,Tennessee Deep,753,753-100-090,1,Juv,SSID,SIDE,32
2015,2015,Sept,9/23/2015,MK,OD,Tennessee Deep,753,753-100-141,1,Juv,AFRA,AGAR,22
2015,2015,Sept,9/23/2015,MK,OD,Tennessee Deep,753,753-100-141,1,Juv,AFRA,AGAR,17
2015,2015,Sept,9/23/2015,MK,OD,Tennessee Deep,753,753-100-141,1,Juv,AFRA,AGAR,27
2015,2015,Sept,9/23/2015,MK,OD,Tennessee Deep,753,753-100-141,1,Juv,PAST,PORI,28
2015,2015,Sept,9/23/2015,MK,OD,Tennessee Deep,753,753-100-141,1,Juv,PPOR,PORI,35
2015,2015,Sept,9/23/2015,MK,OD,Tennessee Deep,753,753-100-141,1,Juv,SSID,SIDE,14
2015,2015,Sept,9/23/2015,MK,OD,Tennessee Deep,753,753-100-141,1,Juv,SSID,SIDE,13
2015,2015,Sept,9/23/2015,MK,OD,Tennessee Deep,753,753-100-141,1,Juv,SSID,SIDE,33
2015,2015,Sept,9/23/2015,MK,OD,Tennessee Deep,753,753-100-141,1,Juv,SSID,SIDE,30
2015,2015,Sept,9/23/2015,MK,OD,Tennessee Deep,753,753-100-141,1,Juv,SMIC,SMIC,29
2015,2015,Sept,9/21/2015,MK,OD,Tennessee Deep,753,753-500-023,1,Iso,EFAS,EFAS,19
2015,2015,Sept,9/21/2015,MK,OD,Tennessee Deep,753,753-500-023,1,Iso,EFAS,EFAS,14
2015,2015,Sept,9/21/2015,MK,OD,Tennessee Deep,753,753-500-023,1,Iso,EFAS,EFAS,8
2015,2015,Sept,9/21/2015,MK,OD,Tennessee Deep,753,753-500-023,1,Iso,EFAS,EFAS,12
2015,2015,Sept,9/21/2015,MK,OD,Tennessee Deep,753,753-500-023,1,Iso,EFAS,EFAS,18
2015,2015,Sept,9/21/2015,MK,OD,Tennessee Deep,753,753-500-023,1,Iso,EFAS,EFAS,13
2015,2015,Sept,9/21/2015,MK,OD,Tennessee Deep,753,753-500-023,1,Iso,EFAS,EFAS,8
2015,2015,Sept,9/21/2015,MK,OD,Tennessee Deep,753,753-500-023,1,Juv,PAST,PORI,11
2015,2015,Sept,9/21/2015,MK,OD,Tennessee Deep,753,753-500-023,1,Juv,PAST,PORI,7
2015,2015,Sept,9/21/2015,MK,OD,Tennessee Deep,753,753-500-023,1,Juv,PPOR,PORI,39
2015,2015,Sept,9/21/2015,MK,OD,Tennessee Deep,753,753-500-023,1,Juv,SSID,SIDE,28
2015,2015,Sept,9/21/2015,MK,OD,Tennessee Deep,753,753-500-023,1,Juv,SSID,SIDE,30
2015,2015,Sept,9/21/2015,MK,OD,Tennessee Deep,753,753-500-023,1,Juv,SSID,SIDE,12
2015,2015,Sept,9/21/2015,MK,OD,Tennessee Deep,753,753-500-023,1,Juv,SSID,SIDE,9
2015,2015,Sept,9/21/2015,MK,OD,Tennessee Deep,753,753-500-023,1,Juv,SMIC,SMIC,31
2015,2015,Sept,9/21/2015,MK,OD,Tennessee Deep,753,753-500-023,1,Juv,SMIC,SMIC,27
2015,2015,Sept,9/21/2015,MK,OD,Tennessee Deep,753,753-500-023,1,Juv,UNKS,UNKS,11
2015,2015,Sept,9/21/2015,MK,OD,Tennessee Deep,753,753-500-049,1,Juv,AAGA,AGAR,13
2015,2015,Sept,9/21/2015,MK,OD,Tennessee Deep,753,753-500-049,1,Juv,AAGA,AGAR,20
2015,2015,Sept,9/21/2015,MK,OD,Tennessee Deep,753,753-500-049,1,Juv,MCAV,MCAV,8
2015,2015,Sept,9/21/2015,MK,OD,Tennessee Deep,753,753-500-049,1,Juv,PAST,PORI,11
2015,2015,Sept,9/21/2015,MK,OD,Tennessee Deep,753,753-500-049,1,Juv,SSID,SIDE,14
2015,2015,Sept,9/21/2015,MK,OD,Tennessee Deep,753,753-500-049,1,Juv,SSID,SIDE,11
2015,2015,Sept,9/23/2015,MK,OD,Tennessee Deep,753,753-500-105,1,Juv,SSID,SIDE,18
2015,2015,Sept,9/23/2015,MK,OD,Tennessee Deep,753,753-500-105,1,Juv,SSID,SIDE,39
2015,2015,Sept,9/23/2015,MK,OD,Tennessee Deep,753,753-500-105,1,Juv,SSID,SIDE,22
2015,2015,Sept,9/23/2015,MK,OD,Tennessee Deep,753,753-500-197,1,Juv,AAGA,AGAR,4
2015,2015,Sept,9/23/2015,MK,OD,Tennessee Deep,753,753-500-197,1,Juv,MCAV,MCAV,6
2015,2015,Sept,9/23/2015,MK,OD,Tennessee Deep,753,753-500-197,1,Juv,SSID,SIDE,2
2015,2015,Sept,9/23/2015,MK,OD,Tennessee Deep,753,753-500-197,1,Juv,SSID,SIDE,13
2015,2015,Sept,9/23/2015,MK,OD,Tennessee Deep,753,753-500-197,1,Juv,SSID,SIDE,14
2015,2015,Sept,9/23/2015,MK,OD,Tennessee Deep,754,754-100-051,1,Juv,MARE,MARE,22
2015,2015,Sept,9/23/2015,MK,OD,Tennessee Deep,754,754-100-051,1,Juv,MARE,MARE,10
2015,2015,Sept,9/23/2015,MK,OD,Tennessee Deep,754,754-100-051,1,Juv,PAST,PORI,17
2015,2015,Sept,9/23/2015,MK,OD,Tennessee Deep,754,754-100-051,1,Juv,PAST,PORI,6
2015,2015,Sept,9/23/2015,MK,OD,Tennessee Deep,754,754-100-051,1,Juv,PAST,PORI,15
2015,2015,Sept,9/23/2015,MK,OD,Tennessee Deep,754,754-100-051,1,Juv,PAST,PORI,11
2015,2015,Sept,9/23/2015,MK,OD,Tennessee Deep,754,754-100-051,1,Juv,PAST,PORI,11
2015,2015,Sept,9/23/2015,MK,OD,Tennessee Deep,754,754-100-051,1,Juv,PAST,PORI,10
2015,2015,Sept,9/23/2015,MK,OD,Tennessee Deep,754,754-100-051,1,Juv,SSID,SIDE,17
2015,2015,Sept,9/23/2015,MK,OD,Tennessee Deep,754,754-100-051,1,Juv,SSID,SIDE,31
2015,2015,Sept,9/23/2015,MK,OD,Tennessee Deep,754,754-100-051,1,Juv,UNKS,UNKS,10
2015,2015,Sept,9/23/2015,MK,OD,Tennessee Deep,754,754-100-100,1,Juv,AAGA,AGAR,39
2015,2015,Sept,9/23/2015,MK,OD,Tennessee Deep,754,754-100-100,1,Juv,AAGA,AGAR,23
2015,2015,Sept,9/23/2015,MK,OD,Tennessee Deep,754,754-100-100,1,Juv,AAGA,AGAR,10
2015,2015,Sept,9/23/2015,MK,OD,Tennessee Deep,754,754-100-100,1,Juv,AAGA,AGAR,7
2015,2015,Sept,9/23/2015,MK,OD,Tennessee Deep,754,754-100-100,1,Juv,AGAR,AGAR,19
2015,2015,Sept,9/23/2015,MK,OD,Tennessee Deep,754,754-100-100,1,Juv,MARE,MARE,23
2015,2015,Sept,9/23/2015,MK,OD,Tennessee Deep,754,754-100-100,1,Juv,MARE,MARE,12
2015,2015,Sept,9/23/2015,MK,OD,Tennessee Deep,754,754-100-100,1,Juv,PAST,PORI,29
2015,2015,Sept,9/23/2015,MK,OD,Tennessee Deep,754,754-100-100,1,Iso,PPOR,PORI,21
2015,2015,Sept,9/23/2015,MK,OD,Tennessee Deep,754,754-100-100,1,Iso,PPOR,PORI,15
2015,2015,Sept,9/23/2015,MK,OD,Tennessee Deep,754,754-100-100,1,Juv,SSID,SIDE,6
2015,2015,Sept,9/23/2015,MK,OD,Tennessee Deep,754,754-100-100,1,Juv,SSID,SIDE,9
2015,2015,Sept,9/23/2015,MK,OD,Tennessee Deep,754,754-100-136,1,Juv,AAGA,AGAR,8
2015,2015,Sept,9/23/2015,MK,OD,Tennessee Deep,754,754-100-136,1,Juv,MARE,MARE,15
2015,2015,Sept,9/23/2015,MK,OD,Tennessee Deep,754,754-100-136,1,Juv,MYCE,MUSS,10
2015,2015,Sept,9/23/2015,MK,OD,Tennessee Deep,754,754-100-136,1,Juv,PAST,PORI,14
2015,2015,Sept,9/23/2015,MK,OD,Tennessee Deep,754,754-100-136,1,Juv,PAST,PORI,11
2015,2015,Sept,9/23/2015,MK,OD,Tennessee Deep,754,754-100-191,1,Juv,MUSS,MUSS,10
2015,2015,Sept,9/23/2015,MK,OD,Tennessee Deep,754,754-100-191,1,Juv,PAST,PORI,11
2015,2015,Sept,9/23/2015,MK,OD,Tennessee Deep,754,754-100-191,1,Juv,PAST,PORI,21
2015,2015,Sept,9/23/2015,MK,OD,Tennessee Deep,754,754-100-191,1,Iso,SSID,SIDE,9
2015,2015,Sept,9/23/2015,MK,OD,Tennessee Deep,754,754-100-191,1,Juv,SSID,SIDE,17
2015,2015,Sept,9/23/2015,MK,OD,Tennessee Deep,754,754-100-191,1,Juv,SSID,SIDE,21
2015,2015,Sept,9/23/2015,MK,OD,Tennessee Deep,754,754-500-045,1,Juv,AAGA,AGAR,37
2015,2015,Sept,9/23/2015,MK,OD,Tennessee Deep,754,754-500-045,1,Juv,AAGA,AGAR,29
2015,2015,Sept,9/23/2015,MK,OD,Tennessee Deep,754,754-500-045,1,Juv,EFAS,EFAS,9
2015,2015,Sept,9/23/2015,MK,OD,Tennessee Deep,754,754-500-045,1,Juv,MARE,MARE,7
2015,2015,Sept,9/23/2015,MK,OD,Tennessee Deep,754,754-500-045,1,Juv,PAST,PORI,12
2015,2015,Sept,9/23/2015,MK,OD,Tennessee Deep,754,754-500-045,1,Juv,PAST,PORI,29
2015,2015,Sept,9/23/2015,MK,OD,Tennessee Deep,754,754-500-045,1,Juv,SRAD,SIDE,20
2015,2015,Sept,9/23/2015,MK,OD,Tennessee Deep,754,754-500-045,1,Juv,SSID,SIDE,17
2015,2015,Sept,9/23/2015,MK,OD,Tennessee Deep,754,754-500-045,1,Juv,SSID,SIDE,11
2015,2015,Sept,9/23/2015,MK,OD,Tennessee Deep,754,754-500-045,1,Juv,SSID,SIDE,10
2015,2015,Sept,9/23/2015,MK,OD,Tennessee Deep,754,754-500-045,1,Juv,SSID,SIDE,10
2015,2015,Sept,9/23/2015,MK,OD,Tennessee Deep,754,754-500-092,1,Juv,PAST,PORI,14
2015,2015,Sept,9/23/2015,MK,OD,Tennessee Deep,754,754-500-092,1,Juv,PAST,PORI,22
2015,2015,Sept,9/23/2015,MK,OD,Tennessee Deep,754,754-500-092,1,Juv,PAST,PORI,9
2015,2015,Sept,9/23/2015,MK,OD,Tennessee Deep,754,754-500-092,1,Juv,SSID,SIDE,10
2015,2015,Sept,9/23/2015,MK,OD,Tennessee Deep,754,754-500-092,1,Juv,SSID,SIDE,30
2015,2015,Sept,9/23/2015,MK,OD,Tennessee Deep,754,754-500-092,1,Juv,SSID,SIDE,18
2015,2015,Sept,9/23/2015,MK,OD,Tennessee Deep,754,754-500-092,1,Juv,SSID,SIDE,10
2015,2015,Sept,9/23/2015,MK,OD,Tennessee Deep,754,754-500-139,1,Iso,AAGA,AGAR,8
2015,2015,Sept,9/23/2015,MK,OD,Tennessee Deep,754,754-500-139,1,Juv,AAGA,AGAR,21
2015,2015,Sept,9/23/2015,MK,OD,Tennessee Deep,754,754-500-139,1,Juv,PAST,PORI,12
2015,2015,Sept,9/23/2015,MK,OD,Tennessee Deep,754,754-500-139,1,Juv,PAST,PORI,8
2015,2015,Sept,9/23/2015,MK,OD,Tennessee Deep,754,754-500-139,1,Iso,SSID,SIDE,32
2015,2015,Sept,9/23/2015,MK,OD,Tennessee Deep,754,754-500-139,1,Iso,SSID,SIDE,9
2015,2015,Sept,9/23/2015,MK,OD,Tennessee Deep,754,754-500-139,1,Juv,SSID,SIDE,20
2015,2015,Sept,9/23/2015,MK,OD,Tennessee Deep,754,754-500-139,1,Juv,SSID,SIDE,18
2015,2015,Sept,9/23/2015,MK,OD,Tennessee Deep,754,754-500-139,1,Juv,SSID,SIDE,12
2015,2015,Sept,9/23/2015,MK,OD,Tennessee Deep,754,754-500-180,1,Juv,AAGA,AGAR,13
2015,2015,Sept,9/23/2015,MK,OD,Tennessee Deep,754,754-500-180,1,Juv,PAST,PORI,8
2015,2015,Sept,9/23/2015,MK,OD,Tennessee Deep,754,754-500-180,1,Juv,SSID,SIDE,14
2015,2015,Sept,9/23/2015,MK,OD,Tennessee Deep,754,754-500-180,1,Juv,SMIC,SMIC,15
2015,2015,Sept,9/22/2015,MK,OD,Sombrero Deep,761,761-100-009,1,Iso,AAGA,AGAR,20
2015,2015,Sept,9/22/2015,MK,OD,Sombrero Deep,761,761-100-009,1,Iso,AAGA,AGAR,23
2015,2015,Sept,9/22/2015,MK,OD,Sombrero Deep,761,761-100-009,1,Iso,AAGA,AGAR,18
2015,2015,Sept,9/22/2015,MK,OD,Sombrero Deep,761,761-100-009,1,Juv,AAGA,AGAR,19
2015,2015,Sept,9/22/2015,MK,OD,Sombrero Deep,761,761-100-009,1,Juv,AAGA,AGAR,7
2015,2015,Sept,9/22/2015,MK,OD,Sombrero Deep,761,761-100-009,1,Juv,AAGA,AGAR,8
2015,2015,Sept,9/22/2015,MK,OD,Sombrero Deep,761,761-100-009,1,Juv,AAGA,AGAR,35
2015,2015,Sept,9/22/2015,MK,OD,Sombrero Deep,761,761-100-009,1,Juv,PAST,PORI,28
2015,2015,Sept,9/22/2015,MK,OD,Sombrero Deep,761,761-100-009,1,Juv,PAST,PORI,12
2015,2015,Sept,9/22/2015,MK,OD,Sombrero Deep,761,761-100-009,1,Juv,PAST,PORI,13
2015,2015,Sept,9/22/2015,MK,OD,Sombrero Deep,761,761-100-009,1,Juv,PAST,PORI,15
2015,2015,Sept,9/22/2015,MK,OD,Sombrero Deep,761,761-100-009,1,Juv,PPOR,PORI,15
2015,2015,Sept,9/22/2015,MK,OD,Sombrero Deep,761,761-100-009,1,Juv,SSID,SIDE,15
2015,2015,Sept,9/22/2015,MK,OD,Sombrero Deep,761,761-100-009,1,Juv,SSID,SIDE,15
2015,2015,Sept,9/22/2015,MK,OD,Sombrero Deep,761,761-100-009,1,Juv,SSID,SIDE,5
2015,2015,Sept,9/22/2015,MK,OD,Sombrero Deep,761,761-100-009,1,Juv,SSID,SIDE,37
2015,2015,Sept,9/22/2015,MK,OD,Sombrero Deep,761,761-100-009,1,Juv,SSID,SIDE,14
2015,2015,Sept,9/22/2015,MK,OD,Sombrero Deep,761,761-100-009,1,Juv,SSID,SIDE,10
2015,2015,Sept,9/22/2015,MK,OD,Sombrero Deep,761,761-100-009,1,Juv,SSID,SIDE,9
2015,2015,Sept,9/22/2015,MK,OD,Sombrero Deep,761,761-100-009,1,Juv,SSID,SIDE,34
2015,2015,Sept,9/22/2015,MK,OD,Sombrero Deep,761,761-100-028,1,Juv,MCAV,MCAV,17
2015,2015,Sept,9/22/2015,MK,OD,Sombrero Deep,761,761-100-028,1,Juv,SSID,SIDE,4
2015,2015,Sept,9/22/2015,MK,OD,Sombrero Deep,761,761-100-028,1,Juv,SSID,SIDE,5
2015,2015,Sept,9/22/2015,MK,OD,Sombrero Deep,761,761-100-028,1,Juv,SSID,SIDE,7
2015,2015,Sept,9/22/2015,MK,OD,Sombrero Deep,761,761-100-028,1,Juv,SSID,SIDE,10
2015,2015,Sept,9/22/2015,MK,OD,Sombrero Deep,761,761-100-028,1,Juv,SSID,SIDE,27
2015,2015,Sept,9/22/2015,MK,OD,Sombrero Deep,761,761-100-028,1,Juv,SSID,SIDE,3
2015,2015,Sept,9/22/2015,MK,OD,Sombrero Deep,761,761-100-028,1,Juv,SSID,SIDE,22
2015,2015,Sept,9/22/2015,MK,OD,Sombrero Deep,761,761-100-028,1,Juv,SSID,SIDE,7
2015,2015,Sept,9/22/2015,MK,OD,Sombrero Deep,761,761-100-028,1,Juv,SSID,SIDE,4
2015,2015,Sept,9/22/2015,MK,OD,Sombrero Deep,761,761-100-028,1,Juv,SSID,SIDE,4
2015,2015,Sept,9/22/2015,MK,OD,Sombrero Deep,761,761-100-028,1,Juv,SSID,SIDE,4
2015,2015,Sept,9/22/2015,MK,OD,Sombrero Deep,761,761-100-028,1,Juv,SSID,SIDE,4
2015,2015,Sept,9/22/2015,MK,OD,Sombrero Deep,761,761-100-028,1,Juv,SSID,SIDE,2
2015,2015,Sept,9/22/2015,MK,OD,Sombrero Deep,761,761-100-028,1,Juv,SSID,SIDE,2
2015,2015,Sept,9/22/2015,MK,OD,Sombrero Deep,761,761-100-028,1,Juv,SSID,SIDE,2
2015,2015,Sept,9/22/2015,MK,OD,Sombrero Deep,761,761-100-028,1,Juv,SSID,SIDE,2
2015,2015,Sept,9/22/2015,MK,OD,Sombrero Deep,761,761-100-028,1,Juv,SSID,SIDE,2
2015,2015,Sept,9/22/2015,MK,OD,Sombrero Deep,761,761-100-028,1,Juv,SSID,SIDE,2
2015,2015,Sept,9/22/2015,MK,OD,Sombrero Deep,761,761-100-028,1,Juv,SSID,SIDE,3
2015,2015,Sept,9/22/2015,MK,OD,Sombrero Deep,761,761-100-028,1,Juv,SSID,SIDE,3
2015,2015,Sept,9/22/2015,MK,OD,Sombrero Deep,761,761-100-028,1,Juv,SMIC,SMIC,34
2015,2015,Sept,9/22/2015,MK,OD,Sombrero Deep,761,761-100-081,1,Iso,AGAR,AGAR,13
2015,2015,Sept,9/22/2015,MK,OD,Sombrero Deep,761,761-100-081,1,Iso,AGAR,AGAR,17
2015,2015,Sept,9/22/2015,MK,OD,Sombrero Deep,761,761-100-081,1,Juv,MCAV,MCAV,27
2015,2015,Sept,9/22/2015,MK,OD,Sombrero Deep,761,761-100-081,1,Iso,PAST,PORI,26
2015,2015,Sept,9/22/2015,MK,OD,Sombrero Deep,761,761-100-081,1,Iso,PAST,PORI,12
2015,2015,Sept,9/22/2015,MK,OD,Sombrero Deep,761,761-100-081,1,Juv,SSID,SIDE,23
2015,2015,Sept,9/22/2015,MK,OD,Sombrero Deep,761,761-100-081,1,Juv,SSID,SIDE,7
2015,2015,Sept,9/22/2015,MK,OD,Sombrero Deep,761,761-100-081,1,Juv,SSID,SIDE,22
2015,2015,Sept,9/22/2015,MK,OD,Sombrero Deep,761,761-100-081,1,Juv,SSID,SIDE,15
2015,2015,Sept,9/22/2015,MK,OD,Sombrero Deep,761,761-100-139,1,Juv,AAGA,AGAR,22
2015,2015,Sept,9/22/2015,MK,OD,Sombrero Deep,761,761-100-139,1,Juv,MARE,MARE,11
2015,2015,Sept,9/22/2015,MK,OD,Sombrero Deep,761,761-100-139,1,Juv,EFAS,EFAS,12
2015,2015,Sept,9/22/2015,MK,OD,Sombrero Deep,761,761-100-139,1,Juv,PAST,PORI,15
2015,2015,Sept,9/22/2015,MK,OD,Sombrero Deep,761,761-100-139,1,Juv,SRAD,SIDE,24
2015,2015,Sept,9/22/2015,MK,OD,Sombrero Deep,761,761-100-139,1,Juv,SSID,SIDE,4
2015,2015,Sept,9/22/2015,MK,OD,Sombrero Deep,761,761-100-139,1,Juv,SSID,SIDE,12
2015,2015,Sept,9/22/2015,MK,OD,Sombrero Deep,761,761-100-139,1,Juv,SSID,SIDE,13
2015,2015,Sept,9/22/2015,MK,OD,Sombrero Deep,761,761-100-139,1,Juv,SSID,SIDE,18
2015,2015,Sept,9/22/2015,MK,OD,Sombrero Deep,761,761-100-139,1,Juv,SSID,SIDE,38
2015,2015,Sept,9/22/2015,MK,OD,Sombrero Deep,761,761-100-139,1,Juv,SSID,SIDE,23
2015,2015,Sept,9/22/2015,MK,OD,Sombrero Deep,761,761-100-139,1,Juv,SSID,SIDE,26
2015,2015,Sept,9/22/2015,MK,OD,Sombrero Deep,761,761-100-139,1,Juv,SSID,SIDE,8
2015,2015,Sept,9/22/2015,MK,OD,Sombrero Deep,761,761-100-139,1,Juv,SSID,SIDE,10
2015,2015,Sept,9/22/2015,MK,OD,Sombrero Deep,761,761-100-139,1,Juv,UNKS,UNKS,5
2015,2015,Sept,9/22/2015,MK,OD,Sombrero Deep,761,761-500-048,1,Iso,MDEC,MADR,25
2015,2015,Sept,9/22/2015,MK,OD,Sombrero Deep,761,761-500-048,1,Iso,MDEC,MADR,30
2015,2015,Sept,9/22/2015,MK,OD,Sombrero Deep,761,761-500-048,1,Juv,PAST,PORI,37
2015,2015,Sept,9/22/2015,MK,OD,Sombrero Deep,761,761-500-048,1,Juv,SSID,SIDE,18
2015,2015,Sept,9/22/2015,MK,OD,Sombrero Deep,761,761-500-048,1,Juv,SSID,SIDE,15
2015,2015,Sept,9/22/2015,MK,OD,Sombrero Deep,761,761-500-048,1,Juv,SSID,SIDE,28
2015,2015,Sept,9/22/2015,MK,OD,Sombrero Deep,761,761-500-048,1,Juv,SSID,SIDE,7
2015,2015,Sept,9/22/2015,MK,OD,Sombrero Deep,761,761-500-048,1,Juv,SSID,SIDE,15
2015,2015,Sept,9/22/2015,MK,OD,Sombrero Deep,761,761-500-048,1,Juv,SSID,SIDE,20
2015,2015,Sept,9/22/2015,MK,OD,Sombrero Deep,761,761-500-048,1,Juv,SSID,SIDE,2
2015,2015,Sept,9/22/2015,MK,OD,Sombrero Deep,761,761-500-072,1,Juv,PAST,PORI,6
2015,2015,Sept,9/22/2015,MK,OD,Sombrero Deep,761,761-500-072,1,Juv,SSID,SIDE,15
2015,2015,Sept,9/22/2015,MK,OD,Sombrero Deep,761,761-500-072,1,Juv,SMIC,SMIC,19
2015,2015,Sept,9/22/2015,MK,OD,Sombrero Deep,761,761-500-072,1,Juv,SMIC,SMIC,20
2015,2015,Sept,9/22/2015,MK,OD,Sombrero Deep,761,761-500-072,1,Juv,SMIC,SMIC,15
2015,2015,Sept,9/22/2015,MK,OD,Sombrero Deep,761,761-500-072,1,Juv,SMIC,SMIC,2
2015,2015,Sept,9/22/2015,MK,OD,Sombrero Deep,761,761-500-072,1,Juv,SMIC,SMIC,2
2015,2015,Sept,9/22/2015,MK,OD,Sombrero Deep,761,761-500-101,1,Juv,AAGA,AGAR,17
2015,2015,Sept,9/22/2015,MK,OD,Sombrero Deep,761,761-500-101,1,Juv,MARE,MARE,6
2015,2015,Sept,9/22/2015,MK,OD,Sombrero Deep,761,761-500-101,1,Juv,SSID,SIDE,21
2015,2015,Sept,9/22/2015,MK,OD,Sombrero Deep,761,761-500-101,1,Juv,SSID,SIDE,10
2015,2015,Sept,9/22/2015,MK,OD,Sombrero Deep,761,761-500-101,1,Juv,SSID,SIDE,17
2015,2015,Sept,9/22/2015,MK,OD,Sombrero Deep,761,761-500-101,1,Juv,SSID,SIDE,6
2015,2015,Sept,9/22/2015,MK,OD,Sombrero Deep,761,761-500-101,1,Juv,SSID,SIDE,5
2015,2015,Sept,9/22/2015,MK,OD,Sombrero Deep,761,761-500-101,1,Juv,SSID,SIDE,5
2015,2015,Sept,9/22/2015,MK,OD,Sombrero Deep,761,761-500-101,1,Juv,SMIC,SMIC,23
2015,2015,Sept,9/22/2015,MK,OD,Sombrero Deep,761,761-500-101,1,Juv,SMIC,SMIC,9
2015,2015,Sept,9/22/2015,MK,OD,Sombrero Deep,761,761-500-147,1,Juv,AAGA,AGAR,18
2015,2015,Sept,9/22/2015,MK,OD,Sombrero Deep,761,761-500-147,1,Juv,MARE,MARE,8
2015,2015,Sept,9/22/2015,MK,OD,Sombrero Deep,761,761-500-147,1,Juv,PAST,PORI,12
2015,2015,Sept,9/22/2015,MK,OD,Sombrero Deep,761,761-500-147,1,Juv,PAST,PORI,33
2015,2015,Sept,9/22/2015,MK,OD,Sombrero Deep,761,761-500-147,1,Juv,PAST,PORI,6
2015,2015,Sept,9/22/2015,MK,OD,Sombrero Deep,761,761-500-147,1,Juv,PAST,PORI,12
2015,2015,Sept,9/22/2015,MK,OD,Sombrero Deep,761,761-500-147,1,Juv,SSID,SIDE,23
2015,2015,Sept,9/22/2015,MK,OD,Sombrero Deep,761,761-500-147,1,Juv,SSID,SIDE,9
2015,2015,Sept,9/22/2015,MK,OD,Sombrero Deep,761,761-500-147,1,Juv,SSID,SIDE,15
2015,2015,Sept,9/22/2015,MK,OD,Sombrero Deep,761,761-500-147,1,Juv,SSID,SIDE,16
2015,2015,Sept,9/22/2015,MK,OD,Sombrero Deep,761,761-500-147,1,Juv,SSID,SIDE,18
2015,2015,Sept,9/22/2015,MK,OD,Sombrero Deep,761,761-500-147,1,Juv,SSID,SIDE,27
2015,2015,Sept,9/22/2015,MK,OD,Sombrero Deep,761,761-500-147,1,Juv,SSID,SIDE,32
2015,2015,Sept,9/22/2015,MK,OD,Sombrero Deep,761,761-500-147,1,Juv,SSID,SIDE,32
2015,2015,Sept,9/22/2015,MK,OD,Sombrero Deep,761,761-500-147,1,Juv,SSID,SIDE,19
2015,2015,Sept,9/22/2015,MK,OD,Sombrero Deep,761,761-500-147,1,Juv,SSID,SIDE,15
2015,2015,Sept,9/22/2015,MK,OD,Sombrero Deep,761,761-500-147,1,Juv,SSID,SIDE,38
2015,2015,Sept,9/22/2015,MK,OD,Sombrero Deep,761,761-500-147,1,Juv,SMIC,SMIC,10
2015,2015,Sept,9/22/2015,MK,OD,Sombrero Deep,761,761-500-147,1,Juv,SMIC,SMIC,28
2015,2015,Sept,9/22/2015,MK,OD,Sombrero Deep,762,762-100-056,1,Iso,AAGA,AGAR,25
2015,2015,Sept,9/22/2015,MK,OD,Sombrero Deep,762,762-100-056,1,Iso,AAGA,AGAR,32
2015,2015,Sept,9/22/2015,MK,OD,Sombrero Deep,762,762-100-056,1,Juv,AAGA,AGAR,30
2015,2015,Sept,9/22/2015,MK,OD,Sombrero Deep,762,762-100-056,1,Juv,AAGA,AGAR,15
2015,2015,Sept,9/22/2015,MK,OD,Sombrero Deep,762,762-100-056,1,Juv,LCUC,AGAR,27
2015,2015,Sept,9/22/2015,MK,OD,Sombrero Deep,762,762-100-056,1,Juv,MCAV,MCAV,8
2015,2015,Sept,9/22/2015,MK,OD,Sombrero Deep,762,762-100-056,1,Juv,MCAV,MCAV,9
2015,2015,Sept,9/22/2015,MK,OD,Sombrero Deep,762,762-100-056,1,Juv,SMIC,SMIC,9
2015,2015,Sept,9/22/2015,MK,OD,Sombrero Deep,762,762-100-056,1,Juv,SMIC,SMIC,22
2015,2015,Sept,9/22/2015,MK,OD,Sombrero Deep,762,762-100-056,1,Juv,SSID,SIDE,11
2015,2015,Sept,9/22/2015,MK,OD,Sombrero Deep,762,762-100-056,1,Juv,SSID,SIDE,31
2015,2015,Sept,9/22/2015,MK,OD,Sombrero Deep,762,762-100-056,1,Juv,SSID,SIDE,15
2015,2015,Sept,9/22/2015,MK,OD,Sombrero Deep,762,762-100-056,1,Juv,SSID,SIDE,24
2015,2015,Sept,9/22/2015,MK,OD,Sombrero Deep,762,762-100-056,1,Juv,SSID,SIDE,7
2015,2015,Sept,9/22/2015,MK,OD,Sombrero Deep,762,762-100-056,1,Juv,SSID,SIDE,3
2015,2015,Sept,9/22/2015,MK,OD,Sombrero Deep,762,762-100-056,1,Juv,SSID,SIDE,24
2015,2015,Sept,9/22/2015,MK,OD,Sombrero Deep,762,762-100-056,1,Juv,SSID,SIDE,10
2015,2015,Sept,9/22/2015,MK,OD,Sombrero Deep,762,762-100-056,1,Juv,SSID,SIDE,3
2015,2015,Sept,9/22/2015,MK,OD,Sombrero Deep,762,762-100-056,1,Juv,SSID,SIDE,2
2015,2015,Sept,9/22/2015,MK,OD,Sombrero Deep,762,762-100-056,1,Juv,SSID,SIDE,5
2015,2015,Sept,9/22/2015,MK,OD,Sombrero Deep,762,762-100-056,1,Juv,SSID,SIDE,6
2015,2015,Sept,9/22/2015,MK,OD,Sombrero Deep,762,762-100-056,1,Juv,SSID,SIDE,5
2015,2015,Sept,9/22/2015,MK,OD,Sombrero Deep,762,762-100-056,1,Juv,SMIC,SMIC,14
2015,2015,Sept,9/22/2015,MK,OD,Sombrero Deep,762,762-100-056,1,Juv,SMIC,SMIC,30
2015,2015,Sept,9/22/2015,MK,OD,Sombrero Deep,762,762-100-067,1,Juv,AAGA,AGAR,35
2015,2015,Sept,9/22/2015,MK,OD,Sombrero Deep,762,762-100-067,1,Juv,AFRA,AGAR,28
2015,2015,Sept,9/22/2015,MK,OD,Sombrero Deep,762,762-100-067,1,Juv,AFRA,AGAR,22
2015,2015,Sept,9/22/2015,MK,OD,Sombrero Deep,762,762-100-067,1,Juv,LCUC,AGAR,17
2015,2015,Sept,9/22/2015,MK,OD,Sombrero Deep,762,762-100-067,1,Juv,PAST,PORI,13
2015,2015,Sept,9/22/2015,MK,OD,Sombrero Deep,762,762-100-067,1,Juv,PAST,PORI,24
2015,2015,Sept,9/22/2015,MK,OD,Sombrero Deep,762,762-100-067,1,Juv,SSID,SIDE,18
2015,2015,Sept,9/22/2015,MK,OD,Sombrero Deep,762,762-100-067,1,Juv,SSID,SIDE,22
2015,2015,Sept,9/22/2015,MK,OD,Sombrero Deep,762,762-100-067,1,Juv,SSID,SIDE,13
2015,2015,Sept,9/22/2015,MK,OD,Sombrero Deep,762,762-100-067,1,Juv,SSID,SIDE,23
2015,2015,Sept,9/22/2015,MK,OD,Sombrero Deep,762,762-100-067,1,Juv,SSID,SIDE,4
2015,2015,Sept,9/22/2015,MK,OD,Sombrero Deep,762,762-100-067,1,Juv,SSID,SIDE,28
2015,2015,Sept,9/22/2015,MK,OD,Sombrero Deep,762,762-100-158,1,Iso,AAGA,AGAR,17
2015,2015,Sept,9/22/2015,MK,OD,Sombrero Deep,762,762-100-158,1,Iso,AAGA,AGAR,9
2015,2015,Sept,9/22/2015,MK,OD,Sombrero Deep,762,762-100-158,1,Iso,AAGA,AGAR,7
2015,2015,Sept,9/22/2015,MK,OD,Sombrero Deep,762,762-100-158,1,Iso,AAGA,AGAR,32
2015,2015,Sept,9/22/2015,MK,OD,Sombrero Deep,762,762-100-158,1,Iso,AAGA,AGAR,36
2015,2015,Sept,9/22/2015,MK,OD,Sombrero Deep,762,762-100-158,1,Juv,MCAV,MCAV,10
2015,2015,Sept,9/22/2015,MK,OD,Sombrero Deep,762,762-100-158,1,Juv,MCAV,MCAV,23
2015,2015,Sept,9/22/2015,MK,OD,Sombrero Deep,762,762-100-158,1,Juv,PAST,PORI,7
2015,2015,Sept,9/22/2015,MK,OD,Sombrero Deep,762,762-100-158,1,Juv,PAST,PORI,10
2015,2015,Sept,9/22/2015,MK,OD,Sombrero Deep,762,762-100-158,1,Juv,SSID,SIDE,17
2015,2015,Sept,9/22/2015,MK,OD,Sombrero Deep,762,762-100-158,1,Juv,SSID,SIDE,5
2015,2015,Sept,9/22/2015,MK,OD,Sombrero Deep,762,762-100-158,1,Juv,SSID,SIDE,30
2015,2015,Sept,9/22/2015,MK,OD,Sombrero Deep,762,762-100-158,1,Juv,SSID,SIDE,20
2015,2015,Sept,9/22/2015,MK,OD,Sombrero Deep,762,762-100-158,1,Juv,SMIC,SMIC,15
2015,2015,Sept,9/22/2015,MK,OD,Sombrero Deep,762,762-100-158,1,Juv,UNKS,UNKS,3
2015,2015,Sept,9/22/2015,MK,OD,Sombrero Deep,762,762-100-178,1,Juv,MCAV,MCAV,12
2015,2015,Sept,9/22/2015,MK,OD,Sombrero Deep,762,762-100-178,1,Iso,SSID,SIDE,4
2015,2015,Sept,9/22/2015,MK,OD,Sombrero Deep,762,762-100-178,1,Iso,SSID,SIDE,8
2015,2015,Sept,9/22/2015,MK,OD,Sombrero Deep,762,762-100-178,1,Juv,SSID,SIDE,22
2015,2015,Sept,9/22/2015,MK,OD,Sombrero Deep,762,762-100-178,1,Juv,SSID,SIDE,29
2015,2015,Sept,9/22/2015,MK,OD,Sombrero Deep,762,762-100-178,1,Juv,SSID,SIDE,19
2015,2015,Sept,9/22/2015,MK,OD,Sombrero Deep,762,762-100-178,1,Juv,SSID,SIDE,11
2015,2015,Sept,9/22/2015,MK,OD,Sombrero Deep,762,762-100-178,1,Juv,SSID,SIDE,31
2015,2015,Sept,9/22/2015,MK,OD,Sombrero Deep,762,762-100-178,1,Juv,SSID,SIDE,30
2015,2015,Sept,9/22/2015,MK,OD,Sombrero Deep,762,762-100-178,1,Juv,SSID,SIDE,14
2015,2015,Sept,9/22/2015,MK,OD,Sombrero Deep,762,762-100-178,1,Juv,SSID,SIDE,35
2015,2015,Sept,9/22/2015,MK,OD,Sombrero Deep,762,762-100-178,1,Juv,SSID,SIDE,5
2015,2015,Sept,9/22/2015,MK,OD,Sombrero Deep,762,762-500-005,1,Juv,AAGA,AGAR,15
2015,2015,Sept,9/22/2015,MK,OD,Sombrero Deep,762,762-500-005,1,Juv,AAGA,AGAR,11
2015,2015,Sept,9/22/2015,MK,OD,Sombrero Deep,762,762-500-005,1,Juv,AAGA,AGAR,12
2015,2015,Sept,9/22/2015,MK,OD,Sombrero Deep,762,762-500-005,1,Juv,AAGA,AGAR,13
2015,2015,Sept,9/22/2015,MK,OD,Sombrero Deep,762,762-500-005,1,Juv,MCAV,MCAV,20
2015,2015,Sept,9/22/2015,MK,OD,Sombrero Deep,762,762-500-005,1,Juv,SSID,SIDE,26
2015,2015,Sept,9/22/2015,MK,OD,Sombrero Deep,762,762-500-005,1,Juv,SSID,SIDE,15
2015,2015,Sept,9/22/2015,MK,OD,Sombrero Deep,762,762-500-005,1,Juv,SSID,SIDE,10
2015,2015,Sept,9/22/2015,MK,OD,Sombrero Deep,762,762-500-005,1,Juv,SSID,SIDE,9
2015,2015,Sept,9/22/2015,MK,OD,Sombrero Deep,762,762-500-005,1,Juv,SSID,SIDE,12
2015,2015,Sept,9/22/2015,MK,OD,Sombrero Deep,762,762-500-005,1,Juv,SSID,SIDE,7
2015,2015,Sept,9/22/2015,MK,OD,Sombrero Deep,762,762-500-005,1,Juv,SSID,SIDE,4
2015,2015,Sept,9/22/2015,MK,OD,Sombrero Deep,762,762-500-005,1,Juv,SMIC,SMIC,38
2015,2015,Sept,9/22/2015,MK,OD,Sombrero Deep,762,762-500-005,1,Juv,SMIC,SMIC,33
2015,2015,Sept,9/22/2015,MK,OD,Sombrero Deep,762,762-500-066,1,Juv,AAGA,AGAR,29
2015,2015,Sept,9/22/2015,MK,OD,Sombrero Deep,762,762-500-066,1,Juv,MARE,MARE,12
2015,2015,Sept,9/22/2015,MK,OD,Sombrero Deep,762,762-500-066,1,Juv,MYCE,MUSS,12
2015,2015,Sept,9/22/2015,MK,OD,Sombrero Deep,762,762-500-066,1,Juv,SSID,SIDE,23
2015,2015,Sept,9/22/2015,MK,OD,Sombrero Deep,762,762-500-066,1,Juv,SSID,SIDE,30
2015,2015,Sept,9/22/2015,MK,OD,Sombrero Deep,762,762-500-066,1,Juv,SSID,SIDE,17
2015,2015,Sept,9/22/2015,MK,OD,Sombrero Deep,762,762-500-066,1,Juv,SSID,SIDE,23
2015,2015,Sept,9/22/2015,MK,OD,Sombrero Deep,762,762-500-066,1,Juv,SSID,SIDE,21
2015,2015,Sept,9/22/2015,MK,OD,Sombrero Deep,762,762-500-066,1,Juv,SSID,SIDE,30
2015,2015,Sept,9/22/2015,MK,OD,Sombrero Deep,762,762-500-066,1,Juv,SSID,SIDE,7
2015,2015,Sept,9/22/2015,MK,OD,Sombrero Deep,762,762-500-066,1,Juv,SSID,SIDE,14
2015,2015,Sept,9/22/2015,MK,OD,Sombrero Deep,762,762-500-066,1,Juv,SSID,SIDE,13
2015,2015,Sept,9/22/2015,MK,OD,Sombrero Deep,762,762-500-066,1,Juv,SSID,SIDE,5
2015,2015,Sept,9/22/2015,MK,OD,Sombrero Deep,762,762-500-066,1,Juv,SSID,SIDE,6
2015,2015,Sept,9/22/2015,MK,OD,Sombrero Deep,762,762-500-066,1,Juv,SSID,SIDE,19
2015,2015,Sept,9/22/2015,MK,OD,Sombrero Deep,762,762-500-066,1,Juv,SSID,SIDE,2
2015,2015,Sept,9/22/2015,MK,OD,Sombrero Deep,762,762-500-066,1,Juv,SSID,SIDE,8
2015,2015,Sept,9/22/2015,MK,OD,Sombrero Deep,762,762-500-110,1,Juv,EFAS,EFAS,18
2015,2015,Sept,9/22/2015,MK,OD,Sombrero Deep,762,762-500-110,1,Iso,MCAV,MCAV,14
2015,2015,Sept,9/22/2015,MK,OD,Sombrero Deep,762,762-500-110,1,Iso,MCAV,MCAV,16
2015,2015,Sept,9/22/2015,MK,OD,Sombrero Deep,762,762-500-110,1,Juv,MCAV,MCAV,8
2015,2015,Sept,9/22/2015,MK,OD,Sombrero Deep,762,762-500-110,1,Juv,MCAV,MCAV,28
2015,2015,Sept,9/22/2015,MK,OD,Sombrero Deep,762,762-500-110,1,Juv,SSID,SIDE,9
2015,2015,Sept,9/22/2015,MK,OD,Sombrero Deep,762,762-500-110,1,Juv,SSID,SIDE,8
2015,2015,Sept,9/22/2015,MK,OD,Sombrero Deep,762,762-500-110,1,Juv,SSID,SIDE,12
2015,2015,Sept,9/22/2015,MK,OD,Sombrero Deep,762,762-500-110,1,Juv,SSID,SIDE,21
2015,2015,Sept,9/22/2015,MK,OD,Sombrero Deep,762,762-500-110,1,Juv,SSID,SIDE,17
2015,2015,Sept,9/22/2015,MK,OD,Sombrero Deep,762,762-500-110,1,Juv,SSID,SIDE,13
2015,2015,Sept,9/22/2015,MK,OD,Sombrero Deep,762,762-500-110,1,Juv,SSID,SIDE,4
2015,2015,Sept,9/22/2015,MK,OD,Sombrero Deep,762,762-500-110,1,Juv,SMIC,SMIC,32
2015,2015,Sept,9/22/2015,MK,OD,Sombrero Deep,762,762-500-110,1,Juv,SMIC,SMIC,25
2015,2015,Sept,9/22/2015,MK,OD,Sombrero Deep,762,762-500-110,1,Juv,SMIC,SMIC,18
2015,2015,Sept,9/22/2015,MK,OD,Sombrero Deep,762,762-500-110,1,Juv,SMIC,SMIC,32
2015,2015,Sept,9/22/2015,MK,OD,Sombrero Deep,762,762-500-110,1,Juv,SMIC,SMIC,26
2015,2015,Sept,9/22/2015,MK,OD,Sombrero Deep,762,762-500-110,1,Juv,SMIC,SMIC,14
2015,2015,Sept,9/22/2015,MK,OD,Sombrero Deep,762,762-500-153,1,Juv,AAGA,AGAR,27
2015,2015,Sept,9/22/2015,MK,OD,Sombrero Deep,762,762-500-153,1,Juv,AAGA,AGAR,26
2015,2015,Sept,9/22/2015,MK,OD,Sombrero Deep,762,762-500-153,1,Juv,AAGA,AGAR,5
2015,2015,Sept,9/22/2015,MK,OD,Sombrero Deep,762,762-500-153,1,Juv,EFAS,EFAS,12
2015,2015,Sept,9/22/2015,MK,OD,Sombrero Deep,762,762-500-153,1,Iso,MDEC,MADR,21
2015,2015,Sept,9/22/2015,MK,OD,Sombrero Deep,762,762-500-153,1,Iso,MDEC,MADR,24
2015,2015,Sept,9/22/2015,MK,OD,Sombrero Deep,762,762-500-153,1,Iso,MDEC,MADR,6
2015,2015,Sept,9/22/2015,MK,OD,Sombrero Deep,762,762-500-153,1,Iso,MDEC,MADR,9
2015,2015,Sept,9/22/2015,MK,OD,Sombrero Deep,762,762-500-153,1,Juv,MCAV,MCAV,14
2015,2015,Sept,9/22/2015,MK,OD,Sombrero Deep,762,762-500-153,1,Juv,MCAV,MCAV,21
2015,2015,Sept,9/22/2015,MK,OD,Sombrero Deep,762,762-500-153,1,Juv,MCAV,MCAV,13
2015,2015,Sept,9/22/2015,MK,OD,Sombrero Deep,762,762-500-153,1,Juv,SSID,SIDE,30
2015,2015,Sept,9/22/2015,MK,OD,Sombrero Deep,762,762-500-153,1,Juv,SSID,SIDE,6
2015,2015,Sept,9/22/2015,MK,OD,Sombrero Deep,762,762-500-153,1,Juv,SSID,SIDE,36
2015,2015,Sept,9/22/2015,MK,OD,Sombrero Deep,762,762-500-153,1,Juv,SSID,SIDE,20
2015,2015,Sept,9/22/2015,MK,OD,Sombrero Deep,762,762-500-153,1,Juv,SSID,SIDE,18
2015,2015,Sept,9/22/2015,MK,OD,Sombrero Deep,762,762-500-153,1,Juv,SSID,SIDE,17
2015,2015,Sept,9/22/2015,MK,OD,Sombrero Deep,762,762-500-153,1,Juv,SSID,SIDE,29
2015,2015,Sept,9/22/2015,MK,OD,Sombrero Deep,762,762-500-153,1,Juv,SSID,SIDE,25
2015,2015,Sept,9/22/2015,MK,OD,Sombrero Deep,762,762-500-153,1,Juv,SSID,SIDE,8
2015,2015,Sept,9/22/2015,MK,OD,Sombrero Deep,762,762-500-153,1,Juv,SMIC,SMIC,31
2015,2015,Sept,9/22/2015,MK,OD,Sombrero Deep,762,762-500-153,1,Juv,SMIC,SMIC,19
2015,2015,Sept,9/22/2015,MK,OD,Sombrero Deep,762,762-500-153,1,Juv,SMIC,SMIC,15
2015,2015,Sept,9/22/2015,MK,OD,Sombrero Deep,762,762-500-153,1,Juv,SMIC,SMIC,10
2015,2015,Sept,9/22/2015,MK,OD,Sombrero Deep,763,763-100-085,1,Juv,AAGA,AGAR,25
2015,2015,Sept,9/22/2015,MK,OD,Sombrero Deep,763,763-100-085,1,Juv,AAGA,AGAR,10
2015,2015,Sept,9/22/2015,MK,OD,Sombrero Deep,763,763-100-085,1,Juv,DSTO,DSTO,5
2015,2015,Sept,9/22/2015,MK,OD,Sombrero Deep,763,763-100-085,1,Juv,MCAV,MCAV,20
2015,2015,Sept,9/22/2015,MK,OD,Sombrero Deep,763,763-100-085,1,Juv,MCAV,MCAV,11
2015,2015,Sept,9/22/2015,MK,OD,Sombrero Deep,763,763-100-085,1,Juv,PAST,PORI,7
2015,2015,Sept,9/22/2015,MK,OD,Sombrero Deep,763,763-100-085,1,Juv,PAST,PORI,12
2015,2015,Sept,9/22/2015,MK,OD,Sombrero Deep,763,763-100-085,1,Juv,PAST,PORI,27
2015,2015,Sept,9/22/2015,MK,OD,Sombrero Deep,763,763-100-085,1,Juv,SRAD,SIDE,20
2015,2015,Sept,9/22/2015,MK,OD,Sombrero Deep,763,763-100-085,1,Juv,SSID,SIDE,2
2015,2015,Sept,9/22/2015,MK,OD,Sombrero Deep,763,763-100-085,1,Iso,SSID,SIDE,8
2015,2015,Sept,9/22/2015,MK,OD,Sombrero Deep,763,763-100-085,1,Iso,SSID,SIDE,8
2015,2015,Sept,9/22/2015,MK,OD,Sombrero Deep,763,763-100-085,1,Iso,SSID,SIDE,8
2015,2015,Sept,9/22/2015,MK,OD,Sombrero Deep,763,763-100-085,1,Iso,SSID,SIDE,6
2015,2015,Sept,9/22/2015,MK,OD,Sombrero Deep,763,763-100-085,1,Iso,SSID,SIDE,5
2015,2015,Sept,9/22/2015,MK,OD,Sombrero Deep,763,763-100-085,1,Iso,SSID,SIDE,3
2015,2015,Sept,9/22/2015,MK,OD,Sombrero Deep,763,763-100-085,1,Iso,SSID,SIDE,3
2015,2015,Sept,9/22/2015,MK,OD,Sombrero Deep,763,763-100-085,1,Iso,SSID,SIDE,3
2015,2015,Sept,9/22/2015,MK,OD,Sombrero Deep,763,763-100-085,1,Iso,SSID,SIDE,3
2015,2015,Sept,9/22/2015,MK,OD,Sombrero Deep,763,763-100-085,1,Iso,SSID,SIDE,3
2015,2015,Sept,9/22/2015,MK,OD,Sombrero Deep,763,763-100-085,1,Iso,SSID,SIDE,3
2015,2015,Sept,9/22/2015,MK,OD,Sombrero Deep,763,763-100-085,1,Iso,SSID,SIDE,2
2015,2015,Sept,9/22/2015,MK,OD,Sombrero Deep,763,763-100-085,1,Iso,SSID,SIDE,2
2015,2015,Sept,9/22/2015,MK,OD,Sombrero Deep,763,763-100-085,1,Iso,SSID,SIDE,2
2015,2015,Sept,9/22/2015,MK,OD,Sombrero Deep,763,763-100-085,1,Iso,SSID,SIDE,2
2015,2015,Sept,9/22/2015,MK,OD,Sombrero Deep,763,763-100-085,1,Iso,SSID,SIDE,2
2015,2015,Sept,9/22/2015,MK,OD,Sombrero Deep,763,763-100-085,1,Iso,SSID,SIDE,1
2015,2015,Sept,9/22/2015,MK,OD,Sombrero Deep,763,763-100-085,1,Iso,SSID,SIDE,1
2015,2015,Sept,9/22/2015,MK,OD,Sombrero Deep,763,763-100-085,1,Iso,SSID,SIDE,1
2015,2015,Sept,9/22/2015,MK,OD,Sombrero Deep,763,763-100-085,1,Iso,SSID,SIDE,1
2015,2015,Sept,9/22/2015,MK,OD,Sombrero Deep,763,763-100-085,1,Iso,SSID,SIDE,1
2015,2015,Sept,9/22/2015,MK,OD,Sombrero Deep,763,763-100-085,1,Iso,SSID,SIDE,1
2015,2015,Sept,9/22/2015,MK,OD,Sombrero Deep,763,763-100-085,1,Juv,SSID,SIDE,6
2015,2015,Sept,9/22/2015,MK,OD,Sombrero Deep,763,763-100-085,1,Juv,SSID,SIDE,25
2015,2015,Sept,9/22/2015,MK,OD,Sombrero Deep,763,763-100-085,1,Juv,SSID,SIDE,6
2015,2015,Sept,9/22/2015,MK,OD,Sombrero Deep,763,763-100-085,1,Juv,SSID,SIDE,3
2015,2015,Sept,9/22/2015,MK,OD,Sombrero Deep,763,763-100-085,1,Juv,SSID,SIDE,4
2015,2015,Sept,9/22/2015,MK,OD,Sombrero Deep,763,763-100-085,1,Juv,SSID,SIDE,17
2015,2015,Sept,9/22/2015,MK,OD,Sombrero Deep,763,763-100-085,1,Juv,SSID,SIDE,13
2015,2015,Sept,9/22/2015,MK,OD,Sombrero Deep,763,763-100-085,1,Juv,SSID,SIDE,5
2015,2015,Sept,9/22/2015,MK,OD,Sombrero Deep,763,763-100-085,1,Juv,SSID,SIDE,3
2015,2015,Sept,9/22/2015,MK,OD,Sombrero Deep,763,763-100-085,1,Juv,SSID,SIDE,9
2015,2015,Sept,9/22/2015,MK,OD,Sombrero Deep,763,763-100-085,1,Juv,SMIC,SMIC,16
2015,2015,Sept,9/22/2015,MK,OD,Sombrero Deep,763,763-100-108,1,Juv,AAGA,AGAR,35
2015,2015,Sept,9/22/2015,MK,OD,Sombrero Deep,763,763-100-108,1,Juv,EFAS,EFAS,13
2015,2015,Sept,9/22/2015,MK,OD,Sombrero Deep,763,763-100-108,1,Juv,PAST,PORI,8
2015,2015,Sept,9/22/2015,MK,OD,Sombrero Deep,763,763-100-108,1,Juv,PAST,PORI,32
2015,2015,Sept,9/22/2015,MK,OD,Sombrero Deep,763,763-100-108,1,Juv,PAST,PORI,30
2015,2015,Sept,9/22/2015,MK,OD,Sombrero Deep,763,763-100-108,1,Juv,SSID,SIDE,22
2015,2015,Sept,9/22/2015,MK,OD,Sombrero Deep,763,763-100-108,1,Juv,SSID,SIDE,5
2015,2015,Sept,9/22/2015,MK,OD,Sombrero Deep,763,763-100-108,1,Juv,SSID,SIDE,9
2015,2015,Sept,9/22/2015,MK,OD,Sombrero Deep,763,763-100-108,1,Juv,SSID,SIDE,24
2015,2015,Sept,9/22/2015,MK,OD,Sombrero Deep,763,763-100-108,1,Juv,SSID,SIDE,19
2015,2015,Sept,9/22/2015,MK,OD,Sombrero Deep,763,763-100-174,1,Juv,AAGA,AGAR,11
2015,2015,Sept,9/22/2015,MK,OD,Sombrero Deep,763,763-100-174,1,Juv,AAGA,AGAR,14
2015,2015,Sept,9/22/2015,MK,OD,Sombrero Deep,763,763-100-174,1,Juv,AAGA,AGAR,15
2015,2015,Sept,9/22/2015,MK,OD,Sombrero Deep,763,763-100-174,1,Juv,ORBI,ORBI,28
2015,2015,Sept,9/22/2015,MK,OD,Sombrero Deep,763,763-100-174,1,Juv,PAST,PORI,17
2015,2015,Sept,9/22/2015,MK,OD,Sombrero Deep,763,763-100-174,1,Juv,SSID,SIDE,20
2015,2015,Sept,9/22/2015,MK,OD,Sombrero Deep,763,763-100-174,1,Juv,SSID,SIDE,33
2015,2015,Sept,9/22/2015,MK,OD,Sombrero Deep,763,763-100-174,1,Juv,SSID,SIDE,30
2015,2015,Sept,9/22/2015,MK,OD,Sombrero Deep,763,763-100-174,1,Iso,SMIC,SMIC,18
2015,2015,Sept,9/22/2015,MK,OD,Sombrero Deep,763,763-100-202,1,Juv,AAGA,AGAR,27
2015,2015,Sept,9/22/2015,MK,OD,Sombrero Deep,763,763-100-202,1,Juv,MARE,MARE,6
2015,2015,Sept,9/22/2015,MK,OD,Sombrero Deep,763,763-100-202,1,Juv,SCUB,MUSS,15
2015,2015,Sept,9/22/2015,MK,OD,Sombrero Deep,763,763-100-202,1,Iso,SSID,SIDE,2
2015,2015,Sept,9/22/2015,MK,OD,Sombrero Deep,763,763-100-202,1,Iso,SSID,SIDE,34
2015,2015,Sept,9/22/2015,MK,OD,Sombrero Deep,763,763-100-202,1,Iso,SSID,SIDE,14
2015,2015,Sept,9/22/2015,MK,OD,Sombrero Deep,763,763-100-202,1,Iso,SSID,SIDE,2
2015,2015,Sept,9/22/2015,MK,OD,Sombrero Deep,763,763-100-202,1,Juv,SSID,SIDE,10
2015,2015,Sept,9/22/2015,MK,OD,Sombrero Deep,763,763-100-202,1,Juv,SSID,SIDE,6
2015,2015,Sept,9/22/2015,MK,OD,Sombrero Deep,763,763-500-085,1,Iso,AAGA,AGAR,29
2015,2015,Sept,9/22/2015,MK,OD,Sombrero Deep,763,763-500-085,1,Iso,AAGA,AGAR,22
2015,2015,Sept,9/22/2015,MK,OD,Sombrero Deep,763,763-500-085,1,Iso,AAGA,AGAR,24
2015,2015,Sept,9/22/2015,MK,OD,Sombrero Deep,763,763-500-085,1,Iso,AAGA,AGAR,31
2015,2015,Sept,9/22/2015,MK,OD,Sombrero Deep,763,763-500-085,1,Iso,AAGA,AGAR,31
2015,2015,Sept,9/22/2015,MK,OD,Sombrero Deep,763,763-500-085,1,Juv,AAGA,AGAR,14
2015,2015,Sept,9/22/2015,MK,OD,Sombrero Deep,763,763-500-085,1,Juv,AAGA,AGAR,9
2015,2015,Sept,9/22/2015,MK,OD,Sombrero Deep,763,763-500-085,1,Juv,AAGA,AGAR,9
2015,2015,Sept,9/22/2015,MK,OD,Sombrero Deep,763,763-500-085,1,Juv,AAGA,AGAR,14
2015,2015,Sept,9/22/2015,MK,OD,Sombrero Deep,763,763-500-085,1,Juv,MARE,MARE,13
2015,2015,Sept,9/22/2015,MK,OD,Sombrero Deep,763,763-500-085,1,Juv,PAST,PORI,17
2015,2015,Sept,9/22/2015,MK,OD,Sombrero Deep,763,763-500-085,1,Juv,PAST,PORI,11
2015,2015,Sept,9/22/2015,MK,OD,Sombrero Deep,763,763-500-085,1,Juv,SSID,SIDE,25
2015,2015,Sept,9/22/2015,MK,OD,Sombrero Deep,763,763-500-109,1,Juv,EFAS,EFAS,10
2015,2015,Sept,9/22/2015,MK,OD,Sombrero Deep,763,763-500-109,1,Juv,PAST,PORI,33
2015,2015,Sept,9/22/2015,MK,OD,Sombrero Deep,763,763-500-109,1,Iso,SSID,SIDE,4
2015,2015,Sept,9/22/2015,MK,OD,Sombrero Deep,763,763-500-109,1,Iso,SSID,SIDE,4
2015,2015,Sept,9/22/2015,MK,OD,Sombrero Deep,763,763-500-109,1,Iso,SSID,SIDE,6
2015,2015,Sept,9/22/2015,MK,OD,Sombrero Deep,763,763-500-109,1,Juv,SSID,SIDE,19
2015,2015,Sept,9/22/2015,MK,OD,Sombrero Deep,763,763-500-109,1,Juv,SSID,SIDE,18
2015,2015,Sept,9/22/2015,MK,OD,Sombrero Deep,763,763-500-109,1,Juv,SSID,SIDE,10
2015,2015,Sept,9/22/2015,MK,OD,Sombrero Deep,763,763-500-109,1,Juv,SSID,SIDE,10
2015,2015,Sept,9/22/2015,MK,OD,Sombrero Deep,763,763-500-109,1,Juv,SSID,SIDE,13
2015,2015,Sept,9/22/2015,MK,OD,Sombrero Deep,763,763-500-109,1,Juv,SSID,SIDE,6
2015,2015,Sept,9/22/2015,MK,OD,Sombrero Deep,763,763-500-109,1,Juv,SSID,SIDE,9
2015,2015,Sept,9/22/2015,MK,OD,Sombrero Deep,763,763-500-109,1,Juv,SSID,SIDE,19
2015,2015,Sept,9/22/2015,MK,OD,Sombrero Deep,763,763-500-109,1,Juv,SSID,SIDE,8
2015,2015,Sept,9/22/2015,MK,OD,Sombrero Deep,763,763-500-109,1,Juv,SSID,SIDE,23
2015,2015,Sept,9/22/2015,MK,OD,Sombrero Deep,763,763-500-109,1,Juv,SSID,SIDE,34
2015,2015,Sept,9/22/2015,MK,OD,Sombrero Deep,763,763-500-109,1,Juv,SMIC,SMIC,17
2015,2015,Sept,9/22/2015,MK,OD,Sombrero Deep,763,763-500-160,1,Juv,PAST,PORI,6
2015,2015,Sept,9/22/2015,MK,OD,Sombrero Deep,763,763-500-160,1,Juv,PAST,PORI,35
2015,2015,Sept,9/22/2015,MK,OD,Sombrero Deep,763,763-500-160,1,Juv,SRAD,SIDE,14
2015,2015,Sept,9/22/2015,MK,OD,Sombrero Deep,763,763-500-160,1,Juv,SSID,SIDE,11
2015,2015,Sept,9/22/2015,MK,OD,Sombrero Deep,763,763-500-160,1,Juv,SSID,SIDE,14
2015,2015,Sept,9/22/2015,MK,OD,Sombrero Deep,763,763-500-160,1,Juv,SSID,SIDE,38
2015,2015,Sept,9/22/2015,MK,OD,Sombrero Deep,763,763-500-160,1,Juv,SSID,SIDE,4
2015,2015,Sept,9/22/2015,MK,OD,Sombrero Deep,763,763-500-160,1,Juv,SSID,SIDE,3
2015,2015,Sept,9/22/2015,MK,OD,Sombrero Deep,763,763-500-160,1,Juv,SSID,SIDE,17
2015,2015,Sept,9/22/2015,MK,OD,Sombrero Deep,763,763-500-160,1,Juv,SSID,SIDE,27
2015,2015,Sept,9/22/2015,MK,OD,Sombrero Deep,763,763-500-160,1,Juv,SSID,SIDE,12
2015,2015,Sept,9/22/2015,MK,OD,Sombrero Deep,763,763-500-160,1,Juv,SSID,SIDE,9
2015,2015,Sept,9/22/2015,MK,OD,Sombrero Deep,763,763-500-160,1,Juv,SSID,SIDE,39
2015,2015,Sept,9/22/2015,MK,OD,Sombrero Deep,763,763-500-160,1,Juv,SSID,SIDE,23
2015,2015,Sept,9/22/2015,MK,OD,Sombrero Deep,763,763-500-160,1,Juv,SSID,SIDE,7
2015,2015,Sept,9/22/2015,MK,OD,Sombrero Deep,763,763-500-160,1,Juv,SSID,SIDE,25
2015,2015,Sept,9/22/2015,MK,OD,Sombrero Deep,763,763-500-160,1,Juv,SMIC,SMIC,30
2015,2015,Sept,9/22/2015,MK,OD,Sombrero Deep,763,763-500-160,1,Juv,SMIC,SMIC,26
2015,2015,Sept,9/22/2015,MK,OD,Sombrero Deep,763,763-500-198,1,Juv,AAGA,AGAR,35
2015,2015,Sept,9/22/2015,MK,OD,Sombrero Deep,763,763-500-198,1,Juv,AAGA,AGAR,13
2015,2015,Sept,9/22/2015,MK,OD,Sombrero Deep,763,763-500-198,1,Juv,AAGA,AGAR,28
2015,2015,Sept,9/22/2015,MK,OD,Sombrero Deep,763,763-500-198,1,Juv,MARE,MARE,13
2015,2015,Sept,9/22/2015,MK,OD,Sombrero Deep,763,763-500-198,1,Juv,MARE,MARE,21
2015,2015,Sept,9/22/2015,MK,OD,Sombrero Deep,763,763-500-198,1,Juv,PAST,PORI,18
2015,2015,Sept,9/22/2015,MK,OD,Sombrero Deep,763,763-500-198,1,Juv,PAST,PORI,25
2015,2015,Sept,9/22/2015,MK,OD,Sombrero Deep,763,763-500-198,1,Juv,PAST,PORI,11
2015,2015,Sept,9/22/2015,MK,OD,Sombrero Deep,763,763-500-198,1,Juv,SSID,SIDE,38
2015,2015,Sept,9/22/2015,MK,OD,Sombrero Deep,763,763-500-198,1,Juv,SSID,SIDE,9
2015,2015,Sept,9/22/2015,MK,OD,Sombrero Deep,763,763-500-198,1,Juv,SSID,SIDE,5
2015,2015,Sept,9/22/2015,MK,OD,Sombrero Deep,763,763-500-198,1,Juv,SSID,SIDE,4
2015,2015,Sept,9/22/2015,MK,OD,Sombrero Deep,763,763-500-198,1,Iso,SMIC,SMIC,19
2015,2015,Sept,9/22/2015,MK,OD,Sombrero Deep,763,763-500-198,1,Iso,SMIC,SMIC,18
2015,2015,Sept,9/22/2015,MK,OD,Sombrero Deep,763,763-500-198,1,Iso,SMIC,SMIC,34
2015,2015,Sept,9/22/2015,MK,OD,Sombrero Deep,764,764-100-017,1,Iso,AAGA,AGAR,21
2015,2015,Sept,9/22/2015,MK,OD,Sombrero Deep,764,764-100-017,1,Iso,AAGA,AGAR,21
2015,2015,Sept,9/22/2015,MK,OD,Sombrero Deep,764,764-100-017,1,Juv,AAGA,AGAR,14
2015,2015,Sept,9/22/2015,MK,OD,Sombrero Deep,764,764-100-017,1,Juv,AGAR,AGAR,26
2015,2015,Sept,9/22/2015,MK,OD,Sombrero Deep,764,764-100-017,1,Juv,AGAR,AGAR,36
2015,2015,Sept,9/22/2015,MK,OD,Sombrero Deep,764,764-100-017,1,Juv,AGAR,AGAR,33
2015,2015,Sept,9/22/2015,MK,OD,Sombrero Deep,764,764-100-017,1,Juv,MARE,MARE,27
2015,2015,Sept,9/22/2015,MK,OD,Sombrero Deep,764,764-100-017,1,Juv,PAST,PORI,11
2015,2015,Sept,9/22/2015,MK,OD,Sombrero Deep,764,764-100-017,1,Juv,SSID,SIDE,19
2015,2015,Sept,9/22/2015,MK,OD,Sombrero Deep,764,764-100-017,1,Juv,SSID,SIDE,7
2015,2015,Sept,9/22/2015,MK,OD,Sombrero Deep,764,764-100-017,1,Juv,SSID,SIDE,4
2015,2015,Sept,9/22/2015,MK,OD,Sombrero Deep,764,764-100-017,1,Juv,SSID,SIDE,13
2015,2015,Sept,9/22/2015,MK,OD,Sombrero Deep,764,764-100-017,1,Juv,SSID,SIDE,11
2015,2015,Sept,9/22/2015,MK,OD,Sombrero Deep,764,764-100-017,1,Juv,SSID,SIDE,3
2015,2015,Sept,9/22/2015,MK,OD,Sombrero Deep,764,764-100-017,1,Juv,SSID,SIDE,22
2015,2015,Sept,9/22/2015,MK,OD,Sombrero Deep,764,764-100-017,1,Juv,SSID,SIDE,24
2015,2015,Sept,9/22/2015,MK,OD,Sombrero Deep,764,764-100-017,1,Juv,SSID,SIDE,7
2015,2015,Sept,9/22/2015,MK,OD,Sombrero Deep,764,764-100-017,1,Juv,SSID,SIDE,14
2015,2015,Sept,9/22/2015,MK,OD,Sombrero Deep,764,764-100-017,1,Juv,SSID,SIDE,21
2015,2015,Sept,9/22/2015,MK,OD,Sombrero Deep,764,764-100-017,1,Juv,SSID,SIDE,15
2015,2015,Sept,9/22/2015,MK,OD,Sombrero Deep,764,764-100-017,1,Juv,SSID,SIDE,10
2015,2015,Sept,9/22/2015,MK,OD,Sombrero Deep,764,764-100-017,1,Juv,SSID,SIDE,1
2015,2015,Sept,9/22/2015,MK,OD,Sombrero Deep,764,764-100-081,1,Juv,AAGA,AGAR,25
2015,2015,Sept,9/22/2015,MK,OD,Sombrero Deep,764,764-100-081,1,Juv,MCAV,MCAV,19
2015,2015,Sept,9/22/2015,MK,OD,Sombrero Deep,764,764-100-081,1,Juv,PAST,PORI,32
2015,2015,Sept,9/22/2015,MK,OD,Sombrero Deep,764,764-100-081,1,Juv,SSID,SIDE,15
2015,2015,Sept,9/22/2015,MK,OD,Sombrero Deep,764,764-100-081,1,Juv,SSID,SIDE,22
2015,2015,Sept,9/22/2015,MK,OD,Sombrero Deep,764,764-100-081,1,Juv,SSID,SIDE,26
2015,2015,Sept,9/22/2015,MK,OD,Sombrero Deep,764,764-100-081,1,Juv,SSID,SIDE,7
2015,2015,Sept,9/22/2015,MK,OD,Sombrero Deep,764,764-100-081,1,Juv,SSID,SIDE,6
2015,2015,Sept,9/22/2015,MK,OD,Sombrero Deep,764,764-100-081,1,Juv,SSID,SIDE,7
2015,2015,Sept,9/22/2015,MK,OD,Sombrero Deep,764,764-100-081,1,Juv,SSID,SIDE,22
2015,2015,Sept,9/22/2015,MK,OD,Sombrero Deep,764,764-100-081,1,Juv,SMIC,SMIC,34
2015,2015,Sept,9/22/2015,MK,OD,Sombrero Deep,764,764-100-081,1,Juv,SMIC,SMIC,32
2015,2015,Sept,9/22/2015,MK,OD,Sombrero Deep,764,764-100-081,1,Juv,SMIC,SMIC,26
2015,2015,Sept,9/22/2015,MK,OD,Sombrero Deep,764,764-100-081,1,Juv,UNKS,UNKS,34
2015,2015,Sept,9/22/2015,MK,OD,Sombrero Deep,764,764-100-137,1,Juv,MCAV,MCAV,11
2015,2015,Sept,9/22/2015,MK,OD,Sombrero Deep,764,764-100-137,1,Juv,PAST,PORI,13
2015,2015,Sept,9/22/2015,MK,OD,Sombrero Deep,764,764-100-137,1,Juv,PAST,PORI,32
2015,2015,Sept,9/22/2015,MK,OD,Sombrero Deep,764,764-100-137,1,Juv,SSID,SIDE,16
2015,2015,Sept,9/22/2015,MK,OD,Sombrero Deep,764,764-100-137,1,Juv,SSID,SIDE,26
2015,2015,Sept,9/22/2015,MK,OD,Sombrero Deep,764,764-100-137,1,Juv,SSID,SIDE,26
2015,2015,Sept,9/22/2015,MK,OD,Sombrero Deep,764,764-100-137,1,Juv,SSID,SIDE,14
2015,2015,Sept,9/22/2015,MK,OD,Sombrero Deep,764,764-100-137,1,Juv,SSID,SIDE,15
2015,2015,Sept,9/22/2015,MK,OD,Sombrero Deep,764,764-100-137,1,Juv,SMIC,SMIC,28
2015,2015,Sept,9/22/2015,MK,OD,Sombrero Deep,764,764-100-185,1,Juv,MCAV,MCAV,27
2015,2015,Sept,9/22/2015,MK,OD,Sombrero Deep,764,764-100-185,1,Juv,SSID,SIDE,26
2015,2015,Sept,9/22/2015,MK,OD,Sombrero Deep,764,764-100-185,1,Juv,SSID,SIDE,7
2015,2015,Sept,9/22/2015,MK,OD,Sombrero Deep,764,764-100-185,1,Juv,SSID,SIDE,24
2015,2015,Sept,9/22/2015,MK,OD,Sombrero Deep,764,764-100-185,1,Juv,SSID,SIDE,22
2015,2015,Sept,9/22/2015,MK,OD,Sombrero Deep,764,764-100-185,1,Juv,SSID,SIDE,11
2015,2015,Sept,9/22/2015,MK,OD,Sombrero Deep,764,764-500-012,1,Juv,AAGA,AGAR,24
2015,2015,Sept,9/22/2015,MK,OD,Sombrero Deep,764,764-500-012,1,Juv,AAGA,AGAR,30
2015,2015,Sept,9/22/2015,MK,OD,Sombrero Deep,764,764-500-012,1,Juv,AAGA,AGAR,31
2015,2015,Sept,9/22/2015,MK,OD,Sombrero Deep,764,764-500-012,1,Juv,EFAS,EFAS,12
2015,2015,Sept,9/22/2015,MK,OD,Sombrero Deep,764,764-500-012,1,Iso,MDEC,MADR,20
2015,2015,Sept,9/22/2015,MK,OD,Sombrero Deep,764,764-500-012,1,Iso,MDEC,MADR,34
2015,2015,Sept,9/22/2015,MK,OD,Sombrero Deep,764,764-500-012,1,Juv,MCAV,MCAV,23
2015,2015,Sept,9/22/2015,MK,OD,Sombrero Deep,764,764-500-012,1,Juv,PAST,PORI,8
2015,2015,Sept,9/22/2015,MK,OD,Sombrero Deep,764,764-500-012,1,Juv,PAST,PORI,16
2015,2015,Sept,9/22/2015,MK,OD,Sombrero Deep,764,764-500-012,1,Juv,PAST,PORI,11
2015,2015,Sept,9/22/2015,MK,OD,Sombrero Deep,764,764-500-012,1,Juv,SSID,SIDE,17
2015,2015,Sept,9/22/2015,MK,OD,Sombrero Deep,764,764-500-012,1,Juv,SSID,SIDE,6
2015,2015,Sept,9/22/2015,MK,OD,Sombrero Deep,764,764-500-012,1,Juv,SSID,SIDE,7
2015,2015,Sept,9/22/2015,MK,OD,Sombrero Deep,764,764-500-012,1,Juv,SSID,SIDE,6
2015,2015,Sept,9/22/2015,MK,OD,Sombrero Deep,764,764-500-012,1,Juv,SSID,SIDE,6
2015,2015,Sept,9/22/2015,MK,OD,Sombrero Deep,764,764-500-012,1,Juv,SSID,SIDE,2
2015,2015,Sept,9/22/2015,MK,OD,Sombrero Deep,764,764-500-012,1,Juv,SSID,SIDE,6
2015,2015,Sept,9/22/2015,MK,OD,Sombrero Deep,764,764-500-012,1,Juv,SSID,SIDE,6
2015,2015,Sept,9/22/2015,MK,OD,Sombrero Deep,764,764-500-012,1,Juv,SSID,SIDE,2
2015,2015,Sept,9/22/2015,MK,OD,Sombrero Deep,764,764-500-012,1,Juv,SSID,SIDE,11
2015,2015,Sept,9/22/2015,MK,OD,Sombrero Deep,764,764-500-012,1,Juv,SSID,SIDE,3
2015,2015,Sept,9/22/2015,MK,OD,Sombrero Deep,764,764-500-012,1,Juv,SSID,SIDE,18
2015,2015,Sept,9/22/2015,MK,OD,Sombrero Deep,764,764-500-012,1,Juv,SSID,SIDE,23
2015,2015,Sept,9/22/2015,MK,OD,Sombrero Deep,764,764-500-012,1,Juv,SSID,SIDE,14
2015,2015,Sept,9/22/2015,MK,OD,Sombrero Deep,764,764-500-012,1,Juv,SSID,SIDE,4
2015,2015,Sept,9/22/2015,MK,OD,Sombrero Deep,764,764-500-012,1,Juv,SSID,SIDE,22
2015,2015,Sept,9/22/2015,MK,OD,Sombrero Deep,764,764-500-012,1,Juv,SSID,SIDE,8
2015,2015,Sept,9/22/2015,MK,OD,Sombrero Deep,764,764-500-012,1,Juv,SSID,SIDE,10
2015,2015,Sept,9/22/2015,MK,OD,Sombrero Deep,764,764-500-012,1,Juv,SSID,SIDE,3
2015,2015,Sept,9/22/2015,MK,OD,Sombrero Deep,764,764-500-012,1,Juv,SSID,SIDE,9
2015,2015,Sept,9/22/2015,MK,OD,Sombrero Deep,764,764-500-012,1,Juv,SSID,SIDE,4
2015,2015,Sept,9/22/2015,MK,OD,Sombrero Deep,764,764-500-012,1,Juv,SSID,SIDE,2
2015,2015,Sept,9/22/2015,MK,OD,Sombrero Deep,764,764-500-012,1,Juv,SMIC,SMIC,30
2015,2015,Sept,9/22/2015,MK,OD,Sombrero Deep,764,764-500-012,1,Juv,SMIC,SMIC,20
2015,2015,Sept,9/22/2015,MK,OD,Sombrero Deep,764,764-500-012,1,Juv,SMIC,SMIC,12
2015,2015,Sept,9/22/2015,MK,OD,Sombrero Deep,764,764-500-092,1,Juv,AAGA,AGAR,30
2015,2015,Sept,9/22/2015,MK,OD,Sombrero Deep,764,764-500-092,1,Juv,DLAB,DIPL,11
2015,2015,Sept,9/22/2015,MK,OD,Sombrero Deep,764,764-500-092,1,Juv,MCAV,MCAV,17
2015,2015,Sept,9/22/2015,MK,OD,Sombrero Deep,764,764-500-092,1,Juv,MCAV,MCAV,12
2015,2015,Sept,9/22/2015,MK,OD,Sombrero Deep,764,764-500-092,1,Juv,PAST,PORI,21
2015,2015,Sept,9/22/2015,MK,OD,Sombrero Deep,764,764-500-092,1,Juv,PAST,PORI,39
2015,2015,Sept,9/22/2015,MK,OD,Sombrero Deep,764,764-500-092,1,Juv,SSID,SIDE,18
2015,2015,Sept,9/22/2015,MK,OD,Sombrero Deep,764,764-500-092,1,Juv,SSID,SIDE,16
2015,2015,Sept,9/22/2015,MK,OD,Sombrero Deep,764,764-500-092,1,Juv,SSID,SIDE,10
2015,2015,Sept,9/22/2015,MK,OD,Sombrero Deep,764,764-500-111,1,Juv,MARE,MARE,10
2015,2015,Sept,9/22/2015,MK,OD,Sombrero Deep,764,764-500-111,1,Iso,MCAV,MCAV,25
2015,2015,Sept,9/22/2015,MK,OD,Sombrero Deep,764,764-500-111,1,Juv,MCAV,MCAV,14
2015,2015,Sept,9/22/2015,MK,OD,Sombrero Deep,764,764-500-111,1,Juv,MCAV,MCAV,7
2015,2015,Sept,9/22/2015,MK,OD,Sombrero Deep,764,764-500-111,1,Juv,PAST,PORI,25
2015,2015,Sept,9/22/2015,MK,OD,Sombrero Deep,764,764-500-111,1,Juv,SSID,SIDE,3
2015,2015,Sept,9/22/2015,MK,OD,Sombrero Deep,764,764-500-111,1,Juv,SSID,SIDE,22
2015,2015,Sept,9/22/2015,MK,OD,Sombrero Deep,764,764-500-111,1,Juv,SSID,SIDE,20
2015,2015,Sept,9/22/2015,MK,OD,Sombrero Deep,764,764-500-111,1,Juv,SSID,SIDE,6
2015,2015,Sept,9/22/2015,MK,OD,Sombrero Deep,764,764-500-111,1,Juv,SSID,SIDE,12
2015,2015,Sept,9/22/2015,MK,OD,Sombrero Deep,764,764-500-111,1,Juv,SMIC,SMIC,32
2015,2015,Sept,9/22/2015,MK,OD,Sombrero Deep,764,764-500-188,1,Juv,AAGA,AGAR,23
2015,2015,Sept,9/22/2015,MK,OD,Sombrero Deep,764,764-500-188,1,Juv,MCAV,MCAV,23
2015,2015,Sept,9/22/2015,MK,OD,Sombrero Deep,764,764-500-188,1,Juv,MCAV,MCAV,15
2015,2015,Sept,9/22/2015,MK,OD,Sombrero Deep,764,764-500-188,1,Juv,SSID,SIDE,29
2015,2015,Sept,9/22/2015,MK,OD,Sombrero Deep,764,764-500-188,1,Juv,SSID,SIDE,14
2015,2015,Sept,9/22/2015,MK,OD,Sombrero Deep,764,764-500-188,1,Juv,SSID,SIDE,15
2015,2015,Aug,8/12/2015,LK,OD,Western Sambo Deep,791,791-100-012,1,Juv,PPOR,PORI,35
2015,2015,Aug,8/12/2015,LK,OD,Western Sambo Deep,791,791-100-012,1,Juv,SSID,SIDE,37
2015,2015,Aug,8/12/2015,LK,OD,Western Sambo Deep,791,791-100-047,1,Juv,EFAS,EFAS,32
2015,2015,Aug,8/12/2015,LK,OD,Western Sambo Deep,791,791-100-047,1,Juv,EFAS,EFAS,25
2015,2015,Aug,8/12/2015,LK,OD,Western Sambo Deep,791,791-100-047,1,Juv,SSID,SIDE,8
2015,2015,Aug,8/12/2015,LK,OD,Western Sambo Deep,791,791-100-047,1,Juv,SSID,SIDE,36
2015,2015,Aug,8/12/2015,LK,OD,Western Sambo Deep,791,791-100-122,1,Juv,MARE,MARE,10
2015,2015,Aug,8/12/2015,LK,OD,Western Sambo Deep,791,791-100-122,1,Juv,DSTO,DSTO,17
2015,2015,Aug,8/12/2015,LK,OD,Western Sambo Deep,791,791-100-122,1,Juv,DSTO,DSTO,13
2015,2015,Aug,8/12/2015,LK,OD,Western Sambo Deep,791,791-100-122,1,Juv,MCAV,MCAV,34
2015,2015,Aug,8/12/2015,LK,OD,Western Sambo Deep,791,791-100-122,1,Juv,SSID,SIDE,28
2015,2015,Aug,8/12/2015,LK,OD,Western Sambo Deep,791,791-100-122,1,Juv,SSID,SIDE,25
2015,2015,Aug,8/12/2015,LK,OD,Western Sambo Deep,791,791-100-122,1,Juv,SSID,SIDE,20
2015,2015,Aug,8/12/2015,LK,OD,Western Sambo Deep,791,791-100-122,1,Juv,SSID,SIDE,18
2015,2015,Aug,8/12/2015,LK,OD,Western Sambo Deep,791,791-100-122,1,Juv,SSID,SIDE,13
2015,2015,Aug,8/12/2015,LK,OD,Western Sambo Deep,791,791-100-122,1,Juv,SSID,SIDE,4
2015,2015,Aug,8/12/2015,LK,OD,Western Sambo Deep,791,791-100-122,1,Juv,SSID,SIDE,8
2015,2015,Aug,8/12/2015,LK,OD,Western Sambo Deep,791,791-100-122,1,Juv,SSID,SIDE,5
2015,2015,Aug,8/12/2015,LK,OD,Western Sambo Deep,791,791-100-122,1,Juv,SSID,SIDE,2
2015,2015,Aug,8/12/2015,LK,OD,Western Sambo Deep,791,791-100-122,1,Juv,SSID,SIDE,3
2015,2015,Aug,8/12/2015,LK,OD,Western Sambo Deep,791,791-100-122,1,Juv,SSID,SIDE,16
2015,2015,Aug,8/12/2015,LK,OD,Western Sambo Deep,791,791-100-122,1,Juv,SSID,SIDE,20
2015,2015,Aug,8/12/2015,LK,OD,Western Sambo Deep,791,791-100-122,1,Juv,SSID,SIDE,19
2015,2015,Aug,8/12/2015,LK,OD,Western Sambo Deep,791,791-100-122,1,Juv,SSID,SIDE,24
2015,2015,Aug,8/12/2015,LK,OD,Western Sambo Deep,791,791-100-122,1,Juv,SSID,SIDE,12
2015,2015,Aug,8/12/2015,LK,OD,Western Sambo Deep,791,791-100-122,1,Juv,SSID,SIDE,7
2015,2015,Aug,8/12/2015,LK,OD,Western Sambo Deep,791,791-100-122,1,Juv,SSID,SIDE,29
2015,2015,Aug,8/12/2015,LK,OD,Western Sambo Deep,791,791-100-122,1,Juv,SSID,SIDE,7
2015,2015,Aug,8/12/2015,LK,OD,Western Sambo Deep,791,791-100-122,1,Juv,SSID,SIDE,2
2015,2015,Aug,8/12/2015,LK,OD,Western Sambo Deep,791,791-100-122,1,Juv,SSID,SIDE,5
2015,2015,Aug,8/12/2015,LK,OD,Western Sambo Deep,791,791-100-122,1,Juv,SMIC,SMIC,18
2015,2015,Aug,8/12/2015,LK,OD,Western Sambo Deep,791,791-100-122,1,Juv,SMIC,SMIC,18
2015,2015,Aug,8/12/2015,LK,OD,Western Sambo Deep,791,791-100-197,1,Juv,AAGA,AGAR,30
2015,2015,Aug,8/12/2015,LK,OD,Western Sambo Deep,791,791-100-197,1,Juv,MARE,MARE,15
2015,2015,Aug,8/12/2015,LK,OD,Western Sambo Deep,791,791-100-197,1,Juv,SSID,SIDE,27
2015,2015,Aug,8/12/2015,LK,OD,Western Sambo Deep,791,791-100-197,1,Juv,SSID,SIDE,12
2015,2015,Aug,8/12/2015,LK,OD,Western Sambo Deep,791,791-100-197,1,Juv,SSID,SIDE,19
2015,2015,Aug,8/12/2015,LK,OD,Western Sambo Deep,791,791-100-197,1,Juv,SSID,SIDE,26
2015,2015,Aug,8/12/2015,LK,OD,Western Sambo Deep,791,791-100-197,1,Juv,SSID,SIDE,22
2015,2015,Aug,8/12/2015,LK,OD,Western Sambo Deep,791,791-500-013,1,Juv,PAST,PORI,10
2015,2015,Aug,8/12/2015,LK,OD,Western Sambo Deep,791,791-500-013,1,Juv,PAST,PORI,17
2015,2015,Aug,8/12/2015,LK,OD,Western Sambo Deep,791,791-500-013,1,Juv,SSID,SIDE,2
2015,2015,Aug,8/12/2015,LK,OD,Western Sambo Deep,791,791-500-013,1,Juv,SSID,SIDE,12
2015,2015,Aug,8/12/2015,LK,OD,Western Sambo Deep,791,791-500-013,1,Juv,SSID,SIDE,27
2015,2015,Aug,8/12/2015,LK,OD,Western Sambo Deep,791,791-500-013,1,Juv,SSID,SIDE,4
2015,2015,Aug,8/12/2015,LK,OD,Western Sambo Deep,791,791-500-013,1,Juv,SSID,SIDE,4
2015,2015,Aug,8/12/2015,LK,OD,Western Sambo Deep,791,791-500-013,1,Juv,SSID,SIDE,3
2015,2015,Aug,8/12/2015,LK,OD,Western Sambo Deep,791,791-500-013,1,Juv,SSID,SIDE,1
2015,2015,Aug,8/12/2015,LK,OD,Western Sambo Deep,791,791-500-013,1,Juv,SMIC,SMIC,20
2015,2015,Aug,8/12/2015,LK,OD,Western Sambo Deep,791,791-500-013,1,Juv,SMIC,SMIC,35
2015,2015,Aug,8/12/2015,LK,OD,Western Sambo Deep,791,791-500-013,1,Juv,UNKS,UNKS,9
2015,2015,Aug,8/12/2015,LK,OD,Western Sambo Deep,791,791-500-038,1,Juv,AAGA,AGAR,18
2015,2015,Aug,8/12/2015,LK,OD,Western Sambo Deep,791,791-500-038,1,Juv,SSID,SIDE,18
2015,2015,Aug,8/12/2015,LK,OD,Western Sambo Deep,791,791-500-038,1,Juv,SSID,SIDE,28
2015,2015,Aug,8/12/2015,LK,OD,Western Sambo Deep,791,791-500-038,1,Juv,SSID,SIDE,32
2015,2015,Aug,8/12/2015,LK,OD,Western Sambo Deep,791,791-500-038,1,Juv,SSID,SIDE,6
2015,2015,Aug,8/12/2015,LK,OD,Western Sambo Deep,791,791-500-038,1,Juv,SSID,SIDE,3
2015,2015,Aug,8/12/2015,LK,OD,Western Sambo Deep,791,791-500-038,1,Juv,SSID,SIDE,30
2015,2015,Aug,8/12/2015,LK,OD,Western Sambo Deep,791,791-500-038,1,Juv,SSID,SIDE,22
2015,2015,Aug,8/12/2015,LK,OD,Western Sambo Deep,791,791-500-038,1,Juv,SSID,SIDE,3
2015,2015,Aug,8/12/2015,LK,OD,Western Sambo Deep,791,791-500-156,1,Juv,PAST,PORI,37
2015,2015,Aug,8/12/2015,LK,OD,Western Sambo Deep,791,791-500-199,1,Juv,MCAV,MCAV,6
2015,2015,Aug,8/12/2015,LK,OD,Western Sambo Deep,791,791-500-199,1,Juv,SSID,SIDE,32
2015,2015,Aug,8/12/2015,LK,OD,Western Sambo Deep,791,791-500-199,1,Juv,SSID,SIDE,30
2015,2015,Aug,8/12/2015,LK,OD,Western Sambo Deep,791,791-500-199,1,Juv,SMIC,SMIC,6
2015,2015,Aug,8/12/2015,LK,OD,Western Sambo Deep,792,792-100-028,1,Juv,SSID,SIDE,32
2015,2015,Aug,8/12/2015,LK,OD,Western Sambo Deep,792,792-100-028,1,Juv,SSID,SIDE,35
2015,2015,Aug,8/12/2015,LK,OD,Western Sambo Deep,792,792-100-028,1,Juv,SSID,SIDE,29
2015,2015,Aug,8/12/2015,LK,OD,Western Sambo Deep,792,792-100-028,1,Juv,SSID,SIDE,19
2015,2015,Aug,8/12/2015,LK,OD,Western Sambo Deep,792,792-100-039,1,Juv,PAST,PORI,15
2015,2015,Aug,8/12/2015,LK,OD,Western Sambo Deep,792,792-100-039,1,Juv,SSID,SIDE,18
2015,2015,Aug,8/12/2015,LK,OD,Western Sambo Deep,792,792-100-039,1,Juv,SSID,SIDE,8
2015,2015,Aug,8/12/2015,LK,OD,Western Sambo Deep,792,792-100-039,1,Juv,SSID,SIDE,31
2015,2015,Aug,8/12/2015,LK,OD,Western Sambo Deep,792,792-100-039,1,Juv,SSID,SIDE,7
2015,2015,Aug,8/12/2015,LK,OD,Western Sambo Deep,792,792-100-039,1,Juv,SSID,SIDE,23
2015,2015,Aug,8/12/2015,LK,OD,Western Sambo Deep,792,792-100-039,1,Juv,SSID,SIDE,29
2015,2015,Aug,8/12/2015,LK,OD,Western Sambo Deep,792,792-100-039,1,Juv,SSID,SIDE,20
2015,2015,Aug,8/12/2015,LK,OD,Western Sambo Deep,792,792-100-039,1,Juv,SSID,SIDE,28
2015,2015,Aug,8/12/2015,LK,OD,Western Sambo Deep,792,792-100-039,1,Juv,SSID,SIDE,4
2015,2015,Aug,8/12/2015,LK,OD,Western Sambo Deep,792,792-100-039,1,Juv,SMIC,SMIC,36
2015,2015,Aug,8/12/2015,LK,OD,Western Sambo Deep,792,792-100-039,1,Juv,SMIC,SMIC,31
2015,2015,Aug,8/12/2015,LK,OD,Western Sambo Deep,792,792-100-039,1,Juv,SMIC,SMIC,22
2015,2015,Aug,8/12/2015,LK,OD,Western Sambo Deep,792,792-100-106,1,Juv,SSID,SIDE,23
2015,2015,Aug,8/12/2015,LK,OD,Western Sambo Deep,792,792-100-106,1,Juv,SSID,SIDE,24
2015,2015,Aug,8/12/2015,LK,OD,Western Sambo Deep,792,792-100-106,1,Juv,SSID,SIDE,32
2015,2015,Aug,8/12/2015,LK,OD,Western Sambo Deep,792,792-100-106,1,Juv,SSID,SIDE,31
2015,2015,Aug,8/12/2015,LK,OD,Western Sambo Deep,792,792-100-106,1,Juv,SSID,SIDE,22
2015,2015,Aug,8/12/2015,LK,OD,Western Sambo Deep,792,792-100-106,1,Juv,SSID,SIDE,30
2015,2015,Aug,8/12/2015,LK,OD,Western Sambo Deep,792,792-100-106,1,Juv,SMIC,SMIC,39
2015,2015,Aug,8/12/2015,LK,OD,Western Sambo Deep,792,792-100-106,1,Juv,SMIC,SMIC,14
2015,2015,Aug,8/12/2015,LK,OD,Western Sambo Deep,792,792-100-142,1,Juv,SSID,SIDE,5
2015,2015,Aug,8/12/2015,LK,OD,Western Sambo Deep,792,792-100-142,1,Juv,SSID,SIDE,5
2015,2015,Aug,8/12/2015,LK,OD,Western Sambo Deep,792,792-100-142,1,Juv,SSID,SIDE,4
2015,2015,Aug,8/12/2015,LK,OD,Western Sambo Deep,792,792-500-051,1,Juv,PAST,PORI,21
2015,2015,Aug,8/12/2015,LK,OD,Western Sambo Deep,792,792-500-051,1,Juv,SSID,SIDE,17
2015,2015,Aug,8/12/2015,LK,OD,Western Sambo Deep,792,792-500-051,1,Juv,SMIC,SMIC,20
2015,2015,Aug,8/12/2015,LK,OD,Western Sambo Deep,792,792-500-079,1,Juv,AAGA,AGAR,18
2015,2015,Aug,8/12/2015,LK,OD,Western Sambo Deep,792,792-500-079,1,Juv,SSID,SIDE,39
2015,2015,Aug,8/12/2015,LK,OD,Western Sambo Deep,792,792-500-079,1,Juv,SSID,SIDE,30
2015,2015,Aug,8/12/2015,LK,OD,Western Sambo Deep,792,792-500-079,1,Juv,SSID,SIDE,7
2015,2015,Aug,8/12/2015,LK,OD,Western Sambo Deep,792,792-500-079,1,Juv,SSID,SIDE,5
2015,2015,Aug,8/12/2015,LK,OD,Western Sambo Deep,792,792-500-079,1,Juv,SSID,SIDE,7
2015,2015,Aug,8/12/2015,LK,OD,Western Sambo Deep,792,792-500-079,1,Juv,SSID,SIDE,6
2015,2015,Aug,8/12/2015,LK,OD,Western Sambo Deep,792,792-500-079,1,Juv,SMIC,SMIC,26
2015,2015,Aug,8/12/2015,LK,OD,Western Sambo Deep,792,792-500-079,1,Juv,SMIC,SMIC,30
2015,2015,Aug,8/12/2015,LK,OD,Western Sambo Deep,792,792-500-102,1,Juv,MARE,MARE,10
2015,2015,Aug,8/12/2015,LK,OD,Western Sambo Deep,792,792-500-102,1,Juv,MCAV,MCAV,24
2015,2015,Aug,8/12/2015,LK,OD,Western Sambo Deep,792,792-500-102,1,Juv,PAST,PORI,16
2015,2015,Aug,8/12/2015,LK,OD,Western Sambo Deep,792,792-500-102,1,Juv,SSID,SIDE,9
2015,2015,Aug,8/12/2015,LK,OD,Western Sambo Deep,792,792-500-102,1,Juv,SSID,SIDE,33
2015,2015,Aug,8/12/2015,LK,OD,Western Sambo Deep,792,792-500-102,1,Juv,SSID,SIDE,4
2015,2015,Aug,8/12/2015,LK,OD,Western Sambo Deep,792,792-500-102,1,Juv,SSID,SIDE,6
2015,2015,Aug,8/12/2015,LK,OD,Western Sambo Deep,792,792-500-102,1,Juv,SSID,SIDE,20
2015,2015,Aug,8/12/2015,LK,OD,Western Sambo Deep,792,792-500-102,1,Juv,SSID,SIDE,32
2015,2015,Aug,8/12/2015,LK,OD,Western Sambo Deep,792,792-500-102,1,Juv,SSID,SIDE,14
2015,2015,Aug,8/12/2015,LK,OD,Western Sambo Deep,792,792-500-102,1,Juv,SSID,SIDE,9
2015,2015,Aug,8/12/2015,LK,OD,Western Sambo Deep,792,792-500-102,1,Juv,SSID,SIDE,16
2015,2015,Aug,8/12/2015,LK,OD,Western Sambo Deep,792,792-500-102,1,Juv,SSID,SIDE,6
2015,2015,Aug,8/12/2015,LK,OD,Western Sambo Deep,792,792-500-102,1,Juv,SSID,SIDE,16
2015,2015,Aug,8/12/2015,LK,OD,Western Sambo Deep,792,792-500-102,1,Juv,SSID,SIDE,26
2015,2015,Aug,8/12/2015,LK,OD,Western Sambo Deep,792,792-500-190,1,Juv,SSID,SIDE,21
2015,2015,Aug,8/12/2015,LK,OD,Western Sambo Deep,792,792-500-190,1,Juv,SSID,SIDE,24
2015,2015,Aug,8/12/2015,LK,OD,Western Sambo Deep,792,792-500-190,1,Juv,SSID,SIDE,38
2015,2015,Aug,8/12/2015,LK,OD,Western Sambo Deep,792,792-500-190,1,Juv,SSID,SIDE,5
2015,2015,Aug,8/12/2015,LK,OD,Western Sambo Deep,792,792-500-190,1,Juv,SSID,SIDE,32
2015,2015,Aug,8/12/2015,LK,OD,Western Sambo Deep,793,793-100-019,1,Juv,PAST,PORI,10
2015,2015,Aug,8/12/2015,LK,OD,Western Sambo Deep,793,793-100-019,1,Juv,PAST,PORI,14
2015,2015,Aug,8/12/2015,LK,OD,Western Sambo Deep,793,793-100-048,1,Juv,DSTO,DSTO,33
2015,2015,Aug,8/12/2015,LK,OD,Western Sambo Deep,793,793-100-066,1,Juv,PAST,PORI,14
2015,2015,Aug,8/12/2015,LK,OD,Western Sambo Deep,793,793-100-066,1,Juv,SSID,SIDE,34
2015,2015,Aug,8/12/2015,LK,OD,Western Sambo Deep,793,793-100-140,1,Juv,PAST,PORI,35
2015,2015,Aug,8/12/2015,LK,OD,Western Sambo Deep,793,793-100-140,1,Juv,PAST,PORI,12
2015,2015,Aug,8/12/2015,LK,OD,Western Sambo Deep,793,793-100-140,1,Juv,PAST,PORI,7
2015,2015,Aug,8/12/2015,LK,OD,Western Sambo Deep,793,793-100-140,1,Juv,PAST,PORI,35
2015,2015,Aug,8/12/2015,LK,OD,Western Sambo Deep,793,793-100-140,1,Juv,SSID,SIDE,30
2015,2015,Aug,8/12/2015,LK,OD,Western Sambo Deep,793,793-500-078,1,Juv,DLAB,DIPL,12
2015,2015,Aug,8/12/2015,LK,OD,Western Sambo Deep,793,793-500-078,1,Juv,MCAV,MCAV,18
2015,2015,Aug,8/12/2015,LK,OD,Western Sambo Deep,793,793-500-078,1,Uns,PORI,PORI,37
2015,2015,Aug,8/12/2015,LK,OD,Western Sambo Deep,793,793-500-078,1,Juv,PORI,PORI,14
2015,2015,Aug,8/12/2015,LK,OD,Western Sambo Deep,793,793-500-078,1,Juv,PPOR,PORI,34
2015,2015,Aug,8/12/2015,LK,OD,Western Sambo Deep,793,793-500-098,1,Juv,DSTO,DSTO,6
2015,2015,Aug,8/12/2015,LK,OD,Western Sambo Deep,793,793-500-098,1,Juv,SMIC,SMIC,22
2015,2015,Aug,8/12/2015,LK,OD,Western Sambo Deep,793,793-500-172,1,Juv,AAGA,AGAR,24
2015,2015,Aug,8/12/2015,LK,OD,Western Sambo Deep,793,793-500-172,1,Juv,SSID,SIDE,39
2015,2015,Aug,8/12/2015,LK,OD,Western Sambo Deep,793,793-500-210,1,Juv,AAGA,AGAR,22
2015,2015,Aug,8/12/2015,LK,OD,Western Sambo Deep,793,793-500-210,1,Juv,AAGA,AGAR,13
2015,2015,Aug,8/12/2015,LK,OD,Western Sambo Deep,793,793-500-210,1,Juv,MCAV,MCAV,29
2015,2015,Aug,8/12/2015,LK,OD,Western Sambo Deep,793,793-500-210,1,Juv,PAST,PORI,7
2015,2015,Aug,8/12/2015,LK,OD,Western Sambo Deep,794,794-100-008,1,Juv,AAGA,AGAR,15
2015,2015,Aug,8/12/2015,LK,OD,Western Sambo Deep,794,794-100-008,1,Juv,AAGA,AGAR,17
2015,2015,Aug,8/12/2015,LK,OD,Western Sambo Deep,794,794-100-008,1,Juv,PAST,PORI,14
2015,2015,Aug,8/12/2015,LK,OD,Western Sambo Deep,794,794-100-008,1,Juv,SSID,SIDE,31
2015,2015,Aug,8/12/2015,LK,OD,Western Sambo Deep,794,794-100-008,1,Juv,SSID,SIDE,14
2015,2015,Aug,8/12/2015,LK,OD,Western Sambo Deep,794,794-100-008,1,Juv,SSID,SIDE,21
2015,2015,Aug,8/12/2015,LK,OD,Western Sambo Deep,794,794-100-061,0,NA,NA,NA,NA
2015,2015,Aug,8/12/2015,LK,OD,Western Sambo Deep,794,794-100-156,1,Juv,SSID,SIDE,18
2015,2015,Aug,8/12/2015,LK,OD,Western Sambo Deep,794,794-100-199,1,Juv,PAST,PORI,25
2015,2015,Aug,8/12/2015,LK,OD,Western Sambo Deep,794,794-100-199,1,Juv,SSID,SIDE,29
2015,2015,Aug,8/12/2015,LK,OD,Western Sambo Deep,794,794-500-058,1,Juv,PAST,PORI,25
2015,2015,Aug,8/12/2015,LK,OD,Western Sambo Deep,794,794-500-058,1,Juv,PORI,PORI,20
2015,2015,Aug,8/12/2015,LK,OD,Western Sambo Deep,794,794-500-058,1,Juv,PORI,PORI,16
2015,2015,Aug,8/12/2015,LK,OD,Western Sambo Deep,794,794-500-058,1,Juv,SSID,SIDE,38
2015,2015,Aug,8/12/2015,LK,OD,Western Sambo Deep,794,794-500-122,1,Juv,SSID,SIDE,36
2015,2015,Aug,8/12/2015,LK,OD,Western Sambo Deep,794,794-500-122,1,Juv,SSID,SIDE,12
2015,2015,Aug,8/12/2015,LK,OD,Western Sambo Deep,794,794-500-122,1,Juv,SSID,SIDE,16
2015,2015,Aug,8/12/2015,LK,OD,Western Sambo Deep,794,794-500-122,1,Juv,SSID,SIDE,17
2015,2015,Aug,8/12/2015,LK,OD,Western Sambo Deep,794,794-500-122,1,Juv,SSID,SIDE,35
2015,2015,Aug,8/12/2015,LK,OD,Western Sambo Deep,794,794-500-122,1,Juv,SSID,SIDE,39
2015,2015,Aug,8/12/2015,LK,OD,Western Sambo Deep,794,794-500-136,1,Juv,SRAD,SIDE,27
2015,2015,Aug,8/12/2015,LK,OD,Western Sambo Deep,794,794-500-136,1,Juv,SRAD,SIDE,13
2015,2015,Aug,8/12/2015,LK,OD,Western Sambo Deep,794,794-500-136,1,Juv,SSID,SIDE,18
2015,2015,Aug,8/12/2015,LK,OD,Western Sambo Deep,794,794-500-136,1,Juv,SSID,SIDE,21
2015,2015,Aug,8/12/2015,LK,OD,Western Sambo Deep,794,794-500-136,1,Juv,SSID,SIDE,9
2015,2015,Aug,8/12/2015,LK,OD,Western Sambo Deep,794,794-500-136,1,Juv,SSID,SIDE,20
2015,2015,Aug,8/12/2015,LK,OD,Western Sambo Deep,794,794-500-136,1,Juv,SSID,SIDE,12
2015,2015,Aug,8/12/2015,LK,OD,Western Sambo Deep,794,794-500-199,1,Juv,AAGA,AGAR,24
2015,2015,Aug,8/12/2015,LK,OD,Western Sambo Deep,794,794-500-199,1,Juv,PAST,PORI,8
2015,2015,Aug,8/12/2015,LK,OD,Western Sambo Deep,794,794-500-199,1,Juv,SSID,SIDE,29
2015,2015,Aug,8/12/2015,LK,OD,Western Sambo Deep,794,794-500-199,1,Juv,SSID,SIDE,35
2015,2015,Aug,8/12/2015,LK,OD,Western Sambo Deep,794,794-500-199,1,Juv,SSID,SIDE,20
2015,2015,Aug,8/12/2015,LK,OD,Western Sambo Deep,794,794-500-199,1,Juv,SMIC,SMIC,18
2015,2015,Aug,8/13/2015,LK,OD,Sand Key Deep,811,811-100-019,1,Juv,PAST,PORI,27
2015,2015,Aug,8/13/2015,LK,OD,Sand Key Deep,811,811-100-019,1,Juv,SSID,SIDE,12
2015,2015,Aug,8/13/2015,LK,OD,Sand Key Deep,811,811-100-019,1,Juv,SSID,SIDE,4
2015,2015,Aug,8/13/2015,LK,OD,Sand Key Deep,811,811-100-103,1,Juv,PAST,PORI,34
2015,2015,Aug,8/13/2015,LK,OD,Sand Key Deep,811,811-100-103,1,Juv,SSID,SIDE,31
2015,2015,Aug,8/13/2015,LK,OD,Sand Key Deep,811,811-100-119,1,Juv,SSID,SIDE,32
2015,2015,Aug,8/13/2015,LK,OD,Sand Key Deep,811,811-100-119,1,Juv,SSID,SIDE,5
2015,2015,Aug,8/13/2015,LK,OD,Sand Key Deep,811,811-100-119,1,Juv,SSID,SIDE,8
2015,2015,Aug,8/13/2015,LK,OD,Sand Key Deep,811,811-100-119,1,Juv,SSID,SIDE,36
2015,2015,Aug,8/13/2015,LK,OD,Sand Key Deep,811,811-100-197,1,Juv,MARE,MARE,18
2015,2015,Aug,8/13/2015,LK,OD,Sand Key Deep,811,811-100-197,1,Juv,SSID,SIDE,34
2015,2015,Aug,8/13/2015,LK,OD,Sand Key Deep,811,811-100-197,1,Juv,SSID,SIDE,35
2015,2015,Aug,8/13/2015,LK,OD,Sand Key Deep,811,811-100-197,1,Juv,SSID,SIDE,31
2015,2015,Aug,8/13/2015,LK,OD,Sand Key Deep,811,811-100-197,1,Juv,SMIC,SMIC,17
2015,2015,Aug,8/13/2015,LK,OD,Sand Key Deep,811,811-500-074,1,Juv,PAST,PORI,28
2015,2015,Aug,8/13/2015,LK,OD,Sand Key Deep,811,811-500-074,1,Juv,PAST,PORI,16
2015,2015,Aug,8/13/2015,LK,OD,Sand Key Deep,811,811-500-074,1,Juv,SSID,SIDE,24
2015,2015,Aug,8/13/2015,LK,OD,Sand Key Deep,811,811-500-114,1,Iso,AAGA,AGAR,10
2015,2015,Aug,8/13/2015,LK,OD,Sand Key Deep,811,811-500-114,1,Iso,AAGA,AGAR,29
2015,2015,Aug,8/13/2015,LK,OD,Sand Key Deep,811,811-500-114,1,Juv,MCAV,MCAV,34
2015,2015,Aug,8/13/2015,LK,OD,Sand Key Deep,811,811-500-114,1,Juv,SSID,SIDE,16
2015,2015,Aug,8/13/2015,LK,OD,Sand Key Deep,811,811-500-114,1,Juv,SSID,SIDE,5
2015,2015,Aug,8/13/2015,LK,OD,Sand Key Deep,811,811-500-114,1,Juv,SSID,SIDE,19
2015,2015,Aug,8/13/2015,LK,OD,Sand Key Deep,811,811-500-155,1,Juv,PAST,PORI,37
2015,2015,Aug,8/13/2015,LK,OD,Sand Key Deep,811,811-500-155,1,Juv,PPOR,PORI,25
2015,2015,Aug,8/13/2015,LK,OD,Sand Key Deep,811,811-500-197,1,Uns,ORBI,ORBI,7
2015,2015,Aug,8/13/2015,LK,OD,Sand Key Deep,811,811-500-197,1,Juv,PAST,PORI,8
2015,2015,Aug,8/13/2015,LK,OD,Sand Key Deep,811,811-500-197,1,Juv,PAST,PORI,25
2015,2015,Aug,8/13/2015,LK,OD,Sand Key Deep,811,811-500-197,1,Iso,SSID,SIDE,14
2015,2015,Aug,8/13/2015,LK,OD,Sand Key Deep,811,811-500-197,1,Juv,SMIC,SMIC,31
2015,2015,Aug,8/13/2015,LK,OD,Sand Key Deep,812,812-100-018,1,Juv,MCAV,MCAV,8
2015,2015,Aug,8/13/2015,LK,OD,Sand Key Deep,812,812-100-041,1,Juv,AFRA,AGAR,9
2015,2015,Aug,8/13/2015,LK,OD,Sand Key Deep,812,812-100-041,1,Iso,SSID,SIDE,16
2015,2015,Aug,8/13/2015,LK,OD,Sand Key Deep,812,812-100-041,1,Iso,SSID,SIDE,15
2015,2015,Aug,8/13/2015,LK,OD,Sand Key Deep,812,812-100-041,1,Iso,SSID,SIDE,14
2015,2015,Aug,8/13/2015,LK,OD,Sand Key Deep,812,812-100-041,1,Iso,SSID,SIDE,10
2015,2015,Aug,8/13/2015,LK,OD,Sand Key Deep,812,812-100-041,1,Iso,SSID,SIDE,10
2015,2015,Aug,8/13/2015,LK,OD,Sand Key Deep,812,812-100-041,1,Iso,SSID,SIDE,7
2015,2015,Aug,8/13/2015,LK,OD,Sand Key Deep,812,812-100-041,1,Juv,SSID,SIDE,3
2015,2015,Aug,8/13/2015,LK,OD,Sand Key Deep,812,812-100-041,1,Juv,SSID,SIDE,4
2015,2015,Aug,8/13/2015,LK,OD,Sand Key Deep,812,812-100-112,1,Juv,AAGA,AGAR,9
2015,2015,Aug,8/13/2015,LK,OD,Sand Key Deep,812,812-100-112,1,Juv,MCAV,MCAV,17
2015,2015,Aug,8/13/2015,LK,OD,Sand Key Deep,812,812-100-112,1,Juv,PAME,PAME,35
2015,2015,Aug,8/13/2015,LK,OD,Sand Key Deep,812,812-100-112,1,Juv,PAST,PORI,9
2015,2015,Aug,8/13/2015,LK,OD,Sand Key Deep,812,812-100-112,1,Juv,PAST,PORI,35
2015,2015,Aug,8/13/2015,LK,OD,Sand Key Deep,812,812-100-112,1,Juv,SSID,SIDE,20
2015,2015,Aug,8/13/2015,LK,OD,Sand Key Deep,812,812-100-168,1,Juv,DSTR,DIPL,15
2015,2015,Aug,8/13/2015,LK,OD,Sand Key Deep,812,812-100-168,1,Juv,MARE,MARE,12
2015,2015,Aug,8/13/2015,LK,OD,Sand Key Deep,812,812-100-168,1,Juv,MCAV,MCAV,16
2015,2015,Aug,8/13/2015,LK,OD,Sand Key Deep,812,812-100-168,1,Juv,PPOR,PORI,11
2015,2015,Aug,8/13/2015,LK,OD,Sand Key Deep,812,812-100-168,1,Juv,SSID,SIDE,1
2015,2015,Aug,8/13/2015,LK,OD,Sand Key Deep,812,812-100-168,1,Juv,SRAD,SIDE,28
2015,2015,Aug,8/13/2015,LK,OD,Sand Key Deep,812,812-100-168,1,Juv,SSID,SIDE,20
2015,2015,Aug,8/13/2015,LK,OD,Sand Key Deep,812,812-100-168,1,Juv,SSID,SIDE,9
2015,2015,Aug,8/13/2015,LK,OD,Sand Key Deep,812,812-500-029,1,Juv,EFAS,EFAS,6
2015,2015,Aug,8/13/2015,LK,OD,Sand Key Deep,812,812-500-029,1,Juv,MCAV,MCAV,13
2015,2015,Aug,8/13/2015,LK,OD,Sand Key Deep,812,812-500-029,1,Juv,SSID,SIDE,31
2015,2015,Aug,8/13/2015,LK,OD,Sand Key Deep,812,812-500-029,1,Juv,SSID,SIDE,4
2015,2015,Aug,8/13/2015,LK,OD,Sand Key Deep,812,812-500-029,1,Juv,SSID,SIDE,8
2015,2015,Aug,8/13/2015,LK,OD,Sand Key Deep,812,812-500-029,1,Juv,SSID,SIDE,2
2015,2015,Aug,8/13/2015,LK,OD,Sand Key Deep,812,812-500-132,1,Juv,EFAS,EFAS,4
2015,2015,Aug,8/13/2015,LK,OD,Sand Key Deep,812,812-500-132,1,Juv,MCAV,MCAV,24
2015,2015,Aug,8/13/2015,LK,OD,Sand Key Deep,812,812-500-132,1,Juv,SRAD,SIDE,15
2015,2015,Aug,8/13/2015,LK,OD,Sand Key Deep,812,812-500-132,1,Juv,SSID,SIDE,31
2015,2015,Aug,8/13/2015,LK,OD,Sand Key Deep,812,812-500-132,1,Juv,SSID,SIDE,32
2015,2015,Aug,8/13/2015,LK,OD,Sand Key Deep,812,812-500-132,1,Juv,SMIC,SMIC,24
2015,2015,Aug,8/13/2015,LK,OD,Sand Key Deep,812,812-500-180,1,Juv,MCAV,MCAV,5
2015,2015,Aug,8/13/2015,LK,OD,Sand Key Deep,812,812-500-180,1,Juv,PAST,PORI,11
2015,2015,Aug,8/13/2015,LK,OD,Sand Key Deep,812,812-500-212,1,Juv,PAST,PORI,9
2015,2015,Aug,8/13/2015,LK,OD,Sand Key Deep,812,812-500-212,1,Juv,PAST,PORI,28
2015,2015,Aug,8/13/2015,LK,OD,Sand Key Deep,812,812-500-212,1,Juv,PAST,PORI,32
2015,2015,Aug,8/13/2015,LK,OD,Sand Key Deep,812,812-500-212,1,Juv,SSID,SIDE,15
2015,2015,Aug,8/13/2015,LK,OD,Sand Key Deep,812,812-500-212,1,Juv,SSID,SIDE,18
2015,2015,Aug,8/13/2015,LK,OD,Sand Key Deep,813,813-100-030,1,Juv,PAST,PORI,24
2015,2015,Aug,8/13/2015,LK,OD,Sand Key Deep,813,813-100-030,1,Juv,SIDE,SIDE,4
2015,2015,Aug,8/13/2015,LK,OD,Sand Key Deep,813,813-100-030,1,Juv,SIDE,SIDE,6
2015,2015,Aug,8/13/2015,LK,OD,Sand Key Deep,813,813-100-030,1,Juv,SIDE,SIDE,7
2015,2015,Aug,8/13/2015,LK,OD,Sand Key Deep,813,813-100-030,1,Juv,SRAD,SIDE,13
2015,2015,Aug,8/13/2015,LK,OD,Sand Key Deep,813,813-100-030,1,Juv,SRAD,SIDE,38
2015,2015,Aug,8/13/2015,LK,OD,Sand Key Deep,813,813-100-030,1,Juv,SRAD,SIDE,39
2015,2015,Aug,8/13/2015,LK,OD,Sand Key Deep,813,813-100-030,1,Juv,SRAD,SIDE,6
2015,2015,Aug,8/13/2015,LK,OD,Sand Key Deep,813,813-100-030,1,Juv,SRAD,SIDE,8
2015,2015,Aug,8/13/2015,LK,OD,Sand Key Deep,813,813-100-030,1,Juv,SSID,SIDE,14
2015,2015,Aug,8/13/2015,LK,OD,Sand Key Deep,813,813-100-030,1,Juv,SSID,SIDE,23
2015,2015,Aug,8/13/2015,LK,OD,Sand Key Deep,813,813-100-030,1,Juv,SSID,SIDE,4
2015,2015,Aug,8/13/2015,LK,OD,Sand Key Deep,813,813-100-063,1,Juv,MCAV,MCAV,4
2015,2015,Aug,8/13/2015,LK,OD,Sand Key Deep,813,813-100-063,1,Juv,PAST,PORI,32
2015,2015,Aug,8/13/2015,LK,OD,Sand Key Deep,813,813-100-063,1,Juv,PPOR,PORI,9
2015,2015,Aug,8/13/2015,LK,OD,Sand Key Deep,813,813-100-063,1,Juv,SIDE,SIDE,11
2015,2015,Aug,8/13/2015,LK,OD,Sand Key Deep,813,813-100-063,1,Juv,SRAD,SIDE,34
2015,2015,Aug,8/13/2015,LK,OD,Sand Key Deep,813,813-100-063,1,Juv,SSID,SIDE,10
2015,2015,Aug,8/13/2015,LK,OD,Sand Key Deep,813,813-100-063,1,Juv,SSID,SIDE,5
2015,2015,Aug,8/13/2015,LK,OD,Sand Key Deep,813,813-100-063,1,Juv,SSID,SIDE,38
2015,2015,Aug,8/13/2015,LK,OD,Sand Key Deep,813,813-100-132,1,Juv,CNAT,CNAT,17
2015,2015,Aug,8/13/2015,LK,OD,Sand Key Deep,813,813-100-132,1,Juv,PAST,PORI,18
2015,2015,Aug,8/13/2015,LK,OD,Sand Key Deep,813,813-100-132,1,Juv,PORI,PORI,7
2015,2015,Aug,8/13/2015,LK,OD,Sand Key Deep,813,813-100-132,1,Juv,PPOR,PORI,17
2015,2015,Aug,8/13/2015,LK,OD,Sand Key Deep,813,813-100-132,1,Juv,PPOR,PORI,19
2015,2015,Aug,8/13/2015,LK,OD,Sand Key Deep,813,813-100-132,1,Juv,SRAD,SIDE,13
2015,2015,Aug,8/13/2015,LK,OD,Sand Key Deep,813,813-100-132,1,Juv,SSID,SIDE,2
2015,2015,Aug,8/13/2015,LK,OD,Sand Key Deep,813,813-100-169,1,Juv,DSTO,DSTO,22
2015,2015,Aug,8/13/2015,LK,OD,Sand Key Deep,813,813-100-169,1,Juv,MCAV,MCAV,11
2015,2015,Aug,8/13/2015,LK,OD,Sand Key Deep,813,813-100-169,1,Juv,PAST,PORI,5
2015,2015,Aug,8/13/2015,LK,OD,Sand Key Deep,813,813-100-169,1,Juv,PPOR,PORI,13
2015,2015,Aug,8/13/2015,LK,OD,Sand Key Deep,813,813-100-169,1,Juv,SRAD,SIDE,12
2015,2015,Aug,8/13/2015,LK,OD,Sand Key Deep,813,813-100-169,1,Juv,SRAD,SIDE,25
2015,2015,Aug,8/13/2015,LK,OD,Sand Key Deep,813,813-500-041,1,Juv,DLAB,DIPL,NA
2015,2015,Aug,8/13/2015,LK,OD,Sand Key Deep,813,813-500-041,1,Juv,PAST,PORI,16
2015,2015,Aug,8/13/2015,LK,OD,Sand Key Deep,813,813-500-085,1,Juv,AAGA,AGAR,15
2015,2015,Aug,8/13/2015,LK,OD,Sand Key Deep,813,813-500-085,1,Juv,DSTR,DIPL,31
2015,2015,Aug,8/13/2015,LK,OD,Sand Key Deep,813,813-500-156,1,Juv,PAST,PORI,39
2015,2015,Aug,8/13/2015,LK,OD,Sand Key Deep,813,813-500-156,1,Juv,PORI,PORI,4
2015,2015,Aug,8/13/2015,LK,OD,Sand Key Deep,813,813-500-156,1,Juv,SSID,SIDE,10
2015,2015,Aug,8/13/2015,LK,OD,Sand Key Deep,813,813-500-218,0,NA,NA,NA,NA
2015,2015,Aug,8/13/2015,LK,OD,Sand Key Deep,814,814-100-016,1,Juv,DSTO,DSTO,24
2015,2015,Aug,8/13/2015,LK,OD,Sand Key Deep,814,814-100-016,1,Juv,MCAV,MCAV,8
2015,2015,Aug,8/13/2015,LK,OD,Sand Key Deep,814,814-100-016,1,Juv,SCOL,MUSS,10
2015,2015,Aug,8/13/2015,LK,OD,Sand Key Deep,814,814-100-016,1,Juv,PAST,PORI,5
2015,2015,Aug,8/13/2015,LK,OD,Sand Key Deep,814,814-100-016,1,Juv,PAST,PORI,28
2015,2015,Aug,8/13/2015,LK,OD,Sand Key Deep,814,814-100-016,1,Juv,PAST,PORI,10
2015,2015,Aug,8/13/2015,LK,OD,Sand Key Deep,814,814-100-016,1,Iso,SSID,SIDE,38
2015,2015,Aug,8/13/2015,LK,OD,Sand Key Deep,814,814-100-016,1,Iso,SSID,SIDE,6
2015,2015,Aug,8/13/2015,LK,OD,Sand Key Deep,814,814-100-016,1,Juv,SSID,SIDE,5
2015,2015,Aug,8/13/2015,LK,OD,Sand Key Deep,814,814-100-016,1,Juv,SSID,SIDE,12
2015,2015,Aug,8/13/2015,LK,OD,Sand Key Deep,814,814-100-016,1,Juv,SSID,SIDE,22
2015,2015,Aug,8/13/2015,LK,OD,Sand Key Deep,814,814-100-016,1,Juv,PAST,PORI,3
2015,2015,Aug,8/13/2015,LK,OD,Sand Key Deep,814,814-100-044,1,Juv,PAST,PORI,8
2015,2015,Aug,8/13/2015,LK,OD,Sand Key Deep,814,814-100-044,1,Juv,PAST,PORI,17
2015,2015,Aug,8/13/2015,LK,OD,Sand Key Deep,814,814-100-044,1,Juv,SRAD,SIDE,38
2015,2015,Aug,8/13/2015,LK,OD,Sand Key Deep,814,814-100-044,1,Juv,SSID,SIDE,5
2015,2015,Aug,8/13/2015,LK,OD,Sand Key Deep,814,814-100-044,1,Juv,SSID,SIDE,22
2015,2015,Aug,8/13/2015,LK,OD,Sand Key Deep,814,814-100-044,1,Juv,SSID,SIDE,5
2015,2015,Aug,8/13/2015,LK,OD,Sand Key Deep,814,814-100-044,1,Juv,SSID,SIDE,22
2015,2015,Aug,8/13/2015,LK,OD,Sand Key Deep,814,814-100-044,1,Juv,SSID,SIDE,33
2015,2015,Aug,8/13/2015,LK,OD,Sand Key Deep,814,814-100-099,1,Juv,SSID,SIDE,37
2015,2015,Aug,8/13/2015,LK,OD,Sand Key Deep,814,814-100-178,0,NA,NA,NA,NA
2015,2015,Aug,8/13/2015,LK,OD,Sand Key Deep,814,814-500-027,1,Juv,MMEA,MMEA,11
2015,2015,Aug,8/13/2015,LK,OD,Sand Key Deep,814,814-500-027,1,Juv,SSID,SIDE,3
2015,2015,Aug,8/13/2015,LK,OD,Sand Key Deep,814,814-500-027,1,Juv,SSID,SIDE,28
2015,2015,Aug,8/13/2015,LK,OD,Sand Key Deep,814,814-500-054,0,NA,NA,NA,NA
2015,2015,Aug,8/13/2015,LK,OD,Sand Key Deep,814,814-500-117,0,NA,NA,NA,NA
2015,2015,Aug,8/13/2015,LK,OD,Sand Key Deep,814,814-500-178,0,NA,NA,NA,NA
2015,2015,Sept,9/26/2015,SEFL,Nearshore,BC1,BC11,BC11-100-035,0,NA,NA,NA,NA
2015,2015,Sept,9/26/2015,SEFL,Nearshore,BC1,BC11,BC11-100-044,1,Juv,SSID,SIDE,4
2015,2015,Sept,9/26/2015,SEFL,Nearshore,BC1,BC11,BC11-100-044,1,Juv,SSID,SIDE,7
2015,2015,Sept,9/26/2015,SEFL,Nearshore,BC1,BC11,BC11-100-044,1,Juv,SSID,SIDE,5
2015,2015,Sept,9/26/2015,SEFL,Nearshore,BC1,BC11,BC11-100-044,1,Juv,SSID,SIDE,10
2015,2015,Sept,9/26/2015,SEFL,Nearshore,BC1,BC11,BC11-100-096,1,Juv,MCAV,MCAV,3
2015,2015,Sept,9/26/2015,SEFL,Nearshore,BC1,BC11,BC11-100-096,1,Juv,SSID,SIDE,4
2015,2015,Sept,9/26/2015,SEFL,Nearshore,BC1,BC11,BC11-100-096,1,Juv,SSID,SIDE,3
2015,2015,Sept,9/26/2015,SEFL,Nearshore,BC1,BC11,BC11-100-096,1,Juv,SSID,SIDE,14
2015,2015,Sept,9/26/2015,SEFL,Nearshore,BC1,BC11,BC11-100-096,1,Juv,SSID,SIDE,19
2015,2015,Sept,9/26/2015,SEFL,Nearshore,BC1,BC11,BC11-100-096,1,Juv,SSID,SIDE,14
2015,2015,Sept,9/26/2015,SEFL,Nearshore,BC1,BC11,BC11-100-096,1,Juv,SSID,SIDE,8
2015,2015,Sept,9/26/2015,SEFL,Nearshore,BC1,BC11,BC11-100-096,1,Juv,SSID,SIDE,5
2015,2015,Sept,9/26/2015,SEFL,Nearshore,BC1,BC11,BC11-100-096,1,Juv,SSID,SIDE,9
2015,2015,Sept,9/26/2015,SEFL,Nearshore,BC1,BC11,BC11-500-008,1,Juv,DSTO,DSTO,10
2015,2015,Sept,9/26/2015,SEFL,Nearshore,BC1,BC11,BC11-500-018,0,NA,NA,NA,NA
2015,2015,Sept,9/26/2015,SEFL,Nearshore,BC1,BC11,BC11-500-049,0,NA,NA,NA,NA
2015,2015,Sept,9/26/2015,SEFL,Nearshore,BC1,BC11,BC11-500-075,1,Juv,DSTO,DSTO,31
2015,2015,Dec,12/3/2015,SEFL,Nearshore,BC1,BC11,BC11-500-090,1,Juv,MCAV,MCAV,18
2015,2015,Sept,9/26/2015,SEFL,Nearshore,BC1,BC12,BC12-100-043,1,Juv,SSID,SIDE,13
2015,2015,Sept,9/26/2015,SEFL,Nearshore,BC1,BC12,BC12-100-043,1,Juv,SSID,SIDE,16
2015,2015,Sept,9/26/2015,SEFL,Nearshore,BC1,BC12,BC12-100-043,1,Juv,SSID,SIDE,9
2015,2015,Sept,9/26/2015,SEFL,Nearshore,BC1,BC12,BC12-100-043,1,Juv,SSID,SIDE,14
2015,2015,Sept,9/26/2015,SEFL,Nearshore,BC1,BC12,BC12-100-053,1,Iso,MCAV,MCAV,13
2015,2015,Sept,9/26/2015,SEFL,Nearshore,BC1,BC12,BC12-100-053,1,Iso,MCAV,MCAV,14
2015,2015,Sept,9/26/2015,SEFL,Nearshore,BC1,BC12,BC12-100-142,0,NA,NA,NA,NA
2015,2015,Sept,9/26/2015,SEFL,Nearshore,BC1,BC12,BC12-100-221,1,Juv,SMIC,SMIC,9
2015,2015,Sept,9/26/2015,SEFL,Nearshore,BC1,BC12,BC12-500-014,0,NA,NA,NA,NA
2015,2015,Sept,9/26/2015,SEFL,Nearshore,BC1,BC12,BC12-500-043,1,Juv,DSTO,DSTO,9
2015,2015,Sept,9/26/2015,SEFL,Nearshore,BC1,BC12,BC12-500-129,1,Juv,DSTR,DIPL,19
2015,2015,Sept,9/26/2015,SEFL,Nearshore,BC1,BC12,BC12-500-129,1,Juv,DSTO,DSTO,8
2015,2015,Sept,9/26/2015,SEFL,Nearshore,BC1,BC12,BC12-500-129,1,Juv,MCAV,MCAV,10
2015,2015,Sept,9/26/2015,SEFL,Nearshore,BC1,BC12,BC12-500-129,1,Juv,PORI,PORI,12
2015,2015,Sept,9/26/2015,SEFL,Nearshore,BC1,BC12,BC12-500-129,1,Juv,PPOR,PORI,25
2015,2015,Sept,9/26/2015,SEFL,Nearshore,BC1,BC12,BC12-500-171,0,NA,NA,NA,NA
2015,2015,Oct,10/5/2015,SEFL,Nearshore,BC1,BC13,BC13-100-090,0,NA,NA,NA,NA
2015,2015,Oct,10/5/2015,SEFL,Nearshore,BC1,BC13,BC13-100-151,1,Juv,MCAV,MCAV,12
2015,2015,Oct,10/5/2015,SEFL,Nearshore,BC1,BC13,BC13-100-151,1,Juv,PAST,PORI,40
2015,2015,Oct,10/5/2015,SEFL,Nearshore,BC1,BC13,BC13-100-151,1,Juv,SSID,SIDE,10
2015,2015,Oct,10/5/2015,SEFL,Nearshore,BC1,BC13,BC13-100-187,1,Juv,PAST,PORI,38
2015,2015,Oct,10/5/2015,SEFL,Nearshore,BC1,BC13,BC13-100-208,0,NA,NA,NA,NA
2015,2015,Oct,10/5/2015,SEFL,Nearshore,BC1,BC13,BC13-500-040,0,NA,NA,NA,NA
2015,2015,Oct,10/5/2015,SEFL,Nearshore,BC1,BC13,BC13-500-089,0,NA,NA,NA,NA
2015,2015,Oct,10/5/2015,SEFL,Nearshore,BC1,BC13,BC13-500-162,0,NA,NA,NA,NA
2015,2015,Oct,10/5/2015,SEFL,Nearshore,BC1,BC13,BC13-500-198,0,NA,NA,NA,NA
2015,2015,Oct,10/5/2015,SEFL,Nearshore,BC1,BC14,BC14-100-049,0,NA,NA,NA,NA
2015,2015,Oct,10/5/2015,SEFL,Nearshore,BC1,BC14,BC14-100-081,0,NA,NA,NA,NA
2015,2015,Oct,10/5/2015,SEFL,Nearshore,BC1,BC14,BC14-100-185,0,NA,NA,NA,NA
2015,2015,Oct,10/5/2015,SEFL,Nearshore,BC1,BC14,BC14-100-209,0,NA,NA,NA,NA
2015,2015,Oct,10/5/2015,SEFL,Nearshore,BC1,BC14,BC14-500-026,1,Juv,DSTO,DSTO,10
2015,2015,Oct,10/5/2015,SEFL,Nearshore,BC1,BC14,BC14-500-026,1,Juv,SSID,SIDE,10
2015,2015,Oct,10/5/2015,SEFL,Nearshore,BC1,BC14,BC14-500-082,0,NA,NA,NA,NA
2015,2015,Oct,10/5/2015,SEFL,Nearshore,BC1,BC14,BC14-500-104,0,NA,NA,NA,NA
2015,2015,Oct,10/5/2015,SEFL,Nearshore,BC1,BC14,BC14-500-155,0,NA,NA,NA,NA
2015,2015,Oct,10/5/2015,SEFL,Middle,BC2,BC21,BC21-100-015,1,Uns,PAST,PORI,15
2015,2015,Oct,10/5/2015,SEFL,Middle,BC2,BC21,BC21-100-070,0,NA,NA,NA,NA
2015,2015,Oct,10/5/2015,SEFL,Middle,BC2,BC21,BC21-100-088,1,Juv,MCAV,MCAV,10
2015,2015,Oct,10/5/2015,SEFL,Middle,BC2,BC21,BC21-100-151,0,NA,NA,NA,NA
2015,2015,Oct,10/5/2015,SEFL,Middle,BC2,BC21,BC21-500-028,1,Juv,MCAV,MCAV,22
2015,2015,Oct,10/5/2015,SEFL,Middle,BC2,BC21,BC21-500-028,1,Uns,SSID,SIDE,36
2015,2015,Oct,10/5/2015,SEFL,Middle,BC2,BC21,BC21-500-074,0,NA,NA,NA,NA
2015,2015,Oct,10/5/2015,SEFL,Middle,BC2,BC21,BC21-500-174,0,NA,NA,NA,NA
2015,2015,Oct,10/5/2015,SEFL,Middle,BC2,BC21,BC21-500-206,1,Juv,MCAV,MCAV,30
2015,2015,Oct,10/5/2015,SEFL,Middle,BC2,BC21,BC21-500-206,1,Juv,SSID,SIDE,25
2015,2015,Oct,10/5/2015,SEFL,Middle,BC2,BC22,BC22-100-034,0,NA,NA,NA,NA
2015,2015,Oct,10/5/2015,SEFL,Middle,BC2,BC22,BC22-100-064,0,NA,NA,NA,NA
2015,2015,Oct,10/5/2015,SEFL,Middle,BC2,BC22,BC22-100-137,0,NA,NA,NA,NA
2015,2015,Oct,10/5/2015,SEFL,Middle,BC2,BC22,BC22-100-188,0,NA,NA,NA,NA
2015,2015,Oct,10/5/2015,SEFL,Middle,BC2,BC22,BC22-500-041,1,Juv,MCAV,MCAV,21
2015,2015,Oct,10/5/2015,SEFL,Middle,BC2,BC22,BC22-500-111,0,NA,NA,NA,NA
2015,2015,Oct,10/5/2015,SEFL,Middle,BC2,BC22,BC22-500-135,0,NA,NA,NA,NA
2015,2015,Oct,10/5/2015,SEFL,Middle,BC2,BC22,BC22-500-193,1,Juv,MCAV,MCAV,5
2015,2015,Oct,10/5/2015,SEFL,Middle,BC2,BC22,BC22-500-193,1,Juv,MCAV,MCAV,31
2015,2015,Oct,10/5/2015,SEFL,Middle,BC2,BC22,BC22-500-193,1,Juv,PAST,PORI,8
2015,2015,Oct,10/5/2015,SEFL,Middle,BC2,BC22,BC22-500-193,1,Juv,PAST,PORI,17
2015,2015,Oct,10/5/2015,SEFL,Middle,BC2,BC23,BC23-100-060,1,Juv,SSID,SIDE,15
2015,2015,Oct,10/5/2015,SEFL,Middle,BC2,BC23,BC23-100-126,0,NA,NA,NA,NA
2015,2015,Oct,10/5/2015,SEFL,Middle,BC2,BC23,BC23-100-165,0,NA,NA,NA,NA
2015,2015,Oct,10/5/2015,SEFL,Middle,BC2,BC23,BC23-100-202,1,Juv,PAST,PORI,32
2015,2015,Oct,10/5/2015,SEFL,Middle,BC2,BC23,BC23-100-202,1,Juv,PAST,PORI,13
2015,2015,Oct,10/5/2015,SEFL,Middle,BC2,BC23,BC23-100-202,1,Juv,PAST,PORI,14
2015,2015,Oct,10/5/2015,SEFL,Middle,BC2,BC23,BC23-500-012,0,NA,NA,NA,NA
2015,2015,Oct,10/5/2015,SEFL,Middle,BC2,BC23,BC23-500-104,1,Juv,SSID,SIDE,26
2015,2015,Oct,10/5/2015,SEFL,Middle,BC2,BC23,BC23-500-167,1,Juv,MCAV,MCAV,37
2015,2015,Oct,10/5/2015,SEFL,Middle,BC2,BC23,BC23-500-206,1,Juv,MCAV,MCAV,12
2015,2015,Oct,10/5/2015,SEFL,Middle,BC2,BC24,BC24-100-024,1,Juv,PAST,PORI,9
2015,2015,Oct,10/5/2015,SEFL,Middle,BC2,BC24,BC24-100-090,0,NA,NA,NA,NA
2015,2015,Oct,10/5/2015,SEFL,Middle,BC2,BC24,BC24-100-119,0,NA,NA,NA,NA
2015,2015,Oct,10/5/2015,SEFL,Middle,BC2,BC24,BC24-100-207,0,NA,NA,NA,NA
2015,2015,Oct,10/5/2015,SEFL,Middle,BC2,BC24,BC24-500-017,1,Juv,MCAV,MCAV,11
2015,2015,Oct,10/5/2015,SEFL,Middle,BC2,BC24,BC24-500-070,0,NA,NA,NA,NA
2015,2015,Oct,10/5/2015,SEFL,Middle,BC2,BC24,BC24-500-136,0,NA,NA,NA,NA
2015,2015,Oct,10/5/2015,SEFL,Middle,BC2,BC24,BC24-500-168,1,Juv,SMIC,SMIC,15
2015,2015,Oct,10/5/2015,SEFL,Middle,BC2,BC24,BC24-500-168,1,Juv,SSID,SIDE,13
2015,2015,Oct,10/8/2015,SEFL,Outer,BC3,BC31,BC31-100-015,1,Juv,SSID,SIDE,10
2015,2015,Oct,10/8/2015,SEFL,Outer,BC3,BC31,BC31-100-015,1,Juv,SSID,SIDE,36
2015,2015,Oct,10/8/2015,SEFL,Outer,BC3,BC31,BC31-100-015,1,Juv,SMIC,SMIC,36
2015,2015,Oct,10/8/2015,SEFL,Outer,BC3,BC31,BC31-100-015,1,Juv,SMIC,SMIC,30
2015,2015,Oct,10/8/2015,SEFL,Outer,BC3,BC31,BC31-100-050,1,Juv,SSID,SIDE,28
2015,2015,Oct,10/8/2015,SEFL,Outer,BC3,BC31,BC31-100-092,0,NA,NA,NA,NA
2015,2015,Oct,10/8/2015,SEFL,Outer,BC3,BC31,BC31-100-125,0,NA,NA,NA,NA
2015,2015,Oct,10/8/2015,SEFL,Outer,BC3,BC31,BC31-500-070,0,NA,NA,NA,NA
2015,2015,Oct,10/8/2015,SEFL,Outer,BC3,BC31,BC31-500-095,0,NA,NA,NA,NA
2015,2015,Oct,10/8/2015,SEFL,Outer,BC3,BC31,BC31-500-137,0,NA,NA,NA,NA
2015,2015,Oct,10/8/2015,SEFL,Outer,BC3,BC31,BC31-500-185,1,Juv,SSID,SIDE,32
2015,2015,Oct,10/8/2015,SEFL,Outer,BC3,BC31,BC31-500-185,1,Juv,SMIC,SMIC,26
2015,2015,Oct,10/8/2015,SEFL,Outer,BC3,BC32,BC32-100-014,1,Juv,SSID,SIDE,34
2015,2015,Oct,10/8/2015,SEFL,Outer,BC3,BC32,BC32-100-014,1,Juv,SSID,SIDE,13
2015,2015,Oct,10/8/2015,SEFL,Outer,BC3,BC32,BC32-100-085,1,Juv,MCAV,MCAV,30
2015,2015,Oct,10/8/2015,SEFL,Outer,BC3,BC32,BC32-100-132,0,NA,NA,NA,NA
2015,2015,Oct,10/8/2015,SEFL,Outer,BC3,BC32,BC32-100-162,0,NA,NA,NA,NA
2015,2015,Oct,10/8/2015,SEFL,Outer,BC3,BC32,BC32-500-013,1,Juv,MCAV,MCAV,32
2015,2015,Oct,10/8/2015,SEFL,Outer,BC3,BC32,BC32-500-054,1,Juv,UNKS,UNKS,2
2015,2015,Oct,10/8/2015,SEFL,Outer,BC3,BC32,BC32-500-117,0,NA,NA,NA,NA
2015,2015,Oct,10/8/2015,SEFL,Outer,BC3,BC32,BC32-500-197,0,NA,NA,NA,NA
2015,2015,Oct,10/8/2015,SEFL,Outer,BC3,BC33,BC33-100-031,0,NA,NA,NA,NA
2015,2015,Oct,10/8/2015,SEFL,Outer,BC3,BC33,BC33-100-098,0,NA,NA,NA,NA
2015,2015,Oct,10/8/2015,SEFL,Outer,BC3,BC33,BC33-100-134,1,Iso,SMIC,SMIC,15
2015,2015,Oct,10/8/2015,SEFL,Outer,BC3,BC33,BC33-100-134,1,Iso,SMIC,SMIC,7
2015,2015,Oct,10/8/2015,SEFL,Outer,BC3,BC33,BC33-100-134,1,Iso,SMIC,SMIC,5
2015,2015,Oct,10/8/2015,SEFL,Outer,BC3,BC33,BC33-100-134,1,Iso,SMIC,SMIC,6
2015,2015,Oct,10/8/2015,SEFL,Outer,BC3,BC33,BC33-100-134,1,Iso,SMIC,SMIC,25
2015,2015,Oct,10/8/2015,SEFL,Outer,BC3,BC33,BC33-100-134,1,Iso,SMIC,SMIC,18
2015,2015,Oct,10/8/2015,SEFL,Outer,BC3,BC33,BC33-100-188,1,Juv,PAST,PORI,17
2015,2015,Oct,10/8/2015,SEFL,Outer,BC3,BC33,BC33-500-019,1,Juv,SMIC,SMIC,21
2015,2015,Oct,10/8/2015,SEFL,Outer,BC3,BC33,BC33-500-074,0,NA,NA,NA,NA
2015,2015,Oct,10/8/2015,SEFL,Outer,BC3,BC33,BC33-500-129,0,NA,NA,NA,NA
2015,2015,Oct,10/8/2015,SEFL,Outer,BC3,BC33,BC33-500-189,1,Juv,MCAV,MCAV,12
2015,2015,Oct,10/8/2015,SEFL,Outer,BC3,BC33,BC33-500-189,1,Juv,MCAV,MCAV,13
2015,2015,Oct,10/8/2015,SEFL,Outer,BC3,BC34,BC34-100-041,1,Juv,SSID,SIDE,11
2015,2015,Oct,10/8/2015,SEFL,Outer,BC3,BC34,BC34-100-109,1,Juv,SMIC,SMIC,9
2015,2015,Oct,10/8/2015,SEFL,Outer,BC3,BC34,BC34-100-182,1,Juv,SMIC,SMIC,17
2015,2015,Oct,10/8/2015,SEFL,Outer,BC3,BC34,BC34-100-182,1,Juv,SMIC,SMIC,12
2015,2015,Oct,10/8/2015,SEFL,Outer,BC3,BC34,BC34-100-220,0,NA,NA,NA,NA
2015,2015,Oct,10/8/2015,SEFL,Outer,BC3,BC34,BC34-500-035,0,NA,NA,NA,NA
2015,2015,Oct,10/8/2015,SEFL,Outer,BC3,BC34,BC34-500-086,0,NA,NA,NA,NA
2015,2015,Oct,10/8/2015,SEFL,Outer,BC3,BC34,BC34-500-156,0,NA,NA,NA,NA
2015,2015,Oct,10/8/2015,SEFL,Outer,BC3,BC34,BC34-500-206,1,Juv,MCAV,MCAV,10
2015,2015,Oct,10/8/2015,SEFL,Inner,BC4,BC41,BC41-100-023,0,NA,NA,NA,NA
2015,2015,Oct,10/8/2015,SEFL,Inner,BC4,BC41,BC41-100-076,0,NA,NA,NA,NA
2015,2015,Oct,10/8/2015,SEFL,Inner,BC4,BC41,BC41-100-093,0,NA,NA,NA,NA
2015,2015,Oct,10/8/2015,SEFL,Inner,BC4,BC41,BC41-100-139,1,Juv,PAST,PORI,25
2015,2015,Oct,10/8/2015,SEFL,Inner,BC4,BC41,BC41-100-139,1,Juv,PAST,PORI,20
2015,2015,Oct,10/8/2015,SEFL,Inner,BC4,BC41,BC41-100-139,1,Juv,SMIC,SMIC,NA
2015,2015,Oct,10/8/2015,SEFL,Inner,BC4,BC41,BC41-500-035,1,Juv,PORI,PORI,19
2015,2015,Oct,10/8/2015,SEFL,Inner,BC4,BC41,BC41-500-035,1,Juv,PORI,PORI,5
2015,2015,Oct,10/8/2015,SEFL,Inner,BC4,BC41,BC41-500-106,1,Juv,MCAV,MCAV,18
2015,2015,Oct,10/8/2015,SEFL,Inner,BC4,BC41,BC41-500-106,1,Juv,PAST,PORI,4
2015,2015,Oct,10/8/2015,SEFL,Inner,BC4,BC41,BC41-500-106,1,Juv,PAST,PORI,12
2015,2015,Oct,10/8/2015,SEFL,Inner,BC4,BC41,BC41-500-106,1,Juv,PPOR,PORI,10
2015,2015,Oct,10/8/2015,SEFL,Inner,BC4,BC41,BC41-500-126,1,Juv,PPOR,PORI,28
2015,2015,Oct,10/8/2015,SEFL,Inner,BC4,BC41,BC41-500-211,1,Juv,MCAV,MCAV,16
2015,2015,Oct,10/8/2015,SEFL,Inner,BC4,BC41,BC41-500-211,1,Juv,DSTO,DSTO,5
2015,2015,Oct,10/8/2015,SEFL,Inner,BC4,BC42,BC42-100-017,1,Juv,PPOR,PORI,7
2015,2015,Oct,10/8/2015,SEFL,Inner,BC4,BC42,BC42-100-093,0,NA,NA,NA,NA
2015,2015,Oct,10/8/2015,SEFL,Inner,BC4,BC42,BC42-100-119,1,Juv,CNAT,CNAT,15
2015,2015,Oct,10/8/2015,SEFL,Inner,BC4,BC42,BC42-100-119,1,Juv,SSID,SIDE,7
2015,2015,Oct,10/8/2015,SEFL,Inner,BC4,BC42,BC42-100-151,1,Juv,MCAV,MCAV,15
2015,2015,Oct,10/8/2015,SEFL,Inner,BC4,BC42,BC42-100-151,1,Juv,PAST,PORI,20
2015,2015,Oct,10/8/2015,SEFL,Inner,BC4,BC42,BC42-100-151,1,Uns,PAST,PORI,10
2015,2015,Oct,10/8/2015,SEFL,Inner,BC4,BC42,BC42-100-151,1,Juv,SSID,SIDE,30
2015,2015,Oct,10/8/2015,SEFL,Inner,BC4,BC42,BC42-500-020,1,Juv,MCAV,MCAV,9
2015,2015,Oct,10/8/2015,SEFL,Inner,BC4,BC42,BC42-500-020,1,Juv,PAST,PORI,15
2015,2015,Oct,10/8/2015,SEFL,Inner,BC4,BC42,BC42-500-083,0,NA,NA,NA,NA
2015,2015,Oct,10/8/2015,SEFL,Inner,BC4,BC42,BC42-500-108,0,NA,NA,NA,NA
2015,2015,Oct,10/8/2015,SEFL,Inner,BC4,BC42,BC42-500-155,0,NA,NA,NA,NA
2015,2015,Oct,10/8/2015,SEFL,Inner,BC4,BC43,BC43-100-117,1,Juv,SSID,SIDE,25
2015,2015,Oct,10/8/2015,SEFL,Inner,BC4,BC43,BC43-100-117,1,Juv,SSID,SIDE,9
2015,2015,Oct,10/8/2015,SEFL,Inner,BC4,BC43,BC43-100-132,1,Juv,MCAV,MCAV,12
2015,2015,Oct,10/8/2015,SEFL,Inner,BC4,BC43,BC43-100-132,1,Juv,MCAV,MCAV,9
2015,2015,Oct,10/8/2015,SEFL,Inner,BC4,BC43,BC43-100-132,1,Juv,PAST,PORI,19
2015,2015,Oct,10/8/2015,SEFL,Inner,BC4,BC43,BC43-100-132,1,Juv,PAST,PORI,17
2015,2015,Oct,10/8/2015,SEFL,Inner,BC4,BC43,BC43-100-132,1,Juv,PAST,PORI,7
2015,2015,Oct,10/8/2015,SEFL,Inner,BC4,BC43,BC43-100-163,1,Juv,PAST,PORI,10
2015,2015,Oct,10/8/2015,SEFL,Inner,BC4,BC43,BC43-100-163,1,Juv,PAST,PORI,16
2015,2015,Oct,10/8/2015,SEFL,Inner,BC4,BC43,BC43-100-199,1,Juv,AAGA,AGAR,10
2015,2015,Oct,10/8/2015,SEFL,Inner,BC4,BC43,BC43-100-199,1,Juv,PAST,PORI,8
2015,2015,Oct,10/8/2015,SEFL,Inner,BC4,BC43,BC43-100-199,1,Juv,PAST,PORI,4
2015,2015,Oct,10/8/2015,SEFL,Inner,BC4,BC43,BC43-500-042,1,Juv,SMIC,SMIC,30
2015,2015,Oct,10/8/2015,SEFL,Inner,BC4,BC43,BC43-500-061,1,Juv,MCAV,MCAV,26
2015,2015,Oct,10/8/2015,SEFL,Inner,BC4,BC43,BC43-500-061,1,Juv,PAST,PORI,22
2015,2015,Oct,10/8/2015,SEFL,Inner,BC4,BC43,BC43-500-061,1,Juv,PAST,PORI,29
2015,2015,Oct,10/8/2015,SEFL,Inner,BC4,BC43,BC43-500-061,1,Juv,PAST,PORI,22
2015,2015,Oct,10/8/2015,SEFL,Inner,BC4,BC43,BC43-500-061,1,Juv,PPOR,PORI,39
2015,2015,Oct,10/8/2015,SEFL,Inner,BC4,BC43,BC43-500-061,1,Juv,PPOR,PORI,8
2015,2015,Oct,10/8/2015,SEFL,Inner,BC4,BC43,BC43-500-091,1,Juv,MCAV,MCAV,11
2015,2015,Oct,10/8/2015,SEFL,Inner,BC4,BC43,BC43-500-091,1,Juv,MCAV,MCAV,29
2015,2015,Oct,10/8/2015,SEFL,Inner,BC4,BC43,BC43-500-091,1,Juv,PAST,PORI,10
2015,2015,Oct,10/8/2015,SEFL,Inner,BC4,BC43,BC43-500-091,1,Juv,PAST,PORI,8
2015,2015,Oct,10/8/2015,SEFL,Inner,BC4,BC43,BC43-500-176,0,NA,NA,NA,NA
2015,2015,Oct,10/8/2015,SEFL,Inner,BC4,BC44,BC44-100-061,1,Juv,PAST,PORI,12
2015,2015,Oct,10/8/2015,SEFL,Inner,BC4,BC44,BC44-100-061,1,Juv,UNKS,UNKS,11
2015,2015,Oct,10/8/2015,SEFL,Inner,BC4,BC44,BC44-100-130,1,Juv,SSID,SIDE,27
2015,2015,Oct,10/8/2015,SEFL,Inner,BC4,BC44,BC44-100-130,1,Juv,SMIC,SMIC,30
2015,2015,Oct,10/8/2015,SEFL,Inner,BC4,BC44,BC44-100-130,1,Juv,DSTO,DSTO,5
2015,2015,Oct,10/8/2015,SEFL,Inner,BC4,BC44,BC44-100-175,1,Juv,EFAS,EFAS,39
2015,2015,Oct,10/8/2015,SEFL,Inner,BC4,BC44,BC44-100-175,1,Juv,MCAV,MCAV,22
2015,2015,Oct,10/8/2015,SEFL,Inner,BC4,BC44,BC44-100-175,1,Juv,MCAV,MCAV,8
2015,2015,Oct,10/8/2015,SEFL,Inner,BC4,BC44,BC44-100-175,1,Juv,PAST,PORI,13
2015,2015,Oct,10/8/2015,SEFL,Inner,BC4,BC44,BC44-100-175,1,Juv,PAST,PORI,18
2015,2015,Oct,10/8/2015,SEFL,Inner,BC4,BC44,BC44-100-175,1,Juv,PAST,PORI,14
2015,2015,Oct,10/8/2015,SEFL,Inner,BC4,BC44,BC44-100-175,1,Juv,PAST,PORI,16
2015,2015,Oct,10/8/2015,SEFL,Inner,BC4,BC44,BC44-100-175,1,Juv,PAST,PORI,34
2015,2015,Oct,10/8/2015,SEFL,Inner,BC4,BC44,BC44-100-175,1,Juv,PPOR,PORI,5
2015,2015,Oct,10/8/2015,SEFL,Inner,BC4,BC44,BC44-100-175,1,Juv,PPOR,PORI,18
2015,2015,Oct,10/8/2015,SEFL,Inner,BC4,BC44,BC44-100-175,1,Juv,SSID,SIDE,9
2015,2015,Oct,10/8/2015,SEFL,Inner,BC4,BC44,BC44-100-198,1,Iso,PAST,PORI,16
2015,2015,Oct,10/8/2015,SEFL,Inner,BC4,BC44,BC44-100-198,1,Juv,PAST,PORI,32
2015,2015,Oct,10/8/2015,SEFL,Inner,BC4,BC44,BC44-100-198,1,Juv,PAST,PORI,28
2015,2015,Oct,10/8/2015,SEFL,Inner,BC4,BC44,BC44-100-198,1,Juv,PAST,PORI,12
2015,2015,Oct,10/8/2015,SEFL,Inner,BC4,BC44,BC44-100-198,1,Juv,PAST,PORI,9
2015,2015,Oct,10/8/2015,SEFL,Inner,BC4,BC44,BC44-100-198,1,Juv,PAST,PORI,23
2015,2015,Oct,10/8/2015,SEFL,Inner,BC4,BC44,BC44-500-074,1,Juv,MCAV,MCAV,24
2015,2015,Oct,10/8/2015,SEFL,Inner,BC4,BC44,BC44-500-074,1,Juv,SMIC,SMIC,22
2015,2015,Oct,10/8/2015,SEFL,Inner,BC4,BC44,BC44-500-074,1,Juv,SMIC,SMIC,31
2015,2015,Oct,10/8/2015,SEFL,Inner,BC4,BC44,BC44-500-112,1,Juv,PAST,PORI,21
2015,2015,Oct,10/8/2015,SEFL,Inner,BC4,BC44,BC44-500-147,1,Juv,PAST,PORI,4
2015,2015,Oct,10/8/2015,SEFL,Inner,BC4,BC44,BC44-500-170,1,Juv,DSTO,DSTO,38
2015,2015,Oct,10/8/2015,SEFL,Inner,BC4,BC44,BC44-500-170,1,Juv,PAST,PORI,2
2015,2015,Oct,10/8/2015,SEFL,Inner,BC4,BC44,BC44-500-170,1,Juv,SSID,SIDE,4
2015,2015,Oct,10/8/2015,SEFL,Inner,BC4,BC44,BC44-500-170,1,Juv,SSID,SIDE,3
2015,2015,Oct,10/8/2015,SEFL,Inner,BC4,BC44,BC44-500-170,1,Juv,SSID,SIDE,11
2015,2015,Oct,10/13/2015,SEFL,Inner,DC1,DC11,DC11-100-048,1,Juv,AAGA,AGAR,36
2015,2015,Oct,10/13/2015,SEFL,Inner,DC1,DC11,DC11-100-048,1,Juv,SSID,SIDE,19
2015,2015,Oct,10/13/2015,SEFL,Inner,DC1,DC11,DC11-100-059,1,Juv,DSTR,DIPL,32
2015,2015,Oct,10/13/2015,SEFL,Inner,DC1,DC11,DC11-100-059,1,Juv,SSID,SIDE,11
2015,2015,Oct,10/13/2015,SEFL,Inner,DC1,DC11,DC11-100-059,1,Juv,SIDE,SIDE,17
2015,2015,Oct,10/13/2015,SEFL,Inner,DC1,DC11,DC11-100-059,1,Juv,SIDE,SIDE,12
2015,2015,Oct,10/13/2015,SEFL,Inner,DC1,DC11,DC11-100-082,0,NA,NA,NA,NA
2015,2015,Oct,10/13/2015,SEFL,Inner,DC1,DC11,DC11-100-171,1,Juv,MCAV,MCAV,4
2015,2015,Oct,10/13/2015,SEFL,Inner,DC1,DC11,DC11-100-171,1,Juv,PORI,PORI,21
2015,2015,Oct,10/13/2015,SEFL,Inner,DC1,DC11,DC11-500-045,1,Juv,SSID,SIDE,7
2015,2015,Oct,10/13/2015,SEFL,Inner,DC1,DC11,DC11-500-106,1,Juv,AGAR,AGAR,16
2015,2015,Oct,10/13/2015,SEFL,Inner,DC1,DC11,DC11-500-138,1,Juv,SIDE,SIDE,20
2015,2015,Oct,10/13/2015,SEFL,Inner,DC1,DC11,DC11-500-204,0,NA,NA,NA,NA
2015,2015,Oct,10/13/2015,SEFL,Inner,DC1,DC12,DC12-100-027,1,Juv,SSID,SIDE,14
2015,2015,Oct,10/13/2015,SEFL,Inner,DC1,DC12,DC12-100-087,1,Juv,SSID,SIDE,13
2015,2015,Oct,10/13/2015,SEFL,Inner,DC1,DC12,DC12-100-166,1,Juv,PAST,PORI,18
2015,2015,Oct,10/13/2015,SEFL,Inner,DC1,DC12,DC12-100-211,1,Juv,SSID,SIDE,2
2015,2015,Oct,10/13/2015,SEFL,Inner,DC1,DC12,DC12-100-211,1,Juv,SSID,SIDE,4
2015,2015,Oct,10/13/2015,SEFL,Inner,DC1,DC12,DC12-100-211,1,Juv,SSID,SIDE,13
2015,2015,Oct,10/13/2015,SEFL,Inner,DC1,DC12,DC12-100-211,1,Juv,SSID,SIDE,17
2015,2015,Oct,10/13/2015,SEFL,Inner,DC1,DC12,DC12-100-211,1,Juv,SSID,SIDE,22
2015,2015,Oct,10/13/2015,SEFL,Inner,DC1,DC12,DC12-500-042,0,NA,NA,NA,NA
2015,2015,Oct,10/13/2015,SEFL,Inner,DC1,DC12,DC12-500-071,1,Juv,PAST,PORI,24
2015,2015,Oct,10/13/2015,SEFL,Inner,DC1,DC12,DC12-500-071,1,Juv,SSID,SIDE,6
2015,2015,Oct,10/13/2015,SEFL,Inner,DC1,DC12,DC12-500-166,1,Juv,SSID,SIDE,8
2015,2015,Oct,10/13/2015,SEFL,Inner,DC1,DC12,DC12-500-166,1,Juv,SSID,SIDE,9
2015,2015,Oct,10/13/2015,SEFL,Inner,DC1,DC12,DC12-500-192,1,Juv,DSTO,DSTO,10
2015,2015,Oct,10/13/2015,SEFL,Inner,DC1,DC13,DC13-100-083,1,Juv,SSID,SIDE,22
2015,2015,Oct,10/13/2015,SEFL,Inner,DC1,DC13,DC13-100-091,1,Juv,AAGA,AGAR,22
2015,2015,Oct,10/13/2015,SEFL,Inner,DC1,DC13,DC13-100-091,1,Juv,AAGA,AGAR,16
2015,2015,Oct,10/13/2015,SEFL,Inner,DC1,DC13,DC13-100-091,1,Juv,SSID,SIDE,3
2015,2015,Oct,10/13/2015,SEFL,Inner,DC1,DC13,DC13-100-091,1,Juv,SSID,SIDE,4
2015,2015,Oct,10/13/2015,SEFL,Inner,DC1,DC13,DC13-100-091,1,Juv,SMIC,SMIC,12
2015,2015,Oct,10/13/2015,SEFL,Inner,DC1,DC13,DC13-100-158,0,NA,NA,NA,NA
2015,2015,Oct,10/13/2015,SEFL,Inner,DC1,DC13,DC13-100-186,1,Juv,MCAV,MCAV,4
2015,2015,Oct,10/13/2015,SEFL,Inner,DC1,DC13,DC13-100-186,1,Juv,MCAV,MCAV,10
2015,2015,Oct,10/13/2015,SEFL,Inner,DC1,DC13,DC13-100-186,1,Juv,PAST,PORI,7
2015,2015,Oct,10/13/2015,SEFL,Inner,DC1,DC13,DC13-500-036,1,Juv,PAST,PORI,30
2015,2015,Oct,10/13/2015,SEFL,Inner,DC1,DC13,DC13-500-036,1,Juv,PAST,PORI,10
2015,2015,Oct,10/13/2015,SEFL,Inner,DC1,DC13,DC13-500-092,1,Juv,PAST,PORI,31
2015,2015,Oct,10/13/2015,SEFL,Inner,DC1,DC13,DC13-500-092,1,Juv,PAST,PORI,38
2015,2015,Oct,10/13/2015,SEFL,Inner,DC1,DC13,DC13-500-092,1,Juv,PAST,PORI,4
2015,2015,Oct,10/13/2015,SEFL,Inner,DC1,DC13,DC13-500-128,0,NA,NA,NA,NA
2015,2015,Oct,10/13/2015,SEFL,Inner,DC1,DC13,DC13-500-192,1,Juv,DSTO,DSTO,10
2015,2015,Oct,10/13/2015,SEFL,Inner,DC1,DC13,DC13-500-192,1,Juv,PAST,PORI,7
2015,2015,Oct,10/13/2015,SEFL,Inner,DC1,DC13,DC13-500-192,1,Juv,PAST,PORI,18
2015,2015,Oct,10/13/2015,SEFL,Inner,DC1,DC13,DC13-500-192,1,Juv,PAST,PORI,11
2015,2015,Oct,10/13/2015,SEFL,Inner,DC1,DC13,DC13-500-192,1,Juv,SSID,SIDE,15
2015,2015,Oct,10/13/2015,SEFL,Inner,DC1,DC14,DC14-100-036,1,Juv,SSID,SIDE,8
2015,2015,Oct,10/13/2015,SEFL,Inner,DC1,DC14,DC14-100-081,0,NA,NA,NA,NA
2015,2015,Oct,10/13/2015,SEFL,Inner,DC1,DC14,DC14-100-144,1,Juv,PAST,PORI,6
2015,2015,Oct,10/13/2015,SEFL,Inner,DC1,DC14,DC14-100-144,1,Juv,SSID,SIDE,20
2015,2015,Oct,10/13/2015,SEFL,Inner,DC1,DC14,DC14-100-184,1,Juv,DSTR,DIPL,30
2015,2015,Oct,10/13/2015,SEFL,Inner,DC1,DC14,DC14-100-184,1,Juv,PAST,PORI,20
2015,2015,Oct,10/13/2015,SEFL,Inner,DC1,DC14,DC14-100-184,1,Juv,PAST,PORI,9
2015,2015,Oct,10/13/2015,SEFL,Inner,DC1,DC14,DC14-100-184,1,Juv,PAST,PORI,25
2015,2015,Oct,10/13/2015,SEFL,Inner,DC1,DC14,DC14-100-184,1,Juv,PAST,PORI,2
2015,2015,Oct,10/13/2015,SEFL,Inner,DC1,DC14,DC14-500-022,1,Juv,DSTO,DSTO,15
2015,2015,Oct,10/13/2015,SEFL,Inner,DC1,DC14,DC14-500-101,1,Juv,PAST,PORI,14
2015,2015,Oct,10/13/2015,SEFL,Inner,DC1,DC14,DC14-500-178,1,Juv,SSID,SIDE,38
2015,2015,Oct,10/13/2015,SEFL,Inner,DC1,DC14,DC14-500-205,1,Juv,AAGA,AGAR,15
2015,2015,Oct,10/13/2015,SEFL,Inner,DC1,DC14,DC14-500-205,1,Juv,DSTR,DIPL,19
2015,2015,Oct,10/13/2015,SEFL,Inner,DC1,DC14,DC14-500-205,1,Juv,DSTO,DSTO,12
2015,2015,Oct,10/13/2015,SEFL,Inner,DC1,DC14,DC14-500-205,1,Juv,PAST,PORI,4
2015,2015,Oct,10/13/2015,SEFL,Inner,DC1,DC14,DC14-500-205,1,Juv,SSID,SIDE,17
2015,2015,Oct,10/13/2015,SEFL,Middle,DC2,DC21,DC21-100-020,0,NA,NA,NA,NA
2015,2015,Oct,10/13/2015,SEFL,Middle,DC2,DC21,DC21-100-087,1,Juv,SSID,SIDE,14
2015,2015,Oct,10/13/2015,SEFL,Middle,DC2,DC21,DC21-100-122,1,Juv,EFAS,EFAS,34
2015,2015,Oct,10/13/2015,SEFL,Middle,DC2,DC21,DC21-100-122,1,Juv,MCAV,MCAV,7
2015,2015,Oct,10/13/2015,SEFL,Middle,DC2,DC21,DC21-100-122,1,Juv,MCAV,MCAV,6
2015,2015,Oct,10/13/2015,SEFL,Middle,DC2,DC21,DC21-100-122,1,Juv,MMEA,MMEA,34
2015,2015,Oct,10/13/2015,SEFL,Middle,DC2,DC21,DC21-100-122,1,Juv,SSID,SIDE,36
2015,2015,Oct,10/13/2015,SEFL,Middle,DC2,DC21,DC21-100-170,1,Juv,MCAV,MCAV,5
2015,2015,Oct,10/13/2015,SEFL,Middle,DC2,DC21,DC21-100-170,1,Juv,SCUB,MUSS,15
2015,2015,Oct,10/13/2015,SEFL,Middle,DC2,DC21,DC21-100-170,1,Juv,SSID,SIDE,9
2015,2015,Oct,10/13/2015,SEFL,Middle,DC2,DC21,DC21-500-036,1,Juv,SMIC,SMIC,3
2015,2015,Oct,10/13/2015,SEFL,Middle,DC2,DC21,DC21-500-036,1,Juv,SMIC,SMIC,29
2015,2015,Oct,10/13/2015,SEFL,Middle,DC2,DC21,DC21-500-066,1,Juv,MCAV,MCAV,5
2015,2015,Oct,10/13/2015,SEFL,Middle,DC2,DC21,DC21-500-066,1,Juv,SSID,SIDE,4
2015,2015,Oct,10/13/2015,SEFL,Middle,DC2,DC21,DC21-500-084,1,Juv,LCUC,AGAR,35
2015,2015,Oct,10/13/2015,SEFL,Middle,DC2,DC21,DC21-500-084,1,Juv,SSID,SIDE,19
2015,2015,Oct,10/13/2015,SEFL,Middle,DC2,DC21,DC21-500-106,1,Juv,MCAV,MCAV,9
2015,2015,Oct,10/13/2015,SEFL,Middle,DC2,DC22,DC22-100-040,0,NA,NA,NA,NA
2015,2015,Oct,10/13/2015,SEFL,Middle,DC2,DC22,DC22-100-094,0,NA,NA,NA,NA
2015,2015,Oct,10/13/2015,SEFL,Middle,DC2,DC22,DC22-100-157,1,Juv,SMIC,SMIC,27
2015,2015,Oct,10/13/2015,SEFL,Middle,DC2,DC22,DC22-100-193,0,NA,NA,NA,NA
2015,2015,Oct,10/13/2015,SEFL,Middle,DC2,DC22,DC22-500-002,1,Juv,SSID,SIDE,3
2015,2015,Oct,10/13/2015,SEFL,Middle,DC2,DC22,DC22-500-002,1,Juv,SSID,SIDE,3
2015,2015,Oct,10/13/2015,SEFL,Middle,DC2,DC22,DC22-500-002,1,Juv,SSID,SIDE,7
2015,2015,Oct,10/13/2015,SEFL,Middle,DC2,DC22,DC22-500-002,1,Juv,SSID,SIDE,30
2015,2015,Oct,10/13/2015,SEFL,Middle,DC2,DC22,DC22-500-002,1,Juv,SSID,SIDE,5
2015,2015,Oct,10/13/2015,SEFL,Middle,DC2,DC22,DC22-500-002,1,Juv,SMIC,SMIC,21
2015,2015,Oct,10/13/2015,SEFL,Middle,DC2,DC22,DC22-500-002,1,Juv,SMIC,SMIC,13
2015,2015,Oct,10/13/2015,SEFL,Middle,DC2,DC22,DC22-500-078,1,Juv,SMIC,SMIC,24
2015,2015,Oct,10/13/2015,SEFL,Middle,DC2,DC22,DC22-500-109,0,NA,NA,NA,NA
2015,2015,Oct,10/13/2015,SEFL,Middle,DC2,DC22,DC22-500-134,0,NA,NA,NA,NA
2015,2015,Oct,10/13/2015,SEFL,Middle,DC2,DC23,DC23-100-037,1,Juv,AAGA,AGAR,10
2015,2015,Oct,10/13/2015,SEFL,Middle,DC2,DC23,DC23-100-049,1,Juv,SSID,SIDE,39
2015,2015,Oct,10/13/2015,SEFL,Middle,DC2,DC23,DC23-100-049,1,Juv,SSID,SIDE,9
2015,2015,Oct,10/13/2015,SEFL,Middle,DC2,DC23,DC23-100-049,1,Juv,SSID,SIDE,6
2015,2015,Oct,10/13/2015,SEFL,Middle,DC2,DC23,DC23-100-144,1,Juv,MCAV,MCAV,22
2015,2015,Oct,10/13/2015,SEFL,Middle,DC2,DC23,DC23-100-144,1,Juv,SSID,SIDE,35
2015,2015,Oct,10/13/2015,SEFL,Middle,DC2,DC23,DC23-100-169,1,Juv,SSID,SIDE,21
2015,2015,Oct,10/13/2015,SEFL,Middle,DC2,DC23,DC23-500-007,1,Juv,SSID,SIDE,31
2015,2015,Oct,10/13/2015,SEFL,Middle,DC2,DC23,DC23-500-007,1,Juv,SSID,SIDE,23
2015,2015,Oct,10/13/2015,SEFL,Middle,DC2,DC23,DC23-500-034,1,Juv,MCAV,MCAV,17
2015,2015,Oct,10/13/2015,SEFL,Middle,DC2,DC23,DC23-500-125,1,Uns,MCAV,MCAV,10
2015,2015,Oct,10/13/2015,SEFL,Middle,DC2,DC23,DC23-500-125,1,Iso,MCAV,MCAV,8
2015,2015,Oct,10/13/2015,SEFL,Middle,DC2,DC23,DC23-500-125,1,Juv,PAST,PORI,8
2015,2015,Oct,10/13/2015,SEFL,Middle,DC2,DC23,DC23-500-125,1,Juv,SSID,SIDE,16
2015,2015,Oct,10/13/2015,SEFL,Middle,DC2,DC23,DC23-500-172,1,Juv,MCAV,MCAV,25
2015,2015,Oct,10/13/2015,SEFL,Middle,DC2,DC23,DC23-500-172,1,Iso,SSID,SIDE,14
2015,2015,Oct,10/13/2015,SEFL,Middle,DC2,DC23,DC23-500-172,1,Iso,SSID,SIDE,19
2015,2015,Oct,10/13/2015,SEFL,Middle,DC2,DC23,DC23-500-172,1,Iso,SSID,SIDE,13
2015,2015,Oct,10/13/2015,SEFL,Middle,DC2,DC23,DC23-500-172,1,Iso,SSID,SIDE,7
2015,2015,Oct,10/13/2015,SEFL,Middle,DC2,DC23,DC23-500-172,1,Iso,SSID,SIDE,22
2015,2015,Oct,10/13/2015,SEFL,Middle,DC2,DC23,DC23-500-172,1,Iso,SSID,SIDE,5
2015,2015,Oct,10/13/2015,SEFL,Middle,DC2,DC24,DC24-100-067,1,Juv,MUSS,MUSS,8
2015,2015,Oct,10/13/2015,SEFL,Middle,DC2,DC24,DC24-100-089,1,Juv,PAST,PORI,4
2015,2015,Oct,10/13/2015,SEFL,Middle,DC2,DC24,DC24-100-089,1,Juv,SMIC,SMIC,39
2015,2015,Oct,10/13/2015,SEFL,Middle,DC2,DC24,DC24-100-114,0,NA,NA,NA,NA
2015,2015,Oct,10/13/2015,SEFL,Middle,DC2,DC24,DC24-100-191,1,Juv,PAST,PORI,14
2015,2015,Oct,10/13/2015,SEFL,Middle,DC2,DC24,DC24-100-191,1,Juv,SSID,SIDE,9
2015,2015,Oct,10/13/2015,SEFL,Middle,DC2,DC24,DC24-100-191,1,Juv,SMIC,SMIC,28
2015,2015,Oct,10/13/2015,SEFL,Middle,DC2,DC24,DC24-500-045,0,NA,NA,NA,NA
2015,2015,Oct,10/13/2015,SEFL,Middle,DC2,DC24,DC24-500-120,1,Juv,UNKS,UNKS,5
2015,2015,Oct,10/13/2015,SEFL,Middle,DC2,DC24,DC24-500-154,0,NA,NA,NA,NA
2015,2015,Oct,10/13/2015,SEFL,Middle,DC2,DC24,DC24-500-223,1,Juv,MUSS,MUSS,17
2015,2015,Oct,10/13/2015,SEFL,Middle,DC2,DC24,DC24-500-223,1,Juv,MUSS,MUSS,11
2015,2015,Oct,10/13/2015,SEFL,Middle,DC2,DC24,DC24-500-223,1,Juv,SMIC,SMIC,32
2015,2015,Oct,10/15/2015,SEFL,Outer,DC3,DC31,DC31-100-097,0,NA,NA,NA,NA
2015,2015,Oct,10/15/2015,SEFL,Outer,DC3,DC31,DC31-100-116,0,NA,NA,NA,NA
2015,2015,Oct,10/15/2015,SEFL,Outer,DC3,DC31,DC31-100-141,0,NA,NA,NA,NA
2015,2015,Oct,10/15/2015,SEFL,Outer,DC3,DC31,DC31-100-199,1,Juv,SSID,SIDE,31
2015,2015,Oct,10/15/2015,SEFL,Outer,DC3,DC31,DC31-100-199,1,Juv,SSID,SIDE,10
2015,2015,Oct,10/15/2015,SEFL,Outer,DC3,DC31,DC31-500-133,0,NA,NA,NA,NA
2015,2015,Oct,10/15/2015,SEFL,Outer,DC3,DC31,DC31-500-167,0,NA,NA,NA,NA
2015,2015,Oct,10/15/2015,SEFL,Outer,DC3,DC31,DC31-500-198,0,NA,NA,NA,NA
2015,2015,Oct,10/15/2015,SEFL,Outer,DC3,DC31,DC31-500-209,0,NA,NA,NA,NA
2015,2015,Oct,10/15/2015,SEFL,Outer,DC3,DC32,DC32-100-119,0,NA,NA,NA,NA
2015,2015,Oct,10/15/2015,SEFL,Outer,DC3,DC32,DC32-100-131,1,Juv,UNKS,UNKS,6
2015,2015,Oct,10/15/2015,SEFL,Outer,DC3,DC32,DC32-100-170,0,NA,NA,NA,NA
2015,2015,Oct,10/15/2015,SEFL,Outer,DC3,DC32,DC32-100-179,1,Juv,SSID,SIDE,38
2015,2015,Oct,10/15/2015,SEFL,Outer,DC3,DC32,DC32-100-179,1,Iso,SSID,SIDE,8
2015,2015,Oct,10/15/2015,SEFL,Outer,DC3,DC32,DC32-500-119,1,Juv,CNAT,CNAT,17
2015,2015,Oct,10/15/2015,SEFL,Outer,DC3,DC32,DC32-500-119,1,Juv,SSID,SIDE,26
2015,2015,Oct,10/15/2015,SEFL,Outer,DC3,DC32,DC32-500-160,0,NA,NA,NA,NA
2015,2015,Oct,10/15/2015,SEFL,Outer,DC3,DC32,DC32-500-173,0,NA,NA,NA,NA
2015,2015,Oct,10/15/2015,SEFL,Outer,DC3,DC32,DC32-500-208,0,NA,NA,NA,NA
2015,2015,Oct,10/15/2015,SEFL,Outer,DC3,DC33,DC33-100-112,0,NA,NA,NA,NA
2015,2015,Oct,10/15/2015,SEFL,Outer,DC3,DC33,DC33-100-155,0,NA,NA,NA,NA
2015,2015,Oct,10/15/2015,SEFL,Outer,DC3,DC33,DC33-100-181,0,NA,NA,NA,NA
2015,2015,Oct,10/15/2015,SEFL,Outer,DC3,DC33,DC33-100-220,0,NA,NA,NA,NA
2015,2015,Oct,10/15/2015,SEFL,Outer,DC3,DC33,DC33-500-080,1,Juv,MCAV,MCAV,23
2015,2015,Oct,10/15/2015,SEFL,Outer,DC3,DC33,DC33-500-109,0,NA,NA,NA,NA
2015,2015,Oct,10/15/2015,SEFL,Outer,DC3,DC33,DC33-500-130,0,NA,NA,NA,NA
2015,2015,Oct,10/15/2015,SEFL,Outer,DC3,DC33,DC33-500-199,0,NA,NA,NA,NA
2015,2015,Oct,10/15/2015,SEFL,Outer,DC3,DC34,DC34-100-028,0,NA,NA,NA,NA
2015,2015,Oct,10/15/2015,SEFL,Outer,DC3,DC34,DC34-100-050,0,NA,NA,NA,NA
2015,2015,Oct,10/15/2015,SEFL,Outer,DC3,DC34,DC34-100-100,0,NA,NA,NA,NA
2015,2015,Oct,10/15/2015,SEFL,Outer,DC3,DC34,DC34-100-171,1,Juv,SSID,SIDE,20
2015,2015,Oct,10/15/2015,SEFL,Outer,DC3,DC34,DC34-500-099,0,NA,NA,NA,NA
2015,2015,Oct,10/15/2015,SEFL,Outer,DC3,DC34,DC34-500-131,0,NA,NA,NA,NA
2015,2015,Oct,10/15/2015,SEFL,Outer,DC3,DC34,DC34-500-153,0,NA,NA,NA,NA
2015,2015,Oct,10/15/2015,SEFL,Outer,DC3,DC34,DC34-500-174,0,NA,NA,NA,NA
2015,2015,Oct,10/6/2015,SEFL,Outer,DC4,DC41,DC41-100-037,0,NA,NA,NA,NA
2015,2015,Oct,10/6/2015,SEFL,Outer,DC4,DC41,DC41-100-057,1,Juv,SMIC,SMIC,19
2015,2015,Oct,10/6/2015,SEFL,Outer,DC4,DC41,DC41-100-110,1,Juv,SSID,SIDE,12
2015,2015,Oct,10/6/2015,SEFL,Outer,DC4,DC41,DC41-100-168,1,Iso,SMIC,SMIC,38
2015,2015,Oct,10/6/2015,SEFL,Outer,DC4,DC41,DC41-500-027,0,NA,NA,NA,NA
2015,2015,Oct,10/6/2015,SEFL,Outer,DC4,DC41,DC41-500-054,1,Juv,PAST,PORI,27
2015,2015,Oct,10/6/2015,SEFL,Outer,DC4,DC41,DC41-500-054,1,Juv,SMIC,SMIC,5
2015,2015,Oct,10/6/2015,SEFL,Outer,DC4,DC41,DC41-500-054,1,Juv,SMIC,SMIC,4
2015,2015,Oct,10/6/2015,SEFL,Outer,DC4,DC41,DC41-500-083,0,NA,NA,NA,NA
2015,2015,Oct,10/6/2015,SEFL,Outer,DC4,DC41,DC41-500-162,0,NA,NA,NA,NA
2015,2015,Oct,10/6/2015,SEFL,Outer,DC4,DC42,DC42-100-017,1,Juv,MCAV,MCAV,5
2015,2015,Oct,10/6/2015,SEFL,Outer,DC4,DC42,DC42-100-057,0,NA,NA,NA,NA
2015,2015,Oct,10/6/2015,SEFL,Outer,DC4,DC42,DC42-100-139,1,Juv,MCAV,MCAV,13
2015,2015,Oct,10/6/2015,SEFL,Outer,DC4,DC42,DC42-100-139,1,Juv,MCAV,MCAV,13
2015,2015,Oct,10/6/2015,SEFL,Outer,DC4,DC42,DC42-100-139,1,Juv,MMEA,MMEA,27
2015,2015,Oct,10/6/2015,SEFL,Outer,DC4,DC42,DC42-100-139,1,Juv,SSID,SIDE,10
2015,2015,Oct,10/6/2015,SEFL,Outer,DC4,DC42,DC42-100-174,1,Juv,MMEA,MMEA,25
2015,2015,Oct,10/6/2015,SEFL,Outer,DC4,DC42,DC42-500-037,1,Juv,PAST,PORI,10
2015,2015,Oct,10/6/2015,SEFL,Outer,DC4,DC42,DC42-500-100,1,Juv,PAST,PORI,8
2015,2015,Oct,10/6/2015,SEFL,Outer,DC4,DC42,DC42-500-100,1,Juv,SMIC,SMIC,34
2015,2015,Oct,10/6/2015,SEFL,Outer,DC4,DC42,DC42-500-133,0,NA,NA,NA,NA
2015,2015,Oct,10/6/2015,SEFL,Outer,DC4,DC42,DC42-500-186,1,Juv,SSID,SIDE,18
2015,2015,Oct,10/6/2015,SEFL,Outer,DC4,DC43,DC43-100-024,1,Juv,MCAV,MCAV,18
2015,2015,Oct,10/6/2015,SEFL,Outer,DC4,DC43,DC43-100-055,0,NA,NA,NA,NA
2015,2015,Oct,10/6/2015,SEFL,Outer,DC4,DC43,DC43-100-123,1,Juv,MUSS,MUSS,24
2015,2015,Oct,10/6/2015,SEFL,Outer,DC4,DC43,DC43-100-160,1,Juv,SMIC,SMIC,36
2015,2015,Oct,10/6/2015,SEFL,Outer,DC4,DC43,DC43-500-045,0,NA,NA,NA,NA
2015,2015,Oct,10/6/2015,SEFL,Outer,DC4,DC43,DC43-500-075,0,NA,NA,NA,NA
2015,2015,Oct,10/6/2015,SEFL,Outer,DC4,DC43,DC43-500-099,0,NA,NA,NA,NA
2015,2015,Oct,10/6/2015,SEFL,Outer,DC4,DC43,DC43-500-134,0,NA,NA,NA,NA
2015,2015,Oct,10/6/2015,SEFL,Outer,DC4,DC44,DC44-100-024,0,NA,NA,NA,NA
2015,2015,Oct,10/6/2015,SEFL,Outer,DC4,DC44,DC44-100-062,1,Juv,SSID,SIDE,25
2015,2015,Oct,10/6/2015,SEFL,Outer,DC4,DC44,DC44-100-062,1,Juv,SMIC,SMIC,8
2015,2015,Oct,10/6/2015,SEFL,Outer,DC4,DC44,DC44-100-122,0,NA,NA,NA,NA
2015,2015,Oct,10/6/2015,SEFL,Outer,DC4,DC44,DC44-100-157,1,Juv,MCAV,MCAV,26
2015,2015,Oct,10/6/2015,SEFL,Outer,DC4,DC44,DC44-100-157,1,Juv,SSID,SIDE,7
2015,2015,Oct,10/6/2015,SEFL,Outer,DC4,DC44,DC44-500-018,0,NA,NA,NA,NA
2015,2015,Oct,10/6/2015,SEFL,Outer,DC4,DC44,DC44-500-051,0,NA,NA,NA,NA
2015,2015,Oct,10/6/2015,SEFL,Outer,DC4,DC44,DC44-500-117,1,Juv,MCAV,MCAV,20
2015,2015,Oct,10/6/2015,SEFL,Outer,DC4,DC44,DC44-500-158,0,NA,NA,NA,NA
2015,2015,Oct,10/7/2015,SEFL,Inner,DC5,DC51,DC51-100-013,1,Juv,AAGA,AGAR,32
2015,2015,Oct,10/7/2015,SEFL,Inner,DC5,DC51,DC51-100-057,1,Juv,MCAV,MCAV,14
2015,2015,Oct,10/7/2015,SEFL,Inner,DC5,DC51,DC51-100-057,1,Juv,MUSS,MUSS,24
2015,2015,Oct,10/7/2015,SEFL,Inner,DC5,DC51,DC51-100-057,1,Juv,PAST,PORI,14
2015,2015,Oct,10/7/2015,SEFL,Inner,DC5,DC51,DC51-100-057,1,Juv,PAST,PORI,17
2015,2015,Oct,10/7/2015,SEFL,Inner,DC5,DC51,DC51-100-076,1,Juv,PAST,PORI,30
2015,2015,Oct,10/7/2015,SEFL,Inner,DC5,DC51,DC51-100-076,1,Juv,PORI,PORI,11
2015,2015,Oct,10/7/2015,SEFL,Inner,DC5,DC51,DC51-100-127,1,Juv,MCAV,MCAV,17
2015,2015,Oct,10/7/2015,SEFL,Inner,DC5,DC51,DC51-500-018,1,Juv,PAST,PORI,11
2015,2015,Oct,10/7/2015,SEFL,Inner,DC5,DC51,DC51-500-018,1,Iso,PPOR,PORI,13
2015,2015,Oct,10/7/2015,SEFL,Inner,DC5,DC51,DC51-500-095,0,NA,NA,NA,NA
2015,2015,Oct,10/7/2015,SEFL,Inner,DC5,DC51,DC51-500-145,1,Juv,AAGA,AGAR,15
2015,2015,Oct,10/7/2015,SEFL,Inner,DC5,DC51,DC51-500-165,1,Juv,PAST,PORI,11
2015,2015,Oct,10/7/2015,SEFL,Inner,DC5,DC51,DC51-500-165,1,Iso,SSID,SIDE,7
2015,2015,Oct,10/7/2015,SEFL,Inner,DC5,DC51,DC51-500-165,1,Iso,SSID,SIDE,3
2015,2015,Oct,10/7/2015,SEFL,Inner,DC5,DC51,DC51-500-165,1,Iso,SSID,SIDE,8
2015,2015,Oct,10/7/2015,SEFL,Inner,DC5,DC51,DC51-500-165,1,Iso,SSID,SIDE,10
2015,2015,Oct,10/7/2015,SEFL,Inner,DC5,DC51,DC51-500-165,1,Iso,SSID,SIDE,2
2015,2015,Oct,10/7/2015,SEFL,Inner,DC5,DC51,DC51-500-165,1,Iso,SSID,SIDE,4
2015,2015,Oct,10/7/2015,SEFL,Inner,DC5,DC51,DC51-500-165,1,Iso,SSID,SIDE,3
2015,2015,Oct,10/7/2015,SEFL,Inner,DC5,DC51,DC51-500-165,1,Iso,SSID,SIDE,25
2015,2015,Oct,10/7/2015,SEFL,Inner,DC5,DC51,DC51-500-165,1,Iso,SSID,SIDE,30
2015,2015,Oct,10/7/2015,SEFL,Inner,DC5,DC51,DC51-500-165,1,Iso,SSID,SIDE,30
2015,2015,Oct,10/7/2015,SEFL,Inner,DC5,DC51,DC51-500-165,1,Iso,SSID,SIDE,6
2015,2015,Oct,10/7/2015,SEFL,Inner,DC5,DC51,DC51-500-165,1,Iso,SSID,SIDE,6
2015,2015,Oct,10/7/2015,SEFL,Inner,DC5,DC51,DC51-500-165,1,Juv,SSID,SIDE,6
2015,2015,Oct,10/7/2015,SEFL,Inner,DC5,DC52,DC52-100-059,0,NA,NA,NA,NA
2015,2015,Oct,10/7/2015,SEFL,Inner,DC5,DC52,DC52-100-104,1,Juv,AAGA,AGAR,19
2015,2015,Oct,10/7/2015,SEFL,Inner,DC5,DC52,DC52-100-104,1,Juv,AAGA,AGAR,30
2015,2015,Oct,10/7/2015,SEFL,Inner,DC5,DC52,DC52-100-104,1,Iso,PAST,PORI,27
2015,2015,Oct,10/7/2015,SEFL,Inner,DC5,DC52,DC52-100-104,1,Juv,PAST,PORI,12
2015,2015,Oct,10/7/2015,SEFL,Inner,DC5,DC52,DC52-100-104,1,Juv,PAST,PORI,9
2015,2015,Oct,10/7/2015,SEFL,Inner,DC5,DC52,DC52-100-104,1,Juv,PAST,PORI,17
2015,2015,Oct,10/7/2015,SEFL,Inner,DC5,DC52,DC52-100-104,1,Juv,SRAD,SIDE,24
2015,2015,Oct,10/7/2015,SEFL,Inner,DC5,DC52,DC52-100-104,1,Juv,SSID,SIDE,12
2015,2015,Oct,10/7/2015,SEFL,Inner,DC5,DC52,DC52-100-118,1,Juv,PAST,PORI,14
2015,2015,Oct,10/7/2015,SEFL,Inner,DC5,DC52,DC52-100-118,1,Juv,PPOR,PORI,15
2015,2015,Oct,10/7/2015,SEFL,Inner,DC5,DC52,DC52-100-177,1,Juv,AAGA,AGAR,17
2015,2015,Oct,10/7/2015,SEFL,Inner,DC5,DC52,DC52-500-075,1,Juv,AAGA,AGAR,23
2015,2015,Oct,10/7/2015,SEFL,Inner,DC5,DC52,DC52-500-075,1,Juv,AAGA,AGAR,25
2015,2015,Oct,10/7/2015,SEFL,Inner,DC5,DC52,DC52-500-075,1,Juv,AFRA,AGAR,27
2015,2015,Oct,10/7/2015,SEFL,Inner,DC5,DC52,DC52-500-075,1,Juv,SSID,SIDE,29
2015,2015,Oct,10/7/2015,SEFL,Inner,DC5,DC52,DC52-500-104,1,Juv,AAGA,AGAR,32
2015,2015,Oct,10/7/2015,SEFL,Inner,DC5,DC52,DC52-500-104,1,Juv,SSID,SIDE,15
2015,2015,Oct,10/7/2015,SEFL,Inner,DC5,DC52,DC52-500-140,1,Juv,SSID,SIDE,12
2015,2015,Oct,10/7/2015,SEFL,Inner,DC5,DC52,DC52-500-161,1,Juv,AAGA,AGAR,21
2015,2015,Oct,10/7/2015,SEFL,Inner,DC5,DC52,DC52-500-161,1,Juv,AAGA,AGAR,15
2015,2015,Oct,10/7/2015,SEFL,Inner,DC5,DC52,DC52-500-161,1,Juv,AAGA,AGAR,22
2015,2015,Oct,10/7/2015,SEFL,Inner,DC5,DC53,DC53-100-085,0,NA,NA,NA,NA
2015,2015,Oct,10/7/2015,SEFL,Inner,DC5,DC53,DC53-100-114,1,Juv,AAGA,AGAR,9
2015,2015,Oct,10/7/2015,SEFL,Inner,DC5,DC53,DC53-100-150,1,Juv,PAST,PORI,10
2015,2015,Oct,10/7/2015,SEFL,Inner,DC5,DC53,DC53-100-150,1,Juv,PAST,PORI,19
2015,2015,Oct,10/7/2015,SEFL,Inner,DC5,DC53,DC53-100-183,1,Juv,MCAV,MCAV,7
2015,2015,Oct,10/7/2015,SEFL,Inner,DC5,DC53,DC53-100-183,1,Juv,PPOR,PORI,32
2015,2015,Oct,10/7/2015,SEFL,Inner,DC5,DC53,DC53-100-183,1,Juv,SSID,SSID,7
2015,2015,Oct,10/7/2015,SEFL,Inner,DC5,DC53,DC53-500-004,1,Juv,AAGA,AGAR,30
2015,2015,Oct,10/7/2015,SEFL,Inner,DC5,DC53,DC53-500-004,1,Juv,AAGA,AGAR,26
2015,2015,Oct,10/7/2015,SEFL,Inner,DC5,DC53,DC53-500-004,1,Iso,SSID,SIDE,28
2015,2015,Oct,10/7/2015,SEFL,Inner,DC5,DC53,DC53-500-004,1,Iso,SSID,SIDE,18
2015,2015,Oct,10/7/2015,SEFL,Inner,DC5,DC53,DC53-500-004,1,Iso,SSID,SIDE,17
2015,2015,Oct,10/7/2015,SEFL,Inner,DC5,DC53,DC53-500-004,1,Iso,SSID,SIDE,11
2015,2015,Oct,10/7/2015,SEFL,Inner,DC5,DC53,DC53-500-004,1,Iso,SSID,SIDE,11
2015,2015,Oct,10/7/2015,SEFL,Inner,DC5,DC53,DC53-500-004,1,Iso,SSID,SIDE,8
2015,2015,Oct,10/7/2015,SEFL,Inner,DC5,DC53,DC53-500-004,1,Iso,SSID,SIDE,7
2015,2015,Oct,10/7/2015,SEFL,Inner,DC5,DC53,DC53-500-004,1,Iso,SSID,SIDE,7
2015,2015,Oct,10/7/2015,SEFL,Inner,DC5,DC53,DC53-500-004,1,Iso,SSID,SIDE,7
2015,2015,Oct,10/7/2015,SEFL,Inner,DC5,DC53,DC53-500-004,1,Iso,SSID,SIDE,6
2015,2015,Oct,10/7/2015,SEFL,Inner,DC5,DC53,DC53-500-004,1,Iso,SSID,SIDE,6
2015,2015,Oct,10/7/2015,SEFL,Inner,DC5,DC53,DC53-500-004,1,Iso,SSID,SIDE,5
2015,2015,Oct,10/7/2015,SEFL,Inner,DC5,DC53,DC53-500-004,1,Iso,SSID,SIDE,4
2015,2015,Oct,10/7/2015,SEFL,Inner,DC5,DC53,DC53-500-004,1,Iso,SSID,SIDE,4
2015,2015,Oct,10/7/2015,SEFL,Inner,DC5,DC53,DC53-500-004,1,Iso,SSID,SIDE,3
2015,2015,Oct,10/7/2015,SEFL,Inner,DC5,DC53,DC53-500-004,1,Iso,SSID,SIDE,3
2015,2015,Oct,10/7/2015,SEFL,Inner,DC5,DC53,DC53-500-004,1,Juv,SSID,SIDE,12
2015,2015,Oct,10/7/2015,SEFL,Inner,DC5,DC53,DC53-500-084,1,Juv,AAGA,AGAR,34
2015,2015,Oct,10/7/2015,SEFL,Inner,DC5,DC53,DC53-500-084,1,Juv,AAGA,AGAR,16
2015,2015,Oct,10/7/2015,SEFL,Inner,DC5,DC53,DC53-500-084,1,Juv,SSID,SIDE,6
2015,2015,Oct,10/7/2015,SEFL,Inner,DC5,DC53,DC53-500-136,1,Juv,PAST,PORI,23
2015,2015,Oct,10/7/2015,SEFL,Inner,DC5,DC53,DC53-500-178,1,Iso,SMIC,SMIC,8
2015,2015,Oct,10/7/2015,SEFL,Inner,DC5,DC54,DC54-100-077,1,Juv,AAGA,AGAR,18
2015,2015,Oct,10/7/2015,SEFL,Inner,DC5,DC54,DC54-100-077,1,Juv,SSID,SIDE,19
2015,2015,Oct,10/7/2015,SEFL,Inner,DC5,DC54,DC54-100-089,1,Juv,AAGA,AGAR,31
2015,2015,Oct,10/7/2015,SEFL,Inner,DC5,DC54,DC54-100-123,1,Juv,AAGA,AGAR,21
2015,2015,Oct,10/7/2015,SEFL,Inner,DC5,DC54,DC54-100-123,1,Juv,AAGA,AGAR,32
2015,2015,Oct,10/7/2015,SEFL,Inner,DC5,DC54,DC54-100-123,1,Juv,PAST,PORI,3
2015,2015,Oct,10/7/2015,SEFL,Inner,DC5,DC54,DC54-100-138,1,Juv,PAST,PORI,37
2015,2015,Oct,10/7/2015,SEFL,Inner,DC5,DC54,DC54-100-138,1,Juv,PAST,PORI,20
2015,2015,Oct,10/7/2015,SEFL,Inner,DC5,DC54,DC54-100-138,1,Juv,PAST,PORI,12
2015,2015,Oct,10/7/2015,SEFL,Inner,DC5,DC54,DC54-100-138,1,Juv,SSID,SIDE,20
2015,2015,Oct,10/7/2015,SEFL,Inner,DC5,DC54,DC54-500-015,1,Iso,MDEC,MADR,12
2015,2015,Oct,10/7/2015,SEFL,Inner,DC5,DC54,DC54-500-015,1,Iso,MDEC,MADR,11
2015,2015,Oct,10/7/2015,SEFL,Inner,DC5,DC54,DC54-500-015,1,Iso,MDEC,MADR,14
2015,2015,Oct,10/7/2015,SEFL,Inner,DC5,DC54,DC54-500-015,1,Iso,MDEC,MADR,17
2015,2015,Oct,10/7/2015,SEFL,Inner,DC5,DC54,DC54-500-015,1,Juv,PAST,PORI,39
2015,2015,Oct,10/7/2015,SEFL,Inner,DC5,DC54,DC54-500-015,1,Juv,PPOR,PORI,25
2015,2015,Oct,10/7/2015,SEFL,Inner,DC5,DC54,DC54-500-015,1,Juv,SSID,SIDE,15
2015,2015,Oct,10/7/2015,SEFL,Inner,DC5,DC54,DC54-500-046,1,Juv,SSID,SIDE,19
2015,2015,Oct,10/7/2015,SEFL,Inner,DC5,DC54,DC54-500-059,0,NA,NA,NA,NA
2015,2015,Oct,10/7/2015,SEFL,Inner,DC5,DC54,DC54-500-168,1,Juv,AAGA,AGAR,12
2015,2015,Oct,10/12/2015,SEFL,Nearshore,DC6,DC61,DC61-100-065,0,NA,NA,NA,NA
2015,2015,Oct,10/12/2015,SEFL,Nearshore,DC6,DC61,DC61-100-078,0,NA,NA,NA,NA
2015,2015,Oct,10/12/2015,SEFL,Nearshore,DC6,DC61,DC61-100-137,1,Juv,PAST,PORI,33
2015,2015,Oct,10/12/2015,SEFL,Nearshore,DC6,DC61,DC61-100-162,1,Juv,SSID,SIDE,12
2015,2015,Oct,10/12/2015,SEFL,Nearshore,DC6,DC61,DC61-100-162,1,Juv,SSID,SIDE,3
2015,2015,Oct,10/12/2015,SEFL,Nearshore,DC6,DC61,DC61-500-017,0,NA,NA,NA,NA
2015,2015,Oct,10/12/2015,SEFL,Nearshore,DC6,DC61,DC61-500-091,1,Juv,PAST,PORI,7
2015,2015,Oct,10/12/2015,SEFL,Nearshore,DC6,DC61,DC61-500-132,0,NA,NA,NA,NA
2015,2015,Oct,10/12/2015,SEFL,Nearshore,DC6,DC61,DC61-500-184,1,Juv,PAST,PORI,33
2015,2015,Oct,10/12/2015,SEFL,Nearshore,DC6,DC62,DC62-100-052,0,NA,NA,NA,NA
2015,2015,Oct,10/12/2015,SEFL,Nearshore,DC6,DC62,DC62-100-084,1,Juv,PAST,PORI,30
2015,2015,Oct,10/12/2015,SEFL,Nearshore,DC6,DC62,DC62-100-141,1,Juv,SSID,SIDE,3
2015,2015,Oct,10/12/2015,SEFL,Nearshore,DC6,DC62,DC62-100-141,1,Juv,SSID,SIDE,18
2015,2015,Oct,10/12/2015,SEFL,Nearshore,DC6,DC62,DC62-100-163,1,Juv,PAST,PORI,38
2015,2015,Oct,10/12/2015,SEFL,Nearshore,DC6,DC62,DC62-500-082,0,NA,NA,NA,NA
2015,2015,Oct,10/12/2015,SEFL,Nearshore,DC6,DC62,DC62-500-114,0,NA,NA,NA,NA
2015,2015,Oct,10/12/2015,SEFL,Nearshore,DC6,DC62,DC62-500-132,1,Juv,SMIC,SMIC,31
2015,2015,Oct,10/12/2015,SEFL,Nearshore,DC6,DC62,DC62-500-205,1,Juv,PAST,PORI,12
2015,2015,Oct,10/12/2015,SEFL,Nearshore,DC6,DC63,DC63-100-060,1,Juv,PAST,PORI,13
2015,2015,Oct,10/12/2015,SEFL,Nearshore,DC6,DC63,DC63-100-060,1,Juv,SSID,SIDE,18
2015,2015,Oct,10/12/2015,SEFL,Nearshore,DC6,DC63,DC63-100-060,1,Juv,SSID,SIDE,25
2015,2015,Oct,10/12/2015,SEFL,Nearshore,DC6,DC63,DC63-100-060,1,Juv,SSID,SIDE,4
2015,2015,Oct,10/12/2015,SEFL,Nearshore,DC6,DC63,DC63-100-108,1,Juv,PAST,PORI,15
2015,2015,Oct,10/12/2015,SEFL,Nearshore,DC6,DC63,DC63-100-108,1,Juv,SSID,SIDE,17
2015,2015,Oct,10/12/2015,SEFL,Nearshore,DC6,DC63,DC63-100-165,1,Uns,SSID,SIDE,33
2015,2015,Oct,10/12/2015,SEFL,Nearshore,DC6,DC63,DC63-100-165,1,Uns,SSID,SIDE,18
2015,2015,Oct,10/12/2015,SEFL,Nearshore,DC6,DC63,DC63-100-165,1,Uns,SSID,SIDE,14
2015,2015,Oct,10/12/2015,SEFL,Nearshore,DC6,DC63,DC63-100-194,0,NA,NA,NA,NA
2015,2015,Oct,10/12/2015,SEFL,Nearshore,DC6,DC63,DC63-500-046,0,NA,NA,NA,NA
2015,2015,Oct,10/12/2015,SEFL,Nearshore,DC6,DC63,DC63-500-091,1,Iso,PAST,PORI,8
2015,2015,Oct,10/12/2015,SEFL,Nearshore,DC6,DC63,DC63-500-091,1,Iso,PAST,PORI,10
2015,2015,Oct,10/12/2015,SEFL,Nearshore,DC6,DC63,DC63-500-091,1,Iso,PAST,PORI,13
2015,2015,Oct,10/12/2015,SEFL,Nearshore,DC6,DC63,DC63-500-091,1,Iso,PAST,PORI,24
2015,2015,Oct,10/12/2015,SEFL,Nearshore,DC6,DC63,DC63-500-091,1,Iso,PAST,PORI,18
2015,2015,Oct,10/12/2015,SEFL,Nearshore,DC6,DC63,DC63-500-091,1,Iso,PAST,PORI,6
2015,2015,Oct,10/12/2015,SEFL,Nearshore,DC6,DC63,DC63-500-142,1,Iso,PAST,PORI,27
2015,2015,Oct,10/12/2015,SEFL,Nearshore,DC6,DC63,DC63-500-142,1,Juv,PAST,PORI,8
2015,2015,Oct,10/12/2015,SEFL,Nearshore,DC6,DC63,DC63-500-195,1,Juv,SSID,SIDE,14
2015,2015,Oct,10/12/2015,SEFL,Nearshore,DC6,DC64,DC64-100-097,1,Juv,PAST,PORI,39
2015,2015,Oct,10/12/2015,SEFL,Nearshore,DC6,DC64,DC64-100-128,1,Juv,PAST,PORI,30
2015,2015,Oct,10/12/2015,SEFL,Nearshore,DC6,DC64,DC64-100-128,1,Juv,SSID,SIDE,28
2015,2015,Oct,10/12/2015,SEFL,Nearshore,DC6,DC64,DC64-100-176,0,NA,NA,NA,NA
2015,2015,Oct,10/12/2015,SEFL,Nearshore,DC6,DC64,DC64-100-193,1,Juv,PAST,PORI,4
2015,2015,Oct,10/12/2015,SEFL,Nearshore,DC6,DC64,DC64-100-193,1,Juv,PAST,PORI,6
2015,2015,Oct,10/12/2015,SEFL,Nearshore,DC6,DC64,DC64-500-017,0,NA,NA,NA,NA
2015,2015,Oct,10/12/2015,SEFL,Nearshore,DC6,DC64,DC64-500-056,0,NA,NA,NA,NA
2015,2015,Oct,10/12/2015,SEFL,Nearshore,DC6,DC64,DC64-500-091,0,NA,NA,NA,NA
2015,2015,Oct,10/12/2015,SEFL,Nearshore,DC6,DC64,DC64-500-113,0,NA,NA,NA,NA
2015,2015,Oct,10/14/2015,SEFL,Middle,DC7,DC71,DC71-100-043,1,Juv,LCUC,AGAR,18
2015,2015,Oct,10/14/2015,SEFL,Middle,DC7,DC71,DC71-100-085,1,Juv,SSID,SIDE,4
2015,2015,Oct,10/14/2015,SEFL,Middle,DC7,DC71,DC71-100-110,1,Juv,MCAV,MCAV,7
2015,2015,Oct,10/12/2015,SEFL,Middle,DC7,DC71,DC71-100-155,1,Juv,MCAV,MCAV,8
2015,2015,Oct,10/14/2015,SEFL,Middle,DC7,DC71,DC71-500-036,0,NA,NA,NA,NA
2015,2015,Oct,10/14/2015,SEFL,Middle,DC7,DC71,DC71-500-079,1,Juv,MCAV,MCAV,7
2015,2015,Oct,10/14/2015,SEFL,Middle,DC7,DC71,DC71-500-079,1,Juv,MYCE,MUSS,24
2015,2015,Oct,10/14/2015,SEFL,Middle,DC7,DC71,DC71-500-079,1,Juv,SSID,SIDE,7
2015,2015,Oct,10/14/2015,SEFL,Middle,DC7,DC71,DC71-500-079,1,Juv,SSID,SIDE,11
2015,2015,Oct,10/14/2015,SEFL,Middle,DC7,DC71,DC71-500-079,1,Juv,SSID,SIDE,8
2015,2015,Oct,10/14/2015,SEFL,Middle,DC7,DC71,DC71-500-079,1,Juv,SMIC,SMIC,13
2015,2015,Oct,10/14/2015,SEFL,Middle,DC7,DC71,DC71-500-113,1,Juv,MYCE,MUSS,16
2015,2015,Oct,10/12/2015,SEFL,Middle,DC7,DC71,DC71-500-175,0,NA,NA,NA,NA
2015,2015,Oct,10/12/2015,SEFL,Middle,DC7,DC72,DC72-100-044,0,NA,NA,NA,NA
2015,2015,Oct,10/12/2015,SEFL,Middle,DC7,DC72,DC72-100-090,1,Juv,MYCE,MUSS,19
2015,2015,Oct,10/12/2015,SEFL,Middle,DC7,DC72,DC72-100-090,1,Juv,PAST,PORI,8
2015,2015,Oct,10/12/2015,SEFL,Middle,DC7,DC72,DC72-100-090,1,Juv,MCAV,MCAV,4
2015,2015,Oct,10/12/2015,SEFL,Middle,DC7,DC72,DC72-100-128,0,NA,NA,NA,NA
2015,2015,Oct,10/12/2015,SEFL,Middle,DC7,DC72,DC72-100-182,1,Juv,PAST,PORI,5
2015,2015,Oct,10/12/2015,SEFL,Middle,DC7,DC72,DC72-500-036,0,NA,NA,NA,NA
2015,2015,Oct,10/12/2015,SEFL,Middle,DC7,DC72,DC72-500-099,1,Juv,PAST,PORI,12
2015,2015,Oct,10/12/2015,SEFL,Middle,DC7,DC72,DC72-500-153,1,Juv,SSID,SIDE,16
2015,2015,Oct,10/12/2015,SEFL,Middle,DC7,DC72,DC72-500-169,0,NA,NA,NA,NA
2015,2015,Oct,10/12/2015,SEFL,Middle,DC7,DC73,DC73-100-080,1,Juv,AGAR,AGAR,15
2015,2015,Oct,10/12/2015,SEFL,Middle,DC7,DC73,DC73-100-080,1,Juv,SSID,SIDE,35
2015,2015,Oct,10/12/2015,SEFL,Middle,DC7,DC73,DC73-100-080,1,Juv,SSID,SIDE,9
2015,2015,Oct,10/12/2015,SEFL,Middle,DC7,DC73,DC73-100-109,1,Iso,SMIC,SMIC,11
2015,2015,Oct,10/12/2015,SEFL,Middle,DC7,DC73,DC73-100-129,1,Juv,SMIC,SMIC,14
2015,2015,Oct,10/12/2015,SEFL,Middle,DC7,DC73,DC73-100-196,1,Iso,SSID,SIDE,11
2015,2015,Oct,10/12/2015,SEFL,Middle,DC7,DC73,DC73-500-059,1,Juv,SSID,SIDE,10
2015,2015,Oct,10/12/2015,SEFL,Middle,DC7,DC73,DC73-500-059,1,Juv,SMIC,SMIC,39
2015,2015,Oct,10/12/2015,SEFL,Middle,DC7,DC73,DC73-500-083,0,NA,NA,NA,NA
2015,2015,Oct,10/12/2015,SEFL,Middle,DC7,DC73,DC73-500-134,0,NA,NA,NA,NA
2015,2015,Oct,10/12/2015,SEFL,Middle,DC7,DC73,DC73-500-168,1,Juv,SSID,SIDE,10
2015,2015,Oct,10/12/2015,SEFL,Middle,DC7,DC73,DC73-500-168,1,Juv,SSID,SIDE,6
2015,2015,Oct,10/14/2015,SEFL,Middle,DC7,DC74,DC74-100-000,1,Juv,SSID,SIDE,8
2015,2015,Oct,10/14/2015,SEFL,Middle,DC7,DC74,DC74-100-045,0,NA,NA,NA,NA
2015,2015,Oct,10/14/2015,SEFL,Middle,DC7,DC74,DC74-100-156,1,Juv,MCAV,MCAV,24
2015,2015,Oct,10/14/2015,SEFL,Middle,DC7,DC74,DC74-100-156,1,Juv,PAST,PORI,19
2015,2015,Oct,10/14/2015,SEFL,Middle,DC7,DC74,DC74-100-156,1,Juv,PAST,PORI,7
2015,2015,Oct,10/14/2015,SEFL,Middle,DC7,DC74,DC74-100-156,1,Juv,SMIC,SMIC,10
2015,2015,Oct,10/14/2015,SEFL,Middle,DC7,DC74,DC74-100-156,1,Juv,SMIC,SMIC,21
2015,2015,Oct,10/14/2015,SEFL,Middle,DC7,DC74,DC74-100-186,1,Juv,MCAV,MCAV,21
2015,2015,Oct,10/14/2015,SEFL,Middle,DC7,DC74,DC74-100-186,1,Juv,PAST,PORI,7
2015,2015,Oct,10/14/2015,SEFL,Middle,DC7,DC74,DC74-100-186,1,Juv,PAST,PORI,8
2015,2015,Oct,10/14/2015,SEFL,Middle,DC7,DC74,DC74-500-037,1,Juv,MCAV,MCAV,7
2015,2015,Oct,10/14/2015,SEFL,Middle,DC7,DC74,DC74-500-037,1,Juv,SMIC,SMIC,17
2015,2015,Oct,10/14/2015,SEFL,Middle,DC7,DC74,DC74-500-075,1,Juv,SSID,SIDE,30
2015,2015,Oct,10/14/2015,SEFL,Middle,DC7,DC74,DC74-500-136,0,NA,NA,NA,NA
2015,2015,Oct,10/14/2015,SEFL,Middle,DC7,DC74,DC74-500-194,0,NA,NA,NA,NA
2015,2015,Oct,10/9/2015,SEFL,Nearshore,DC8,DC81,DC81-100-002,1,Juv,SSID,SIDE,3
2015,2015,Oct,10/9/2015,SEFL,Nearshore,DC8,DC81,DC81-100-029,1,Juv,SSID,SIDE,32
2015,2015,Oct,10/9/2015,SEFL,Nearshore,DC8,DC81,DC81-100-092,0,NA,NA,NA,NA
2015,2015,Oct,10/9/2015,SEFL,Nearshore,DC8,DC81,DC81-100-128,0,NA,NA,NA,NA
2015,2015,Oct,10/9/2015,SEFL,Nearshore,DC8,DC81,DC81-500-002,1,Juv,DSTO,DSTO,32
2015,2015,Oct,10/9/2015,SEFL,Nearshore,DC8,DC81,DC81-500-097,1,Juv,SSID,SIDE,2
2015,2015,Oct,10/9/2015,SEFL,Nearshore,DC8,DC81,DC81-500-097,1,Juv,SSID,SIDE,21
2015,2015,Oct,10/9/2015,SEFL,Nearshore,DC8,DC81,DC81-500-154,0,NA,NA,NA,NA
2015,2015,Oct,10/9/2015,SEFL,Nearshore,DC8,DC81,DC81-500-186,0,NA,NA,NA,NA
2015,2015,Oct,10/9/2015,SEFL,Nearshore,DC8,DC82,DC82-100-052,0,NA,NA,NA,NA
2015,2015,Oct,10/9/2015,SEFL,Nearshore,DC8,DC82,DC82-100-077,0,NA,NA,NA,NA
2015,2015,Oct,10/9/2015,SEFL,Nearshore,DC8,DC82,DC82-100-108,1,Juv,SSID,SIDE,15
2015,2015,Oct,10/9/2015,SEFL,Nearshore,DC8,DC82,DC82-100-136,0,NA,NA,NA,NA
2015,2015,Oct,10/9/2015,SEFL,Nearshore,DC8,DC82,DC82-100-171,1,Juv,SSID,SIDE,6
2015,2015,Oct,10/9/2015,SEFL,Nearshore,DC8,DC82,DC82-500-004,0,NA,NA,NA,NA
2015,2015,Oct,10/9/2015,SEFL,Nearshore,DC8,DC82,DC82-500-104,1,Juv,SSID,SIDE,8
2015,2015,Oct,10/9/2015,SEFL,Nearshore,DC8,DC82,DC82-500-104,1,Juv,SSID,SIDE,3
2015,2015,Oct,10/9/2015,SEFL,Nearshore,DC8,DC82,DC82-500-141,1,Juv,SMIC,SMIC,34
2015,2015,Oct,10/9/2015,SEFL,Nearshore,DC8,DC83,DC83-100-032,0,NA,NA,NA,NA
2015,2015,Oct,10/9/2015,SEFL,Nearshore,DC8,DC83,DC83-100-106,0,NA,NA,NA,NA
2015,2015,Oct,10/9/2015,SEFL,Nearshore,DC8,DC83,DC83-100-175,0,NA,NA,NA,NA
2015,2015,Oct,10/9/2015,SEFL,Nearshore,DC8,DC83,DC83-100-198,1,Juv,SSID,SIDE,8
2015,2015,Oct,10/9/2015,SEFL,Nearshore,DC8,DC83,DC83-500-019,0,NA,NA,NA,NA
2015,2015,Oct,10/9/2015,SEFL,Nearshore,DC8,DC83,DC83-500-068,1,Juv,SSID,SIDE,3
2015,2015,Oct,10/9/2015,SEFL,Nearshore,DC8,DC83,DC83-500-149,1,Juv,SSID,SIDE,9
2015,2015,Oct,10/9/2015,SEFL,Nearshore,DC8,DC83,DC83-500-149,1,Juv,UNKS,UNKS,4
2015,2015,Oct,10/9/2015,SEFL,Nearshore,DC8,DC83,DC83-500-192,0,NA,NA,NA,NA
2015,2015,Oct,10/9/2015,SEFL,Nearshore,DC8,DC84,DC84-100-022,0,NA,NA,NA,NA
2015,2015,Oct,10/9/2015,SEFL,Nearshore,DC8,DC84,DC84-100-124,0,NA,NA,NA,NA
2015,2015,Oct,10/9/2015,SEFL,Nearshore,DC8,DC84,DC84-100-157,0,NA,NA,NA,NA
2015,2015,Oct,10/9/2015,SEFL,Nearshore,DC8,DC84,DC84-100-208,0,NA,NA,NA,NA
2015,2015,Oct,10/9/2015,SEFL,Nearshore,DC8,DC84,DC84-500-040,0,NA,NA,NA,NA
2015,2015,Oct,10/9/2015,SEFL,Nearshore,DC8,DC84,DC84-500-150,0,NA,NA,NA,NA
2015,2015,Oct,10/9/2015,SEFL,Nearshore,DC8,DC84,DC84-500-176,0,NA,NA,NA,NA
2015,2015,Oct,10/9/2015,SEFL,Nearshore,DC8,DC84,DC84-500-210,0,NA,NA,NA,NA
2016,2016,Aug,8/19/2016,LK,P,Red Dun Reef,261,261-100-010,1,Juv,PAST,PORI,16
2016,2016,Aug,8/19/2016,LK,P,Red Dun Reef,261,261-100-069,1,Iso,SSID,SIDE,22
2016,2016,Aug,8/19/2016,LK,P,Red Dun Reef,261,261-100-069,1,Juv,SSID,SIDE,11
2016,2016,Aug,8/19/2016,LK,P,Red Dun Reef,261,261-100-069,1,Juv,SMIC,SMIC,34
2016,2016,Aug,8/19/2016,LK,P,Red Dun Reef,261,261-100-069,1,Juv,SMIC,SMIC,29
2016,2016,Aug,8/19/2016,LK,P,Red Dun Reef,261,261-100-069,1,Juv,SMIC,SMIC,15
2016,2016,Aug,8/19/2016,LK,P,Red Dun Reef,261,261-100-093,1,Juv,SSID,SIDE,3
2016,2016,Aug,8/19/2016,LK,P,Red Dun Reef,261,261-100-093,1,Juv,SSID,SIDE,1
2016,2016,Aug,8/19/2016,LK,P,Red Dun Reef,261,261-100-093,1,Iso,SMIC,SMIC,8
2016,2016,Aug,8/19/2016,LK,P,Red Dun Reef,261,261-100-093,1,Iso,SMIC,SMIC,12
2016,2016,Aug,8/19/2016,LK,P,Red Dun Reef,261,261-100-197,1,Iso,EFAS,EFAS,34
2016,2016,Aug,8/19/2016,LK,P,Red Dun Reef,261,261-100-197,1,Iso,EFAS,EFAS,11
2016,2016,Aug,8/19/2016,LK,P,Red Dun Reef,261,261-100-197,1,Iso,EFAS,EFAS,26
2016,2016,Aug,8/19/2016,LK,P,Red Dun Reef,261,261-100-197,1,Iso,EFAS,EFAS,12
2016,2016,Aug,8/19/2016,LK,P,Red Dun Reef,261,261-100-197,1,Juv,MCAV,MCAV,5
2016,2016,Aug,8/19/2016,LK,P,Red Dun Reef,261,261-100-197,1,Juv,SSID,SIDE,12
2016,2016,Aug,8/19/2016,LK,P,Red Dun Reef,261,261-500-066,1,Iso,ORBI,ORBI,30
2016,2016,Aug,8/19/2016,LK,P,Red Dun Reef,261,261-500-066,1,Juv,SSID,SIDE,37
2016,2016,Aug,8/19/2016,LK,P,Red Dun Reef,261,261-500-066,1,Juv,SSID,SIDE,29
2016,2016,Aug,8/19/2016,LK,P,Red Dun Reef,261,261-500-066,1,Juv,SSID,SIDE,18
2016,2016,Aug,8/19/2016,LK,P,Red Dun Reef,261,261-500-076,1,Juv,PAST,PORI,5
2016,2016,Aug,8/19/2016,LK,P,Red Dun Reef,261,261-500-076,1,Juv,SSID,SIDE,15
2016,2016,Aug,8/19/2016,LK,P,Red Dun Reef,261,261-500-076,1,Juv,SSID,SIDE,6
2016,2016,Aug,8/19/2016,LK,P,Red Dun Reef,261,261-500-076,1,Juv,SSID,SIDE,13
2016,2016,Aug,8/19/2016,LK,P,Red Dun Reef,261,261-500-076,1,Juv,SSID,SIDE,5
2016,2016,Aug,8/19/2016,LK,P,Red Dun Reef,261,261-500-076,1,Juv,SSID,SIDE,7
2016,2016,Aug,8/19/2016,LK,P,Red Dun Reef,261,261-500-076,1,Juv,SSID,SIDE,29
2016,2016,Aug,8/19/2016,LK,P,Red Dun Reef,261,261-500-076,1,Juv,SSID,SIDE,4
2016,2016,Aug,8/19/2016,LK,P,Red Dun Reef,261,261-500-076,1,Juv,SSID,SIDE,5
2016,2016,Aug,8/19/2016,LK,P,Red Dun Reef,261,261-500-148,1,Juv,SSID,SIDE,20
2016,2016,Aug,8/19/2016,LK,P,Red Dun Reef,261,261-500-148,1,Juv,SSID,SIDE,8
2016,2016,Aug,8/19/2016,LK,P,Red Dun Reef,261,261-500-148,1,Juv,SMIC,SMIC,37
2016,2016,Aug,8/19/2016,LK,P,Red Dun Reef,261,261-500-148,1,Juv,SMIC,SMIC,23
2016,2016,Aug,8/19/2016,LK,P,Red Dun Reef,261,261-500-148,1,Juv,SMIC,SMIC,15
2016,2016,Aug,8/19/2016,LK,P,Red Dun Reef,261,261-500-196,1,Juv,SSID,SIDE,12
2016,2016,Aug,8/19/2016,LK,P,Red Dun Reef,261,261-500-196,1,Juv,SSID,SIDE,10
2016,2016,Aug,8/19/2016,LK,P,Red Dun Reef,261,261-500-196,1,Iso,SMIC,SMIC,10
2016,2016,Aug,8/19/2016,LK,P,Red Dun Reef,261,261-500-196,1,Iso,SMIC,SMIC,13
2016,2016,Aug,8/19/2016,LK,P,Red Dun Reef,261,261-500-196,1,Iso,SMIC,SMIC,7
2016,2016,Aug,8/19/2016,LK,P,Red Dun Reef,261,261-500-196,1,Iso,SMIC,SMIC,6
2016,2016,Aug,8/19/2016,LK,P,Red Dun Reef,261,261-500-196,1,Iso,SMIC,SMIC,3
2016,2016,Aug,8/19/2016,LK,P,Red Dun Reef,261,261-500-196,1,Iso,SMIC,SMIC,3
2016,2016,Aug,8/19/2016,LK,P,Red Dun Reef,261,261-500-196,1,Iso,SMIC,SMIC,5
2016,2016,Aug,8/19/2016,LK,P,Red Dun Reef,261,261-500-196,1,Iso,SMIC,SMIC,4
2016,2016,Aug,8/19/2016,LK,P,Red Dun Reef,261,261-500-196,1,Iso,SMIC,SMIC,27
2016,2016,Aug,8/19/2016,LK,P,Red Dun Reef,261,261-500-196,1,Iso,SMIC,SMIC,3
2016,2016,Aug,8/19/2016,LK,P,Red Dun Reef,261,261-500-196,1,Iso,SMIC,SMIC,3
2016,2016,Aug,8/19/2016,LK,P,Red Dun Reef,261,261-500-196,1,Iso,SMIC,SMIC,4
2016,2016,Aug,8/19/2016,LK,P,Red Dun Reef,261,261-500-196,1,Iso,SMIC,SMIC,8
2016,2016,Aug,8/19/2016,LK,P,Red Dun Reef,261,261-500-196,1,Iso,SMIC,SMIC,9
2016,2016,Aug,8/19/2016,LK,P,Red Dun Reef,261,261-500-196,1,Juv,SMIC,SMIC,28
2016,2016,Aug,8/19/2016,LK,P,Red Dun Reef,262,262-100-006,1,Juv,SSID,SIDE,3
2016,2016,Aug,8/19/2016,LK,P,Red Dun Reef,262,262-100-051,1,Juv,ODIF,OCUL,35
2016,2016,Aug,8/19/2016,LK,P,Red Dun Reef,262,262-100-051,1,Juv,PAME,PAME,29
2016,2016,Aug,8/19/2016,LK,P,Red Dun Reef,262,262-100-051,1,Iso,PAST,PORI,10
2016,2016,Aug,8/19/2016,LK,P,Red Dun Reef,262,262-100-051,1,Juv,PAST,PORI,18
2016,2016,Aug,8/19/2016,LK,P,Red Dun Reef,262,262-100-051,1,Juv,SSID,SIDE,6
2016,2016,Aug,8/19/2016,LK,P,Red Dun Reef,262,262-100-051,1,Juv,SSID,SIDE,8
2016,2016,Aug,8/19/2016,LK,P,Red Dun Reef,262,262-100-051,1,Juv,SSID,SIDE,4
2016,2016,Aug,8/19/2016,LK,P,Red Dun Reef,262,262-100-051,1,Juv,SSID,SIDE,27
2016,2016,Aug,8/19/2016,LK,P,Red Dun Reef,262,262-100-051,1,Juv,SSID,SIDE,37
2016,2016,Aug,8/19/2016,LK,P,Red Dun Reef,262,262-100-051,1,Juv,SSID,SIDE,4
2016,2016,Aug,8/19/2016,LK,P,Red Dun Reef,262,262-100-051,1,Iso,SMIC,SMIC,10
2016,2016,Aug,8/19/2016,LK,P,Red Dun Reef,262,262-100-051,1,Juv,SMIC,SMIC,16
2016,2016,Aug,8/19/2016,LK,P,Red Dun Reef,262,262-100-051,1,Juv,SMIC,SMIC,39
2016,2016,Aug,8/19/2016,LK,P,Red Dun Reef,262,262-100-088,1,Juv,MUSS,MUSS,10
2016,2016,Aug,8/19/2016,LK,P,Red Dun Reef,262,262-100-088,1,Juv,PAST,PORI,31
2016,2016,Aug,8/19/2016,LK,P,Red Dun Reef,262,262-100-088,1,Juv,SSID,SIDE,22
2016,2016,Aug,8/19/2016,LK,P,Red Dun Reef,262,262-100-088,1,Juv,SSID,SIDE,9
2016,2016,Aug,8/19/2016,LK,P,Red Dun Reef,262,262-100-088,1,Juv,SSID,SIDE,24
2016,2016,Aug,8/19/2016,LK,P,Red Dun Reef,262,262-100-088,1,Juv,SSID,SIDE,32
2016,2016,Aug,8/19/2016,LK,P,Red Dun Reef,262,262-100-088,1,Juv,SSID,SIDE,37
2016,2016,Aug,8/19/2016,LK,P,Red Dun Reef,262,262-100-088,1,Juv,SMIC,SMIC,22
2016,2016,Aug,8/19/2016,LK,P,Red Dun Reef,262,262-100-137,1,Juv,SCUB,MUSS,19
2016,2016,Aug,8/19/2016,LK,P,Red Dun Reef,262,262-100-137,1,Iso,SSID,SIDE,16
2016,2016,Aug,8/19/2016,LK,P,Red Dun Reef,262,262-100-137,1,Juv,SSID,SIDE,14
2016,2016,Aug,8/19/2016,LK,P,Red Dun Reef,262,262-100-137,1,Juv,SSID,SIDE,35
2016,2016,Aug,8/19/2016,LK,P,Red Dun Reef,262,262-500-040,1,Juv,CNAT,CNAT,19
2016,2016,Aug,8/19/2016,LK,P,Red Dun Reef,262,262-500-040,1,Juv,MUSS,MUSS,12
2016,2016,Aug,8/19/2016,LK,P,Red Dun Reef,262,262-500-040,1,Juv,MUSS,MUSS,5
2016,2016,Aug,8/19/2016,LK,P,Red Dun Reef,262,262-500-040,1,Juv,PAST,PORI,37
2016,2016,Aug,8/19/2016,LK,P,Red Dun Reef,262,262-500-040,1,Juv,PAST,PORI,16
2016,2016,Aug,8/19/2016,LK,P,Red Dun Reef,262,262-500-040,1,Iso,SSID,SIDE,7
2016,2016,Aug,8/19/2016,LK,P,Red Dun Reef,262,262-500-040,1,Uns,SSID,SIDE,22
2016,2016,Aug,8/19/2016,LK,P,Red Dun Reef,262,262-500-040,1,Iso,SMIC,SMIC,20
2016,2016,Aug,8/19/2016,LK,P,Red Dun Reef,262,262-500-040,1,Iso,SMIC,SMIC,21
2016,2016,Aug,8/19/2016,LK,P,Red Dun Reef,262,262-500-069,1,Juv,PAST,PORI,35
2016,2016,Aug,8/19/2016,LK,P,Red Dun Reef,262,262-500-069,1,Uns,SSID,SIDE,11
2016,2016,Aug,8/19/2016,LK,P,Red Dun Reef,262,262-500-069,1,Uns,SSID,SIDE,13
2016,2016,Aug,8/19/2016,LK,P,Red Dun Reef,262,262-500-069,1,Juv,SSID,SIDE,22
2016,2016,Aug,8/19/2016,LK,P,Red Dun Reef,262,262-500-069,1,Juv,SSID,SIDE,11
2016,2016,Aug,8/19/2016,LK,P,Red Dun Reef,262,262-500-069,1,Juv,SSID,SIDE,24
2016,2016,Aug,8/19/2016,LK,P,Red Dun Reef,262,262-500-069,1,Juv,SSID,SIDE,15
2016,2016,Aug,8/19/2016,LK,P,Red Dun Reef,262,262-500-069,1,Juv,SSID,SIDE,9
2016,2016,Aug,8/19/2016,LK,P,Red Dun Reef,262,262-500-069,1,Juv,SSID,SIDE,2
2016,2016,Aug,8/19/2016,LK,P,Red Dun Reef,262,262-500-069,1,Juv,SSID,SIDE,2
2016,2016,Aug,8/19/2016,LK,P,Red Dun Reef,262,262-500-069,1,Juv,SSID,SIDE,9
2016,2016,Aug,8/19/2016,LK,P,Red Dun Reef,262,262-500-069,1,Juv,SMIC,SMIC,8
2016,2016,Aug,8/19/2016,LK,P,Red Dun Reef,262,262-500-069,1,Juv,UNKS,UNKS,9
2016,2016,Aug,8/19/2016,LK,P,Red Dun Reef,262,262-500-115,1,Juv,EFAS,EFAS,16
2016,2016,Aug,8/19/2016,LK,P,Red Dun Reef,262,262-500-115,1,Juv,SCOL,MUSS,25
2016,2016,Aug,8/19/2016,LK,P,Red Dun Reef,262,262-500-115,1,Juv,SSID,SIDE,22
2016,2016,Aug,8/19/2016,LK,P,Red Dun Reef,262,262-500-115,1,Juv,SSID,SIDE,31
2016,2016,Aug,8/19/2016,LK,P,Red Dun Reef,262,262-500-115,1,Juv,SSID,SIDE,19
2016,2016,Aug,8/19/2016,LK,P,Red Dun Reef,262,262-500-115,1,Juv,SSID,SIDE,7
2016,2016,Aug,8/19/2016,LK,P,Red Dun Reef,262,262-500-115,1,Juv,SSID,SIDE,5
2016,2016,Aug,8/19/2016,LK,P,Red Dun Reef,262,262-500-115,1,Uns,SMIC,SMIC,36
2016,2016,Aug,8/19/2016,LK,P,Red Dun Reef,262,262-500-115,1,Uns,SMIC,SMIC,38
2016,2016,Aug,8/19/2016,LK,P,Red Dun Reef,262,262-500-219,1,Juv,MCAV,MCAV,11
2016,2016,Aug,8/19/2016,LK,P,Red Dun Reef,262,262-500-219,1,Juv,MCAV,MCAV,20
2016,2016,Aug,8/19/2016,LK,P,Red Dun Reef,262,262-500-219,1,Juv,SCUB,MUSS,16
2016,2016,Aug,8/19/2016,LK,P,Red Dun Reef,262,262-500-219,1,Juv,SSID,SIDE,27
2016,2016,Aug,8/19/2016,LK,P,Red Dun Reef,262,262-500-219,1,Juv,SSID,SIDE,9
2016,2016,Aug,8/19/2016,LK,P,Red Dun Reef,262,262-500-219,1,Juv,SSID,SIDE,31
2016,2016,Aug,8/19/2016,LK,P,Red Dun Reef,262,262-500-219,1,Juv,SSID,SIDE,30
2016,2016,Aug,8/19/2016,LK,P,Red Dun Reef,262,262-500-219,1,Juv,SSID,SIDE,32
2016,2016,Aug,8/19/2016,LK,P,Red Dun Reef,262,262-500-219,1,Juv,SMIC,SMIC,24
2016,2016,Aug,8/19/2016,LK,P,Red Dun Reef,262,262-500-219,1,Juv,SMIC,SMIC,25
2016,2016,Aug,8/19/2016,LK,P,Red Dun Reef,262,262-500-219,1,Juv,SMIC,SMIC,38
2016,2016,Aug,8/19/2016,LK,P,Red Dun Reef,263,263-100-000,1,Juv,DSTO,DSTO,9
2016,2016,Aug,8/19/2016,LK,P,Red Dun Reef,263,263-100-000,1,Juv,DSTO,DSTO,2
2016,2016,Aug,8/19/2016,LK,P,Red Dun Reef,263,263-100-000,1,Juv,SSID,SIDE,7
2016,2016,Aug,8/19/2016,LK,P,Red Dun Reef,263,263-100-000,1,Juv,SSID,SIDE,34
2016,2016,Aug,8/19/2016,LK,P,Red Dun Reef,263,263-100-000,1,Juv,SMIC,SMIC,12
2016,2016,Aug,8/19/2016,LK,P,Red Dun Reef,263,263-100-000,1,Juv,SMIC,SMIC,3
2016,2016,Aug,8/19/2016,LK,P,Red Dun Reef,263,263-100-028,1,Juv,DSTO,DSTO,18
2016,2016,Aug,8/19/2016,LK,P,Red Dun Reef,263,263-100-028,1,Uns,SSID,SIDE,22
2016,2016,Aug,8/19/2016,LK,P,Red Dun Reef,263,263-100-028,1,Uns,SSID,SIDE,13
2016,2016,Aug,8/19/2016,LK,P,Red Dun Reef,263,263-100-028,1,Uns,SSID,SIDE,12
2016,2016,Aug,8/19/2016,LK,P,Red Dun Reef,263,263-100-028,1,Uns,SSID,SIDE,34
2016,2016,Aug,8/19/2016,LK,P,Red Dun Reef,263,263-100-028,1,Uns,SSID,SIDE,14
2016,2016,Aug,8/19/2016,LK,P,Red Dun Reef,263,263-100-028,1,Uns,SSID,SIDE,32
2016,2016,Aug,8/19/2016,LK,P,Red Dun Reef,263,263-100-028,1,Uns,SSID,SIDE,24
2016,2016,Aug,8/19/2016,LK,P,Red Dun Reef,263,263-100-028,1,Uns,SSID,SIDE,22
2016,2016,Aug,8/19/2016,LK,P,Red Dun Reef,263,263-100-028,1,Juv,SSID,SIDE,24
2016,2016,Aug,8/19/2016,LK,P,Red Dun Reef,263,263-100-028,1,Juv,SSID,SIDE,37
2016,2016,Aug,8/19/2016,LK,P,Red Dun Reef,263,263-100-028,1,Juv,SSID,SIDE,22
2016,2016,Aug,8/19/2016,LK,P,Red Dun Reef,263,263-100-028,1,Juv,SMIC,SMIC,11
2016,2016,Aug,8/19/2016,LK,P,Red Dun Reef,263,263-100-083,1,Juv,EFAS,EFAS,6
2016,2016,Aug,8/19/2016,LK,P,Red Dun Reef,263,263-100-083,1,Juv,SSID,SIDE,11
2016,2016,Aug,8/19/2016,LK,P,Red Dun Reef,263,263-100-083,1,Juv,SSID,SIDE,18
2016,2016,Aug,8/19/2016,LK,P,Red Dun Reef,263,263-100-083,1,Juv,SSID,SIDE,13
2016,2016,Aug,8/19/2016,LK,P,Red Dun Reef,263,263-100-083,1,Juv,SSID,SIDE,6
2016,2016,Aug,8/19/2016,LK,P,Red Dun Reef,263,263-100-083,1,Juv,SSID,SIDE,14
2016,2016,Aug,8/19/2016,LK,P,Red Dun Reef,263,263-100-083,1,Juv,SSID,SIDE,11
2016,2016,Aug,8/19/2016,LK,P,Red Dun Reef,263,263-100-181,1,Juv,PAME,PAME,10
2016,2016,Aug,8/19/2016,LK,P,Red Dun Reef,263,263-100-181,1,Juv,SSID,SIDE,6
2016,2016,Aug,8/19/2016,LK,P,Red Dun Reef,263,263-100-181,1,Juv,SSID,SIDE,7
2016,2016,Aug,8/19/2016,LK,P,Red Dun Reef,263,263-100-181,1,Juv,SMIC,SMIC,21
2016,2016,Aug,8/19/2016,LK,P,Red Dun Reef,263,263-500-015,1,Iso,ORBI,ORBI,12
2016,2016,Aug,8/19/2016,LK,P,Red Dun Reef,263,263-500-015,1,Juv,SSID,SIDE,9
2016,2016,Aug,8/19/2016,LK,P,Red Dun Reef,263,263-500-015,1,Juv,SMIC,SMIC,11
2016,2016,Aug,8/19/2016,LK,P,Red Dun Reef,263,263-500-118,1,Juv,CNAT,CNAT,18
2016,2016,Aug,8/19/2016,LK,P,Red Dun Reef,263,263-500-118,1,Juv,PAST,PORI,14
2016,2016,Aug,8/19/2016,LK,P,Red Dun Reef,263,263-500-118,1,Juv,PAST,PORI,33
2016,2016,Aug,8/19/2016,LK,P,Red Dun Reef,263,263-500-118,1,Juv,PAST,PORI,25
2016,2016,Aug,8/19/2016,LK,P,Red Dun Reef,263,263-500-118,1,Juv,PAST,PORI,18
2016,2016,Aug,8/19/2016,LK,P,Red Dun Reef,263,263-500-118,1,Juv,PAST,PORI,14
2016,2016,Aug,8/19/2016,LK,P,Red Dun Reef,263,263-500-118,1,Juv,PAST,PORI,12
2016,2016,Aug,8/19/2016,LK,P,Red Dun Reef,263,263-500-118,1,Juv,SSID,SIDE,17
2016,2016,Aug,8/19/2016,LK,P,Red Dun Reef,263,263-500-118,1,Juv,SSID,SIDE,4
2016,2016,Aug,8/19/2016,LK,P,Red Dun Reef,263,263-500-118,1,Juv,SSID,SIDE,11
2016,2016,Aug,8/19/2016,LK,P,Red Dun Reef,263,263-500-118,1,Juv,SSID,SIDE,14
2016,2016,Aug,8/19/2016,LK,P,Red Dun Reef,263,263-500-118,1,Juv,SSID,SIDE,5
2016,2016,Aug,8/19/2016,LK,P,Red Dun Reef,263,263-500-118,1,Juv,SSID,SIDE,6
2016,2016,Aug,8/19/2016,LK,P,Red Dun Reef,263,263-500-118,1,Juv,SSID,SIDE,10
2016,2016,Aug,8/19/2016,LK,P,Red Dun Reef,263,263-500-118,1,Juv,SSID,SIDE,8
2016,2016,Aug,8/19/2016,LK,P,Red Dun Reef,263,263-500-137,1,Juv,MCAV,MCAV,12
2016,2016,Aug,8/19/2016,LK,P,Red Dun Reef,263,263-500-137,1,Juv,MCAV,MCAV,11
2016,2016,Aug,8/19/2016,LK,P,Red Dun Reef,263,263-500-137,1,Juv,MCAV,MCAV,10
2016,2016,Aug,8/19/2016,LK,P,Red Dun Reef,263,263-500-137,1,Juv,MCAV,MCAV,11
2016,2016,Aug,8/19/2016,LK,P,Red Dun Reef,263,263-500-137,1,Juv,PAST,PORI,24
2016,2016,Aug,8/19/2016,LK,P,Red Dun Reef,263,263-500-137,1,Juv,PAST,PORI,17
2016,2016,Aug,8/19/2016,LK,P,Red Dun Reef,263,263-500-137,1,Juv,PAST,PORI,9
2016,2016,Aug,8/19/2016,LK,P,Red Dun Reef,263,263-500-137,1,Juv,PPOR,PORI,30
2016,2016,Aug,8/19/2016,LK,P,Red Dun Reef,263,263-500-137,1,Juv,SSID,SIDE,12
2016,2016,Aug,8/19/2016,LK,P,Red Dun Reef,263,263-500-137,1,Juv,SSID,SIDE,12
2016,2016,Aug,8/19/2016,LK,P,Red Dun Reef,263,263-500-137,1,Juv,SSID,SIDE,8
2016,2016,Aug,8/19/2016,LK,P,Red Dun Reef,263,263-500-158,1,Juv,SSID,SIDE,32
2016,2016,Aug,8/19/2016,LK,P,Red Dun Reef,263,263-500-158,1,Juv,SSID,SIDE,4
2016,2016,Aug,8/19/2016,LK,P,Red Dun Reef,263,263-500-158,1,Juv,SSID,SIDE,3
2016,2016,Aug,8/19/2016,LK,P,Red Dun Reef,263,263-500-158,1,Juv,SSID,SIDE,11
2016,2016,Aug,8/19/2016,LK,P,Red Dun Reef,263,263-500-158,1,Juv,SMIC,SMIC,22
2016,2016,Aug,8/19/2016,LK,P,Red Dun Reef,264,264-100-025,1,Juv,SCUB,MUSS,16
2016,2016,Aug,8/19/2016,LK,P,Red Dun Reef,264,264-100-025,1,Juv,SSID,SIDE,8
2016,2016,Aug,8/19/2016,LK,P,Red Dun Reef,264,264-100-025,1,Juv,SSID,SIDE,2
2016,2016,Aug,8/19/2016,LK,P,Red Dun Reef,264,264-100-025,1,Juv,SSID,SIDE,8
2016,2016,Aug,8/19/2016,LK,P,Red Dun Reef,264,264-100-025,1,Juv,SSID,SIDE,7
2016,2016,Aug,8/19/2016,LK,P,Red Dun Reef,264,264-100-025,1,Juv,SMIC,SMIC,15
2016,2016,Aug,8/19/2016,LK,P,Red Dun Reef,264,264-100-025,1,Juv,SMIC,SMIC,4
2016,2016,Aug,8/19/2016,LK,P,Red Dun Reef,264,264-100-025,1,Juv,SMIC,SMIC,34
2016,2016,Aug,8/19/2016,LK,P,Red Dun Reef,264,264-100-069,1,Juv,DSTO,DSTO,18
2016,2016,Aug,8/19/2016,LK,P,Red Dun Reef,264,264-100-069,1,Juv,SCUB,MUSS,11
2016,2016,Aug,8/19/2016,LK,P,Red Dun Reef,264,264-100-069,1,Juv,SCUB,MUSS,24
2016,2016,Aug,8/19/2016,LK,P,Red Dun Reef,264,264-100-069,1,Juv,SSID,SIDE,39
2016,2016,Aug,8/19/2016,LK,P,Red Dun Reef,264,264-100-069,1,Juv,SSID,SIDE,20
2016,2016,Aug,8/19/2016,LK,P,Red Dun Reef,264,264-100-069,1,Juv,SSID,SIDE,13
2016,2016,Aug,8/19/2016,LK,P,Red Dun Reef,264,264-100-069,1,Juv,SSID,SIDE,24
2016,2016,Aug,8/19/2016,LK,P,Red Dun Reef,264,264-100-069,1,Iso,SMIC,SMIC,29
2016,2016,Aug,8/19/2016,LK,P,Red Dun Reef,264,264-100-069,1,Juv,SMIC,SMIC,26
2016,2016,Aug,8/19/2016,LK,P,Red Dun Reef,264,264-100-069,1,Juv,SMIC,SMIC,28
2016,2016,Aug,8/19/2016,LK,P,Red Dun Reef,264,264-100-091,1,Iso,CNAT,CNAT,25
2016,2016,Aug,8/19/2016,LK,P,Red Dun Reef,264,264-100-091,1,Juv,SSID,SIDE,35
2016,2016,Aug,8/19/2016,LK,P,Red Dun Reef,264,264-100-091,1,Juv,SSID,SIDE,10
2016,2016,Aug,8/19/2016,LK,P,Red Dun Reef,264,264-100-091,1,Juv,SSID,SIDE,7
2016,2016,Aug,8/19/2016,LK,P,Red Dun Reef,264,264-100-091,1,Juv,SSID,SIDE,38
2016,2016,Aug,8/19/2016,LK,P,Red Dun Reef,264,264-100-091,1,Juv,SSID,SIDE,6
2016,2016,Aug,8/19/2016,LK,P,Red Dun Reef,264,264-100-091,1,Juv,SSID,SIDE,17
2016,2016,Aug,8/19/2016,LK,P,Red Dun Reef,264,264-100-091,1,Juv,SSID,SIDE,26
2016,2016,Aug,8/19/2016,LK,P,Red Dun Reef,264,264-100-091,1,Juv,SSID,SIDE,9
2016,2016,Aug,8/19/2016,LK,P,Red Dun Reef,264,264-100-091,1,Juv,SMIC,SMIC,17
2016,2016,Aug,8/19/2016,LK,P,Red Dun Reef,264,264-100-091,1,Juv,SMIC,SMIC,2
2016,2016,Aug,8/19/2016,LK,P,Red Dun Reef,264,264-100-133,1,Juv,SSID,SIDE,36
2016,2016,Aug,8/19/2016,LK,P,Red Dun Reef,264,264-100-133,1,Juv,SMIC,SMIC,18
2016,2016,Aug,8/19/2016,LK,P,Red Dun Reef,264,264-500-016,1,Juv,SSID,SIDE,32
2016,2016,Aug,8/19/2016,LK,P,Red Dun Reef,264,264-500-016,1,Juv,SSID,SIDE,6
2016,2016,Aug,8/19/2016,LK,P,Red Dun Reef,264,264-500-033,1,Juv,MCAV,MCAV,21
2016,2016,Aug,8/19/2016,LK,P,Red Dun Reef,264,264-500-033,1,Juv,SSID,SIDE,14
2016,2016,Aug,8/19/2016,LK,P,Red Dun Reef,264,264-500-147,1,Juv,PAST,PORI,12
2016,2016,Aug,8/19/2016,LK,P,Red Dun Reef,264,264-500-147,1,Juv,SSID,SIDE,30
2016,2016,Aug,8/19/2016,LK,P,Red Dun Reef,264,264-500-147,1,Juv,SSID,SIDE,36
2016,2016,Aug,8/19/2016,LK,P,Red Dun Reef,264,264-500-172,1,Juv,SCUB,MUSS,25
2016,2016,Aug,8/19/2016,LK,P,Red Dun Reef,264,264-500-172,1,Iso,ORBI,ORBI,19
2016,2016,Aug,8/19/2016,LK,P,Red Dun Reef,264,264-500-172,1,Juv,PAST,PORI,7
2016,2016,Aug,8/19/2016,LK,P,Red Dun Reef,264,264-500-172,1,Juv,PAST,PORI,21
2016,2016,Aug,8/19/2016,LK,P,Red Dun Reef,264,264-500-172,1,Juv,SSID,SIDE,30
2016,2016,Aug,8/19/2016,LK,P,Red Dun Reef,264,264-500-172,1,Juv,SSID,SIDE,27
2016,2016,Aug,8/19/2016,LK,P,Red Dun Reef,264,264-500-172,1,Juv,SSID,SIDE,15
2016,2016,Aug,8/19/2016,LK,P,Red Dun Reef,264,264-500-172,1,Juv,SMIC,SMIC,27
2016,2016,Aug,8/19/2016,LK,P,Red Dun Reef,264,264-500-172,1,Juv,SMIC,SMIC,8
2016,2016,Aug,8/19/2016,LK,P,Red Dun Reef,264,264-500-172,1,Juv,SMIC,SMIC,21
2016,2016,Aug,8/19/2016,LK,P,Red Dun Reef,264,264-500-172,1,Juv,UNKS,UNKS,6
2016,2016,Sept,9/15/2016,UK,P,Porter Patch,321,321-100-017,1,Juv,PAST,PORI,16
2016,2016,Sept,9/15/2016,UK,P,Porter Patch,321,321-100-017,1,Juv,SRAD,SIDE,13
2016,2016,Sept,9/15/2016,UK,P,Porter Patch,321,321-100-058,1,Uns,AAGA,AGAR,35
2016,2016,Sept,9/15/2016,UK,P,Porter Patch,321,321-100-058,1,Juv,AAGA,AGAR,39
2016,2016,Sept,9/15/2016,UK,P,Porter Patch,321,321-100-058,1,Iso,PPOR,PORI,37
2016,2016,Sept,9/15/2016,UK,P,Porter Patch,321,321-100-058,1,Juv,SSID,SIDE,18
2016,2016,Sept,9/15/2016,UK,P,Porter Patch,321,321-100-136,1,Juv,PAST,PORI,16
2016,2016,Sept,9/15/2016,UK,P,Porter Patch,321,321-100-136,1,Juv,SRAD,SIDE,19
2016,2016,Sept,9/15/2016,UK,P,Porter Patch,321,321-100-136,1,Juv,SSID,SIDE,12
2016,2016,Sept,9/15/2016,UK,P,Porter Patch,321,321-100-163,1,Juv,PAST,PORI,9
2016,2016,Sept,9/15/2016,UK,P,Porter Patch,321,321-100-163,1,Juv,SSID,SIDE,3
2016,2016,Sept,9/15/2016,UK,P,Porter Patch,321,321-500-024,1,Juv,DSTO,DSTO,14
2016,2016,Sept,9/15/2016,UK,P,Porter Patch,321,321-500-024,1,Juv,SRAD,SIDE,15
2016,2016,Sept,9/15/2016,UK,P,Porter Patch,321,321-500-049,1,Juv,PAST,PORI,37
2016,2016,Sept,9/15/2016,UK,P,Porter Patch,321,321-500-049,1,Iso,PPOR,PORI,24
2016,2016,Sept,9/15/2016,UK,P,Porter Patch,321,321-500-049,1,Juv,SSID,SIDE,3
2016,2016,Sept,9/15/2016,UK,P,Porter Patch,321,321-500-049,1,Uns,SSID,SIDE,10
2016,2016,Sept,9/15/2016,UK,P,Porter Patch,321,321-500-049,1,Uns,SSID,SIDE,8
2016,2016,Sept,9/15/2016,UK,P,Porter Patch,321,321-500-049,1,Uns,SSID,SIDE,5
2016,2016,Sept,9/15/2016,UK,P,Porter Patch,321,321-500-049,1,Uns,SSID,SIDE,9
2016,2016,Sept,9/15/2016,UK,P,Porter Patch,321,321-500-049,1,Uns,SSID,SIDE,4
2016,2016,Sept,9/15/2016,UK,P,Porter Patch,321,321-500-049,1,Uns,SSID,SIDE,7
2016,2016,Sept,9/15/2016,UK,P,Porter Patch,321,321-500-049,1,Juv,SSID,SIDE,9
2016,2016,Sept,9/15/2016,UK,P,Porter Patch,321,321-500-049,1,Juv,SSID,SIDE,27
2016,2016,Sept,9/15/2016,UK,P,Porter Patch,321,321-500-085,0,NA,NA,NA,NA
2016,2016,Sept,9/15/2016,UK,P,Porter Patch,321,321-500-212,1,Juv,DSTO,DSTO,7
2016,2016,Sept,9/15/2016,UK,P,Porter Patch,321,321-500-212,1,Juv,PORI,PORI,9
2016,2016,Sept,9/15/2016,UK,P,Porter Patch,321,321-500-212,1,Juv,PPOR,PORI,17
2016,2016,Sept,9/15/2016,UK,P,Porter Patch,322,322-100-026,1,Juv,DSTO,DSTO,12
2016,2016,Sept,9/15/2016,UK,P,Porter Patch,322,322-100-026,1,Juv,PAST,PORI,10
2016,2016,Sept,9/15/2016,UK,P,Porter Patch,322,322-100-026,1,Iso,PPOR,PORI,18
2016,2016,Sept,9/15/2016,UK,P,Porter Patch,322,322-100-026,1,Iso,PPOR,PORI,12
2016,2016,Sept,9/15/2016,UK,P,Porter Patch,322,322-100-026,1,Iso,PPOR,PORI,8
2016,2016,Sept,9/15/2016,UK,P,Porter Patch,322,322-100-026,1,Iso,PPOR,PORI,18
2016,2016,Sept,9/15/2016,UK,P,Porter Patch,322,322-100-026,1,Iso,PPOR,PORI,19
2016,2016,Sept,9/15/2016,UK,P,Porter Patch,322,322-100-069,1,Juv,PAST,PORI,29
2016,2016,Sept,9/15/2016,UK,P,Porter Patch,322,322-100-069,1,Juv,SRAD,SIDE,12
2016,2016,Sept,9/15/2016,UK,P,Porter Patch,322,322-100-069,1,Iso,SSID,SIDE,22
2016,2016,Sept,9/15/2016,UK,P,Porter Patch,322,322-100-069,1,Juv,SSID,SIDE,13
2016,2016,Sept,9/15/2016,UK,P,Porter Patch,322,322-100-118,1,Juv,DSTO,DSTO,12
2016,2016,Sept,9/15/2016,UK,P,Porter Patch,322,322-100-118,1,Iso,SSID,SIDE,36
2016,2016,Sept,9/15/2016,UK,P,Porter Patch,322,322-100-118,1,Iso,SSID,SIDE,14
2016,2016,Sept,9/15/2016,UK,P,Porter Patch,322,322-100-202,1,Juv,PAST,PORI,23
2016,2016,Sept,9/15/2016,UK,P,Porter Patch,322,322-100-223,1,Juv,SSID,SIDE,5
2016,2016,Sept,9/15/2016,UK,P,Porter Patch,322,322-500-059,1,Iso,PPOR,PORI,14
2016,2016,Sept,9/15/2016,UK,P,Porter Patch,322,322-500-059,1,Iso,PPOR,PORI,13
2016,2016,Sept,9/15/2016,UK,P,Porter Patch,322,322-500-059,1,Iso,PPOR,PORI,16
2016,2016,Sept,9/15/2016,UK,P,Porter Patch,322,322-500-059,1,Juv,PPOR,PORI,12
2016,2016,Sept,9/15/2016,UK,P,Porter Patch,322,322-500-070,1,Juv,PAST,PORI,7
2016,2016,Sept,9/15/2016,UK,P,Porter Patch,322,322-500-070,1,Juv,PAST,PORI,16
2016,2016,Sept,9/15/2016,UK,P,Porter Patch,322,322-500-070,1,Juv,SRAD,SIDE,19
2016,2016,Sept,9/15/2016,UK,P,Porter Patch,322,322-500-070,1,Juv,SSID,SIDE,7
2016,2016,Sept,9/15/2016,UK,P,Porter Patch,322,322-500-070,1,Juv,SSID,SIDE,13
2016,2016,Sept,9/15/2016,UK,P,Porter Patch,322,322-500-091,1,Juv,SSID,SIDE,34
2016,2016,Sept,9/15/2016,UK,P,Porter Patch,323,323-100-021,1,Iso,PAST,PORI,10
2016,2016,Sept,9/15/2016,UK,P,Porter Patch,323,323-100-021,1,Juv,SRAD,SIDE,27
2016,2016,Sept,9/15/2016,UK,P,Porter Patch,323,323-100-021,1,Juv,SSID,SIDE,26
2016,2016,Sept,9/15/2016,UK,P,Porter Patch,323,323-100-072,1,Juv,DSTO,DSTO,12
2016,2016,Sept,9/15/2016,UK,P,Porter Patch,323,323-100-115,0,NA,NA,NA,NA
2016,2016,Sept,9/15/2016,UK,P,Porter Patch,323,323-100-126,1,Juv,SRAD,SIDE,31
2016,2016,Sept,9/15/2016,UK,P,Porter Patch,323,323-100-126,1,Juv,SRAD,SIDE,24
2016,2016,Sept,9/15/2016,UK,P,Porter Patch,323,323-100-223,1,Juv,SSID,SIDE,16
2016,2016,Sept,9/15/2016,UK,P,Porter Patch,323,323-100-223,1,Juv,SSID,SIDE,21
2016,2016,Sept,9/15/2016,UK,P,Porter Patch,323,323-100-223,1,Juv,SSID,SIDE,39
2016,2016,Sept,9/15/2016,UK,P,Porter Patch,323,323-500-064,1,Juv,SSID,SIDE,19
2016,2016,Sept,9/15/2016,UK,P,Porter Patch,323,323-500-144,1,Juv,SRAD,SIDE,26
2016,2016,Sept,9/15/2016,UK,P,Porter Patch,323,323-500-156,0,NA,NA,NA,NA
2016,2016,Sept,9/15/2016,UK,P,Porter Patch,324,324-100-022,1,Juv,PAST,PORI,38
2016,2016,Sept,9/15/2016,UK,P,Porter Patch,324,324-100-022,1,Juv,PAST,PORI,33
2016,2016,Sept,9/15/2016,UK,P,Porter Patch,324,324-100-022,1,Iso,PPOR,PORI,7
2016,2016,Sept,9/15/2016,UK,P,Porter Patch,324,324-100-022,1,Iso,PPOR,PORI,18
2016,2016,Sept,9/15/2016,UK,P,Porter Patch,324,324-100-022,1,Iso,PPOR,PORI,18
2016,2016,Sept,9/15/2016,UK,P,Porter Patch,324,324-100-022,1,Juv,SRAD,SIDE,26
2016,2016,Sept,9/15/2016,UK,P,Porter Patch,324,324-100-022,1,Juv,SSID,SIDE,1
2016,2016,Sept,9/15/2016,UK,P,Porter Patch,324,324-100-046,1,Iso,AAGA,AGAR,11
2016,2016,Sept,9/15/2016,UK,P,Porter Patch,324,324-100-046,1,Iso,AAGA,AGAR,15
2016,2016,Sept,9/15/2016,UK,P,Porter Patch,324,324-100-046,1,Juv,DSTO,DSTO,26
2016,2016,Sept,9/15/2016,UK,P,Porter Patch,324,324-100-046,1,Juv,PAST,PORI,35
2016,2016,Sept,9/15/2016,UK,P,Porter Patch,324,324-100-046,1,Juv,PPOR,PORI,9
2016,2016,Sept,9/15/2016,UK,P,Porter Patch,324,324-100-046,1,Juv,PPOR,PORI,11
2016,2016,Sept,9/15/2016,UK,P,Porter Patch,324,324-100-046,1,Juv,SSID,SIDE,13
2016,2016,Sept,9/15/2016,UK,P,Porter Patch,324,324-100-095,1,Juv,AAGA,AGAR,18
2016,2016,Sept,9/15/2016,UK,P,Porter Patch,324,324-100-095,1,Juv,MCAV,MCAV,29
2016,2016,Sept,9/15/2016,UK,P,Porter Patch,324,324-100-199,1,Juv,AAGA,AGAR,7
2016,2016,Sept,9/15/2016,UK,P,Porter Patch,324,324-100-199,1,Juv,PAST,PORI,28
2016,2016,Sept,9/15/2016,UK,P,Porter Patch,324,324-100-199,1,Juv,PAST,PORI,28
2016,2016,Sept,9/15/2016,UK,P,Porter Patch,324,324-500-036,1,Juv,DSTO,DSTO,20
2016,2016,Sept,9/15/2016,UK,P,Porter Patch,324,324-500-036,1,Juv,PAST,PORI,36
2016,2016,Sept,9/15/2016,UK,P,Porter Patch,324,324-500-036,1,Juv,PPOR,PORI,36
2016,2016,Sept,9/15/2016,UK,P,Porter Patch,324,324-500-036,1,Juv,SSID,SIDE,6
2016,2016,Sept,9/15/2016,UK,P,Porter Patch,324,324-500-064,1,Juv,SSID,SIDE,18
2016,2016,Sept,9/15/2016,UK,P,Porter Patch,324,324-500-064,1,Juv,SSID,SIDE,26
2016,2016,Sept,9/15/2016,UK,P,Porter Patch,324,324-500-158,0,NA,NA,NA,NA
2016,2016,Sept,9/15/2016,UK,P,Porter Patch,324,324-500-209,1,Iso,AAGA,AGAR,9
2016,2016,Sept,9/15/2016,UK,P,Porter Patch,324,324-500-209,1,Iso,AAGA,AGAR,28
2016,2016,Sept,9/14/2016,UK,P,Admiral,331,331-100-098,1,Juv,PAST,PORI,36
2016,2016,Sept,9/14/2016,UK,P,Admiral,331,331-100-139,1,Juv,DSTR,DIPL,26
2016,2016,Sept,9/14/2016,UK,P,Admiral,331,331-100-139,1,Juv,SRAD,SIDE,29
2016,2016,Sept,9/14/2016,UK,P,Admiral,331,331-100-183,1,Juv,DSTO,DSTO,9
2016,2016,Sept,9/14/2016,UK,P,Admiral,331,331-100-183,1,Juv,PAST,PORI,10
2016,2016,Sept,9/14/2016,UK,P,Admiral,331,331-100-183,1,Juv,PAST,PORI,34
2016,2016,Sept,9/14/2016,UK,P,Admiral,331,331-100-183,1,Juv,SSID,SIDE,10
2016,2016,Sept,9/14/2016,UK,P,Admiral,331,331-100-183,1,Juv,SSID,SIDE,14
2016,2016,Sept,9/14/2016,UK,P,Admiral,331,331-500-012,0,NA,NA,NA,NA
2016,2016,Sept,9/14/2016,UK,P,Admiral,331,331-500-033,1,Juv,CNAT,CNAT,26
2016,2016,Sept,9/14/2016,UK,P,Admiral,331,331-500-104,1,Juv,CNAT,CNAT,12
2016,2016,Sept,9/14/2016,UK,P,Admiral,331,331-500-180,0,NA,NA,NA,NA
2016,2016,Sept,9/14/2016,UK,P,Admiral,331,331-500-221,1,Juv,SRAD,SIDE,30
2016,2016,Sept,9/14/2016,UK,P,Admiral,331,331-500-221,1,Juv,SRAD,SIDE,31
2016,2016,Sept,9/14/2016,UK,P,Admiral,332,332-100-024,0,NA,NA,NA,NA
2016,2016,Sept,9/14/2016,UK,P,Admiral,332,332-100-094,0,NA,NA,NA,NA
2016,2016,Sept,9/14/2016,UK,P,Admiral,332,332-100-102,0,NA,NA,NA,NA
2016,2016,Sept,9/14/2016,UK,P,Admiral,332,332-100-177,0,NA,NA,NA,NA
2016,2016,Sept,9/14/2016,UK,P,Admiral,332,332-500-017,0,NA,NA,NA,NA
2016,2016,Sept,9/14/2016,UK,P,Admiral,332,332-500-081,0,NA,NA,NA,NA
2016,2016,Sept,9/14/2016,UK,P,Admiral,332,332-500-094,1,Juv,DSTO,DSTO,8
2016,2016,Sept,9/14/2016,UK,P,Admiral,332,332-500-154,1,Juv,PAST,PORI,27
2016,2016,Sept,9/14/2016,UK,P,Admiral,333,333-100-060,1,Juv,PAST,PORI,12
2016,2016,Sept,9/14/2016,UK,P,Admiral,333,333-100-060,1,Juv,PAST,PORI,31
2016,2016,Sept,9/14/2016,UK,P,Admiral,333,333-100-084,0,NA,NA,NA,NA
2016,2016,Sept,9/14/2016,UK,P,Admiral,333,333-100-091,0,NA,NA,NA,NA
2016,2016,Sept,9/14/2016,UK,P,Admiral,333,333-100-192,0,NA,NA,NA,NA
2016,2016,Sept,9/14/2016,UK,P,Admiral,333,333-500-022,0,NA,NA,NA,NA
2016,2016,Sept,9/14/2016,UK,P,Admiral,333,333-500-111,0,NA,NA,NA,NA
2016,2016,Sept,9/14/2016,UK,P,Admiral,333,333-500-154,1,Juv,PAST,PORI,26
2016,2016,Sept,9/14/2016,UK,P,Admiral,333,333-500-154,1,Juv,SSID,SIDE,7
2016,2016,Sept,9/14/2016,UK,P,Admiral,333,333-500-154,1,Juv,SSID,SIDE,4
2016,2016,Sept,9/14/2016,UK,P,Admiral,333,333-500-154,1,Juv,SSID,SIDE,17
2016,2016,Sept,9/14/2016,UK,P,Admiral,333,333-500-195,0,NA,NA,NA,NA
2016,2016,Sept,9/14/2016,UK,P,Admiral,334,334-100-035,1,Uns,AAGA,AGAR,13
2016,2016,Sept,9/14/2016,UK,P,Admiral,334,334-100-035,1,Uns,AAGA,AGAR,35
2016,2016,Sept,9/14/2016,UK,P,Admiral,334,334-100-035,1,Uns,AAGA,AGAR,21
2016,2016,Sept,9/14/2016,UK,P,Admiral,334,334-100-035,1,Juv,SSID,SIDE,14
2016,2016,Sept,9/14/2016,UK,P,Admiral,334,334-100-035,1,Juv,SSID,SIDE,3
2016,2016,Sept,9/14/2016,UK,P,Admiral,334,334-100-067,1,Juv,SRAD,SIDE,32
2016,2016,Sept,9/14/2016,UK,P,Admiral,334,334-100-067,1,Juv,SRAD,SIDE,8
2016,2016,Sept,9/14/2016,UK,P,Admiral,334,334-100-067,1,Juv,SSID,SIDE,2
2016,2016,Sept,9/14/2016,UK,P,Admiral,334,334-100-067,1,Juv,SSID,SIDE,2
2016,2016,Sept,9/14/2016,UK,P,Admiral,334,334-100-067,1,Juv,SSID,SIDE,1
2016,2016,Sept,9/14/2016,UK,P,Admiral,334,334-100-067,1,Juv,SSID,SIDE,2
2016,2016,Sept,9/14/2016,UK,P,Admiral,334,334-100-067,1,Juv,SSID,SIDE,2
2016,2016,Sept,9/14/2016,UK,P,Admiral,334,334-100-067,1,Juv,SSID,SIDE,2
2016,2016,Sept,9/14/2016,UK,P,Admiral,334,334-100-067,1,Juv,SSID,SIDE,2
2016,2016,Sept,9/14/2016,UK,P,Admiral,334,334-100-067,1,Juv,UNKS,UNKS,3
2016,2016,Sept,9/14/2016,UK,P,Admiral,334,334-100-139,1,Juv,SSID,SIDE,13
2016,2016,Sept,9/14/2016,UK,P,Admiral,334,334-100-194,1,Juv,PAST,PORI,15
2016,2016,Sept,9/14/2016,UK,P,Admiral,334,334-100-194,1,Juv,SSID,SIDE,5
2016,2016,Sept,9/14/2016,UK,P,Admiral,334,334-100-194,1,Juv,SSID,SIDE,5
2016,2016,Sept,9/14/2016,UK,P,Admiral,334,334-100-194,1,Juv,SSID,SIDE,4
2016,2016,Sept,9/14/2016,UK,P,Admiral,334,334-100-194,1,Juv,SSID,SIDE,12
2016,2016,Sept,9/14/2016,UK,P,Admiral,334,334-100-194,1,Juv,SSID,SIDE,6
2016,2016,Sept,9/14/2016,UK,P,Admiral,334,334-500-021,0,NA,NA,NA,NA
2016,2016,Sept,9/14/2016,UK,P,Admiral,334,334-500-067,1,Iso,MCAV,MCAV,15
2016,2016,Sept,9/14/2016,UK,P,Admiral,334,334-500-067,1,Iso,MCAV,MCAV,19
2016,2016,Sept,9/14/2016,UK,P,Admiral,334,334-500-067,1,Juv,SRAD,SIDE,19
2016,2016,Sept,9/14/2016,UK,P,Admiral,334,334-500-067,1,Juv,SSID,SIDE,5
2016,2016,Sept,9/14/2016,UK,P,Admiral,334,334-500-134,1,Juv,SRAD,SIDE,35
2016,2016,Sept,9/14/2016,UK,P,Admiral,334,334-500-134,1,Juv,SSID,SIDE,9
2016,2016,Sept,9/14/2016,UK,P,Admiral,334,334-500-222,1,Juv,SSID,SIDE,17
2016,2016,May,5/14/2016,MK,P,West Turtle Shoal,341,341-100-062,1,Juv,PAST,PORI,29
2016,2016,May,5/14/2016,MK,P,West Turtle Shoal,341,341-100-062,1,Juv,PAST,PORI,10
2016,2016,May,5/14/2016,MK,P,West Turtle Shoal,341,341-100-062,1,Juv,PAST,PORI,11
2016,2016,May,5/14/2016,MK,P,West Turtle Shoal,341,341-100-062,1,Juv,PAST,PORI,8
2016,2016,May,5/14/2016,MK,P,West Turtle Shoal,341,341-100-062,1,Juv,PAST,PORI,3
2016,2016,May,5/14/2016,MK,P,West Turtle Shoal,341,341-100-062,1,Juv,SSID,SIDE,7
2016,2016,May,5/14/2016,MK,P,West Turtle Shoal,341,341-100-096,1,Juv,PAST,PORI,34
2016,2016,May,5/14/2016,MK,P,West Turtle Shoal,341,341-100-096,1,Juv,PPOR,PORI,15
2016,2016,May,5/14/2016,MK,P,West Turtle Shoal,341,341-100-116,1,Juv,AAGA,AGAR,21
2016,2016,May,5/14/2016,MK,P,West Turtle Shoal,341,341-100-116,1,Juv,MCAV,MCAV,19
2016,2016,May,5/14/2016,MK,P,West Turtle Shoal,341,341-100-116,1,Juv,PAST,PORI,38
2016,2016,May,5/14/2016,MK,P,West Turtle Shoal,341,341-100-116,1,Juv,PAST,PORI,38
2016,2016,May,5/14/2016,MK,P,West Turtle Shoal,341,341-100-116,1,Juv,PAST,PORI,14
2016,2016,May,5/14/2016,MK,P,West Turtle Shoal,341,341-100-116,1,Iso,PPOR,PORI,11
2016,2016,May,5/14/2016,MK,P,West Turtle Shoal,341,341-100-116,1,Iso,PPOR,PORI,13
2016,2016,May,5/14/2016,MK,P,West Turtle Shoal,341,341-100-116,1,Juv,SSID,SIDE,38
2016,2016,May,5/14/2016,MK,P,West Turtle Shoal,341,341-100-116,1,Juv,SSID,SIDE,10
2016,2016,May,5/14/2016,MK,P,West Turtle Shoal,341,341-100-116,1,Juv,SSID,SIDE,25
2016,2016,May,5/14/2016,MK,P,West Turtle Shoal,341,341-100-116,1,Juv,SSID,SIDE,16
2016,2016,May,5/14/2016,MK,P,West Turtle Shoal,341,341-100-116,1,Juv,SSID,SIDE,10
2016,2016,May,5/14/2016,MK,P,West Turtle Shoal,341,341-100-116,1,Juv,SSID,SIDE,12
2016,2016,May,5/14/2016,MK,P,West Turtle Shoal,341,341-100-116,1,Juv,SSID,SIDE,22
2016,2016,May,5/14/2016,MK,P,West Turtle Shoal,341,341-100-116,1,Juv,SSID,SIDE,3
2016,2016,May,5/14/2016,MK,P,West Turtle Shoal,341,341-100-116,1,Juv,SMIC,SMIC,32
2016,2016,May,5/14/2016,MK,P,West Turtle Shoal,341,341-100-116,1,Juv,SMIC,SMIC,9
2016,2016,May,5/14/2016,MK,P,West Turtle Shoal,341,341-100-162,1,Juv,PAST,PORI,15
2016,2016,May,5/14/2016,MK,P,West Turtle Shoal,341,341-100-162,1,Juv,PAST,PORI,10
2016,2016,May,5/14/2016,MK,P,West Turtle Shoal,341,341-100-162,1,Juv,PAST,PORI,22
2016,2016,May,5/14/2016,MK,P,West Turtle Shoal,341,341-100-162,1,Juv,PAST,PORI,8
2016,2016,May,5/14/2016,MK,P,West Turtle Shoal,341,341-100-162,1,Juv,PAST,PORI,25
2016,2016,May,5/14/2016,MK,P,West Turtle Shoal,341,341-100-162,1,Juv,PPOR,PORI,32
2016,2016,May,5/14/2016,MK,P,West Turtle Shoal,341,341-100-162,1,Juv,PPOR,PORI,24
2016,2016,May,5/14/2016,MK,P,West Turtle Shoal,341,341-100-162,1,Juv,PPOR,PORI,30
2016,2016,May,5/14/2016,MK,P,West Turtle Shoal,341,341-100-162,1,Juv,PPOR,PORI,14
2016,2016,May,5/14/2016,MK,P,West Turtle Shoal,341,341-100-162,1,Juv,SSID,SIDE,39
2016,2016,May,5/14/2016,MK,P,West Turtle Shoal,341,341-100-162,1,Juv,SSID,SIDE,29
2016,2016,May,5/14/2016,MK,P,West Turtle Shoal,341,341-100-162,1,Juv,SSID,SIDE,33
2016,2016,May,5/14/2016,MK,P,West Turtle Shoal,341,341-500-049,1,Juv,CNAT,CNAT,36
2016,2016,May,5/14/2016,MK,P,West Turtle Shoal,341,341-500-049,1,Juv,PAST,PORI,22
2016,2016,May,5/14/2016,MK,P,West Turtle Shoal,341,341-500-049,1,Juv,PAST,PORI,8
2016,2016,May,5/14/2016,MK,P,West Turtle Shoal,341,341-500-049,1,Iso,SSID,SIDE,30
2016,2016,May,5/14/2016,MK,P,West Turtle Shoal,341,341-500-049,1,Juv,SSID,SIDE,7
2016,2016,May,5/14/2016,MK,P,West Turtle Shoal,341,341-500-049,1,Juv,SSID,SIDE,12
2016,2016,May,5/14/2016,MK,P,West Turtle Shoal,341,341-500-049,1,Juv,SSID,SIDE,11
2016,2016,May,5/14/2016,MK,P,West Turtle Shoal,341,341-500-049,1,Juv,UNKS,UNKS,5
2016,2016,May,5/14/2016,MK,P,West Turtle Shoal,341,341-500-078,1,Juv,AAGA,AGAR,27
2016,2016,May,5/14/2016,MK,P,West Turtle Shoal,341,341-500-078,1,Juv,AAGA,AGAR,21
2016,2016,May,5/14/2016,MK,P,West Turtle Shoal,341,341-500-078,1,Iso,SSID,SIDE,11
2016,2016,May,5/14/2016,MK,P,West Turtle Shoal,341,341-500-078,1,Iso,SSID,SIDE,21
2016,2016,May,5/14/2016,MK,P,West Turtle Shoal,341,341-500-088,1,Juv,AAGA,AGAR,24
2016,2016,May,5/14/2016,MK,P,West Turtle Shoal,341,341-500-088,1,Juv,AAGA,AGAR,17
2016,2016,May,5/14/2016,MK,P,West Turtle Shoal,341,341-500-088,1,Juv,MCAV,MCAV,11
2016,2016,May,5/14/2016,MK,P,West Turtle Shoal,341,341-500-088,1,Juv,PAST,PORI,38
2016,2016,May,5/14/2016,MK,P,West Turtle Shoal,341,341-500-088,1,Iso,SSID,SIDE,10
2016,2016,May,5/14/2016,MK,P,West Turtle Shoal,341,341-500-088,1,Iso,SSID,SIDE,8
2016,2016,May,5/14/2016,MK,P,West Turtle Shoal,341,341-500-088,1,Iso,SSID,SIDE,11
2016,2016,May,5/14/2016,MK,P,West Turtle Shoal,341,341-500-088,1,Iso,SSID,SIDE,15
2016,2016,May,5/14/2016,MK,P,West Turtle Shoal,341,341-500-088,1,Iso,SSID,SIDE,11
2016,2016,May,5/14/2016,MK,P,West Turtle Shoal,341,341-500-088,1,Juv,SSID,SIDE,19
2016,2016,May,5/14/2016,MK,P,West Turtle Shoal,341,341-500-088,1,Juv,SSID,SIDE,38
2016,2016,May,5/14/2016,MK,P,West Turtle Shoal,341,341-500-088,1,Iso,SMIC,SMIC,18
2016,2016,May,5/14/2016,MK,P,West Turtle Shoal,341,341-500-088,1,Iso,SMIC,SMIC,8
2016,2016,May,5/14/2016,MK,P,West Turtle Shoal,341,341-500-230,1,Juv,PAST,PORI,28
2016,2016,May,5/14/2016,MK,P,West Turtle Shoal,341,341-500-230,1,Juv,PAST,PORI,30
2016,2016,May,5/14/2016,MK,P,West Turtle Shoal,341,341-500-230,1,Juv,SSID,SIDE,30
2016,2016,May,5/14/2016,MK,P,West Turtle Shoal,341,341-500-230,1,Juv,SSID,SIDE,10
2016,2016,May,5/14/2016,MK,P,West Turtle Shoal,342,342-100-003,1,Juv,AAGA,AGAR,18
2016,2016,May,5/14/2016,MK,P,West Turtle Shoal,342,342-100-003,1,Juv,MCAV,MCAV,24
2016,2016,May,5/14/2016,MK,P,West Turtle Shoal,342,342-100-003,1,Juv,PAST,PORI,24
2016,2016,May,5/14/2016,MK,P,West Turtle Shoal,342,342-100-003,1,Juv,SSID,SIDE,14
2016,2016,May,5/14/2016,MK,P,West Turtle Shoal,342,342-100-003,1,Juv,SMIC,SMIC,12
2016,2016,May,5/14/2016,MK,P,West Turtle Shoal,342,342-100-033,1,Juv,MCAV,MCAV,28
2016,2016,May,5/14/2016,MK,P,West Turtle Shoal,342,342-100-033,1,Juv,PAST,PORI,19
2016,2016,May,5/14/2016,MK,P,West Turtle Shoal,342,342-100-033,1,Juv,PAST,PORI,11
2016,2016,May,5/14/2016,MK,P,West Turtle Shoal,342,342-100-033,1,Juv,PAST,PORI,6
2016,2016,May,5/14/2016,MK,P,West Turtle Shoal,342,342-100-033,1,Juv,SSID,SIDE,14
2016,2016,May,5/14/2016,MK,P,West Turtle Shoal,342,342-100-033,1,Juv,SSID,SIDE,17
2016,2016,May,5/14/2016,MK,P,West Turtle Shoal,342,342-100-156,1,Juv,PPOR,PORI,15
2016,2016,May,5/14/2016,MK,P,West Turtle Shoal,342,342-100-156,1,Juv,PPOR,PORI,23
2016,2016,May,5/14/2016,MK,P,West Turtle Shoal,342,342-100-156,1,Juv,SSID,SIDE,12
2016,2016,May,5/14/2016,MK,P,West Turtle Shoal,342,342-100-199,1,Juv,EFAS,EFAS,18
2016,2016,May,5/14/2016,MK,P,West Turtle Shoal,342,342-100-199,1,Juv,SSID,SIDE,6
2016,2016,May,5/14/2016,MK,P,West Turtle Shoal,342,342-100-199,1,Juv,SSID,SIDE,11
2016,2016,May,5/14/2016,MK,P,West Turtle Shoal,342,342-100-199,1,Juv,SSID,SIDE,17
2016,2016,May,5/14/2016,MK,P,West Turtle Shoal,342,342-500-023,1,Juv,MCAV,MCAV,7
2016,2016,May,5/14/2016,MK,P,West Turtle Shoal,342,342-500-023,1,Iso,PPOR,PORI,5
2016,2016,May,5/14/2016,MK,P,West Turtle Shoal,342,342-500-023,1,Iso,PPOR,PORI,8
2016,2016,May,5/14/2016,MK,P,West Turtle Shoal,342,342-500-023,1,Iso,PPOR,PORI,24
2016,2016,May,5/14/2016,MK,P,West Turtle Shoal,342,342-500-023,1,Iso,PPOR,PORI,13
2016,2016,May,5/14/2016,MK,P,West Turtle Shoal,342,342-500-023,1,Iso,PPOR,PORI,14
2016,2016,May,5/14/2016,MK,P,West Turtle Shoal,342,342-500-023,1,Iso,PPOR,PORI,25
2016,2016,May,5/14/2016,MK,P,West Turtle Shoal,342,342-500-023,1,Iso,PPOR,PORI,28
2016,2016,May,5/14/2016,MK,P,West Turtle Shoal,342,342-500-023,1,Iso,PPOR,PORI,26
2016,2016,May,5/14/2016,MK,P,West Turtle Shoal,342,342-500-023,1,Juv,PPOR,PORI,20
2016,2016,May,5/14/2016,MK,P,West Turtle Shoal,342,342-500-061,1,Juv,PAST,PORI,12
2016,2016,May,5/14/2016,MK,P,West Turtle Shoal,342,342-500-061,1,Juv,PAST,PORI,34
2016,2016,May,5/14/2016,MK,P,West Turtle Shoal,342,342-500-061,1,Juv,PAST,PORI,15
2016,2016,May,5/14/2016,MK,P,West Turtle Shoal,342,342-500-061,1,Iso,SSID,SIDE,7
2016,2016,May,5/14/2016,MK,P,West Turtle Shoal,342,342-500-061,1,Iso,SSID,SIDE,26
2016,2016,May,5/14/2016,MK,P,West Turtle Shoal,342,342-500-061,1,Juv,SSID,SIDE,23
2016,2016,May,5/14/2016,MK,P,West Turtle Shoal,342,342-500-134,1,Juv,PAST,PORI,18
2016,2016,May,5/14/2016,MK,P,West Turtle Shoal,342,342-500-134,1,Juv,PAST,PORI,24
2016,2016,May,5/14/2016,MK,P,West Turtle Shoal,342,342-500-205,1,Juv,MCAV,MCAV,13
2016,2016,May,5/14/2016,MK,P,West Turtle Shoal,342,342-500-205,1,Juv,PAST,PORI,35
2016,2016,May,5/14/2016,MK,P,West Turtle Shoal,342,342-500-205,1,Juv,PAST,PORI,14
2016,2016,May,5/14/2016,MK,P,West Turtle Shoal,342,342-500-205,1,Juv,PPOR,PORI,18
2016,2016,May,5/14/2016,MK,P,West Turtle Shoal,342,342-500-205,1,Iso,SSID,SIDE,28
2016,2016,May,5/14/2016,MK,P,West Turtle Shoal,342,342-500-205,1,Juv,SSID,SIDE,16
2016,2016,May,5/14/2016,MK,P,West Turtle Shoal,342,342-500-205,1,Juv,SSID,SIDE,9
2016,2016,May,5/14/2016,MK,P,West Turtle Shoal,342,342-500-205,1,Juv,SSID,SIDE,9
2016,2016,May,5/14/2016,MK,P,West Turtle Shoal,342,342-500-205,1,Juv,SSID,SIDE,8
2016,2016,May,5/14/2016,MK,P,West Turtle Shoal,342,342-500-205,1,Juv,SSID,SIDE,38
2016,2016,May,5/14/2016,MK,P,West Turtle Shoal,342,342-500-205,1,Juv,SMIC,SMIC,32
2016,2016,May,5/14/2016,MK,P,West Turtle Shoal,342,342-500-205,1,Juv,UNKS,UNKS,3
2016,2016,May,5/14/2016,MK,P,West Turtle Shoal,343,343-100-008,1,Juv,PAST,PORI,13
2016,2016,May,5/14/2016,MK,P,West Turtle Shoal,343,343-100-008,1,Juv,PAST,PORI,8
2016,2016,May,5/14/2016,MK,P,West Turtle Shoal,343,343-100-008,1,Iso,SSID,SIDE,26
2016,2016,May,5/14/2016,MK,P,West Turtle Shoal,343,343-100-008,1,Juv,SSID,SIDE,14
2016,2016,May,5/14/2016,MK,P,West Turtle Shoal,343,343-100-008,1,Iso,SSID,SIDE,6
2016,2016,May,5/14/2016,MK,P,West Turtle Shoal,343,343-100-008,1,Juv,SSID,SIDE,23
2016,2016,May,5/14/2016,MK,P,West Turtle Shoal,343,343-100-008,1,Juv,SSID,SIDE,11
2016,2016,May,5/14/2016,MK,P,West Turtle Shoal,343,343-100-008,1,Juv,SSID,SIDE,2
2016,2016,May,5/14/2016,MK,P,West Turtle Shoal,343,343-100-008,1,Juv,SSID,SIDE,37
2016,2016,May,5/14/2016,MK,P,West Turtle Shoal,343,343-100-008,1,Juv,SSID,SIDE,6
2016,2016,May,5/14/2016,MK,P,West Turtle Shoal,343,343-100-008,1,Juv,SSID,SIDE,35
2016,2016,May,5/14/2016,MK,P,West Turtle Shoal,343,343-100-008,1,Juv,SSID,SIDE,21
2016,2016,May,5/14/2016,MK,P,West Turtle Shoal,343,343-100-008,1,Juv,SSID,SIDE,2
2016,2016,May,5/14/2016,MK,P,West Turtle Shoal,343,343-100-008,1,Juv,SSID,SIDE,12
2016,2016,May,5/14/2016,MK,P,West Turtle Shoal,343,343-100-008,1,Juv,SMIC,SMIC,17
2016,2016,May,5/14/2016,MK,P,West Turtle Shoal,343,343-100-008,1,Juv,UNKS,UNKS,7
2016,2016,May,5/14/2016,MK,P,West Turtle Shoal,343,343-100-023,1,Juv,AAGA,AGAR,35
2016,2016,May,5/14/2016,MK,P,West Turtle Shoal,343,343-100-023,1,Juv,PAST,PORI,20
2016,2016,May,5/14/2016,MK,P,West Turtle Shoal,343,343-100-023,1,Juv,PAST,PORI,39
2016,2016,May,5/14/2016,MK,P,West Turtle Shoal,343,343-100-023,1,Juv,PAST,PORI,14
2016,2016,May,5/14/2016,MK,P,West Turtle Shoal,343,343-100-023,1,Juv,PAST,PORI,16
2016,2016,May,5/14/2016,MK,P,West Turtle Shoal,343,343-100-023,1,Juv,PAST,PORI,16
2016,2016,May,5/14/2016,MK,P,West Turtle Shoal,343,343-100-023,1,Juv,PAST,PORI,9
2016,2016,May,5/14/2016,MK,P,West Turtle Shoal,343,343-100-023,1,Juv,PPOR,PORI,8
2016,2016,May,5/14/2016,MK,P,West Turtle Shoal,343,343-100-023,1,Juv,PPOR,PORI,16
2016,2016,May,5/14/2016,MK,P,West Turtle Shoal,343,343-100-023,1,Juv,SSID,SIDE,27
2016,2016,May,5/14/2016,MK,P,West Turtle Shoal,343,343-100-023,1,Juv,SSID,SIDE,3
2016,2016,May,5/14/2016,MK,P,West Turtle Shoal,343,343-100-023,1,Juv,SSID,SIDE,3
2016,2016,May,5/14/2016,MK,P,West Turtle Shoal,343,343-100-023,1,Juv,SSID,SIDE,1
2016,2016,May,5/14/2016,MK,P,West Turtle Shoal,343,343-100-146,1,Iso,EFAS,EFAS,27
2016,2016,May,5/14/2016,MK,P,West Turtle Shoal,343,343-100-146,1,Juv,PAST,PORI,24
2016,2016,May,5/14/2016,MK,P,West Turtle Shoal,343,343-100-146,1,Juv,PAST,PORI,32
2016,2016,May,5/14/2016,MK,P,West Turtle Shoal,343,343-100-146,1,Juv,PAST,PORI,8
2016,2016,May,5/14/2016,MK,P,West Turtle Shoal,343,343-100-146,1,Juv,PAST,PORI,29
2016,2016,May,5/14/2016,MK,P,West Turtle Shoal,343,343-100-146,1,Juv,SMIC,SMIC,26
2016,2016,May,5/14/2016,MK,P,West Turtle Shoal,343,343-100-193,1,Juv,PAST,PORI,36
2016,2016,May,5/14/2016,MK,P,West Turtle Shoal,343,343-100-193,1,Juv,SRAD,SIDE,27
2016,2016,May,5/14/2016,MK,P,West Turtle Shoal,343,343-500-008,1,Juv,PAST,PORI,31
2016,2016,May,5/14/2016,MK,P,West Turtle Shoal,343,343-500-008,1,Juv,PAST,PORI,13
2016,2016,May,5/14/2016,MK,P,West Turtle Shoal,343,343-500-008,1,Juv,SSID,SIDE,9
2016,2016,May,5/14/2016,MK,P,West Turtle Shoal,343,343-500-045,1,Juv,SCUB,MUSS,20
2016,2016,May,5/14/2016,MK,P,West Turtle Shoal,343,343-500-045,1,Juv,SCUB,MUSS,16
2016,2016,May,5/14/2016,MK,P,West Turtle Shoal,343,343-500-045,1,Juv,PAST,PORI,35
2016,2016,May,5/14/2016,MK,P,West Turtle Shoal,343,343-500-045,1,Juv,PPOR,PORI,28
2016,2016,May,5/14/2016,MK,P,West Turtle Shoal,343,343-500-045,1,Juv,PAST,PORI,15
2016,2016,May,5/14/2016,MK,P,West Turtle Shoal,343,343-500-045,1,Juv,SSID,SIDE,39
2016,2016,May,5/14/2016,MK,P,West Turtle Shoal,343,343-500-045,1,Juv,SSID,SIDE,19
2016,2016,May,5/14/2016,MK,P,West Turtle Shoal,343,343-500-045,1,Juv,SSID,SIDE,20
2016,2016,May,5/14/2016,MK,P,West Turtle Shoal,343,343-500-045,1,Iso,SMIC,SMIC,15
2016,2016,May,5/14/2016,MK,P,West Turtle Shoal,343,343-500-094,1,Juv,AAGA,AGAR,11
2016,2016,May,5/14/2016,MK,P,West Turtle Shoal,343,343-500-094,1,Juv,SCUB,MUSS,34
2016,2016,May,5/14/2016,MK,P,West Turtle Shoal,343,343-500-094,1,Juv,PAST,PORI,29
2016,2016,May,5/14/2016,MK,P,West Turtle Shoal,343,343-500-094,1,Juv,PAST,PORI,7
2016,2016,May,5/14/2016,MK,P,West Turtle Shoal,343,343-500-094,1,Juv,PPOR,PORI,15
2016,2016,May,5/14/2016,MK,P,West Turtle Shoal,343,343-500-094,1,Juv,SSID,SIDE,8
2016,2016,May,5/14/2016,MK,P,West Turtle Shoal,343,343-500-094,1,Juv,UNKS,UNKS,7
2016,2016,May,5/14/2016,MK,P,West Turtle Shoal,343,343-500-201,1,Juv,AAGA,AGAR,18
2016,2016,May,5/14/2016,MK,P,West Turtle Shoal,343,343-500-201,1,Juv,PPOR,PORI,24
2016,2016,May,5/14/2016,MK,P,West Turtle Shoal,344,344-100-060,0,NA,NA,NA,NA
2016,2016,May,5/14/2016,MK,P,West Turtle Shoal,344,344-100-116,1,Juv,PAST,PORI,16
2016,2016,May,5/14/2016,MK,P,West Turtle Shoal,344,344-100-116,1,Juv,SIDE,SIDE,11
2016,2016,May,5/14/2016,MK,P,West Turtle Shoal,344,344-100-116,1,Juv,SSID,SIDE,38
2016,2016,May,5/14/2016,MK,P,West Turtle Shoal,344,344-100-116,1,Juv,SSID,SIDE,7
2016,2016,May,5/14/2016,MK,P,West Turtle Shoal,344,344-100-116,1,Juv,SSID,SIDE,18
2016,2016,May,5/14/2016,MK,P,West Turtle Shoal,344,344-100-116,1,Juv,SSID,SIDE,36
2016,2016,May,5/14/2016,MK,P,West Turtle Shoal,344,344-100-116,1,Juv,SSID,SIDE,39
2016,2016,May,5/14/2016,MK,P,West Turtle Shoal,344,344-100-116,1,Juv,SSID,SIDE,36
2016,2016,May,5/14/2016,MK,P,West Turtle Shoal,344,344-100-116,1,Juv,SSID,SIDE,32
2016,2016,May,5/14/2016,MK,P,West Turtle Shoal,344,344-100-116,1,Juv,SMIC,SMIC,31
2016,2016,May,5/14/2016,MK,P,West Turtle Shoal,344,344-100-132,1,Juv,AAGA,AGAR,20
2016,2016,May,5/14/2016,MK,P,West Turtle Shoal,344,344-100-132,1,Iso,MCAV,MCAV,13
2016,2016,May,5/14/2016,MK,P,West Turtle Shoal,344,344-100-132,1,Iso,MCAV,MCAV,22
2016,2016,May,5/14/2016,MK,P,West Turtle Shoal,344,344-100-132,1,Iso,MCAV,MCAV,16
2016,2016,May,5/14/2016,MK,P,West Turtle Shoal,344,344-100-132,1,Iso,MCAV,MCAV,11
2016,2016,May,5/14/2016,MK,P,West Turtle Shoal,344,344-100-132,1,Juv,SSID,SIDE,15
2016,2016,May,5/14/2016,MK,P,West Turtle Shoal,344,344-100-132,1,Juv,SSID,SIDE,32
2016,2016,May,5/14/2016,MK,P,West Turtle Shoal,344,344-100-132,1,Juv,SMIC,SMIC,33
2016,2016,May,5/14/2016,MK,P,West Turtle Shoal,344,344-100-180,1,Juv,PORI,PORI,9
2016,2016,May,5/14/2016,MK,P,West Turtle Shoal,344,344-500-035,1,Juv,MCAV,MCAV,13
2016,2016,May,5/14/2016,MK,P,West Turtle Shoal,344,344-500-035,1,Iso,SSID,SIDE,12
2016,2016,May,5/14/2016,MK,P,West Turtle Shoal,344,344-500-035,1,Iso,SSID,SIDE,7
2016,2016,May,5/14/2016,MK,P,West Turtle Shoal,344,344-500-035,1,Iso,SSID,SIDE,9
2016,2016,May,5/14/2016,MK,P,West Turtle Shoal,344,344-500-035,1,Iso,SSID,SIDE,26
2016,2016,May,5/14/2016,MK,P,West Turtle Shoal,344,344-500-035,1,Iso,SSID,SIDE,20
2016,2016,May,5/14/2016,MK,P,West Turtle Shoal,344,344-500-035,1,Iso,SSID,SIDE,12
2016,2016,May,5/14/2016,MK,P,West Turtle Shoal,344,344-500-035,1,Iso,SSID,SIDE,3
2016,2016,May,5/14/2016,MK,P,West Turtle Shoal,344,344-500-035,1,Iso,SSID,SIDE,20
2016,2016,May,5/14/2016,MK,P,West Turtle Shoal,344,344-500-035,1,Iso,SSID,SIDE,17
2016,2016,May,5/14/2016,MK,P,West Turtle Shoal,344,344-500-035,1,Juv,SSID,SIDE,22
2016,2016,May,5/14/2016,MK,P,West Turtle Shoal,344,344-500-035,1,Juv,SSID,SIDE,3
2016,2016,May,5/14/2016,MK,P,West Turtle Shoal,344,344-500-035,1,Juv,UNKS,UNKS,6
2016,2016,May,5/14/2016,MK,P,West Turtle Shoal,344,344-500-076,0,NA,NA,NA,NA
2016,2016,May,5/14/2016,MK,P,West Turtle Shoal,344,344-500-103,1,Juv,SSID,SIDE,8
2016,2016,May,5/14/2016,MK,P,West Turtle Shoal,344,344-500-103,1,Juv,MCAV,MCAV,5
2016,2016,May,5/14/2016,MK,P,West Turtle Shoal,344,344-500-103,1,Iso,MCAV,MCAV,3
2016,2016,May,5/14/2016,MK,P,West Turtle Shoal,344,344-500-187,1,Juv,PPOR,PORI,26
2016,2016,May,5/14/2016,MK,P,West Turtle Shoal,344,344-500-187,1,Juv,PPOR,PORI,20
2016,2016,May,5/14/2016,MK,P,West Turtle Shoal,344,344-500-187,1,Juv,SRAD,SIDE,37
2016,2016,May,5/14/2016,MK,P,Dustan Rocks,351,351-100-055,1,Juv,PAST,PORI,10
2016,2016,May,5/14/2016,MK,P,Dustan Rocks,351,351-100-055,1,Juv,PAST,PORI,31
2016,2016,May,5/14/2016,MK,P,Dustan Rocks,351,351-100-055,1,Juv,SSID,SIDE,31
2016,2016,May,5/14/2016,MK,P,Dustan Rocks,351,351-100-112,1,Juv,SRAD,SIDE,21
2016,2016,May,5/14/2016,MK,P,Dustan Rocks,351,351-100-157,1,Juv,PAST,PORI,24
2016,2016,May,5/14/2016,MK,P,Dustan Rocks,351,351-100-157,1,Juv,SSID,SIDE,14
2016,2016,May,5/14/2016,MK,P,Dustan Rocks,351,351-100-157,1,Juv,SIDE,SIDE,4
2016,2016,May,5/14/2016,MK,P,Dustan Rocks,351,351-100-157,1,Juv,SMIC,SMIC,39
2016,2016,May,5/14/2016,MK,P,Dustan Rocks,351,351-100-192,1,Juv,CNAT,CNAT,10
2016,2016,May,5/14/2016,MK,P,Dustan Rocks,351,351-100-192,1,Iso,MCAV,MCAV,16
2016,2016,May,5/14/2016,MK,P,Dustan Rocks,351,351-100-192,1,Iso,MCAV,MCAV,17
2016,2016,May,5/14/2016,MK,P,Dustan Rocks,351,351-100-192,1,Iso,MCAV,MCAV,32
2016,2016,May,5/14/2016,MK,P,Dustan Rocks,351,351-100-192,1,Iso,MCAV,MCAV,15
2016,2016,May,5/14/2016,MK,P,Dustan Rocks,351,351-100-192,1,Juv,SSID,SIDE,17
2016,2016,May,5/14/2016,MK,P,Dustan Rocks,351,351-500-011,1,Juv,DSTO,DSTO,4
2016,2016,May,5/14/2016,MK,P,Dustan Rocks,351,351-500-011,1,Juv,SSID,SIDE,17
2016,2016,May,5/14/2016,MK,P,Dustan Rocks,351,351-500-083,1,Iso,MCAV,MCAV,23
2016,2016,May,5/14/2016,MK,P,Dustan Rocks,351,351-500-083,1,Iso,MCAV,MCAV,13
2016,2016,May,5/14/2016,MK,P,Dustan Rocks,351,351-500-083,1,Iso,MCAV,MCAV,20
2016,2016,May,5/14/2016,MK,P,Dustan Rocks,351,351-500-083,1,Juv,PAST,PORI,22
2016,2016,May,5/14/2016,MK,P,Dustan Rocks,351,351-500-139,1,Juv,SRAD,SIDE,30
2016,2016,May,5/14/2016,MK,P,Dustan Rocks,351,351-500-139,1,Iso,SSID,SIDE,37
2016,2016,May,5/14/2016,MK,P,Dustan Rocks,351,351-500-139,1,Iso,SSID,SIDE,29
2016,2016,May,5/14/2016,MK,P,Dustan Rocks,351,351-500-139,1,Juv,SSID,SIDE,25
2016,2016,May,5/14/2016,MK,P,Dustan Rocks,351,351-500-139,1,Juv,SMIC,SMIC,17
2016,2016,May,5/14/2016,MK,P,Dustan Rocks,351,351-500-154,1,Juv,SRAD,SIDE,28
2016,2016,May,5/14/2016,MK,P,Dustan Rocks,351,351-500-154,1,Juv,SSID,SIDE,33
2016,2016,May,5/14/2016,MK,P,Dustan Rocks,351,351-500-154,1,Juv,SSID,SIDE,28
2016,2016,May,5/14/2016,MK,P,Dustan Rocks,352,352-100-027,1,Iso,SSID,SIDE,4
2016,2016,May,5/14/2016,MK,P,Dustan Rocks,352,352-100-027,1,Iso,SSID,SIDE,17
2016,2016,May,5/14/2016,MK,P,Dustan Rocks,352,352-100-027,1,Juv,SMIC,SMIC,35
2016,2016,May,5/14/2016,MK,P,Dustan Rocks,352,352-100-120,0,NA,NA,NA,NA
2016,2016,May,5/14/2016,MK,P,Dustan Rocks,352,352-100-139,1,Juv,PAST,PORI,34
2016,2016,May,5/14/2016,MK,P,Dustan Rocks,352,352-100-139,1,Juv,SSID,SIDE,35
2016,2016,May,5/14/2016,MK,P,Dustan Rocks,352,352-100-139,1,Juv,SMIC,SMIC,19
2016,2016,May,5/14/2016,MK,P,Dustan Rocks,352,352-100-208,1,Juv,SSID,SIDE,39
2016,2016,May,5/14/2016,MK,P,Dustan Rocks,352,352-100-208,1,Juv,SSID,SIDE,14
2016,2016,May,5/14/2016,MK,P,Dustan Rocks,352,352-100-208,1,Juv,SSID,SIDE,30
2016,2016,May,5/14/2016,MK,P,Dustan Rocks,352,352-500-035,1,Juv,PAST,PORI,13
2016,2016,May,5/14/2016,MK,P,Dustan Rocks,352,352-500-117,1,Juv,PAST,PORI,5
2016,2016,May,5/14/2016,MK,P,Dustan Rocks,352,352-500-117,1,Juv,PAST,PORI,15
2016,2016,May,5/14/2016,MK,P,Dustan Rocks,352,352-500-117,1,Juv,PAST,PORI,7
2016,2016,May,5/14/2016,MK,P,Dustan Rocks,352,352-500-117,1,Juv,PAST,PORI,8
2016,2016,May,5/14/2016,MK,P,Dustan Rocks,352,352-500-150,1,Juv,PAST,PORI,30
2016,2016,May,5/14/2016,MK,P,Dustan Rocks,352,352-500-150,1,Juv,SSID,SIDE,8
2016,2016,May,5/14/2016,MK,P,Dustan Rocks,352,352-500-150,1,Juv,SSID,SIDE,12
2016,2016,May,5/14/2016,MK,P,Dustan Rocks,352,352-500-150,1,Juv,SSID,SIDE,4
2016,2016,May,5/14/2016,MK,P,Dustan Rocks,352,352-500-150,1,Juv,SSID,SIDE,4
2016,2016,May,5/14/2016,MK,P,Dustan Rocks,352,352-500-150,1,Juv,SSID,SIDE,1
2016,2016,May,5/14/2016,MK,P,Dustan Rocks,352,352-500-218,1,Iso,MCAV,MCAV,33
2016,2016,May,5/14/2016,MK,P,Dustan Rocks,352,352-500-218,1,Juv,PAST,PORI,25
2016,2016,May,5/14/2016,MK,P,Dustan Rocks,352,352-500-218,1,Juv,SSID,SIDE,19
2016,2016,May,5/14/2016,MK,P,Dustan Rocks,353,353-100-016,1,Iso,ORBI,ORBI,25
2016,2016,May,5/14/2016,MK,P,Dustan Rocks,353,353-100-016,1,Juv,SIDE,SIDE,12
2016,2016,May,5/14/2016,MK,P,Dustan Rocks,353,353-100-016,1,Juv,SSID,SIDE,35
2016,2016,May,5/14/2016,MK,P,Dustan Rocks,353,353-100-016,1,Juv,SSID,SIDE,37
2016,2016,May,5/14/2016,MK,P,Dustan Rocks,353,353-100-016,1,Juv,SSID,SIDE,22
2016,2016,May,5/14/2016,MK,P,Dustan Rocks,353,353-100-016,1,Juv,SSID,SIDE,3
2016,2016,May,5/14/2016,MK,P,Dustan Rocks,353,353-100-071,0,NA,NA,NA,NA
2016,2016,May,5/14/2016,MK,P,Dustan Rocks,353,353-100-185,0,NA,NA,NA,NA
2016,2016,May,5/14/2016,MK,P,Dustan Rocks,353,353-100-206,1,Juv,CNAT,CNAT,8
2016,2016,May,5/14/2016,MK,P,Dustan Rocks,353,353-100-206,1,Juv,SIDE,SIDE,7
2016,2016,May,5/14/2016,MK,P,Dustan Rocks,353,353-100-206,1,Juv,SRAD,SIDE,13
2016,2016,May,5/14/2016,MK,P,Dustan Rocks,353,353-100-206,1,Juv,SRAD,SIDE,24
2016,2016,May,5/14/2016,MK,P,Dustan Rocks,353,353-100-206,1,Juv,SRAD,SIDE,4
2016,2016,May,5/14/2016,MK,P,Dustan Rocks,353,353-100-206,1,Juv,SSID,SIDE,3
2016,2016,May,5/14/2016,MK,P,Dustan Rocks,353,353-100-206,1,Juv,SSID,SIDE,6
2016,2016,May,5/14/2016,MK,P,Dustan Rocks,353,353-100-206,1,Juv,SSID,SIDE,6
2016,2016,May,5/14/2016,MK,P,Dustan Rocks,353,353-100-206,1,Juv,SSID,SIDE,2
2016,2016,May,5/14/2016,MK,P,Dustan Rocks,353,353-100-206,1,Juv,SSID,SIDE,6
2016,2016,May,5/14/2016,MK,P,Dustan Rocks,353,353-100-206,1,Juv,SSID,SIDE,2
2016,2016,May,5/14/2016,MK,P,Dustan Rocks,353,353-100-206,1,Juv,SSID,SIDE,3
2016,2016,May,5/14/2016,MK,P,Dustan Rocks,353,353-100-206,1,Juv,SSID,SIDE,6
2016,2016,May,5/14/2016,MK,P,Dustan Rocks,353,353-500-000,0,NA,NA,NA,NA
2016,2016,May,5/14/2016,MK,P,Dustan Rocks,353,353-500-047,1,Iso,MCAV,MCAV,38
2016,2016,May,5/14/2016,MK,P,Dustan Rocks,353,353-500-083,1,Juv,SRAD,SIDE,25
2016,2016,May,5/14/2016,MK,P,Dustan Rocks,353,353-500-083,1,Juv,SSID,SIDE,5
2016,2016,May,5/14/2016,MK,P,Dustan Rocks,353,353-500-083,1,Juv,SSID,SIDE,10
2016,2016,May,5/14/2016,MK,P,Dustan Rocks,353,353-500-083,1,Juv,SSID,SIDE,9
2016,2016,May,5/14/2016,MK,P,Dustan Rocks,353,353-500-194,0,NA,NA,NA,NA
2016,2016,May,5/14/2016,MK,P,Dustan Rocks,354,354-100-032,0,NA,NA,NA,NA
2016,2016,May,5/14/2016,MK,P,Dustan Rocks,354,354-100-045,1,Juv,PAST,PORI,11
2016,2016,May,5/14/2016,MK,P,Dustan Rocks,354,354-100-103,1,Juv,PAST,PORI,8
2016,2016,May,5/14/2016,MK,P,Dustan Rocks,354,354-100-103,1,Juv,PAST,PORI,15
2016,2016,May,5/14/2016,MK,P,Dustan Rocks,354,354-100-103,1,Juv,SSID,SIDE,27
2016,2016,May,5/14/2016,MK,P,Dustan Rocks,354,354-100-103,1,Juv,SSID,SIDE,19
2016,2016,May,5/14/2016,MK,P,Dustan Rocks,354,354-100-103,1,Juv,SSID,SIDE,3
2016,2016,May,5/14/2016,MK,P,Dustan Rocks,354,354-100-103,1,Juv,SSID,SIDE,9
2016,2016,May,5/14/2016,MK,P,Dustan Rocks,354,354-100-103,1,Juv,SSID,SIDE,6
2016,2016,May,5/14/2016,MK,P,Dustan Rocks,354,354-100-103,1,Juv,SSID,SIDE,4
2016,2016,May,5/14/2016,MK,P,Dustan Rocks,354,354-100-144,1,Juv,CNAT,CNAT,10
2016,2016,May,5/14/2016,MK,P,Dustan Rocks,354,354-500-043,0,NA,NA,NA,NA
2016,2016,May,5/14/2016,MK,P,Dustan Rocks,354,354-500-054,1,Iso,SSID,SIDE,20
2016,2016,May,5/14/2016,MK,P,Dustan Rocks,354,354-500-054,1,Juv,SSID,SIDE,3
2016,2016,May,5/14/2016,MK,P,Dustan Rocks,354,354-500-054,1,Juv,SSID,SIDE,3
2016,2016,May,5/14/2016,MK,P,Dustan Rocks,354,354-500-054,1,Juv,SSID,SIDE,11
2016,2016,May,5/14/2016,MK,P,Dustan Rocks,354,354-500-054,1,Juv,SSID,SIDE,12
2016,2016,May,5/14/2016,MK,P,Dustan Rocks,354,354-500-054,1,Juv,SSID,SIDE,4
2016,2016,May,5/14/2016,MK,P,Dustan Rocks,354,354-500-054,1,Juv,SMIC,SMIC,17
2016,2016,May,5/14/2016,MK,P,Dustan Rocks,354,354-500-185,1,Iso,MCAV,MCAV,32
2016,2016,May,5/14/2016,MK,P,Dustan Rocks,354,354-500-185,1,Iso,MCAV,MCAV,35
2016,2016,May,5/14/2016,MK,P,Dustan Rocks,354,354-500-185,1,Iso,MCAV,MCAV,15
2016,2016,May,5/14/2016,MK,P,Dustan Rocks,354,354-500-185,1,Iso,MCAV,MCAV,30
2016,2016,May,5/14/2016,MK,P,Dustan Rocks,354,354-500-185,1,Iso,MCAV,MCAV,16
2016,2016,May,5/14/2016,MK,P,Dustan Rocks,354,354-500-185,1,Iso,MCAV,MCAV,22
2016,2016,May,5/14/2016,MK,P,Dustan Rocks,354,354-500-185,1,Juv,PAST,PORI,9
2016,2016,May,5/14/2016,MK,P,Dustan Rocks,354,354-500-185,1,Juv,PAST,PORI,7
2016,2016,May,5/14/2016,MK,P,Dustan Rocks,354,354-500-185,1,Juv,SMIC,SMIC,11
2016,2016,May,5/14/2016,MK,P,Dustan Rocks,354,354-500-202,1,Iso,AAGA,AGAR,9
2016,2016,May,5/14/2016,MK,P,Dustan Rocks,354,354-500-202,1,Iso,PPOR,PORI,24
2016,2016,May,5/14/2016,MK,P,Dustan Rocks,354,354-500-202,1,Iso,SSID,SIDE,20
2016,2016,Aug,8/19/2016,LK,P,West Washerwoman,361,361-100-046,1,Juv,PAST,PORI,11
2016,2016,Aug,8/19/2016,LK,P,West Washerwoman,361,361-100-089,1,Juv,SSID,SIDE,4
2016,2016,Aug,8/19/2016,LK,P,West Washerwoman,361,361-100-140,1,Iso,MYLA,MUSS,30
2016,2016,Aug,8/19/2016,LK,P,West Washerwoman,361,361-100-140,1,Iso,MYLA,MUSS,19
2016,2016,Aug,8/19/2016,LK,P,West Washerwoman,361,361-100-140,1,Juv,PAST,PORI,5
2016,2016,Aug,8/19/2016,LK,P,West Washerwoman,361,361-100-140,1,Juv,PAST,PORI,9
2016,2016,Aug,8/19/2016,LK,P,West Washerwoman,361,361-100-140,1,Juv,PAST,PORI,19
2016,2016,Aug,8/19/2016,LK,P,West Washerwoman,361,361-100-140,1,Juv,PORI,PORI,8
2016,2016,Aug,8/19/2016,LK,P,West Washerwoman,361,361-100-140,1,Juv,SSID,SIDE,26
2016,2016,Aug,8/19/2016,LK,P,West Washerwoman,361,361-100-188,1,Juv,PAST,PORI,22
2016,2016,Aug,8/19/2016,LK,P,West Washerwoman,361,361-100-188,1,Juv,PPOR,PORI,34
2016,2016,Aug,8/19/2016,LK,P,West Washerwoman,361,361-500-019,1,Juv,DSTO,DSTO,11
2016,2016,Aug,8/19/2016,LK,P,West Washerwoman,361,361-500-019,1,Juv,ODIF,OCUL,12
2016,2016,Aug,8/19/2016,LK,P,West Washerwoman,361,361-500-019,1,Juv,PAST,PORI,23
2016,2016,Aug,8/19/2016,LK,P,West Washerwoman,361,361-500-019,1,Juv,PAST,PORI,14
2016,2016,Aug,8/19/2016,LK,P,West Washerwoman,361,361-500-019,1,Juv,PAST,PORI,24
2016,2016,Aug,8/19/2016,LK,P,West Washerwoman,361,361-500-019,1,Juv,PAST,PORI,36
2016,2016,Aug,8/19/2016,LK,P,West Washerwoman,361,361-500-019,1,Juv,PAST,PORI,14
2016,2016,Aug,8/19/2016,LK,P,West Washerwoman,361,361-500-019,1,Juv,SSID,SIDE,2
2016,2016,Aug,8/19/2016,LK,P,West Washerwoman,361,361-500-019,1,Juv,SSID,SIDE,14
2016,2016,Aug,8/19/2016,LK,P,West Washerwoman,361,361-500-019,1,Juv,SSID,SIDE,16
2016,2016,Aug,8/19/2016,LK,P,West Washerwoman,361,361-500-019,1,Juv,SSID,SIDE,17
2016,2016,Aug,8/19/2016,LK,P,West Washerwoman,361,361-500-019,1,Juv,SSID,SIDE,17
2016,2016,Aug,8/19/2016,LK,P,West Washerwoman,361,361-500-019,1,Juv,SSID,SIDE,9
2016,2016,Aug,8/19/2016,LK,P,West Washerwoman,361,361-500-019,1,Juv,SSID,SIDE,7
2016,2016,Aug,8/19/2016,LK,P,West Washerwoman,361,361-500-019,1,Juv,SSID,SIDE,5
2016,2016,Aug,8/19/2016,LK,P,West Washerwoman,361,361-500-019,1,Juv,SSID,SIDE,15
2016,2016,Aug,8/19/2016,LK,P,West Washerwoman,361,361-500-019,1,Juv,SSID,SIDE,19
2016,2016,Aug,8/19/2016,LK,P,West Washerwoman,361,361-500-019,1,Juv,SSID,SIDE,27
2016,2016,Aug,8/19/2016,LK,P,West Washerwoman,361,361-500-019,1,Juv,SSID,SIDE,16
2016,2016,Aug,8/19/2016,LK,P,West Washerwoman,361,361-500-019,1,Juv,SMIC,SMIC,20
2016,2016,Aug,8/19/2016,LK,P,West Washerwoman,361,361-500-073,1,Juv,PAST,PORI,20
2016,2016,Aug,8/19/2016,LK,P,West Washerwoman,361,361-500-159,1,Juv,PAST,PORI,13
2016,2016,Aug,8/19/2016,LK,P,West Washerwoman,361,361-500-159,1,Juv,SMIC,SMIC,29
2016,2016,Aug,8/19/2016,LK,P,West Washerwoman,361,361-500-159,1,Juv,SMIC,SMIC,27
2016,2016,Aug,8/19/2016,LK,P,West Washerwoman,361,361-500-169,1,Juv,AAGA,AGAR,17
2016,2016,Aug,8/19/2016,LK,P,West Washerwoman,361,361-500-169,1,Juv,PAST,PORI,20
2016,2016,Aug,8/19/2016,LK,P,West Washerwoman,361,361-500-169,1,Iso,PAST,PORI,34
2016,2016,Aug,8/19/2016,LK,P,West Washerwoman,361,361-500-169,1,Juv,SSID,SIDE,5
2016,2016,Aug,8/19/2016,LK,P,West Washerwoman,361,361-500-169,1,Juv,SSID,SIDE,39
2016,2016,Aug,8/19/2016,LK,P,West Washerwoman,361,361-500-169,1,Juv,SMIC,SMIC,12
2016,2016,Aug,8/19/2016,LK,P,West Washerwoman,361,361-500-169,1,Iso,SMIC,SMIC,17
2016,2016,Aug,8/19/2016,LK,P,West Washerwoman,361,361-500-169,1,Iso,SMIC,SMIC,30
2016,2016,Aug,8/19/2016,LK,P,West Washerwoman,362,362-100-059,1,Juv,PAST,PORI,9
2016,2016,Aug,8/19/2016,LK,P,West Washerwoman,362,362-100-059,1,Juv,SSID,SIDE,13
2016,2016,Aug,8/19/2016,LK,P,West Washerwoman,362,362-100-059,1,Juv,SSID,SIDE,18
2016,2016,Aug,8/19/2016,LK,P,West Washerwoman,362,362-100-059,1,Juv,SSID,SIDE,9
2016,2016,Aug,8/19/2016,LK,P,West Washerwoman,362,362-100-091,1,Juv,MYLA,MUSS,37
2016,2016,Aug,8/19/2016,LK,P,West Washerwoman,362,362-100-091,1,Juv,PAST,PORI,5
2016,2016,Aug,8/19/2016,LK,P,West Washerwoman,362,362-100-091,1,Juv,SSID,SIDE,3
2016,2016,Aug,8/19/2016,LK,P,West Washerwoman,362,362-100-091,1,Juv,UNKS,UNKS,5
2016,2016,Aug,8/19/2016,LK,P,West Washerwoman,362,362-100-109,1,Uns,PAST,PORI,14
2016,2016,Aug,8/19/2016,LK,P,West Washerwoman,362,362-100-109,1,Juv,SMIC,SMIC,34
2016,2016,Aug,8/19/2016,LK,P,West Washerwoman,362,362-100-130,1,Juv,MYCE,MUSS,27
2016,2016,Aug,8/19/2016,LK,P,West Washerwoman,362,362-100-130,1,Juv,MYCE,MUSS,9
2016,2016,Aug,8/19/2016,LK,P,West Washerwoman,362,362-100-130,1,Juv,PAST,PORI,7
2016,2016,Aug,8/19/2016,LK,P,West Washerwoman,362,362-100-130,1,Juv,PORI,PORI,20
2016,2016,Aug,8/19/2016,LK,P,West Washerwoman,362,362-100-130,1,Juv,SMIC,SMIC,39
2016,2016,Aug,8/19/2016,LK,P,West Washerwoman,362,362-500-058,1,Juv,SRAD,SIDE,23
2016,2016,Aug,8/19/2016,LK,P,West Washerwoman,362,362-500-058,1,Iso,SSID,SIDE,25
2016,2016,Aug,8/19/2016,LK,P,West Washerwoman,362,362-500-058,1,Juv,SSID,SIDE,33
2016,2016,Aug,8/19/2016,LK,P,West Washerwoman,362,362-500-058,1,Juv,SMIC,SMIC,10
2016,2016,Aug,8/19/2016,LK,P,West Washerwoman,362,362-500-145,1,Iso,AAGA,AGAR,26
2016,2016,Aug,8/19/2016,LK,P,West Washerwoman,362,362-500-145,1,Juv,AAGA,AGAR,19
2016,2016,Aug,8/19/2016,LK,P,West Washerwoman,362,362-500-145,1,Juv,MCAV,MCAV,27
2016,2016,Aug,8/19/2016,LK,P,West Washerwoman,362,362-500-145,1,Juv,SSID,SIDE,28
2016,2016,Aug,8/19/2016,LK,P,West Washerwoman,362,362-500-145,1,Juv,SSID,SIDE,23
2016,2016,Aug,8/19/2016,LK,P,West Washerwoman,362,362-500-157,1,Juv,AAGA,AGAR,20
2016,2016,Aug,8/19/2016,LK,P,West Washerwoman,362,362-500-157,1,Juv,MYCE,MUSS,14
2016,2016,Aug,8/19/2016,LK,P,West Washerwoman,362,362-500-157,1,Juv,PAST,PORI,12
2016,2016,Aug,8/19/2016,LK,P,West Washerwoman,362,362-500-157,1,Iso,SSID,SIDE,12
2016,2016,Aug,8/19/2016,LK,P,West Washerwoman,362,362-500-157,1,Juv,SSID,SIDE,27
2016,2016,Aug,8/19/2016,LK,P,West Washerwoman,362,362-500-157,1,Juv,SSID,SIDE,16
2016,2016,Aug,8/19/2016,LK,P,West Washerwoman,362,362-500-157,1,Juv,UNKS,UNKS,9
2016,2016,Aug,8/19/2016,LK,P,West Washerwoman,362,362-500-213,1,Juv,MYCE,MUSS,36
2016,2016,Aug,8/19/2016,LK,P,West Washerwoman,362,362-500-213,1,Juv,PAST,PORI,29
2016,2016,Aug,8/19/2016,LK,P,West Washerwoman,362,362-500-213,1,Juv,PAST,PORI,12
2016,2016,Aug,8/19/2016,LK,P,West Washerwoman,362,362-500-213,1,Juv,PAST,PORI,19
2016,2016,Aug,8/19/2016,LK,P,West Washerwoman,362,362-500-213,1,Uns,SSID,SIDE,26
2016,2016,Aug,8/19/2016,LK,P,West Washerwoman,362,362-500-213,1,Uns,SSID,SIDE,27
2016,2016,Aug,8/19/2016,LK,P,West Washerwoman,362,362-500-213,1,Uns,SSID,SIDE,5
2016,2016,Aug,8/19/2016,LK,P,West Washerwoman,362,362-500-213,1,Juv,SSID,SIDE,38
2016,2016,Aug,8/19/2016,LK,P,West Washerwoman,362,362-500-213,1,Juv,SSID,SIDE,3
2016,2016,Aug,8/19/2016,LK,P,West Washerwoman,362,362-500-213,1,Juv,SSID,SIDE,5
2016,2016,Aug,8/19/2016,LK,P,West Washerwoman,362,362-500-213,1,Juv,SMIC,SMIC,18
2016,2016,Aug,8/19/2016,LK,P,West Washerwoman,363,363-100-055,1,Juv,PAST,PORI,8
2016,2016,Aug,8/19/2016,LK,P,West Washerwoman,363,363-100-055,1,Juv,SSID,SIDE,32
2016,2016,Aug,8/19/2016,LK,P,West Washerwoman,363,363-100-055,1,Juv,SSID,SIDE,3
2016,2016,Aug,8/19/2016,LK,P,West Washerwoman,363,363-100-055,1,Juv,SSID,SIDE,34
2016,2016,Aug,8/19/2016,LK,P,West Washerwoman,363,363-100-055,1,Juv,SMIC,SMIC,38
2016,2016,Aug,8/19/2016,LK,P,West Washerwoman,363,363-100-072,1,Juv,PAST,PORI,37
2016,2016,Aug,8/19/2016,LK,P,West Washerwoman,363,363-100-072,1,Iso,SSID,SIDE,17
2016,2016,Aug,8/19/2016,LK,P,West Washerwoman,363,363-100-072,1,Iso,SSID,SIDE,34
2016,2016,Aug,8/19/2016,LK,P,West Washerwoman,363,363-100-072,1,Iso,SSID,SIDE,34
2016,2016,Aug,8/19/2016,LK,P,West Washerwoman,363,363-100-072,1,Juv,SMIC,SMIC,8
2016,2016,Aug,8/19/2016,LK,P,West Washerwoman,363,363-100-137,1,Juv,MCAV,MCAV,32
2016,2016,Aug,8/19/2016,LK,P,West Washerwoman,363,363-100-137,1,Juv,SCUB,MUSS,22
2016,2016,Aug,8/19/2016,LK,P,West Washerwoman,363,363-100-137,1,Juv,SCUB,MUSS,25
2016,2016,Aug,8/19/2016,LK,P,West Washerwoman,363,363-100-137,1,Juv,PAST,PORI,2
2016,2016,Aug,8/19/2016,LK,P,West Washerwoman,363,363-100-137,1,Juv,PPOR,PORI,7
2016,2016,Aug,8/19/2016,LK,P,West Washerwoman,363,363-100-137,1,Juv,PPOR,PORI,10
2016,2016,Aug,8/19/2016,LK,P,West Washerwoman,363,363-100-137,1,Juv,PPOR,PORI,21
2016,2016,Aug,8/19/2016,LK,P,West Washerwoman,363,363-100-137,1,Juv,SRAD,SIDE,33
2016,2016,Aug,8/19/2016,LK,P,West Washerwoman,363,363-100-137,1,Juv,SRAD,SIDE,20
2016,2016,Aug,8/19/2016,LK,P,West Washerwoman,363,363-100-137,1,Juv,SRAD,SIDE,34
2016,2016,Aug,8/19/2016,LK,P,West Washerwoman,363,363-100-137,1,Juv,SRAD,SIDE,13
2016,2016,Aug,8/19/2016,LK,P,West Washerwoman,363,363-100-137,1,Iso,SSID,SIDE,10
2016,2016,Aug,8/19/2016,LK,P,West Washerwoman,363,363-100-137,1,Iso,SSID,SIDE,2
2016,2016,Aug,8/19/2016,LK,P,West Washerwoman,363,363-100-137,1,Iso,SSID,SIDE,2
2016,2016,Aug,8/19/2016,LK,P,West Washerwoman,363,363-100-137,1,Uns,SSID,SIDE,7
2016,2016,Aug,8/19/2016,LK,P,West Washerwoman,363,363-100-137,1,Uns,SSID,SIDE,2
2016,2016,Aug,8/19/2016,LK,P,West Washerwoman,363,363-100-137,1,Uns,SSID,SIDE,2
2016,2016,Aug,8/19/2016,LK,P,West Washerwoman,363,363-100-137,1,Juv,SSID,SIDE,10
2016,2016,Aug,8/19/2016,LK,P,West Washerwoman,363,363-100-137,1,Juv,SSID,SIDE,6
2016,2016,Aug,8/19/2016,LK,P,West Washerwoman,363,363-100-137,1,Juv,SSID,SIDE,3
2016,2016,Aug,8/19/2016,LK,P,West Washerwoman,363,363-100-137,1,Juv,SSID,SIDE,5
2016,2016,Aug,8/19/2016,LK,P,West Washerwoman,363,363-100-137,1,Juv,SSID,SIDE,20
2016,2016,Aug,8/19/2016,LK,P,West Washerwoman,363,363-100-137,1,Juv,SSID,SIDE,11
2016,2016,Aug,8/19/2016,LK,P,West Washerwoman,363,363-100-137,1,Juv,SSID,SIDE,20
2016,2016,Aug,8/19/2016,LK,P,West Washerwoman,363,363-100-137,1,Juv,SSID,SIDE,7
2016,2016,Aug,8/19/2016,LK,P,West Washerwoman,363,363-100-137,1,Juv,SSID,SIDE,3
2016,2016,Aug,8/19/2016,LK,P,West Washerwoman,363,363-100-137,1,Juv,SSID,SIDE,3
2016,2016,Aug,8/19/2016,LK,P,West Washerwoman,363,363-100-167,1,Juv,MYCE,MUSS,27
2016,2016,Aug,8/19/2016,LK,P,West Washerwoman,363,363-100-167,1,Iso,MYLA,MUSS,12
2016,2016,Aug,8/19/2016,LK,P,West Washerwoman,363,363-100-167,1,Iso,MYLA,MUSS,13
2016,2016,Aug,8/19/2016,LK,P,West Washerwoman,363,363-100-167,1,Juv,PAST,PORI,15
2016,2016,Aug,8/19/2016,LK,P,West Washerwoman,363,363-100-167,1,Juv,PAST,PORI,3
2016,2016,Aug,8/19/2016,LK,P,West Washerwoman,363,363-100-167,1,Juv,PAST,PORI,6
2016,2016,Aug,8/19/2016,LK,P,West Washerwoman,363,363-100-167,1,Juv,SRAD,SIDE,20
2016,2016,Aug,8/19/2016,LK,P,West Washerwoman,363,363-100-167,1,Iso,SSID,SIDE,12
2016,2016,Aug,8/19/2016,LK,P,West Washerwoman,363,363-100-167,1,Iso,SSID,SIDE,17
2016,2016,Aug,8/19/2016,LK,P,West Washerwoman,363,363-100-167,1,Iso,SSID,SIDE,3
2016,2016,Aug,8/19/2016,LK,P,West Washerwoman,363,363-100-167,1,Juv,SSID,SIDE,12
2016,2016,Aug,8/19/2016,LK,P,West Washerwoman,363,363-100-167,1,Juv,SSID,SIDE,2
2016,2016,Aug,8/19/2016,LK,P,West Washerwoman,363,363-100-167,1,Juv,SSID,SIDE,14
2016,2016,Aug,8/19/2016,LK,P,West Washerwoman,363,363-100-167,1,Juv,SSID,SIDE,4
2016,2016,Aug,8/19/2016,LK,P,West Washerwoman,363,363-100-167,1,Juv,SSID,SIDE,12
2016,2016,Aug,8/19/2016,LK,P,West Washerwoman,363,363-100-167,1,Juv,SSID,SIDE,1
2016,2016,Aug,8/19/2016,LK,P,West Washerwoman,363,363-100-167,1,Juv,SSID,SIDE,3
2016,2016,Aug,8/19/2016,LK,P,West Washerwoman,363,363-100-167,1,Juv,SMIC,SMIC,19
2016,2016,Aug,8/19/2016,LK,P,West Washerwoman,363,363-500-032,1,Juv,PAST,PORI,2
2016,2016,Aug,8/19/2016,LK,P,West Washerwoman,363,363-500-032,1,Juv,PAST,PORI,11
2016,2016,Aug,8/19/2016,LK,P,West Washerwoman,363,363-500-032,1,Juv,PAST,PORI,22
2016,2016,Aug,8/19/2016,LK,P,West Washerwoman,363,363-500-032,1,Juv,PAST,PORI,5
2016,2016,Aug,8/19/2016,LK,P,West Washerwoman,363,363-500-032,1,Juv,SSID,SIDE,7
2016,2016,Aug,8/19/2016,LK,P,West Washerwoman,363,363-500-032,1,Juv,SSID,SIDE,10
2016,2016,Aug,8/19/2016,LK,P,West Washerwoman,363,363-500-032,1,Juv,SSID,SIDE,28
2016,2016,Aug,8/19/2016,LK,P,West Washerwoman,363,363-500-032,1,Juv,SMIC,SMIC,18
2016,2016,Aug,8/19/2016,LK,P,West Washerwoman,363,363-500-032,1,Juv,SMIC,SMIC,2
2016,2016,Aug,8/19/2016,LK,P,West Washerwoman,363,363-500-115,1,Juv,CNAT,CNAT,25
2016,2016,Aug,8/19/2016,LK,P,West Washerwoman,363,363-500-115,1,Juv,PAST,PORI,23
2016,2016,Aug,8/19/2016,LK,P,West Washerwoman,363,363-500-115,1,Juv,PAST,PORI,35
2016,2016,Aug,8/19/2016,LK,P,West Washerwoman,363,363-500-115,1,Juv,PAST,PORI,8
2016,2016,Aug,8/19/2016,LK,P,West Washerwoman,363,363-500-115,1,Juv,SSID,SIDE,7
2016,2016,Aug,8/19/2016,LK,P,West Washerwoman,363,363-500-152,1,Juv,SSID,SIDE,4
2016,2016,Aug,8/19/2016,LK,P,West Washerwoman,363,363-500-207,1,Juv,PAST,PORI,13
2016,2016,Aug,8/19/2016,LK,P,West Washerwoman,364,364-100-027,1,Juv,SSID,SIDE,11
2016,2016,Aug,8/19/2016,LK,P,West Washerwoman,364,364-100-091,1,Juv,PAST,PORI,29
2016,2016,Aug,8/19/2016,LK,P,West Washerwoman,364,364-100-091,1,Juv,PAST,PORI,26
2016,2016,Aug,8/19/2016,LK,P,West Washerwoman,364,364-100-091,1,Juv,PAST,PORI,9
2016,2016,Aug,8/19/2016,LK,P,West Washerwoman,364,364-100-091,1,Juv,PAST,PORI,23
2016,2016,Aug,8/19/2016,LK,P,West Washerwoman,364,364-100-091,1,Juv,PAST,PORI,15
2016,2016,Aug,8/19/2016,LK,P,West Washerwoman,364,364-100-091,1,Juv,PAST,PORI,10
2016,2016,Aug,8/19/2016,LK,P,West Washerwoman,364,364-100-091,1,Juv,PAST,PORI,32
2016,2016,Aug,8/19/2016,LK,P,West Washerwoman,364,364-100-091,1,Juv,SSID,SIDE,14
2016,2016,Aug,8/19/2016,LK,P,West Washerwoman,364,364-100-091,1,Juv,SMIC,SMIC,14
2016,2016,Aug,8/19/2016,LK,P,West Washerwoman,364,364-100-091,1,Juv,SMIC,SMIC,4
2016,2016,Aug,8/19/2016,LK,P,West Washerwoman,364,364-100-091,1,Juv,SMIC,SMIC,4
2016,2016,Aug,8/19/2016,LK,P,West Washerwoman,364,364-100-091,1,Juv,SMIC,SMIC,3
2016,2016,Aug,8/19/2016,LK,P,West Washerwoman,364,364-100-125,1,Juv,MCAV,MCAV,39
2016,2016,Aug,8/19/2016,LK,P,West Washerwoman,364,364-100-125,1,Juv,MUSS,MUSS,12
2016,2016,Aug,8/19/2016,LK,P,West Washerwoman,364,364-100-125,1,Juv,PAST,PORI,11
2016,2016,Aug,8/19/2016,LK,P,West Washerwoman,364,364-100-125,1,Juv,PAST,PORI,3
2016,2016,Aug,8/19/2016,LK,P,West Washerwoman,364,364-100-125,1,Juv,SMIC,SMIC,22
2016,2016,Aug,8/19/2016,LK,P,West Washerwoman,364,364-100-194,1,Juv,PAST,PORI,12
2016,2016,Aug,8/19/2016,LK,P,West Washerwoman,364,364-100-194,1,Juv,PAST,PORI,21
2016,2016,Aug,8/19/2016,LK,P,West Washerwoman,364,364-100-194,1,Juv,PAST,PORI,33
2016,2016,Aug,8/19/2016,LK,P,West Washerwoman,364,364-100-194,1,Juv,PAST,PORI,20
2016,2016,Aug,8/19/2016,LK,P,West Washerwoman,364,364-100-194,1,Juv,SSID,SIDE,12
2016,2016,Aug,8/19/2016,LK,P,West Washerwoman,364,364-100-194,1,Juv,SSID,SIDE,9
2016,2016,Aug,8/19/2016,LK,P,West Washerwoman,364,364-100-194,1,Juv,SSID,SIDE,13
2016,2016,Aug,8/19/2016,LK,P,West Washerwoman,364,364-100-194,1,Juv,SSID,SIDE,6
2016,2016,Aug,8/19/2016,LK,P,West Washerwoman,364,364-100-194,1,Juv,SSID,SIDE,12
2016,2016,Aug,8/19/2016,LK,P,West Washerwoman,364,364-100-194,1,Juv,SMIC,SMIC,12
2016,2016,Aug,8/19/2016,LK,P,West Washerwoman,364,364-500-104,1,Juv,SIDE,SIDE,1
2016,2016,Aug,8/19/2016,LK,P,West Washerwoman,364,364-500-104,1,Juv,SRAD,SIDE,15
2016,2016,Aug,8/19/2016,LK,P,West Washerwoman,364,364-500-104,1,Juv,SRAD,SIDE,12
2016,2016,Aug,8/19/2016,LK,P,West Washerwoman,364,364-500-104,1,Juv,SSID,SIDE,2
2016,2016,Aug,8/19/2016,LK,P,West Washerwoman,364,364-500-104,1,Juv,SSID,SIDE,5
2016,2016,Aug,8/19/2016,LK,P,West Washerwoman,364,364-500-104,1,Juv,SSID,SIDE,4
2016,2016,Aug,8/19/2016,LK,P,West Washerwoman,364,364-500-104,1,Juv,SMIC,SMIC,38
2016,2016,Aug,8/19/2016,LK,P,West Washerwoman,364,364-500-120,1,Juv,PAST,PORI,10
2016,2016,Aug,8/19/2016,LK,P,West Washerwoman,364,364-500-120,1,Juv,PAST,PORI,18
2016,2016,Aug,8/19/2016,LK,P,West Washerwoman,364,364-500-170,1,Juv,SSID,SIDE,23
2016,2016,Aug,8/19/2016,LK,P,West Washerwoman,364,364-500-198,1,Juv,AAGA,AGAR,37
2016,2016,Aug,8/19/2016,LK,P,West Washerwoman,364,364-500-198,1,Iso,SMIC,SMIC,23
2016,2016,Sept,9/13/2016,UK,OS,Carysfort Shallow,501,501-100-010,1,Juv,PAST,PORI,4
2016,2016,Sept,9/13/2016,UK,OS,Carysfort Shallow,501,501-100-038,1,Juv,PAST,PORI,25
2016,2016,Sept,9/13/2016,UK,OS,Carysfort Shallow,501,501-100-137,1,Juv,PAST,PORI,16
2016,2016,Sept,9/13/2016,UK,OS,Carysfort Shallow,501,501-100-137,1,Juv,PAST,PORI,21
2016,2016,Sept,9/13/2016,UK,OS,Carysfort Shallow,501,501-100-137,1,Juv,PAST,PORI,28
2016,2016,Sept,9/13/2016,UK,OS,Carysfort Shallow,501,501-100-137,1,Juv,PAST,PORI,14
2016,2016,Sept,9/13/2016,UK,OS,Carysfort Shallow,501,501-100-137,1,Juv,PAST,PORI,2
2016,2016,Sept,9/13/2016,UK,OS,Carysfort Shallow,501,501-100-137,1,Juv,SRAD,SIDE,33
2016,2016,Sept,9/13/2016,UK,OS,Carysfort Shallow,501,501-100-159,1,Juv,PAST,PORI,22
2016,2016,Sept,9/13/2016,UK,OS,Carysfort Shallow,501,501-500-016,1,Juv,PAST,PORI,15
2016,2016,Sept,9/13/2016,UK,OS,Carysfort Shallow,501,501-500-016,1,Juv,PAST,PORI,36
2016,2016,Sept,9/13/2016,UK,OS,Carysfort Shallow,501,501-500-016,1,Juv,PAST,PORI,6
2016,2016,Sept,9/13/2016,UK,OS,Carysfort Shallow,501,501-500-016,1,Iso,PAST,PORI,32
2016,2016,Sept,9/13/2016,UK,OS,Carysfort Shallow,501,501-500-016,1,Juv,PAST,PORI,34
2016,2016,Sept,9/13/2016,UK,OS,Carysfort Shallow,501,501-500-016,1,Juv,PAST,PORI,15
2016,2016,Sept,9/13/2016,UK,OS,Carysfort Shallow,501,501-500-016,1,Juv,PAST,PORI,14
2016,2016,Sept,9/13/2016,UK,OS,Carysfort Shallow,501,501-500-016,1,Iso,PAST,PORI,20
2016,2016,Sept,9/13/2016,UK,OS,Carysfort Shallow,501,501-500-034,1,Juv,PAST,PORI,9
2016,2016,Sept,9/13/2016,UK,OS,Carysfort Shallow,501,501-500-034,1,Juv,PAST,PORI,21
2016,2016,Sept,9/13/2016,UK,OS,Carysfort Shallow,501,501-500-084,1,Juv,PAST,PORI,15
2016,2016,Sept,9/13/2016,UK,OS,Carysfort Shallow,501,501-500-084,1,Juv,PAST,PORI,17
2016,2016,Sept,9/13/2016,UK,OS,Carysfort Shallow,501,501-500-084,1,Juv,PAST,PORI,12
2016,2016,Sept,9/13/2016,UK,OS,Carysfort Shallow,501,501-500-084,1,Juv,PAST,PORI,16
2016,2016,Sept,9/13/2016,UK,OS,Carysfort Shallow,501,501-500-108,1,Juv,PAST,PORI,32
2016,2016,Sept,9/13/2016,UK,OS,Carysfort Shallow,502,502-100-044,0,NA,NA,NA,NA
2016,2016,Sept,9/13/2016,UK,OS,Carysfort Shallow,502,502-100-126,1,Juv,PAST,PORI,5
2016,2016,Sept,9/13/2016,UK,OS,Carysfort Shallow,502,502-100-126,1,Juv,SRAD,SIDE,10
2016,2016,Sept,9/13/2016,UK,OS,Carysfort Shallow,502,502-100-126,1,Iso,SRAD,SIDE,20
2016,2016,Sept,9/13/2016,UK,OS,Carysfort Shallow,502,502-100-126,1,Iso,SRAD,SIDE,31
2016,2016,Sept,9/13/2016,UK,OS,Carysfort Shallow,502,502-100-144,1,Iso,PAST,PORI,5
2016,2016,Sept,9/13/2016,UK,OS,Carysfort Shallow,502,502-100-181,0,NA,NA,NA,NA
2016,2016,Sept,9/13/2016,UK,OS,Carysfort Shallow,502,502-500-028,1,Juv,PAST,PORI,32
2016,2016,Sept,9/13/2016,UK,OS,Carysfort Shallow,502,502-500-028,1,Juv,PAST,PORI,10
2016,2016,Sept,9/13/2016,UK,OS,Carysfort Shallow,502,502-500-045,1,Juv,PAST,PORI,4
2016,2016,Sept,9/13/2016,UK,OS,Carysfort Shallow,502,502-500-045,1,Juv,PAST,PORI,24
2016,2016,Sept,9/13/2016,UK,OS,Carysfort Shallow,502,502-500-045,1,Juv,PAST,PORI,6
2016,2016,Sept,9/13/2016,UK,OS,Carysfort Shallow,502,502-500-115,1,Juv,AAGA,AGAR,33
2016,2016,Sept,9/13/2016,UK,OS,Carysfort Shallow,502,502-500-160,1,Juv,AAGA,AGAR,11
2016,2016,Sept,9/13/2016,UK,OS,Carysfort Shallow,503,503-100-044,1,Juv,MCAV,MCAV,24
2016,2016,Sept,9/13/2016,UK,OS,Carysfort Shallow,503,503-100-044,1,Juv,PAST,PORI,10
2016,2016,Sept,9/13/2016,UK,OS,Carysfort Shallow,503,503-100-044,1,Juv,PAST,PORI,25
2016,2016,Sept,9/13/2016,UK,OS,Carysfort Shallow,503,503-100-070,1,Juv,PAST,PORI,19
2016,2016,Sept,9/13/2016,UK,OS,Carysfort Shallow,503,503-100-070,1,Juv,PAST,PORI,9
2016,2016,Sept,9/13/2016,UK,OS,Carysfort Shallow,503,503-100-070,1,Juv,PAST,PORI,11
2016,2016,Sept,9/13/2016,UK,OS,Carysfort Shallow,503,503-100-070,1,Juv,PAST,PORI,8
2016,2016,Sept,9/13/2016,UK,OS,Carysfort Shallow,503,503-100-089,1,Juv,PAST,PORI,21
2016,2016,Sept,9/13/2016,UK,OS,Carysfort Shallow,503,503-100-089,1,Juv,PAST,PORI,15
2016,2016,Sept,9/13/2016,UK,OS,Carysfort Shallow,503,503-100-089,1,Juv,PAST,PORI,6
2016,2016,Sept,9/13/2016,UK,OS,Carysfort Shallow,503,503-100-183,1,Juv,PAST,PORI,17
2016,2016,Sept,9/13/2016,UK,OS,Carysfort Shallow,503,503-100-183,1,Juv,SSID,SIDE,13
2016,2016,Sept,9/13/2016,UK,OS,Carysfort Shallow,503,503-500-063,1,Juv,PAST,PORI,22
2016,2016,Sept,9/13/2016,UK,OS,Carysfort Shallow,503,503-500-063,1,Juv,PAST,PORI,6
2016,2016,Sept,9/13/2016,UK,OS,Carysfort Shallow,503,503-500-063,1,Juv,PAST,PORI,26
2016,2016,Sept,9/13/2016,UK,OS,Carysfort Shallow,503,503-500-092,1,Juv,PAST,PORI,14
2016,2016,Sept,9/13/2016,UK,OS,Carysfort Shallow,503,503-500-092,1,Juv,PAST,PORI,17
2016,2016,Sept,9/13/2016,UK,OS,Carysfort Shallow,503,503-500-092,1,Juv,PAST,PORI,6
2016,2016,Sept,9/13/2016,UK,OS,Carysfort Shallow,503,503-500-092,1,Juv,PAST,PORI,11
2016,2016,Sept,9/13/2016,UK,OS,Carysfort Shallow,503,503-500-092,1,Iso,SRAD,SIDE,18
2016,2016,Sept,9/13/2016,UK,OS,Carysfort Shallow,503,503-500-092,1,Iso,SRAD,SIDE,32
2016,2016,Sept,9/13/2016,UK,OS,Carysfort Shallow,503,503-500-118,1,Iso,PAST,PORI,32
2016,2016,Sept,9/13/2016,UK,OS,Carysfort Shallow,503,503-500-118,1,Iso,PAST,PORI,18
2016,2016,Sept,9/13/2016,UK,OS,Carysfort Shallow,503,503-500-118,1,Juv,PAST,PORI,8
2016,2016,Sept,9/13/2016,UK,OS,Carysfort Shallow,503,503-500-145,0,NA,NA,NA,NA
2016,2016,Sept,9/13/2016,UK,OS,Carysfort Shallow,504,504-100-019,1,Iso,PAST,PORI,7
2016,2016,Sept,9/13/2016,UK,OS,Carysfort Shallow,504,504-100-019,1,Juv,PAST,PORI,18
2016,2016,Sept,9/13/2016,UK,OS,Carysfort Shallow,504,504-100-019,1,Juv,PAST,PORI,26
2016,2016,Sept,9/13/2016,UK,OS,Carysfort Shallow,504,504-100-138,1,Juv,PAST,PORI,35
2016,2016,Sept,9/13/2016,UK,OS,Carysfort Shallow,504,504-100-138,1,Juv,PAST,PORI,8
2016,2016,Sept,9/13/2016,UK,OS,Carysfort Shallow,504,504-100-138,1,Juv,PAST,PORI,14
2016,2016,Sept,9/13/2016,UK,OS,Carysfort Shallow,504,504-100-138,1,Juv,PAST,PORI,4
2016,2016,Sept,9/13/2016,UK,OS,Carysfort Shallow,504,504-100-171,1,Juv,PAST,PORI,12
2016,2016,Sept,9/13/2016,UK,OS,Carysfort Shallow,504,504-100-171,1,Juv,PAST,PORI,10
2016,2016,Sept,9/13/2016,UK,OS,Carysfort Shallow,504,504-100-184,1,Juv,PAST,PORI,9
2016,2016,Sept,9/13/2016,UK,OS,Carysfort Shallow,504,504-500-021,1,Juv,AAGA,AGAR,13
2016,2016,Sept,9/13/2016,UK,OS,Carysfort Shallow,504,504-500-021,1,Juv,PAST,PORI,32
2016,2016,Sept,9/13/2016,UK,OS,Carysfort Shallow,504,504-500-021,1,Juv,PAST,PORI,8
2016,2016,Sept,9/13/2016,UK,OS,Carysfort Shallow,504,504-500-021,1,Juv,PAST,PORI,4
2016,2016,Sept,9/13/2016,UK,OS,Carysfort Shallow,504,504-500-021,1,Juv,PAST,PORI,8
2016,2016,Sept,9/13/2016,UK,OS,Carysfort Shallow,504,504-500-060,1,Juv,AAGA,AGAR,11
2016,2016,Sept,9/13/2016,UK,OS,Carysfort Shallow,504,504-500-060,1,Juv,AAGA,AGAR,4
2016,2016,Sept,9/13/2016,UK,OS,Carysfort Shallow,504,504-500-060,1,Juv,PAST,PORI,6
2016,2016,Sept,9/13/2016,UK,OS,Carysfort Shallow,504,504-500-060,1,Juv,PAST,PORI,3
2016,2016,Sept,9/13/2016,UK,OS,Carysfort Shallow,504,504-500-060,1,Juv,PAST,PORI,34
2016,2016,Sept,9/13/2016,UK,OS,Carysfort Shallow,504,504-500-159,1,Juv,PAST,PORI,7
2016,2016,Sept,9/13/2016,UK,OS,Carysfort Shallow,504,504-500-159,1,Juv,PAST,PORI,34
2016,2016,Sept,9/13/2016,UK,OS,Carysfort Shallow,504,504-500-159,1,Juv,PAST,PORI,28
2016,2016,Sept,9/13/2016,UK,OS,Carysfort Shallow,504,504-500-159,1,Juv,PAST,PORI,10
2016,2016,Sept,9/13/2016,UK,OS,Carysfort Shallow,504,504-500-159,1,Juv,PAST,PORI,5
2016,2016,Sept,9/13/2016,UK,OS,Carysfort Shallow,504,504-500-159,1,Juv,SRAD,SIDE,32
2016,2016,Sept,9/13/2016,UK,OS,Carysfort Shallow,504,504-500-210,1,Juv,PAST,PORI,11
2016,2016,Sept,9/13/2016,UK,OS,Carysfort Shallow,504,504-500-210,1,Juv,PAST,PORI,13
2016,2016,Sept,9/14/2016,UK,OS,Molasses Shallow,521,521-100-011,0,NA,NA,NA,NA
2016,2016,Sept,9/14/2016,UK,OS,Molasses Shallow,521,521-100-027,1,Juv,SSID,SIDE,24
2016,2016,Sept,9/14/2016,UK,OS,Molasses Shallow,521,521-100-088,1,Juv,PAST,PORI,12
2016,2016,Sept,9/14/2016,UK,OS,Molasses Shallow,521,521-100-174,1,Iso,AAGA,AGAR,32
2016,2016,Sept,9/14/2016,UK,OS,Molasses Shallow,521,521-100-174,1,Iso,AAGA,AGAR,14
2016,2016,Sept,9/14/2016,UK,OS,Molasses Shallow,521,521-100-174,1,Iso,AAGA,AGAR,31
2016,2016,Sept,9/14/2016,UK,OS,Molasses Shallow,521,521-500-025,0,NA,NA,NA,NA
2016,2016,Sept,9/14/2016,UK,OS,Molasses Shallow,521,521-500-061,1,Iso,AAGA,AGAR,32
2016,2016,Sept,9/14/2016,UK,OS,Molasses Shallow,521,521-500-061,1,Juv,AAGA,AGAR,33
2016,2016,Sept,9/14/2016,UK,OS,Molasses Shallow,521,521-500-061,1,Juv,PAST,PORI,10
2016,2016,Sept,9/14/2016,UK,OS,Molasses Shallow,521,521-500-137,1,Juv,AAGA,AGAR,19
2016,2016,Sept,9/14/2016,UK,OS,Molasses Shallow,521,521-500-137,1,Juv,FFRA,FFRA,28
2016,2016,Sept,9/14/2016,UK,OS,Molasses Shallow,521,521-500-137,1,Juv,PAST,PORI,17
2016,2016,Sept,9/14/2016,UK,OS,Molasses Shallow,521,521-500-205,1,Juv,AAGA,AGAR,28
2016,2016,Sept,9/14/2016,UK,OS,Molasses Shallow,522,522-100-025,0,NA,NA,NA,NA
2016,2016,Sept,9/14/2016,UK,OS,Molasses Shallow,522,522-100-058,1,Juv,PAST,PORI,13
2016,2016,Sept,9/14/2016,UK,OS,Molasses Shallow,522,522-100-091,1,Iso,AAGA,AGAR,14
2016,2016,Sept,9/14/2016,UK,OS,Molasses Shallow,522,522-100-091,1,Iso,AAGA,AGAR,7
2016,2016,Sept,9/14/2016,UK,OS,Molasses Shallow,522,522-100-091,1,Juv,AAGA,AGAR,12
2016,2016,Sept,9/14/2016,UK,OS,Molasses Shallow,522,522-100-091,1,Juv,AAGA,AGAR,8
2016,2016,Sept,9/14/2016,UK,OS,Molasses Shallow,522,522-100-091,1,Iso,PAST,PORI,39
2016,2016,Sept,9/14/2016,UK,OS,Molasses Shallow,522,522-100-139,1,Juv,SRAD,SIDE,33
2016,2016,Sept,9/14/2016,UK,OS,Molasses Shallow,522,522-100-139,1,Juv,SRAD,SIDE,15
2016,2016,Sept,9/14/2016,UK,OS,Molasses Shallow,522,522-100-139,1,Juv,SSID,SIDE,9
2016,2016,Sept,9/14/2016,UK,OS,Molasses Shallow,522,522-100-139,1,Juv,SSID,SIDE,11
2016,2016,Sept,9/14/2016,UK,OS,Molasses Shallow,522,522-100-139,1,Juv,SSID,SIDE,9
2016,2016,Sept,9/14/2016,UK,OS,Molasses Shallow,522,522-100-139,1,Juv,SSID,SIDE,8
2016,2016,Sept,9/14/2016,UK,OS,Molasses Shallow,522,522-100-139,1,Juv,SSID,SIDE,3
2016,2016,Sept,9/14/2016,UK,OS,Molasses Shallow,522,522-500-033,1,Juv,AAGA,AGAR,21
2016,2016,Sept,9/14/2016,UK,OS,Molasses Shallow,522,522-500-033,1,Juv,AAGA,AGAR,12
2016,2016,Sept,9/14/2016,UK,OS,Molasses Shallow,522,522-500-033,1,Juv,AAGA,AGAR,22
2016,2016,Sept,9/14/2016,UK,OS,Molasses Shallow,522,522-500-063,1,Juv,PAST,PORI,29
2016,2016,Sept,9/14/2016,UK,OS,Molasses Shallow,522,522-500-138,1,Juv,AAGA,AGAR,20
2016,2016,Sept,9/14/2016,UK,OS,Molasses Shallow,522,522-500-138,1,Juv,FFRA,FFRA,29
2016,2016,Sept,9/14/2016,UK,OS,Molasses Shallow,522,522-500-200,1,Iso,AAGA,AGAR,28
2016,2016,Sept,9/14/2016,UK,OS,Molasses Shallow,522,522-500-200,1,Iso,AAGA,AGAR,27
2016,2016,Sept,9/14/2016,UK,OS,Molasses Shallow,522,522-500-200,1,Juv,AAGA,AGAR,27
2016,2016,Sept,9/14/2016,UK,OS,Molasses Shallow,522,522-500-200,1,Juv,AAGA,AGAR,12
2016,2016,Sept,9/14/2016,UK,OS,Molasses Shallow,523,523-100-003,1,Juv,PPOR,PORI,25
2016,2016,Sept,9/14/2016,UK,OS,Molasses Shallow,523,523-100-003,1,Juv,SSID,SIDE,32
2016,2016,Sept,9/14/2016,UK,OS,Molasses Shallow,523,523-100-036,1,Juv,LCUC,AGAR,39
2016,2016,Sept,9/14/2016,UK,OS,Molasses Shallow,523,523-100-036,1,Juv,SSID,SIDE,13
2016,2016,Sept,9/14/2016,UK,OS,Molasses Shallow,523,523-100-036,1,Juv,SSID,SIDE,17
2016,2016,Sept,9/14/2016,UK,OS,Molasses Shallow,523,523-100-036,1,Juv,SSID,SIDE,6
2016,2016,Sept,9/14/2016,UK,OS,Molasses Shallow,523,523-100-036,1,Juv,SSID,SIDE,36
2016,2016,Sept,9/14/2016,UK,OS,Molasses Shallow,523,523-100-036,1,Juv,SSID,SIDE,15
2016,2016,Sept,9/14/2016,UK,OS,Molasses Shallow,523,523-100-036,1,Juv,SMIC,SMIC,26
2016,2016,Sept,9/14/2016,UK,OS,Molasses Shallow,523,523-100-107,1,Iso,AAGA,AGAR,22
2016,2016,Sept,9/14/2016,UK,OS,Molasses Shallow,523,523-100-107,1,Iso,MCAV,MCAV,28
2016,2016,Sept,9/14/2016,UK,OS,Molasses Shallow,523,523-100-107,1,Uns,ORBI,ORBI,34
2016,2016,Sept,9/14/2016,UK,OS,Molasses Shallow,523,523-100-107,1,Juv,PAST,PORI,10
2016,2016,Sept,9/14/2016,UK,OS,Molasses Shallow,523,523-100-107,1,Iso,SSID,SIDE,38
2016,2016,Sept,9/14/2016,UK,OS,Molasses Shallow,523,523-100-107,1,Iso,SSID,SIDE,9
2016,2016,Sept,9/14/2016,UK,OS,Molasses Shallow,523,523-100-107,1,Iso,SSID,SIDE,23
2016,2016,Sept,9/14/2016,UK,OS,Molasses Shallow,523,523-100-107,1,Iso,SSID,SIDE,28
2016,2016,Sept,9/14/2016,UK,OS,Molasses Shallow,523,523-100-107,1,Juv,SSID,SIDE,25
2016,2016,Sept,9/14/2016,UK,OS,Molasses Shallow,523,523-100-107,1,Juv,SSID,SIDE,24
2016,2016,Sept,9/14/2016,UK,OS,Molasses Shallow,523,523-100-157,1,Juv,AAGA,AGAR,30
2016,2016,Sept,9/14/2016,UK,OS,Molasses Shallow,523,523-500-023,1,Juv,AAGA,AGAR,38
2016,2016,Sept,9/14/2016,UK,OS,Molasses Shallow,523,523-500-023,1,Juv,AAGA,AGAR,19
2016,2016,Sept,9/14/2016,UK,OS,Molasses Shallow,523,523-500-023,1,Juv,SSID,SIDE,22
2016,2016,Sept,9/14/2016,UK,OS,Molasses Shallow,523,523-500-063,1,Juv,AAGA,AGAR,21
2016,2016,Sept,9/14/2016,UK,OS,Molasses Shallow,523,523-500-063,1,Juv,PAST,PORI,8
2016,2016,Sept,9/14/2016,UK,OS,Molasses Shallow,523,523-500-063,1,Juv,PAST,PORI,10
2016,2016,Sept,9/14/2016,UK,OS,Molasses Shallow,523,523-500-063,1,Juv,PPOR,PORI,15
2016,2016,Sept,9/14/2016,UK,OS,Molasses Shallow,523,523-500-101,1,Juv,AAGA,AGAR,28
2016,2016,Sept,9/14/2016,UK,OS,Molasses Shallow,523,523-500-101,1,Juv,AAGA,AGAR,25
2016,2016,Sept,9/14/2016,UK,OS,Molasses Shallow,523,523-500-101,1,Juv,PAST,PORI,9
2016,2016,Sept,9/14/2016,UK,OS,Molasses Shallow,523,523-500-167,1,Juv,PAST,PORI,7
2016,2016,Sept,9/14/2016,UK,OS,Molasses Shallow,524,524-100-019,1,Juv,AAGA,AGAR,31
2016,2016,Sept,9/14/2016,UK,OS,Molasses Shallow,524,524-100-019,1,Juv,PAST,PORI,16
2016,2016,Sept,9/14/2016,UK,OS,Molasses Shallow,524,524-100-019,1,Juv,PAST,PORI,12
2016,2016,Sept,9/14/2016,UK,OS,Molasses Shallow,524,524-100-019,1,Iso,PPOR,PORI,23
2016,2016,Sept,9/14/2016,UK,OS,Molasses Shallow,524,524-100-019,1,Iso,PPOR,PORI,19
2016,2016,Sept,9/14/2016,UK,OS,Molasses Shallow,524,524-100-051,1,Juv,SRAD,SIDE,21
2016,2016,Sept,9/14/2016,UK,OS,Molasses Shallow,524,524-100-132,1,Juv,DSTO,DSTO,19
2016,2016,Sept,9/14/2016,UK,OS,Molasses Shallow,524,524-100-132,1,Juv,PAST,PORI,9
2016,2016,Sept,9/14/2016,UK,OS,Molasses Shallow,524,524-100-163,1,Juv,PAST,PORI,24
2016,2016,Sept,9/14/2016,UK,OS,Molasses Shallow,524,524-500-019,1,Juv,AAGA,AGAR,14
2016,2016,Sept,9/14/2016,UK,OS,Molasses Shallow,524,524-500-036,1,Iso,MDEC,MADR,20
2016,2016,Sept,9/14/2016,UK,OS,Molasses Shallow,524,524-500-036,1,Iso,MDEC,MADR,34
2016,2016,Sept,9/14/2016,UK,OS,Molasses Shallow,524,524-500-036,1,Iso,MDEC,MADR,13
2016,2016,Sept,9/14/2016,UK,OS,Molasses Shallow,524,524-500-089,1,Juv,AAGA,AGAR,31
2016,2016,Sept,9/14/2016,UK,OS,Molasses Shallow,524,524-500-089,1,Juv,AAGA,AGAR,23
2016,2016,Sept,9/14/2016,UK,OS,Molasses Shallow,524,524-500-165,1,Juv,PAST,PORI,23
2016,2016,May,5/13/2016,MK,OS,Tennessee Shallow,551,551-100-012,1,Juv,PAST,PORI,30
2016,2016,May,5/13/2016,MK,OS,Tennessee Shallow,551,551-100-012,1,Juv,SSID,SIDE,32
2016,2016,May,5/13/2016,MK,OS,Tennessee Shallow,551,551-100-073,1,Juv,PAST,PORI,26
2016,2016,May,5/13/2016,MK,OS,Tennessee Shallow,551,551-100-073,1,Juv,SRAD,SIDE,25
2016,2016,May,5/13/2016,MK,OS,Tennessee Shallow,551,551-100-133,1,Juv,AAGA,AGAR,14
2016,2016,May,5/13/2016,MK,OS,Tennessee Shallow,551,551-100-133,1,Uns,ORBI,ORBI,29
2016,2016,May,5/13/2016,MK,OS,Tennessee Shallow,551,551-100-192,1,Juv,PAST,PORI,21
2016,2016,May,5/13/2016,MK,OS,Tennessee Shallow,551,551-100-192,1,Juv,PAST,PORI,24
2016,2016,May,5/13/2016,MK,OS,Tennessee Shallow,551,551-500-020,1,Juv,MCAV,MCAV,16
2016,2016,May,5/13/2016,MK,OS,Tennessee Shallow,551,551-500-088,0,NA,NA,NA,NA
2016,2016,May,5/13/2016,MK,OS,Tennessee Shallow,551,551-500-140,1,Juv,PAST,PORI,30
2016,2016,May,5/13/2016,MK,OS,Tennessee Shallow,551,551-500-140,1,Juv,PPOR,PORI,16
2016,2016,May,5/13/2016,MK,OS,Tennessee Shallow,551,551-500-198,1,Juv,PAST,PORI,32
2016,2016,May,5/13/2016,MK,OS,Tennessee Shallow,551,551-500-198,1,Juv,SSID,SIDE,29
2016,2016,May,5/13/2016,MK,OS,Tennessee Shallow,551,551-500-198,1,Juv,SMIC,SMIC,38
2016,2016,May,5/13/2016,MK,OS,Tennessee Shallow,552,552-100-012,1,Juv,DSTO,DSTO,27
2016,2016,May,5/13/2016,MK,OS,Tennessee Shallow,552,552-100-012,1,Iso,PAST,PORI,33
2016,2016,May,5/13/2016,MK,OS,Tennessee Shallow,552,552-100-012,1,Juv,PAST,PORI,27
2016,2016,May,5/13/2016,MK,OS,Tennessee Shallow,552,552-100-012,1,Juv,PAST,PORI,17
2016,2016,May,5/13/2016,MK,OS,Tennessee Shallow,552,552-100-094,1,Juv,SRAD,SIDE,35
2016,2016,May,5/13/2016,MK,OS,Tennessee Shallow,552,552-100-169,1,Juv,MCAV,MCAV,32
2016,2016,May,5/13/2016,MK,OS,Tennessee Shallow,552,552-100-169,1,Juv,PAST,PORI,17
2016,2016,May,5/13/2016,MK,OS,Tennessee Shallow,552,552-100-169,1,Juv,SSID,SIDE,29
2016,2016,May,5/13/2016,MK,OS,Tennessee Shallow,552,552-100-217,0,NA,NA,NA,NA
2016,2016,May,5/13/2016,MK,OS,Tennessee Shallow,552,552-500-028,1,Juv,DSTO,DSTO,26
2016,2016,May,5/13/2016,MK,OS,Tennessee Shallow,552,552-500-028,1,Juv,PAST,PORI,22
2016,2016,May,5/13/2016,MK,OS,Tennessee Shallow,552,552-500-028,1,Juv,PAST,PORI,9
2016,2016,May,5/13/2016,MK,OS,Tennessee Shallow,552,552-500-028,1,Juv,SSID,SIDE,25
2016,2016,May,5/13/2016,MK,OS,Tennessee Shallow,552,552-500-028,1,Juv,SSID,SIDE,16
2016,2016,May,5/13/2016,MK,OS,Tennessee Shallow,552,552-500-083,1,Juv,MCAV,MCAV,7
2016,2016,May,5/13/2016,MK,OS,Tennessee Shallow,552,552-500-083,1,Juv,PAST,PORI,25
2016,2016,May,5/13/2016,MK,OS,Tennessee Shallow,552,552-500-083,1,Juv,PAST,PORI,27
2016,2016,May,5/13/2016,MK,OS,Tennessee Shallow,552,552-500-083,1,Juv,PPOR,PORI,22
2016,2016,May,5/13/2016,MK,OS,Tennessee Shallow,552,552-500-083,1,Juv,PPOR,PORI,35
2016,2016,May,5/13/2016,MK,OS,Tennessee Shallow,552,552-500-083,1,Juv,SSID,SIDE,4
2016,2016,May,5/13/2016,MK,OS,Tennessee Shallow,552,552-500-106,1,Iso,SSID,SIDE,34
2016,2016,May,5/13/2016,MK,OS,Tennessee Shallow,552,552-500-106,1,Iso,SSID,SIDE,29
2016,2016,May,5/13/2016,MK,OS,Tennessee Shallow,552,552-500-106,1,Iso,SSID,SIDE,25
2016,2016,May,5/13/2016,MK,OS,Tennessee Shallow,552,552-500-132,1,Juv,DLAB,DIPL,20
2016,2016,May,5/13/2016,MK,OS,Tennessee Shallow,552,552-500-132,1,Juv,PAST,PORI,13
2016,2016,May,5/13/2016,MK,OS,Tennessee Shallow,552,552-500-132,1,Juv,SRAD,SIDE,30
2016,2016,May,5/13/2016,MK,OS,Tennessee Shallow,552,552-500-132,1,Juv,SSID,SIDE,25
2016,2016,May,5/13/2016,MK,OS,Tennessee Shallow,552,552-500-132,1,Juv,SSID,SIDE,14
2016,2016,May,5/13/2016,MK,OS,Tennessee Shallow,552,552-500-132,1,Juv,SSID,SIDE,23
2016,2016,May,5/13/2016,MK,OS,Tennessee Shallow,552,552-500-132,1,Juv,SSID,SIDE,18
2016,2016,May,5/13/2016,MK,OS,Tennessee Shallow,552,552-500-132,1,Juv,SSID,SIDE,31
2016,2016,May,5/13/2016,MK,OS,Tennessee Shallow,552,552-500-132,1,Juv,SMIC,SMIC,23
2016,2016,May,5/13/2016,MK,OS,Tennessee Shallow,553,553-100-089,1,Juv,DLAB,DIPL,33
2016,2016,May,5/13/2016,MK,OS,Tennessee Shallow,553,553-100-089,1,Juv,PAST,PORI,35
2016,2016,May,5/13/2016,MK,OS,Tennessee Shallow,553,553-100-089,1,Juv,PAST,PORI,14
2016,2016,May,5/13/2016,MK,OS,Tennessee Shallow,553,553-100-089,1,Juv,PAST,PORI,20
2016,2016,May,5/13/2016,MK,OS,Tennessee Shallow,553,553-100-089,1,Juv,SSID,SIDE,5
2016,2016,May,5/13/2016,MK,OS,Tennessee Shallow,553,553-100-133,1,Juv,MCAV,MCAV,21
2016,2016,May,5/13/2016,MK,OS,Tennessee Shallow,553,553-100-133,1,Juv,PAST,PORI,25
2016,2016,May,5/13/2016,MK,OS,Tennessee Shallow,553,553-100-133,1,Juv,SRAD,SIDE,32
2016,2016,May,5/13/2016,MK,OS,Tennessee Shallow,553,553-100-133,1,Juv,SSID,SIDE,17
2016,2016,May,5/13/2016,MK,OS,Tennessee Shallow,553,553-100-133,1,Juv,SSID,SIDE,10
2016,2016,May,5/13/2016,MK,OS,Tennessee Shallow,553,553-100-133,1,Juv,SSID,SIDE,6
2016,2016,May,5/13/2016,MK,OS,Tennessee Shallow,553,553-100-133,1,Juv,SSID,SIDE,19
2016,2016,May,5/13/2016,MK,OS,Tennessee Shallow,553,553-100-154,1,Juv,DSTO,DSTO,33
2016,2016,May,5/13/2016,MK,OS,Tennessee Shallow,553,553-100-154,1,Juv,DSTO,DSTO,39
2016,2016,May,5/13/2016,MK,OS,Tennessee Shallow,553,553-100-154,1,Juv,DSTO,DSTO,23
2016,2016,May,5/13/2016,MK,OS,Tennessee Shallow,553,553-100-154,1,Juv,MCAV,MCAV,29
2016,2016,May,5/13/2016,MK,OS,Tennessee Shallow,553,553-100-154,1,Juv,PAST,PORI,31
2016,2016,May,5/13/2016,MK,OS,Tennessee Shallow,553,553-100-176,0,NA,NA,NA,NA
2016,2016,May,5/13/2016,MK,OS,Tennessee Shallow,553,553-500-030,1,Juv,DSTO,DSTO,14
2016,2016,May,5/13/2016,MK,OS,Tennessee Shallow,553,553-500-030,1,Juv,PAST,PORI,38
2016,2016,May,5/13/2016,MK,OS,Tennessee Shallow,553,553-500-087,1,Juv,CNAT,CNAT,12
2016,2016,May,5/13/2016,MK,OS,Tennessee Shallow,553,553-500-087,1,Juv,PAST,PORI,37
2016,2016,May,5/13/2016,MK,OS,Tennessee Shallow,553,553-500-087,1,Juv,PAST,PORI,32
2016,2016,May,5/13/2016,MK,OS,Tennessee Shallow,553,553-500-087,1,Juv,PAST,PORI,37
2016,2016,May,5/13/2016,MK,OS,Tennessee Shallow,553,553-500-087,1,Juv,PAST,PORI,8
2016,2016,May,5/13/2016,MK,OS,Tennessee Shallow,553,553-500-087,1,Juv,PPOR,PORI,39
2016,2016,May,5/13/2016,MK,OS,Tennessee Shallow,553,553-500-087,1,Juv,SSID,SIDE,8
2016,2016,May,5/13/2016,MK,OS,Tennessee Shallow,553,553-500-087,1,Juv,SSID,SIDE,29
2016,2016,May,5/13/2016,MK,OS,Tennessee Shallow,553,553-500-087,1,Juv,UNKS,UNKS,10
2016,2016,May,5/13/2016,MK,OS,Tennessee Shallow,553,553-500-121,1,Juv,DSTR,DIPL,35
2016,2016,May,5/13/2016,MK,OS,Tennessee Shallow,553,553-500-121,1,Juv,PAST,PORI,11
2016,2016,May,5/13/2016,MK,OS,Tennessee Shallow,553,553-500-121,1,Juv,SSID,SIDE,21
2016,2016,May,5/13/2016,MK,OS,Tennessee Shallow,553,553-500-121,1,Juv,SSID,SIDE,38
2016,2016,May,5/13/2016,MK,OS,Tennessee Shallow,553,553-500-121,1,Juv,SSID,SIDE,30
2016,2016,May,5/13/2016,MK,OS,Tennessee Shallow,553,553-500-121,1,Juv,SMIC,SMIC,8
2016,2016,May,5/13/2016,MK,OS,Tennessee Shallow,553,553-500-121,1,Juv,SMIC,SMIC,13
2016,2016,May,5/13/2016,MK,OS,Tennessee Shallow,553,553-500-160,1,Juv,PAST,PORI,13
2016,2016,May,5/13/2016,MK,OS,Tennessee Shallow,554,554-100-014,1,Juv,DSTO,DSTO,31
2016,2016,May,5/13/2016,MK,OS,Tennessee Shallow,554,554-100-014,1,Juv,MCAV,MCAV,11
2016,2016,May,5/13/2016,MK,OS,Tennessee Shallow,554,554-100-014,1,Juv,PAST,PORI,28
2016,2016,May,5/13/2016,MK,OS,Tennessee Shallow,554,554-100-014,1,Juv,PAST,PORI,29
2016,2016,May,5/13/2016,MK,OS,Tennessee Shallow,554,554-100-053,1,Juv,MCAV,MCAV,34
2016,2016,May,5/13/2016,MK,OS,Tennessee Shallow,554,554-100-053,1,Juv,MCAV,MCAV,24
2016,2016,May,5/13/2016,MK,OS,Tennessee Shallow,554,554-100-053,1,Juv,PAST,PORI,10
2016,2016,May,5/13/2016,MK,OS,Tennessee Shallow,554,554-100-053,1,Juv,PAST,PORI,27
2016,2016,May,5/13/2016,MK,OS,Tennessee Shallow,554,554-100-053,1,Juv,PAST,PORI,10
2016,2016,May,5/13/2016,MK,OS,Tennessee Shallow,554,554-100-053,1,Juv,SMIC,SMIC,38
2016,2016,May,5/13/2016,MK,OS,Tennessee Shallow,554,554-100-102,1,Juv,PAST,PORI,38
2016,2016,May,5/13/2016,MK,OS,Tennessee Shallow,554,554-100-102,1,Uns,PAST,PORI,24
2016,2016,May,5/13/2016,MK,OS,Tennessee Shallow,554,554-100-102,1,Uns,PPOR,PORI,34
2016,2016,May,5/13/2016,MK,OS,Tennessee Shallow,554,554-100-102,1,Juv,SMIC,SMIC,12
2016,2016,May,5/13/2016,MK,OS,Tennessee Shallow,554,554-100-179,1,Juv,DSTO,DSTO,15
2016,2016,May,5/13/2016,MK,OS,Tennessee Shallow,554,554-100-179,1,Iso,PAST,PORI,10
2016,2016,May,5/13/2016,MK,OS,Tennessee Shallow,554,554-100-179,1,Iso,PAST,PORI,10
2016,2016,May,5/13/2016,MK,OS,Tennessee Shallow,554,554-100-179,1,Iso,PAST,PORI,13
2016,2016,May,5/13/2016,MK,OS,Tennessee Shallow,554,554-100-179,1,Iso,PAST,PORI,14
2016,2016,May,5/13/2016,MK,OS,Tennessee Shallow,554,554-100-179,1,Juv,PAST,PORI,22
2016,2016,May,5/13/2016,MK,OS,Tennessee Shallow,554,554-100-179,1,Juv,PAST,PORI,20
2016,2016,May,5/13/2016,MK,OS,Tennessee Shallow,554,554-100-179,1,Juv,PORI,PORI,4
2016,2016,May,5/13/2016,MK,OS,Tennessee Shallow,554,554-100-179,1,Juv,PPOR,PORI,27
2016,2016,May,5/13/2016,MK,OS,Tennessee Shallow,554,554-100-179,1,Juv,PPOR,PORI,15
2016,2016,May,5/13/2016,MK,OS,Tennessee Shallow,554,554-100-179,1,Juv,SRAD,SIDE,32
2016,2016,May,5/13/2016,MK,OS,Tennessee Shallow,554,554-100-179,1,Juv,SRAD,SIDE,28
2016,2016,May,5/13/2016,MK,OS,Tennessee Shallow,554,554-500-016,1,Juv,DSTO,DSTO,21
2016,2016,May,5/13/2016,MK,OS,Tennessee Shallow,554,554-500-016,1,Juv,DSTO,DSTO,12
2016,2016,May,5/13/2016,MK,OS,Tennessee Shallow,554,554-500-016,1,Juv,MCAV,MCAV,17
2016,2016,May,5/13/2016,MK,OS,Tennessee Shallow,554,554-500-016,1,Juv,MCAV,MCAV,17
2016,2016,May,5/13/2016,MK,OS,Tennessee Shallow,554,554-500-016,1,Iso,PAST,PORI,10
2016,2016,May,5/13/2016,MK,OS,Tennessee Shallow,554,554-500-016,1,Iso,PAST,PORI,14
2016,2016,May,5/13/2016,MK,OS,Tennessee Shallow,554,554-500-016,1,Juv,PAST,PORI,22
2016,2016,May,5/13/2016,MK,OS,Tennessee Shallow,554,554-500-016,1,Juv,PAST,PORI,10
2016,2016,May,5/13/2016,MK,OS,Tennessee Shallow,554,554-500-016,1,Juv,SMIC,SMIC,20
2016,2016,May,5/13/2016,MK,OS,Tennessee Shallow,554,554-500-049,1,Juv,PAST,PORI,22
2016,2016,May,5/13/2016,MK,OS,Tennessee Shallow,554,554-500-049,1,Juv,PAST,PORI,28
2016,2016,May,5/13/2016,MK,OS,Tennessee Shallow,554,554-500-114,1,Juv,AAGA,AGAR,12
2016,2016,May,5/13/2016,MK,OS,Tennessee Shallow,554,554-500-114,1,Juv,PAST,PORI,23
2016,2016,May,5/13/2016,MK,OS,Tennessee Shallow,554,554-500-114,1,Iso,SSID,SIDE,9
2016,2016,May,5/13/2016,MK,OS,Tennessee Shallow,554,554-500-114,1,Juv,SSID,SIDE,29
2016,2016,May,5/13/2016,MK,OS,Tennessee Shallow,554,554-500-171,1,Juv,PAST,PORI,22
2016,2016,May,5/13/2016,MK,OS,Tennessee Shallow,554,554-500-171,1,Juv,PAST,PORI,19
2016,2016,May,5/13/2016,MK,OS,Tennessee Shallow,554,554-500-171,1,Juv,SSID,SIDE,23
2016,2016,May,5/13/2016,MK,OS,Tennessee Shallow,554,554-500-171,1,Juv,SSID,SIDE,36
2016,2016,May,5/12/2016,MK,OS,Sombrero Shallow,561,561-100-028,0,NA,NA,NA,NA
2016,2016,May,5/12/2016,MK,OS,Sombrero Shallow,561,561-100-083,1,Juv,MCAV,MCAV,8
2016,2016,May,5/12/2016,MK,OS,Sombrero Shallow,561,561-100-083,1,Juv,PAST,PORI,14
2016,2016,May,5/12/2016,MK,OS,Sombrero Shallow,561,561-100-097,1,Juv,DIPL,DIPL,25
2016,2016,May,5/12/2016,MK,OS,Sombrero Shallow,561,561-100-139,1,Juv,AAGA,AGAR,27
2016,2016,May,5/12/2016,MK,OS,Sombrero Shallow,561,561-100-139,1,Juv,SSID,SIDE,30
2016,2016,May,5/12/2016,MK,OS,Sombrero Shallow,561,561-100-139,1,Juv,SSID,SIDE,21
2016,2016,May,5/12/2016,MK,OS,Sombrero Shallow,561,561-100-139,1,Juv,SSID,SIDE,17
2016,2016,May,5/12/2016,MK,OS,Sombrero Shallow,561,561-500-083,1,Juv,CNAT,CNAT,17
2016,2016,May,5/12/2016,MK,OS,Sombrero Shallow,561,561-500-083,1,Juv,DSTO,DSTO,31
2016,2016,May,5/12/2016,MK,OS,Sombrero Shallow,561,561-500-108,1,Juv,PAST,PORI,8
2016,2016,May,5/12/2016,MK,OS,Sombrero Shallow,561,561-500-108,1,Juv,PPOR,PORI,36
2016,2016,May,5/12/2016,MK,OS,Sombrero Shallow,561,561-500-108,1,Juv,SSID,SIDE,23
2016,2016,May,5/12/2016,MK,OS,Sombrero Shallow,561,561-500-108,1,Juv,SSID,SIDE,18
2016,2016,May,5/12/2016,MK,OS,Sombrero Shallow,561,561-500-154,1,Juv,AAGA,AGAR,9
2016,2016,May,5/12/2016,MK,OS,Sombrero Shallow,561,561-500-195,1,Juv,AAGA,AGAR,10
2016,2016,May,5/12/2016,MK,OS,Sombrero Shallow,561,561-500-195,1,Juv,AAGA,AGAR,28
2016,2016,May,5/12/2016,MK,OS,Sombrero Shallow,561,561-500-195,1,Juv,PAST,PORI,32
2016,2016,May,5/12/2016,MK,OS,Sombrero Shallow,561,561-500-195,1,Juv,PAST,PORI,8
2016,2016,May,5/12/2016,MK,OS,Sombrero Shallow,562,562-100-060,0,NA,NA,NA,NA
2016,2016,May,5/12/2016,MK,OS,Sombrero Shallow,562,562-100-080,0,NA,NA,NA,NA
2016,2016,May,5/12/2016,MK,OS,Sombrero Shallow,562,562-100-117,1,Iso,ACER,ACRO,25
2016,2016,May,5/12/2016,MK,OS,Sombrero Shallow,562,562-100-117,1,Iso,ACER,ACRO,26
2016,2016,May,5/12/2016,MK,OS,Sombrero Shallow,562,562-100-117,1,Juv,AAGA,AGAR,29
2016,2016,May,5/12/2016,MK,OS,Sombrero Shallow,562,562-100-117,1,Juv,AAGA,AGAR,26
2016,2016,May,5/12/2016,MK,OS,Sombrero Shallow,562,562-100-117,1,Juv,AAGA,AGAR,28
2016,2016,May,5/12/2016,MK,OS,Sombrero Shallow,562,562-100-117,1,Juv,AAGA,AGAR,28
2016,2016,May,5/12/2016,MK,OS,Sombrero Shallow,562,562-100-117,1,Juv,AAGA,AGAR,33
2016,2016,May,5/12/2016,MK,OS,Sombrero Shallow,562,562-100-117,1,Juv,AAGA,AGAR,23
2016,2016,May,5/12/2016,MK,OS,Sombrero Shallow,562,562-100-117,1,Juv,AAGA,AGAR,15
2016,2016,May,5/12/2016,MK,OS,Sombrero Shallow,562,562-100-117,1,Juv,AAGA,AGAR,11
2016,2016,May,5/12/2016,MK,OS,Sombrero Shallow,562,562-100-117,1,Juv,MCAV,MCAV,26
2016,2016,May,5/12/2016,MK,OS,Sombrero Shallow,562,562-100-117,1,Juv,PAST,PORI,15
2016,2016,May,5/12/2016,MK,OS,Sombrero Shallow,562,562-100-117,1,Juv,PAST,PORI,16
2016,2016,May,5/12/2016,MK,OS,Sombrero Shallow,562,562-100-117,1,Juv,PAST,PORI,18
2016,2016,May,5/12/2016,MK,OS,Sombrero Shallow,562,562-100-140,1,Juv,AAGA,AGAR,33
2016,2016,May,5/12/2016,MK,OS,Sombrero Shallow,562,562-100-140,1,Juv,AAGA,AGAR,25
2016,2016,May,5/12/2016,MK,OS,Sombrero Shallow,562,562-100-140,1,Juv,AAGA,AGAR,24
2016,2016,May,5/12/2016,MK,OS,Sombrero Shallow,562,562-100-140,1,Juv,AAGA,AGAR,23
2016,2016,May,5/12/2016,MK,OS,Sombrero Shallow,562,562-100-140,1,Juv,AAGA,AGAR,7
2016,2016,May,5/12/2016,MK,OS,Sombrero Shallow,562,562-100-140,1,Juv,PAST,PORI,7
2016,2016,May,5/12/2016,MK,OS,Sombrero Shallow,562,562-100-140,1,Juv,SSID,SIDE,18
2016,2016,May,5/12/2016,MK,OS,Sombrero Shallow,562,562-100-140,1,Juv,SSID,SIDE,23
2016,2016,May,5/12/2016,MK,OS,Sombrero Shallow,562,562-500-039,0,NA,NA,NA,NA
2016,2016,May,5/12/2016,MK,OS,Sombrero Shallow,562,562-500-077,1,Juv,AAGA,AGAR,32
2016,2016,May,5/12/2016,MK,OS,Sombrero Shallow,562,562-500-077,1,Juv,DSTR,DIPL,19
2016,2016,May,5/12/2016,MK,OS,Sombrero Shallow,562,562-500-077,1,Juv,PAST,PORI,31
2016,2016,May,5/12/2016,MK,OS,Sombrero Shallow,562,562-500-077,1,Juv,PAST,PORI,18
2016,2016,May,5/12/2016,MK,OS,Sombrero Shallow,562,562-500-126,0,NA,NA,NA,NA
2016,2016,May,5/12/2016,MK,OS,Sombrero Shallow,562,562-500-164,1,Juv,SSID,SIDE,38
2016,2016,May,5/12/2016,MK,OS,Sombrero Shallow,563,563-100-013,1,Juv,SSID,SIDE,28
2016,2016,May,5/12/2016,MK,OS,Sombrero Shallow,563,563-100-073,1,Juv,PAST,PORI,16
2016,2016,May,5/12/2016,MK,OS,Sombrero Shallow,563,563-100-073,1,Juv,PAST,PORI,10
2016,2016,May,5/12/2016,MK,OS,Sombrero Shallow,563,563-100-073,1,Juv,PAST,PORI,8
2016,2016,May,5/12/2016,MK,OS,Sombrero Shallow,563,563-100-107,1,Juv,PAST,PORI,27
2016,2016,May,5/12/2016,MK,OS,Sombrero Shallow,563,563-100-107,1,Juv,SSID,SIDE,13
2016,2016,May,5/12/2016,MK,OS,Sombrero Shallow,563,563-100-179,1,Iso,AAGA,AGAR,19
2016,2016,May,5/12/2016,MK,OS,Sombrero Shallow,563,563-100-179,1,Juv,AAGA,AGAR,19
2016,2016,May,5/12/2016,MK,OS,Sombrero Shallow,563,563-100-179,1,Juv,AAGA,AGAR,8
2016,2016,May,5/12/2016,MK,OS,Sombrero Shallow,563,563-100-179,1,Juv,AAGA,AGAR,27
2016,2016,May,5/12/2016,MK,OS,Sombrero Shallow,563,563-500-047,1,Juv,SSID,SIDE,21
2016,2016,May,5/12/2016,MK,OS,Sombrero Shallow,563,563-500-047,1,Juv,SSID,SIDE,18
2016,2016,May,5/12/2016,MK,OS,Sombrero Shallow,563,563-500-047,1,Juv,SSID,SIDE,14
2016,2016,May,5/12/2016,MK,OS,Sombrero Shallow,563,563-500-081,1,Juv,AAGA,AGAR,19
2016,2016,May,5/12/2016,MK,OS,Sombrero Shallow,563,563-500-081,1,Juv,PAST,PORI,12
2016,2016,May,5/12/2016,MK,OS,Sombrero Shallow,563,563-500-125,1,Juv,SSID,SIDE,28
2016,2016,May,5/12/2016,MK,OS,Sombrero Shallow,563,563-500-188,0,NA,NA,NA,NA
2016,2016,May,5/12/2016,MK,OS,Sombrero Shallow,564,564-100-047,1,Juv,AAGA,AGAR,18
2016,2016,May,5/12/2016,MK,OS,Sombrero Shallow,564,564-100-071,1,Juv,AAGA,AGAR,23
2016,2016,May,5/12/2016,MK,OS,Sombrero Shallow,564,564-100-071,1,Juv,AAGA,AGAR,22
2016,2016,May,5/12/2016,MK,OS,Sombrero Shallow,564,564-100-110,1,Juv,AAGA,AGAR,18
2016,2016,May,5/12/2016,MK,OS,Sombrero Shallow,564,564-100-162,0,NA,NA,NA,NA
2016,2016,May,5/12/2016,MK,OS,Sombrero Shallow,564,564-500-067,1,Juv,AAGA,AGAR,37
2016,2016,May,5/12/2016,MK,OS,Sombrero Shallow,564,564-500-067,1,Juv,AAGA,AGAR,15
2016,2016,May,5/12/2016,MK,OS,Sombrero Shallow,564,564-500-067,1,Juv,AAGA,AGAR,22
2016,2016,May,5/12/2016,MK,OS,Sombrero Shallow,564,564-500-067,1,Juv,SSID,SIDE,21
2016,2016,May,5/12/2016,MK,OS,Sombrero Shallow,564,564-500-067,1,Juv,SSID,SIDE,30
2016,2016,May,5/12/2016,MK,OS,Sombrero Shallow,564,564-500-092,1,Juv,AAGA,AGAR,15
2016,2016,May,5/12/2016,MK,OS,Sombrero Shallow,564,564-500-092,1,Iso,SSID,SIDE,27
2016,2016,May,5/12/2016,MK,OS,Sombrero Shallow,564,564-500-092,1,Juv,SSID,SIDE,6
2016,2016,May,5/12/2016,MK,OS,Sombrero Shallow,564,564-500-092,1,Juv,SSID,SIDE,2
2016,2016,May,5/12/2016,MK,OS,Sombrero Shallow,564,564-500-160,1,Juv,AAGA,AGAR,6
2016,2016,May,5/12/2016,MK,OS,Sombrero Shallow,564,564-500-177,0,NA,NA,NA,NA
2016,2016,Aug,8/18/2016,LK,OS,Western Sambo Shallow,591,591-100-031,1,Juv,PAST,PORI,17
2016,2016,Aug,8/18/2016,LK,OS,Western Sambo Shallow,591,591-100-031,1,Juv,SSID,SIDE,26
2016,2016,Aug,8/18/2016,LK,OS,Western Sambo Shallow,591,591-100-031,1,Juv,SSID,SIDE,7
2016,2016,Aug,8/18/2016,LK,OS,Western Sambo Shallow,591,591-100-052,1,Juv,DIPL,DIPL,15
2016,2016,Aug,8/18/2016,LK,OS,Western Sambo Shallow,591,591-100-052,1,Juv,SRAD,SIDE,18
2016,2016,Aug,8/18/2016,LK,OS,Western Sambo Shallow,591,591-100-052,1,Juv,SRAD,SIDE,21
2016,2016,Aug,8/18/2016,LK,OS,Western Sambo Shallow,591,591-100-052,1,Juv,SSID,SIDE,9
2016,2016,Aug,8/18/2016,LK,OS,Western Sambo Shallow,591,591-100-052,1,Juv,SSID,SIDE,8
2016,2016,Aug,8/18/2016,LK,OS,Western Sambo Shallow,591,591-100-154,1,Juv,AAGA,AGAR,17
2016,2016,Aug,8/18/2016,LK,OS,Western Sambo Shallow,591,591-100-154,1,Juv,PAST,PORI,38
2016,2016,Aug,8/18/2016,LK,OS,Western Sambo Shallow,591,591-100-154,1,Juv,PAST,PORI,9
2016,2016,Aug,8/18/2016,LK,OS,Western Sambo Shallow,591,591-100-154,1,Juv,SRAD,SIDE,29
2016,2016,Aug,8/18/2016,LK,OS,Western Sambo Shallow,591,591-100-154,1,Juv,SSID,SIDE,8
2016,2016,Aug,8/18/2016,LK,OS,Western Sambo Shallow,591,591-100-202,1,Juv,DIPL,DIPL,9
2016,2016,Aug,8/18/2016,LK,OS,Western Sambo Shallow,591,591-100-202,1,Juv,SSID,SIDE,30
2016,2016,Aug,8/18/2016,LK,OS,Western Sambo Shallow,591,591-100-202,1,Juv,SSID,SIDE,21
2016,2016,Aug,8/18/2016,LK,OS,Western Sambo Shallow,591,591-500-019,1,Juv,AGAR,AGAR,3
2016,2016,Aug,8/18/2016,LK,OS,Western Sambo Shallow,591,591-500-019,1,Juv,PAST,PORI,26
2016,2016,Aug,8/18/2016,LK,OS,Western Sambo Shallow,591,591-500-072,1,Juv,PAST,PORI,2
2016,2016,Aug,8/18/2016,LK,OS,Western Sambo Shallow,591,591-500-072,1,Juv,PAST,PORI,38
2016,2016,Aug,8/18/2016,LK,OS,Western Sambo Shallow,591,591-500-072,1,Juv,PAST,PORI,9
2016,2016,Aug,8/18/2016,LK,OS,Western Sambo Shallow,591,591-500-072,1,Juv,SSID,SIDE,30
2016,2016,Aug,8/18/2016,LK,OS,Western Sambo Shallow,591,591-500-072,1,Juv,SSID,SIDE,25
2016,2016,Aug,8/18/2016,LK,OS,Western Sambo Shallow,591,591-500-157,1,Juv,AAGA,AGAR,21
2016,2016,Aug,8/18/2016,LK,OS,Western Sambo Shallow,591,591-500-157,1,Juv,AAGA,AGAR,5
2016,2016,Aug,8/18/2016,LK,OS,Western Sambo Shallow,591,591-500-157,1,Juv,AAGA,AGAR,7
2016,2016,Aug,8/18/2016,LK,OS,Western Sambo Shallow,591,591-500-195,1,Juv,EFAS,EFAS,12
2016,2016,Aug,8/18/2016,LK,OS,Western Sambo Shallow,591,591-500-195,1,Juv,PAST,PORI,9
2016,2016,Aug,8/18/2016,LK,OS,Western Sambo Shallow,591,591-500-195,1,Juv,PAST,PORI,9
2016,2016,Aug,8/18/2016,LK,OS,Western Sambo Shallow,591,591-500-195,1,Juv,SRAD,SIDE,25
2016,2016,Aug,8/18/2016,LK,OS,Western Sambo Shallow,592,592-100-039,1,Juv,AAGA,AGAR,14
2016,2016,Aug,8/18/2016,LK,OS,Western Sambo Shallow,592,592-100-039,1,Juv,AAGA,AGAR,39
2016,2016,Aug,8/18/2016,LK,OS,Western Sambo Shallow,592,592-100-039,1,Juv,AAGA,AGAR,36
2016,2016,Aug,8/18/2016,LK,OS,Western Sambo Shallow,592,592-100-039,1,Juv,PAST,PORI,4
2016,2016,Aug,8/18/2016,LK,OS,Western Sambo Shallow,592,592-100-039,1,Juv,PAST,PORI,6
2016,2016,Aug,8/18/2016,LK,OS,Western Sambo Shallow,592,592-100-039,1,Juv,PAST,PORI,14
2016,2016,Aug,8/18/2016,LK,OS,Western Sambo Shallow,592,592-100-115,1,Juv,PAST,PORI,7
2016,2016,Aug,8/18/2016,LK,OS,Western Sambo Shallow,592,592-100-115,1,Juv,PAST,PORI,6
2016,2016,Aug,8/18/2016,LK,OS,Western Sambo Shallow,592,592-100-115,1,Juv,PAST,PORI,4
2016,2016,Aug,8/18/2016,LK,OS,Western Sambo Shallow,592,592-100-115,1,Juv,SSID,SIDE,3
2016,2016,Aug,8/18/2016,LK,OS,Western Sambo Shallow,592,592-100-162,1,Juv,AAGA,AGAR,6
2016,2016,Aug,8/18/2016,LK,OS,Western Sambo Shallow,592,592-100-162,1,Juv,PAST,PORI,34
2016,2016,Aug,8/18/2016,LK,OS,Western Sambo Shallow,592,592-100-162,1,Juv,PAST,PORI,16
2016,2016,Aug,8/18/2016,LK,OS,Western Sambo Shallow,592,592-100-162,1,Juv,PAST,PORI,10
2016,2016,Aug,8/18/2016,LK,OS,Western Sambo Shallow,592,592-100-162,1,Juv,SSID,SIDE,16
2016,2016,Aug,8/18/2016,LK,OS,Western Sambo Shallow,592,592-100-162,1,Juv,SSID,SIDE,27
2016,2016,Aug,8/18/2016,LK,OS,Western Sambo Shallow,592,592-100-199,1,Juv,FFRA,FFRA,14
2016,2016,Aug,8/18/2016,LK,OS,Western Sambo Shallow,592,592-100-199,1,Juv,FFRA,FFRA,34
2016,2016,Aug,8/18/2016,LK,OS,Western Sambo Shallow,592,592-100-199,1,Juv,PAST,PORI,3
2016,2016,Aug,8/18/2016,LK,OS,Western Sambo Shallow,592,592-100-199,1,Juv,PAST,PORI,12
2016,2016,Aug,8/18/2016,LK,OS,Western Sambo Shallow,592,592-100-199,1,Juv,PAST,PORI,19
2016,2016,Aug,8/18/2016,LK,OS,Western Sambo Shallow,592,592-100-199,1,Juv,PAST,PORI,10
2016,2016,Aug,8/18/2016,LK,OS,Western Sambo Shallow,592,592-500-053,1,Iso,AAGA,AGAR,8
2016,2016,Aug,8/18/2016,LK,OS,Western Sambo Shallow,592,592-500-053,1,Juv,AAGA,AGAR,10
2016,2016,Aug,8/18/2016,LK,OS,Western Sambo Shallow,592,592-500-053,1,Juv,AAGA,AGAR,35
2016,2016,Aug,8/18/2016,LK,OS,Western Sambo Shallow,592,592-500-053,1,Juv,AAGA,AGAR,16
2016,2016,Aug,8/18/2016,LK,OS,Western Sambo Shallow,592,592-500-053,1,Juv,AAGA,AGAR,27
2016,2016,Aug,8/18/2016,LK,OS,Western Sambo Shallow,592,592-500-053,1,Juv,PAST,PORI,32
2016,2016,Aug,8/18/2016,LK,OS,Western Sambo Shallow,592,592-500-053,1,Juv,PAST,PORI,17
2016,2016,Aug,8/18/2016,LK,OS,Western Sambo Shallow,592,592-500-053,1,Juv,PAST,PORI,8
2016,2016,Aug,8/18/2016,LK,OS,Western Sambo Shallow,592,592-500-053,1,Juv,PAST,PORI,9
2016,2016,Aug,8/18/2016,LK,OS,Western Sambo Shallow,592,592-500-053,1,Juv,PAST,PORI,15
2016,2016,Aug,8/18/2016,LK,OS,Western Sambo Shallow,592,592-500-112,1,Juv,DSTO,DSTO,37
2016,2016,Aug,8/18/2016,LK,OS,Western Sambo Shallow,592,592-500-112,1,Juv,PAST,PORI,32
2016,2016,Aug,8/18/2016,LK,OS,Western Sambo Shallow,592,592-500-112,1,Juv,SRAD,SIDE,25
2016,2016,Aug,8/18/2016,LK,OS,Western Sambo Shallow,592,592-500-112,1,Juv,SRAD,SIDE,26
2016,2016,Aug,8/18/2016,LK,OS,Western Sambo Shallow,592,592-500-148,0,NA,NA,NA,NA
2016,2016,Aug,8/18/2016,LK,OS,Western Sambo Shallow,592,592-500-243,1,Juv,SSID,SIDE,14
2016,2016,Aug,8/18/2016,LK,OS,Western Sambo Shallow,593,593-100-015,1,Juv,AAGA,AGAR,37
2016,2016,Aug,8/18/2016,LK,OS,Western Sambo Shallow,593,593-100-015,1,Juv,DSTO,DSTO,12
2016,2016,Aug,8/18/2016,LK,OS,Western Sambo Shallow,593,593-100-015,1,Juv,FFRA,FFRA,32
2016,2016,Aug,8/18/2016,LK,OS,Western Sambo Shallow,593,593-100-015,1,Juv,SSID,SIDE,34
2016,2016,Aug,8/18/2016,LK,OS,Western Sambo Shallow,593,593-100-063,1,Juv,PAST,PORI,24
2016,2016,Aug,8/18/2016,LK,OS,Western Sambo Shallow,593,593-100-063,1,Juv,PAST,PORI,4
2016,2016,Aug,8/18/2016,LK,OS,Western Sambo Shallow,593,593-100-063,1,Juv,SSID,SIDE,13
2016,2016,Aug,8/18/2016,LK,OS,Western Sambo Shallow,593,593-100-109,1,Juv,PAST,PORI,11
2016,2016,Aug,8/18/2016,LK,OS,Western Sambo Shallow,593,593-100-109,1,Iso,SSID,SIDE,23
2016,2016,Aug,8/18/2016,LK,OS,Western Sambo Shallow,593,593-100-109,1,Juv,SSID,SIDE,6
2016,2016,Aug,8/18/2016,LK,OS,Western Sambo Shallow,593,593-100-231,1,Juv,AAGA,AGAR,14
2016,2016,Aug,8/18/2016,LK,OS,Western Sambo Shallow,593,593-100-231,1,Juv,AAGA,AGAR,13
2016,2016,Aug,8/18/2016,LK,OS,Western Sambo Shallow,593,593-100-231,1,Juv,AAGA,AGAR,13
2016,2016,Aug,8/18/2016,LK,OS,Western Sambo Shallow,593,593-100-231,1,Juv,AAGA,AGAR,19
2016,2016,Aug,8/18/2016,LK,OS,Western Sambo Shallow,593,593-100-231,1,Juv,AAGA,AGAR,8
2016,2016,Aug,8/18/2016,LK,OS,Western Sambo Shallow,593,593-100-231,1,Juv,PAST,PORI,15
2016,2016,Aug,8/18/2016,LK,OS,Western Sambo Shallow,593,593-500-022,1,Juv,PAST,PORI,29
2016,2016,Aug,8/18/2016,LK,OS,Western Sambo Shallow,593,593-500-022,1,Juv,PAST,PORI,18
2016,2016,Aug,8/18/2016,LK,OS,Western Sambo Shallow,593,593-500-022,1,Juv,PAST,PORI,17
2016,2016,Aug,8/18/2016,LK,OS,Western Sambo Shallow,593,593-500-022,1,Juv,PAST,PORI,6
2016,2016,Aug,8/18/2016,LK,OS,Western Sambo Shallow,593,593-500-022,1,Juv,PAST,PORI,2
2016,2016,Aug,8/18/2016,LK,OS,Western Sambo Shallow,593,593-500-022,1,Juv,PAST,PORI,20
2016,2016,Aug,8/18/2016,LK,OS,Western Sambo Shallow,593,593-500-022,1,Juv,PPOR,PORI,28
2016,2016,Aug,8/18/2016,LK,OS,Western Sambo Shallow,593,593-500-060,1,Juv,AAGA,AGAR,17
2016,2016,Aug,8/18/2016,LK,OS,Western Sambo Shallow,593,593-500-060,1,Juv,AAGA,AGAR,29
2016,2016,Aug,8/18/2016,LK,OS,Western Sambo Shallow,593,593-500-060,1,Juv,AAGA,AGAR,23
2016,2016,Aug,8/18/2016,LK,OS,Western Sambo Shallow,593,593-500-060,1,Juv,AAGA,AGAR,17
2016,2016,Aug,8/18/2016,LK,OS,Western Sambo Shallow,593,593-500-060,1,Juv,MCAV,MCAV,10
2016,2016,Aug,8/18/2016,LK,OS,Western Sambo Shallow,593,593-500-060,1,Juv,PAST,PORI,23
2016,2016,Aug,8/18/2016,LK,OS,Western Sambo Shallow,593,593-500-060,1,Juv,PAST,PORI,9
2016,2016,Aug,8/18/2016,LK,OS,Western Sambo Shallow,593,593-500-060,1,Juv,SSID,SIDE,11
2016,2016,Aug,8/18/2016,LK,OS,Western Sambo Shallow,593,593-500-134,1,Juv,FFRA,FFRA,36
2016,2016,Aug,8/18/2016,LK,OS,Western Sambo Shallow,593,593-500-223,1,Juv,DCLI,DIPL,35
2016,2016,Aug,8/18/2016,LK,OS,Western Sambo Shallow,593,593-500-223,1,Juv,PAST,PORI,18
2016,2016,Aug,8/18/2016,LK,OS,Western Sambo Shallow,594,594-100-021,1,Juv,PAST,PORI,8
2016,2016,Aug,8/18/2016,LK,OS,Western Sambo Shallow,594,594-100-073,1,Juv,AAGA,AGAR,28
2016,2016,Aug,8/18/2016,LK,OS,Western Sambo Shallow,594,594-100-073,1,Juv,AAGA,AGAR,5
2016,2016,Aug,8/18/2016,LK,OS,Western Sambo Shallow,594,594-100-073,1,Juv,PAST,PORI,29
2016,2016,Aug,8/18/2016,LK,OS,Western Sambo Shallow,594,594-100-073,1,Juv,PAST,PORI,17
2016,2016,Aug,8/18/2016,LK,OS,Western Sambo Shallow,594,594-100-124,1,Uns,AAGA,AGAR,13
2016,2016,Aug,8/18/2016,LK,OS,Western Sambo Shallow,594,594-100-174,1,Iso,PAST,PORI,11
2016,2016,Aug,8/18/2016,LK,OS,Western Sambo Shallow,594,594-100-174,1,Iso,PAST,PORI,28
2016,2016,Aug,8/18/2016,LK,OS,Western Sambo Shallow,594,594-500-011,1,Juv,FFRA,FFRA,25
2016,2016,Aug,8/18/2016,LK,OS,Western Sambo Shallow,594,594-500-011,1,Iso,PAST,PORI,22
2016,2016,Aug,8/18/2016,LK,OS,Western Sambo Shallow,594,594-500-011,1,Juv,PAST,PORI,15
2016,2016,Aug,8/18/2016,LK,OS,Western Sambo Shallow,594,594-500-011,1,Juv,PAST,PORI,12
2016,2016,Aug,8/18/2016,LK,OS,Western Sambo Shallow,594,594-500-011,1,Juv,PPOR,PORI,17
2016,2016,Aug,8/18/2016,LK,OS,Western Sambo Shallow,594,594-500-011,1,Iso,SSID,SIDE,7
2016,2016,Aug,8/18/2016,LK,OS,Western Sambo Shallow,594,594-500-011,1,Iso,SSID,SIDE,38
2016,2016,Aug,8/18/2016,LK,OS,Western Sambo Shallow,594,594-500-035,1,Juv,AAGA,AGAR,24
2016,2016,Aug,8/18/2016,LK,OS,Western Sambo Shallow,594,594-500-035,1,Juv,AAGA,AGAR,13
2016,2016,Aug,8/18/2016,LK,OS,Western Sambo Shallow,594,594-500-035,1,Juv,AAGA,AGAR,9
2016,2016,Aug,8/18/2016,LK,OS,Western Sambo Shallow,594,594-500-035,1,Juv,AAGA,AGAR,13
2016,2016,Aug,8/18/2016,LK,OS,Western Sambo Shallow,594,594-500-035,1,Juv,AAGA,AGAR,7
2016,2016,Aug,8/18/2016,LK,OS,Western Sambo Shallow,594,594-500-035,1,Juv,PAST,PORI,12
2016,2016,Aug,8/18/2016,LK,OS,Western Sambo Shallow,594,594-500-149,1,Juv,AAGA,AGAR,5
2016,2016,Aug,8/18/2016,LK,OS,Western Sambo Shallow,594,594-500-149,1,Juv,PAST,PORI,17
2016,2016,Aug,8/18/2016,LK,OS,Western Sambo Shallow,594,594-500-149,1,Juv,PAST,PORI,5
2016,2016,Aug,8/18/2016,LK,OS,Western Sambo Shallow,594,594-500-189,1,Juv,PAST,PORI,13
2016,2016,Aug,8/18/2016,LK,OS,Western Sambo Shallow,594,594-500-189,1,Juv,PAST,PORI,10
2016,2016,Aug,8/18/2016,LK,OS,Western Sambo Shallow,594,594-500-189,1,Juv,PAST,PORI,11
2016,2016,Aug,8/18/2016,LK,OS,Western Sambo Shallow,594,594-500-189,1,Juv,PAST,PORI,19
2016,2016,Aug,8/18/2016,LK,OS,Western Sambo Shallow,594,594-500-189,1,Juv,PAST,PORI,17
2016,2016,Aug,8/18/2016,LK,OS,Western Sambo Shallow,594,594-500-189,1,Juv,PAST,PORI,10
2016,2016,Aug,8/18/2016,LK,OS,Western Sambo Shallow,594,594-500-189,1,Juv,PAST,PORI,24
2016,2016,Aug,8/17/2016,LK,OS,Sand Key Shallow,611,611-100-006,1,Iso,MCAV,MCAV,28
2016,2016,Aug,8/17/2016,LK,OS,Sand Key Shallow,611,611-100-006,1,Juv,PAST,PORI,5
2016,2016,Aug,8/17/2016,LK,OS,Sand Key Shallow,611,611-100-006,1,Juv,PAST,PORI,6
2016,2016,Aug,8/17/2016,LK,OS,Sand Key Shallow,611,611-100-057,1,Juv,PAST,PORI,10
2016,2016,Aug,8/17/2016,LK,OS,Sand Key Shallow,611,611-100-057,1,Juv,PAST,PORI,22
2016,2016,Aug,8/17/2016,LK,OS,Sand Key Shallow,611,611-100-057,1,Juv,SSID,SIDE,19
2016,2016,Aug,8/17/2016,LK,OS,Sand Key Shallow,611,611-100-155,1,Iso,AAGA,AGAR,13
2016,2016,Aug,8/17/2016,LK,OS,Sand Key Shallow,611,611-100-155,1,Juv,PAST,PORI,29
2016,2016,Aug,8/17/2016,LK,OS,Sand Key Shallow,611,611-100-155,1,Juv,PAST,PORI,39
2016,2016,Aug,8/17/2016,LK,OS,Sand Key Shallow,611,611-100-205,1,Juv,PAST,PORI,8
2016,2016,Aug,8/17/2016,LK,OS,Sand Key Shallow,611,611-100-205,1,Juv,PAST,PORI,21
2016,2016,Aug,8/17/2016,LK,OS,Sand Key Shallow,611,611-100-205,1,Juv,SSID,SIDE,19
2016,2016,Aug,8/17/2016,LK,OS,Sand Key Shallow,611,611-500-026,1,Juv,AAGA,AGAR,15
2016,2016,Aug,8/17/2016,LK,OS,Sand Key Shallow,611,611-500-026,1,Juv,PAST,PORI,1
2016,2016,Aug,8/17/2016,LK,OS,Sand Key Shallow,611,611-500-026,1,Juv,PAST,PORI,6
2016,2016,Aug,8/17/2016,LK,OS,Sand Key Shallow,611,611-500-026,1,Juv,PAST,PORI,13
2016,2016,Aug,8/17/2016,LK,OS,Sand Key Shallow,611,611-500-026,1,Juv,PAST,PORI,11
2016,2016,Aug,8/17/2016,LK,OS,Sand Key Shallow,611,611-500-026,1,Juv,SSID,SIDE,34
2016,2016,Aug,8/17/2016,LK,OS,Sand Key Shallow,611,611-500-026,1,Juv,SSID,SIDE,38
2016,2016,Aug,8/17/2016,LK,OS,Sand Key Shallow,611,611-500-026,1,Juv,SSID,SIDE,14
2016,2016,Aug,8/17/2016,LK,OS,Sand Key Shallow,611,611-500-142,1,Juv,PAST,PORI,7
2016,2016,Aug,8/17/2016,LK,OS,Sand Key Shallow,611,611-500-142,1,Juv,PAST,PORI,31
2016,2016,Aug,8/17/2016,LK,OS,Sand Key Shallow,611,611-500-169,1,Juv,AAGA,AGAR,29
2016,2016,Aug,8/17/2016,LK,OS,Sand Key Shallow,611,611-500-169,1,Iso,PAST,PORI,37
2016,2016,Aug,8/17/2016,LK,OS,Sand Key Shallow,611,611-500-169,1,Juv,PAST,PORI,26
2016,2016,Aug,8/17/2016,LK,OS,Sand Key Shallow,611,611-500-169,1,Juv,PAST,PORI,28
2016,2016,Aug,8/17/2016,LK,OS,Sand Key Shallow,611,611-500-169,1,Juv,PAST,PORI,18
2016,2016,Aug,8/17/2016,LK,OS,Sand Key Shallow,611,611-500-202,1,Juv,DSTO,DSTO,25
2016,2016,Aug,8/17/2016,LK,OS,Sand Key Shallow,611,611-500-202,1,Juv,PAST,PORI,38
2016,2016,Aug,8/17/2016,LK,OS,Sand Key Shallow,611,611-500-202,1,Juv,PAST,PORI,21
2016,2016,Aug,8/17/2016,LK,OS,Sand Key Shallow,612,612-100-023,1,Juv,AAGA,AGAR,12
2016,2016,Aug,8/17/2016,LK,OS,Sand Key Shallow,612,612-100-023,1,Juv,PAST,PORI,6
2016,2016,Aug,8/17/2016,LK,OS,Sand Key Shallow,612,612-100-023,1,Juv,PAST,PORI,23
2016,2016,Aug,8/17/2016,LK,OS,Sand Key Shallow,612,612-100-023,1,Juv,SRAD,SIDE,34
2016,2016,Aug,8/17/2016,LK,OS,Sand Key Shallow,612,612-100-060,1,Juv,PAST,PORI,9
2016,2016,Aug,8/17/2016,LK,OS,Sand Key Shallow,612,612-100-060,1,Juv,SRAD,SIDE,24
2016,2016,Aug,8/17/2016,LK,OS,Sand Key Shallow,612,612-100-060,1,Juv,SSID,SIDE,22
2016,2016,Aug,8/17/2016,LK,OS,Sand Key Shallow,612,612-100-101,1,Juv,PAST,PORI,27
2016,2016,Aug,8/17/2016,LK,OS,Sand Key Shallow,612,612-100-101,1,Juv,PAST,PORI,11
2016,2016,Aug,8/17/2016,LK,OS,Sand Key Shallow,612,612-100-101,1,Juv,PAST,PORI,26
2016,2016,Aug,8/17/2016,LK,OS,Sand Key Shallow,612,612-100-101,1,Juv,PAST,PORI,24
2016,2016,Aug,8/17/2016,LK,OS,Sand Key Shallow,612,612-100-172,0,NA,NA,NA,NA
2016,2016,Aug,8/17/2016,LK,OS,Sand Key Shallow,612,612-500-036,1,Juv,AAGA,AGAR,21
2016,2016,Aug,8/17/2016,LK,OS,Sand Key Shallow,612,612-500-036,1,Juv,AAGA,AGAR,28
2016,2016,Aug,8/17/2016,LK,OS,Sand Key Shallow,612,612-500-036,1,Juv,PAST,PORI,22
2016,2016,Aug,8/17/2016,LK,OS,Sand Key Shallow,612,612-500-036,1,Juv,PAST,PORI,12
2016,2016,Aug,8/17/2016,LK,OS,Sand Key Shallow,612,612-500-105,1,Juv,AAGA,AGAR,34
2016,2016,Aug,8/17/2016,LK,OS,Sand Key Shallow,612,612-500-105,1,Juv,SSID,SIDE,4
2016,2016,Aug,8/17/2016,LK,OS,Sand Key Shallow,612,612-500-105,1,Juv,SSID,SIDE,32
2016,2016,Aug,8/17/2016,LK,OS,Sand Key Shallow,612,612-500-145,1,Juv,PAST,PORI,6
2016,2016,Aug,8/17/2016,LK,OS,Sand Key Shallow,612,612-500-145,1,Juv,PAST,PORI,30
2016,2016,Aug,8/17/2016,LK,OS,Sand Key Shallow,612,612-500-187,1,Juv,DIPL,DIPL,13
2016,2016,Aug,8/17/2016,LK,OS,Sand Key Shallow,612,612-500-187,1,Juv,DSTO,DSTO,28
2016,2016,Aug,8/17/2016,LK,OS,Sand Key Shallow,612,612-500-187,1,Juv,PAST,PORI,25
2016,2016,Aug,8/17/2016,LK,OS,Sand Key Shallow,612,612-500-187,1,Juv,PAST,PORI,18
2016,2016,Aug,8/17/2016,LK,OS,Sand Key Shallow,613,613-100-020,1,Juv,SSID,SIDE,16
2016,2016,Aug,8/17/2016,LK,OS,Sand Key Shallow,613,613-100-045,1,Juv,PAST,PORI,14
2016,2016,Aug,8/17/2016,LK,OS,Sand Key Shallow,613,613-100-045,1,Iso,PAST,PORI,15
2016,2016,Aug,8/17/2016,LK,OS,Sand Key Shallow,613,613-100-045,1,Iso,PAST,PORI,9
2016,2016,Aug,8/17/2016,LK,OS,Sand Key Shallow,613,613-100-045,1,Juv,PAST,PORI,30
2016,2016,Aug,8/17/2016,LK,OS,Sand Key Shallow,613,613-100-045,1,Juv,PAST,PORI,27
2016,2016,Aug,8/17/2016,LK,OS,Sand Key Shallow,613,613-100-045,1,Juv,PAST,PORI,11
2016,2016,Aug,8/17/2016,LK,OS,Sand Key Shallow,613,613-100-045,1,Juv,PAST,PORI,23
2016,2016,Aug,8/17/2016,LK,OS,Sand Key Shallow,613,613-100-097,1,Juv,PAST,PORI,6
2016,2016,Aug,8/17/2016,LK,OS,Sand Key Shallow,613,613-100-097,1,Juv,PAST,PORI,13
2016,2016,Aug,8/17/2016,LK,OS,Sand Key Shallow,613,613-100-097,1,Juv,PAST,PORI,7
2016,2016,Aug,8/17/2016,LK,OS,Sand Key Shallow,613,613-100-097,1,Juv,SRAD,SIDE,22
2016,2016,Aug,8/17/2016,LK,OS,Sand Key Shallow,613,613-100-176,1,Iso,AAGA,AGAR,30
2016,2016,Aug,8/17/2016,LK,OS,Sand Key Shallow,613,613-100-176,1,Iso,AAGA,AGAR,16
2016,2016,Aug,8/17/2016,LK,OS,Sand Key Shallow,613,613-100-176,1,Juv,PAST,PORI,35
2016,2016,Aug,8/17/2016,LK,OS,Sand Key Shallow,613,613-100-176,1,Juv,PAST,PORI,9
2016,2016,Aug,8/17/2016,LK,OS,Sand Key Shallow,613,613-100-176,1,Juv,SSID,SIDE,24
2016,2016,Aug,8/17/2016,LK,OS,Sand Key Shallow,613,613-500-057,1,Juv,AAGA,AGAR,26
2016,2016,Aug,8/17/2016,LK,OS,Sand Key Shallow,613,613-500-057,1,Juv,PAST,PORI,10
2016,2016,Aug,8/17/2016,LK,OS,Sand Key Shallow,613,613-500-057,1,Juv,PAST,PORI,22
2016,2016,Aug,8/17/2016,LK,OS,Sand Key Shallow,613,613-500-057,1,Juv,PAST,PORI,6
2016,2016,Aug,8/17/2016,LK,OS,Sand Key Shallow,613,613-500-057,1,Juv,PAST,PORI,23
2016,2016,Aug,8/17/2016,LK,OS,Sand Key Shallow,613,613-500-057,1,Juv,SSID,SIDE,14
2016,2016,Aug,8/17/2016,LK,OS,Sand Key Shallow,613,613-500-057,1,Juv,SSID,SIDE,28
2016,2016,Aug,8/17/2016,LK,OS,Sand Key Shallow,613,613-500-101,1,Juv,AAGA,AGAR,25
2016,2016,Aug,8/17/2016,LK,OS,Sand Key Shallow,613,613-500-101,1,Juv,AAGA,AGAR,33
2016,2016,Aug,8/17/2016,LK,OS,Sand Key Shallow,613,613-500-101,1,Juv,PAST,PORI,29
2016,2016,Aug,8/17/2016,LK,OS,Sand Key Shallow,613,613-500-101,1,Juv,PAST,PORI,22
2016,2016,Aug,8/17/2016,LK,OS,Sand Key Shallow,613,613-500-101,1,Juv,PAST,PORI,28
2016,2016,Aug,8/17/2016,LK,OS,Sand Key Shallow,613,613-500-101,1,Juv,PAST,PORI,11
2016,2016,Aug,8/17/2016,LK,OS,Sand Key Shallow,613,613-500-101,1,Juv,SSID,SIDE,27
2016,2016,Aug,8/17/2016,LK,OS,Sand Key Shallow,613,613-500-153,1,Juv,AAGA,AGAR,11
2016,2016,Aug,8/17/2016,LK,OS,Sand Key Shallow,613,613-500-153,1,Juv,PAST,PORI,36
2016,2016,Aug,8/17/2016,LK,OS,Sand Key Shallow,613,613-500-153,1,Juv,PAST,PORI,31
2016,2016,Aug,8/17/2016,LK,OS,Sand Key Shallow,613,613-500-153,1,Juv,PAST,PORI,17
2016,2016,Aug,8/17/2016,LK,OS,Sand Key Shallow,613,613-500-153,1,Juv,SSID,SIDE,12
2016,2016,Aug,8/17/2016,LK,OS,Sand Key Shallow,613,613-500-168,1,Juv,PAST,PORI,23
2016,2016,Aug,8/17/2016,LK,OS,Sand Key Shallow,613,613-500-168,1,Juv,PAST,PORI,31
2016,2016,Aug,8/17/2016,LK,OS,Sand Key Shallow,614,614-100-010,1,Juv,PAST,PORI,19
2016,2016,Aug,8/17/2016,LK,OS,Sand Key Shallow,614,614-100-010,1,Juv,PAST,PORI,10
2016,2016,Aug,8/17/2016,LK,OS,Sand Key Shallow,614,614-100-010,1,Juv,PAST,PORI,11
2016,2016,Aug,8/17/2016,LK,OS,Sand Key Shallow,614,614-100-010,1,Juv,UNKS,UNKS,6
2016,2016,Aug,8/17/2016,LK,OS,Sand Key Shallow,614,614-100-010,1,Juv,UNKS,UNKS,5
2016,2016,Aug,8/17/2016,LK,OS,Sand Key Shallow,614,614-100-069,1,Iso,PAST,PORI,6
2016,2016,Aug,8/17/2016,LK,OS,Sand Key Shallow,614,614-100-069,1,Juv,PAST,PORI,34
2016,2016,Aug,8/17/2016,LK,OS,Sand Key Shallow,614,614-100-069,1,Juv,PAST,PORI,31
2016,2016,Aug,8/17/2016,LK,OS,Sand Key Shallow,614,614-100-069,1,Juv,PAST,PORI,10
2016,2016,Aug,8/17/2016,LK,OS,Sand Key Shallow,614,614-100-069,1,Juv,PAST,PORI,14
2016,2016,Aug,8/17/2016,LK,OS,Sand Key Shallow,614,614-100-149,1,Juv,PAST,PORI,30
2016,2016,Aug,8/17/2016,LK,OS,Sand Key Shallow,614,614-100-149,1,Juv,SSID,SIDE,31
2016,2016,Aug,8/17/2016,LK,OS,Sand Key Shallow,614,614-100-149,1,Juv,SSID,SIDE,32
2016,2016,Aug,8/17/2016,LK,OS,Sand Key Shallow,614,614-100-203,1,Juv,PAST,PORI,38
2016,2016,Aug,8/17/2016,LK,OS,Sand Key Shallow,614,614-100-203,1,Juv,PAST,PORI,28
2016,2016,Aug,8/17/2016,LK,OS,Sand Key Shallow,614,614-100-203,1,Juv,PAST,PORI,26
2016,2016,Aug,8/17/2016,LK,OS,Sand Key Shallow,614,614-100-203,1,Juv,SRAD,SIDE,15
2016,2016,Aug,8/17/2016,LK,OS,Sand Key Shallow,614,614-100-203,1,Juv,SRAD,SIDE,20
2016,2016,Aug,8/17/2016,LK,OS,Sand Key Shallow,614,614-500-018,1,Juv,PAST,PORI,6
2016,2016,Aug,8/17/2016,LK,OS,Sand Key Shallow,614,614-500-018,1,Juv,PAST,PORI,16
2016,2016,Aug,8/17/2016,LK,OS,Sand Key Shallow,614,614-500-018,1,Juv,PAST,PORI,26
2016,2016,Aug,8/17/2016,LK,OS,Sand Key Shallow,614,614-500-075,1,Juv,PAST,PORI,11
2016,2016,Aug,8/17/2016,LK,OS,Sand Key Shallow,614,614-500-075,1,Juv,PAST,PORI,11
2016,2016,Aug,8/17/2016,LK,OS,Sand Key Shallow,614,614-500-075,1,Juv,PAST,PORI,13
2016,2016,Aug,8/17/2016,LK,OS,Sand Key Shallow,614,614-500-075,1,Juv,SIDE,SIDE,7
2016,2016,Aug,8/17/2016,LK,OS,Sand Key Shallow,614,614-500-075,1,Juv,SSID,SIDE,12
2016,2016,Aug,8/17/2016,LK,OS,Sand Key Shallow,614,614-500-075,1,Juv,SSID,SIDE,3
2016,2016,Aug,8/17/2016,LK,OS,Sand Key Shallow,614,614-500-107,1,Juv,AAGA,AGAR,36
2016,2016,Aug,8/17/2016,LK,OS,Sand Key Shallow,614,614-500-107,1,Iso,PAST,PORI,8
2016,2016,Aug,8/17/2016,LK,OS,Sand Key Shallow,614,614-500-107,1,Juv,PAST,PORI,22
2016,2016,Aug,8/17/2016,LK,OS,Sand Key Shallow,614,614-500-107,1,Juv,PAST,PORI,8
2016,2016,Aug,8/17/2016,LK,OS,Sand Key Shallow,614,614-500-107,1,Juv,PAST,PORI,34
2016,2016,Aug,8/17/2016,LK,OS,Sand Key Shallow,614,614-500-107,1,Juv,PAST,PORI,6
2016,2016,Aug,8/17/2016,LK,OS,Sand Key Shallow,614,614-500-107,1,Juv,SRAD,SIDE,18
2016,2016,Aug,8/17/2016,LK,OS,Sand Key Shallow,614,614-500-189,1,Juv,AAGA,AGAR,35
2016,2016,Aug,8/17/2016,LK,OS,Sand Key Shallow,614,614-500-189,1,Juv,AAGA,AGAR,19
2016,2016,Aug,8/17/2016,LK,OS,Sand Key Shallow,614,614-500-189,1,Juv,PAST,PORI,17
2016,2016,Aug,8/17/2016,LK,OS,Sand Key Shallow,614,614-500-189,1,Juv,PAST,PORI,23
2016,2016,Aug,8/17/2016,LK,OS,Sand Key Shallow,614,614-500-189,1,Juv,PAST,PORI,21
2016,2016,Sept,9/13/2016,UK,OD,Carysfort Deep,701,701-100-007,1,Juv,SSID,SIDE,5
2016,2016,Sept,9/13/2016,UK,OD,Carysfort Deep,701,701-100-007,1,Juv,UNKS,UNKS,5
2016,2016,Sept,9/13/2016,UK,OD,Carysfort Deep,701,701-100-055,1,Juv,LCUC,AGAR,38
2016,2016,Sept,9/13/2016,UK,OD,Carysfort Deep,701,701-100-055,1,Juv,MCAV,MCAV,39
2016,2016,Sept,9/13/2016,UK,OD,Carysfort Deep,701,701-100-055,1,Juv,SSID,SIDE,32
2016,2016,Sept,9/13/2016,UK,OD,Carysfort Deep,701,701-100-106,1,Juv,AGAR,AGAR,10
2016,2016,Sept,9/13/2016,UK,OD,Carysfort Deep,701,701-100-106,1,Juv,LCUC,AGAR,28
2016,2016,Sept,9/13/2016,UK,OD,Carysfort Deep,701,701-100-106,1,Juv,EFAS,EFAS,9
2016,2016,Sept,9/13/2016,UK,OD,Carysfort Deep,701,701-100-106,1,Iso,PAST,PORI,28
2016,2016,Sept,9/13/2016,UK,OD,Carysfort Deep,701,701-100-106,1,Iso,PAST,PORI,30
2016,2016,Sept,9/13/2016,UK,OD,Carysfort Deep,701,701-100-106,1,Juv,PAST,PORI,10
2016,2016,Sept,9/13/2016,UK,OD,Carysfort Deep,701,701-100-106,1,Juv,PAST,PORI,4
2016,2016,Sept,9/13/2016,UK,OD,Carysfort Deep,701,701-100-197,1,Juv,PAST,PORI,22
2016,2016,Sept,9/13/2016,UK,OD,Carysfort Deep,701,701-100-197,1,Juv,SSID,SIDE,10
2016,2016,Sept,9/13/2016,UK,OD,Carysfort Deep,701,701-500-011,1,Juv,SMIC,SMIC,24
2016,2016,Sept,9/13/2016,UK,OD,Carysfort Deep,701,701-500-075,1,Iso,AAGA,AGAR,17
2016,2016,Sept,9/13/2016,UK,OD,Carysfort Deep,701,701-500-075,1,Iso,AAGA,AGAR,35
2016,2016,Sept,9/13/2016,UK,OD,Carysfort Deep,701,701-500-075,1,Juv,AAGA,AGAR,18
2016,2016,Sept,9/13/2016,UK,OD,Carysfort Deep,701,701-500-075,1,Juv,AFRA,AGAR,34
2016,2016,Sept,9/13/2016,UK,OD,Carysfort Deep,701,701-500-075,1,Iso,SSID,SIDE,28
2016,2016,Sept,9/13/2016,UK,OD,Carysfort Deep,701,701-500-075,1,Iso,SSID,SIDE,8
2016,2016,Sept,9/13/2016,UK,OD,Carysfort Deep,701,701-500-075,1,Iso,SSID,SIDE,6
2016,2016,Sept,9/13/2016,UK,OD,Carysfort Deep,701,701-500-105,1,Juv,PAST,PORI,13
2016,2016,Sept,9/13/2016,UK,OD,Carysfort Deep,701,701-500-105,1,Juv,SSID,SIDE,5
2016,2016,Sept,9/13/2016,UK,OD,Carysfort Deep,701,701-500-157,1,Iso,AAGA,AGAR,36
2016,2016,Sept,9/13/2016,UK,OD,Carysfort Deep,701,701-500-157,1,Iso,AAGA,AGAR,22
2016,2016,Sept,9/13/2016,UK,OD,Carysfort Deep,701,701-500-157,1,Juv,AFRA,AGAR,18
2016,2016,Sept,9/13/2016,UK,OD,Carysfort Deep,701,701-500-157,1,Juv,PPOR,PORI,10
2016,2016,Sept,9/13/2016,UK,OD,Carysfort Deep,701,701-500-157,1,Juv,MUSS,MUSS,20
2016,2016,Sept,9/13/2016,UK,OD,Carysfort Deep,702,702-100-032,1,Juv,MCAV,MCAV,5
2016,2016,Sept,9/13/2016,UK,OD,Carysfort Deep,702,702-100-032,1,Juv,PAST,PORI,21
2016,2016,Sept,9/13/2016,UK,OD,Carysfort Deep,702,702-100-032,1,Juv,PAST,PORI,7
2016,2016,Sept,9/13/2016,UK,OD,Carysfort Deep,702,702-100-137,1,Juv,SSID,SIDE,16
2016,2016,Sept,9/13/2016,UK,OD,Carysfort Deep,702,702-100-137,1,Juv,SSID,SIDE,21
2016,2016,Sept,9/13/2016,UK,OD,Carysfort Deep,702,702-100-137,1,Juv,SSID,SIDE,8
2016,2016,Sept,9/13/2016,UK,OD,Carysfort Deep,702,702-100-137,1,Juv,SSID,SIDE,19
2016,2016,Sept,9/13/2016,UK,OD,Carysfort Deep,702,702-100-137,1,Juv,SSID,SIDE,21
2016,2016,Sept,9/13/2016,UK,OD,Carysfort Deep,702,702-100-137,1,Juv,SSID,SIDE,24
2016,2016,Sept,9/13/2016,UK,OD,Carysfort Deep,702,702-100-137,1,Juv,SSID,SIDE,23
2016,2016,Sept,9/13/2016,UK,OD,Carysfort Deep,702,702-100-137,1,Juv,SMIC,SMIC,25
2016,2016,Sept,9/13/2016,UK,OD,Carysfort Deep,702,702-100-174,1,Juv,PAST,PORI,8
2016,2016,Sept,9/13/2016,UK,OD,Carysfort Deep,702,702-100-174,1,Juv,PAST,PORI,7
2016,2016,Sept,9/13/2016,UK,OD,Carysfort Deep,702,702-100-174,1,Juv,PAST,PORI,9
2016,2016,Sept,9/13/2016,UK,OD,Carysfort Deep,702,702-100-206,1,Juv,AAGA,AGAR,39
2016,2016,Sept,9/13/2016,UK,OD,Carysfort Deep,702,702-100-206,1,Juv,MCAV,MCAV,19
2016,2016,Sept,9/13/2016,UK,OD,Carysfort Deep,702,702-100-206,1,Juv,PAST,PORI,26
2016,2016,Sept,9/13/2016,UK,OD,Carysfort Deep,702,702-100-206,1,Juv,PORI,PORI,21
2016,2016,Sept,9/13/2016,UK,OD,Carysfort Deep,702,702-100-206,1,Juv,SSID,SIDE,14
2016,2016,Sept,9/13/2016,UK,OD,Carysfort Deep,702,702-500-035,1,Juv,AAGA,AGAR,17
2016,2016,Sept,9/13/2016,UK,OD,Carysfort Deep,702,702-500-035,1,Juv,AFRA,AGAR,36
2016,2016,Sept,9/13/2016,UK,OD,Carysfort Deep,702,702-500-035,1,Juv,MCAV,MCAV,17
2016,2016,Sept,9/13/2016,UK,OD,Carysfort Deep,702,702-500-035,1,Juv,PAST,PORI,16
2016,2016,Sept,9/13/2016,UK,OD,Carysfort Deep,702,702-500-035,1,Juv,SSID,SIDE,15
2016,2016,Sept,9/13/2016,UK,OD,Carysfort Deep,702,702-500-035,1,Juv,SSID,SIDE,17
2016,2016,Sept,9/13/2016,UK,OD,Carysfort Deep,702,702-500-035,1,Juv,SSID,SIDE,8
2016,2016,Sept,9/13/2016,UK,OD,Carysfort Deep,702,702-500-035,1,Juv,SSID,SIDE,20
2016,2016,Sept,9/13/2016,UK,OD,Carysfort Deep,702,702-500-077,1,Juv,AAGA,AGAR,25
2016,2016,Sept,9/13/2016,UK,OD,Carysfort Deep,702,702-500-077,1,Juv,MCAV,MCAV,14
2016,2016,Sept,9/13/2016,UK,OD,Carysfort Deep,702,702-500-077,1,Juv,SSID,SIDE,24
2016,2016,Sept,9/13/2016,UK,OD,Carysfort Deep,702,702-500-101,1,Juv,AAGA,AGAR,19
2016,2016,Sept,9/13/2016,UK,OD,Carysfort Deep,702,702-500-101,1,Juv,AAGA,AGAR,6
2016,2016,Sept,9/13/2016,UK,OD,Carysfort Deep,702,702-500-101,1,Juv,AFRA,AGAR,28
2016,2016,Sept,9/13/2016,UK,OD,Carysfort Deep,702,702-500-120,1,Juv,AAGA,AGAR,26
2016,2016,Sept,9/13/2016,UK,OD,Carysfort Deep,702,702-500-120,1,Juv,AAGA,AGAR,15
2016,2016,Sept,9/13/2016,UK,OD,Carysfort Deep,702,702-500-120,1,Juv,PAST,PORI,23
2016,2016,Sept,9/13/2016,UK,OD,Carysfort Deep,703,703-100-032,1,Juv,AAGA,AGAR,14
2016,2016,Sept,9/13/2016,UK,OD,Carysfort Deep,703,703-100-032,1,Juv,AAGA,AGAR,10
2016,2016,Sept,9/13/2016,UK,OD,Carysfort Deep,703,703-100-032,1,Juv,AAGA,AGAR,11
2016,2016,Sept,9/13/2016,UK,OD,Carysfort Deep,703,703-100-032,1,Juv,PAST,PORI,20
2016,2016,Sept,9/13/2016,UK,OD,Carysfort Deep,703,703-100-032,1,Juv,SMIC,SMIC,24
2016,2016,Sept,9/13/2016,UK,OD,Carysfort Deep,703,703-100-073,1,Juv,AAGA,AGAR,36
2016,2016,Sept,9/13/2016,UK,OD,Carysfort Deep,703,703-100-073,1,Juv,AAGA,AGAR,19
2016,2016,Sept,9/13/2016,UK,OD,Carysfort Deep,703,703-100-073,1,Juv,PAST,PORI,15
2016,2016,Sept,9/13/2016,UK,OD,Carysfort Deep,703,703-100-146,1,Juv,MCAV,MCAV,13
2016,2016,Sept,9/13/2016,UK,OD,Carysfort Deep,703,703-100-146,1,Juv,MCAV,MCAV,5
2016,2016,Sept,9/13/2016,UK,OD,Carysfort Deep,703,703-100-146,1,Juv,PAST,PORI,10
2016,2016,Sept,9/13/2016,UK,OD,Carysfort Deep,703,703-100-146,1,Juv,PAST,PORI,21
2016,2016,Sept,9/13/2016,UK,OD,Carysfort Deep,703,703-100-146,1,Juv,SSID,SIDE,17
2016,2016,Sept,9/13/2016,UK,OD,Carysfort Deep,703,703-100-146,1,Juv,SSID,SIDE,10
2016,2016,Sept,9/13/2016,UK,OD,Carysfort Deep,703,703-100-146,1,Juv,SSID,SIDE,11
2016,2016,Sept,9/13/2016,UK,OD,Carysfort Deep,703,703-100-175,1,Juv,AAGA,AGAR,21
2016,2016,Sept,9/13/2016,UK,OD,Carysfort Deep,703,703-100-175,1,Juv,AAGA,AGAR,35
2016,2016,Sept,9/13/2016,UK,OD,Carysfort Deep,703,703-100-175,1,Juv,AAGA,AGAR,15
2016,2016,Sept,9/13/2016,UK,OD,Carysfort Deep,703,703-100-175,1,Juv,PAST,PORI,21
2016,2016,Sept,9/13/2016,UK,OD,Carysfort Deep,703,703-100-175,1,Juv,SSID,SIDE,24
2016,2016,Sept,9/13/2016,UK,OD,Carysfort Deep,703,703-500-029,1,Juv,MUSS,MUSS,24
2016,2016,Sept,9/13/2016,UK,OD,Carysfort Deep,703,703-500-029,1,Iso,SSID,SIDE,2
2016,2016,Sept,9/13/2016,UK,OD,Carysfort Deep,703,703-500-029,1,Iso,SSID,SIDE,3
2016,2016,Sept,9/13/2016,UK,OD,Carysfort Deep,703,703-500-029,1,Iso,SSID,SIDE,2
2016,2016,Sept,9/13/2016,UK,OD,Carysfort Deep,703,703-500-029,1,Juv,SMIC,SMIC,25
2016,2016,Sept,9/13/2016,UK,OD,Carysfort Deep,703,703-500-100,1,Juv,AAGA,AGAR,39
2016,2016,Sept,9/13/2016,UK,OD,Carysfort Deep,703,703-500-100,1,Iso,ORBI,ORBI,19
2016,2016,Sept,9/13/2016,UK,OD,Carysfort Deep,703,703-500-123,1,Juv,PAST,PORI,23
2016,2016,Sept,9/13/2016,UK,OD,Carysfort Deep,703,703-500-172,1,Juv,AAGA,AGAR,36
2016,2016,Sept,9/13/2016,UK,OD,Carysfort Deep,703,703-500-172,1,Juv,AAGA,AGAR,37
2016,2016,Sept,9/13/2016,UK,OD,Carysfort Deep,703,703-500-172,1,Juv,PAST,PORI,31
2016,2016,Sept,9/13/2016,UK,OD,Carysfort Deep,703,703-500-172,1,Juv,PAST,PORI,37
2016,2016,Sept,9/13/2016,UK,OD,Carysfort Deep,703,703-500-172,1,Iso,SSID,SIDE,4
2016,2016,Sept,9/13/2016,UK,OD,Carysfort Deep,703,703-500-172,1,Iso,SSID,SIDE,4
2016,2016,Sept,9/13/2016,UK,OD,Carysfort Deep,703,703-500-172,1,Iso,SSID,SIDE,12
2016,2016,Sept,9/13/2016,UK,OD,Carysfort Deep,704,704-100-009,1,Juv,PPOR,PORI,16
2016,2016,Sept,9/13/2016,UK,OD,Carysfort Deep,704,704-100-009,1,Juv,SMIC,SMIC,23
2016,2016,Sept,9/13/2016,UK,OD,Carysfort Deep,704,704-100-111,1,Iso,PAST,PORI,23
2016,2016,Sept,9/13/2016,UK,OD,Carysfort Deep,704,704-100-111,1,Juv,PAST,PORI,24
2016,2016,Sept,9/13/2016,UK,OD,Carysfort Deep,704,704-100-169,1,Juv,AAGA,AGAR,29
2016,2016,Sept,9/13/2016,UK,OD,Carysfort Deep,704,704-100-169,1,Juv,SSID,SIDE,15
2016,2016,Sept,9/13/2016,UK,OD,Carysfort Deep,704,704-100-221,0,NA,NA,NA,NA
2016,2016,Sept,9/13/2016,UK,OD,Carysfort Deep,704,704-500-016,1,Juv,AAGA,AGAR,15
2016,2016,Sept,9/13/2016,UK,OD,Carysfort Deep,704,704-500-016,1,Juv,AAGA,AGAR,13
2016,2016,Sept,9/13/2016,UK,OD,Carysfort Deep,704,704-500-016,1,Juv,UNKS,UNKS,5
2016,2016,Sept,9/13/2016,UK,OD,Carysfort Deep,704,704-500-135,1,Juv,AFRA,AGAR,20
2016,2016,Sept,9/13/2016,UK,OD,Carysfort Deep,704,704-500-135,1,Juv,AFRA,AGAR,27
2016,2016,Sept,9/13/2016,UK,OD,Carysfort Deep,704,704-500-135,1,Juv,PAST,PORI,24
2016,2016,Sept,9/13/2016,UK,OD,Carysfort Deep,704,704-500-135,1,Juv,PAST,PORI,16
2016,2016,Sept,9/13/2016,UK,OD,Carysfort Deep,704,704-500-135,1,Juv,SSID,SIDE,10
2016,2016,Sept,9/13/2016,UK,OD,Carysfort Deep,704,704-500-135,1,Juv,SSID,SIDE,29
2016,2016,Sept,9/13/2016,UK,OD,Carysfort Deep,704,704-500-135,1,Juv,SSID,SIDE,37
2016,2016,Sept,9/13/2016,UK,OD,Carysfort Deep,704,704-500-135,1,Juv,SSID,SIDE,2
2016,2016,Sept,9/13/2016,UK,OD,Carysfort Deep,704,704-500-156,1,Iso,AAGA,AGAR,15
2016,2016,Sept,9/13/2016,UK,OD,Carysfort Deep,704,704-500-156,1,Juv,AAGA,AGAR,17
2016,2016,Sept,9/13/2016,UK,OD,Carysfort Deep,704,704-500-156,1,Juv,AAGA,AGAR,33
2016,2016,Sept,9/13/2016,UK,OD,Carysfort Deep,704,704-500-156,1,Juv,SSID,SIDE,17
2016,2016,Sept,9/13/2016,UK,OD,Carysfort Deep,704,704-500-172,1,Juv,AAGA,AGAR,21
2016,2016,Sept,9/15/2016,UK,OD,Molasses Deep,721,721-100-024,1,Juv,SSID,SIDE,6
2016,2016,Sept,9/15/2016,UK,OD,Molasses Deep,721,721-100-024,1,Juv,SSID,SIDE,22
2016,2016,Sept,9/15/2016,UK,OD,Molasses Deep,721,721-100-024,1,Juv,SSID,SIDE,6
2016,2016,Sept,9/15/2016,UK,OD,Molasses Deep,721,721-100-024,1,Juv,SSID,SIDE,10
2016,2016,Sept,9/15/2016,UK,OD,Molasses Deep,721,721-100-024,1,Juv,SMIC,SMIC,27
2016,2016,Sept,9/15/2016,UK,OD,Molasses Deep,721,721-100-061,1,Juv,SRAD,SIDE,9
2016,2016,Sept,9/15/2016,UK,OD,Molasses Deep,721,721-100-061,1,Juv,SSID,SIDE,25
2016,2016,Sept,9/15/2016,UK,OD,Molasses Deep,721,721-100-138,1,Juv,AAGA,AGAR,29
2016,2016,Sept,9/15/2016,UK,OD,Molasses Deep,721,721-100-138,1,Juv,AAGA,AGAR,12
2016,2016,Sept,9/15/2016,UK,OD,Molasses Deep,721,721-100-138,1,Juv,PAST,PORI,17
2016,2016,Sept,9/15/2016,UK,OD,Molasses Deep,721,721-100-138,1,Juv,SSID,SIDE,37
2016,2016,Sept,9/15/2016,UK,OD,Molasses Deep,721,721-100-138,1,Juv,SSID,SIDE,13
2016,2016,Sept,9/15/2016,UK,OD,Molasses Deep,721,721-100-138,1,Juv,SSID,SIDE,7
2016,2016,Sept,9/15/2016,UK,OD,Molasses Deep,721,721-100-138,1,Juv,SSID,SIDE,28
2016,2016,Sept,9/15/2016,UK,OD,Molasses Deep,721,721-100-138,1,Juv,SSID,SIDE,17
2016,2016,Sept,9/15/2016,UK,OD,Molasses Deep,721,721-100-186,1,Juv,PAST,PORI,11
2016,2016,Sept,9/15/2016,UK,OD,Molasses Deep,721,721-100-186,1,Juv,PAST,PORI,5
2016,2016,Sept,9/15/2016,UK,OD,Molasses Deep,721,721-100-186,1,Iso,PPOR,PORI,9
2016,2016,Sept,9/15/2016,UK,OD,Molasses Deep,721,721-100-186,1,Juv,UNKS,UNKS,5
2016,2016,Sept,9/15/2016,UK,OD,Molasses Deep,721,721-500-025,1,Juv,PAST,PORI,39
2016,2016,Sept,9/15/2016,UK,OD,Molasses Deep,721,721-500-064,1,Juv,AGAR,AGAR,24
2016,2016,Sept,9/15/2016,UK,OD,Molasses Deep,721,721-500-064,1,Iso,MCAV,MCAV,6
2016,2016,Sept,9/15/2016,UK,OD,Molasses Deep,721,721-500-064,1,Juv,PAST,PORI,18
2016,2016,Sept,9/15/2016,UK,OD,Molasses Deep,721,721-500-064,1,Juv,PAST,PORI,11
2016,2016,Sept,9/15/2016,UK,OD,Molasses Deep,721,721-500-064,1,Juv,PPOR,PORI,21
2016,2016,Sept,9/15/2016,UK,OD,Molasses Deep,721,721-500-114,1,Juv,SSID,SIDE,29
2016,2016,Sept,9/15/2016,UK,OD,Molasses Deep,721,721-500-183,0,NA,NA,NA,NA
2016,2016,Sept,9/15/2016,UK,OD,Molasses Deep,722,722-100-045,1,Juv,AAGA,AGAR,34
2016,2016,Sept,9/15/2016,UK,OD,Molasses Deep,722,722-100-045,1,Juv,DSTO,DSTO,35
2016,2016,Sept,9/15/2016,UK,OD,Molasses Deep,722,722-100-045,1,Juv,DSTO,DSTO,35
2016,2016,Sept,9/15/2016,UK,OD,Molasses Deep,722,722-100-045,1,Uns,SSID,SIDE,11
2016,2016,Sept,9/15/2016,UK,OD,Molasses Deep,722,722-100-045,1,Uns,SSID,SIDE,17
2016,2016,Sept,9/15/2016,UK,OD,Molasses Deep,722,722-100-045,1,Juv,SSID,SIDE,11
2016,2016,Sept,9/15/2016,UK,OD,Molasses Deep,722,722-100-076,1,Juv,AAGA,AGAR,20
2016,2016,Sept,9/15/2016,UK,OD,Molasses Deep,722,722-100-076,1,Juv,AGAR,AGAR,33
2016,2016,Sept,9/15/2016,UK,OD,Molasses Deep,722,722-100-076,1,Juv,AGAR,AGAR,24
2016,2016,Sept,9/15/2016,UK,OD,Molasses Deep,722,722-100-173,1,Juv,PAST,PORI,16
2016,2016,Sept,9/15/2016,UK,OD,Molasses Deep,722,722-100-173,1,Juv,SSID,SIDE,39
2016,2016,Sept,9/15/2016,UK,OD,Molasses Deep,722,722-100-173,1,Juv,SSID,SIDE,24
2016,2016,Sept,9/15/2016,UK,OD,Molasses Deep,722,722-100-173,1,Juv,SMIC,SMIC,23
2016,2016,Sept,9/15/2016,UK,OD,Molasses Deep,722,722-100-173,1,Juv,SMIC,SMIC,35
2016,2016,Sept,9/15/2016,UK,OD,Molasses Deep,722,722-100-173,1,Juv,SMIC,SMIC,24
2016,2016,Sept,9/15/2016,UK,OD,Molasses Deep,722,722-100-215,1,Juv,MCAV,MCAV,31
2016,2016,Sept,9/15/2016,UK,OD,Molasses Deep,722,722-500-032,1,Juv,PAST,PORI,13
2016,2016,Sept,9/15/2016,UK,OD,Molasses Deep,722,722-500-032,1,Iso,PPOR,PORI,15
2016,2016,Sept,9/15/2016,UK,OD,Molasses Deep,722,722-500-032,1,Iso,PPOR,PORI,6
2016,2016,Sept,9/15/2016,UK,OD,Molasses Deep,722,722-500-032,1,Iso,PPOR,PORI,17
2016,2016,Sept,9/15/2016,UK,OD,Molasses Deep,722,722-500-032,1,Iso,PPOR,PORI,14
2016,2016,Sept,9/15/2016,UK,OD,Molasses Deep,722,722-500-032,1,Juv,SSID,SIDE,8
2016,2016,Sept,9/15/2016,UK,OD,Molasses Deep,722,722-500-094,1,Uns,AAGA,AGAR,25
2016,2016,Sept,9/15/2016,UK,OD,Molasses Deep,722,722-500-094,1,Juv,SRAD,SIDE,24
2016,2016,Sept,9/15/2016,UK,OD,Molasses Deep,722,722-500-094,1,Juv,SSID,SIDE,11
2016,2016,Sept,9/15/2016,UK,OD,Molasses Deep,722,722-500-111,1,Juv,MCAV,MCAV,7
2016,2016,Sept,9/15/2016,UK,OD,Molasses Deep,722,722-500-111,1,Juv,PPOR,PORI,18
2016,2016,Sept,9/15/2016,UK,OD,Molasses Deep,722,722-500-111,1,Juv,SSID,SIDE,8
2016,2016,Sept,9/15/2016,UK,OD,Molasses Deep,722,722-500-111,1,Juv,SSID,SIDE,11
2016,2016,Sept,9/15/2016,UK,OD,Molasses Deep,722,722-500-182,0,NA,NA,NA,NA
2016,2016,Sept,9/15/2016,UK,OD,Molasses Deep,723,723-100-052,1,Juv,AAGA,AGAR,26
2016,2016,Sept,9/15/2016,UK,OD,Molasses Deep,723,723-100-052,1,Juv,PAST,PORI,5
2016,2016,Sept,9/15/2016,UK,OD,Molasses Deep,723,723-100-064,0,NA,NA,NA,NA
2016,2016,Sept,9/15/2016,UK,OD,Molasses Deep,723,723-100-134,1,Juv,AFRA,AGAR,10
2016,2016,Sept,9/15/2016,UK,OD,Molasses Deep,723,723-100-134,1,Juv,AFRA,AGAR,25
2016,2016,Sept,9/15/2016,UK,OD,Molasses Deep,723,723-100-134,1,Juv,AFRA,AGAR,12
2016,2016,Sept,9/15/2016,UK,OD,Molasses Deep,723,723-100-134,1,Iso,PAST,PORI,22
2016,2016,Sept,9/15/2016,UK,OD,Molasses Deep,723,723-100-134,1,Juv,PAST,PORI,31
2016,2016,Sept,9/15/2016,UK,OD,Molasses Deep,723,723-100-134,1,Juv,PAST,PORI,17
2016,2016,Sept,9/15/2016,UK,OD,Molasses Deep,723,723-100-134,1,Juv,PAST,PORI,7
2016,2016,Sept,9/15/2016,UK,OD,Molasses Deep,723,723-100-134,1,Juv,PAST,PORI,7
2016,2016,Sept,9/15/2016,UK,OD,Molasses Deep,723,723-100-134,1,Juv,SSID,SIDE,18
2016,2016,Sept,9/15/2016,UK,OD,Molasses Deep,723,723-100-154,1,Juv,AAGA,AGAR,4
2016,2016,Sept,9/15/2016,UK,OD,Molasses Deep,723,723-500-030,1,Juv,AAGA,AGAR,9
2016,2016,Sept,9/15/2016,UK,OD,Molasses Deep,723,723-500-030,1,Juv,AGAR,AGAR,1
2016,2016,Sept,9/15/2016,UK,OD,Molasses Deep,723,723-500-030,1,Juv,MMEA,MMEA,36
2016,2016,Sept,9/15/2016,UK,OD,Molasses Deep,723,723-500-030,1,Juv,PAST,PORI,10
2016,2016,Sept,9/15/2016,UK,OD,Molasses Deep,723,723-500-030,1,Juv,PAST,PORI,3
2016,2016,Sept,9/15/2016,UK,OD,Molasses Deep,723,723-500-030,1,Juv,PAST,PORI,6
2016,2016,Sept,9/15/2016,UK,OD,Molasses Deep,723,723-500-064,0,NA,NA,NA,NA
2016,2016,Sept,9/15/2016,UK,OD,Molasses Deep,723,723-500-090,1,Juv,AAGA,AGAR,31
2016,2016,Sept,9/15/2016,UK,OD,Molasses Deep,723,723-500-090,1,Juv,SSID,SIDE,17
2016,2016,Sept,9/15/2016,UK,OD,Molasses Deep,723,723-500-103,1,Juv,PAST,PORI,10
2016,2016,Sept,9/15/2016,UK,OD,Molasses Deep,723,723-500-103,1,Iso,SSID,SIDE,20
2016,2016,Sept,9/15/2016,UK,OD,Molasses Deep,723,723-500-103,1,Iso,SSID,SIDE,11
2016,2016,Sept,9/15/2016,UK,OD,Molasses Deep,724,724-100-048,1,Juv,AAGA,AGAR,25
2016,2016,Sept,9/15/2016,UK,OD,Molasses Deep,724,724-100-048,1,Juv,MCAV,MCAV,13
2016,2016,Sept,9/15/2016,UK,OD,Molasses Deep,724,724-100-048,1,Juv,PAST,PORI,13
2016,2016,Sept,9/15/2016,UK,OD,Molasses Deep,724,724-100-048,1,Juv,PAST,PORI,15
2016,2016,Sept,9/15/2016,UK,OD,Molasses Deep,724,724-100-048,1,Juv,PAST,PORI,16
2016,2016,Sept,9/15/2016,UK,OD,Molasses Deep,724,724-100-048,1,Juv,SSID,SIDE,28
2016,2016,Sept,9/15/2016,UK,OD,Molasses Deep,724,724-100-089,1,Iso,AAGA,AGAR,26
2016,2016,Sept,9/15/2016,UK,OD,Molasses Deep,724,724-100-089,1,Iso,AAGA,AGAR,15
2016,2016,Sept,9/15/2016,UK,OD,Molasses Deep,724,724-100-089,1,Iso,AAGA,AGAR,34
2016,2016,Sept,9/15/2016,UK,OD,Molasses Deep,724,724-100-089,1,Juv,AAGA,AGAR,39
2016,2016,Sept,9/15/2016,UK,OD,Molasses Deep,724,724-100-089,1,Juv,AAGA,AGAR,29
2016,2016,Sept,9/15/2016,UK,OD,Molasses Deep,724,724-100-089,1,Juv,PAST,PORI,22
2016,2016,Sept,9/15/2016,UK,OD,Molasses Deep,724,724-100-089,1,Juv,PAST,PORI,18
2016,2016,Sept,9/15/2016,UK,OD,Molasses Deep,724,724-100-089,1,Juv,PAST,PORI,25
2016,2016,Sept,9/15/2016,UK,OD,Molasses Deep,724,724-100-089,1,Juv,SSID,SIDE,10
2016,2016,Sept,9/15/2016,UK,OD,Molasses Deep,724,724-100-151,1,Juv,AAGA,AGAR,9
2016,2016,Sept,9/15/2016,UK,OD,Molasses Deep,724,724-100-151,1,Juv,PAST,PORI,15
2016,2016,Sept,9/15/2016,UK,OD,Molasses Deep,724,724-100-151,1,Juv,PAST,PORI,15
2016,2016,Sept,9/15/2016,UK,OD,Molasses Deep,724,724-100-151,1,Juv,SSID,SIDE,22
2016,2016,Sept,9/15/2016,UK,OD,Molasses Deep,724,724-100-151,1,Juv,SSID,SIDE,5
2016,2016,Sept,9/15/2016,UK,OD,Molasses Deep,724,724-100-177,1,Juv,AAGA,AGAR,5
2016,2016,Sept,9/15/2016,UK,OD,Molasses Deep,724,724-100-177,1,Juv,PAST,PORI,7
2016,2016,Sept,9/15/2016,UK,OD,Molasses Deep,724,724-100-177,1,Juv,SSID,SIDE,29
2016,2016,Sept,9/15/2016,UK,OD,Molasses Deep,724,724-500-032,1,Juv,UNKS,UNKS,2
2016,2016,Sept,9/15/2016,UK,OD,Molasses Deep,724,724-500-061,1,Juv,PAST,PORI,24
2016,2016,Sept,9/15/2016,UK,OD,Molasses Deep,724,724-500-061,1,Juv,PPOR,PORI,24
2016,2016,Sept,9/15/2016,UK,OD,Molasses Deep,724,724-500-061,1,Juv,SSID,SIDE,23
2016,2016,Sept,9/15/2016,UK,OD,Molasses Deep,724,724-500-061,1,Juv,SSID,SIDE,25
2016,2016,Sept,9/15/2016,UK,OD,Molasses Deep,724,724-500-094,1,Juv,AAGA,AGAR,11
2016,2016,Sept,9/15/2016,UK,OD,Molasses Deep,724,724-500-094,1,Juv,MCAV,MCAV,27
2016,2016,Sept,9/15/2016,UK,OD,Molasses Deep,724,724-500-094,1,Juv,PAST,PORI,24
2016,2016,Sept,9/15/2016,UK,OD,Molasses Deep,724,724-500-094,1,Juv,PAST,PORI,10
2016,2016,Sept,9/15/2016,UK,OD,Molasses Deep,724,724-500-094,1,Juv,SSID,SIDE,21
2016,2016,Sept,9/15/2016,UK,OD,Molasses Deep,724,724-500-094,1,Juv,SSID,SIDE,33
2016,2016,Sept,9/15/2016,UK,OD,Molasses Deep,724,724-500-192,1,Juv,AAGA,AGAR,12
2016,2016,Sept,9/15/2016,UK,OD,Molasses Deep,724,724-500-192,1,Juv,AAGA,AGAR,32
2016,2016,Sept,9/15/2016,UK,OD,Molasses Deep,724,724-500-192,1,Juv,DSTO,DSTO,31
2016,2016,Sept,9/15/2016,UK,OD,Molasses Deep,724,724-500-192,1,Juv,PAST,PORI,17
2016,2016,Sept,9/15/2016,UK,OD,Molasses Deep,724,724-500-192,1,Juv,PAST,PORI,13
2016,2016,Sept,9/15/2016,UK,OD,Molasses Deep,724,724-500-192,1,Juv,PPOR,PORI,33
2016,2016,Sept,9/15/2016,UK,OD,Molasses Deep,724,724-500-192,1,Iso,PPOR,PORI,18
2016,2016,Sept,9/15/2016,UK,OD,Molasses Deep,724,724-500-192,1,Iso,PPOR,PORI,12
2016,2016,Sept,9/15/2016,UK,OD,Molasses Deep,724,724-500-192,1,Iso,PPOR,PORI,18
2016,2016,Sept,9/15/2016,UK,OD,Molasses Deep,724,724-500-192,1,Juv,SSID,SIDE,16
2016,2016,May,5/13/2016,MK,OD,Tennessee Deep,751,751-100-026,1,Juv,MARE,MARE,16
2016,2016,May,5/13/2016,MK,OD,Tennessee Deep,751,751-100-026,1,Juv,PAST,PORI,14
2016,2016,May,5/13/2016,MK,OD,Tennessee Deep,751,751-100-026,1,Juv,PPOR,PORI,23
2016,2016,May,5/13/2016,MK,OD,Tennessee Deep,751,751-100-026,1,Juv,SSID,SIDE,37
2016,2016,May,5/13/2016,MK,OD,Tennessee Deep,751,751-100-026,1,Juv,SMIC,SMIC,36
2016,2016,May,5/13/2016,MK,OD,Tennessee Deep,751,751-100-026,1,Juv,SMIC,SMIC,39
2016,2016,May,5/13/2016,MK,OD,Tennessee Deep,751,751-100-045,1,Juv,MCAV,MCAV,21
2016,2016,May,5/13/2016,MK,OD,Tennessee Deep,751,751-100-045,1,Juv,PAST,PORI,14
2016,2016,May,5/13/2016,MK,OD,Tennessee Deep,751,751-100-045,1,Iso,SSID,SIDE,6
2016,2016,May,5/13/2016,MK,OD,Tennessee Deep,751,751-100-045,1,Juv,SSID,SIDE,10
2016,2016,May,5/13/2016,MK,OD,Tennessee Deep,751,751-100-045,1,Juv,SSID,SIDE,15
2016,2016,May,5/13/2016,MK,OD,Tennessee Deep,751,751-100-045,1,Juv,SSID,SIDE,7
2016,2016,May,5/13/2016,MK,OD,Tennessee Deep,751,751-100-118,1,Juv,EFAS,EFAS,32
2016,2016,May,5/13/2016,MK,OD,Tennessee Deep,751,751-100-118,1,Juv,PAST,PORI,25
2016,2016,May,5/13/2016,MK,OD,Tennessee Deep,751,751-100-118,1,Juv,PAST,PORI,12
2016,2016,May,5/13/2016,MK,OD,Tennessee Deep,751,751-100-118,1,Juv,SSID,SIDE,29
2016,2016,May,5/13/2016,MK,OD,Tennessee Deep,751,751-100-118,1,Juv,SSID,SIDE,24
2016,2016,May,5/13/2016,MK,OD,Tennessee Deep,751,751-100-118,1,Juv,SSID,SIDE,6
2016,2016,May,5/13/2016,MK,OD,Tennessee Deep,751,751-100-118,1,Juv,SSID,SIDE,14
2016,2016,May,5/13/2016,MK,OD,Tennessee Deep,751,751-100-118,1,Juv,SSID,SIDE,7
2016,2016,May,5/13/2016,MK,OD,Tennessee Deep,751,751-100-118,1,Juv,SSID,SIDE,27
2016,2016,May,5/13/2016,MK,OD,Tennessee Deep,751,751-100-118,1,Juv,SMIC,SMIC,13
2016,2016,May,5/13/2016,MK,OD,Tennessee Deep,751,751-100-203,1,Juv,SSID,SIDE,34
2016,2016,May,5/13/2016,MK,OD,Tennessee Deep,751,751-500-029,1,Juv,MCAV,MCAV,4
2016,2016,May,5/13/2016,MK,OD,Tennessee Deep,751,751-500-029,1,Iso,MMEA,MMEA,29
2016,2016,May,5/13/2016,MK,OD,Tennessee Deep,751,751-500-029,1,Iso,PPOR,PORI,19
2016,2016,May,5/13/2016,MK,OD,Tennessee Deep,751,751-500-029,1,Iso,PPOR,PORI,10
2016,2016,May,5/13/2016,MK,OD,Tennessee Deep,751,751-500-029,1,Juv,SSID,SIDE,27
2016,2016,May,5/13/2016,MK,OD,Tennessee Deep,751,751-500-029,1,Juv,SSID,SIDE,22
2016,2016,May,5/13/2016,MK,OD,Tennessee Deep,751,751-500-029,1,Juv,SSID,SIDE,36
2016,2016,May,5/13/2016,MK,OD,Tennessee Deep,751,751-500-105,1,Juv,MCAV,MCAV,15
2016,2016,May,5/13/2016,MK,OD,Tennessee Deep,751,751-500-105,1,Juv,PAST,PORI,15
2016,2016,May,5/13/2016,MK,OD,Tennessee Deep,751,751-500-105,1,Juv,SSID,SIDE,19
2016,2016,May,5/13/2016,MK,OD,Tennessee Deep,751,751-500-105,1,Juv,SSID,SIDE,24
2016,2016,May,5/13/2016,MK,OD,Tennessee Deep,751,751-500-105,1,Juv,SSID,SIDE,6
2016,2016,May,5/13/2016,MK,OD,Tennessee Deep,751,751-500-123,1,Juv,PAST,PORI,19
2016,2016,May,5/13/2016,MK,OD,Tennessee Deep,751,751-500-123,1,Juv,SMIC,SMIC,34
2016,2016,May,5/13/2016,MK,OD,Tennessee Deep,751,751-500-226,1,Juv,MCAV,MCAV,36
2016,2016,May,5/13/2016,MK,OD,Tennessee Deep,751,751-500-226,1,Juv,SSID,SIDE,24
2016,2016,May,5/13/2016,MK,OD,Tennessee Deep,752,752-100-022,1,Juv,PAST,PORI,8
2016,2016,May,5/13/2016,MK,OD,Tennessee Deep,752,752-100-022,1,Juv,SSID,SIDE,11
2016,2016,May,5/13/2016,MK,OD,Tennessee Deep,752,752-100-022,1,Juv,SSID,SIDE,4
2016,2016,May,5/13/2016,MK,OD,Tennessee Deep,752,752-100-072,1,Juv,SSID,SIDE,18
2016,2016,May,5/13/2016,MK,OD,Tennessee Deep,752,752-100-072,1,Juv,SSID,SIDE,27
2016,2016,May,5/13/2016,MK,OD,Tennessee Deep,752,752-100-135,1,Juv,PAST,PORI,15
2016,2016,May,5/13/2016,MK,OD,Tennessee Deep,752,752-100-135,1,Juv,SSID,SIDE,18
2016,2016,May,5/13/2016,MK,OD,Tennessee Deep,752,752-100-135,1,Juv,SSID,SIDE,24
2016,2016,May,5/13/2016,MK,OD,Tennessee Deep,752,752-100-225,1,Juv,MARE,MARE,27
2016,2016,May,5/13/2016,MK,OD,Tennessee Deep,752,752-100-225,1,Juv,PAST,PORI,15
2016,2016,May,5/13/2016,MK,OD,Tennessee Deep,752,752-100-225,1,Juv,SRAD,SIDE,33
2016,2016,May,5/13/2016,MK,OD,Tennessee Deep,752,752-100-225,1,Juv,SSID,SIDE,39
2016,2016,May,5/13/2016,MK,OD,Tennessee Deep,752,752-100-225,1,Juv,SSID,SIDE,14
2016,2016,May,5/13/2016,MK,OD,Tennessee Deep,752,752-500-023,1,Juv,AAGA,AGAR,32
2016,2016,May,5/13/2016,MK,OD,Tennessee Deep,752,752-500-023,1,Juv,MARE,MARE,9
2016,2016,May,5/13/2016,MK,OD,Tennessee Deep,752,752-500-023,1,Juv,SRAD,SIDE,16
2016,2016,May,5/13/2016,MK,OD,Tennessee Deep,752,752-500-023,1,Juv,SSID,SIDE,15
2016,2016,May,5/13/2016,MK,OD,Tennessee Deep,752,752-500-056,1,Juv,MCAV,MCAV,16
2016,2016,May,5/13/2016,MK,OD,Tennessee Deep,752,752-500-056,1,Juv,PAST,PORI,26
2016,2016,May,5/13/2016,MK,OD,Tennessee Deep,752,752-500-056,1,Juv,SSID,SIDE,10
2016,2016,May,5/13/2016,MK,OD,Tennessee Deep,752,752-500-141,1,Juv,SSID,SIDE,36
2016,2016,May,5/13/2016,MK,OD,Tennessee Deep,752,752-500-141,1,Juv,SSID,SIDE,8
2016,2016,May,5/13/2016,MK,OD,Tennessee Deep,752,752-500-141,1,Juv,SMIC,SMIC,30
2016,2016,May,5/13/2016,MK,OD,Tennessee Deep,752,752-500-188,1,Juv,AFRA,AGAR,30
2016,2016,May,5/13/2016,MK,OD,Tennessee Deep,752,752-500-188,1,Juv,SSID,SIDE,32
2016,2016,May,5/13/2016,MK,OD,Tennessee Deep,752,752-500-188,1,Juv,SSID,SIDE,27
2016,2016,May,5/13/2016,MK,OD,Tennessee Deep,752,752-500-188,1,Juv,SSID,SIDE,14
2016,2016,May,5/13/2016,MK,OD,Tennessee Deep,753,753-100-028,1,Iso,PAST,PORI,11
2016,2016,May,5/13/2016,MK,OD,Tennessee Deep,753,753-100-028,1,Juv,SSID,SIDE,39
2016,2016,May,5/13/2016,MK,OD,Tennessee Deep,753,753-100-028,1,Juv,SSID,SIDE,15
2016,2016,May,5/13/2016,MK,OD,Tennessee Deep,753,753-100-028,1,Juv,SSID,SIDE,24
2016,2016,May,5/13/2016,MK,OD,Tennessee Deep,753,753-100-028,1,Juv,SMIC,SMIC,36
2016,2016,May,5/13/2016,MK,OD,Tennessee Deep,753,753-100-085,1,Juv,SSID,SIDE,9
2016,2016,May,5/13/2016,MK,OD,Tennessee Deep,753,753-100-090,1,Juv,PAST,PORI,34
2016,2016,May,5/13/2016,MK,OD,Tennessee Deep,753,753-100-090,1,Juv,SSID,SIDE,3
2016,2016,May,5/13/2016,MK,OD,Tennessee Deep,753,753-100-090,1,Juv,SSID,SIDE,4
2016,2016,May,5/13/2016,MK,OD,Tennessee Deep,753,753-100-090,1,Juv,SSID,SIDE,39
2016,2016,May,5/13/2016,MK,OD,Tennessee Deep,753,753-100-141,1,Juv,PAST,PORI,21
2016,2016,May,5/13/2016,MK,OD,Tennessee Deep,753,753-100-141,1,Juv,SSID,SIDE,30
2016,2016,May,5/13/2016,MK,OD,Tennessee Deep,753,753-100-141,1,Juv,SSID,SIDE,16
2016,2016,May,5/13/2016,MK,OD,Tennessee Deep,753,753-100-141,1,Juv,SSID,SIDE,20
2016,2016,May,5/13/2016,MK,OD,Tennessee Deep,753,753-100-141,1,Juv,SMIC,SMIC,31
2016,2016,May,5/13/2016,MK,OD,Tennessee Deep,753,753-500-023,1,Juv,SSID,SIDE,35
2016,2016,May,5/13/2016,MK,OD,Tennessee Deep,753,753-500-023,1,Juv,SMIC,SMIC,36
2016,2016,May,5/13/2016,MK,OD,Tennessee Deep,753,753-500-049,1,Juv,AAGA,AGAR,14
2016,2016,May,5/13/2016,MK,OD,Tennessee Deep,753,753-500-049,1,Juv,MCAV,MCAV,13
2016,2016,May,5/13/2016,MK,OD,Tennessee Deep,753,753-500-049,1,Juv,SSID,SIDE,18
2016,2016,May,5/13/2016,MK,OD,Tennessee Deep,753,753-500-105,1,Juv,MARE,MARE,11
2016,2016,May,5/13/2016,MK,OD,Tennessee Deep,753,753-500-105,1,Juv,SSID,SIDE,24
2016,2016,May,5/13/2016,MK,OD,Tennessee Deep,753,753-500-197,1,Juv,MCAV,MCAV,7
2016,2016,May,5/13/2016,MK,OD,Tennessee Deep,753,753-500-197,1,Juv,PAST,PORI,15
2016,2016,May,5/13/2016,MK,OD,Tennessee Deep,753,753-500-197,1,Juv,SSID,SIDE,14
2016,2016,May,5/13/2016,MK,OD,Tennessee Deep,754,754-100-051,1,Juv,MARE,MARE,18
2016,2016,May,5/13/2016,MK,OD,Tennessee Deep,754,754-100-051,1,Juv,PAST,PORI,8
2016,2016,May,5/13/2016,MK,OD,Tennessee Deep,754,754-100-051,1,Juv,SSID,SIDE,28
2016,2016,May,5/13/2016,MK,OD,Tennessee Deep,754,754-100-051,1,Juv,UNKS,UNKS,13
2016,2016,May,5/13/2016,MK,OD,Tennessee Deep,754,754-100-100,1,Juv,AAGA,AGAR,18
2016,2016,May,5/13/2016,MK,OD,Tennessee Deep,754,754-100-100,1,Juv,AAGA,AGAR,17
2016,2016,May,5/13/2016,MK,OD,Tennessee Deep,754,754-100-100,1,Juv,AAGA,AGAR,30
2016,2016,May,5/13/2016,MK,OD,Tennessee Deep,754,754-100-100,1,Juv,MARE,MARE,24
2016,2016,May,5/13/2016,MK,OD,Tennessee Deep,754,754-100-100,1,Juv,PAST,PORI,33
2016,2016,May,5/13/2016,MK,OD,Tennessee Deep,754,754-100-100,1,Juv,PAST,PORI,14
2016,2016,May,5/13/2016,MK,OD,Tennessee Deep,754,754-100-100,1,Juv,SSID,SIDE,12
2016,2016,May,5/13/2016,MK,OD,Tennessee Deep,754,754-100-100,1,Juv,SSID,SIDE,7
2016,2016,May,5/13/2016,MK,OD,Tennessee Deep,754,754-100-136,1,Juv,PAST,PORI,10
2016,2016,May,5/13/2016,MK,OD,Tennessee Deep,754,754-100-191,1,Juv,SCUB,MUSS,12
2016,2016,May,5/13/2016,MK,OD,Tennessee Deep,754,754-100-191,1,Juv,PAST,PORI,10
2016,2016,May,5/13/2016,MK,OD,Tennessee Deep,754,754-100-191,1,Iso,SSID,SIDE,30
2016,2016,May,5/13/2016,MK,OD,Tennessee Deep,754,754-100-191,1,Juv,SSID,SIDE,25
2016,2016,May,5/13/2016,MK,OD,Tennessee Deep,754,754-100-191,1,Juv,SSID,SIDE,14
2016,2016,May,5/13/2016,MK,OD,Tennessee Deep,754,754-100-191,1,Juv,SSID,SIDE,16
2016,2016,May,5/13/2016,MK,OD,Tennessee Deep,754,754-500-045,1,Juv,AAGA,AGAR,32
2016,2016,May,5/13/2016,MK,OD,Tennessee Deep,754,754-500-045,1,Juv,EFAS,EFAS,14
2016,2016,May,5/13/2016,MK,OD,Tennessee Deep,754,754-500-045,1,Juv,MARE,MARE,6
2016,2016,May,5/13/2016,MK,OD,Tennessee Deep,754,754-500-045,1,Juv,SRAD,SIDE,30
2016,2016,May,5/13/2016,MK,OD,Tennessee Deep,754,754-500-045,1,Juv,SSID,SIDE,9
2016,2016,May,5/13/2016,MK,OD,Tennessee Deep,754,754-500-045,1,Juv,SSID,SIDE,9
2016,2016,May,5/13/2016,MK,OD,Tennessee Deep,754,754-500-092,1,Juv,PAST,PORI,23
2016,2016,May,5/13/2016,MK,OD,Tennessee Deep,754,754-500-092,1,Juv,PAST,PORI,16
2016,2016,May,5/13/2016,MK,OD,Tennessee Deep,754,754-500-092,1,Juv,SSID,SIDE,38
2016,2016,May,5/13/2016,MK,OD,Tennessee Deep,754,754-500-092,1,Juv,SSID,SIDE,23
2016,2016,May,5/13/2016,MK,OD,Tennessee Deep,754,754-500-092,1,Juv,SSID,SIDE,11
2016,2016,May,5/13/2016,MK,OD,Tennessee Deep,754,754-500-139,1,Juv,MCAV,MCAV,10
2016,2016,May,5/13/2016,MK,OD,Tennessee Deep,754,754-500-139,1,Juv,PAST,PORI,13
2016,2016,May,5/13/2016,MK,OD,Tennessee Deep,754,754-500-139,1,Juv,SSID,SIDE,35
2016,2016,May,5/13/2016,MK,OD,Tennessee Deep,754,754-500-139,1,Juv,SSID,SIDE,27
2016,2016,May,5/13/2016,MK,OD,Tennessee Deep,754,754-500-139,1,Juv,SSID,SIDE,22
2016,2016,May,5/13/2016,MK,OD,Tennessee Deep,754,754-500-139,1,Juv,SMIC,SMIC,9
2016,2016,May,5/13/2016,MK,OD,Tennessee Deep,754,754-500-180,1,Juv,PAST,PORI,7
2016,2016,May,5/13/2016,MK,OD,Tennessee Deep,754,754-500-180,1,Juv,SSID,SIDE,5
2016,2016,May,5/13/2016,MK,OD,Tennessee Deep,754,754-500-180,1,Juv,SSID,SIDE,8
2016,2016,May,5/12/2016,MK,OD,Sombrero Deep,761,761-100-009,1,Juv,PAST,PORI,10
2016,2016,May,5/12/2016,MK,OD,Sombrero Deep,761,761-100-009,1,Juv,PAST,PORI,4
2016,2016,May,5/12/2016,MK,OD,Sombrero Deep,761,761-100-009,1,Juv,PPOR,PORI,16
2016,2016,May,5/12/2016,MK,OD,Sombrero Deep,761,761-100-009,1,Juv,SSID,SIDE,15
2016,2016,May,5/12/2016,MK,OD,Sombrero Deep,761,761-100-009,1,Juv,SSID,SIDE,10
2016,2016,May,5/12/2016,MK,OD,Sombrero Deep,761,761-100-028,1,Juv,PAST,PORI,28
2016,2016,May,5/12/2016,MK,OD,Sombrero Deep,761,761-100-028,1,Juv,SMIC,SMIC,38
2016,2016,May,5/12/2016,MK,OD,Sombrero Deep,761,761-100-081,1,Iso,AAGA,AGAR,18
2016,2016,May,5/12/2016,MK,OD,Sombrero Deep,761,761-100-081,1,Iso,AAGA,AGAR,9
2016,2016,May,5/12/2016,MK,OD,Sombrero Deep,761,761-100-081,1,Iso,AAGA,AGAR,24
2016,2016,May,5/12/2016,MK,OD,Sombrero Deep,761,761-100-081,1,Iso,AAGA,AGAR,12
2016,2016,May,5/12/2016,MK,OD,Sombrero Deep,761,761-100-081,1,Juv,MCAV,MCAV,28
2016,2016,May,5/12/2016,MK,OD,Sombrero Deep,761,761-100-081,1,Iso,PAST,PORI,28
2016,2016,May,5/12/2016,MK,OD,Sombrero Deep,761,761-100-081,1,Iso,PAST,PORI,12
2016,2016,May,5/12/2016,MK,OD,Sombrero Deep,761,761-100-081,1,Juv,PAST,PORI,14
2016,2016,May,5/12/2016,MK,OD,Sombrero Deep,761,761-100-081,1,Juv,SSID,SIDE,27
2016,2016,May,5/12/2016,MK,OD,Sombrero Deep,761,761-100-081,1,Juv,SSID,SIDE,20
2016,2016,May,5/12/2016,MK,OD,Sombrero Deep,761,761-100-081,1,Juv,SSID,SIDE,16
2016,2016,May,5/12/2016,MK,OD,Sombrero Deep,761,761-100-081,1,Juv,SSID,SIDE,27
2016,2016,May,5/12/2016,MK,OD,Sombrero Deep,761,761-100-139,1,Juv,AAGA,AGAR,24
2016,2016,May,5/12/2016,MK,OD,Sombrero Deep,761,761-100-139,1,Juv,AAGA,AGAR,8
2016,2016,May,5/12/2016,MK,OD,Sombrero Deep,761,761-100-139,1,Juv,EFAS,EFAS,18
2016,2016,May,5/12/2016,MK,OD,Sombrero Deep,761,761-100-139,1,Juv,MARE,MARE,16
2016,2016,May,5/12/2016,MK,OD,Sombrero Deep,761,761-100-139,1,Juv,MARE,MARE,8
2016,2016,May,5/12/2016,MK,OD,Sombrero Deep,761,761-100-139,1,Juv,PAST,PORI,15
2016,2016,May,5/12/2016,MK,OD,Sombrero Deep,761,761-100-139,1,Juv,PAST,PORI,19
2016,2016,May,5/12/2016,MK,OD,Sombrero Deep,761,761-100-139,1,Iso,SSID,SIDE,25
2016,2016,May,5/12/2016,MK,OD,Sombrero Deep,761,761-100-139,1,Juv,SSID,SIDE,8
2016,2016,May,5/12/2016,MK,OD,Sombrero Deep,761,761-100-139,1,Juv,SSID,SIDE,8
2016,2016,May,5/12/2016,MK,OD,Sombrero Deep,761,761-100-139,1,Juv,SSID,SIDE,30
2016,2016,May,5/12/2016,MK,OD,Sombrero Deep,761,761-100-139,1,Juv,SSID,SIDE,20
2016,2016,May,5/12/2016,MK,OD,Sombrero Deep,761,761-100-139,1,Juv,SSID,SIDE,29
2016,2016,May,5/12/2016,MK,OD,Sombrero Deep,761,761-500-048,1,Juv,PAST,PORI,20
2016,2016,May,5/12/2016,MK,OD,Sombrero Deep,761,761-500-048,1,Juv,SSID,SIDE,1
2016,2016,May,5/12/2016,MK,OD,Sombrero Deep,761,761-500-048,1,Juv,SSID,SIDE,22
2016,2016,May,5/12/2016,MK,OD,Sombrero Deep,761,761-500-048,1,Juv,SSID,SIDE,33
2016,2016,May,5/12/2016,MK,OD,Sombrero Deep,761,761-500-048,1,Juv,SSID,SIDE,27
2016,2016,May,5/12/2016,MK,OD,Sombrero Deep,761,761-500-048,1,Juv,SSID,SIDE,16
2016,2016,May,5/12/2016,MK,OD,Sombrero Deep,761,761-500-048,1,Juv,SSID,SIDE,23
2016,2016,May,5/12/2016,MK,OD,Sombrero Deep,761,761-500-072,1,Juv,AAGA,AGAR,11
2016,2016,May,5/12/2016,MK,OD,Sombrero Deep,761,761-500-072,1,Juv,SSID,SIDE,15
2016,2016,May,5/12/2016,MK,OD,Sombrero Deep,761,761-500-072,1,Juv,SMIC,SMIC,5
2016,2016,May,5/12/2016,MK,OD,Sombrero Deep,761,761-500-072,1,Juv,SMIC,SMIC,30
2016,2016,May,5/12/2016,MK,OD,Sombrero Deep,761,761-500-072,1,Juv,SMIC,SMIC,20
2016,2016,May,5/12/2016,MK,OD,Sombrero Deep,761,761-500-072,1,Juv,SMIC,SMIC,3
2016,2016,May,5/12/2016,MK,OD,Sombrero Deep,761,761-500-101,1,Juv,AAGA,AGAR,5
2016,2016,May,5/12/2016,MK,OD,Sombrero Deep,761,761-500-101,1,Juv,MARE,MARE,7
2016,2016,May,5/12/2016,MK,OD,Sombrero Deep,761,761-500-101,1,Juv,MARE,MARE,8
2016,2016,May,5/12/2016,MK,OD,Sombrero Deep,761,761-500-101,1,Juv,SSID,SIDE,11
2016,2016,May,5/12/2016,MK,OD,Sombrero Deep,761,761-500-101,1,Juv,SSID,SIDE,5
2016,2016,May,5/12/2016,MK,OD,Sombrero Deep,761,761-500-101,1,Juv,SSID,SIDE,23
2016,2016,May,5/12/2016,MK,OD,Sombrero Deep,761,761-500-101,1,Iso,SMIC,SMIC,32
2016,2016,May,5/12/2016,MK,OD,Sombrero Deep,761,761-500-101,1,Iso,SMIC,SMIC,25
2016,2016,May,5/12/2016,MK,OD,Sombrero Deep,761,761-500-101,1,Juv,SMIC,SMIC,21
2016,2016,May,5/12/2016,MK,OD,Sombrero Deep,761,761-500-101,1,Juv,SMIC,SMIC,12
2016,2016,May,5/12/2016,MK,OD,Sombrero Deep,761,761-500-101,1,Juv,UNKS,UNKS,2
2016,2016,May,5/12/2016,MK,OD,Sombrero Deep,761,761-500-147,1,Juv,MARE,MARE,12
2016,2016,May,5/12/2016,MK,OD,Sombrero Deep,761,761-500-147,1,Juv,MARE,MARE,12
2016,2016,May,5/12/2016,MK,OD,Sombrero Deep,761,761-500-147,1,Juv,PPOR,PORI,12
2016,2016,May,5/12/2016,MK,OD,Sombrero Deep,761,761-500-147,1,Juv,SSID,SIDE,10
2016,2016,May,5/12/2016,MK,OD,Sombrero Deep,761,761-500-147,1,Juv,SSID,SIDE,4
2016,2016,May,5/12/2016,MK,OD,Sombrero Deep,761,761-500-147,1,Juv,SSID,SIDE,33
2016,2016,May,5/12/2016,MK,OD,Sombrero Deep,761,761-500-147,1,Juv,SSID,SIDE,13
2016,2016,May,5/12/2016,MK,OD,Sombrero Deep,761,761-500-147,1,Juv,SSID,SIDE,24
2016,2016,May,5/12/2016,MK,OD,Sombrero Deep,761,761-500-147,1,Juv,SSID,SIDE,22
2016,2016,May,5/12/2016,MK,OD,Sombrero Deep,761,761-500-147,1,Juv,SSID,SIDE,11
2016,2016,May,5/12/2016,MK,OD,Sombrero Deep,761,761-500-147,1,Juv,SSID,SIDE,24
2016,2016,May,5/12/2016,MK,OD,Sombrero Deep,761,761-500-147,1,Juv,SSID,SIDE,18
2016,2016,May,5/12/2016,MK,OD,Sombrero Deep,761,761-500-147,1,Juv,SSID,SIDE,4
2016,2016,May,5/12/2016,MK,OD,Sombrero Deep,761,761-500-147,1,Juv,SSID,SIDE,6
2016,2016,May,5/12/2016,MK,OD,Sombrero Deep,761,761-500-147,1,Juv,SMIC,SMIC,5
2016,2016,May,5/12/2016,MK,OD,Sombrero Deep,761,761-500-147,1,Juv,SMIC,SMIC,12
2016,2016,May,5/12/2016,MK,OD,Sombrero Deep,761,761-500-147,1,Juv,UNKS,UNKS,4
2016,2016,May,5/12/2016,MK,OD,Sombrero Deep,762,762-100-056,1,Iso,AFRA,AGAR,29
2016,2016,May,5/12/2016,MK,OD,Sombrero Deep,762,762-100-056,1,Iso,AFRA,AGAR,26
2016,2016,May,5/12/2016,MK,OD,Sombrero Deep,762,762-100-056,1,Juv,AFRA,AGAR,28
2016,2016,May,5/12/2016,MK,OD,Sombrero Deep,762,762-100-056,1,Juv,MCAV,MCAV,8
2016,2016,May,5/12/2016,MK,OD,Sombrero Deep,762,762-100-056,1,Juv,MCAV,MCAV,9
2016,2016,May,5/12/2016,MK,OD,Sombrero Deep,762,762-100-056,1,Iso,SSID,SIDE,10
2016,2016,May,5/12/2016,MK,OD,Sombrero Deep,762,762-100-056,1,Iso,SSID,SIDE,1
2016,2016,May,5/12/2016,MK,OD,Sombrero Deep,762,762-100-056,1,Iso,SSID,SIDE,1
2016,2016,May,5/12/2016,MK,OD,Sombrero Deep,762,762-100-056,1,Iso,SSID,SIDE,6
2016,2016,May,5/12/2016,MK,OD,Sombrero Deep,762,762-100-056,1,Juv,SSID,SIDE,13
2016,2016,May,5/12/2016,MK,OD,Sombrero Deep,762,762-100-056,1,Juv,SSID,SIDE,31
2016,2016,May,5/12/2016,MK,OD,Sombrero Deep,762,762-100-056,1,Juv,SSID,SIDE,19
2016,2016,May,5/12/2016,MK,OD,Sombrero Deep,762,762-100-056,1,Juv,SSID,SIDE,6
2016,2016,May,5/12/2016,MK,OD,Sombrero Deep,762,762-100-056,1,Juv,SSID,SIDE,15
2016,2016,May,5/12/2016,MK,OD,Sombrero Deep,762,762-100-056,1,Juv,SSID,SIDE,21
2016,2016,May,5/12/2016,MK,OD,Sombrero Deep,762,762-100-056,1,Juv,SSID,SIDE,12
2016,2016,May,5/12/2016,MK,OD,Sombrero Deep,762,762-100-056,1,Juv,SSID,SIDE,9
2016,2016,May,5/12/2016,MK,OD,Sombrero Deep,762,762-100-056,1,Juv,SMIC,SMIC,17
2016,2016,May,5/12/2016,MK,OD,Sombrero Deep,762,762-100-056,1,Juv,SMIC,SMIC,16
2016,2016,May,5/12/2016,MK,OD,Sombrero Deep,762,762-100-056,1,Juv,SMIC,SMIC,27
2016,2016,May,5/12/2016,MK,OD,Sombrero Deep,762,762-100-067,1,Juv,LCUC,AGAR,28
2016,2016,May,5/12/2016,MK,OD,Sombrero Deep,762,762-100-067,1,Juv,PAST,PORI,12
2016,2016,May,5/12/2016,MK,OD,Sombrero Deep,762,762-100-067,1,Juv,SSID,SIDE,25
2016,2016,May,5/12/2016,MK,OD,Sombrero Deep,762,762-100-067,1,Juv,SSID,SIDE,27
2016,2016,May,5/12/2016,MK,OD,Sombrero Deep,762,762-100-067,1,Juv,SSID,SIDE,25
2016,2016,May,5/12/2016,MK,OD,Sombrero Deep,762,762-100-067,1,Juv,SSID,SIDE,8
2016,2016,May,5/12/2016,MK,OD,Sombrero Deep,762,762-100-158,1,Juv,MCAV,MCAV,27
2016,2016,May,5/12/2016,MK,OD,Sombrero Deep,762,762-100-158,1,Juv,MCAV,MCAV,17
2016,2016,May,5/12/2016,MK,OD,Sombrero Deep,762,762-100-158,1,Juv,SSID,SIDE,19
2016,2016,May,5/12/2016,MK,OD,Sombrero Deep,762,762-100-158,1,Juv,SSID,SIDE,27
2016,2016,May,5/12/2016,MK,OD,Sombrero Deep,762,762-100-158,1,Juv,SMIC,SMIC,16
2016,2016,May,5/12/2016,MK,OD,Sombrero Deep,762,762-100-178,1,Juv,MARE,MARE,15
2016,2016,May,5/12/2016,MK,OD,Sombrero Deep,762,762-100-178,1,Juv,UNKS,UNKS,15
2016,2016,May,5/12/2016,MK,OD,Sombrero Deep,762,762-100-178,1,Juv,SSID,SIDE,38
2016,2016,May,5/12/2016,MK,OD,Sombrero Deep,762,762-100-178,1,Juv,SSID,SIDE,24
2016,2016,May,5/12/2016,MK,OD,Sombrero Deep,762,762-100-178,1,Juv,SSID,SIDE,24
2016,2016,May,5/12/2016,MK,OD,Sombrero Deep,762,762-100-178,1,Juv,SSID,SIDE,31
2016,2016,May,5/12/2016,MK,OD,Sombrero Deep,762,762-100-178,1,Juv,SSID,SIDE,34
2016,2016,May,5/12/2016,MK,OD,Sombrero Deep,762,762-100-178,1,Juv,SSID,SIDE,31
2016,2016,May,5/12/2016,MK,OD,Sombrero Deep,762,762-100-178,1,Juv,SSID,SIDE,15
2016,2016,May,5/12/2016,MK,OD,Sombrero Deep,762,762-100-178,1,Juv,SMIC,SMIC,16
2016,2016,May,5/12/2016,MK,OD,Sombrero Deep,762,762-500-005,1,Iso,AFRA,AGAR,34
2016,2016,May,5/12/2016,MK,OD,Sombrero Deep,762,762-500-005,1,Juv,AFRA,AGAR,15
2016,2016,May,5/12/2016,MK,OD,Sombrero Deep,762,762-500-005,1,Juv,EFAS,EFAS,12
2016,2016,May,5/12/2016,MK,OD,Sombrero Deep,762,762-500-005,1,Juv,EFAS,EFAS,9
2016,2016,May,5/12/2016,MK,OD,Sombrero Deep,762,762-500-005,1,Juv,MCAV,MCAV,14
2016,2016,May,5/12/2016,MK,OD,Sombrero Deep,762,762-500-005,1,Juv,MCAV,MCAV,24
2016,2016,May,5/12/2016,MK,OD,Sombrero Deep,762,762-500-005,1,Juv,SSID,SIDE,35
2016,2016,May,5/12/2016,MK,OD,Sombrero Deep,762,762-500-005,1,Juv,SSID,SIDE,16
2016,2016,May,5/12/2016,MK,OD,Sombrero Deep,762,762-500-005,1,Juv,SSID,SIDE,5
2016,2016,May,5/12/2016,MK,OD,Sombrero Deep,762,762-500-005,1,Juv,SSID,SIDE,25
2016,2016,May,5/12/2016,MK,OD,Sombrero Deep,762,762-500-005,1,Juv,SSID,SIDE,13
2016,2016,May,5/12/2016,MK,OD,Sombrero Deep,762,762-500-005,1,Juv,SSID,SIDE,12
2016,2016,May,5/12/2016,MK,OD,Sombrero Deep,762,762-500-005,1,Juv,SSID,SIDE,16
2016,2016,May,5/12/2016,MK,OD,Sombrero Deep,762,762-500-005,1,Juv,SMIC,SMIC,29
2016,2016,May,5/12/2016,MK,OD,Sombrero Deep,762,762-500-066,1,Juv,MCAV,MCAV,10
2016,2016,May,5/12/2016,MK,OD,Sombrero Deep,762,762-500-066,1,Juv,SSID,SIDE,12
2016,2016,May,5/12/2016,MK,OD,Sombrero Deep,762,762-500-066,1,Juv,SSID,SIDE,15
2016,2016,May,5/12/2016,MK,OD,Sombrero Deep,762,762-500-066,1,Juv,SSID,SIDE,5
2016,2016,May,5/12/2016,MK,OD,Sombrero Deep,762,762-500-066,1,Juv,SSID,SIDE,11
2016,2016,May,5/12/2016,MK,OD,Sombrero Deep,762,762-500-066,1,Juv,SSID,SIDE,3
2016,2016,May,5/12/2016,MK,OD,Sombrero Deep,762,762-500-066,1,Juv,SSID,SIDE,3
2016,2016,May,5/12/2016,MK,OD,Sombrero Deep,762,762-500-066,1,Juv,SSID,SIDE,5
2016,2016,May,5/12/2016,MK,OD,Sombrero Deep,762,762-500-066,1,Juv,SSID,SIDE,18
2016,2016,May,5/12/2016,MK,OD,Sombrero Deep,762,762-500-066,1,Juv,SSID,SIDE,6
2016,2016,May,5/12/2016,MK,OD,Sombrero Deep,762,762-500-066,1,Juv,SSID,SIDE,3
2016,2016,May,5/12/2016,MK,OD,Sombrero Deep,762,762-500-066,1,Juv,SSID,SIDE,3
2016,2016,May,5/12/2016,MK,OD,Sombrero Deep,762,762-500-066,1,Juv,SSID,SIDE,13
2016,2016,May,5/12/2016,MK,OD,Sombrero Deep,762,762-500-066,1,Juv,SSID,SIDE,14
2016,2016,May,5/12/2016,MK,OD,Sombrero Deep,762,762-500-066,1,Juv,SSID,SIDE,29
2016,2016,May,5/12/2016,MK,OD,Sombrero Deep,762,762-500-066,1,Juv,SSID,SIDE,17
2016,2016,May,5/12/2016,MK,OD,Sombrero Deep,762,762-500-066,1,Juv,SMIC,SMIC,6
2016,2016,May,5/12/2016,MK,OD,Sombrero Deep,762,762-500-066,1,Iso,SMIC,SMIC,13
2016,2016,May,5/12/2016,MK,OD,Sombrero Deep,762,762-500-066,1,Juv,UNKS,UNKS,1
2016,2016,May,5/12/2016,MK,OD,Sombrero Deep,762,762-500-066,1,Juv,UNKS,UNKS,2
2016,2016,May,5/12/2016,MK,OD,Sombrero Deep,762,762-500-110,1,Juv,EFAS,EFAS,22
2016,2016,May,5/12/2016,MK,OD,Sombrero Deep,762,762-500-110,1,Juv,MCAV,MCAV,25
2016,2016,May,5/12/2016,MK,OD,Sombrero Deep,762,762-500-110,1,Juv,MCAV,MCAV,39
2016,2016,May,5/12/2016,MK,OD,Sombrero Deep,762,762-500-110,1,Juv,SSID,SIDE,21
2016,2016,May,5/12/2016,MK,OD,Sombrero Deep,762,762-500-110,1,Juv,SSID,SIDE,13
2016,2016,May,5/12/2016,MK,OD,Sombrero Deep,762,762-500-110,1,Juv,SSID,SIDE,18
2016,2016,May,5/12/2016,MK,OD,Sombrero Deep,762,762-500-110,1,Juv,SSID,SIDE,15
2016,2016,May,5/12/2016,MK,OD,Sombrero Deep,762,762-500-110,1,Juv,SMIC,SMIC,19
2016,2016,May,5/12/2016,MK,OD,Sombrero Deep,762,762-500-110,1,Juv,SMIC,SMIC,25
2016,2016,May,5/12/2016,MK,OD,Sombrero Deep,762,762-500-110,1,Juv,SMIC,SMIC,32
2016,2016,May,5/12/2016,MK,OD,Sombrero Deep,762,762-500-110,1,Juv,SMIC,SMIC,14
2016,2016,May,5/12/2016,MK,OD,Sombrero Deep,762,762-500-110,1,Juv,SMIC,SMIC,36
2016,2016,May,5/12/2016,MK,OD,Sombrero Deep,762,762-500-110,1,Juv,SMIC,SMIC,31
2016,2016,May,5/12/2016,MK,OD,Sombrero Deep,762,762-500-153,1,Juv,AAGA,AGAR,27
2016,2016,May,5/12/2016,MK,OD,Sombrero Deep,762,762-500-153,1,Juv,AAGA,AGAR,20
2016,2016,May,5/12/2016,MK,OD,Sombrero Deep,762,762-500-153,1,Juv,AAGA,AGAR,13
2016,2016,May,5/12/2016,MK,OD,Sombrero Deep,762,762-500-153,1,Juv,EFAS,EFAS,19
2016,2016,May,5/12/2016,MK,OD,Sombrero Deep,762,762-500-153,1,Iso,MDEC,MADR,22
2016,2016,May,5/12/2016,MK,OD,Sombrero Deep,762,762-500-153,1,Iso,MDEC,MADR,17
2016,2016,May,5/12/2016,MK,OD,Sombrero Deep,762,762-500-153,1,Iso,MDEC,MADR,21
2016,2016,May,5/12/2016,MK,OD,Sombrero Deep,762,762-500-153,1,Iso,MDEC,MADR,30
2016,2016,May,5/12/2016,MK,OD,Sombrero Deep,762,762-500-153,1,Juv,MCAV,MCAV,14
2016,2016,May,5/12/2016,MK,OD,Sombrero Deep,762,762-500-153,1,Juv,MCAV,MCAV,22
2016,2016,May,5/12/2016,MK,OD,Sombrero Deep,762,762-500-153,1,Iso,SSID,SIDE,35
2016,2016,May,5/12/2016,MK,OD,Sombrero Deep,762,762-500-153,1,Juv,SSID,SIDE,15
2016,2016,May,5/12/2016,MK,OD,Sombrero Deep,762,762-500-153,1,Juv,SSID,SIDE,32
2016,2016,May,5/12/2016,MK,OD,Sombrero Deep,762,762-500-153,1,Juv,SSID,SIDE,36
2016,2016,May,5/12/2016,MK,OD,Sombrero Deep,762,762-500-153,1,Juv,SSID,SIDE,12
2016,2016,May,5/12/2016,MK,OD,Sombrero Deep,762,762-500-153,1,Juv,SMIC,SMIC,36
2016,2016,May,5/12/2016,MK,OD,Sombrero Deep,763,763-100-085,1,Juv,DSTO,DSTO,10
2016,2016,May,5/12/2016,MK,OD,Sombrero Deep,763,763-100-085,1,Juv,MCAV,MCAV,22
2016,2016,May,5/12/2016,MK,OD,Sombrero Deep,763,763-100-085,1,Juv,PAST,PORI,9
2016,2016,May,5/12/2016,MK,OD,Sombrero Deep,763,763-100-085,1,Juv,PAST,PORI,27
2016,2016,May,5/12/2016,MK,OD,Sombrero Deep,763,763-100-085,1,Juv,PAST,PORI,14
2016,2016,May,5/12/2016,MK,OD,Sombrero Deep,763,763-100-085,1,Juv,SIDE,SIDE,6
2016,2016,May,5/12/2016,MK,OD,Sombrero Deep,763,763-100-085,1,Juv,SIDE,SIDE,17
2016,2016,May,5/12/2016,MK,OD,Sombrero Deep,763,763-100-085,1,Juv,SSID,SIDE,39
2016,2016,May,5/12/2016,MK,OD,Sombrero Deep,763,763-100-085,1,Juv,SSID,SIDE,26
2016,2016,May,5/12/2016,MK,OD,Sombrero Deep,763,763-100-085,1,Juv,SSID,SIDE,10
2016,2016,May,5/12/2016,MK,OD,Sombrero Deep,763,763-100-085,1,Juv,SSID,SIDE,20
2016,2016,May,5/12/2016,MK,OD,Sombrero Deep,763,763-100-085,1,Juv,SSID,SIDE,12
2016,2016,May,5/12/2016,MK,OD,Sombrero Deep,763,763-100-085,1,Juv,SSID,SIDE,5
2016,2016,May,5/12/2016,MK,OD,Sombrero Deep,763,763-100-085,1,Juv,SSID,SIDE,3
2016,2016,May,5/12/2016,MK,OD,Sombrero Deep,763,763-100-085,1,Juv,SSID,SIDE,4
2016,2016,May,5/12/2016,MK,OD,Sombrero Deep,763,763-100-085,1,Juv,SSID,SIDE,6
2016,2016,May,5/12/2016,MK,OD,Sombrero Deep,763,763-100-085,1,Juv,SSID,SIDE,3
2016,2016,May,5/12/2016,MK,OD,Sombrero Deep,763,763-100-085,1,Juv,SSID,SIDE,8
2016,2016,May,5/12/2016,MK,OD,Sombrero Deep,763,763-100-085,1,Juv,UNKS,UNKS,3
2016,2016,May,5/12/2016,MK,OD,Sombrero Deep,763,763-100-108,1,Juv,EFAS,EFAS,14
2016,2016,May,5/12/2016,MK,OD,Sombrero Deep,763,763-100-108,1,Juv,MCAV,MCAV,23
2016,2016,May,5/12/2016,MK,OD,Sombrero Deep,763,763-100-108,1,Juv,PAST,PORI,6
2016,2016,May,5/12/2016,MK,OD,Sombrero Deep,763,763-100-108,1,Juv,PAST,PORI,32
2016,2016,May,5/12/2016,MK,OD,Sombrero Deep,763,763-100-108,1,Juv,PAST,PORI,37
2016,2016,May,5/12/2016,MK,OD,Sombrero Deep,763,763-100-108,1,Juv,SSID,SIDE,6
2016,2016,May,5/12/2016,MK,OD,Sombrero Deep,763,763-100-108,1,Juv,SSID,SIDE,24
2016,2016,May,5/12/2016,MK,OD,Sombrero Deep,763,763-100-108,1,Juv,SSID,SIDE,21
2016,2016,May,5/12/2016,MK,OD,Sombrero Deep,763,763-100-108,1,Juv,SMIC,SMIC,23
2016,2016,May,5/12/2016,MK,OD,Sombrero Deep,763,763-100-174,1,Juv,AAGA,AGAR,17
2016,2016,May,5/12/2016,MK,OD,Sombrero Deep,763,763-100-174,1,Juv,ORBI,ORBI,22
2016,2016,May,5/12/2016,MK,OD,Sombrero Deep,763,763-100-174,1,Juv,PAST,PORI,14
2016,2016,May,5/12/2016,MK,OD,Sombrero Deep,763,763-100-174,1,Juv,SSID,SIDE,26
2016,2016,May,5/12/2016,MK,OD,Sombrero Deep,763,763-100-174,1,Juv,SSID,SIDE,24
2016,2016,May,5/12/2016,MK,OD,Sombrero Deep,763,763-100-174,1,Juv,SSID,SIDE,34
2016,2016,May,5/12/2016,MK,OD,Sombrero Deep,763,763-100-174,1,Juv,SSID,SIDE,10
2016,2016,May,5/12/2016,MK,OD,Sombrero Deep,763,763-100-174,1,Iso,SMIC,SMIC,16
2016,2016,May,5/12/2016,MK,OD,Sombrero Deep,763,763-100-202,1,Juv,AAGA,AGAR,4
2016,2016,May,5/12/2016,MK,OD,Sombrero Deep,763,763-100-202,1,Juv,SSID,SIDE,13
2016,2016,May,5/12/2016,MK,OD,Sombrero Deep,763,763-100-202,1,Juv,SSID,SIDE,12
2016,2016,May,5/12/2016,MK,OD,Sombrero Deep,763,763-100-202,1,Juv,SSID,SIDE,7
2016,2016,May,5/12/2016,MK,OD,Sombrero Deep,763,763-500-085,1,Juv,MARE,MARE,18
2016,2016,May,5/12/2016,MK,OD,Sombrero Deep,763,763-500-085,1,Juv,PAST,PORI,19
2016,2016,May,5/12/2016,MK,OD,Sombrero Deep,763,763-500-085,1,Juv,PAST,PORI,7
2016,2016,May,5/12/2016,MK,OD,Sombrero Deep,763,763-500-085,1,Juv,PAST,PORI,7
2016,2016,May,5/12/2016,MK,OD,Sombrero Deep,763,763-500-085,1,Juv,SSID,SIDE,30
2016,2016,May,5/12/2016,MK,OD,Sombrero Deep,763,763-500-085,1,Juv,SSID,SIDE,9
2016,2016,May,5/12/2016,MK,OD,Sombrero Deep,763,763-500-085,1,Juv,SMIC,SMIC,16
2016,2016,May,5/12/2016,MK,OD,Sombrero Deep,763,763-500-109,1,Juv,EFAS,EFAS,20
2016,2016,May,5/12/2016,MK,OD,Sombrero Deep,763,763-500-109,1,Juv,PAST,PORI,8
2016,2016,May,5/12/2016,MK,OD,Sombrero Deep,763,763-500-109,1,Juv,PAST,PORI,8
2016,2016,May,5/12/2016,MK,OD,Sombrero Deep,763,763-500-109,1,Juv,SSID,SIDE,19
2016,2016,May,5/12/2016,MK,OD,Sombrero Deep,763,763-500-109,1,Juv,SSID,SIDE,7
2016,2016,May,5/12/2016,MK,OD,Sombrero Deep,763,763-500-109,1,Juv,SSID,SIDE,6
2016,2016,May,5/12/2016,MK,OD,Sombrero Deep,763,763-500-109,1,Juv,SSID,SIDE,28
2016,2016,May,5/12/2016,MK,OD,Sombrero Deep,763,763-500-109,1,Juv,SSID,SIDE,9
2016,2016,May,5/12/2016,MK,OD,Sombrero Deep,763,763-500-109,1,Juv,SSID,SIDE,27
2016,2016,May,5/12/2016,MK,OD,Sombrero Deep,763,763-500-109,1,Juv,SSID,SIDE,7
2016,2016,May,5/12/2016,MK,OD,Sombrero Deep,763,763-500-109,1,Juv,SSID,SIDE,22
2016,2016,May,5/12/2016,MK,OD,Sombrero Deep,763,763-500-109,1,Juv,SSID,SIDE,21
2016,2016,May,5/12/2016,MK,OD,Sombrero Deep,763,763-500-109,1,Juv,SSID,SIDE,9
2016,2016,May,5/12/2016,MK,OD,Sombrero Deep,763,763-500-109,1,Juv,SMIC,SMIC,27
2016,2016,May,5/12/2016,MK,OD,Sombrero Deep,763,763-500-109,1,Juv,SMIC,SMIC,9
2016,2016,May,5/12/2016,MK,OD,Sombrero Deep,763,763-500-160,1,Juv,AAGA,AGAR,31
2016,2016,May,5/12/2016,MK,OD,Sombrero Deep,763,763-500-160,1,Juv,PAST,PORI,8
2016,2016,May,5/12/2016,MK,OD,Sombrero Deep,763,763-500-160,1,Juv,PAST,PORI,36
2016,2016,May,5/12/2016,MK,OD,Sombrero Deep,763,763-500-160,1,Juv,SRAD,SIDE,9
2016,2016,May,5/12/2016,MK,OD,Sombrero Deep,763,763-500-160,1,Juv,SRAD,SIDE,17
2016,2016,May,5/12/2016,MK,OD,Sombrero Deep,763,763-500-160,1,Juv,SSID,SIDE,12
2016,2016,May,5/12/2016,MK,OD,Sombrero Deep,763,763-500-160,1,Juv,SSID,SIDE,10
2016,2016,May,5/12/2016,MK,OD,Sombrero Deep,763,763-500-160,1,Juv,SSID,SIDE,8
2016,2016,May,5/12/2016,MK,OD,Sombrero Deep,763,763-500-160,1,Juv,SSID,SIDE,35
2016,2016,May,5/12/2016,MK,OD,Sombrero Deep,763,763-500-160,1,Juv,SSID,SIDE,39
2016,2016,May,5/12/2016,MK,OD,Sombrero Deep,763,763-500-160,1,Juv,SSID,SIDE,14
2016,2016,May,5/12/2016,MK,OD,Sombrero Deep,763,763-500-160,1,Juv,SSID,SIDE,2
2016,2016,May,5/12/2016,MK,OD,Sombrero Deep,763,763-500-160,1,Juv,SSID,SIDE,2
2016,2016,May,5/12/2016,MK,OD,Sombrero Deep,763,763-500-160,1,Juv,SSID,SIDE,3
2016,2016,May,5/12/2016,MK,OD,Sombrero Deep,763,763-500-160,1,Juv,SSID,SIDE,2
2016,2016,May,5/12/2016,MK,OD,Sombrero Deep,763,763-500-160,1,Juv,SSID,SIDE,28
2016,2016,May,5/12/2016,MK,OD,Sombrero Deep,763,763-500-160,1,Juv,SSID,SIDE,6
2016,2016,May,5/12/2016,MK,OD,Sombrero Deep,763,763-500-160,1,Juv,SSID,SIDE,2
2016,2016,May,5/12/2016,MK,OD,Sombrero Deep,763,763-500-160,1,Juv,SSID,SIDE,38
2016,2016,May,5/12/2016,MK,OD,Sombrero Deep,763,763-500-160,1,Juv,SMIC,SMIC,4
2016,2016,May,5/12/2016,MK,OD,Sombrero Deep,763,763-500-160,1,Juv,SMIC,SMIC,12
2016,2016,May,5/12/2016,MK,OD,Sombrero Deep,763,763-500-160,1,Juv,SMIC,SMIC,2
2016,2016,May,5/12/2016,MK,OD,Sombrero Deep,763,763-500-160,1,Juv,SMIC,SMIC,12
2016,2016,May,5/12/2016,MK,OD,Sombrero Deep,763,763-500-160,1,Juv,SMIC,SMIC,5
2016,2016,May,5/12/2016,MK,OD,Sombrero Deep,763,763-500-160,1,Juv,SMIC,SMIC,32
2016,2016,May,5/12/2016,MK,OD,Sombrero Deep,763,763-500-160,1,Juv,SMIC,SMIC,29
2016,2016,May,5/12/2016,MK,OD,Sombrero Deep,763,763-500-198,1,Juv,MARE,MARE,14
2016,2016,May,5/12/2016,MK,OD,Sombrero Deep,763,763-500-198,1,Juv,MARE,MARE,23
2016,2016,May,5/12/2016,MK,OD,Sombrero Deep,763,763-500-198,1,Juv,MARE,MARE,10
2016,2016,May,5/12/2016,MK,OD,Sombrero Deep,763,763-500-198,1,Juv,PAST,PORI,10
2016,2016,May,5/12/2016,MK,OD,Sombrero Deep,763,763-500-198,1,Juv,PAST,PORI,24
2016,2016,May,5/12/2016,MK,OD,Sombrero Deep,763,763-500-198,1,Juv,PAST,PORI,10
2016,2016,May,5/12/2016,MK,OD,Sombrero Deep,763,763-500-198,1,Juv,SSID,SIDE,39
2016,2016,May,5/12/2016,MK,OD,Sombrero Deep,763,763-500-198,1,Juv,SSID,SIDE,5
2016,2016,May,5/12/2016,MK,OD,Sombrero Deep,763,763-500-198,1,Juv,SSID,SIDE,7
2016,2016,May,5/12/2016,MK,OD,Sombrero Deep,763,763-500-198,1,Juv,SSID,SIDE,4
2016,2016,May,5/12/2016,MK,OD,Sombrero Deep,763,763-500-198,1,Juv,SSID,SIDE,30
2016,2016,May,5/12/2016,MK,OD,Sombrero Deep,763,763-500-198,1,Juv,SSID,SIDE,3
2016,2016,May,5/12/2016,MK,OD,Sombrero Deep,763,763-500-198,1,Juv,SSID,SIDE,5
2016,2016,May,5/12/2016,MK,OD,Sombrero Deep,763,763-500-198,1,Juv,SSID,SIDE,4
2016,2016,May,5/12/2016,MK,OD,Sombrero Deep,763,763-500-198,1,Iso,SMIC,SMIC,30
2016,2016,May,5/12/2016,MK,OD,Sombrero Deep,763,763-500-198,1,Iso,SMIC,SMIC,17
2016,2016,May,5/12/2016,MK,OD,Sombrero Deep,763,763-500-198,1,Iso,SMIC,SMIC,11
2016,2016,May,5/12/2016,MK,OD,Sombrero Deep,763,763-500-198,1,Iso,SMIC,SMIC,6
2016,2016,May,5/12/2016,MK,OD,Sombrero Deep,764,764-100-017,1,Iso,AAGA,AGAR,23
2016,2016,May,5/12/2016,MK,OD,Sombrero Deep,764,764-100-017,1,Iso,AAGA,AGAR,7
2016,2016,May,5/12/2016,MK,OD,Sombrero Deep,764,764-100-017,1,Iso,AAGA,AGAR,29
2016,2016,May,5/12/2016,MK,OD,Sombrero Deep,764,764-100-017,1,Juv,AAGA,AGAR,17
2016,2016,May,5/12/2016,MK,OD,Sombrero Deep,764,764-100-017,1,Iso,AAGA,AGAR,8
2016,2016,May,5/12/2016,MK,OD,Sombrero Deep,764,764-100-017,1,Juv,MARE,MARE,38
2016,2016,May,5/12/2016,MK,OD,Sombrero Deep,764,764-100-017,1,Uns,MCAV,MCAV,28
2016,2016,May,5/12/2016,MK,OD,Sombrero Deep,764,764-100-017,1,Iso,SSID,SIDE,25
2016,2016,May,5/12/2016,MK,OD,Sombrero Deep,764,764-100-017,1,Iso,SSID,SIDE,37
2016,2016,May,5/12/2016,MK,OD,Sombrero Deep,764,764-100-017,1,Iso,SSID,SIDE,39
2016,2016,May,5/12/2016,MK,OD,Sombrero Deep,764,764-100-017,1,Juv,SSID,SIDE,30
2016,2016,May,5/12/2016,MK,OD,Sombrero Deep,764,764-100-017,1,Juv,SSID,SIDE,11
2016,2016,May,5/12/2016,MK,OD,Sombrero Deep,764,764-100-017,1,Juv,SSID,SIDE,16
2016,2016,May,5/12/2016,MK,OD,Sombrero Deep,764,764-100-017,1,Juv,SSID,SIDE,20
2016,2016,May,5/12/2016,MK,OD,Sombrero Deep,764,764-100-017,1,Juv,SSID,SIDE,13
2016,2016,May,5/12/2016,MK,OD,Sombrero Deep,764,764-100-017,1,Juv,SSID,SIDE,20
2016,2016,May,5/12/2016,MK,OD,Sombrero Deep,764,764-100-017,1,Juv,SSID,SIDE,8
2016,2016,May,5/12/2016,MK,OD,Sombrero Deep,764,764-100-017,1,Juv,SSID,SIDE,3
2016,2016,May,5/12/2016,MK,OD,Sombrero Deep,764,764-100-017,1,Juv,SSID,SIDE,10
2016,2016,May,5/12/2016,MK,OD,Sombrero Deep,764,764-100-017,1,Juv,SSID,SIDE,4
2016,2016,May,5/12/2016,MK,OD,Sombrero Deep,764,764-100-017,1,Juv,SSID,SIDE,24
2016,2016,May,5/12/2016,MK,OD,Sombrero Deep,764,764-100-017,1,Juv,SSID,SIDE,7
2016,2016,May,5/12/2016,MK,OD,Sombrero Deep,764,764-100-017,1,Juv,SSID,SIDE,9
2016,2016,May,5/12/2016,MK,OD,Sombrero Deep,764,764-100-017,1,Juv,SMIC,SMIC,9
2016,2016,May,5/12/2016,MK,OD,Sombrero Deep,764,764-100-081,1,Juv,MCAV,MCAV,14
2016,2016,May,5/12/2016,MK,OD,Sombrero Deep,764,764-100-081,1,Juv,PAST,PORI,32
2016,2016,May,5/12/2016,MK,OD,Sombrero Deep,764,764-100-081,1,Iso,SSID,SIDE,6
2016,2016,May,5/12/2016,MK,OD,Sombrero Deep,764,764-100-081,1,Iso,SSID,SIDE,6
2016,2016,May,5/12/2016,MK,OD,Sombrero Deep,764,764-100-081,1,Juv,SSID,SIDE,27
2016,2016,May,5/12/2016,MK,OD,Sombrero Deep,764,764-100-081,1,Juv,SSID,SIDE,7
2016,2016,May,5/12/2016,MK,OD,Sombrero Deep,764,764-100-081,1,Juv,SSID,SIDE,4
2016,2016,May,5/12/2016,MK,OD,Sombrero Deep,764,764-100-081,1,Juv,SSID,SIDE,8
2016,2016,May,5/12/2016,MK,OD,Sombrero Deep,764,764-100-081,1,Juv,SSID,SIDE,21
2016,2016,May,5/12/2016,MK,OD,Sombrero Deep,764,764-100-081,1,Juv,SSID,SIDE,28
2016,2016,May,5/12/2016,MK,OD,Sombrero Deep,764,764-100-081,1,Juv,SSID,SIDE,22
2016,2016,May,5/12/2016,MK,OD,Sombrero Deep,764,764-100-081,1,Iso,SMIC,SMIC,26
2016,2016,May,5/12/2016,MK,OD,Sombrero Deep,764,764-100-081,1,Juv,SMIC,SMIC,32
2016,2016,May,5/12/2016,MK,OD,Sombrero Deep,764,764-100-081,1,Juv,SMIC,SMIC,39
2016,2016,May,5/12/2016,MK,OD,Sombrero Deep,764,764-100-081,1,Juv,SMIC,SMIC,33
2016,2016,May,5/12/2016,MK,OD,Sombrero Deep,764,764-100-137,1,Juv,MCAV,MCAV,9
2016,2016,May,5/12/2016,MK,OD,Sombrero Deep,764,764-100-137,1,Juv,MCAV,MCAV,18
2016,2016,May,5/12/2016,MK,OD,Sombrero Deep,764,764-100-137,1,Juv,PAST,PORI,32
2016,2016,May,5/12/2016,MK,OD,Sombrero Deep,764,764-100-137,1,Juv,PAST,PORI,11
2016,2016,May,5/12/2016,MK,OD,Sombrero Deep,764,764-100-137,1,Juv,SSID,SIDE,13
2016,2016,May,5/12/2016,MK,OD,Sombrero Deep,764,764-100-137,1,Juv,SSID,SIDE,23
2016,2016,May,5/12/2016,MK,OD,Sombrero Deep,764,764-100-137,1,Juv,SSID,SIDE,27
2016,2016,May,5/12/2016,MK,OD,Sombrero Deep,764,764-100-137,1,Juv,SSID,SIDE,23
2016,2016,May,5/12/2016,MK,OD,Sombrero Deep,764,764-100-137,1,Juv,SSID,SIDE,9
2016,2016,May,5/12/2016,MK,OD,Sombrero Deep,764,764-100-137,1,Juv,SSID,SIDE,11
2016,2016,May,5/12/2016,MK,OD,Sombrero Deep,764,764-100-137,1,Juv,SSID,SIDE,3
2016,2016,May,5/12/2016,MK,OD,Sombrero Deep,764,764-100-137,1,Juv,SSID,SIDE,3
2016,2016,May,5/12/2016,MK,OD,Sombrero Deep,764,764-100-137,1,Iso,SMIC,SMIC,34
2016,2016,May,5/12/2016,MK,OD,Sombrero Deep,764,764-100-137,1,Juv,SMIC,SMIC,4
2016,2016,May,5/12/2016,MK,OD,Sombrero Deep,764,764-100-137,1,Juv,UNKS,UNKS,6
2016,2016,May,5/12/2016,MK,OD,Sombrero Deep,764,764-100-185,1,Juv,MCAV,MCAV,12
2016,2016,May,5/12/2016,MK,OD,Sombrero Deep,764,764-100-185,1,Juv,MCAV,MCAV,37
2016,2016,May,5/12/2016,MK,OD,Sombrero Deep,764,764-100-185,1,Juv,MCAV,MCAV,27
2016,2016,May,5/12/2016,MK,OD,Sombrero Deep,764,764-100-185,1,Juv,PAST,PORI,12
2016,2016,May,5/12/2016,MK,OD,Sombrero Deep,764,764-100-185,1,Juv,SSID,SIDE,14
2016,2016,May,5/12/2016,MK,OD,Sombrero Deep,764,764-100-185,1,Juv,SSID,SIDE,28
2016,2016,May,5/12/2016,MK,OD,Sombrero Deep,764,764-100-185,1,Juv,SSID,SIDE,25
2016,2016,May,5/12/2016,MK,OD,Sombrero Deep,764,764-100-185,1,Juv,SSID,SIDE,21
2016,2016,May,5/12/2016,MK,OD,Sombrero Deep,764,764-500-012,1,Juv,AAGA,AGAR,30
2016,2016,May,5/12/2016,MK,OD,Sombrero Deep,764,764-500-012,1,Juv,AAGA,AGAR,20
2016,2016,May,5/12/2016,MK,OD,Sombrero Deep,764,764-500-012,1,Juv,AAGA,AGAR,37
2016,2016,May,5/12/2016,MK,OD,Sombrero Deep,764,764-500-012,1,Juv,MCAV,MCAV,32
2016,2016,May,5/12/2016,MK,OD,Sombrero Deep,764,764-500-012,1,Juv,PAST,PORI,9
2016,2016,May,5/12/2016,MK,OD,Sombrero Deep,764,764-500-012,1,Juv,PAST,PORI,14
2016,2016,May,5/12/2016,MK,OD,Sombrero Deep,764,764-500-012,1,Juv,PAST,PORI,10
2016,2016,May,5/12/2016,MK,OD,Sombrero Deep,764,764-500-012,1,Juv,PAST,PORI,12
2016,2016,May,5/12/2016,MK,OD,Sombrero Deep,764,764-500-012,1,Juv,PAST,PORI,6
2016,2016,May,5/12/2016,MK,OD,Sombrero Deep,764,764-500-012,1,Juv,SRAD,SIDE,19
2016,2016,May,5/12/2016,MK,OD,Sombrero Deep,764,764-500-012,1,Juv,SSID,SIDE,14
2016,2016,May,5/12/2016,MK,OD,Sombrero Deep,764,764-500-012,1,Juv,SSID,SIDE,26
2016,2016,May,5/12/2016,MK,OD,Sombrero Deep,764,764-500-012,1,Juv,SSID,SIDE,3
2016,2016,May,5/12/2016,MK,OD,Sombrero Deep,764,764-500-012,1,Juv,SSID,SIDE,3
2016,2016,May,5/12/2016,MK,OD,Sombrero Deep,764,764-500-012,1,Juv,SSID,SIDE,5
2016,2016,May,5/12/2016,MK,OD,Sombrero Deep,764,764-500-012,1,Juv,SSID,SIDE,7
2016,2016,May,5/12/2016,MK,OD,Sombrero Deep,764,764-500-012,1,Juv,SSID,SIDE,9
2016,2016,May,5/12/2016,MK,OD,Sombrero Deep,764,764-500-012,1,Juv,SSID,SIDE,6
2016,2016,May,5/12/2016,MK,OD,Sombrero Deep,764,764-500-012,1,Juv,SSID,SIDE,5
2016,2016,May,5/12/2016,MK,OD,Sombrero Deep,764,764-500-012,1,Juv,SSID,SIDE,7
2016,2016,May,5/12/2016,MK,OD,Sombrero Deep,764,764-500-012,1,Juv,SSID,SIDE,9
2016,2016,May,5/12/2016,MK,OD,Sombrero Deep,764,764-500-012,1,Juv,SSID,SIDE,21
2016,2016,May,5/12/2016,MK,OD,Sombrero Deep,764,764-500-012,1,Juv,SSID,SIDE,10
2016,2016,May,5/12/2016,MK,OD,Sombrero Deep,764,764-500-012,1,Juv,SSID,SIDE,24
2016,2016,May,5/12/2016,MK,OD,Sombrero Deep,764,764-500-012,1,Juv,SSID,SIDE,4
2016,2016,May,5/12/2016,MK,OD,Sombrero Deep,764,764-500-012,1,Juv,SSID,SIDE,9
2016,2016,May,5/12/2016,MK,OD,Sombrero Deep,764,764-500-012,1,Juv,SMIC,SMIC,18
2016,2016,May,5/12/2016,MK,OD,Sombrero Deep,764,764-500-012,1,Juv,SMIC,SMIC,35
2016,2016,May,5/12/2016,MK,OD,Sombrero Deep,764,764-500-012,1,Juv,SMIC,SMIC,30
2016,2016,May,5/12/2016,MK,OD,Sombrero Deep,764,764-500-012,1,Juv,UNKS,UNKS,10
2016,2016,May,5/12/2016,MK,OD,Sombrero Deep,764,764-500-092,1,Juv,AAGA,AGAR,27
2016,2016,May,5/12/2016,MK,OD,Sombrero Deep,764,764-500-092,1,Juv,DLAB,DIPL,18
2016,2016,May,5/12/2016,MK,OD,Sombrero Deep,764,764-500-092,1,Juv,MCAV,MCAV,17
2016,2016,May,5/12/2016,MK,OD,Sombrero Deep,764,764-500-092,1,Juv,MCAV,MCAV,9
2016,2016,May,5/12/2016,MK,OD,Sombrero Deep,764,764-500-092,1,Juv,MCAV,MCAV,26
2016,2016,May,5/12/2016,MK,OD,Sombrero Deep,764,764-500-092,1,Juv,PAST,PORI,16
2016,2016,May,5/12/2016,MK,OD,Sombrero Deep,764,764-500-092,1,Juv,PAST,PORI,19
2016,2016,May,5/12/2016,MK,OD,Sombrero Deep,764,764-500-092,1,Juv,PAST,PORI,7
2016,2016,May,5/12/2016,MK,OD,Sombrero Deep,764,764-500-092,1,Juv,SSID,SIDE,17
2016,2016,May,5/12/2016,MK,OD,Sombrero Deep,764,764-500-092,1,Juv,SSID,SIDE,5
2016,2016,May,5/12/2016,MK,OD,Sombrero Deep,764,764-500-092,1,Juv,SSID,SIDE,10
2016,2016,May,5/12/2016,MK,OD,Sombrero Deep,764,764-500-092,1,Juv,SSID,SIDE,19
2016,2016,May,5/12/2016,MK,OD,Sombrero Deep,764,764-500-092,1,Juv,SSID,SIDE,23
2016,2016,May,5/12/2016,MK,OD,Sombrero Deep,764,764-500-092,1,Juv,SSID,SIDE,37
2016,2016,May,5/12/2016,MK,OD,Sombrero Deep,764,764-500-092,1,Juv,UNKS,UNKS,10
2016,2016,May,5/12/2016,MK,OD,Sombrero Deep,764,764-500-111,1,Juv,MARE,MARE,11
2016,2016,May,5/12/2016,MK,OD,Sombrero Deep,764,764-500-111,1,Juv,SSID,SIDE,10
2016,2016,May,5/12/2016,MK,OD,Sombrero Deep,764,764-500-111,1,Juv,SMIC,SMIC,7
2016,2016,May,5/12/2016,MK,OD,Sombrero Deep,764,764-500-111,1,Juv,MARE,MARE,5
2016,2016,May,5/12/2016,MK,OD,Sombrero Deep,764,764-500-188,1,Juv,AAGA,AGAR,27
2016,2016,May,5/12/2016,MK,OD,Sombrero Deep,764,764-500-188,1,Juv,MCAV,MCAV,32
2016,2016,May,5/12/2016,MK,OD,Sombrero Deep,764,764-500-188,1,Juv,MCAV,MCAV,17
2016,2016,May,5/12/2016,MK,OD,Sombrero Deep,764,764-500-188,1,Uns,SSID,SIDE,30
2016,2016,May,5/12/2016,MK,OD,Sombrero Deep,764,764-500-188,1,Juv,SSID,SIDE,16
2016,2016,May,5/12/2016,MK,OD,Sombrero Deep,764,764-500-188,1,Juv,SSID,SIDE,11
2016,2016,May,5/12/2016,MK,OD,Sombrero Deep,764,764-500-188,1,Juv,SSID,SIDE,11
2016,2016,May,5/12/2016,MK,OD,Sombrero Deep,764,764-500-188,1,Juv,UNKS,UNKS,5
2016,2016,Aug,8/18/2016,LK,OD,Western Sambo Deep,791,791-100-012,1,Juv,DSTO,DSTO,28
2016,2016,Aug,8/18/2016,LK,OD,Western Sambo Deep,791,791-100-012,1,Juv,MARE,MARE,5
2016,2016,Aug,8/18/2016,LK,OD,Western Sambo Deep,791,791-100-012,1,Juv,PPOR,PORI,27
2016,2016,Aug,8/18/2016,LK,OD,Western Sambo Deep,791,791-100-012,1,Juv,SSID,SIDE,35
2016,2016,Aug,8/18/2016,LK,OD,Western Sambo Deep,791,791-100-047,1,Juv,EFAS,EFAS,26
2016,2016,Aug,8/18/2016,LK,OD,Western Sambo Deep,791,791-100-047,1,Juv,PAST,PORI,7
2016,2016,Aug,8/18/2016,LK,OD,Western Sambo Deep,791,791-100-047,1,Juv,SSID,SIDE,39
2016,2016,Aug,8/18/2016,LK,OD,Western Sambo Deep,791,791-100-047,1,Juv,SSID,SIDE,7
2016,2016,Aug,8/18/2016,LK,OD,Western Sambo Deep,791,791-100-122,1,Juv,DSTR,DIPL,23
2016,2016,Aug,8/18/2016,LK,OD,Western Sambo Deep,791,791-100-122,1,Juv,DSTO,DSTO,16
2016,2016,Aug,8/18/2016,LK,OD,Western Sambo Deep,791,791-100-122,1,Juv,MARE,MARE,18
2016,2016,Aug,8/18/2016,LK,OD,Western Sambo Deep,791,791-100-122,1,Uns,SSID,SIDE,19
2016,2016,Aug,8/18/2016,LK,OD,Western Sambo Deep,791,791-100-122,1,Uns,SSID,SIDE,30
2016,2016,Aug,8/18/2016,LK,OD,Western Sambo Deep,791,791-100-122,1,Juv,SSID,SIDE,10
2016,2016,Aug,8/18/2016,LK,OD,Western Sambo Deep,791,791-100-122,1,Juv,SSID,SIDE,7
2016,2016,Aug,8/18/2016,LK,OD,Western Sambo Deep,791,791-100-122,1,Juv,SSID,SIDE,3
2016,2016,Aug,8/18/2016,LK,OD,Western Sambo Deep,791,791-100-122,1,Juv,SSID,SIDE,20
2016,2016,Aug,8/18/2016,LK,OD,Western Sambo Deep,791,791-100-122,1,Juv,SSID,SIDE,31
2016,2016,Aug,8/18/2016,LK,OD,Western Sambo Deep,791,791-100-122,1,Juv,SSID,SIDE,17
2016,2016,Aug,8/18/2016,LK,OD,Western Sambo Deep,791,791-100-122,1,Juv,SSID,SIDE,31
2016,2016,Aug,8/18/2016,LK,OD,Western Sambo Deep,791,791-100-122,1,Juv,SSID,SIDE,4
2016,2016,Aug,8/18/2016,LK,OD,Western Sambo Deep,791,791-100-122,1,Juv,SSID,SIDE,20
2016,2016,Aug,8/18/2016,LK,OD,Western Sambo Deep,791,791-100-122,1,Juv,SSID,SIDE,13
2016,2016,Aug,8/18/2016,LK,OD,Western Sambo Deep,791,791-100-122,1,Juv,SSID,SIDE,29
2016,2016,Aug,8/18/2016,LK,OD,Western Sambo Deep,791,791-100-122,1,Juv,SSID,SIDE,2
2016,2016,Aug,8/18/2016,LK,OD,Western Sambo Deep,791,791-100-122,1,Juv,SSID,SIDE,11
2016,2016,Aug,8/18/2016,LK,OD,Western Sambo Deep,791,791-100-122,1,Juv,SSID,SIDE,6
2016,2016,Aug,8/18/2016,LK,OD,Western Sambo Deep,791,791-100-122,1,Juv,SSID,SIDE,7
2016,2016,Aug,8/18/2016,LK,OD,Western Sambo Deep,791,791-100-122,1,Juv,SSID,SIDE,9
2016,2016,Aug,8/18/2016,LK,OD,Western Sambo Deep,791,791-100-122,1,Juv,SSID,SIDE,22
2016,2016,Aug,8/18/2016,LK,OD,Western Sambo Deep,791,791-100-122,1,Juv,SSID,SIDE,19
2016,2016,Aug,8/18/2016,LK,OD,Western Sambo Deep,791,791-100-122,1,Juv,SSID,SIDE,8
2016,2016,Aug,8/18/2016,LK,OD,Western Sambo Deep,791,791-100-122,1,Iso,SMIC,SMIC,18
2016,2016,Aug,8/18/2016,LK,OD,Western Sambo Deep,791,791-100-122,1,Iso,SMIC,SMIC,24
2016,2016,Aug,8/18/2016,LK,OD,Western Sambo Deep,791,791-100-122,1,Iso,SMIC,SMIC,2
2016,2016,Aug,8/18/2016,LK,OD,Western Sambo Deep,791,791-100-122,1,Juv,SMIC,SMIC,25
2016,2016,Aug,8/18/2016,LK,OD,Western Sambo Deep,791,791-100-122,1,Juv,SMIC,SMIC,21
2016,2016,Aug,8/18/2016,LK,OD,Western Sambo Deep,791,791-100-122,1,Juv,MCAV,MCAV,7
2016,2016,Aug,8/18/2016,LK,OD,Western Sambo Deep,791,791-100-197,1,Juv,MARE,MARE,24
2016,2016,Aug,8/18/2016,LK,OD,Western Sambo Deep,791,791-100-197,1,Juv,SSID,SIDE,27
2016,2016,Aug,8/18/2016,LK,OD,Western Sambo Deep,791,791-100-197,1,Juv,SSID,SIDE,28
2016,2016,Aug,8/18/2016,LK,OD,Western Sambo Deep,791,791-100-197,1,Juv,SSID,SIDE,8
2016,2016,Aug,8/18/2016,LK,OD,Western Sambo Deep,791,791-100-197,1,Juv,SSID,SIDE,5
2016,2016,Aug,8/18/2016,LK,OD,Western Sambo Deep,791,791-100-197,1,Juv,SSID,SIDE,23
2016,2016,Aug,8/18/2016,LK,OD,Western Sambo Deep,791,791-100-197,1,Juv,SSID,SIDE,28
2016,2016,Aug,8/18/2016,LK,OD,Western Sambo Deep,791,791-500-013,1,Juv,SSID,SIDE,3
2016,2016,Aug,8/18/2016,LK,OD,Western Sambo Deep,791,791-500-013,1,Juv,SSID,SIDE,2
2016,2016,Aug,8/18/2016,LK,OD,Western Sambo Deep,791,791-500-013,1,Juv,SSID,SIDE,4
2016,2016,Aug,8/18/2016,LK,OD,Western Sambo Deep,791,791-500-013,1,Juv,SSID,SIDE,5
2016,2016,Aug,8/18/2016,LK,OD,Western Sambo Deep,791,791-500-013,1,Juv,SSID,SIDE,3
2016,2016,Aug,8/18/2016,LK,OD,Western Sambo Deep,791,791-500-013,1,Juv,SSID,SIDE,7
2016,2016,Aug,8/18/2016,LK,OD,Western Sambo Deep,791,791-500-013,1,Juv,SSID,SIDE,21
2016,2016,Aug,8/18/2016,LK,OD,Western Sambo Deep,791,791-500-013,1,Juv,SSID,SIDE,6
2016,2016,Aug,8/18/2016,LK,OD,Western Sambo Deep,791,791-500-013,1,Juv,SSID,SIDE,10
2016,2016,Aug,8/18/2016,LK,OD,Western Sambo Deep,791,791-500-013,1,Juv,SSID,SIDE,25
2016,2016,Aug,8/18/2016,LK,OD,Western Sambo Deep,791,791-500-013,1,Juv,SSID,SIDE,8
2016,2016,Aug,8/18/2016,LK,OD,Western Sambo Deep,791,791-500-013,1,Juv,SMIC,SMIC,25
2016,2016,Aug,8/18/2016,LK,OD,Western Sambo Deep,791,791-500-038,1,Juv,AAGA,AGAR,14
2016,2016,Aug,8/18/2016,LK,OD,Western Sambo Deep,791,791-500-038,1,Juv,MCAV,MCAV,28
2016,2016,Aug,8/18/2016,LK,OD,Western Sambo Deep,791,791-500-038,1,Juv,SSID,SIDE,31
2016,2016,Aug,8/18/2016,LK,OD,Western Sambo Deep,791,791-500-038,1,Juv,SSID,SIDE,32
2016,2016,Aug,8/18/2016,LK,OD,Western Sambo Deep,791,791-500-038,1,Juv,SSID,SIDE,34
2016,2016,Aug,8/18/2016,LK,OD,Western Sambo Deep,791,791-500-038,1,Juv,SSID,SIDE,11
2016,2016,Aug,8/18/2016,LK,OD,Western Sambo Deep,791,791-500-038,1,Juv,SSID,SIDE,4
2016,2016,Aug,8/18/2016,LK,OD,Western Sambo Deep,791,791-500-038,1,Juv,SSID,SIDE,23
2016,2016,Aug,8/18/2016,LK,OD,Western Sambo Deep,791,791-500-156,1,Juv,SSID,SIDE,22
2016,2016,Aug,8/18/2016,LK,OD,Western Sambo Deep,791,791-500-199,1,Juv,MCAV,MCAV,7
2016,2016,Aug,8/18/2016,LK,OD,Western Sambo Deep,791,791-500-199,1,Juv,SSID,SIDE,24
2016,2016,Aug,8/18/2016,LK,OD,Western Sambo Deep,791,791-500-199,1,Juv,SSID,SIDE,36
2016,2016,Aug,8/18/2016,LK,OD,Western Sambo Deep,791,791-500-199,1,Juv,SSID,SIDE,33
2016,2016,Aug,8/18/2016,LK,OD,Western Sambo Deep,792,792-100-028,1,Uns,SSID,SIDE,21
2016,2016,Aug,8/18/2016,LK,OD,Western Sambo Deep,792,792-100-028,1,Uns,SSID,SIDE,9
2016,2016,Aug,8/18/2016,LK,OD,Western Sambo Deep,792,792-100-028,1,Juv,SSID,SIDE,39
2016,2016,Aug,8/18/2016,LK,OD,Western Sambo Deep,792,792-100-028,1,Juv,SSID,SIDE,35
2016,2016,Aug,8/18/2016,LK,OD,Western Sambo Deep,792,792-100-028,1,Juv,SSID,SIDE,37
2016,2016,Aug,8/18/2016,LK,OD,Western Sambo Deep,792,792-100-028,1,Juv,SMIC,SMIC,6
2016,2016,Aug,8/18/2016,LK,OD,Western Sambo Deep,792,792-100-039,1,Juv,SRAD,SIDE,17
2016,2016,Aug,8/18/2016,LK,OD,Western Sambo Deep,792,792-100-039,1,Juv,SSID,SIDE,18
2016,2016,Aug,8/18/2016,LK,OD,Western Sambo Deep,792,792-100-039,1,Juv,SMIC,SMIC,39
2016,2016,Aug,8/18/2016,LK,OD,Western Sambo Deep,792,792-100-039,1,Juv,SMIC,SMIC,19
2016,2016,Aug,8/18/2016,LK,OD,Western Sambo Deep,792,792-100-039,1,Juv,SMIC,SMIC,14
2016,2016,Aug,8/18/2016,LK,OD,Western Sambo Deep,792,792-100-039,1,Juv,SMIC,SMIC,13
2016,2016,Aug,8/18/2016,LK,OD,Western Sambo Deep,792,792-100-039,1,Juv,SMIC,SMIC,35
2016,2016,Aug,8/18/2016,LK,OD,Western Sambo Deep,792,792-100-039,1,Juv,SMIC,SMIC,23
2016,2016,Aug,8/18/2016,LK,OD,Western Sambo Deep,792,792-100-106,1,Juv,SSID,SIDE,32
2016,2016,Aug,8/18/2016,LK,OD,Western Sambo Deep,792,792-100-106,1,Juv,SSID,SIDE,19
2016,2016,Aug,8/18/2016,LK,OD,Western Sambo Deep,792,792-100-106,1,Juv,SSID,SIDE,34
2016,2016,Aug,8/18/2016,LK,OD,Western Sambo Deep,792,792-100-106,1,Juv,SMIC,SMIC,39
2016,2016,Aug,8/18/2016,LK,OD,Western Sambo Deep,792,792-100-106,1,Juv,SMIC,SMIC,29
2016,2016,Aug,8/18/2016,LK,OD,Western Sambo Deep,792,792-100-106,1,Juv,SMIC,SMIC,15
2016,2016,Aug,8/18/2016,LK,OD,Western Sambo Deep,792,792-100-106,1,Juv,SMIC,SMIC,10
2016,2016,Aug,8/18/2016,LK,OD,Western Sambo Deep,792,792-100-142,1,Juv,SSID,SIDE,7
2016,2016,Aug,8/18/2016,LK,OD,Western Sambo Deep,792,792-100-142,1,Juv,SSID,SIDE,1
2016,2016,Aug,8/18/2016,LK,OD,Western Sambo Deep,792,792-100-142,1,Juv,SMIC,SMIC,6
2016,2016,Aug,8/18/2016,LK,OD,Western Sambo Deep,792,792-500-051,1,Juv,AAGA,AGAR,14
2016,2016,Aug,8/18/2016,LK,OD,Western Sambo Deep,792,792-500-051,1,Juv,AAGA,AGAR,5
2016,2016,Aug,8/18/2016,LK,OD,Western Sambo Deep,792,792-500-051,1,Juv,AAGA,AGAR,9
2016,2016,Aug,8/18/2016,LK,OD,Western Sambo Deep,792,792-500-051,1,Juv,PAST,PORI,22
2016,2016,Aug,8/18/2016,LK,OD,Western Sambo Deep,792,792-500-051,1,Juv,SMIC,SMIC,26
2016,2016,Aug,8/18/2016,LK,OD,Western Sambo Deep,792,792-500-079,1,Juv,SSID,SIDE,3
2016,2016,Aug,8/18/2016,LK,OD,Western Sambo Deep,792,792-500-079,1,Juv,SSID,SIDE,13
2016,2016,Aug,8/18/2016,LK,OD,Western Sambo Deep,792,792-500-079,1,Juv,SSID,SIDE,8
2016,2016,Aug,8/18/2016,LK,OD,Western Sambo Deep,792,792-500-079,1,Juv,SSID,SIDE,8
2016,2016,Aug,8/18/2016,LK,OD,Western Sambo Deep,792,792-500-079,1,Juv,SSID,SIDE,5
2016,2016,Aug,8/18/2016,LK,OD,Western Sambo Deep,792,792-500-079,1,Juv,SSID,SIDE,34
2016,2016,Aug,8/18/2016,LK,OD,Western Sambo Deep,792,792-500-079,1,Juv,SSID,SIDE,6
2016,2016,Aug,8/18/2016,LK,OD,Western Sambo Deep,792,792-500-079,1,Juv,SSID,SIDE,35
2016,2016,Aug,8/18/2016,LK,OD,Western Sambo Deep,792,792-500-079,1,Juv,SMIC,SMIC,32
2016,2016,Aug,8/18/2016,LK,OD,Western Sambo Deep,792,792-500-079,1,Juv,SMIC,SMIC,29
2016,2016,Aug,8/18/2016,LK,OD,Western Sambo Deep,792,792-500-102,1,Juv,MCAV,MCAV,7
2016,2016,Aug,8/18/2016,LK,OD,Western Sambo Deep,792,792-500-102,1,Juv,PAST,PORI,15
2016,2016,Aug,8/18/2016,LK,OD,Western Sambo Deep,792,792-500-102,1,Juv,SSID,SIDE,5
2016,2016,Aug,8/18/2016,LK,OD,Western Sambo Deep,792,792-500-102,1,Juv,SSID,SIDE,5
2016,2016,Aug,8/18/2016,LK,OD,Western Sambo Deep,792,792-500-102,1,Juv,SSID,SIDE,19
2016,2016,Aug,8/18/2016,LK,OD,Western Sambo Deep,792,792-500-102,1,Juv,SSID,SIDE,28
2016,2016,Aug,8/18/2016,LK,OD,Western Sambo Deep,792,792-500-102,1,Juv,SSID,SIDE,21
2016,2016,Aug,8/18/2016,LK,OD,Western Sambo Deep,792,792-500-102,1,Juv,SSID,SIDE,9
2016,2016,Aug,8/18/2016,LK,OD,Western Sambo Deep,792,792-500-102,1,Juv,SSID,SIDE,31
2016,2016,Aug,8/18/2016,LK,OD,Western Sambo Deep,792,792-500-102,1,Juv,SSID,SIDE,30
2016,2016,Aug,8/18/2016,LK,OD,Western Sambo Deep,792,792-500-190,1,Juv,AAGA,AGAR,12
2016,2016,Aug,8/18/2016,LK,OD,Western Sambo Deep,792,792-500-190,1,Juv,SSID,SIDE,19
2016,2016,Aug,8/18/2016,LK,OD,Western Sambo Deep,792,792-500-190,1,Juv,SSID,SIDE,37
2016,2016,Aug,8/18/2016,LK,OD,Western Sambo Deep,792,792-500-190,1,Juv,SSID,SIDE,26
2016,2016,Aug,8/18/2016,LK,OD,Western Sambo Deep,792,792-500-190,1,Juv,SSID,SIDE,30
2016,2016,Aug,8/18/2016,LK,OD,Western Sambo Deep,792,792-500-190,1,Juv,SSID,SIDE,3
2016,2016,Aug,8/18/2016,LK,OD,Western Sambo Deep,793,793-100-019,1,Juv,PAST,PORI,10
2016,2016,Aug,8/18/2016,LK,OD,Western Sambo Deep,793,793-100-019,1,Juv,PAST,PORI,15
2016,2016,Aug,8/18/2016,LK,OD,Western Sambo Deep,793,793-100-019,1,Juv,PAST,PORI,7
2016,2016,Aug,8/18/2016,LK,OD,Western Sambo Deep,793,793-100-019,1,Iso,PORI,PORI,17
2016,2016,Aug,8/18/2016,LK,OD,Western Sambo Deep,793,793-100-019,1,Iso,PORI,PORI,14
2016,2016,Aug,8/18/2016,LK,OD,Western Sambo Deep,793,793-100-019,1,Juv,SSID,SIDE,22
2016,2016,Aug,8/18/2016,LK,OD,Western Sambo Deep,793,793-100-048,1,Juv,DSTO,DSTO,27
2016,2016,Aug,8/18/2016,LK,OD,Western Sambo Deep,793,793-100-048,1,Iso,PPOR,PORI,28
2016,2016,Aug,8/18/2016,LK,OD,Western Sambo Deep,793,793-100-066,1,Juv,PAST,PORI,19
2016,2016,Aug,8/18/2016,LK,OD,Western Sambo Deep,793,793-100-066,1,Juv,PAST,PORI,38
2016,2016,Aug,8/18/2016,LK,OD,Western Sambo Deep,793,793-100-066,1,Juv,SSID,SIDE,35
2016,2016,Aug,8/18/2016,LK,OD,Western Sambo Deep,793,793-100-066,1,Juv,SSID,SIDE,31
2016,2016,Aug,8/18/2016,LK,OD,Western Sambo Deep,793,793-100-140,1,Juv,PAST,PORI,34
2016,2016,Aug,8/18/2016,LK,OD,Western Sambo Deep,793,793-100-140,1,Juv,PAST,PORI,10
2016,2016,Aug,8/18/2016,LK,OD,Western Sambo Deep,793,793-100-140,1,Juv,PAST,PORI,7
2016,2016,Aug,8/18/2016,LK,OD,Western Sambo Deep,793,793-100-140,1,Juv,PAST,PORI,30
2016,2016,Aug,8/18/2016,LK,OD,Western Sambo Deep,793,793-100-140,1,Juv,SSID,SIDE,30
2016,2016,Aug,8/18/2016,LK,OD,Western Sambo Deep,793,793-500-078,1,Juv,AAGA,AGAR,22
2016,2016,Aug,8/18/2016,LK,OD,Western Sambo Deep,793,793-500-078,1,Juv,AAGA,AGAR,8
2016,2016,Aug,8/18/2016,LK,OD,Western Sambo Deep,793,793-500-078,1,Juv,MCAV,MCAV,15
2016,2016,Aug,8/18/2016,LK,OD,Western Sambo Deep,793,793-500-078,1,Uns,PAST,PORI,1
2016,2016,Aug,8/18/2016,LK,OD,Western Sambo Deep,793,793-500-078,1,Juv,PAST,PORI,24
2016,2016,Aug,8/18/2016,LK,OD,Western Sambo Deep,793,793-500-078,1,Juv,PAST,PORI,18
2016,2016,Aug,8/18/2016,LK,OD,Western Sambo Deep,793,793-500-078,1,Juv,PPOR,PORI,28
2016,2016,Aug,8/18/2016,LK,OD,Western Sambo Deep,793,793-500-098,1,Juv,DSTO,DSTO,10
2016,2016,Aug,8/18/2016,LK,OD,Western Sambo Deep,793,793-500-098,1,Juv,PAST,PORI,25
2016,2016,Aug,8/18/2016,LK,OD,Western Sambo Deep,793,793-500-098,1,Juv,SSID,SIDE,9
2016,2016,Aug,8/18/2016,LK,OD,Western Sambo Deep,793,793-500-098,1,Juv,SMIC,SMIC,28
2016,2016,Aug,8/18/2016,LK,OD,Western Sambo Deep,793,793-500-172,1,Juv,AAGA,AGAR,25
2016,2016,Aug,8/18/2016,LK,OD,Western Sambo Deep,793,793-500-172,1,Uns,AFRA,AGAR,16
2016,2016,Aug,8/18/2016,LK,OD,Western Sambo Deep,793,793-500-172,1,Juv,PAST,PORI,13
2016,2016,Aug,8/18/2016,LK,OD,Western Sambo Deep,793,793-500-172,1,Juv,SSID,SIDE,8
2016,2016,Aug,8/18/2016,LK,OD,Western Sambo Deep,793,793-500-210,1,Juv,AAGA,AGAR,14
2016,2016,Aug,8/18/2016,LK,OD,Western Sambo Deep,793,793-500-210,1,Juv,MCAV,MCAV,33
2016,2016,Aug,8/18/2016,LK,OD,Western Sambo Deep,794,794-100-008,1,Uns,AAGA,AGAR,6
2016,2016,Aug,8/18/2016,LK,OD,Western Sambo Deep,794,794-100-008,1,Iso,MMEA,MMEA,9
2016,2016,Aug,8/18/2016,LK,OD,Western Sambo Deep,794,794-100-008,1,Juv,PAST,PORI,8
2016,2016,Aug,8/18/2016,LK,OD,Western Sambo Deep,794,794-100-008,1,Juv,SSID,SIDE,8
2016,2016,Aug,8/18/2016,LK,OD,Western Sambo Deep,794,794-100-008,1,Juv,SSID,SIDE,24
2016,2016,Aug,8/18/2016,LK,OD,Western Sambo Deep,794,794-100-008,1,Juv,SSID,SIDE,37
2016,2016,Aug,8/18/2016,LK,OD,Western Sambo Deep,794,794-100-061,1,Juv,SSID,SIDE,11
2016,2016,Aug,8/18/2016,LK,OD,Western Sambo Deep,794,794-100-156,1,Juv,MMIR,MADR,23
2016,2016,Aug,8/18/2016,LK,OD,Western Sambo Deep,794,794-100-156,1,Juv,MMIR,MADR,4
2016,2016,Aug,8/18/2016,LK,OD,Western Sambo Deep,794,794-100-156,1,Juv,SSID,SIDE,17
2016,2016,Aug,8/18/2016,LK,OD,Western Sambo Deep,794,794-100-199,1,Juv,SSID,SIDE,34
2016,2016,Aug,8/18/2016,LK,OD,Western Sambo Deep,794,794-500-058,1,Juv,AAGA,AGAR,19
2016,2016,Aug,8/18/2016,LK,OD,Western Sambo Deep,794,794-500-058,1,Juv,PAST,PORI,21
2016,2016,Aug,8/18/2016,LK,OD,Western Sambo Deep,794,794-500-058,1,Juv,PAST,PORI,31
2016,2016,Aug,8/18/2016,LK,OD,Western Sambo Deep,794,794-500-058,1,Juv,SRAD,SIDE,6
2016,2016,Aug,8/18/2016,LK,OD,Western Sambo Deep,794,794-500-058,1,Juv,SSID,SIDE,17
2016,2016,Aug,8/18/2016,LK,OD,Western Sambo Deep,794,794-500-058,1,Juv,SSID,SIDE,39
2016,2016,Aug,8/18/2016,LK,OD,Western Sambo Deep,794,794-500-122,1,Juv,SSID,SIDE,21
2016,2016,Aug,8/18/2016,LK,OD,Western Sambo Deep,794,794-500-122,1,Juv,SSID,SIDE,6
2016,2016,Aug,8/18/2016,LK,OD,Western Sambo Deep,794,794-500-122,1,Juv,SSID,SIDE,4
2016,2016,Aug,8/18/2016,LK,OD,Western Sambo Deep,794,794-500-122,1,Juv,SSID,SIDE,9
2016,2016,Aug,8/18/2016,LK,OD,Western Sambo Deep,794,794-500-122,1,Juv,SSID,SIDE,15
2016,2016,Aug,8/18/2016,LK,OD,Western Sambo Deep,794,794-500-122,1,Juv,SSID,SIDE,16
2016,2016,Aug,8/18/2016,LK,OD,Western Sambo Deep,794,794-500-136,1,Juv,SRAD,SIDE,39
2016,2016,Aug,8/18/2016,LK,OD,Western Sambo Deep,794,794-500-136,1,Juv,SSID,SIDE,26
2016,2016,Aug,8/18/2016,LK,OD,Western Sambo Deep,794,794-500-136,1,Juv,SSID,SIDE,7
2016,2016,Aug,8/18/2016,LK,OD,Western Sambo Deep,794,794-500-199,1,Juv,AGAR,AGAR,8
2016,2016,Aug,8/18/2016,LK,OD,Western Sambo Deep,794,794-500-199,1,Juv,PAST,PORI,27
2016,2016,Aug,8/18/2016,LK,OD,Western Sambo Deep,794,794-500-199,1,Juv,SSID,SIDE,33
2016,2016,Aug,8/18/2016,LK,OD,Western Sambo Deep,794,794-500-199,1,Juv,SMIC,SMIC,25
2016,2016,Aug,8/17/2016,LK,OD,Sand Key Deep,811,811-100-019,1,Juv,PAST,PORI,22
2016,2016,Aug,8/17/2016,LK,OD,Sand Key Deep,811,811-100-019,1,Juv,SSID,SIDE,18
2016,2016,Aug,8/17/2016,LK,OD,Sand Key Deep,811,811-100-019,1,Juv,SSID,SIDE,2
2016,2016,Aug,8/17/2016,LK,OD,Sand Key Deep,811,811-100-103,1,Juv,PAST,PORI,7
2016,2016,Aug,8/17/2016,LK,OD,Sand Key Deep,811,811-100-103,1,Juv,SSID,SIDE,29
2016,2016,Aug,8/17/2016,LK,OD,Sand Key Deep,811,811-100-119,1,Juv,DSTO,DSTO,10
2016,2016,Aug,8/17/2016,LK,OD,Sand Key Deep,811,811-100-119,1,Juv,SSID,SIDE,31
2016,2016,Aug,8/17/2016,LK,OD,Sand Key Deep,811,811-100-119,1,Juv,SSID,SIDE,34
2016,2016,Aug,8/17/2016,LK,OD,Sand Key Deep,811,811-100-119,1,Juv,SSID,SIDE,6
2016,2016,Aug,8/17/2016,LK,OD,Sand Key Deep,811,811-100-197,1,Juv,MARE,MARE,22
2016,2016,Aug,8/17/2016,LK,OD,Sand Key Deep,811,811-100-197,1,Juv,SSID,SIDE,35
2016,2016,Aug,8/17/2016,LK,OD,Sand Key Deep,811,811-100-197,1,Juv,SSID,SIDE,33
2016,2016,Aug,8/17/2016,LK,OD,Sand Key Deep,811,811-100-197,1,Juv,SSID,SIDE,32
2016,2016,Aug,8/17/2016,LK,OD,Sand Key Deep,811,811-500-074,1,Juv,SSID,SIDE,6
2016,2016,Aug,8/17/2016,LK,OD,Sand Key Deep,811,811-500-074,1,Juv,SMIC,SMIC,23
2016,2016,Aug,8/17/2016,LK,OD,Sand Key Deep,811,811-500-074,1,Juv,SMIC,SMIC,18
2016,2016,Aug,8/17/2016,LK,OD,Sand Key Deep,811,811-500-114,1,Juv,MCAV,MCAV,37
2016,2016,Aug,8/17/2016,LK,OD,Sand Key Deep,811,811-500-114,1,Juv,SSID,SIDE,28
2016,2016,Aug,8/17/2016,LK,OD,Sand Key Deep,811,811-500-114,1,Juv,SSID,SIDE,24
2016,2016,Aug,8/17/2016,LK,OD,Sand Key Deep,811,811-500-114,1,Juv,SSID,SIDE,35
2016,2016,Aug,8/17/2016,LK,OD,Sand Key Deep,811,811-500-114,1,Juv,SSID,SIDE,6
2016,2016,Aug,8/17/2016,LK,OD,Sand Key Deep,811,811-500-114,1,Juv,SSID,SIDE,6
2016,2016,Aug,8/17/2016,LK,OD,Sand Key Deep,811,811-500-114,1,Juv,SSID,SIDE,16
2016,2016,Aug,8/17/2016,LK,OD,Sand Key Deep,811,811-500-114,1,Juv,SMIC,SMIC,1
2016,2016,Aug,8/17/2016,LK,OD,Sand Key Deep,811,811-500-155,1,Juv,PAST,PORI,37
2016,2016,Aug,8/17/2016,LK,OD,Sand Key Deep,811,811-500-197,1,Juv,PAST,PORI,25
2016,2016,Aug,8/17/2016,LK,OD,Sand Key Deep,811,811-500-197,1,Iso,SSID,SIDE,12
2016,2016,Aug,8/17/2016,LK,OD,Sand Key Deep,811,811-500-197,1,Juv,SMIC,SMIC,28
2016,2016,Aug,8/17/2016,LK,OD,Sand Key Deep,812,812-100-018,1,Juv,MCAV,MCAV,9
2016,2016,Aug,8/17/2016,LK,OD,Sand Key Deep,812,812-100-018,1,Juv,PAST,PORI,26
2016,2016,Aug,8/17/2016,LK,OD,Sand Key Deep,812,812-100-041,1,Iso,SSID,SIDE,24
2016,2016,Aug,8/17/2016,LK,OD,Sand Key Deep,812,812-100-041,1,Iso,SSID,SIDE,11
2016,2016,Aug,8/17/2016,LK,OD,Sand Key Deep,812,812-100-041,1,Juv,SSID,SIDE,4
2016,2016,Aug,8/17/2016,LK,OD,Sand Key Deep,812,812-100-112,1,Juv,MCAV,MCAV,23
2016,2016,Aug,8/17/2016,LK,OD,Sand Key Deep,812,812-100-112,1,Juv,SSID,SIDE,22
2016,2016,Aug,8/17/2016,LK,OD,Sand Key Deep,812,812-100-168,1,Juv,MCAV,MCAV,19
2016,2016,Aug,8/17/2016,LK,OD,Sand Key Deep,812,812-100-168,1,Juv,PAST,PORI,4
2016,2016,Aug,8/17/2016,LK,OD,Sand Key Deep,812,812-100-168,1,Juv,SRAD,SIDE,37
2016,2016,Aug,8/17/2016,LK,OD,Sand Key Deep,812,812-100-168,1,Juv,SSID,SIDE,24
2016,2016,Aug,8/17/2016,LK,OD,Sand Key Deep,812,812-100-168,1,Juv,SSID,SIDE,7
2016,2016,Aug,8/17/2016,LK,OD,Sand Key Deep,812,812-100-168,1,Juv,SSID,SIDE,4
2016,2016,Aug,8/17/2016,LK,OD,Sand Key Deep,812,812-500-029,1,Juv,EFAS,EFAS,7
2016,2016,Aug,8/17/2016,LK,OD,Sand Key Deep,812,812-500-029,1,Juv,MCAV,MCAV,18
2016,2016,Aug,8/17/2016,LK,OD,Sand Key Deep,812,812-500-029,1,Juv,SSID,SIDE,10
2016,2016,Aug,8/17/2016,LK,OD,Sand Key Deep,812,812-500-132,1,Juv,MCAV,MCAV,24
2016,2016,Aug,8/17/2016,LK,OD,Sand Key Deep,812,812-500-132,1,Juv,SSID,SIDE,36
2016,2016,Aug,8/17/2016,LK,OD,Sand Key Deep,812,812-500-132,1,Juv,SMIC,SMIC,21
2016,2016,Aug,8/17/2016,LK,OD,Sand Key Deep,812,812-500-180,1,Juv,PAST,PORI,16
2016,2016,Aug,8/17/2016,LK,OD,Sand Key Deep,812,812-500-212,1,Juv,PAST,PORI,31
2016,2016,Aug,8/17/2016,LK,OD,Sand Key Deep,812,812-500-212,1,Juv,PAST,PORI,35
2016,2016,Aug,8/17/2016,LK,OD,Sand Key Deep,812,812-500-212,1,Juv,SSID,SIDE,22
2016,2016,Aug,8/17/2016,LK,OD,Sand Key Deep,812,812-500-212,1,Juv,SSID,SIDE,23
2016,2016,Aug,8/17/2016,LK,OD,Sand Key Deep,813,813-100-030,1,Juv,SRAD,SIDE,35
2016,2016,Aug,8/17/2016,LK,OD,Sand Key Deep,813,813-100-030,1,Juv,SSID,SIDE,12
2016,2016,Aug,8/17/2016,LK,OD,Sand Key Deep,813,813-100-030,1,Juv,SSID,SIDE,36
2016,2016,Aug,8/17/2016,LK,OD,Sand Key Deep,813,813-100-030,1,Juv,SSID,SIDE,24
2016,2016,Aug,8/17/2016,LK,OD,Sand Key Deep,813,813-100-030,1,Juv,SSID,SIDE,12
2016,2016,Aug,8/17/2016,LK,OD,Sand Key Deep,813,813-100-030,1,Juv,SSID,SIDE,6
2016,2016,Aug,8/17/2016,LK,OD,Sand Key Deep,813,813-100-063,1,Juv,PAST,PORI,30
2016,2016,Aug,8/17/2016,LK,OD,Sand Key Deep,813,813-100-063,1,Juv,PPOR,PORI,15
2016,2016,Aug,8/17/2016,LK,OD,Sand Key Deep,813,813-100-063,1,Juv,SRAD,SIDE,35
2016,2016,Aug,8/17/2016,LK,OD,Sand Key Deep,813,813-100-063,1,Juv,SSID,SIDE,24
2016,2016,Aug,8/17/2016,LK,OD,Sand Key Deep,813,813-100-063,1,Juv,SSID,SIDE,5
2016,2016,Aug,8/17/2016,LK,OD,Sand Key Deep,813,813-100-132,1,Juv,SRAD,SIDE,38
2016,2016,Aug,8/17/2016,LK,OD,Sand Key Deep,813,813-100-132,1,Juv,SSID,SIDE,15
2016,2016,Aug,8/17/2016,LK,OD,Sand Key Deep,813,813-100-132,1,Juv,SSID,SIDE,3
2016,2016,Aug,8/17/2016,LK,OD,Sand Key Deep,813,813-100-169,1,Juv,DSTO,DSTO,25
2016,2016,Aug,8/17/2016,LK,OD,Sand Key Deep,813,813-100-169,1,Juv,MCAV,MCAV,15
2016,2016,Aug,8/17/2016,LK,OD,Sand Key Deep,813,813-100-169,1,Juv,PAST,PORI,18
2016,2016,Aug,8/17/2016,LK,OD,Sand Key Deep,813,813-100-169,1,Juv,PAST,PORI,9
2016,2016,Aug,8/17/2016,LK,OD,Sand Key Deep,813,813-100-169,1,Juv,PAST,PORI,35
2016,2016,Aug,8/17/2016,LK,OD,Sand Key Deep,813,813-100-169,1,Juv,SRAD,SIDE,15
2016,2016,Aug,8/17/2016,LK,OD,Sand Key Deep,813,813-100-169,1,Juv,SRAD,SIDE,25
2016,2016,Aug,8/17/2016,LK,OD,Sand Key Deep,813,813-500-041,1,Juv,DLAB,DIPL,19
2016,2016,Aug,8/17/2016,LK,OD,Sand Key Deep,813,813-500-041,1,Juv,PAST,PORI,10
2016,2016,Aug,8/17/2016,LK,OD,Sand Key Deep,813,813-500-041,1,Juv,PAST,PORI,15
2016,2016,Aug,8/17/2016,LK,OD,Sand Key Deep,813,813-500-085,1,Juv,AAGA,AGAR,14
2016,2016,Aug,8/17/2016,LK,OD,Sand Key Deep,813,813-500-085,1,Juv,DSTR,DIPL,39
2016,2016,Aug,8/17/2016,LK,OD,Sand Key Deep,813,813-500-156,1,Juv,PAST,PORI,14
2016,2016,Aug,8/17/2016,LK,OD,Sand Key Deep,813,813-500-156,1,Juv,SSID,SIDE,6
2016,2016,Aug,8/17/2016,LK,OD,Sand Key Deep,813,813-500-156,1,Juv,SSID,SIDE,4
2016,2016,Aug,8/17/2016,LK,OD,Sand Key Deep,813,813-500-156,1,Juv,SSID,SIDE,29
2016,2016,Aug,8/17/2016,LK,OD,Sand Key Deep,813,813-500-218,1,Juv,SSID,SIDE,6
2016,2016,Aug,8/17/2016,LK,OD,Sand Key Deep,814,814-100-016,1,Juv,AAGA,AGAR,16
2016,2016,Aug,8/17/2016,LK,OD,Sand Key Deep,814,814-100-016,1,Juv,DSTO,DSTO,28
2016,2016,Aug,8/17/2016,LK,OD,Sand Key Deep,814,814-100-016,1,Juv,SCOL,MUSS,14
2016,2016,Aug,8/17/2016,LK,OD,Sand Key Deep,814,814-100-016,1,Juv,SCOL,MUSS,15
2016,2016,Aug,8/17/2016,LK,OD,Sand Key Deep,814,814-100-016,1,Juv,PAST,PORI,8
2016,2016,Aug,8/17/2016,LK,OD,Sand Key Deep,814,814-100-016,1,Juv,SSID,SIDE,24
2016,2016,Aug,8/17/2016,LK,OD,Sand Key Deep,814,814-100-044,1,Juv,PAST,PORI,15
2016,2016,Aug,8/17/2016,LK,OD,Sand Key Deep,814,814-100-044,1,Juv,SRAD,SIDE,30
2016,2016,Aug,8/17/2016,LK,OD,Sand Key Deep,814,814-100-044,1,Juv,SSID,SIDE,29
2016,2016,Aug,8/17/2016,LK,OD,Sand Key Deep,814,814-100-044,1,Juv,SSID,SIDE,22
2016,2016,Aug,8/17/2016,LK,OD,Sand Key Deep,814,814-100-044,1,Juv,SSID,SIDE,15
2016,2016,Aug,8/17/2016,LK,OD,Sand Key Deep,814,814-100-099,1,Juv,SSID,SIDE,39
2016,2016,Aug,8/17/2016,LK,OD,Sand Key Deep,814,814-100-178,1,Juv,SMIC,SMIC,29
2016,2016,Aug,8/17/2016,LK,OD,Sand Key Deep,814,814-500-027,1,Juv,PAST,PORI,19
2016,2016,Aug,8/17/2016,LK,OD,Sand Key Deep,814,814-500-027,1,Juv,SSID,SIDE,11
2016,2016,Aug,8/17/2016,LK,OD,Sand Key Deep,814,814-500-027,1,Juv,SSID,SIDE,28
2016,2016,Aug,8/17/2016,LK,OD,Sand Key Deep,814,814-500-027,1,Juv,SSID,SIDE,12
2016,2016,Aug,8/17/2016,LK,OD,Sand Key Deep,814,814-500-027,1,Juv,UNKS,UNKS,8
2016,2016,Aug,8/17/2016,LK,OD,Sand Key Deep,814,814-500-054,0,NA,NA,NA,NA
2016,2016,Aug,8/17/2016,LK,OD,Sand Key Deep,814,814-500-117,1,Juv,MARE,MARE,16
2016,2016,Aug,8/17/2016,LK,OD,Sand Key Deep,814,814-500-117,1,Juv,PAST,PORI,16
2016,2016,Aug,8/17/2016,LK,OD,Sand Key Deep,814,814-500-117,1,Juv,PPOR,PORI,10
2016,2016,Aug,8/17/2016,LK,OD,Sand Key Deep,814,814-500-117,1,Juv,SSID,SIDE,6
2016,2016,Aug,8/17/2016,LK,OD,Sand Key Deep,814,814-500-117,1,Juv,MCAV,MCAV,9
2016,2016,Aug,8/17/2016,LK,OD,Sand Key Deep,814,814-500-178,0,NA,NA,NA,NA
2016,2016,Nov,11/4/2016,SEFL,Nearshore,BC1,BC11,BC11-100-035,1,Iso,SMIC,SMIC,4
2016,2016,Nov,11/4/2016,SEFL,Nearshore,BC1,BC11,BC11-100-035,1,Juv,UNKS,UNKS,22
2016,2016,Nov,11/4/2016,SEFL,Nearshore,BC1,BC11,BC11-100-035,1,Juv,UNKS,UNKS,2
2016,2016,Nov,11/4/2016,SEFL,Nearshore,BC1,BC11,BC11-100-044,1,Juv,SSID,SIDE,7
2016,2016,Nov,11/4/2016,SEFL,Nearshore,BC1,BC11,BC11-100-044,1,Juv,SSID,SIDE,13
2016,2016,Nov,11/4/2016,SEFL,Nearshore,BC1,BC11,BC11-100-044,1,Juv,SSID,SIDE,11
2016,2016,Nov,11/4/2016,SEFL,Nearshore,BC1,BC11,BC11-100-044,1,Juv,SSID,SIDE,6
2016,2016,Nov,11/4/2016,SEFL,Nearshore,BC1,BC11,BC11-100-096,1,Juv,MCAV,MCAV,8
2016,2016,Nov,11/4/2016,SEFL,Nearshore,BC1,BC11,BC11-100-096,1,Juv,MCAV,MCAV,10
2016,2016,Nov,11/4/2016,SEFL,Nearshore,BC1,BC11,BC11-100-096,1,Juv,SSID,SIDE,6
2016,2016,Nov,11/4/2016,SEFL,Nearshore,BC1,BC11,BC11-100-096,1,Juv,SSID,SIDE,5
2016,2016,Nov,11/4/2016,SEFL,Nearshore,BC1,BC11,BC11-100-096,1,Juv,SSID,SIDE,9
2016,2016,Nov,11/4/2016,SEFL,Nearshore,BC1,BC11,BC11-100-096,1,Juv,SSID,SIDE,13
2016,2016,Nov,11/4/2016,SEFL,Nearshore,BC1,BC11,BC11-100-096,1,Juv,SSID,SIDE,3
2016,2016,Nov,11/4/2016,SEFL,Nearshore,BC1,BC11,BC11-100-096,1,Juv,SSID,SIDE,12
2016,2016,Nov,11/4/2016,SEFL,Nearshore,BC1,BC11,BC11-500-008,1,Juv,DIPL,DIPL,5
2016,2016,Nov,11/4/2016,SEFL,Nearshore,BC1,BC11,BC11-500-008,1,Juv,SSID,SIDE,5
2016,2016,Nov,11/4/2016,SEFL,Nearshore,BC1,BC11,BC11-500-018,1,Juv,MCAV,MCAV,6
2016,2016,Nov,11/4/2016,SEFL,Nearshore,BC1,BC11,BC11-500-049,0,NA,NA,NA,NA
2016,2016,Nov,11/4/2016,SEFL,Nearshore,BC1,BC11,BC11-500-075,0,NA,NA,NA,NA
2016,2016,Nov,11/4/2016,SEFL,Nearshore,BC1,BC11,BC11-500-090,0,NA,NA,NA,NA
2016,2016,Nov,11/4/2016,SEFL,Nearshore,BC1,BC12,BC12-100-043,1,Juv,SSID,SIDE,2
2016,2016,Nov,11/4/2016,SEFL,Nearshore,BC1,BC12,BC12-100-043,1,Juv,SSID,SIDE,13
2016,2016,Nov,11/4/2016,SEFL,Nearshore,BC1,BC12,BC12-100-043,1,Juv,SSID,SIDE,14
2016,2016,Nov,11/4/2016,SEFL,Nearshore,BC1,BC12,BC12-100-043,1,Juv,SSID,SIDE,5
2016,2016,Nov,11/4/2016,SEFL,Nearshore,BC1,BC12,BC12-100-043,1,Juv,SSID,SIDE,10
2016,2016,Nov,11/4/2016,SEFL,Nearshore,BC1,BC12,BC12-100-053,0,NA,NA,NA,NA
2016,2016,Nov,11/4/2016,SEFL,Nearshore,BC1,BC12,BC12-100-142,0,NA,NA,NA,NA
2016,2016,Nov,11/4/2016,SEFL,Nearshore,BC1,BC12,BC12-100-221,1,Juv,SSID,SIDE,1
2016,2016,Nov,11/4/2016,SEFL,Nearshore,BC1,BC12,BC12-500-014,1,Juv,SSID,SIDE,2
2016,2016,Nov,11/4/2016,SEFL,Nearshore,BC1,BC12,BC12-500-014,1,Juv,SSID,SIDE,2
2016,2016,Nov,11/4/2016,SEFL,Nearshore,BC1,BC12,BC12-500-043,0,NA,NA,NA,NA
2016,2016,Nov,11/4/2016,SEFL,Nearshore,BC1,BC12,BC12-500-129,1,Juv,PAST,PORI,5
2016,2016,Nov,11/4/2016,SEFL,Nearshore,BC1,BC12,BC12-500-171,1,Juv,MCAV,MCAV,4
2016,2016,Nov,11/4/2016,SEFL,Nearshore,BC1,BC13,BC13-100-090,0,NA,NA,NA,NA
2016,2016,Nov,11/4/2016,SEFL,Nearshore,BC1,BC13,BC13-100-151,1,Juv,SSID,SIDE,3
2016,2016,Nov,11/4/2016,SEFL,Nearshore,BC1,BC13,BC13-100-151,1,Juv,SSID,SIDE,3
2016,2016,Nov,11/4/2016,SEFL,Nearshore,BC1,BC13,BC13-100-151,1,Juv,SSID,SIDE,5
2016,2016,Nov,11/4/2016,SEFL,Nearshore,BC1,BC13,BC13-100-151,1,Juv,SSID,SIDE,2
2016,2016,Nov,11/4/2016,SEFL,Nearshore,BC1,BC13,BC13-100-187,1,Juv,PAST,PORI,33
2016,2016,Nov,11/4/2016,SEFL,Nearshore,BC1,BC13,BC13-100-187,1,Juv,SMIC,SMIC,8
2016,2016,Nov,11/4/2016,SEFL,Nearshore,BC1,BC13,BC13-100-208,0,NA,NA,NA,NA
2016,2016,Nov,11/4/2016,SEFL,Nearshore,BC1,BC13,BC13-500-040,0,NA,NA,NA,NA
2016,2016,Nov,11/4/2016,SEFL,Nearshore,BC1,BC13,BC13-500-089,1,Juv,UNKS,UNKS,6
2016,2016,Nov,11/4/2016,SEFL,Nearshore,BC1,BC13,BC13-500-162,0,NA,NA,NA,NA
2016,2016,Nov,11/4/2016,SEFL,Nearshore,BC1,BC13,BC13-500-198,0,NA,NA,NA,NA
2016,2016,Nov,11/11/2016,SEFL,Nearshore,BC1,BC14,BC14-100-049,0,NA,NA,NA,NA
2016,2016,Nov,11/11/2016,SEFL,Nearshore,BC1,BC14,BC14-100-081,0,NA,NA,NA,NA
2016,2016,Nov,11/11/2016,SEFL,Nearshore,BC1,BC14,BC14-100-185,0,NA,NA,NA,NA
2016,2016,Nov,11/11/2016,SEFL,Nearshore,BC1,BC14,BC14-100-209,1,Juv,MCAV,MCAV,5
2016,2016,Nov,11/11/2016,SEFL,Nearshore,BC1,BC14,BC14-100-209,1,Juv,SSID,SIDE,2
2016,2016,Nov,11/11/2016,SEFL,Nearshore,BC1,BC14,BC14-500-026,1,Juv,DIPL,DIPL,12
2016,2016,Nov,11/11/2016,SEFL,Nearshore,BC1,BC14,BC14-500-082,1,Juv,SSID,SIDE,16
2016,2016,Nov,11/11/2016,SEFL,Nearshore,BC1,BC14,BC14-500-104,0,NA,NA,NA,NA
2016,2016,Nov,11/11/2016,SEFL,Nearshore,BC1,BC14,BC14-500-155,0,NA,NA,NA,NA
2016,2016,Dec,12/1/2016,SEFL,Middle,BC2,BC21,BC21-100-015,1,Uns,PAST,PORI,28
2016,2016,Dec,12/1/2016,SEFL,Middle,BC2,BC21,BC21-100-070,1,Juv,MCAV,MCAV,10
2016,2016,Dec,12/1/2016,SEFL,Middle,BC2,BC21,BC21-100-088,1,Juv,MCAV,MCAV,16
2016,2016,Dec,12/1/2016,SEFL,Middle,BC2,BC21,BC21-100-151,1,Juv,SSID,SIDE,16
2016,2016,Dec,12/1/2016,SEFL,Middle,BC2,BC21,BC21-500-028,1,Juv,MCAV,MCAV,19
2016,2016,Dec,12/1/2016,SEFL,Middle,BC2,BC21,BC21-500-074,0,NA,NA,NA,NA
2016,2016,Dec,12/1/2016,SEFL,Middle,BC2,BC21,BC21-500-174,0,NA,NA,NA,NA
2016,2016,Dec,12/1/2016,SEFL,Middle,BC2,BC21,BC21-500-206,1,Juv,MCAV,MCAV,29
2016,2016,Dec,12/1/2016,SEFL,Middle,BC2,BC21,BC21-500-206,1,Juv,SSID,SIDE,26
2016,2016,Dec,12/1/2016,SEFL,Middle,BC2,BC22,BC22-100-034,1,Juv,PAST,PORI,7
2016,2016,Dec,12/1/2016,SEFL,Middle,BC2,BC22,BC22-100-064,0,NA,NA,NA,NA
2016,2016,Dec,12/1/2016,SEFL,Middle,BC2,BC22,BC22-100-137,0,NA,NA,NA,NA
2016,2016,Dec,12/1/2016,SEFL,Middle,BC2,BC22,BC22-100-188,1,Juv,SSID,SIDE,2
2016,2016,Dec,12/1/2016,SEFL,Middle,BC2,BC22,BC22-100-188,1,Juv,MCAV,MCAV,9
2016,2016,Dec,12/1/2016,SEFL,Middle,BC2,BC22,BC22-500-041,1,Juv,MCAV,MCAV,23
2016,2016,Dec,12/1/2016,SEFL,Middle,BC2,BC22,BC22-500-111,0,NA,NA,NA,NA
2016,2016,Dec,12/1/2016,SEFL,Middle,BC2,BC22,BC22-500-135,0,NA,NA,NA,NA
2016,2016,Dec,12/1/2016,SEFL,Middle,BC2,BC22,BC22-500-193,1,Iso,SSID,SIDE,23
2016,2016,Dec,12/1/2016,SEFL,Middle,BC2,BC23,BC23-100-060,1,Juv,SSID,SIDE,21
2016,2016,Dec,12/1/2016,SEFL,Middle,BC2,BC23,BC23-100-126,0,NA,NA,NA,NA
2016,2016,Dec,12/1/2016,SEFL,Middle,BC2,BC23,BC23-100-165,0,NA,NA,NA,NA
2016,2016,Dec,12/1/2016,SEFL,Middle,BC2,BC23,BC23-100-202,0,NA,NA,NA,NA
2016,2016,Dec,12/1/2016,SEFL,Middle,BC2,BC23,BC23-500-012,0,NA,NA,NA,NA
2016,2016,Dec,12/1/2016,SEFL,Middle,BC2,BC23,BC23-500-104,1,Iso,SSID,SIDE,30
2016,2016,Dec,12/1/2016,SEFL,Middle,BC2,BC23,BC23-500-104,1,Iso,SSID,SIDE,5
2016,2016,Dec,12/1/2016,SEFL,Middle,BC2,BC23,BC23-500-167,1,Juv,MCAV,MCAV,5
2016,2016,Dec,12/1/2016,SEFL,Middle,BC2,BC23,BC23-500-167,1,Juv,MCAV,MCAV,35
2016,2016,Dec,12/1/2016,SEFL,Middle,BC2,BC23,BC23-500-206,1,Juv,MCAV,MCAV,17
2016,2016,Dec,12/1/2016,SEFL,Middle,BC2,BC23,BC23-500-206,1,Juv,SSID,SIDE,2
2016,2016,Dec,12/1/2016,SEFL,Middle,BC2,BC24,BC24-100-024,0,NA,NA,NA,NA
2016,2016,Dec,12/1/2016,SEFL,Middle,BC2,BC24,BC24-100-090,0,NA,NA,NA,NA
2016,2016,Dec,12/1/2016,SEFL,Middle,BC2,BC24,BC24-100-119,0,NA,NA,NA,NA
2016,2016,Dec,12/1/2016,SEFL,Middle,BC2,BC24,BC24-100-207,0,NA,NA,NA,NA
2016,2016,Dec,12/1/2016,SEFL,Middle,BC2,BC24,BC24-500-017,1,Juv,SSID,SIDE,38
2016,2016,Dec,12/1/2016,SEFL,Middle,BC2,BC24,BC24-500-070,0,NA,NA,NA,NA
2016,2016,Dec,12/1/2016,SEFL,Middle,BC2,BC24,BC24-500-136,1,Juv,SMIC,SMIC,34
2016,2016,Dec,12/1/2016,SEFL,Middle,BC2,BC24,BC24-500-136,1,Juv,SMIC,SMIC,4
2016,2016,Dec,12/1/2016,SEFL,Middle,BC2,BC24,BC24-500-168,1,Juv,SMIC,SMIC,21
2016,2016,Dec,12/2/2016,SEFL,Outer,BC3,BC31,BC31-100-015,1,Juv,MCAV,MCAV,6
2016,2016,Dec,12/2/2016,SEFL,Outer,BC3,BC31,BC31-100-015,1,Juv,SSID,SIDE,15
2016,2016,Dec,12/2/2016,SEFL,Outer,BC3,BC31,BC31-100-015,1,Juv,SSID,SIDE,39
2016,2016,Dec,12/2/2016,SEFL,Outer,BC3,BC31,BC31-100-015,1,Iso,SMIC,SMIC,28
2016,2016,Dec,12/2/2016,SEFL,Outer,BC3,BC31,BC31-100-015,1,Juv,SMIC,SMIC,32
2016,2016,Dec,12/2/2016,SEFL,Outer,BC3,BC31,BC31-100-050,1,Juv,SSID,SIDE,38
2016,2016,Dec,12/2/2016,SEFL,Outer,BC3,BC31,BC31-100-092,1,Juv,SSID,SIDE,12
2016,2016,Dec,12/2/2016,SEFL,Outer,BC3,BC31,BC31-100-125,1,Juv,MCAV,MCAV,4
2016,2016,Dec,12/2/2016,SEFL,Outer,BC3,BC31,BC31-100-125,1,Juv,MCAV,MCAV,6
2016,2016,Dec,12/2/2016,SEFL,Outer,BC3,BC31,BC31-500-070,0,NA,NA,NA,NA
2016,2016,Dec,12/2/2016,SEFL,Outer,BC3,BC31,BC31-500-095,1,Juv,SMIC,SMIC,5
2016,2016,Dec,12/2/2016,SEFL,Outer,BC3,BC31,BC31-500-137,0,NA,NA,NA,NA
2016,2016,Dec,12/2/2016,SEFL,Outer,BC3,BC31,BC31-500-185,1,Juv,SSID,SIDE,27
2016,2016,Dec,12/2/2016,SEFL,Outer,BC3,BC31,BC31-500-185,1,Juv,SMIC,SMIC,32
2016,2016,Dec,12/2/2016,SEFL,Outer,BC3,BC32,BC32-100-014,1,Juv,MCAV,MCAV,9
2016,2016,Dec,12/2/2016,SEFL,Outer,BC3,BC32,BC32-100-014,1,Juv,SSID,SIDE,33
2016,2016,Dec,12/2/2016,SEFL,Outer,BC3,BC32,BC32-100-014,1,Juv,SSID,SIDE,25
2016,2016,Dec,12/2/2016,SEFL,Outer,BC3,BC32,BC32-100-085,1,Juv,MCAV,MCAV,4
2016,2016,Dec,12/2/2016,SEFL,Outer,BC3,BC32,BC32-100-085,1,Juv,UNKS,UNKS,3
2016,2016,Dec,12/2/2016,SEFL,Outer,BC3,BC32,BC32-100-132,1,Juv,SMIC,SMIC,9
2016,2016,Dec,12/2/2016,SEFL,Outer,BC3,BC32,BC32-100-162,0,NA,NA,NA,NA
2016,2016,Dec,12/2/2016,SEFL,Outer,BC3,BC32,BC32-500-013,1,Juv,MCAV,MCAV,35
2016,2016,Dec,12/2/2016,SEFL,Outer,BC3,BC32,BC32-500-054,0,NA,NA,NA,NA
2016,2016,Dec,12/2/2016,SEFL,Outer,BC3,BC32,BC32-500-117,0,NA,NA,NA,NA
2016,2016,Dec,12/2/2016,SEFL,Outer,BC3,BC32,BC32-500-197,0,NA,NA,NA,NA
2016,2016,Dec,12/2/2016,SEFL,Outer,BC3,BC33,BC33-100-031,0,NA,NA,NA,NA
2016,2016,Dec,12/2/2016,SEFL,Outer,BC3,BC33,BC33-100-098,0,NA,NA,NA,NA
2016,2016,Dec,12/2/2016,SEFL,Outer,BC3,BC33,BC33-100-134,1,Iso,SMIC,SMIC,11
2016,2016,Dec,12/2/2016,SEFL,Outer,BC3,BC33,BC33-100-134,1,Iso,SMIC,SMIC,12
2016,2016,Dec,12/2/2016,SEFL,Outer,BC3,BC33,BC33-100-134,1,Iso,SMIC,SMIC,23
2016,2016,Dec,12/2/2016,SEFL,Outer,BC3,BC33,BC33-100-134,1,Iso,SMIC,SMIC,6
2016,2016,Dec,12/2/2016,SEFL,Outer,BC3,BC33,BC33-100-188,1,Juv,PAST,PORI,22
2016,2016,Dec,12/2/2016,SEFL,Outer,BC3,BC33,BC33-500-019,1,Juv,SMIC,SMIC,23
2016,2016,Dec,12/2/2016,SEFL,Outer,BC3,BC33,BC33-500-074,1,Juv,SMIC,SMIC,7
2016,2016,Dec,12/2/2016,SEFL,Outer,BC3,BC33,BC33-500-129,0,NA,NA,NA,NA
2016,2016,Dec,12/2/2016,SEFL,Outer,BC3,BC33,BC33-500-189,1,Juv,MCAV,MCAV,17
2016,2016,Dec,12/2/2016,SEFL,Outer,BC3,BC33,BC33-500-189,1,Juv,SMIC,SMIC,13
2016,2016,Dec,12/2/2016,SEFL,Outer,BC3,BC34,BC34-100-041,1,Juv,SSID,SIDE,10
2016,2016,Dec,12/2/2016,SEFL,Outer,BC3,BC34,BC34-100-041,1,Juv,MMEA,MMEA,6
2016,2016,Dec,12/2/2016,SEFL,Outer,BC3,BC34,BC34-100-109,1,Iso,SMIC,SMIC,2
2016,2016,Dec,12/2/2016,SEFL,Outer,BC3,BC34,BC34-100-109,1,Juv,SMIC,SMIC,9
2016,2016,Dec,12/2/2016,SEFL,Outer,BC3,BC34,BC34-100-109,1,Juv,SMIC,SMIC,3
2016,2016,Dec,12/2/2016,SEFL,Outer,BC3,BC34,BC34-100-182,1,Juv,SMIC,SMIC,20
2016,2016,Dec,12/2/2016,SEFL,Outer,BC3,BC34,BC34-100-182,1,Juv,SMIC,SMIC,16
2016,2016,Dec,12/2/2016,SEFL,Outer,BC3,BC34,BC34-100-182,1,Juv,UNKS,UNKS,3
2016,2016,Dec,12/2/2016,SEFL,Outer,BC3,BC34,BC34-100-220,0,NA,NA,NA,NA
2016,2016,Dec,12/2/2016,SEFL,Outer,BC3,BC34,BC34-500-035,0,NA,NA,NA,NA
2016,2016,Dec,12/2/2016,SEFL,Outer,BC3,BC34,BC34-500-086,0,NA,NA,NA,NA
2016,2016,Dec,12/2/2016,SEFL,Outer,BC3,BC34,BC34-500-156,1,Juv,DSTO,DSTO,13
2016,2016,Dec,12/2/2016,SEFL,Outer,BC3,BC34,BC34-500-156,1,Juv,SSID,SIDE,4
2016,2016,Dec,12/2/2016,SEFL,Outer,BC3,BC34,BC34-500-156,1,Juv,SMIC,SMIC,9
2016,2016,Dec,12/2/2016,SEFL,Outer,BC3,BC34,BC34-500-206,0,NA,NA,NA,NA
2016,2016,Nov,11/11/2016,SEFL,Inner,BC4,BC41,BC41-100-023,1,Juv,MCAV,MCAV,13
2016,2016,Nov,11/11/2016,SEFL,Inner,BC4,BC41,BC41-100-076,1,Juv,PAST,PORI,36
2016,2016,Nov,11/11/2016,SEFL,Inner,BC4,BC41,BC41-100-093,1,Juv,PAST,PORI,5
2016,2016,Nov,11/11/2016,SEFL,Inner,BC4,BC41,BC41-100-139,1,Juv,PAST,PORI,29
2016,2016,Nov,11/11/2016,SEFL,Inner,BC4,BC41,BC41-100-139,1,Juv,PAST,PORI,15
2016,2016,Nov,11/11/2016,SEFL,Inner,BC4,BC41,BC41-100-139,1,Juv,PAST,PORI,7
2016,2016,Nov,11/11/2016,SEFL,Inner,BC4,BC41,BC41-100-139,1,Juv,SMIC,SMIC,16
2016,2016,Nov,11/11/2016,SEFL,Inner,BC4,BC41,BC41-500-035,1,Juv,PPOR,PORI,39
2016,2016,Nov,11/11/2016,SEFL,Inner,BC4,BC41,BC41-500-106,1,Juv,MCAV,MCAV,25
2016,2016,Nov,11/11/2016,SEFL,Inner,BC4,BC41,BC41-500-106,1,Juv,PAST,PORI,20
2016,2016,Nov,11/11/2016,SEFL,Inner,BC4,BC41,BC41-500-106,1,Juv,PAST,PORI,5
2016,2016,Nov,11/11/2016,SEFL,Inner,BC4,BC41,BC41-500-106,1,Juv,PPOR,PORI,27
2016,2016,Nov,11/11/2016,SEFL,Inner,BC4,BC41,BC41-500-126,1,Juv,PPOR,PORI,37
2016,2016,Nov,11/11/2016,SEFL,Inner,BC4,BC41,BC41-500-211,1,Juv,DSTO,DSTO,4
2016,2016,Nov,11/11/2016,SEFL,Inner,BC4,BC41,BC41-500-211,1,Juv,MCAV,MCAV,2
2016,2016,Nov,11/11/2016,SEFL,Inner,BC4,BC41,BC41-500-211,1,Juv,PAST,PORI,4
2016,2016,Nov,11/11/2016,SEFL,Inner,BC4,BC41,BC41-500-211,1,Juv,PAST,PORI,16
2016,2016,Nov,11/11/2016,SEFL,Inner,BC4,BC41,BC41-500-211,1,Juv,PPOR,PORI,11
2016,2016,Nov,11/11/2016,SEFL,Inner,BC4,BC41,BC41-500-211,1,Juv,PPOR,PORI,13
2016,2016,Nov,11/11/2016,SEFL,Inner,BC4,BC42,BC42-100-017,1,Juv,AFRA,AGAR,32
2016,2016,Nov,11/11/2016,SEFL,Inner,BC4,BC42,BC42-100-093,1,Juv,PAST,PORI,29
2016,2016,Nov,11/11/2016,SEFL,Inner,BC4,BC42,BC42-100-093,1,Juv,PAST,PORI,30
2016,2016,Nov,11/11/2016,SEFL,Inner,BC4,BC42,BC42-100-119,1,Iso,PAST,PORI,7
2016,2016,Nov,11/11/2016,SEFL,Inner,BC4,BC42,BC42-100-119,1,Iso,PAST,PORI,25
2016,2016,Nov,11/11/2016,SEFL,Inner,BC4,BC42,BC42-100-119,1,Iso,PAST,PORI,33
2016,2016,Nov,11/11/2016,SEFL,Inner,BC4,BC42,BC42-100-119,1,Iso,PAST,PORI,18
2016,2016,Nov,11/11/2016,SEFL,Inner,BC4,BC42,BC42-100-119,1,Juv,PAST,PORI,12
2016,2016,Nov,11/11/2016,SEFL,Inner,BC4,BC42,BC42-100-119,1,Juv,SSID,SIDE,11
2016,2016,Nov,11/11/2016,SEFL,Inner,BC4,BC42,BC42-100-119,1,Juv,SSID,SIDE,3
2016,2016,Nov,11/11/2016,SEFL,Inner,BC4,BC42,BC42-100-119,1,Juv,SSID,SIDE,4
2016,2016,Nov,11/11/2016,SEFL,Inner,BC4,BC42,BC42-100-151,1,Juv,SSID,SIDE,31
2016,2016,Nov,11/11/2016,SEFL,Inner,BC4,BC42,BC42-500-020,1,Juv,PAST,PORI,20
2016,2016,Nov,11/11/2016,SEFL,Inner,BC4,BC42,BC42-500-020,1,Juv,PAST,PORI,22
2016,2016,Nov,11/11/2016,SEFL,Inner,BC4,BC42,BC42-500-020,1,Juv,PAST,PORI,20
2016,2016,Nov,11/11/2016,SEFL,Inner,BC4,BC42,BC42-500-020,1,Juv,PAST,PORI,15
2016,2016,Nov,11/11/2016,SEFL,Inner,BC4,BC42,BC42-500-020,1,Uns,PAST,PORI,6
2016,2016,Nov,11/11/2016,SEFL,Inner,BC4,BC42,BC42-500-020,1,Juv,PPOR,PORI,31
2016,2016,Nov,11/11/2016,SEFL,Inner,BC4,BC42,BC42-500-083,1,Juv,PPOR,PORI,16
2016,2016,Nov,11/11/2016,SEFL,Inner,BC4,BC42,BC42-500-083,1,Juv,PPOR,PORI,6
2016,2016,Nov,11/11/2016,SEFL,Inner,BC4,BC42,BC42-500-108,1,Juv,PPOR,PORI,15
2016,2016,Nov,11/11/2016,SEFL,Inner,BC4,BC42,BC42-500-155,1,Juv,PPOR,PORI,11
2016,2016,Nov,11/11/2016,SEFL,Inner,BC4,BC42,BC42-500-155,1,Juv,PPOR,PORI,38
2016,2016,Nov,11/11/2016,SEFL,Inner,BC4,BC42,BC42-500-155,1,Juv,SSID,SIDE,3
2016,2016,Nov,11/11/2016,SEFL,Inner,BC4,BC43,BC43-100-117,1,Juv,PAST,PORI,6
2016,2016,Nov,11/11/2016,SEFL,Inner,BC4,BC43,BC43-100-117,1,Juv,SSID,SIDE,23
2016,2016,Nov,11/11/2016,SEFL,Inner,BC4,BC43,BC43-100-117,1,Juv,SSID,SIDE,17
2016,2016,Nov,11/11/2016,SEFL,Inner,BC4,BC43,BC43-100-132,1,Juv,MCAV,MCAV,15
2016,2016,Nov,11/11/2016,SEFL,Inner,BC4,BC43,BC43-100-132,1,Juv,MCAV,MCAV,13
2016,2016,Nov,11/11/2016,SEFL,Inner,BC4,BC43,BC43-100-132,1,Juv,PAST,PORI,30
2016,2016,Nov,11/11/2016,SEFL,Inner,BC4,BC43,BC43-100-132,1,Juv,PAST,PORI,5
2016,2016,Nov,11/11/2016,SEFL,Inner,BC4,BC43,BC43-100-132,1,Juv,PPOR,PORI,7
2016,2016,Nov,11/11/2016,SEFL,Inner,BC4,BC43,BC43-100-163,1,Juv,MCAV,MCAV,7
2016,2016,Nov,11/11/2016,SEFL,Inner,BC4,BC43,BC43-100-163,1,Juv,PPOR,PORI,38
2016,2016,Nov,11/11/2016,SEFL,Inner,BC4,BC43,BC43-100-199,1,Juv,PAST,PORI,29
2016,2016,Nov,11/11/2016,SEFL,Inner,BC4,BC43,BC43-100-199,1,Juv,PAST,PORI,39
2016,2016,Nov,11/11/2016,SEFL,Inner,BC4,BC43,BC43-100-199,1,Juv,PAST,PORI,15
2016,2016,Nov,11/11/2016,SEFL,Inner,BC4,BC43,BC43-100-199,1,Juv,SSID,SIDE,10
2016,2016,Nov,11/11/2016,SEFL,Inner,BC4,BC43,BC43-500-042,1,Juv,PAST,PORI,9
2016,2016,Nov,11/11/2016,SEFL,Inner,BC4,BC43,BC43-500-042,1,Juv,PAST,PORI,8
2016,2016,Nov,11/11/2016,SEFL,Inner,BC4,BC43,BC43-500-042,1,Juv,SMIC,SMIC,31
2016,2016,Nov,11/11/2016,SEFL,Inner,BC4,BC43,BC43-500-061,1,Juv,MCAV,MCAV,13
2016,2016,Nov,11/11/2016,SEFL,Inner,BC4,BC43,BC43-500-061,1,Juv,PAST,PORI,4
2016,2016,Nov,11/11/2016,SEFL,Inner,BC4,BC43,BC43-500-061,1,Juv,PAST,PORI,30
2016,2016,Nov,11/11/2016,SEFL,Inner,BC4,BC43,BC43-500-061,1,Juv,PPOR,PORI,11
2016,2016,Nov,11/11/2016,SEFL,Inner,BC4,BC43,BC43-500-061,1,Juv,PPOR,PORI,5
2016,2016,Nov,11/11/2016,SEFL,Inner,BC4,BC43,BC43-500-091,1,Juv,MCAV,MCAV,6
2016,2016,Nov,11/11/2016,SEFL,Inner,BC4,BC43,BC43-500-091,1,Juv,PPOR,PORI,20
2016,2016,Nov,11/11/2016,SEFL,Inner,BC4,BC43,BC43-500-176,1,Juv,SSID,SIDE,7
2016,2016,Nov,11/11/2016,SEFL,Inner,BC4,BC44,BC44-100-061,1,Juv,PAST,PORI,6
2016,2016,Nov,11/11/2016,SEFL,Inner,BC4,BC44,BC44-100-130,1,Juv,MCAV,MCAV,6
2016,2016,Nov,11/11/2016,SEFL,Inner,BC4,BC44,BC44-100-130,1,Juv,PAST,PORI,8
2016,2016,Nov,11/11/2016,SEFL,Inner,BC4,BC44,BC44-100-130,1,Juv,PAST,PORI,11
2016,2016,Nov,11/11/2016,SEFL,Inner,BC4,BC44,BC44-100-130,1,Uns,PPOR,PORI,11
2016,2016,Nov,11/11/2016,SEFL,Inner,BC4,BC44,BC44-100-130,1,Uns,PPOR,PORI,24
2016,2016,Nov,11/11/2016,SEFL,Inner,BC4,BC44,BC44-100-130,1,Juv,PPOR,PORI,5
2016,2016,Nov,11/11/2016,SEFL,Inner,BC4,BC44,BC44-100-130,1,Juv,SSID,SIDE,3
2016,2016,Nov,11/11/2016,SEFL,Inner,BC4,BC44,BC44-100-130,1,Juv,SSID,SIDE,11
2016,2016,Nov,11/11/2016,SEFL,Inner,BC4,BC44,BC44-100-130,1,Juv,SMIC,SMIC,23
2016,2016,Nov,11/11/2016,SEFL,Inner,BC4,BC44,BC44-100-175,1,Juv,MCAV,MCAV,6
2016,2016,Nov,11/11/2016,SEFL,Inner,BC4,BC44,BC44-100-175,1,Juv,PAST,PORI,18
2016,2016,Nov,11/11/2016,SEFL,Inner,BC4,BC44,BC44-100-175,1,Juv,PAST,PORI,7
2016,2016,Nov,11/11/2016,SEFL,Inner,BC4,BC44,BC44-100-198,1,Juv,PAST,PORI,37
2016,2016,Nov,11/11/2016,SEFL,Inner,BC4,BC44,BC44-100-198,1,Juv,PPOR,PORI,13
2016,2016,Nov,11/11/2016,SEFL,Inner,BC4,BC44,BC44-100-198,1,Juv,PPOR,PORI,12
2016,2016,Nov,11/11/2016,SEFL,Inner,BC4,BC44,BC44-500-074,1,Juv,MCAV,MCAV,25
2016,2016,Nov,11/11/2016,SEFL,Inner,BC4,BC44,BC44-500-074,1,Juv,PPOR,PORI,26
2016,2016,Nov,11/11/2016,SEFL,Inner,BC4,BC44,BC44-500-074,1,Juv,SSID,SIDE,4
2016,2016,Nov,11/11/2016,SEFL,Inner,BC4,BC44,BC44-500-112,1,Juv,PAST,PORI,35
2016,2016,Nov,11/11/2016,SEFL,Inner,BC4,BC44,BC44-500-112,1,Juv,PAST,PORI,34
2016,2016,Nov,11/11/2016,SEFL,Inner,BC4,BC44,BC44-500-112,1,Juv,PPOR,PORI,15
2016,2016,Nov,11/11/2016,SEFL,Inner,BC4,BC44,BC44-500-112,1,Juv,PPOR,PORI,24
2016,2016,Nov,11/11/2016,SEFL,Inner,BC4,BC44,BC44-500-112,1,Juv,PPOR,PORI,9
2016,2016,Nov,11/11/2016,SEFL,Inner,BC4,BC44,BC44-500-147,1,Juv,PAST,PORI,9
2016,2016,Nov,11/11/2016,SEFL,Inner,BC4,BC44,BC44-500-170,1,Juv,MCAV,MCAV,13
2016,2016,Nov,11/11/2016,SEFL,Inner,BC4,BC44,BC44-500-170,1,Juv,PAST,PORI,14
2016,2016,Nov,11/11/2016,SEFL,Inner,BC4,BC44,BC44-500-170,1,Juv,PAST,PORI,4
2016,2016,Nov,11/11/2016,SEFL,Inner,BC4,BC44,BC44-500-170,1,Juv,PPOR,PORI,9
2016,2016,Nov,11/9/2016,SEFL,Inner,DC1,DC11,DC11-100-048,1,Juv,SSID,SIDE,7
2016,2016,Nov,11/9/2016,SEFL,Inner,DC1,DC11,DC11-100-059,1,Juv,DSTR,DIPL,31
2016,2016,Nov,11/9/2016,SEFL,Inner,DC1,DC11,DC11-100-059,1,Juv,MCAV,MCAV,8
2016,2016,Nov,11/9/2016,SEFL,Inner,DC1,DC11,DC11-100-059,1,Juv,SIDE,SIDE,15
2016,2016,Nov,11/9/2016,SEFL,Inner,DC1,DC11,DC11-100-059,1,Juv,SSID,SIDE,1
2016,2016,Nov,11/9/2016,SEFL,Inner,DC1,DC11,DC11-100-059,1,Juv,SSID,SIDE,4
2016,2016,Nov,11/9/2016,SEFL,Inner,DC1,DC11,DC11-100-059,1,Juv,SSID,SIDE,4
2016,2016,Nov,11/9/2016,SEFL,Inner,DC1,DC11,DC11-100-059,1,Juv,SIDE,SIDE,7
2016,2016,Nov,11/9/2016,SEFL,Inner,DC1,DC11,DC11-100-059,1,Juv,SSID,SIDE,2
2016,2016,Nov,11/9/2016,SEFL,Inner,DC1,DC11,DC11-100-082,1,Juv,AAGA,AGAR,21
2016,2016,Nov,11/9/2016,SEFL,Inner,DC1,DC11,DC11-100-171,1,Juv,PAST,PORI,19
2016,2016,Nov,11/9/2016,SEFL,Inner,DC1,DC11,DC11-500-045,1,Juv,SIDE,SIDE,10
2016,2016,Nov,11/9/2016,SEFL,Inner,DC1,DC11,DC11-500-045,1,Juv,SSID,SIDE,10
2016,2016,Nov,11/9/2016,SEFL,Inner,DC1,DC11,DC11-500-106,1,Juv,PAST,PORI,9
2016,2016,Nov,11/9/2016,SEFL,Inner,DC1,DC11,DC11-500-138,1,Juv,PAST,PORI,7
2016,2016,Nov,11/9/2016,SEFL,Inner,DC1,DC11,DC11-500-138,1,Juv,PPOR,PORI,3
2016,2016,Nov,11/9/2016,SEFL,Inner,DC1,DC11,DC11-500-138,1,Juv,SIDE,SIDE,16
2016,2016,Nov,11/9/2016,SEFL,Inner,DC1,DC11,DC11-500-138,1,Juv,SSID,SIDE,10
2016,2016,Nov,11/9/2016,SEFL,Inner,DC1,DC11,DC11-500-204,0,NA,NA,NA,NA
2016,2016,Nov,11/9/2016,SEFL,Inner,DC1,DC12,DC12-100-027,0,NA,NA,NA,NA
2016,2016,Nov,11/9/2016,SEFL,Inner,DC1,DC12,DC12-100-087,1,Juv,SSID,SIDE,22
2016,2016,Nov,11/9/2016,SEFL,Inner,DC1,DC12,DC12-100-166,1,Juv,PAST,PORI,31
2016,2016,Nov,11/9/2016,SEFL,Inner,DC1,DC12,DC12-100-211,1,Juv,SSID,SIDE,20
2016,2016,Nov,11/9/2016,SEFL,Inner,DC1,DC12,DC12-100-211,1,Juv,SSID,SIDE,18
2016,2016,Nov,11/9/2016,SEFL,Inner,DC1,DC12,DC12-100-211,1,Juv,SSID,SIDE,6
2016,2016,Nov,11/9/2016,SEFL,Inner,DC1,DC12,DC12-100-211,1,Juv,SSID,SIDE,11
2016,2016,Nov,11/9/2016,SEFL,Inner,DC1,DC12,DC12-500-042,1,Juv,SSID,SIDE,3
2016,2016,Nov,11/9/2016,SEFL,Inner,DC1,DC12,DC12-500-071,1,Juv,SSID,SIDE,6
2016,2016,Nov,11/9/2016,SEFL,Inner,DC1,DC12,DC12-500-166,1,Juv,SSID,SIDE,17
2016,2016,Nov,11/9/2016,SEFL,Inner,DC1,DC12,DC12-500-192,1,Juv,PAST,PORI,21
2016,2016,Nov,11/9/2016,SEFL,Inner,DC1,DC13,DC13-100-083,0,NA,NA,NA,NA
2016,2016,Nov,11/9/2016,SEFL,Inner,DC1,DC13,DC13-100-091,1,Juv,AAGA,AGAR,27
2016,2016,Nov,11/9/2016,SEFL,Inner,DC1,DC13,DC13-100-091,1,Juv,SSID,SIDE,3
2016,2016,Nov,11/9/2016,SEFL,Inner,DC1,DC13,DC13-100-091,1,Juv,SSID,SIDE,14
2016,2016,Nov,11/9/2016,SEFL,Inner,DC1,DC13,DC13-100-091,1,Juv,SSID,SIDE,24
2016,2016,Nov,11/9/2016,SEFL,Inner,DC1,DC13,DC13-100-158,0,NA,NA,NA,NA
2016,2016,Nov,11/9/2016,SEFL,Inner,DC1,DC13,DC13-100-186,1,Juv,MCAV,MCAV,13
2016,2016,Nov,11/9/2016,SEFL,Inner,DC1,DC13,DC13-100-186,1,Juv,MMEA,MMEA,7
2016,2016,Nov,11/9/2016,SEFL,Inner,DC1,DC13,DC13-100-186,1,Juv,PAST,PORI,22
2016,2016,Nov,11/9/2016,SEFL,Inner,DC1,DC13,DC13-500-036,1,Juv,PAST,PORI,36
2016,2016,Nov,11/9/2016,SEFL,Inner,DC1,DC13,DC13-500-036,1,Juv,SSID,SIDE,19
2016,2016,Nov,11/9/2016,SEFL,Inner,DC1,DC13,DC13-500-092,1,Juv,PAST,PORI,29
2016,2016,Nov,11/9/2016,SEFL,Inner,DC1,DC13,DC13-500-128,1,Iso,PAST,PORI,30
2016,2016,Nov,11/9/2016,SEFL,Inner,DC1,DC13,DC13-500-128,1,Iso,PAST,PORI,17
2016,2016,Nov,11/9/2016,SEFL,Inner,DC1,DC13,DC13-500-128,1,Iso,PAST,PORI,24
2016,2016,Nov,11/9/2016,SEFL,Inner,DC1,DC13,DC13-500-128,1,Juv,PAST,PORI,4
2016,2016,Nov,11/9/2016,SEFL,Inner,DC1,DC13,DC13-500-192,1,Juv,MCAV,MCAV,8
2016,2016,Nov,11/9/2016,SEFL,Inner,DC1,DC13,DC13-500-192,1,Juv,PAST,PORI,19
2016,2016,Nov,11/9/2016,SEFL,Inner,DC1,DC13,DC13-500-192,1,Juv,PAST,PORI,32
2016,2016,Nov,11/9/2016,SEFL,Inner,DC1,DC13,DC13-500-192,1,Juv,PAST,PORI,4
2016,2016,Nov,11/9/2016,SEFL,Inner,DC1,DC13,DC13-500-192,1,Uns,PAST,PORI,2
2016,2016,Nov,11/9/2016,SEFL,Inner,DC1,DC13,DC13-500-192,1,Iso,SSID,SIDE,14
2016,2016,Nov,11/9/2016,SEFL,Inner,DC1,DC13,DC13-500-192,1,Juv,SSID,SIDE,10
2016,2016,Nov,11/9/2016,SEFL,Inner,DC1,DC14,DC14-100-036,1,Juv,PAST,PORI,10
2016,2016,Nov,11/9/2016,SEFL,Inner,DC1,DC14,DC14-100-081,1,Juv,MCAV,MCAV,5
2016,2016,Nov,11/9/2016,SEFL,Inner,DC1,DC14,DC14-100-081,1,Juv,SSID,SIDE,3
2016,2016,Nov,11/9/2016,SEFL,Inner,DC1,DC14,DC14-100-144,1,Juv,MCAV,MCAV,18
2016,2016,Nov,11/9/2016,SEFL,Inner,DC1,DC14,DC14-100-144,1,Juv,PAST,PORI,24
2016,2016,Nov,11/9/2016,SEFL,Inner,DC1,DC14,DC14-100-144,1,Juv,SSID,SIDE,11
2016,2016,Nov,11/9/2016,SEFL,Inner,DC1,DC14,DC14-100-144,1,Juv,SSID,SIDE,3
2016,2016,Nov,11/9/2016,SEFL,Inner,DC1,DC14,DC14-100-144,1,Juv,SSID,SIDE,12
2016,2016,Nov,11/9/2016,SEFL,Inner,DC1,DC14,DC14-100-144,1,Juv,SSID,SIDE,19
2016,2016,Nov,11/9/2016,SEFL,Inner,DC1,DC14,DC14-100-184,1,Juv,DSTR,DIPL,30
2016,2016,Nov,11/9/2016,SEFL,Inner,DC1,DC14,DC14-100-184,1,Juv,PAST,PORI,37
2016,2016,Nov,11/9/2016,SEFL,Inner,DC1,DC14,DC14-500-022,1,Juv,DSTO,DSTO,18
2016,2016,Nov,11/9/2016,SEFL,Inner,DC1,DC14,DC14-500-101,1,Juv,PAST,PORI,9
2016,2016,Nov,11/9/2016,SEFL,Inner,DC1,DC14,DC14-500-178,1,Juv,SSID,SIDE,32
2016,2016,Nov,11/9/2016,SEFL,Inner,DC1,DC14,DC14-500-178,1,Juv,SSID,SIDE,5
2016,2016,Nov,11/9/2016,SEFL,Inner,DC1,DC14,DC14-500-178,1,Juv,SSID,SIDE,9
2016,2016,Nov,11/9/2016,SEFL,Inner,DC1,DC14,DC14-500-178,1,Juv,SSID,SIDE,3
2016,2016,Nov,11/9/2016,SEFL,Inner,DC1,DC14,DC14-500-178,1,Juv,SSID,SIDE,2
2016,2016,Nov,11/9/2016,SEFL,Inner,DC1,DC14,DC14-500-205,1,Juv,MCAV,MCAV,14
2016,2016,Nov,11/9/2016,SEFL,Inner,DC1,DC14,DC14-500-205,1,Juv,SBOU,SOLE,18
2016,2016,Nov,11/10/2016,SEFL,Middle,DC2,DC21,DC21-100-020,1,Juv,MCAV,MCAV,5
2016,2016,Nov,11/10/2016,SEFL,Middle,DC2,DC21,DC21-100-020,1,Juv,SSID,SIDE,5
2016,2016,Nov,11/10/2016,SEFL,Middle,DC2,DC21,DC21-100-087,1,Juv,SSID,SIDE,10
2016,2016,Nov,11/10/2016,SEFL,Middle,DC2,DC21,DC21-100-122,1,Juv,SSID,SIDE,36
2016,2016,Nov,11/10/2016,SEFL,Middle,DC2,DC21,DC21-100-170,1,Juv,MCAV,MCAV,7
2016,2016,Nov,11/10/2016,SEFL,Middle,DC2,DC21,DC21-100-170,1,Juv,PAST,PORI,7
2016,2016,Nov,11/10/2016,SEFL,Middle,DC2,DC21,DC21-100-170,1,Juv,SSID,SIDE,4
2016,2016,Nov,11/10/2016,SEFL,Middle,DC2,DC21,DC21-100-170,1,Juv,SSID,SIDE,10
2016,2016,Nov,11/10/2016,SEFL,Middle,DC2,DC21,DC21-100-170,1,Juv,SSID,SIDE,3
2016,2016,Nov,11/10/2016,SEFL,Middle,DC2,DC21,DC21-100-170,1,Juv,SMIC,SMIC,2
2016,2016,Nov,11/10/2016,SEFL,Middle,DC2,DC21,DC21-500-036,1,Juv,SMIC,SMIC,32
2016,2016,Nov,11/10/2016,SEFL,Middle,DC2,DC21,DC21-500-036,1,Juv,UNKS,UNKS,9
2016,2016,Nov,11/10/2016,SEFL,Middle,DC2,DC21,DC21-500-066,0,NA,NA,NA,NA
2016,2016,Nov,11/10/2016,SEFL,Middle,DC2,DC21,DC21-500-084,1,Juv,AFRA,AGAR,16
2016,2016,Nov,11/10/2016,SEFL,Middle,DC2,DC21,DC21-500-084,1,Juv,MUSS,MUSS,12
2016,2016,Nov,11/10/2016,SEFL,Middle,DC2,DC21,DC21-500-084,1,Juv,PAME,PAME,4
2016,2016,Nov,11/10/2016,SEFL,Middle,DC2,DC21,DC21-500-106,1,Juv,MCAV,MCAV,14
2016,2016,Nov,11/10/2016,SEFL,Middle,DC2,DC21,DC21-500-106,1,Juv,SSID,SIDE,3
2016,2016,Nov,11/10/2016,SEFL,Middle,DC2,DC21,DC21-500-106,1,Juv,SMIC,SMIC,4
2016,2016,Nov,11/10/2016,SEFL,Middle,DC2,DC22,DC22-100-040,1,Juv,SSID,SIDE,2
2016,2016,Nov,11/10/2016,SEFL,Middle,DC2,DC22,DC22-100-040,1,Juv,SMIC,SMIC,5
2016,2016,Nov,11/10/2016,SEFL,Middle,DC2,DC22,DC22-100-040,1,Juv,UNKS,UNKS,1
2016,2016,Nov,11/10/2016,SEFL,Middle,DC2,DC22,DC22-100-094,0,NA,NA,NA,NA
2016,2016,Nov,11/10/2016,SEFL,Middle,DC2,DC22,DC22-100-157,1,Juv,DSTO,DSTO,5
2016,2016,Nov,11/10/2016,SEFL,Middle,DC2,DC22,DC22-100-157,1,Juv,SSID,SIDE,7
2016,2016,Nov,11/10/2016,SEFL,Middle,DC2,DC22,DC22-100-157,1,Juv,SMIC,SMIC,29
2016,2016,Nov,11/10/2016,SEFL,Middle,DC2,DC22,DC22-100-193,1,Juv,MMEA,MMEA,9
2016,2016,Nov,11/10/2016,SEFL,Middle,DC2,DC22,DC22-100-193,1,Juv,SSID,SIDE,5
2016,2016,Nov,11/10/2016,SEFL,Middle,DC2,DC22,DC22-500-002,1,Juv,SSID,SIDE,28
2016,2016,Nov,11/10/2016,SEFL,Middle,DC2,DC22,DC22-500-002,1,Juv,SSID,SIDE,8
2016,2016,Nov,11/10/2016,SEFL,Middle,DC2,DC22,DC22-500-002,1,Juv,SMIC,SMIC,22
2016,2016,Nov,11/10/2016,SEFL,Middle,DC2,DC22,DC22-500-078,1,Juv,MUSS,MUSS,21
2016,2016,Nov,11/10/2016,SEFL,Middle,DC2,DC22,DC22-500-078,1,Juv,SSID,SIDE,9
2016,2016,Nov,11/10/2016,SEFL,Middle,DC2,DC22,DC22-500-078,1,Juv,SMIC,SMIC,24
2016,2016,Nov,11/10/2016,SEFL,Middle,DC2,DC22,DC22-500-109,1,Juv,SSID,SIDE,9
2016,2016,Nov,11/10/2016,SEFL,Middle,DC2,DC22,DC22-500-134,1,Juv,SSID,SIDE,23
2016,2016,Nov,11/10/2016,SEFL,Middle,DC2,DC23,DC23-100-037,0,NA,NA,NA,NA
2016,2016,Nov,11/10/2016,SEFL,Middle,DC2,DC23,DC23-100-049,1,Juv,SRAD,SIDE,31
2016,2016,Nov,11/10/2016,SEFL,Middle,DC2,DC23,DC23-100-049,1,Juv,SSID,SIDE,16
2016,2016,Nov,11/10/2016,SEFL,Middle,DC2,DC23,DC23-100-144,1,Juv,MCAV,MCAV,20
2016,2016,Nov,11/10/2016,SEFL,Middle,DC2,DC23,DC23-100-169,1,Juv,SSID,SIDE,25
2016,2016,Nov,11/10/2016,SEFL,Middle,DC2,DC23,DC23-500-007,1,Juv,SSID,SIDE,34
2016,2016,Nov,11/10/2016,SEFL,Middle,DC2,DC23,DC23-500-007,1,Juv,SSID,SIDE,12
2016,2016,Nov,11/10/2016,SEFL,Middle,DC2,DC23,DC23-500-007,1,Juv,SSID,SIDE,3
2016,2016,Nov,11/10/2016,SEFL,Middle,DC2,DC23,DC23-500-007,1,Juv,SSID,SIDE,26
2016,2016,Nov,11/10/2016,SEFL,Middle,DC2,DC23,DC23-500-034,1,Juv,MCAV,MCAV,28
2016,2016,Nov,11/10/2016,SEFL,Middle,DC2,DC23,DC23-500-034,1,Juv,SMIC,SMIC,14
2016,2016,Nov,11/10/2016,SEFL,Middle,DC2,DC23,DC23-500-034,1,Juv,PAME,PAME,4
2016,2016,Dec,12/7/2016,SEFL,Middle,DC2,DC23,DC23-500-125,1,Iso,MCAV,MCAV,9
2016,2016,Dec,12/7/2016,SEFL,Middle,DC2,DC23,DC23-500-125,1,Juv,MCAV,MCAV,8
2016,2016,Dec,12/7/2016,SEFL,Middle,DC2,DC23,DC23-500-125,1,Juv,SSID,SIDE,19
2016,2016,Dec,12/7/2016,SEFL,Middle,DC2,DC23,DC23-500-125,1,Juv,SSID,SIDE,8
2016,2016,Dec,12/7/2016,SEFL,Middle,DC2,DC23,DC23-500-125,1,Juv,SMIC,SMIC,12
2016,2016,Dec,12/7/2016,SEFL,Middle,DC2,DC23,DC23-500-172,1,Juv,MCAV,MCAV,30
2016,2016,Dec,12/7/2016,SEFL,Middle,DC2,DC23,DC23-500-172,1,Iso,SSID,SIDE,4
2016,2016,Dec,12/7/2016,SEFL,Middle,DC2,DC23,DC23-500-172,1,Iso,SSID,SIDE,8
2016,2016,Dec,12/7/2016,SEFL,Middle,DC2,DC23,DC23-500-172,1,Uns,SMIC,SMIC,22
2016,2016,Dec,12/7/2016,SEFL,Middle,DC2,DC23,DC23-500-172,1,Uns,SMIC,SMIC,14
2016,2016,Dec,12/7/2016,SEFL,Middle,DC2,DC24,DC24-100-067,0,NA,NA,NA,NA
2016,2016,Dec,12/7/2016,SEFL,Middle,DC2,DC24,DC24-100-089,1,Juv,SMIC,SMIC,39
2016,2016,Dec,12/7/2016,SEFL,Middle,DC2,DC24,DC24-100-114,1,Juv,AAGA,AGAR,13
2016,2016,Dec,12/7/2016,SEFL,Middle,DC2,DC24,DC24-100-191,0,NA,NA,NA,NA
2016,2016,Dec,12/7/2016,SEFL,Middle,DC2,DC24,DC24-500-045,1,Juv,DSTO,DSTO,8
2016,2016,Dec,12/7/2016,SEFL,Middle,DC2,DC24,DC24-500-045,1,Juv,SSID,SIDE,12
2016,2016,Dec,12/7/2016,SEFL,Middle,DC2,DC24,DC24-500-120,1,Juv,MCAV,MCAV,5
2016,2016,Dec,12/7/2016,SEFL,Middle,DC2,DC24,DC24-500-154,0,NA,NA,NA,NA
2016,2016,Dec,12/7/2016,SEFL,Middle,DC2,DC24,DC24-500-223,1,Juv,DSTO,DSTO,14
2016,2016,Dec,12/7/2016,SEFL,Middle,DC2,DC24,DC24-500-223,1,Juv,SSID,SIDE,3
2016,2016,Dec,12/7/2016,SEFL,Middle,DC2,DC24,DC24-500-223,1,Juv,SMIC,SMIC,37
2016,2016,Dec,12/7/2016,SEFL,Middle,DC2,DC24,DC24-500-223,1,Juv,UNKS,UNKS,9
2016,2016,Dec,12/7/2016,SEFL,Outer,DC3,DC31,DC31-100-097,0,NA,NA,NA,NA
2016,2016,Dec,12/7/2016,SEFL,Outer,DC3,DC31,DC31-100-116,0,NA,NA,NA,NA
2016,2016,Dec,12/7/2016,SEFL,Outer,DC3,DC31,DC31-100-141,1,Juv,SSID,SIDE,4
2016,2016,Dec,12/7/2016,SEFL,Outer,DC3,DC31,DC31-100-199,1,Juv,SSID,SIDE,25
2016,2016,Dec,12/7/2016,SEFL,Outer,DC3,DC31,DC31-100-199,1,Juv,SSID,SIDE,6
2016,2016,Dec,12/7/2016,SEFL,Outer,DC3,DC31,DC31-500-133,0,NA,NA,NA,NA
2016,2016,Dec,12/7/2016,SEFL,Outer,DC3,DC31,DC31-500-167,0,NA,NA,NA,NA
2016,2016,Dec,12/7/2016,SEFL,Outer,DC3,DC31,DC31-500-198,0,NA,NA,NA,NA
2016,2016,Dec,12/7/2016,SEFL,Outer,DC3,DC31,DC31-500-209,0,NA,NA,NA,NA
2016,2016,Dec,12/7/2016,SEFL,Outer,DC3,DC32,DC32-100-119,0,NA,NA,NA,NA
2016,2016,Dec,12/7/2016,SEFL,Outer,DC3,DC32,DC32-100-131,0,NA,NA,NA,NA
2016,2016,Dec,12/7/2016,SEFL,Outer,DC3,DC32,DC32-100-170,0,NA,NA,NA,NA
2016,2016,Dec,12/7/2016,SEFL,Outer,DC3,DC32,DC32-100-179,1,Juv,MMEA,MMEA,9
2016,2016,Dec,12/7/2016,SEFL,Outer,DC3,DC32,DC32-100-179,1,Juv,SSID,SIDE,35
2016,2016,Dec,12/7/2016,SEFL,Outer,DC3,DC32,DC32-500-119,1,Juv,CNAT,CNAT,17
2016,2016,Dec,12/7/2016,SEFL,Outer,DC3,DC32,DC32-500-119,1,Juv,SSID,SIDE,38
2016,2016,Dec,12/7/2016,SEFL,Outer,DC3,DC32,DC32-500-160,0,NA,NA,NA,NA
2016,2016,Dec,12/7/2016,SEFL,Outer,DC3,DC32,DC32-500-173,0,NA,NA,NA,NA
2016,2016,Dec,12/7/2016,SEFL,Outer,DC3,DC32,DC32-500-208,0,NA,NA,NA,NA
2016,2016,Dec,12/7/2016,SEFL,Outer,DC3,DC33,DC33-100-112,1,Juv,SMIC,SMIC,5
2016,2016,Dec,12/7/2016,SEFL,Outer,DC3,DC33,DC33-100-155,0,NA,NA,NA,NA
2016,2016,Dec,12/7/2016,SEFL,Outer,DC3,DC33,DC33-100-181,0,NA,NA,NA,NA
2016,2016,Dec,12/7/2016,SEFL,Outer,DC3,DC33,DC33-100-220,0,NA,NA,NA,NA
2016,2016,Dec,12/7/2016,SEFL,Outer,DC3,DC33,DC33-500-080,1,Juv,MCAV,MCAV,20
2016,2016,Dec,12/7/2016,SEFL,Outer,DC3,DC33,DC33-500-109,0,NA,NA,NA,NA
2016,2016,Dec,12/7/2016,SEFL,Outer,DC3,DC33,DC33-500-130,0,NA,NA,NA,NA
2016,2016,Dec,12/7/2016,SEFL,Outer,DC3,DC33,DC33-500-199,0,NA,NA,NA,NA
2016,2016,Dec,12/7/2016,SEFL,Outer,DC3,DC34,DC34-100-028,0,NA,NA,NA,NA
2016,2016,Dec,12/7/2016,SEFL,Outer,DC3,DC34,DC34-100-050,0,NA,NA,NA,NA
2016,2016,Dec,12/7/2016,SEFL,Outer,DC3,DC34,DC34-100-100,0,NA,NA,NA,NA
2016,2016,Dec,12/7/2016,SEFL,Outer,DC3,DC34,DC34-100-171,1,Juv,SSID,SIDE,13
2016,2016,Dec,12/7/2016,SEFL,Outer,DC3,DC34,DC34-500-099,0,NA,NA,NA,NA
2016,2016,Dec,12/7/2016,SEFL,Outer,DC3,DC34,DC34-500-131,0,NA,NA,NA,NA
2016,2016,Dec,12/7/2016,SEFL,Outer,DC3,DC34,DC34-500-153,0,NA,NA,NA,NA
2016,2016,Dec,12/7/2016,SEFL,Outer,DC3,DC34,DC34-500-174,1,Juv,SMIC,SMIC,13
2016,2016,Dec,12/14/2016,SEFL,Outer,DC4,DC41,DC41-100-037,0,NA,NA,NA,NA
2016,2016,Dec,12/14/2016,SEFL,Outer,DC4,DC41,DC41-100-057,1,Juv,SMIC,SMIC,22
2016,2016,Dec,12/14/2016,SEFL,Outer,DC4,DC41,DC41-100-110,0,NA,NA,NA,NA
2016,2016,Dec,12/14/2016,SEFL,Outer,DC4,DC41,DC41-100-168,1,Juv,MCAV,MCAV,5
2016,2016,Dec,12/14/2016,SEFL,Outer,DC4,DC41,DC41-100-168,1,Iso,SMIC,SMIC,37
2016,2016,Dec,12/14/2016,SEFL,Outer,DC4,DC41,DC41-500-027,0,NA,NA,NA,NA
2016,2016,Dec,12/14/2016,SEFL,Outer,DC4,DC41,DC41-500-054,1,Juv,PAST,PORI,5
2016,2016,Dec,12/14/2016,SEFL,Outer,DC4,DC41,DC41-500-083,1,Iso,PAST,PORI,6
2016,2016,Dec,12/14/2016,SEFL,Outer,DC4,DC41,DC41-500-162,1,Juv,PAST,PORI,4
2016,2016,Dec,12/14/2016,SEFL,Outer,DC4,DC42,DC42-100-017,1,Juv,MCAV,MCAV,8
2016,2016,Dec,12/14/2016,SEFL,Outer,DC4,DC42,DC42-100-017,1,Juv,MCAV,MCAV,8
2016,2016,Dec,12/14/2016,SEFL,Outer,DC4,DC42,DC42-100-057,0,NA,NA,NA,NA
2016,2016,Dec,12/14/2016,SEFL,Outer,DC4,DC42,DC42-100-139,1,Juv,MCAV,MCAV,14
2016,2016,Dec,12/14/2016,SEFL,Outer,DC4,DC42,DC42-100-139,1,Juv,MCAV,MCAV,27
2016,2016,Dec,12/14/2016,SEFL,Outer,DC4,DC42,DC42-100-139,1,Juv,SSID,SIDE,19
2016,2016,Dec,12/14/2016,SEFL,Outer,DC4,DC42,DC42-100-174,1,Juv,MMEA,MMEA,36
2016,2016,Dec,12/14/2016,SEFL,Outer,DC4,DC42,DC42-500-037,1,Juv,PAST,PORI,15
2016,2016,Dec,12/14/2016,SEFL,Outer,DC4,DC42,DC42-500-037,1,Iso,SSID,SIDE,36
2016,2016,Dec,12/14/2016,SEFL,Outer,DC4,DC42,DC42-500-100,1,Juv,PAST,PORI,16
2016,2016,Dec,12/14/2016,SEFL,Outer,DC4,DC42,DC42-500-100,1,Juv,SSID,SIDE,6
2016,2016,Dec,12/14/2016,SEFL,Outer,DC4,DC42,DC42-500-100,1,Juv,SMIC,SMIC,33
2016,2016,Dec,12/14/2016,SEFL,Outer,DC4,DC42,DC42-500-133,0,NA,NA,NA,NA
2016,2016,Dec,12/14/2016,SEFL,Outer,DC4,DC42,DC42-500-186,1,Juv,MCAV,MCAV,2
2016,2016,Dec,12/14/2016,SEFL,Outer,DC4,DC43,DC43-100-024,1,Juv,MCAV,MCAV,30
2016,2016,Dec,12/14/2016,SEFL,Outer,DC4,DC43,DC43-100-055,0,NA,NA,NA,NA
2016,2016,Dec,12/14/2016,SEFL,Outer,DC4,DC43,DC43-100-123,1,Juv,MUSS,MUSS,14
2016,2016,Dec,12/14/2016,SEFL,Outer,DC4,DC43,DC43-100-123,1,Juv,MUSS,MUSS,24
2016,2016,Dec,12/14/2016,SEFL,Outer,DC4,DC43,DC43-100-123,1,Juv,MUSS,MUSS,11
2016,2016,Dec,12/14/2016,SEFL,Outer,DC4,DC43,DC43-100-160,1,Juv,SMIC,SMIC,34
2016,2016,Dec,12/14/2016,SEFL,Outer,DC4,DC43,DC43-500-045,1,Juv,PAST,PORI,10
2016,2016,Dec,12/14/2016,SEFL,Outer,DC4,DC43,DC43-500-045,1,Juv,PAST,PORI,5
2016,2016,Dec,12/14/2016,SEFL,Outer,DC4,DC43,DC43-500-075,0,NA,NA,NA,NA
2016,2016,Dec,12/14/2016,SEFL,Outer,DC4,DC43,DC43-500-099,0,NA,NA,NA,NA
2016,2016,Dec,12/14/2016,SEFL,Outer,DC4,DC43,DC43-500-134,1,Juv,ALAM,AGAR,26
2016,2016,Dec,12/14/2016,SEFL,Outer,DC4,DC44,DC44-100-024,0,NA,NA,NA,NA
2016,2016,Dec,12/14/2016,SEFL,Outer,DC4,DC44,DC44-100-062,0,NA,NA,NA,NA
2016,2016,Dec,12/14/2016,SEFL,Outer,DC4,DC44,DC44-100-122,0,NA,NA,NA,NA
2016,2016,Dec,12/14/2016,SEFL,Outer,DC4,DC44,DC44-100-157,1,Juv,MCAV,MCAV,32
2016,2016,Dec,12/14/2016,SEFL,Outer,DC4,DC44,DC44-100-157,1,Juv,MCAV,MCAV,10
2016,2016,Dec,12/14/2016,SEFL,Outer,DC4,DC44,DC44-100-157,1,Juv,PAST,PORI,10
2016,2016,Dec,12/14/2016,SEFL,Outer,DC4,DC44,DC44-100-157,1,Juv,SSID,SIDE,34
2016,2016,Dec,12/14/2016,SEFL,Outer,DC4,DC44,DC44-500-018,0,NA,NA,NA,NA
2016,2016,Dec,12/14/2016,SEFL,Outer,DC4,DC44,DC44-500-051,1,Juv,DSTR,DIPL,15
2016,2016,Dec,12/14/2016,SEFL,Outer,DC4,DC44,DC44-500-051,1,Juv,MCAV,MCAV,6
2016,2016,Dec,12/14/2016,SEFL,Outer,DC4,DC44,DC44-500-117,0,NA,NA,NA,NA
2016,2016,Dec,12/14/2016,SEFL,Outer,DC4,DC44,DC44-500-158,0,NA,NA,NA,NA
2016,2016,Dec,12/1/2016,SEFL,Inner,DC5,DC51,DC51-100-013,1,Juv,AAGA,AGAR,35
2016,2016,Dec,12/1/2016,SEFL,Inner,DC5,DC51,DC51-100-013,1,Juv,PAST,PORI,23
2016,2016,Dec,12/1/2016,SEFL,Inner,DC5,DC51,DC51-100-057,1,Juv,MCAV,MCAV,17
2016,2016,Dec,12/1/2016,SEFL,Inner,DC5,DC51,DC51-100-057,1,Juv,PAST,PORI,34
2016,2016,Dec,12/1/2016,SEFL,Inner,DC5,DC51,DC51-100-057,1,Juv,PAST,PORI,10
2016,2016,Dec,12/1/2016,SEFL,Inner,DC5,DC51,DC51-100-057,1,Juv,PAST,PORI,6
2016,2016,Dec,12/1/2016,SEFL,Inner,DC5,DC51,DC51-100-057,1,Juv,PAST,PORI,7
2016,2016,Dec,12/1/2016,SEFL,Inner,DC5,DC51,DC51-100-057,1,Juv,PAST,PORI,6
2016,2016,Dec,12/1/2016,SEFL,Inner,DC5,DC51,DC51-100-076,1,Juv,PAST,PORI,37
2016,2016,Dec,12/1/2016,SEFL,Inner,DC5,DC51,DC51-100-076,1,Juv,PAST,PORI,6
2016,2016,Dec,12/1/2016,SEFL,Inner,DC5,DC51,DC51-100-076,1,Juv,PPOR,PORI,10
2016,2016,Dec,12/1/2016,SEFL,Inner,DC5,DC51,DC51-100-076,1,Juv,PPOR,PORI,7
2016,2016,Dec,12/1/2016,SEFL,Inner,DC5,DC51,DC51-100-127,1,Juv,MCAV,MCAV,19
2016,2016,Dec,12/1/2016,SEFL,Inner,DC5,DC51,DC51-500-018,0,NA,NA,NA,NA
2016,2016,Dec,12/1/2016,SEFL,Inner,DC5,DC51,DC51-500-095,0,NA,NA,NA,NA
2016,2016,Dec,12/1/2016,SEFL,Inner,DC5,DC51,DC51-500-145,1,Juv,AAGA,AGAR,8
2016,2016,Dec,12/1/2016,SEFL,Inner,DC5,DC51,DC51-500-165,1,Juv,PAST,PORI,22
2016,2016,Dec,12/1/2016,SEFL,Inner,DC5,DC51,DC51-500-165,1,Iso,SSID,SIDE,7
2016,2016,Dec,12/1/2016,SEFL,Inner,DC5,DC51,DC51-500-165,1,Iso,SSID,SIDE,9
2016,2016,Dec,12/1/2016,SEFL,Inner,DC5,DC51,DC51-500-165,1,Iso,SSID,SIDE,6
2016,2016,Dec,12/1/2016,SEFL,Inner,DC5,DC51,DC51-500-165,1,Iso,SSID,SIDE,7
2016,2016,Dec,12/1/2016,SEFL,Inner,DC5,DC51,DC51-500-165,1,Iso,SSID,SIDE,25
2016,2016,Dec,12/1/2016,SEFL,Inner,DC5,DC51,DC51-500-165,1,Iso,SSID,SIDE,35
2016,2016,Dec,12/1/2016,SEFL,Inner,DC5,DC52,DC52-100-059,1,Juv,PAST,PORI,9
2016,2016,Dec,12/1/2016,SEFL,Inner,DC5,DC52,DC52-100-059,1,Juv,PAST,PORI,25
2016,2016,Dec,12/1/2016,SEFL,Inner,DC5,DC52,DC52-100-104,1,Juv,AAGA,AGAR,27
2016,2016,Dec,12/1/2016,SEFL,Inner,DC5,DC52,DC52-100-104,1,Juv,AAGA,AGAR,36
2016,2016,Dec,12/1/2016,SEFL,Inner,DC5,DC52,DC52-100-104,1,Juv,DSTO,DSTO,12
2016,2016,Dec,12/1/2016,SEFL,Inner,DC5,DC52,DC52-100-104,1,Juv,PAST,PORI,14
2016,2016,Dec,12/1/2016,SEFL,Inner,DC5,DC52,DC52-100-104,1,Juv,PAST,PORI,21
2016,2016,Dec,12/1/2016,SEFL,Inner,DC5,DC52,DC52-100-104,1,Juv,PAST,PORI,37
2016,2016,Dec,12/1/2016,SEFL,Inner,DC5,DC52,DC52-100-104,1,Juv,SRAD,SIDE,28
2016,2016,Dec,12/1/2016,SEFL,Inner,DC5,DC52,DC52-100-118,1,Juv,PAST,PORI,30
2016,2016,Dec,12/1/2016,SEFL,Inner,DC5,DC52,DC52-100-118,1,Juv,PPOR,PORI,24
2016,2016,Dec,12/1/2016,SEFL,Inner,DC5,DC52,DC52-100-118,1,Juv,SMIC,SMIC,28
2016,2016,Dec,12/1/2016,SEFL,Inner,DC5,DC52,DC52-100-177,1,Juv,AAGA,AGAR,25
2016,2016,Dec,12/1/2016,SEFL,Inner,DC5,DC52,DC52-500-075,1,Juv,AAGA,AGAR,26
2016,2016,Dec,12/1/2016,SEFL,Inner,DC5,DC52,DC52-500-075,1,Juv,AAGA,AGAR,26
2016,2016,Dec,12/1/2016,SEFL,Inner,DC5,DC52,DC52-500-075,1,Juv,AFRA,AGAR,31
2016,2016,Dec,12/1/2016,SEFL,Inner,DC5,DC52,DC52-500-075,1,Juv,MCAV,MCAV,11
2016,2016,Dec,12/1/2016,SEFL,Inner,DC5,DC52,DC52-500-075,1,Juv,SSID,SIDE,31
2016,2016,Dec,12/1/2016,SEFL,Inner,DC5,DC52,DC52-500-104,1,Juv,AAGA,AGAR,31
2016,2016,Dec,12/1/2016,SEFL,Inner,DC5,DC52,DC52-500-104,1,Juv,AAGA,AGAR,27
2016,2016,Dec,12/1/2016,SEFL,Inner,DC5,DC52,DC52-500-104,1,Juv,MCAV,MCAV,6
2016,2016,Dec,12/1/2016,SEFL,Inner,DC5,DC52,DC52-500-104,1,Juv,SSID,SIDE,19
2016,2016,Dec,12/1/2016,SEFL,Inner,DC5,DC52,DC52-500-140,0,NA,NA,NA,NA
2016,2016,Dec,12/1/2016,SEFL,Inner,DC5,DC52,DC52-500-161,1,Juv,AAGA,AGAR,25
2016,2016,Dec,12/1/2016,SEFL,Inner,DC5,DC53,DC53-100-085,0,NA,NA,NA,NA
2016,2016,Dec,12/1/2016,SEFL,Inner,DC5,DC53,DC53-100-114,1,Juv,AAGA,AGAR,25
2016,2016,Dec,12/1/2016,SEFL,Inner,DC5,DC53,DC53-100-114,1,Juv,SSID,SIDE,17
2016,2016,Dec,12/1/2016,SEFL,Inner,DC5,DC53,DC53-100-150,1,Juv,PAST,PORI,9
2016,2016,Dec,12/1/2016,SEFL,Inner,DC5,DC53,DC53-100-150,1,Juv,PAST,PORI,25
2016,2016,Dec,12/1/2016,SEFL,Inner,DC5,DC53,DC53-100-150,1,Juv,PAST,PORI,10
2016,2016,Dec,12/1/2016,SEFL,Inner,DC5,DC53,DC53-100-150,1,Juv,SSID,SIDE,5
2016,2016,Dec,12/1/2016,SEFL,Inner,DC5,DC53,DC53-100-183,1,Juv,PAST,PORI,25
2016,2016,Dec,12/1/2016,SEFL,Inner,DC5,DC53,DC53-100-183,1,Juv,SSID,SIDE,39
2016,2016,Dec,12/1/2016,SEFL,Inner,DC5,DC53,DC53-500-004,1,Juv,AAGA,AGAR,24
2016,2016,Dec,12/1/2016,SEFL,Inner,DC5,DC53,DC53-500-004,1,Iso,SSID,SIDE,26
2016,2016,Dec,12/1/2016,SEFL,Inner,DC5,DC53,DC53-500-004,1,Iso,SSID,SIDE,14
2016,2016,Dec,12/1/2016,SEFL,Inner,DC5,DC53,DC53-500-004,1,Iso,SSID,SIDE,12
2016,2016,Dec,12/1/2016,SEFL,Inner,DC5,DC53,DC53-500-004,1,Iso,SSID,SIDE,12
2016,2016,Dec,12/1/2016,SEFL,Inner,DC5,DC53,DC53-500-004,1,Iso,SSID,SIDE,11
2016,2016,Dec,12/1/2016,SEFL,Inner,DC5,DC53,DC53-500-004,1,Iso,SSID,SIDE,11
2016,2016,Dec,12/1/2016,SEFL,Inner,DC5,DC53,DC53-500-004,1,Iso,SSID,SIDE,8
2016,2016,Dec,12/1/2016,SEFL,Inner,DC5,DC53,DC53-500-004,1,Iso,SSID,SIDE,7
2016,2016,Dec,12/1/2016,SEFL,Inner,DC5,DC53,DC53-500-004,1,Iso,SSID,SIDE,6
2016,2016,Dec,12/1/2016,SEFL,Inner,DC5,DC53,DC53-500-004,1,Iso,SSID,SIDE,21
2016,2016,Dec,12/1/2016,SEFL,Inner,DC5,DC53,DC53-500-004,1,Iso,SSID,SIDE,17
2016,2016,Dec,12/1/2016,SEFL,Inner,DC5,DC53,DC53-500-004,1,Iso,SSID,SIDE,13
2016,2016,Dec,12/1/2016,SEFL,Inner,DC5,DC53,DC53-500-004,1,Juv,SSID,SIDE,12
2016,2016,Dec,12/1/2016,SEFL,Inner,DC5,DC53,DC53-500-004,1,Iso,SSID,SIDE,11
2016,2016,Dec,12/1/2016,SEFL,Inner,DC5,DC53,DC53-500-004,1,Iso,SSID,SIDE,9
2016,2016,Dec,12/1/2016,SEFL,Inner,DC5,DC53,DC53-500-004,1,Iso,SSID,SIDE,7
2016,2016,Dec,12/1/2016,SEFL,Inner,DC5,DC53,DC53-500-004,1,Iso,SSID,SIDE,6
2016,2016,Dec,12/1/2016,SEFL,Inner,DC5,DC53,DC53-500-004,1,Juv,SMIC,SMIC,21
2016,2016,Dec,12/1/2016,SEFL,Inner,DC5,DC53,DC53-500-084,1,Juv,AAGA,AGAR,38
2016,2016,Dec,12/1/2016,SEFL,Inner,DC5,DC53,DC53-500-136,1,Juv,PPOR,PORI,15
2016,2016,Dec,12/1/2016,SEFL,Inner,DC5,DC53,DC53-500-178,1,Juv,PAST,PORI,4
2016,2016,Dec,12/1/2016,SEFL,Inner,DC5,DC53,DC53-500-178,1,Juv,PPOR,PORI,13
2016,2016,Dec,12/1/2016,SEFL,Inner,DC5,DC53,DC53-500-178,1,Iso,SMIC,SMIC,14
2016,2016,Dec,12/1/2016,SEFL,Inner,DC5,DC53,DC53-500-178,1,Iso,SMIC,SMIC,5
2016,2016,Dec,12/1/2016,SEFL,Inner,DC5,DC53,DC53-500-178,1,Iso,SMIC,SMIC,2
2016,2016,Dec,12/1/2016,SEFL,Inner,DC5,DC53,DC53-500-178,1,Iso,SMIC,SMIC,9
2016,2016,Dec,12/1/2016,SEFL,Inner,DC5,DC53,DC53-500-178,1,Iso,SMIC,SMIC,7
2016,2016,Dec,12/1/2016,SEFL,Inner,DC5,DC53,DC53-500-178,1,Juv,SMIC,SMIC,16
2016,2016,Dec,12/1/2016,SEFL,Inner,DC5,DC54,DC54-100-077,1,Juv,PAST,PORI,14
2016,2016,Dec,12/1/2016,SEFL,Inner,DC5,DC54,DC54-100-077,1,Juv,SSID,SIDE,24
2016,2016,Dec,12/1/2016,SEFL,Inner,DC5,DC54,DC54-100-077,1,Juv,SSID,SIDE,20
2016,2016,Dec,12/1/2016,SEFL,Inner,DC5,DC54,DC54-100-089,0,NA,NA,NA,NA
2016,2016,Dec,12/1/2016,SEFL,Inner,DC5,DC54,DC54-100-123,1,Juv,SSID,SIDE,17
2016,2016,Dec,12/1/2016,SEFL,Inner,DC5,DC54,DC54-100-138,1,Juv,PAST,PORI,4
2016,2016,Dec,12/1/2016,SEFL,Inner,DC5,DC54,DC54-100-138,1,Juv,PAST,PORI,5
2016,2016,Dec,12/1/2016,SEFL,Inner,DC5,DC54,DC54-100-138,1,Juv,PAST,PORI,31
2016,2016,Dec,12/1/2016,SEFL,Inner,DC5,DC54,DC54-100-138,1,Juv,SSID,SIDE,17
2016,2016,Dec,12/1/2016,SEFL,Inner,DC5,DC54,DC54-500-015,1,Iso,PPOR,PORI,18
2016,2016,Dec,12/1/2016,SEFL,Inner,DC5,DC54,DC54-500-015,1,Juv,PPOR,PORI,16
2016,2016,Dec,12/1/2016,SEFL,Inner,DC5,DC54,DC54-500-046,1,Juv,SSID,SIDE,21
2016,2016,Dec,12/1/2016,SEFL,Inner,DC5,DC54,DC54-500-059,0,NA,NA,NA,NA
2016,2016,Dec,12/1/2016,SEFL,Inner,DC5,DC54,DC54-500-168,0,NA,NA,NA,NA
2016,2016,Dec,12/15/2016,SEFL,Nearshore,DC6,DC61,DC61-100-065,0,NA,NA,NA,NA
2016,2016,Dec,12/15/2016,SEFL,Nearshore,DC6,DC61,DC61-100-078,1,Juv,PAST,PORI,3
2016,2016,Dec,12/15/2016,SEFL,Nearshore,DC6,DC61,DC61-100-137,1,Juv,PAST,PORI,29
2016,2016,Dec,12/15/2016,SEFL,Nearshore,DC6,DC61,DC61-100-162,1,Juv,SSID,SIDE,18
2016,2016,Dec,12/15/2016,SEFL,Nearshore,DC6,DC61,DC61-100-162,1,Juv,SSID,SIDE,9
2016,2016,Dec,12/15/2016,SEFL,Nearshore,DC6,DC61,DC61-500-017,0,NA,NA,NA,NA
2016,2016,Dec,12/15/2016,SEFL,Nearshore,DC6,DC61,DC61-500-091,1,Iso,PAST,PORI,20
2016,2016,Dec,12/15/2016,SEFL,Nearshore,DC6,DC61,DC61-500-091,1,Juv,PAST,PORI,16
2016,2016,Dec,12/15/2016,SEFL,Nearshore,DC6,DC61,DC61-500-091,1,Juv,PAST,PORI,6
2016,2016,Dec,12/15/2016,SEFL,Nearshore,DC6,DC61,DC61-500-132,1,Juv,SSID,SIDE,4
2016,2016,Dec,12/15/2016,SEFL,Nearshore,DC6,DC61,DC61-500-184,1,Iso,PAST,PORI,35
2016,2016,Dec,12/15/2016,SEFL,Nearshore,DC6,DC61,DC61-500-184,1,Iso,PAST,PORI,25
2016,2016,Dec,12/15/2016,SEFL,Nearshore,DC6,DC61,DC61-500-184,1,Juv,PORI,PORI,18
2016,2016,Dec,12/15/2016,SEFL,Nearshore,DC6,DC62,DC62-100-052,0,NA,NA,NA,NA
2016,2016,Dec,12/15/2016,SEFL,Nearshore,DC6,DC62,DC62-100-084,1,Juv,PAST,PORI,12
2016,2016,Dec,12/15/2016,SEFL,Nearshore,DC6,DC62,DC62-100-141,1,Juv,PAST,PORI,8
2016,2016,Dec,12/15/2016,SEFL,Nearshore,DC6,DC62,DC62-100-141,1,Juv,SSID,SIDE,15
2016,2016,Dec,12/15/2016,SEFL,Nearshore,DC6,DC62,DC62-100-163,1,Juv,PAST,PORI,39
2016,2016,Dec,12/15/2016,SEFL,Nearshore,DC6,DC62,DC62-100-163,1,Juv,SSID,SIDE,7
2016,2016,Dec,12/15/2016,SEFL,Nearshore,DC6,DC62,DC62-100-163,1,Juv,SSID,SIDE,11
2016,2016,Dec,12/15/2016,SEFL,Nearshore,DC6,DC62,DC62-500-082,0,NA,NA,NA,NA
2016,2016,Dec,12/15/2016,SEFL,Nearshore,DC6,DC62,DC62-500-114,1,Juv,SSID,SIDE,16
2016,2016,Dec,12/15/2016,SEFL,Nearshore,DC6,DC62,DC62-500-114,1,Juv,SSID,SIDE,8
2016,2016,Dec,12/15/2016,SEFL,Nearshore,DC6,DC62,DC62-500-132,1,Juv,SSID,SIDE,24
2016,2016,Dec,12/15/2016,SEFL,Nearshore,DC6,DC62,DC62-500-132,1,Juv,SSID,SIDE,37
2016,2016,Dec,12/15/2016,SEFL,Nearshore,DC6,DC62,DC62-500-132,1,Juv,SSID,SIDE,7
2016,2016,Dec,12/15/2016,SEFL,Nearshore,DC6,DC62,DC62-500-205,1,Juv,PAST,PORI,10
2016,2016,Dec,12/15/2016,SEFL,Nearshore,DC6,DC63,DC63-100-060,1,Juv,PAST,PORI,6
2016,2016,Dec,12/15/2016,SEFL,Nearshore,DC6,DC63,DC63-100-060,1,Juv,PAST,PORI,6
2016,2016,Dec,12/15/2016,SEFL,Nearshore,DC6,DC63,DC63-100-060,1,Juv,PAST,PORI,8
2016,2016,Dec,12/15/2016,SEFL,Nearshore,DC6,DC63,DC63-100-060,1,Juv,PAST,PORI,7
2016,2016,Dec,12/15/2016,SEFL,Nearshore,DC6,DC63,DC63-100-060,1,Juv,SSID,SIDE,14
2016,2016,Dec,12/15/2016,SEFL,Nearshore,DC6,DC63,DC63-100-060,1,Juv,SSID,SIDE,33
2016,2016,Dec,12/15/2016,SEFL,Nearshore,DC6,DC63,DC63-100-060,1,Juv,SSID,SIDE,17
2016,2016,Dec,12/15/2016,SEFL,Nearshore,DC6,DC63,DC63-100-060,1,Juv,SSID,SIDE,22
2016,2016,Dec,12/15/2016,SEFL,Nearshore,DC6,DC63,DC63-100-060,1,Juv,SSID,SIDE,6
2016,2016,Dec,12/15/2016,SEFL,Nearshore,DC6,DC63,DC63-100-060,1,Juv,SSID,SIDE,3
2016,2016,Dec,12/15/2016,SEFL,Nearshore,DC6,DC63,DC63-100-060,1,Juv,SSID,SIDE,12
2016,2016,Dec,12/15/2016,SEFL,Nearshore,DC6,DC63,DC63-100-108,1,Juv,SSID,SIDE,16
2016,2016,Dec,12/15/2016,SEFL,Nearshore,DC6,DC63,DC63-100-108,1,Juv,SSID,SIDE,3
2016,2016,Dec,12/15/2016,SEFL,Nearshore,DC6,DC63,DC63-100-108,1,Juv,SSID,SIDE,17
2016,2016,Dec,12/15/2016,SEFL,Nearshore,DC6,DC63,DC63-100-108,1,Juv,SSID,SIDE,5
2016,2016,Dec,12/15/2016,SEFL,Nearshore,DC6,DC63,DC63-100-108,1,Juv,SSID,SIDE,8
2016,2016,Dec,12/15/2016,SEFL,Nearshore,DC6,DC63,DC63-100-165,1,Uns,SSID,SIDE,33
2016,2016,Dec,12/15/2016,SEFL,Nearshore,DC6,DC63,DC63-100-165,1,Uns,SSID,SIDE,3
2016,2016,Dec,12/15/2016,SEFL,Nearshore,DC6,DC63,DC63-100-165,1,Uns,SSID,SIDE,22
2016,2016,Dec,12/15/2016,SEFL,Nearshore,DC6,DC63,DC63-100-194,0,NA,NA,NA,NA
2016,2016,Dec,12/15/2016,SEFL,Nearshore,DC6,DC63,DC63-500-046,1,Juv,SSID,SIDE,2
2016,2016,Dec,12/15/2016,SEFL,Nearshore,DC6,DC63,DC63-500-091,1,Iso,PAST,PORI,8
2016,2016,Dec,12/15/2016,SEFL,Nearshore,DC6,DC63,DC63-500-091,1,Iso,PAST,PORI,4
2016,2016,Dec,12/15/2016,SEFL,Nearshore,DC6,DC63,DC63-500-091,1,Iso,PAST,PORI,27
2016,2016,Dec,12/15/2016,SEFL,Nearshore,DC6,DC63,DC63-500-091,1,Iso,PAST,PORI,6
2016,2016,Dec,12/15/2016,SEFL,Nearshore,DC6,DC63,DC63-500-091,1,Iso,PAST,PORI,8
2016,2016,Dec,12/15/2016,SEFL,Nearshore,DC6,DC63,DC63-500-091,1,Juv,SSID,SIDE,12
2016,2016,Dec,12/15/2016,SEFL,Nearshore,DC6,DC63,DC63-500-142,1,Juv,PAST,PORI,7
2016,2016,Dec,12/15/2016,SEFL,Nearshore,DC6,DC63,DC63-500-195,1,Juv,PAST,PORI,13
2016,2016,Dec,12/15/2016,SEFL,Nearshore,DC6,DC63,DC63-500-195,1,Juv,PAST,PORI,4
2016,2016,Dec,12/15/2016,SEFL,Nearshore,DC6,DC63,DC63-500-195,1,Juv,PAST,PORI,15
2016,2016,Dec,12/15/2016,SEFL,Nearshore,DC6,DC63,DC63-500-195,1,Juv,PAST,PORI,2
2016,2016,Dec,12/15/2016,SEFL,Nearshore,DC6,DC63,DC63-500-195,1,Juv,SSID,SIDE,9
2016,2016,Dec,12/15/2016,SEFL,Nearshore,DC6,DC63,DC63-500-195,1,Juv,SSID,SIDE,13
2016,2016,Dec,12/15/2016,SEFL,Nearshore,DC6,DC63,DC63-500-195,1,Juv,SSID,SIDE,8
2016,2016,Dec,12/15/2016,SEFL,Nearshore,DC6,DC63,DC63-500-195,1,Juv,SSID,SIDE,5
2016,2016,Dec,12/15/2016,SEFL,Nearshore,DC6,DC63,DC63-500-195,1,Juv,SSID,SIDE,4
2016,2016,Dec,12/15/2016,SEFL,Nearshore,DC6,DC63,DC63-500-195,1,Juv,SSID,SIDE,15
2016,2016,Dec,12/15/2016,SEFL,Nearshore,DC6,DC63,DC63-500-195,1,Juv,SSID,SIDE,2
2016,2016,Dec,12/15/2016,SEFL,Nearshore,DC6,DC64,DC64-100-097,0,NA,NA,NA,NA
2016,2016,Dec,12/15/2016,SEFL,Nearshore,DC6,DC64,DC64-100-128,1,Juv,PAST,PORI,24
2016,2016,Dec,12/15/2016,SEFL,Nearshore,DC6,DC64,DC64-100-128,1,Juv,SSID,SIDE,32
2016,2016,Dec,12/15/2016,SEFL,Nearshore,DC6,DC64,DC64-100-176,1,Juv,PAST,PORI,10
2016,2016,Dec,12/15/2016,SEFL,Nearshore,DC6,DC64,DC64-100-176,1,Juv,PAST,PORI,35
2016,2016,Dec,12/15/2016,SEFL,Nearshore,DC6,DC64,DC64-100-176,1,Juv,SSID,SIDE,5
2016,2016,Dec,12/15/2016,SEFL,Nearshore,DC6,DC64,DC64-100-193,1,Juv,PAST,PORI,26
2016,2016,Dec,12/15/2016,SEFL,Nearshore,DC6,DC64,DC64-100-193,1,Iso,SSID,SIDE,6
2016,2016,Dec,12/15/2016,SEFL,Nearshore,DC6,DC64,DC64-100-193,1,Iso,SSID,SIDE,2
2016,2016,Dec,12/15/2016,SEFL,Nearshore,DC6,DC64,DC64-100-193,1,Iso,SSID,SIDE,3
2016,2016,Dec,12/15/2016,SEFL,Nearshore,DC6,DC64,DC64-100-193,1,Juv,SSID,SIDE,14
2016,2016,Dec,12/15/2016,SEFL,Nearshore,DC6,DC64,DC64-500-017,0,NA,NA,NA,NA
2016,2016,Dec,12/15/2016,SEFL,Nearshore,DC6,DC64,DC64-500-056,1,Juv,PPOR,PORI,34
2016,2016,Dec,12/15/2016,SEFL,Nearshore,DC6,DC64,DC64-500-091,1,Juv,SSID,SIDE,3
2016,2016,Dec,12/15/2016,SEFL,Nearshore,DC6,DC64,DC64-500-113,1,Juv,SSID,SIDE,19
2016,2016,Dec,12/15/2016,SEFL,Nearshore,DC6,DC64,DC64-500-113,1,Juv,SSID,SIDE,2
2016,2016,Dec,12/15/2016,SEFL,Nearshore,DC6,DC64,DC64-500-113,1,Juv,SSID,SIDE,13
2016,2016,Dec,12/15/2016,SEFL,Nearshore,DC6,DC64,DC64-500-113,1,Uns,SSID,SIDE,12
2016,2016,Dec,12/8/2016,SEFL,Middle,DC7,DC71,DC71-100-043,0,NA,NA,NA,NA
2016,2016,Dec,12/8/2016,SEFL,Middle,DC7,DC71,DC71-100-085,1,Juv,MCAV,MCAV,3
2016,2016,Dec,12/8/2016,SEFL,Middle,DC7,DC71,DC71-100-085,1,Juv,SSID,SIDE,11
2016,2016,Dec,12/8/2016,SEFL,Middle,DC7,DC71,DC71-100-085,1,Juv,SSID,SIDE,5
2016,2016,Dec,12/8/2016,SEFL,Middle,DC7,DC71,DC71-100-110,1,Juv,MCAV,MCAV,15
2016,2016,Dec,12/8/2016,SEFL,Middle,DC7,DC71,DC71-100-110,1,Juv,MCAV,MCAV,9
2016,2016,Dec,12/8/2016,SEFL,Middle,DC7,DC71,DC71-100-110,1,Juv,MMEA,MMEA,8
2016,2016,Dec,12/8/2016,SEFL,Middle,DC7,DC71,DC71-100-110,1,Juv,SSID,SIDE,8
2016,2016,Dec,12/8/2016,SEFL,Middle,DC7,DC71,DC71-100-110,1,Juv,SSID,SIDE,7
2016,2016,Dec,12/8/2016,SEFL,Middle,DC7,DC71,DC71-100-110,1,Juv,SMIC,SMIC,7
2016,2016,Dec,12/8/2016,SEFL,Middle,DC7,DC71,DC71-100-155,1,Juv,MCAV,MCAV,7
2016,2016,Dec,12/8/2016,SEFL,Middle,DC7,DC71,DC71-500-036,1,Juv,SSID,SIDE,24
2016,2016,Dec,12/8/2016,SEFL,Middle,DC7,DC71,DC71-500-079,1,Juv,DSTO,DSTO,12
2016,2016,Dec,12/8/2016,SEFL,Middle,DC7,DC71,DC71-500-079,1,Juv,MYCE,MUSS,25
2016,2016,Dec,12/8/2016,SEFL,Middle,DC7,DC71,DC71-500-079,1,Juv,SSID,SIDE,24
2016,2016,Dec,12/8/2016,SEFL,Middle,DC7,DC71,DC71-500-079,1,Juv,SMIC,SMIC,13
2016,2016,Dec,12/8/2016,SEFL,Middle,DC7,DC71,DC71-500-113,1,Uns,MCAV,MCAV,38
2016,2016,Dec,12/8/2016,SEFL,Middle,DC7,DC71,DC71-500-113,1,Juv,MYCE,MUSS,15
2016,2016,Dec,12/8/2016,SEFL,Middle,DC7,DC71,DC71-500-175,1,Juv,MCAV,MCAV,4
2016,2016,Dec,12/8/2016,SEFL,Middle,DC7,DC72,DC72-100-044,0,NA,NA,NA,NA
2016,2016,Dec,12/8/2016,SEFL,Middle,DC7,DC72,DC72-100-090,1,Juv,MCAV,MCAV,6
2016,2016,Dec,12/8/2016,SEFL,Middle,DC7,DC72,DC72-100-090,1,Juv,MYCE,MUSS,21
2016,2016,Dec,12/8/2016,SEFL,Middle,DC7,DC72,DC72-100-128,0,NA,NA,NA,NA
2016,2016,Dec,12/8/2016,SEFL,Middle,DC7,DC72,DC72-100-182,0,NA,NA,NA,NA
2016,2016,Dec,12/8/2016,SEFL,Middle,DC7,DC72,DC72-500-036,0,NA,NA,NA,NA
2016,2016,Dec,12/8/2016,SEFL,Middle,DC7,DC72,DC72-500-099,0,NA,NA,NA,NA
2016,2016,Dec,12/8/2016,SEFL,Middle,DC7,DC72,DC72-500-153,1,Juv,MCAV,MCAV,4
2016,2016,Dec,12/8/2016,SEFL,Middle,DC7,DC72,DC72-500-169,0,NA,NA,NA,NA
2016,2016,Dec,12/8/2016,SEFL,Middle,DC7,DC73,DC73-100-080,1,Juv,SSID,SIDE,5
2016,2016,Dec,12/8/2016,SEFL,Middle,DC7,DC73,DC73-100-080,1,Juv,SSID,SIDE,14
2016,2016,Dec,12/8/2016,SEFL,Middle,DC7,DC73,DC73-100-080,1,Juv,SSID,SIDE,36
2016,2016,Dec,12/8/2016,SEFL,Middle,DC7,DC73,DC73-100-109,1,Juv,MCAV,MCAV,10
2016,2016,Dec,12/8/2016,SEFL,Middle,DC7,DC73,DC73-100-109,1,Uns,SMIC,SMIC,38
2016,2016,Dec,12/8/2016,SEFL,Middle,DC7,DC73,DC73-100-109,1,Uns,SMIC,SMIC,14
2016,2016,Dec,12/8/2016,SEFL,Middle,DC7,DC73,DC73-100-109,1,Uns,SMIC,SMIC,18
2016,2016,Dec,12/8/2016,SEFL,Middle,DC7,DC73,DC73-100-109,1,Juv,SBOU,SOLE,35
2016,2016,Dec,12/8/2016,SEFL,Middle,DC7,DC73,DC73-100-129,1,Juv,SMIC,SMIC,15
2016,2016,Dec,12/8/2016,SEFL,Middle,DC7,DC73,DC73-100-196,1,Juv,MCAV,MCAV,15
2016,2016,Dec,12/8/2016,SEFL,Middle,DC7,DC73,DC73-100-196,1,Juv,SSID,SIDE,2
2016,2016,Dec,12/8/2016,SEFL,Middle,DC7,DC73,DC73-100-196,1,Juv,SSID,SIDE,4
2016,2016,Dec,12/8/2016,SEFL,Middle,DC7,DC73,DC73-100-196,1,Juv,SSID,SIDE,5
2016,2016,Dec,12/8/2016,SEFL,Middle,DC7,DC73,DC73-500-059,1,Juv,SSID,SIDE,14
2016,2016,Dec,12/8/2016,SEFL,Middle,DC7,DC73,DC73-500-059,1,Juv,SSID,SIDE,5
2016,2016,Dec,12/8/2016,SEFL,Middle,DC7,DC73,DC73-500-059,1,Juv,SMIC,SMIC,38
2016,2016,Dec,12/8/2016,SEFL,Middle,DC7,DC73,DC73-500-083,1,Juv,PAST,PORI,14
2016,2016,Dec,12/8/2016,SEFL,Middle,DC7,DC73,DC73-500-134,1,Juv,PAST,PORI,5
2016,2016,Dec,12/8/2016,SEFL,Middle,DC7,DC73,DC73-500-168,1,Iso,SSID,SIDE,6
2016,2016,Dec,12/8/2016,SEFL,Middle,DC7,DC73,DC73-500-168,1,Iso,SSID,SIDE,1
2016,2016,Dec,12/8/2016,SEFL,Middle,DC7,DC73,DC73-500-168,1,Iso,SSID,SIDE,5
2016,2016,Dec,12/8/2016,SEFL,Middle,DC7,DC73,DC73-500-168,1,Iso,SSID,SIDE,1
2016,2016,Dec,12/8/2016,SEFL,Middle,DC7,DC73,DC73-500-168,1,Iso,SSID,SIDE,1
2016,2016,Dec,12/8/2016,SEFL,Middle,DC7,DC73,DC73-500-168,1,Iso,SSID,SIDE,1
2016,2016,Dec,12/8/2016,SEFL,Middle,DC7,DC73,DC73-500-168,1,Juv,SSID,SIDE,4
2016,2016,Dec,12/8/2016,SEFL,Middle,DC7,DC74,DC74-100-000,1,Juv,SMIC,SMIC,36
2016,2016,Dec,12/8/2016,SEFL,Middle,DC7,DC74,DC74-100-045,0,NA,NA,NA,NA
2016,2016,Dec,12/8/2016,SEFL,Middle,DC7,DC74,DC74-100-156,1,Juv,MCAV,MCAV,20
2016,2016,Dec,12/8/2016,SEFL,Middle,DC7,DC74,DC74-100-156,1,Juv,SMIC,SMIC,28
2016,2016,Dec,12/8/2016,SEFL,Middle,DC7,DC74,DC74-100-186,1,Juv,MCAV,MCAV,22
2016,2016,Dec,12/8/2016,SEFL,Middle,DC7,DC74,DC74-500-037,1,Juv,SSID,SIDE,9
2016,2016,Dec,12/8/2016,SEFL,Middle,DC7,DC74,DC74-500-075,1,Juv,MMEA,MMEA,12
2016,2016,Dec,12/8/2016,SEFL,Middle,DC7,DC74,DC74-500-075,1,Juv,SSID,SIDE,31
2016,2016,Dec,12/8/2016,SEFL,Middle,DC7,DC74,DC74-500-136,0,NA,NA,NA,NA
2016,2016,Dec,12/8/2016,SEFL,Middle,DC7,DC74,DC74-500-194,1,Juv,MCAV,MCAV,3
2016,2016,Nov,11/16/2016,SEFL,Nearshore,DC8,DC81,DC81-100-002,0,NA,NA,NA,NA
2016,2016,Nov,11/16/2016,SEFL,Nearshore,DC8,DC81,DC81-100-029,1,Juv,SSID,SIDE,33
2016,2016,Nov,11/16/2016,SEFL,Nearshore,DC8,DC81,DC81-100-092,0,NA,NA,NA,NA
2016,2016,Nov,11/16/2016,SEFL,Nearshore,DC8,DC81,DC81-100-128,0,NA,NA,NA,NA
2016,2016,Nov,11/16/2016,SEFL,Nearshore,DC8,DC81,DC81-500-002,0,NA,NA,NA,NA
2016,2016,Nov,11/16/2016,SEFL,Nearshore,DC8,DC81,DC81-500-097,0,NA,NA,NA,NA
2016,2016,Nov,11/16/2016,SEFL,Nearshore,DC8,DC81,DC81-500-154,0,NA,NA,NA,NA
2016,2016,Nov,11/16/2016,SEFL,Nearshore,DC8,DC81,DC81-500-186,0,NA,NA,NA,NA
2016,2016,Nov,11/16/2016,SEFL,Nearshore,DC8,DC82,DC82-100-052,0,NA,NA,NA,NA
2016,2016,Nov,11/16/2016,SEFL,Nearshore,DC8,DC82,DC82-100-077,0,NA,NA,NA,NA
2016,2016,Nov,11/16/2016,SEFL,Nearshore,DC8,DC82,DC82-100-108,1,Juv,SSID,SIDE,4
2016,2016,Nov,11/16/2016,SEFL,Nearshore,DC8,DC82,DC82-100-108,1,Juv,SSID,SIDE,9
2016,2016,Nov,11/16/2016,SEFL,Nearshore,DC8,DC82,DC82-100-136,0,NA,NA,NA,NA
2016,2016,Nov,11/16/2016,SEFL,Nearshore,DC8,DC82,DC82-100-171,1,Juv,SSID,SIDE,5
2016,2016,Nov,11/16/2016,SEFL,Nearshore,DC8,DC82,DC82-500-004,1,Juv,PAST,PORI,7
2016,2016,Nov,11/16/2016,SEFL,Nearshore,DC8,DC82,DC82-500-004,1,Juv,SSID,SIDE,22
2016,2016,Nov,11/16/2016,SEFL,Nearshore,DC8,DC82,DC82-500-004,1,Juv,SSID,SIDE,2
2016,2016,Nov,11/16/2016,SEFL,Nearshore,DC8,DC82,DC82-500-004,1,Juv,SSID,SIDE,2
2016,2016,Nov,11/16/2016,SEFL,Nearshore,DC8,DC82,DC82-500-104,0,NA,NA,NA,NA
2016,2016,Nov,11/16/2016,SEFL,Nearshore,DC8,DC82,DC82-500-141,1,Juv,SSID,SIDE,12
2016,2016,Nov,11/16/2016,SEFL,Nearshore,DC8,DC82,DC82-500-141,1,Juv,SMIC,SMIC,36
2016,2016,Nov,11/16/2016,SEFL,Nearshore,DC8,DC83,DC83-100-032,0,NA,NA,NA,NA
2016,2016,Nov,11/16/2016,SEFL,Nearshore,DC8,DC83,DC83-100-106,0,NA,NA,NA,NA
2016,2016,Nov,11/16/2016,SEFL,Nearshore,DC8,DC83,DC83-100-175,0,NA,NA,NA,NA
2016,2016,Nov,11/16/2016,SEFL,Nearshore,DC8,DC83,DC83-100-198,1,Juv,SSID,SIDE,13
2016,2016,Nov,11/16/2016,SEFL,Nearshore,DC8,DC83,DC83-100-198,1,Juv,SSID,SIDE,7
2016,2016,Nov,11/16/2016,SEFL,Nearshore,DC8,DC83,DC83-100-198,1,Juv,PAME,PAME,3
2016,2016,Nov,11/16/2016,SEFL,Nearshore,DC8,DC83,DC83-100-198,1,Juv,UNKS,UNKS,5
2016,2016,Nov,11/16/2016,SEFL,Nearshore,DC8,DC83,DC83-500-019,0,NA,NA,NA,NA
2016,2016,Nov,11/16/2016,SEFL,Nearshore,DC8,DC83,DC83-500-068,0,NA,NA,NA,NA
2016,2016,Nov,11/16/2016,SEFL,Nearshore,DC8,DC83,DC83-500-149,1,Juv,SSID,SIDE,10
2016,2016,Nov,11/16/2016,SEFL,Nearshore,DC8,DC83,DC83-500-192,0,NA,NA,NA,NA
2016,2016,Nov,11/16/2016,SEFL,Nearshore,DC8,DC84,DC84-100-022,0,NA,NA,NA,NA
2016,2016,Nov,11/16/2016,SEFL,Nearshore,DC8,DC84,DC84-100-124,0,NA,NA,NA,NA
2016,2016,Nov,11/16/2016,SEFL,Nearshore,DC8,DC84,DC84-100-157,0,NA,NA,NA,NA
2016,2016,Nov,11/16/2016,SEFL,Nearshore,DC8,DC84,DC84-100-208,0,NA,NA,NA,NA
2016,2016,Nov,11/16/2016,SEFL,Nearshore,DC8,DC84,DC84-500-040,0,NA,NA,NA,NA
2016,2016,Nov,11/16/2016,SEFL,Nearshore,DC8,DC84,DC84-500-150,0,NA,NA,NA,NA
2016,2016,Nov,11/16/2016,SEFL,Nearshore,DC8,DC84,DC84-500-176,0,NA,NA,NA,NA
2016,2016,Nov,11/16/2016,SEFL,Nearshore,DC8,DC84,DC84-500-210,1,Juv,SSID,SIDE,7
2017,2017,Aug,8/18/2017,LK,P,Red Dun Reef,261,261-100-010,1,Juv,PAST,PORI,20
2017,2017,Aug,8/18/2017,LK,P,Red Dun Reef,261,261-100-010,1,Juv,PAST,PORI,9
2017,2017,Aug,8/18/2017,LK,P,Red Dun Reef,261,261-100-010,1,Juv,SSID,SIDE,29
2017,2017,Aug,8/18/2017,LK,P,Red Dun Reef,261,261-100-010,1,Iso,SMIC,SMIC,7
2017,2017,Aug,8/18/2017,LK,P,Red Dun Reef,261,261-100-010,1,Juv,SMIC,SMIC,6
2017,2017,Aug,8/18/2017,LK,P,Red Dun Reef,261,261-100-010,1,Juv,SMIC,SMIC,6
2017,2017,Aug,8/18/2017,LK,P,Red Dun Reef,261,261-100-069,1,Juv,SSID,SIDE,25
2017,2017,Aug,8/18/2017,LK,P,Red Dun Reef,261,261-100-069,1,Juv,SSID,SIDE,9
2017,2017,Aug,8/18/2017,LK,P,Red Dun Reef,261,261-100-069,1,Juv,SSID,SIDE,12
2017,2017,Aug,8/18/2017,LK,P,Red Dun Reef,261,261-100-069,1,Juv,SMIC,SMIC,32
2017,2017,Aug,8/18/2017,LK,P,Red Dun Reef,261,261-100-093,1,Juv,SSID,SIDE,13
2017,2017,Aug,8/18/2017,LK,P,Red Dun Reef,261,261-100-197,1,Iso,EFAS,EFAS,11
2017,2017,Aug,8/18/2017,LK,P,Red Dun Reef,261,261-100-197,1,Iso,EFAS,EFAS,15
2017,2017,Aug,8/18/2017,LK,P,Red Dun Reef,261,261-100-197,1,Iso,EFAS,EFAS,18
2017,2017,Aug,8/18/2017,LK,P,Red Dun Reef,261,261-100-197,1,Iso,EFAS,EFAS,17
2017,2017,Aug,8/18/2017,LK,P,Red Dun Reef,261,261-100-197,1,Iso,EFAS,EFAS,30
2017,2017,Aug,8/18/2017,LK,P,Red Dun Reef,261,261-100-197,1,Iso,EFAS,EFAS,25
2017,2017,Aug,8/18/2017,LK,P,Red Dun Reef,261,261-100-197,1,Iso,EFAS,EFAS,27
2017,2017,Aug,8/18/2017,LK,P,Red Dun Reef,261,261-100-197,1,Iso,EFAS,EFAS,33
2017,2017,Aug,8/18/2017,LK,P,Red Dun Reef,261,261-100-197,1,Iso,EFAS,EFAS,24
2017,2017,Aug,8/18/2017,LK,P,Red Dun Reef,261,261-100-197,1,Iso,EFAS,EFAS,15
2017,2017,Aug,8/18/2017,LK,P,Red Dun Reef,261,261-100-197,1,Iso,EFAS,EFAS,21
2017,2017,Aug,8/18/2017,LK,P,Red Dun Reef,261,261-100-197,1,Iso,EFAS,EFAS,15
2017,2017,Aug,8/18/2017,LK,P,Red Dun Reef,261,261-100-197,1,Iso,EFAS,EFAS,24
2017,2017,Aug,8/18/2017,LK,P,Red Dun Reef,261,261-100-197,1,Iso,EFAS,EFAS,34
2017,2017,Aug,8/18/2017,LK,P,Red Dun Reef,261,261-100-197,1,Iso,EFAS,EFAS,25
2017,2017,Aug,8/18/2017,LK,P,Red Dun Reef,261,261-100-197,1,Iso,EFAS,EFAS,12
2017,2017,Aug,8/18/2017,LK,P,Red Dun Reef,261,261-100-197,1,Iso,EFAS,EFAS,9
2017,2017,Aug,8/18/2017,LK,P,Red Dun Reef,261,261-100-197,1,Iso,EFAS,EFAS,15
2017,2017,Aug,8/18/2017,LK,P,Red Dun Reef,261,261-100-197,1,Iso,EFAS,EFAS,18
2017,2017,Aug,8/18/2017,LK,P,Red Dun Reef,261,261-100-197,1,Iso,EFAS,EFAS,33
2017,2017,Aug,8/18/2017,LK,P,Red Dun Reef,261,261-100-197,1,Iso,EFAS,EFAS,16
2017,2017,Aug,8/18/2017,LK,P,Red Dun Reef,261,261-100-197,1,Iso,EFAS,EFAS,15
2017,2017,Aug,8/18/2017,LK,P,Red Dun Reef,261,261-100-197,1,Iso,EFAS,EFAS,13
2017,2017,Aug,8/18/2017,LK,P,Red Dun Reef,261,261-100-197,1,Iso,EFAS,EFAS,15
2017,2017,Aug,8/18/2017,LK,P,Red Dun Reef,261,261-100-197,1,Iso,EFAS,EFAS,13
2017,2017,Aug,8/18/2017,LK,P,Red Dun Reef,261,261-100-197,1,Iso,EFAS,EFAS,14
2017,2017,Aug,8/18/2017,LK,P,Red Dun Reef,261,261-100-197,1,Iso,EFAS,EFAS,10
2017,2017,Aug,8/18/2017,LK,P,Red Dun Reef,261,261-100-197,1,Iso,EFAS,EFAS,7
2017,2017,Aug,8/18/2017,LK,P,Red Dun Reef,261,261-100-197,1,Iso,EFAS,EFAS,9
2017,2017,Aug,8/18/2017,LK,P,Red Dun Reef,261,261-100-197,1,Iso,EFAS,EFAS,10
2017,2017,Aug,8/18/2017,LK,P,Red Dun Reef,261,261-100-197,1,Iso,EFAS,EFAS,9
2017,2017,Aug,8/18/2017,LK,P,Red Dun Reef,261,261-100-197,1,Iso,EFAS,EFAS,11
2017,2017,Aug,8/18/2017,LK,P,Red Dun Reef,261,261-100-197,1,Iso,EFAS,EFAS,26
2017,2017,Aug,8/18/2017,LK,P,Red Dun Reef,261,261-100-197,1,Iso,EFAS,EFAS,14
2017,2017,Aug,8/18/2017,LK,P,Red Dun Reef,261,261-100-197,1,Iso,EFAS,EFAS,5
2017,2017,Aug,8/18/2017,LK,P,Red Dun Reef,261,261-100-197,1,Iso,EFAS,EFAS,20
2017,2017,Aug,8/18/2017,LK,P,Red Dun Reef,261,261-100-197,1,Juv,SMIC,SMIC,22
2017,2017,Aug,8/18/2017,LK,P,Red Dun Reef,261,261-500-066,1,Iso,ORBI,ORBI,20
2017,2017,Aug,8/18/2017,LK,P,Red Dun Reef,261,261-500-066,1,Juv,SSID,SIDE,23
2017,2017,Aug,8/18/2017,LK,P,Red Dun Reef,261,261-500-066,1,Juv,SSID,SIDE,39
2017,2017,Aug,8/18/2017,LK,P,Red Dun Reef,261,261-500-066,1,Juv,SSID,SIDE,12
2017,2017,Aug,8/18/2017,LK,P,Red Dun Reef,261,261-500-066,1,Juv,UNKS,UNKS,3
2017,2017,Aug,8/18/2017,LK,P,Red Dun Reef,261,261-500-076,1,Juv,PAST,PORI,16
2017,2017,Aug,8/18/2017,LK,P,Red Dun Reef,261,261-500-076,1,Juv,SSID,SIDE,15
2017,2017,Aug,8/18/2017,LK,P,Red Dun Reef,261,261-500-076,1,Juv,SSID,SIDE,5
2017,2017,Aug,8/18/2017,LK,P,Red Dun Reef,261,261-500-076,1,Juv,SSID,SIDE,8
2017,2017,Aug,8/18/2017,LK,P,Red Dun Reef,261,261-500-076,1,Juv,SSID,SIDE,17
2017,2017,Aug,8/18/2017,LK,P,Red Dun Reef,261,261-500-076,1,Juv,SSID,SIDE,4
2017,2017,Aug,8/18/2017,LK,P,Red Dun Reef,261,261-500-076,1,Juv,SSID,SIDE,3
2017,2017,Aug,8/18/2017,LK,P,Red Dun Reef,261,261-500-076,1,Juv,SSID,SIDE,3
2017,2017,Aug,8/18/2017,LK,P,Red Dun Reef,261,261-500-076,1,Juv,SSID,SIDE,8
2017,2017,Aug,8/18/2017,LK,P,Red Dun Reef,261,261-500-076,1,Juv,SSID,SIDE,8
2017,2017,Aug,8/18/2017,LK,P,Red Dun Reef,261,261-500-076,1,Juv,SSID,SIDE,32
2017,2017,Aug,8/18/2017,LK,P,Red Dun Reef,261,261-500-076,1,Juv,SSID,SIDE,16
2017,2017,Aug,8/18/2017,LK,P,Red Dun Reef,261,261-500-148,1,Juv,SSID,SIDE,22
2017,2017,Aug,8/18/2017,LK,P,Red Dun Reef,261,261-500-148,1,Iso,SMIC,SMIC,13
2017,2017,Aug,8/18/2017,LK,P,Red Dun Reef,261,261-500-148,1,Juv,SMIC,SMIC,39
2017,2017,Aug,8/18/2017,LK,P,Red Dun Reef,261,261-500-196,1,Juv,AAGA,AGAR,29
2017,2017,Aug,8/18/2017,LK,P,Red Dun Reef,261,261-500-196,1,Juv,PAST,PORI,4
2017,2017,Aug,8/18/2017,LK,P,Red Dun Reef,261,261-500-196,1,Uns,SSID,SIDE,12
2017,2017,Aug,8/18/2017,LK,P,Red Dun Reef,261,261-500-196,1,Juv,SSID,SIDE,19
2017,2017,Aug,8/18/2017,LK,P,Red Dun Reef,261,261-500-196,1,Juv,SSID,SIDE,29
2017,2017,Aug,8/18/2017,LK,P,Red Dun Reef,261,261-500-196,1,Juv,SSID,SIDE,11
2017,2017,Aug,8/18/2017,LK,P,Red Dun Reef,261,261-500-196,1,Iso,SMIC,SMIC,16
2017,2017,Aug,8/18/2017,LK,P,Red Dun Reef,261,261-500-196,1,Iso,SMIC,SMIC,4
2017,2017,Aug,8/18/2017,LK,P,Red Dun Reef,261,261-500-196,1,Iso,SMIC,SMIC,3
2017,2017,Aug,8/18/2017,LK,P,Red Dun Reef,261,261-500-196,1,Iso,SMIC,SMIC,5
2017,2017,Aug,8/18/2017,LK,P,Red Dun Reef,261,261-500-196,1,Iso,SMIC,SMIC,12
2017,2017,Aug,8/18/2017,LK,P,Red Dun Reef,261,261-500-196,1,Iso,SMIC,SMIC,11
2017,2017,Aug,8/18/2017,LK,P,Red Dun Reef,261,261-500-196,1,Iso,SMIC,SMIC,5
2017,2017,Aug,8/18/2017,LK,P,Red Dun Reef,261,261-500-196,1,Iso,SMIC,SMIC,4
2017,2017,Aug,8/18/2017,LK,P,Red Dun Reef,261,261-500-196,1,Iso,SMIC,SMIC,17
2017,2017,Aug,8/18/2017,LK,P,Red Dun Reef,261,261-500-196,1,Iso,SMIC,SMIC,11
2017,2017,Aug,8/18/2017,LK,P,Red Dun Reef,261,261-500-196,1,Iso,SMIC,SMIC,10
2017,2017,Aug,8/18/2017,LK,P,Red Dun Reef,261,261-500-196,1,Iso,SMIC,SMIC,34
2017,2017,Aug,8/18/2017,LK,P,Red Dun Reef,261,261-500-196,1,Juv,SMIC,SMIC,6
2017,2017,Aug,8/18/2017,LK,P,Red Dun Reef,261,261-500-196,1,Juv,SMIC,SMIC,30
2017,2017,Aug,8/18/2017,LK,P,Red Dun Reef,261,261-500-196,1,Juv,SMIC,SMIC,11
2017,2017,Aug,8/18/2017,LK,P,Red Dun Reef,261,261-500-196,1,Juv,SMIC,SMIC,33
2017,2017,Aug,8/18/2017,LK,P,Red Dun Reef,261,261-500-196,1,Juv,SMIC,SMIC,38
2017,2017,Aug,8/18/2017,LK,P,Red Dun Reef,262,262-100-006,1,Juv,SSID,SIDE,10
2017,2017,Aug,8/18/2017,LK,P,Red Dun Reef,262,262-100-051,1,Juv,ODIF,OCUL,34
2017,2017,Aug,8/18/2017,LK,P,Red Dun Reef,262,262-100-051,1,Juv,PAME,PAME,9
2017,2017,Aug,8/18/2017,LK,P,Red Dun Reef,262,262-100-051,1,Juv,PAST,PORI,20
2017,2017,Aug,8/18/2017,LK,P,Red Dun Reef,262,262-100-051,1,Juv,SSID,SIDE,8
2017,2017,Aug,8/18/2017,LK,P,Red Dun Reef,262,262-100-051,1,Juv,SSID,SIDE,20
2017,2017,Aug,8/18/2017,LK,P,Red Dun Reef,262,262-100-051,1,Juv,SSID,SIDE,38
2017,2017,Aug,8/18/2017,LK,P,Red Dun Reef,262,262-100-051,1,Juv,SMIC,SMIC,24
2017,2017,Aug,8/18/2017,LK,P,Red Dun Reef,262,262-100-051,1,Juv,SMIC,SMIC,28
2017,2017,Aug,8/18/2017,LK,P,Red Dun Reef,262,262-100-088,1,Juv,MUSS,MUSS,13
2017,2017,Aug,8/18/2017,LK,P,Red Dun Reef,262,262-100-088,1,Juv,SSID,SIDE,20
2017,2017,Aug,8/18/2017,LK,P,Red Dun Reef,262,262-100-088,1,Juv,SSID,SIDE,20
2017,2017,Aug,8/18/2017,LK,P,Red Dun Reef,262,262-100-088,1,Juv,SSID,SIDE,25
2017,2017,Aug,8/18/2017,LK,P,Red Dun Reef,262,262-100-088,1,Juv,SSID,SIDE,29
2017,2017,Aug,8/18/2017,LK,P,Red Dun Reef,262,262-100-088,1,Juv,SMIC,SMIC,23
2017,2017,Aug,8/18/2017,LK,P,Red Dun Reef,262,262-100-137,1,Juv,SCUB,MUSS,23
2017,2017,Aug,8/18/2017,LK,P,Red Dun Reef,262,262-100-137,1,Iso,ODIF,OCUL,22
2017,2017,Aug,8/18/2017,LK,P,Red Dun Reef,262,262-100-137,1,Iso,ODIF,OCUL,23
2017,2017,Aug,8/18/2017,LK,P,Red Dun Reef,262,262-100-137,1,Iso,ODIF,OCUL,33
2017,2017,Aug,8/18/2017,LK,P,Red Dun Reef,262,262-100-137,1,Iso,ODIF,OCUL,15
2017,2017,Aug,8/18/2017,LK,P,Red Dun Reef,262,262-100-137,1,Iso,ODIF,OCUL,4
2017,2017,Aug,8/18/2017,LK,P,Red Dun Reef,262,262-100-137,1,Iso,ODIF,OCUL,3
2017,2017,Aug,8/18/2017,LK,P,Red Dun Reef,262,262-100-137,1,Iso,ODIF,OCUL,16
2017,2017,Aug,8/18/2017,LK,P,Red Dun Reef,262,262-100-137,1,Iso,ODIF,OCUL,13
2017,2017,Aug,8/18/2017,LK,P,Red Dun Reef,262,262-100-137,1,Iso,ODIF,OCUL,10
2017,2017,Aug,8/18/2017,LK,P,Red Dun Reef,262,262-100-137,1,Iso,ODIF,OCUL,12
2017,2017,Aug,8/18/2017,LK,P,Red Dun Reef,262,262-100-137,1,Iso,ODIF,OCUL,10
2017,2017,Aug,8/18/2017,LK,P,Red Dun Reef,262,262-100-137,1,Iso,ODIF,OCUL,22
2017,2017,Aug,8/18/2017,LK,P,Red Dun Reef,262,262-100-137,1,Iso,ODIF,OCUL,6
2017,2017,Aug,8/18/2017,LK,P,Red Dun Reef,262,262-100-137,1,Iso,ODIF,OCUL,3
2017,2017,Aug,8/18/2017,LK,P,Red Dun Reef,262,262-100-137,1,Iso,SSID,SIDE,35
2017,2017,Aug,8/18/2017,LK,P,Red Dun Reef,262,262-100-137,1,Juv,SSID,SIDE,13
2017,2017,Aug,8/18/2017,LK,P,Red Dun Reef,262,262-100-137,1,Juv,SSID,SIDE,32
2017,2017,Aug,8/18/2017,LK,P,Red Dun Reef,262,262-100-137,1,Juv,SSID,SIDE,12
2017,2017,Aug,8/18/2017,LK,P,Red Dun Reef,262,262-500-040,1,Juv,CNAT,CNAT,39
2017,2017,Aug,8/18/2017,LK,P,Red Dun Reef,262,262-500-040,1,Juv,PAST,PORI,34
2017,2017,Aug,8/18/2017,LK,P,Red Dun Reef,262,262-500-040,1,Iso,SSID,SIDE,5
2017,2017,Aug,8/18/2017,LK,P,Red Dun Reef,262,262-500-040,1,Iso,SSID,SIDE,6
2017,2017,Aug,8/18/2017,LK,P,Red Dun Reef,262,262-500-069,1,Juv,PAST,PORI,4
2017,2017,Aug,8/18/2017,LK,P,Red Dun Reef,262,262-500-069,1,Juv,PAST,PORI,2
2017,2017,Aug,8/18/2017,LK,P,Red Dun Reef,262,262-500-069,1,Juv,PAST,PORI,1
2017,2017,Aug,8/18/2017,LK,P,Red Dun Reef,262,262-500-069,1,Juv,PAST,PORI,1
2017,2017,Aug,8/18/2017,LK,P,Red Dun Reef,262,262-500-069,1,Juv,PAST,PORI,2
2017,2017,Aug,8/18/2017,LK,P,Red Dun Reef,262,262-500-069,1,Juv,PAST,PORI,1
2017,2017,Aug,8/18/2017,LK,P,Red Dun Reef,262,262-500-069,1,Juv,PAST,PORI,2
2017,2017,Aug,8/18/2017,LK,P,Red Dun Reef,262,262-500-069,1,Juv,PAST,PORI,3
2017,2017,Aug,8/18/2017,LK,P,Red Dun Reef,262,262-500-069,1,Juv,SSID,SIDE,1
2017,2017,Aug,8/18/2017,LK,P,Red Dun Reef,262,262-500-069,1,Juv,SSID,SIDE,3
2017,2017,Aug,8/18/2017,LK,P,Red Dun Reef,262,262-500-069,1,Juv,SSID,SIDE,12
2017,2017,Aug,8/18/2017,LK,P,Red Dun Reef,262,262-500-069,1,Juv,SSID,SIDE,15
2017,2017,Aug,8/18/2017,LK,P,Red Dun Reef,262,262-500-069,1,Juv,SSID,SIDE,5
2017,2017,Aug,8/18/2017,LK,P,Red Dun Reef,262,262-500-069,1,Juv,SSID,SIDE,6
2017,2017,Aug,8/18/2017,LK,P,Red Dun Reef,262,262-500-069,1,Juv,SSID,SIDE,6
2017,2017,Aug,8/18/2017,LK,P,Red Dun Reef,262,262-500-069,1,Juv,SSID,SIDE,4
2017,2017,Aug,8/18/2017,LK,P,Red Dun Reef,262,262-500-069,1,Juv,SSID,SIDE,6
2017,2017,Aug,8/18/2017,LK,P,Red Dun Reef,262,262-500-069,1,Juv,SSID,SIDE,24
2017,2017,Aug,8/18/2017,LK,P,Red Dun Reef,262,262-500-069,1,Juv,SSID,SIDE,8
2017,2017,Aug,8/18/2017,LK,P,Red Dun Reef,262,262-500-069,1,Juv,SSID,SIDE,18
2017,2017,Aug,8/18/2017,LK,P,Red Dun Reef,262,262-500-069,1,Juv,SSID,SIDE,18
2017,2017,Aug,8/18/2017,LK,P,Red Dun Reef,262,262-500-069,1,Juv,SSID,SIDE,35
2017,2017,Aug,8/18/2017,LK,P,Red Dun Reef,262,262-500-069,1,Juv,SMIC,SMIC,6
2017,2017,Aug,8/18/2017,LK,P,Red Dun Reef,262,262-500-069,1,Juv,SMIC,SMIC,11
2017,2017,Aug,8/18/2017,LK,P,Red Dun Reef,262,262-500-069,1,Juv,SMIC,SMIC,21
2017,2017,Aug,8/18/2017,LK,P,Red Dun Reef,262,262-500-069,1,Juv,UNKS,UNKS,1
2017,2017,Aug,8/18/2017,LK,P,Red Dun Reef,262,262-500-115,1,Juv,CNAT,CNAT,10
2017,2017,Aug,8/18/2017,LK,P,Red Dun Reef,262,262-500-115,1,Juv,PAST,PORI,4
2017,2017,Aug,8/18/2017,LK,P,Red Dun Reef,262,262-500-115,1,Juv,SSID,SIDE,3
2017,2017,Aug,8/18/2017,LK,P,Red Dun Reef,262,262-500-115,1,Juv,SSID,SIDE,30
2017,2017,Aug,8/18/2017,LK,P,Red Dun Reef,262,262-500-115,1,Juv,SSID,SIDE,37
2017,2017,Aug,8/18/2017,LK,P,Red Dun Reef,262,262-500-115,1,Juv,SSID,SIDE,10
2017,2017,Aug,8/18/2017,LK,P,Red Dun Reef,262,262-500-115,1,Juv,SSID,SIDE,2
2017,2017,Aug,8/18/2017,LK,P,Red Dun Reef,262,262-500-115,1,Juv,SSID,SIDE,28
2017,2017,Aug,8/18/2017,LK,P,Red Dun Reef,262,262-500-115,1,Juv,SMIC,SMIC,37
2017,2017,Aug,8/18/2017,LK,P,Red Dun Reef,262,262-500-219,1,Juv,AAGA,AGAR,8
2017,2017,Aug,8/18/2017,LK,P,Red Dun Reef,262,262-500-219,1,Juv,MCAV,MCAV,24
2017,2017,Aug,8/18/2017,LK,P,Red Dun Reef,262,262-500-219,1,Juv,MCAV,MCAV,9
2017,2017,Aug,8/18/2017,LK,P,Red Dun Reef,262,262-500-219,1,Juv,SCUB,MUSS,27
2017,2017,Aug,8/18/2017,LK,P,Red Dun Reef,262,262-500-219,1,Juv,PAST,PORI,4
2017,2017,Aug,8/18/2017,LK,P,Red Dun Reef,262,262-500-219,1,Iso,SSID,SIDE,37
2017,2017,Aug,8/18/2017,LK,P,Red Dun Reef,262,262-500-219,1,Juv,SSID,SIDE,23
2017,2017,Aug,8/18/2017,LK,P,Red Dun Reef,262,262-500-219,1,Juv,SSID,SIDE,7
2017,2017,Aug,8/18/2017,LK,P,Red Dun Reef,262,262-500-219,1,Juv,SSID,SIDE,34
2017,2017,Aug,8/18/2017,LK,P,Red Dun Reef,262,262-500-219,1,Juv,SSID,SIDE,6
2017,2017,Aug,8/18/2017,LK,P,Red Dun Reef,262,262-500-219,1,Juv,SSID,SIDE,2
2017,2017,Aug,8/18/2017,LK,P,Red Dun Reef,262,262-500-219,1,Uns,SMIC,SMIC,36
2017,2017,Aug,8/18/2017,LK,P,Red Dun Reef,262,262-500-219,1,Juv,SMIC,SMIC,39
2017,2017,Aug,8/18/2017,LK,P,Red Dun Reef,262,262-500-219,1,Juv,SMIC,SMIC,25
2017,2017,Aug,8/18/2017,LK,P,Red Dun Reef,262,262-500-219,1,Juv,UNKS,UNKS,10
2017,2017,Aug,8/18/2017,LK,P,Red Dun Reef,263,263-100-000,1,Juv,SSID,SIDE,7
2017,2017,Aug,8/18/2017,LK,P,Red Dun Reef,263,263-100-000,1,Juv,SMIC,SMIC,23
2017,2017,Aug,8/18/2017,LK,P,Red Dun Reef,263,263-100-000,1,Juv,SMIC,SMIC,10
2017,2017,Aug,8/18/2017,LK,P,Red Dun Reef,263,263-100-000,1,Juv,SMIC,SMIC,3
2017,2017,Aug,8/18/2017,LK,P,Red Dun Reef,263,263-100-028,1,Iso,CNAT,CNAT,21
2017,2017,Aug,8/18/2017,LK,P,Red Dun Reef,263,263-100-028,1,Iso,CNAT,CNAT,33
2017,2017,Aug,8/18/2017,LK,P,Red Dun Reef,263,263-100-028,1,Juv,DSTO,DSTO,18
2017,2017,Aug,8/18/2017,LK,P,Red Dun Reef,263,263-100-028,1,Iso,SSID,SIDE,31
2017,2017,Aug,8/18/2017,LK,P,Red Dun Reef,263,263-100-028,1,Iso,SSID,SIDE,26
2017,2017,Aug,8/18/2017,LK,P,Red Dun Reef,263,263-100-028,1,Iso,SSID,SIDE,37
2017,2017,Aug,8/18/2017,LK,P,Red Dun Reef,263,263-100-028,1,Iso,SSID,SIDE,8
2017,2017,Aug,8/18/2017,LK,P,Red Dun Reef,263,263-100-028,1,Iso,SSID,SIDE,8
2017,2017,Aug,8/18/2017,LK,P,Red Dun Reef,263,263-100-028,1,Iso,SSID,SIDE,7
2017,2017,Aug,8/18/2017,LK,P,Red Dun Reef,263,263-100-028,1,Iso,SSID,SIDE,22
2017,2017,Aug,8/18/2017,LK,P,Red Dun Reef,263,263-100-028,1,Juv,SSID,SIDE,11
2017,2017,Aug,8/18/2017,LK,P,Red Dun Reef,263,263-100-028,1,Juv,SSID,SIDE,16
2017,2017,Aug,8/18/2017,LK,P,Red Dun Reef,263,263-100-028,1,Juv,SSID,SIDE,28
2017,2017,Aug,8/18/2017,LK,P,Red Dun Reef,263,263-100-028,1,Juv,SSID,SIDE,8
2017,2017,Aug,8/18/2017,LK,P,Red Dun Reef,263,263-100-028,1,Juv,SSID,SIDE,4
2017,2017,Aug,8/18/2017,LK,P,Red Dun Reef,263,263-100-028,1,Juv,SMIC,SMIC,24
2017,2017,Aug,8/18/2017,LK,P,Red Dun Reef,263,263-100-083,1,Iso,AAGA,AGAR,5
2017,2017,Aug,8/18/2017,LK,P,Red Dun Reef,263,263-100-083,1,Iso,AAGA,AGAR,7
2017,2017,Aug,8/18/2017,LK,P,Red Dun Reef,263,263-100-083,1,Iso,AAGA,AGAR,2
2017,2017,Aug,8/18/2017,LK,P,Red Dun Reef,263,263-100-083,1,Juv,PAST,PORI,27
2017,2017,Aug,8/18/2017,LK,P,Red Dun Reef,263,263-100-083,1,Juv,SSID,SIDE,13
2017,2017,Aug,8/18/2017,LK,P,Red Dun Reef,263,263-100-083,1,Juv,SSID,SIDE,16
2017,2017,Aug,8/18/2017,LK,P,Red Dun Reef,263,263-100-083,1,Juv,SSID,SIDE,17
2017,2017,Aug,8/18/2017,LK,P,Red Dun Reef,263,263-100-083,1,Juv,SSID,SIDE,25
2017,2017,Aug,8/18/2017,LK,P,Red Dun Reef,263,263-100-181,1,Juv,PAME,PAME,9
2017,2017,Aug,8/18/2017,LK,P,Red Dun Reef,263,263-100-181,1,Juv,SSID,SIDE,6
2017,2017,Aug,8/18/2017,LK,P,Red Dun Reef,263,263-100-181,1,Juv,SSID,SIDE,2
2017,2017,Aug,8/18/2017,LK,P,Red Dun Reef,263,263-100-181,1,Juv,SSID,SIDE,4
2017,2017,Aug,8/18/2017,LK,P,Red Dun Reef,263,263-100-181,1,Juv,SSID,SIDE,10
2017,2017,Aug,8/18/2017,LK,P,Red Dun Reef,263,263-100-181,1,Juv,SMIC,SMIC,25
2017,2017,Aug,8/18/2017,LK,P,Red Dun Reef,263,263-500-015,1,Iso,ORBI,ORBI,22
2017,2017,Aug,8/18/2017,LK,P,Red Dun Reef,263,263-500-015,1,Juv,SSID,SIDE,3
2017,2017,Aug,8/18/2017,LK,P,Red Dun Reef,263,263-500-015,1,Juv,SSID,SIDE,7
2017,2017,Aug,8/18/2017,LK,P,Red Dun Reef,263,263-500-015,1,Juv,SSID,SIDE,14
2017,2017,Aug,8/18/2017,LK,P,Red Dun Reef,263,263-500-015,1,Juv,SSID,SIDE,7
2017,2017,Aug,8/18/2017,LK,P,Red Dun Reef,263,263-500-015,1,Juv,SMIC,SMIC,13
2017,2017,Aug,8/18/2017,LK,P,Red Dun Reef,263,263-500-118,1,Juv,PAST,PORI,21
2017,2017,Aug,8/18/2017,LK,P,Red Dun Reef,263,263-500-118,1,Juv,PAST,PORI,33
2017,2017,Aug,8/18/2017,LK,P,Red Dun Reef,263,263-500-118,1,Juv,PAST,PORI,29
2017,2017,Aug,8/18/2017,LK,P,Red Dun Reef,263,263-500-118,1,Juv,PAST,PORI,24
2017,2017,Aug,8/18/2017,LK,P,Red Dun Reef,263,263-500-118,1,Juv,PAST,PORI,14
2017,2017,Aug,8/18/2017,LK,P,Red Dun Reef,263,263-500-118,1,Juv,PAST,PORI,4
2017,2017,Aug,8/18/2017,LK,P,Red Dun Reef,263,263-500-118,1,Juv,PAST,PORI,4
2017,2017,Aug,8/18/2017,LK,P,Red Dun Reef,263,263-500-118,1,Juv,PAST,PORI,6
2017,2017,Aug,8/18/2017,LK,P,Red Dun Reef,263,263-500-118,1,Juv,PAST,PORI,3
2017,2017,Aug,8/18/2017,LK,P,Red Dun Reef,263,263-500-118,1,Juv,PAST,PORI,2
2017,2017,Aug,8/18/2017,LK,P,Red Dun Reef,263,263-500-118,1,Juv,PAST,PORI,4
2017,2017,Aug,8/18/2017,LK,P,Red Dun Reef,263,263-500-118,1,Juv,SSID,SIDE,11
2017,2017,Aug,8/18/2017,LK,P,Red Dun Reef,263,263-500-118,1,Juv,SSID,SIDE,23
2017,2017,Aug,8/18/2017,LK,P,Red Dun Reef,263,263-500-118,1,Juv,SSID,SIDE,23
2017,2017,Aug,8/18/2017,LK,P,Red Dun Reef,263,263-500-118,1,Juv,SSID,SIDE,14
2017,2017,Aug,8/18/2017,LK,P,Red Dun Reef,263,263-500-118,1,Juv,SSID,SIDE,15
2017,2017,Aug,8/18/2017,LK,P,Red Dun Reef,263,263-500-118,1,Juv,SSID,SIDE,2
2017,2017,Aug,8/18/2017,LK,P,Red Dun Reef,263,263-500-118,1,Juv,SSID,SIDE,13
2017,2017,Aug,8/18/2017,LK,P,Red Dun Reef,263,263-500-118,1,Juv,SSID,SIDE,7
2017,2017,Aug,8/18/2017,LK,P,Red Dun Reef,263,263-500-118,1,Juv,SSID,SIDE,5
2017,2017,Aug,8/18/2017,LK,P,Red Dun Reef,263,263-500-118,1,Juv,SSID,SIDE,4
2017,2017,Aug,8/18/2017,LK,P,Red Dun Reef,263,263-500-118,1,Juv,SSID,SIDE,3
2017,2017,Aug,8/18/2017,LK,P,Red Dun Reef,263,263-500-118,1,Juv,SSID,SIDE,8
2017,2017,Aug,8/18/2017,LK,P,Red Dun Reef,263,263-500-137,1,Juv,MCAV,MCAV,8
2017,2017,Aug,8/18/2017,LK,P,Red Dun Reef,263,263-500-137,1,Juv,MCAV,MCAV,13
2017,2017,Aug,8/18/2017,LK,P,Red Dun Reef,263,263-500-137,1,Iso,ORBI,ORBI,37
2017,2017,Aug,8/18/2017,LK,P,Red Dun Reef,263,263-500-137,1,Iso,ORBI,ORBI,35
2017,2017,Aug,8/18/2017,LK,P,Red Dun Reef,263,263-500-137,1,Iso,ORBI,ORBI,20
2017,2017,Aug,8/18/2017,LK,P,Red Dun Reef,263,263-500-137,1,Iso,ORBI,ORBI,29
2017,2017,Aug,8/18/2017,LK,P,Red Dun Reef,263,263-500-137,1,Juv,PAST,PORI,29
2017,2017,Aug,8/18/2017,LK,P,Red Dun Reef,263,263-500-137,1,Juv,PAST,PORI,13
2017,2017,Aug,8/18/2017,LK,P,Red Dun Reef,263,263-500-137,1,Juv,PAST,PORI,24
2017,2017,Aug,8/18/2017,LK,P,Red Dun Reef,263,263-500-137,1,Juv,PPOR,PORI,10
2017,2017,Aug,8/18/2017,LK,P,Red Dun Reef,263,263-500-137,1,Juv,PPOR,PORI,25
2017,2017,Aug,8/18/2017,LK,P,Red Dun Reef,263,263-500-137,1,Juv,SSID,SIDE,10
2017,2017,Aug,8/18/2017,LK,P,Red Dun Reef,263,263-500-137,1,Juv,SSID,SIDE,17
2017,2017,Aug,8/18/2017,LK,P,Red Dun Reef,263,263-500-137,1,Juv,SSID,SIDE,20
2017,2017,Aug,8/18/2017,LK,P,Red Dun Reef,263,263-500-137,1,Juv,SSID,SIDE,1
2017,2017,Aug,8/18/2017,LK,P,Red Dun Reef,263,263-500-158,1,Juv,SSID,SIDE,13
2017,2017,Aug,8/18/2017,LK,P,Red Dun Reef,263,263-500-158,1,Juv,SSID,SIDE,4
2017,2017,Aug,8/18/2017,LK,P,Red Dun Reef,263,263-500-158,1,Juv,SSID,SIDE,2
2017,2017,Aug,8/18/2017,LK,P,Red Dun Reef,263,263-500-158,1,Juv,SSID,SIDE,29
2017,2017,Aug,8/18/2017,LK,P,Red Dun Reef,263,263-500-158,1,Juv,SMIC,SMIC,30
2017,2017,Aug,8/18/2017,LK,P,Red Dun Reef,264,264-100-025,1,Juv,MCAV,MCAV,4
2017,2017,Aug,8/18/2017,LK,P,Red Dun Reef,264,264-100-025,1,Juv,MUSS,MUSS,7
2017,2017,Aug,8/18/2017,LK,P,Red Dun Reef,264,264-100-025,1,Juv,MUSS,MUSS,16
2017,2017,Aug,8/18/2017,LK,P,Red Dun Reef,264,264-100-025,1,Juv,SCUB,MUSS,12
2017,2017,Aug,8/18/2017,LK,P,Red Dun Reef,264,264-100-025,1,Juv,PAST,PORI,3
2017,2017,Aug,8/18/2017,LK,P,Red Dun Reef,264,264-100-025,1,Juv,SSID,SIDE,3
2017,2017,Aug,8/18/2017,LK,P,Red Dun Reef,264,264-100-025,1,Juv,SSID,SIDE,9
2017,2017,Aug,8/18/2017,LK,P,Red Dun Reef,264,264-100-025,1,Juv,SSID,SIDE,10
2017,2017,Aug,8/18/2017,LK,P,Red Dun Reef,264,264-100-025,1,Juv,SSID,SIDE,18
2017,2017,Aug,8/18/2017,LK,P,Red Dun Reef,264,264-100-025,1,Juv,SMIC,SMIC,21
2017,2017,Aug,8/18/2017,LK,P,Red Dun Reef,264,264-100-025,1,Juv,SMIC,SMIC,5
2017,2017,Aug,8/18/2017,LK,P,Red Dun Reef,264,264-100-025,1,Juv,SMIC,SMIC,8
2017,2017,Aug,8/18/2017,LK,P,Red Dun Reef,264,264-100-025,1,Juv,SMIC,SMIC,21
2017,2017,Aug,8/18/2017,LK,P,Red Dun Reef,264,264-100-069,1,Juv,DSTO,DSTO,20
2017,2017,Aug,8/18/2017,LK,P,Red Dun Reef,264,264-100-069,1,Juv,SCUB,MUSS,30
2017,2017,Aug,8/18/2017,LK,P,Red Dun Reef,264,264-100-069,1,Juv,SCUB,MUSS,15
2017,2017,Aug,8/18/2017,LK,P,Red Dun Reef,264,264-100-069,1,Juv,PAST,PORI,1
2017,2017,Aug,8/18/2017,LK,P,Red Dun Reef,264,264-100-069,1,Juv,PAST,PORI,4
2017,2017,Aug,8/18/2017,LK,P,Red Dun Reef,264,264-100-069,1,Juv,PAST,PORI,4
2017,2017,Aug,8/18/2017,LK,P,Red Dun Reef,264,264-100-069,1,Juv,SSID,SIDE,3
2017,2017,Aug,8/18/2017,LK,P,Red Dun Reef,264,264-100-069,1,Juv,SSID,SIDE,23
2017,2017,Aug,8/18/2017,LK,P,Red Dun Reef,264,264-100-069,1,Juv,SSID,SIDE,33
2017,2017,Aug,8/18/2017,LK,P,Red Dun Reef,264,264-100-069,1,Juv,SSID,SIDE,33
2017,2017,Aug,8/18/2017,LK,P,Red Dun Reef,264,264-100-069,1,Juv,SSID,SIDE,11
2017,2017,Aug,8/18/2017,LK,P,Red Dun Reef,264,264-100-069,1,Iso,SMIC,SMIC,14
2017,2017,Aug,8/18/2017,LK,P,Red Dun Reef,264,264-100-069,1,Juv,SMIC,SMIC,38
2017,2017,Aug,8/18/2017,LK,P,Red Dun Reef,264,264-100-069,1,Juv,SMIC,SMIC,34
2017,2017,Aug,8/18/2017,LK,P,Red Dun Reef,264,264-100-091,1,Iso,CNAT,CNAT,10
2017,2017,Aug,8/18/2017,LK,P,Red Dun Reef,264,264-100-091,1,Juv,PAST,PORI,17
2017,2017,Aug,8/18/2017,LK,P,Red Dun Reef,264,264-100-091,1,Juv,PAST,PORI,2
2017,2017,Aug,8/18/2017,LK,P,Red Dun Reef,264,264-100-091,1,Juv,SSID,SIDE,12
2017,2017,Aug,8/18/2017,LK,P,Red Dun Reef,264,264-100-091,1,Juv,SSID,SIDE,5
2017,2017,Aug,8/18/2017,LK,P,Red Dun Reef,264,264-100-091,1,Juv,SSID,SIDE,10
2017,2017,Aug,8/18/2017,LK,P,Red Dun Reef,264,264-100-091,1,Juv,SSID,SIDE,32
2017,2017,Aug,8/18/2017,LK,P,Red Dun Reef,264,264-100-091,1,Juv,SMIC,SMIC,20
2017,2017,Aug,8/18/2017,LK,P,Red Dun Reef,264,264-100-133,1,Juv,SIDE,SIDE,1
2017,2017,Aug,8/18/2017,LK,P,Red Dun Reef,264,264-100-133,1,Juv,SIDE,SIDE,1
2017,2017,Aug,8/18/2017,LK,P,Red Dun Reef,264,264-100-133,1,Juv,SMIC,SMIC,10
2017,2017,Aug,8/18/2017,LK,P,Red Dun Reef,264,264-500-016,1,Iso,EFAS,EFAS,20
2017,2017,Aug,8/18/2017,LK,P,Red Dun Reef,264,264-500-016,1,Iso,EFAS,EFAS,10
2017,2017,Aug,8/18/2017,LK,P,Red Dun Reef,264,264-500-016,1,Iso,EFAS,EFAS,9
2017,2017,Aug,8/18/2017,LK,P,Red Dun Reef,264,264-500-016,1,Juv,SSID,SIDE,39
2017,2017,Aug,8/18/2017,LK,P,Red Dun Reef,264,264-500-016,1,Juv,SSID,SIDE,8
2017,2017,Aug,8/18/2017,LK,P,Red Dun Reef,264,264-500-016,1,Juv,SSID,SIDE,5
2017,2017,Aug,8/18/2017,LK,P,Red Dun Reef,264,264-500-016,1,Juv,SSID,SIDE,7
2017,2017,Aug,8/18/2017,LK,P,Red Dun Reef,264,264-500-016,1,Juv,SSID,SIDE,6
2017,2017,Aug,8/18/2017,LK,P,Red Dun Reef,264,264-500-016,1,Juv,SMIC,SMIC,9
2017,2017,Aug,8/18/2017,LK,P,Red Dun Reef,264,264-500-033,1,Juv,MCAV,MCAV,22
2017,2017,Aug,8/18/2017,LK,P,Red Dun Reef,264,264-500-033,1,Juv,PAST,PORI,2
2017,2017,Aug,8/18/2017,LK,P,Red Dun Reef,264,264-500-033,1,Juv,PAST,PORI,3
2017,2017,Aug,8/18/2017,LK,P,Red Dun Reef,264,264-500-033,1,Juv,SSID,SIDE,17
2017,2017,Aug,8/18/2017,LK,P,Red Dun Reef,264,264-500-033,1,Juv,SSID,SIDE,4
2017,2017,Aug,8/18/2017,LK,P,Red Dun Reef,264,264-500-033,1,Juv,SSID,SIDE,4
2017,2017,Aug,8/18/2017,LK,P,Red Dun Reef,264,264-500-033,1,Juv,SSID,SIDE,7
2017,2017,Aug,8/18/2017,LK,P,Red Dun Reef,264,264-500-033,1,Juv,SSID,SIDE,2
2017,2017,Aug,8/18/2017,LK,P,Red Dun Reef,264,264-500-033,1,Juv,SSID,SIDE,6
2017,2017,Aug,8/18/2017,LK,P,Red Dun Reef,264,264-500-033,1,Juv,SSID,SIDE,25
2017,2017,Aug,8/18/2017,LK,P,Red Dun Reef,264,264-500-033,1,Juv,SMIC,SMIC,21
2017,2017,Aug,8/18/2017,LK,P,Red Dun Reef,264,264-500-147,1,Juv,AAGA,AGAR,7
2017,2017,Aug,8/18/2017,LK,P,Red Dun Reef,264,264-500-147,1,Juv,DSTO,DSTO,12
2017,2017,Aug,8/18/2017,LK,P,Red Dun Reef,264,264-500-147,1,Juv,SCUB,MUSS,13
2017,2017,Aug,8/18/2017,LK,P,Red Dun Reef,264,264-500-147,1,Juv,PAST,PORI,23
2017,2017,Aug,8/18/2017,LK,P,Red Dun Reef,264,264-500-147,1,Juv,PAST,PORI,38
2017,2017,Aug,8/18/2017,LK,P,Red Dun Reef,264,264-500-147,1,Iso,PPOR,PORI,27
2017,2017,Aug,8/18/2017,LK,P,Red Dun Reef,264,264-500-147,1,Iso,PPOR,PORI,22
2017,2017,Aug,8/18/2017,LK,P,Red Dun Reef,264,264-500-147,1,Juv,SSID,SIDE,39
2017,2017,Aug,8/18/2017,LK,P,Red Dun Reef,264,264-500-147,1,Juv,SSID,SIDE,36
2017,2017,Aug,8/18/2017,LK,P,Red Dun Reef,264,264-500-147,1,Juv,SSID,SIDE,3
2017,2017,Aug,8/18/2017,LK,P,Red Dun Reef,264,264-500-172,1,Iso,ORBI,ORBI,18
2017,2017,Aug,8/18/2017,LK,P,Red Dun Reef,264,264-500-172,1,Juv,PAST,PORI,3
2017,2017,Aug,8/18/2017,LK,P,Red Dun Reef,264,264-500-172,1,Juv,PAST,PORI,22
2017,2017,Aug,8/18/2017,LK,P,Red Dun Reef,264,264-500-172,1,Juv,SSID,SIDE,2
2017,2017,Aug,8/18/2017,LK,P,Red Dun Reef,264,264-500-172,1,Juv,SSID,SIDE,22
2017,2017,Aug,8/18/2017,LK,P,Red Dun Reef,264,264-500-172,1,Juv,SSID,SIDE,3
2017,2017,Aug,8/18/2017,LK,P,Red Dun Reef,264,264-500-172,1,Juv,SSID,SIDE,14
2017,2017,Aug,8/18/2017,LK,P,Red Dun Reef,264,264-500-172,1,Juv,SSID,SIDE,28
2017,2017,Aug,8/18/2017,LK,P,Red Dun Reef,264,264-500-172,1,Juv,SSID,SIDE,30
2017,2017,Aug,8/18/2017,LK,P,Red Dun Reef,264,264-500-172,1,Juv,SSID,SIDE,15
2017,2017,Aug,8/18/2017,LK,P,Red Dun Reef,264,264-500-172,1,Juv,SSID,SIDE,4
2017,2017,Aug,8/18/2017,LK,P,Red Dun Reef,264,264-500-172,1,Juv,SMIC,SMIC,23
2017,2017,Aug,8/18/2017,LK,P,Red Dun Reef,264,264-500-172,1,Juv,SMIC,SMIC,25
2017,2017,Aug,8/18/2017,LK,P,Red Dun Reef,264,264-500-172,1,Juv,SMIC,SMIC,30
2017,2017,Aug,8/18/2017,LK,P,Red Dun Reef,264,264-500-172,1,Juv,SMIC,SMIC,12
2017,2017,July,7/11/2017,UK,P,Porter Patch,321,321-100-017,1,Juv,PAST,PORI,13
2017,2017,July,7/11/2017,UK,P,Porter Patch,321,321-100-017,1,Juv,SRAD,SIDE,18
2017,2017,July,7/11/2017,UK,P,Porter Patch,321,321-100-058,1,Juv,DSTO,DSTO,7
2017,2017,July,7/11/2017,UK,P,Porter Patch,321,321-100-058,1,Juv,SSID,SIDE,18
2017,2017,July,7/11/2017,UK,P,Porter Patch,321,321-100-136,1,Juv,PPOR,PORI,16
2017,2017,July,7/11/2017,UK,P,Porter Patch,321,321-100-136,1,Juv,SRAD,SIDE,28
2017,2017,July,7/11/2017,UK,P,Porter Patch,321,321-100-136,1,Juv,SSID,SIDE,10
2017,2017,July,7/11/2017,UK,P,Porter Patch,321,321-100-163,0,NA,NA,NA,NA
2017,2017,July,7/11/2017,UK,P,Porter Patch,321,321-500-024,1,Juv,DSTO,DSTO,15
2017,2017,July,7/11/2017,UK,P,Porter Patch,321,321-500-024,1,Juv,SRAD,SIDE,10
2017,2017,July,7/11/2017,UK,P,Porter Patch,321,321-500-049,1,Juv,PAST,PORI,35
2017,2017,July,7/11/2017,UK,P,Porter Patch,321,321-500-049,1,Iso,PPOR,PORI,26
2017,2017,July,7/11/2017,UK,P,Porter Patch,321,321-500-049,1,Juv,SIDE,SIDE,3
2017,2017,July,7/11/2017,UK,P,Porter Patch,321,321-500-049,1,Iso,SSID,SIDE,38
2017,2017,July,7/11/2017,UK,P,Porter Patch,321,321-500-049,1,Juv,SSID,SIDE,9
2017,2017,July,7/11/2017,UK,P,Porter Patch,321,321-500-049,1,Juv,SSID,SIDE,6
2017,2017,July,7/11/2017,UK,P,Porter Patch,321,321-500-049,1,Juv,SSID,SIDE,6
2017,2017,July,7/11/2017,UK,P,Porter Patch,321,321-500-049,1,Juv,SSID,SIDE,3
2017,2017,July,7/11/2017,UK,P,Porter Patch,321,321-500-049,1,Juv,SSID,SIDE,11
2017,2017,July,7/11/2017,UK,P,Porter Patch,321,321-500-049,1,Juv,UNKS,UNKS,2
2017,2017,July,7/11/2017,UK,P,Porter Patch,321,321-500-085,0,NA,NA,NA,NA
2017,2017,July,7/11/2017,UK,P,Porter Patch,321,321-500-212,1,Juv,PAST,PORI,17
2017,2017,July,7/11/2017,UK,P,Porter Patch,322,322-100-026,1,Iso,PPOR,PORI,7
2017,2017,July,7/11/2017,UK,P,Porter Patch,322,322-100-069,1,Juv,PAST,PORI,21
2017,2017,July,7/11/2017,UK,P,Porter Patch,322,322-100-069,1,Iso,SSID,SIDE,8
2017,2017,July,7/11/2017,UK,P,Porter Patch,322,322-100-069,1,Iso,SSID,SIDE,10
2017,2017,July,7/11/2017,UK,P,Porter Patch,322,322-100-069,1,Iso,SSID,SIDE,5
2017,2017,July,7/11/2017,UK,P,Porter Patch,322,322-100-069,1,Iso,SSID,SIDE,26
2017,2017,July,7/11/2017,UK,P,Porter Patch,322,322-100-069,1,Iso,SSID,SIDE,7
2017,2017,July,7/11/2017,UK,P,Porter Patch,322,322-100-069,1,Iso,SSID,SIDE,5
2017,2017,July,7/11/2017,UK,P,Porter Patch,322,322-100-069,1,Iso,SSID,SIDE,3
2017,2017,July,7/11/2017,UK,P,Porter Patch,322,322-100-069,1,Iso,SSID,SIDE,3
2017,2017,July,7/11/2017,UK,P,Porter Patch,322,322-100-069,1,Iso,SSID,SIDE,10
2017,2017,July,7/11/2017,UK,P,Porter Patch,322,322-100-069,1,Juv,SSID,SIDE,28
2017,2017,July,7/11/2017,UK,P,Porter Patch,322,322-100-118,1,Iso,SSID,SIDE,15
2017,2017,July,7/11/2017,UK,P,Porter Patch,322,322-100-118,1,Iso,SSID,SIDE,38
2017,2017,July,7/11/2017,UK,P,Porter Patch,322,322-100-202,0,NA,NA,NA,NA
2017,2017,July,7/11/2017,UK,P,Porter Patch,322,322-100-223,1,Juv,DIPL,DIPL,28
2017,2017,July,7/11/2017,UK,P,Porter Patch,322,322-500-059,1,Juv,PAST,PORI,16
2017,2017,July,7/11/2017,UK,P,Porter Patch,322,322-500-059,1,Iso,PPOR,PORI,19
2017,2017,July,7/11/2017,UK,P,Porter Patch,322,322-500-059,1,Iso,PPOR,PORI,16
2017,2017,July,7/11/2017,UK,P,Porter Patch,322,322-500-059,1,Iso,PPOR,PORI,18
2017,2017,July,7/11/2017,UK,P,Porter Patch,322,322-500-070,1,Juv,PAST,PORI,13
2017,2017,July,7/11/2017,UK,P,Porter Patch,322,322-500-070,1,Juv,PAST,PORI,8
2017,2017,July,7/11/2017,UK,P,Porter Patch,322,322-500-070,1,Iso,SSID,SIDE,14
2017,2017,July,7/11/2017,UK,P,Porter Patch,322,322-500-070,1,Iso,SSID,SIDE,17
2017,2017,July,7/11/2017,UK,P,Porter Patch,322,322-500-070,1,Iso,SSID,SIDE,3
2017,2017,July,7/11/2017,UK,P,Porter Patch,322,322-500-070,1,Juv,SSID,SIDE,7
2017,2017,July,7/11/2017,UK,P,Porter Patch,322,322-500-091,1,Juv,PPOR,PORI,38
2017,2017,July,7/11/2017,UK,P,Porter Patch,323,323-100-021,1,Juv,SRAD,SIDE,15
2017,2017,July,7/11/2017,UK,P,Porter Patch,323,323-100-021,1,Juv,SSID,SIDE,2
2017,2017,July,7/11/2017,UK,P,Porter Patch,323,323-100-021,1,Juv,SSID,SIDE,3
2017,2017,July,7/11/2017,UK,P,Porter Patch,323,323-100-072,1,Iso,PAST,PORI,14
2017,2017,July,7/11/2017,UK,P,Porter Patch,323,323-100-115,0,NA,NA,NA,NA
2017,2017,July,7/11/2017,UK,P,Porter Patch,323,323-100-126,1,Juv,SRAD,SIDE,26
2017,2017,July,7/11/2017,UK,P,Porter Patch,323,323-100-223,1,Iso,PPOR,PORI,18
2017,2017,July,7/11/2017,UK,P,Porter Patch,323,323-100-223,1,Juv,SSID,SIDE,34
2017,2017,July,7/11/2017,UK,P,Porter Patch,323,323-100-223,1,Juv,SSID,SIDE,22
2017,2017,July,7/11/2017,UK,P,Porter Patch,323,323-500-064,1,Juv,PORI,PORI,9
2017,2017,July,7/11/2017,UK,P,Porter Patch,323,323-500-064,1,Juv,SSID,SIDE,24
2017,2017,July,7/11/2017,UK,P,Porter Patch,323,323-500-144,1,Juv,SRAD,SIDE,31
2017,2017,July,7/11/2017,UK,P,Porter Patch,323,323-500-156,0,NA,NA,NA,NA
2017,2017,July,7/11/2017,UK,P,Porter Patch,324,324-100-022,1,Juv,PAST,PORI,28
2017,2017,July,7/11/2017,UK,P,Porter Patch,324,324-100-022,1,Juv,SRAD,SIDE,32
2017,2017,July,7/11/2017,UK,P,Porter Patch,324,324-100-046,1,Iso,AAGA,AGAR,15
2017,2017,July,7/11/2017,UK,P,Porter Patch,324,324-100-046,1,Iso,AAGA,AGAR,18
2017,2017,July,7/11/2017,UK,P,Porter Patch,324,324-100-046,1,Juv,DSTO,DSTO,22
2017,2017,July,7/11/2017,UK,P,Porter Patch,324,324-100-046,1,Juv,PPOR,PORI,14
2017,2017,July,7/11/2017,UK,P,Porter Patch,324,324-100-095,1,Juv,MCAV,MCAV,25
2017,2017,July,7/11/2017,UK,P,Porter Patch,324,324-100-199,1,Juv,PAST,PORI,39
2017,2017,July,7/11/2017,UK,P,Porter Patch,324,324-100-199,1,Juv,PAST,PORI,33
2017,2017,July,7/11/2017,UK,P,Porter Patch,324,324-500-036,1,Juv,PAST,PORI,29
2017,2017,July,7/11/2017,UK,P,Porter Patch,324,324-500-036,1,Juv,SRAD,SIDE,39
2017,2017,July,7/11/2017,UK,P,Porter Patch,324,324-500-036,1,Juv,SSID,SIDE,4
2017,2017,July,7/11/2017,UK,P,Porter Patch,324,324-500-036,1,Juv,SSID,SIDE,10
2017,2017,July,7/11/2017,UK,P,Porter Patch,324,324-500-064,1,Juv,SSID,SIDE,11
2017,2017,July,7/11/2017,UK,P,Porter Patch,324,324-500-064,1,Juv,SSID,SIDE,5
2017,2017,July,7/11/2017,UK,P,Porter Patch,324,324-500-158,0,NA,NA,NA,NA
2017,2017,July,7/11/2017,UK,P,Porter Patch,324,324-500-209,1,Iso,AAGA,AGAR,33
2017,2017,July,7/11/2017,UK,P,Porter Patch,324,324-500-209,1,Iso,AAGA,AGAR,13
2017,2017,July,7/11/2017,UK,P,Porter Patch,324,324-500-209,1,Iso,AAGA,AGAR,14
2017,2017,July,7/11/2017,UK,P,Porter Patch,324,324-500-209,1,Juv,PAST,PORI,23
2017,2017,July,7/14/2017,UK,P,Admiral,331,331-100-098,1,Juv,PAST,PORI,6
2017,2017,July,7/14/2017,UK,P,Admiral,331,331-100-139,1,Juv,SRAD,SIDE,38
2017,2017,July,7/14/2017,UK,P,Admiral,331,331-100-183,1,Juv,PAST,PORI,7
2017,2017,July,7/14/2017,UK,P,Admiral,331,331-100-183,1,Juv,PAST,PORI,17
2017,2017,July,7/14/2017,UK,P,Admiral,331,331-100-183,1,Iso,SSID,SIDE,8
2017,2017,July,7/14/2017,UK,P,Admiral,331,331-100-183,1,Iso,SSID,SIDE,19
2017,2017,July,7/14/2017,UK,P,Admiral,331,331-100-183,1,Juv,SSID,SIDE,12
2017,2017,July,7/14/2017,UK,P,Admiral,331,331-100-183,1,Juv,SSID,SIDE,32
2017,2017,July,7/14/2017,UK,P,Admiral,331,331-500-012,0,NA,NA,NA,NA
2017,2017,July,7/14/2017,UK,P,Admiral,331,331-500-033,0,NA,NA,NA,NA
2017,2017,July,7/14/2017,UK,P,Admiral,331,331-500-104,1,Juv,AAGA,AGAR,23
2017,2017,July,7/14/2017,UK,P,Admiral,331,331-500-104,1,Juv,CNAT,CNAT,13
2017,2017,July,7/14/2017,UK,P,Admiral,331,331-500-180,0,NA,NA,NA,NA
2017,2017,July,7/14/2017,UK,P,Admiral,331,331-500-221,0,NA,NA,NA,NA
2017,2017,July,7/14/2017,UK,P,Admiral,332,332-100-024,0,NA,NA,NA,NA
2017,2017,July,7/14/2017,UK,P,Admiral,332,332-100-094,0,NA,NA,NA,NA
2017,2017,July,7/14/2017,UK,P,Admiral,332,332-100-102,0,NA,NA,NA,NA
2017,2017,July,7/14/2017,UK,P,Admiral,332,332-100-177,0,NA,NA,NA,NA
2017,2017,July,7/14/2017,UK,P,Admiral,332,332-500-017,0,NA,NA,NA,NA
2017,2017,July,7/14/2017,UK,P,Admiral,332,332-500-081,1,Juv,PAST,PORI,5
2017,2017,July,7/14/2017,UK,P,Admiral,332,332-500-094,1,Juv,SRAD,SIDE,6
2017,2017,July,7/14/2017,UK,P,Admiral,332,332-500-154,0,NA,NA,NA,NA
2017,2017,July,7/14/2017,UK,P,Admiral,333,333-100-060,0,NA,NA,NA,NA
2017,2017,July,7/14/2017,UK,P,Admiral,333,333-100-084,0,NA,NA,NA,NA
2017,2017,July,7/14/2017,UK,P,Admiral,333,333-100-091,0,NA,NA,NA,NA
2017,2017,July,7/14/2017,UK,P,Admiral,333,333-100-192,1,Juv,SSID,SIDE,18
2017,2017,July,7/14/2017,UK,P,Admiral,333,333-500-022,0,NA,NA,NA,NA
2017,2017,July,7/14/2017,UK,P,Admiral,333,333-500-111,1,Juv,PAST,PORI,5
2017,2017,July,7/14/2017,UK,P,Admiral,333,333-500-154,1,Juv,PAST,PORI,30
2017,2017,July,7/14/2017,UK,P,Admiral,333,333-500-195,0,NA,NA,NA,NA
2017,2017,July,7/14/2017,UK,P,Admiral,334,334-100-035,1,Juv,SRAD,SIDE,20
2017,2017,July,7/14/2017,UK,P,Admiral,334,334-100-067,1,Juv,SRAD,SIDE,11
2017,2017,July,7/14/2017,UK,P,Admiral,334,334-100-067,1,Juv,SSID,SIDE,6
2017,2017,July,7/14/2017,UK,P,Admiral,334,334-100-067,1,Juv,SSID,SIDE,2
2017,2017,July,7/14/2017,UK,P,Admiral,334,334-100-139,1,Juv,SSID,SIDE,14
2017,2017,July,7/14/2017,UK,P,Admiral,334,334-100-194,1,Juv,PAST,PORI,29
2017,2017,July,7/14/2017,UK,P,Admiral,334,334-100-194,1,Uns,SSID,SIDE,4
2017,2017,July,7/14/2017,UK,P,Admiral,334,334-100-194,1,Juv,SSID,SIDE,7
2017,2017,July,7/14/2017,UK,P,Admiral,334,334-100-194,1,Juv,SSID,SIDE,29
2017,2017,July,7/14/2017,UK,P,Admiral,334,334-100-194,1,Juv,SSID,SIDE,3
2017,2017,July,7/14/2017,UK,P,Admiral,334,334-500-021,0,NA,NA,NA,NA
2017,2017,July,7/14/2017,UK,P,Admiral,334,334-500-067,1,Iso,MCAV,MCAV,23
2017,2017,July,7/14/2017,UK,P,Admiral,334,334-500-067,1,Iso,MCAV,MCAV,27
2017,2017,July,7/14/2017,UK,P,Admiral,334,334-500-067,1,Juv,SRAD,SIDE,16
2017,2017,July,7/14/2017,UK,P,Admiral,334,334-500-134,1,Juv,SSID,SIDE,18
2017,2017,July,7/14/2017,UK,P,Admiral,334,334-500-134,1,Juv,SRAD,SIDE,34
2017,2017,July,7/14/2017,UK,P,Admiral,334,334-500-134,1,Juv,SSID,SIDE,5
2017,2017,July,7/14/2017,UK,P,Admiral,334,334-500-222,1,Juv,PAST,PORI,31
2017,2017,July,7/14/2017,UK,P,Admiral,334,334-500-222,1,Juv,PORI,PORI,13
2017,2017,July,7/14/2017,UK,P,Admiral,334,334-500-222,1,Juv,SIDE,SIDE,3
2017,2017,July,7/14/2017,UK,P,Admiral,334,334-500-222,1,Juv,SIDE,SIDE,3
2017,2017,July,7/14/2017,UK,P,Admiral,334,334-500-222,1,Juv,SSID,SIDE,19
2017,2017,July,7/14/2017,UK,P,Admiral,334,334-500-222,1,Juv,SSID,SIDE,10
2017,2017,July,7/14/2017,UK,P,Admiral,334,334-500-222,1,Juv,SSID,SIDE,10
2017,2017,May,5/13/2017,MK,P,West Turtle Shoal,341,341-100-062,1,Juv,PAST,PORI,7
2017,2017,May,5/13/2017,MK,P,West Turtle Shoal,341,341-100-062,1,Juv,PAST,PORI,38
2017,2017,May,5/13/2017,MK,P,West Turtle Shoal,341,341-100-062,1,Juv,PAST,PORI,9
2017,2017,May,5/13/2017,MK,P,West Turtle Shoal,341,341-100-062,1,Juv,PAST,PORI,6
2017,2017,May,5/13/2017,MK,P,West Turtle Shoal,341,341-100-062,1,Juv,PAST,PORI,7
2017,2017,May,5/13/2017,MK,P,West Turtle Shoal,341,341-100-062,1,Juv,SSID,SIDE,11
2017,2017,May,5/13/2017,MK,P,West Turtle Shoal,341,341-100-062,1,Juv,SSID,SIDE,13
2017,2017,May,5/13/2017,MK,P,West Turtle Shoal,341,341-100-062,1,Juv,UNKS,UNKS,3
2017,2017,May,5/13/2017,MK,P,West Turtle Shoal,341,341-100-096,1,Juv,PPOR,PORI,27
2017,2017,May,5/13/2017,MK,P,West Turtle Shoal,341,341-100-096,1,Iso,PPOR,PORI,24
2017,2017,May,5/13/2017,MK,P,West Turtle Shoal,341,341-100-096,1,Juv,SSID,SIDE,19
2017,2017,May,5/13/2017,MK,P,West Turtle Shoal,341,341-100-096,1,Juv,SSID,SIDE,7
2017,2017,May,5/13/2017,MK,P,West Turtle Shoal,341,341-100-096,1,Juv,SSID,SIDE,9
2017,2017,May,5/13/2017,MK,P,West Turtle Shoal,341,341-100-116,1,Juv,PAST,PORI,13
2017,2017,May,5/13/2017,MK,P,West Turtle Shoal,341,341-100-116,1,Juv,PAST,PORI,36
2017,2017,May,5/13/2017,MK,P,West Turtle Shoal,341,341-100-116,1,Juv,PAST,PORI,27
2017,2017,May,5/13/2017,MK,P,West Turtle Shoal,341,341-100-116,1,Juv,PAST,PORI,9
2017,2017,May,5/13/2017,MK,P,West Turtle Shoal,341,341-100-116,1,Juv,PAST,PORI,4
2017,2017,May,5/13/2017,MK,P,West Turtle Shoal,341,341-100-116,1,Iso,PPOR,PORI,15
2017,2017,May,5/13/2017,MK,P,West Turtle Shoal,341,341-100-116,1,Iso,PPOR,PORI,37
2017,2017,May,5/13/2017,MK,P,West Turtle Shoal,341,341-100-116,1,Iso,PPOR,PORI,15
2017,2017,May,5/13/2017,MK,P,West Turtle Shoal,341,341-100-116,1,Uns,PPOR,PORI,10
2017,2017,May,5/13/2017,MK,P,West Turtle Shoal,341,341-100-116,1,Juv,PPOR,PORI,14
2017,2017,May,5/13/2017,MK,P,West Turtle Shoal,341,341-100-116,1,Juv,SSID,SIDE,25
2017,2017,May,5/13/2017,MK,P,West Turtle Shoal,341,341-100-116,1,Juv,SSID,SIDE,21
2017,2017,May,5/13/2017,MK,P,West Turtle Shoal,341,341-100-116,1,Juv,SSID,SIDE,11
2017,2017,May,5/13/2017,MK,P,West Turtle Shoal,341,341-100-116,1,Juv,SSID,SIDE,15
2017,2017,May,5/13/2017,MK,P,West Turtle Shoal,341,341-100-116,1,Juv,SSID,SIDE,17
2017,2017,May,5/13/2017,MK,P,West Turtle Shoal,341,341-100-116,1,Juv,SSID,SIDE,3
2017,2017,May,5/13/2017,MK,P,West Turtle Shoal,341,341-100-116,1,Juv,SSID,SIDE,17
2017,2017,May,5/13/2017,MK,P,West Turtle Shoal,341,341-100-116,1,Juv,SMIC,SMIC,34
2017,2017,May,5/13/2017,MK,P,West Turtle Shoal,341,341-100-116,1,Juv,SMIC,SMIC,10
2017,2017,May,5/13/2017,MK,P,West Turtle Shoal,341,341-100-162,1,Juv,PAST,PORI,26
2017,2017,May,5/13/2017,MK,P,West Turtle Shoal,341,341-100-162,1,Juv,PAST,PORI,10
2017,2017,May,5/13/2017,MK,P,West Turtle Shoal,341,341-100-162,1,Juv,PAST,PORI,22
2017,2017,May,5/13/2017,MK,P,West Turtle Shoal,341,341-100-162,1,Juv,PAST,PORI,10
2017,2017,May,5/13/2017,MK,P,West Turtle Shoal,341,341-100-162,1,Juv,PAST,PORI,4
2017,2017,May,5/13/2017,MK,P,West Turtle Shoal,341,341-100-162,1,Juv,PAST,PORI,3
2017,2017,May,5/13/2017,MK,P,West Turtle Shoal,341,341-100-162,1,Juv,PAST,PORI,3
2017,2017,May,5/13/2017,MK,P,West Turtle Shoal,341,341-100-162,1,Juv,PPOR,PORI,11
2017,2017,May,5/13/2017,MK,P,West Turtle Shoal,341,341-100-162,1,Juv,PPOR,PORI,16
2017,2017,May,5/13/2017,MK,P,West Turtle Shoal,341,341-100-162,1,Juv,PPOR,PORI,35
2017,2017,May,5/13/2017,MK,P,West Turtle Shoal,341,341-100-162,1,Juv,PPOR,PORI,20
2017,2017,May,5/13/2017,MK,P,West Turtle Shoal,341,341-100-162,1,Juv,SSID,SIDE,20
2017,2017,May,5/13/2017,MK,P,West Turtle Shoal,341,341-100-162,1,Juv,SSID,SIDE,30
2017,2017,May,5/13/2017,MK,P,West Turtle Shoal,341,341-100-162,1,Juv,SSID,SIDE,2
2017,2017,May,5/13/2017,MK,P,West Turtle Shoal,341,341-100-162,1,Juv,SSID,SIDE,7
2017,2017,May,5/13/2017,MK,P,West Turtle Shoal,341,341-500-049,1,Juv,MCAV,MCAV,39
2017,2017,May,5/13/2017,MK,P,West Turtle Shoal,341,341-500-049,1,Juv,MCAV,MCAV,22
2017,2017,May,5/13/2017,MK,P,West Turtle Shoal,341,341-500-049,1,Juv,PAST,PORI,19
2017,2017,May,5/13/2017,MK,P,West Turtle Shoal,341,341-500-049,1,Juv,PORI,PORI,19
2017,2017,May,5/13/2017,MK,P,West Turtle Shoal,341,341-500-049,1,Iso,SSID,SIDE,24
2017,2017,May,5/13/2017,MK,P,West Turtle Shoal,341,341-500-078,1,Iso,AAGA,AGAR,26
2017,2017,May,5/13/2017,MK,P,West Turtle Shoal,341,341-500-078,1,Juv,AAGA,AGAR,9
2017,2017,May,5/13/2017,MK,P,West Turtle Shoal,341,341-500-078,1,Juv,AAGA,AGAR,24
2017,2017,May,5/13/2017,MK,P,West Turtle Shoal,341,341-500-078,1,Juv,AAGA,AGAR,36
2017,2017,May,5/13/2017,MK,P,West Turtle Shoal,341,341-500-078,1,Iso,SSID,SIDE,12
2017,2017,May,5/13/2017,MK,P,West Turtle Shoal,341,341-500-078,1,Iso,SSID,SIDE,30
2017,2017,May,5/13/2017,MK,P,West Turtle Shoal,341,341-500-078,1,Juv,SSID,SIDE,17
2017,2017,May,5/13/2017,MK,P,West Turtle Shoal,341,341-500-078,1,Juv,SSID,SIDE,29
2017,2017,May,5/13/2017,MK,P,West Turtle Shoal,341,341-500-088,1,Iso,AAGA,AGAR,12
2017,2017,May,5/13/2017,MK,P,West Turtle Shoal,341,341-500-088,1,Iso,AAGA,AGAR,11
2017,2017,May,5/13/2017,MK,P,West Turtle Shoal,341,341-500-088,1,Iso,AAGA,AGAR,30
2017,2017,May,5/13/2017,MK,P,West Turtle Shoal,341,341-500-088,1,Iso,AAGA,AGAR,21
2017,2017,May,5/13/2017,MK,P,West Turtle Shoal,341,341-500-088,1,Iso,AAGA,AGAR,8
2017,2017,May,5/13/2017,MK,P,West Turtle Shoal,341,341-500-088,1,Juv,AAGA,AGAR,13
2017,2017,May,5/13/2017,MK,P,West Turtle Shoal,341,341-500-088,1,Juv,MCAV,MCAV,12
2017,2017,May,5/13/2017,MK,P,West Turtle Shoal,341,341-500-088,1,Juv,SIDE,SIDE,1
2017,2017,May,5/13/2017,MK,P,West Turtle Shoal,341,341-500-088,1,Juv,SIDE,SIDE,2
2017,2017,May,5/13/2017,MK,P,West Turtle Shoal,341,341-500-088,1,Iso,SSID,SIDE,23
2017,2017,May,5/13/2017,MK,P,West Turtle Shoal,341,341-500-088,1,Iso,SSID,SIDE,3
2017,2017,May,5/13/2017,MK,P,West Turtle Shoal,341,341-500-088,1,Iso,SSID,SIDE,1
2017,2017,May,5/13/2017,MK,P,West Turtle Shoal,341,341-500-088,1,Iso,SSID,SIDE,1
2017,2017,May,5/13/2017,MK,P,West Turtle Shoal,341,341-500-088,1,Iso,SSID,SIDE,6
2017,2017,May,5/13/2017,MK,P,West Turtle Shoal,341,341-500-088,1,Iso,SSID,SIDE,7
2017,2017,May,5/13/2017,MK,P,West Turtle Shoal,341,341-500-088,1,Iso,SSID,SIDE,15
2017,2017,May,5/13/2017,MK,P,West Turtle Shoal,341,341-500-088,1,Juv,SSID,SIDE,4
2017,2017,May,5/13/2017,MK,P,West Turtle Shoal,341,341-500-088,1,Juv,SSID,SIDE,14
2017,2017,May,5/13/2017,MK,P,West Turtle Shoal,341,341-500-088,1,Iso,SMIC,SMIC,31
2017,2017,May,5/13/2017,MK,P,West Turtle Shoal,341,341-500-230,1,Juv,PAST,PORI,32
2017,2017,May,5/13/2017,MK,P,West Turtle Shoal,341,341-500-230,1,Juv,PAST,PORI,10
2017,2017,May,5/13/2017,MK,P,West Turtle Shoal,341,341-500-230,1,Juv,SSID,SIDE,32
2017,2017,May,5/13/2017,MK,P,West Turtle Shoal,341,341-500-230,1,Juv,SMIC,SMIC,36
2017,2017,May,5/13/2017,MK,P,West Turtle Shoal,342,342-100-003,1,Juv,AAGA,AGAR,24
2017,2017,May,5/13/2017,MK,P,West Turtle Shoal,342,342-100-003,1,Juv,MCAV,MCAV,26
2017,2017,May,5/13/2017,MK,P,West Turtle Shoal,342,342-100-003,1,Juv,PAST,PORI,28
2017,2017,May,5/13/2017,MK,P,West Turtle Shoal,342,342-100-033,1,Juv,MCAV,MCAV,34
2017,2017,May,5/13/2017,MK,P,West Turtle Shoal,342,342-100-033,1,Juv,SCUB,MUSS,25
2017,2017,May,5/13/2017,MK,P,West Turtle Shoal,342,342-100-033,1,Juv,PAST,PORI,12
2017,2017,May,5/13/2017,MK,P,West Turtle Shoal,342,342-100-033,1,Iso,PPOR,PORI,20
2017,2017,May,5/13/2017,MK,P,West Turtle Shoal,342,342-100-033,1,Juv,SSID,SIDE,3
2017,2017,May,5/13/2017,MK,P,West Turtle Shoal,342,342-100-156,1,Juv,SSID,SIDE,12
2017,2017,May,5/13/2017,MK,P,West Turtle Shoal,342,342-100-199,1,Juv,AAGA,AGAR,34
2017,2017,May,5/13/2017,MK,P,West Turtle Shoal,342,342-100-199,1,Juv,PAST,PORI,10
2017,2017,May,5/13/2017,MK,P,West Turtle Shoal,342,342-100-199,1,Juv,PAST,PORI,14
2017,2017,May,5/13/2017,MK,P,West Turtle Shoal,342,342-100-199,1,Juv,SIDE,SIDE,8
2017,2017,May,5/13/2017,MK,P,West Turtle Shoal,342,342-100-199,1,Juv,SRAD,SIDE,17
2017,2017,May,5/13/2017,MK,P,West Turtle Shoal,342,342-100-199,1,Juv,SSID,SIDE,19
2017,2017,May,5/13/2017,MK,P,West Turtle Shoal,342,342-100-199,1,Juv,SSID,SIDE,18
2017,2017,May,5/13/2017,MK,P,West Turtle Shoal,342,342-100-199,1,Juv,SSID,SIDE,3
2017,2017,May,5/13/2017,MK,P,West Turtle Shoal,342,342-500-023,1,Juv,PAST,PORI,7
2017,2017,May,5/13/2017,MK,P,West Turtle Shoal,342,342-500-023,1,Juv,PAST,PORI,23
2017,2017,May,5/13/2017,MK,P,West Turtle Shoal,342,342-500-023,1,Juv,PAST,PORI,12
2017,2017,May,5/13/2017,MK,P,West Turtle Shoal,342,342-500-023,1,Iso,PPOR,PORI,18
2017,2017,May,5/13/2017,MK,P,West Turtle Shoal,342,342-500-023,1,Juv,PPOR,PORI,17
2017,2017,May,5/13/2017,MK,P,West Turtle Shoal,342,342-500-023,1,Juv,PPOR,PORI,11
2017,2017,May,5/13/2017,MK,P,West Turtle Shoal,342,342-500-023,1,Juv,SSID,SIDE,34
2017,2017,May,5/13/2017,MK,P,West Turtle Shoal,342,342-500-023,1,Juv,SSID,SIDE,2
2017,2017,May,5/13/2017,MK,P,West Turtle Shoal,342,342-500-023,1,Juv,SMIC,SMIC,30
2017,2017,May,5/13/2017,MK,P,West Turtle Shoal,342,342-500-061,1,Juv,AAGA,AGAR,23
2017,2017,May,5/13/2017,MK,P,West Turtle Shoal,342,342-500-061,1,Juv,PAST,PORI,18
2017,2017,May,5/13/2017,MK,P,West Turtle Shoal,342,342-500-061,1,Juv,PAST,PORI,20
2017,2017,May,5/13/2017,MK,P,West Turtle Shoal,342,342-500-061,1,Juv,PAST,PORI,15
2017,2017,May,5/13/2017,MK,P,West Turtle Shoal,342,342-500-061,1,Juv,PAST,PORI,5
2017,2017,May,5/13/2017,MK,P,West Turtle Shoal,342,342-500-061,1,Juv,PPOR,PORI,28
2017,2017,May,5/13/2017,MK,P,West Turtle Shoal,342,342-500-061,1,Juv,SSID,SIDE,12
2017,2017,May,5/13/2017,MK,P,West Turtle Shoal,342,342-500-061,1,Juv,SSID,SIDE,28
2017,2017,May,5/13/2017,MK,P,West Turtle Shoal,342,342-500-134,1,Iso,PPOR,PORI,14
2017,2017,May,5/13/2017,MK,P,West Turtle Shoal,342,342-500-134,1,Juv,PPOR,PORI,22
2017,2017,May,5/13/2017,MK,P,West Turtle Shoal,342,342-500-134,1,Juv,SSID,SIDE,4
2017,2017,May,5/13/2017,MK,P,West Turtle Shoal,342,342-500-205,1,Juv,AAGA,AGAR,34
2017,2017,May,5/13/2017,MK,P,West Turtle Shoal,342,342-500-205,1,Juv,MCAV,MCAV,22
2017,2017,May,5/13/2017,MK,P,West Turtle Shoal,342,342-500-205,1,Juv,PAST,PORI,12
2017,2017,May,5/13/2017,MK,P,West Turtle Shoal,342,342-500-205,1,Juv,PORI,PORI,26
2017,2017,May,5/13/2017,MK,P,West Turtle Shoal,342,342-500-205,1,Juv,PPOR,PORI,20
2017,2017,May,5/13/2017,MK,P,West Turtle Shoal,342,342-500-205,1,Juv,PPOR,PORI,25
2017,2017,May,5/13/2017,MK,P,West Turtle Shoal,342,342-500-205,1,Juv,SSID,SIDE,21
2017,2017,May,5/13/2017,MK,P,West Turtle Shoal,342,342-500-205,1,Juv,SSID,SIDE,17
2017,2017,May,5/13/2017,MK,P,West Turtle Shoal,342,342-500-205,1,Juv,SSID,SIDE,36
2017,2017,May,5/13/2017,MK,P,West Turtle Shoal,342,342-500-205,1,Juv,SSID,SIDE,28
2017,2017,May,5/13/2017,MK,P,West Turtle Shoal,342,342-500-205,1,Juv,SSID,SIDE,27
2017,2017,May,5/13/2017,MK,P,West Turtle Shoal,342,342-500-205,1,Juv,SSID,SIDE,13
2017,2017,May,5/13/2017,MK,P,West Turtle Shoal,342,342-500-205,1,Juv,SMIC,SMIC,26
2017,2017,May,5/13/2017,MK,P,West Turtle Shoal,343,343-100-008,1,Juv,PAST,PORI,8
2017,2017,May,5/13/2017,MK,P,West Turtle Shoal,343,343-100-008,1,Juv,PAST,PORI,29
2017,2017,May,5/13/2017,MK,P,West Turtle Shoal,343,343-100-008,1,Iso,SSID,SIDE,29
2017,2017,May,5/13/2017,MK,P,West Turtle Shoal,343,343-100-008,1,Iso,SSID,SIDE,6
2017,2017,May,5/13/2017,MK,P,West Turtle Shoal,343,343-100-008,1,Juv,SSID,SIDE,28
2017,2017,May,5/13/2017,MK,P,West Turtle Shoal,343,343-100-008,1,Juv,SSID,SIDE,5
2017,2017,May,5/13/2017,MK,P,West Turtle Shoal,343,343-100-008,1,Juv,SSID,SIDE,3
2017,2017,May,5/13/2017,MK,P,West Turtle Shoal,343,343-100-008,1,Juv,SSID,SIDE,10
2017,2017,May,5/13/2017,MK,P,West Turtle Shoal,343,343-100-008,1,Juv,SSID,SIDE,7
2017,2017,May,5/13/2017,MK,P,West Turtle Shoal,343,343-100-008,1,Juv,SSID,SIDE,36
2017,2017,May,5/13/2017,MK,P,West Turtle Shoal,343,343-100-008,1,Juv,SSID,SIDE,7
2017,2017,May,5/13/2017,MK,P,West Turtle Shoal,343,343-100-008,1,Juv,SSID,SIDE,10
2017,2017,May,5/13/2017,MK,P,West Turtle Shoal,343,343-100-008,1,Juv,SMIC,SMIC,14
2017,2017,May,5/13/2017,MK,P,West Turtle Shoal,343,343-100-023,1,Juv,PAST,PORI,6
2017,2017,May,5/13/2017,MK,P,West Turtle Shoal,343,343-100-023,1,Juv,PAST,PORI,31
2017,2017,May,5/13/2017,MK,P,West Turtle Shoal,343,343-100-023,1,Juv,PAST,PORI,8
2017,2017,May,5/13/2017,MK,P,West Turtle Shoal,343,343-100-023,1,Juv,PAST,PORI,15
2017,2017,May,5/13/2017,MK,P,West Turtle Shoal,343,343-100-023,1,Juv,PAST,PORI,36
2017,2017,May,5/13/2017,MK,P,West Turtle Shoal,343,343-100-023,1,Juv,PAST,PORI,19
2017,2017,May,5/13/2017,MK,P,West Turtle Shoal,343,343-100-023,1,Juv,PAST,PORI,8
2017,2017,May,5/13/2017,MK,P,West Turtle Shoal,343,343-100-023,1,Juv,PAST,PORI,8
2017,2017,May,5/13/2017,MK,P,West Turtle Shoal,343,343-100-023,1,Juv,PPOR,PORI,34
2017,2017,May,5/13/2017,MK,P,West Turtle Shoal,343,343-100-023,1,Juv,SSID,SIDE,3
2017,2017,May,5/13/2017,MK,P,West Turtle Shoal,343,343-100-023,1,Juv,SSID,SIDE,3
2017,2017,May,5/13/2017,MK,P,West Turtle Shoal,343,343-100-146,1,Iso,EFAS,EFAS,33
2017,2017,May,5/13/2017,MK,P,West Turtle Shoal,343,343-100-146,1,Iso,EFAS,EFAS,17
2017,2017,May,5/13/2017,MK,P,West Turtle Shoal,343,343-100-146,1,Iso,EFAS,EFAS,17
2017,2017,May,5/13/2017,MK,P,West Turtle Shoal,343,343-100-146,1,Iso,EFAS,EFAS,16
2017,2017,May,5/13/2017,MK,P,West Turtle Shoal,343,343-100-146,1,Iso,EFAS,EFAS,36
2017,2017,May,5/13/2017,MK,P,West Turtle Shoal,343,343-100-146,1,Iso,EFAS,EFAS,35
2017,2017,May,5/13/2017,MK,P,West Turtle Shoal,343,343-100-146,1,Iso,EFAS,EFAS,26
2017,2017,May,5/13/2017,MK,P,West Turtle Shoal,343,343-100-146,1,Iso,EFAS,EFAS,34
2017,2017,May,5/13/2017,MK,P,West Turtle Shoal,343,343-100-146,1,Iso,EFAS,EFAS,18
2017,2017,May,5/13/2017,MK,P,West Turtle Shoal,343,343-100-146,1,Iso,EFAS,EFAS,21
2017,2017,May,5/13/2017,MK,P,West Turtle Shoal,343,343-100-146,1,Juv,PPOR,PORI,21
2017,2017,May,5/13/2017,MK,P,West Turtle Shoal,343,343-100-146,1,Juv,SMIC,SMIC,34
2017,2017,May,5/13/2017,MK,P,West Turtle Shoal,343,343-100-193,1,Juv,PPOR,PORI,28
2017,2017,May,5/13/2017,MK,P,West Turtle Shoal,343,343-100-193,1,Juv,SRAD,SIDE,16
2017,2017,May,5/13/2017,MK,P,West Turtle Shoal,343,343-100-193,1,Iso,SSID,SIDE,33
2017,2017,May,5/13/2017,MK,P,West Turtle Shoal,343,343-100-193,1,Iso,SSID,SIDE,5
2017,2017,May,5/13/2017,MK,P,West Turtle Shoal,343,343-100-193,1,Juv,SSID,SIDE,10
2017,2017,May,5/13/2017,MK,P,West Turtle Shoal,343,343-500-008,1,Juv,SCUB,MUSS,22
2017,2017,May,5/13/2017,MK,P,West Turtle Shoal,343,343-500-008,1,Iso,PAST,PORI,30
2017,2017,May,5/13/2017,MK,P,West Turtle Shoal,343,343-500-008,1,Iso,PAST,PORI,31
2017,2017,May,5/13/2017,MK,P,West Turtle Shoal,343,343-500-008,1,Iso,PPOR,PORI,7
2017,2017,May,5/13/2017,MK,P,West Turtle Shoal,343,343-500-008,1,Juv,PPOR,PORI,6
2017,2017,May,5/13/2017,MK,P,West Turtle Shoal,343,343-500-008,1,Juv,PPOR,PORI,20
2017,2017,May,5/13/2017,MK,P,West Turtle Shoal,343,343-500-008,1,Iso,SSID,SIDE,8
2017,2017,May,5/13/2017,MK,P,West Turtle Shoal,343,343-500-008,1,Juv,SSID,SIDE,38
2017,2017,May,5/13/2017,MK,P,West Turtle Shoal,343,343-500-008,1,Juv,SSID,SIDE,27
2017,2017,May,5/13/2017,MK,P,West Turtle Shoal,343,343-500-045,1,Iso,CNAT,CNAT,6
2017,2017,May,5/13/2017,MK,P,West Turtle Shoal,343,343-500-045,1,Juv,SCUB,MUSS,34
2017,2017,May,5/13/2017,MK,P,West Turtle Shoal,343,343-500-045,1,Juv,SCUB,MUSS,20
2017,2017,May,5/13/2017,MK,P,West Turtle Shoal,343,343-500-045,1,Juv,SCUB,MUSS,18
2017,2017,May,5/13/2017,MK,P,West Turtle Shoal,343,343-500-045,1,Juv,SCUB,MUSS,23
2017,2017,May,5/13/2017,MK,P,West Turtle Shoal,343,343-500-045,1,Juv,PAST,PORI,17
2017,2017,May,5/13/2017,MK,P,West Turtle Shoal,343,343-500-045,1,Juv,PAST,PORI,31
2017,2017,May,5/13/2017,MK,P,West Turtle Shoal,343,343-500-045,1,Juv,PPOR,PORI,22
2017,2017,May,5/13/2017,MK,P,West Turtle Shoal,343,343-500-045,1,Juv,SSID,SIDE,33
2017,2017,May,5/13/2017,MK,P,West Turtle Shoal,343,343-500-045,1,Juv,SSID,SIDE,11
2017,2017,May,5/13/2017,MK,P,West Turtle Shoal,343,343-500-045,1,Juv,SSID,SIDE,12
2017,2017,May,5/13/2017,MK,P,West Turtle Shoal,343,343-500-045,1,Juv,SSID,SIDE,5
2017,2017,May,5/13/2017,MK,P,West Turtle Shoal,343,343-500-045,1,Iso,SMIC,SMIC,27
2017,2017,May,5/13/2017,MK,P,West Turtle Shoal,343,343-500-045,1,Juv,SMIC,SMIC,39
2017,2017,May,5/13/2017,MK,P,West Turtle Shoal,343,343-500-045,1,Juv,SMIC,SMIC,10
2017,2017,May,5/13/2017,MK,P,West Turtle Shoal,343,343-500-045,1,Juv,SMIC,SMIC,9
2017,2017,May,5/13/2017,MK,P,West Turtle Shoal,343,343-500-094,1,Juv,SCUB,MUSS,39
2017,2017,May,5/13/2017,MK,P,West Turtle Shoal,343,343-500-094,1,Juv,PAST,PORI,6
2017,2017,May,5/13/2017,MK,P,West Turtle Shoal,343,343-500-094,1,Juv,PAST,PORI,10
2017,2017,May,5/13/2017,MK,P,West Turtle Shoal,343,343-500-094,1,Juv,PAST,PORI,33
2017,2017,May,5/13/2017,MK,P,West Turtle Shoal,343,343-500-094,1,Juv,SSID,SIDE,19
2017,2017,May,5/13/2017,MK,P,West Turtle Shoal,343,343-500-094,1,Juv,SSID,SIDE,6
2017,2017,May,5/13/2017,MK,P,West Turtle Shoal,343,343-500-201,1,Juv,AAGA,AGAR,16
2017,2017,May,5/13/2017,MK,P,West Turtle Shoal,343,343-500-201,1,Juv,PPOR,PORI,34
2017,2017,May,5/13/2017,MK,P,West Turtle Shoal,343,343-500-201,1,Juv,PPOR,PORI,14
2017,2017,May,5/13/2017,MK,P,West Turtle Shoal,343,343-500-201,1,Juv,SSID,SIDE,12
2017,2017,May,5/13/2017,MK,P,West Turtle Shoal,344,344-100-060,0,NA,NA,NA,NA
2017,2017,May,5/13/2017,MK,P,West Turtle Shoal,344,344-100-116,1,Juv,PAST,PORI,20
2017,2017,May,5/13/2017,MK,P,West Turtle Shoal,344,344-100-116,1,Juv,SSID,SIDE,16
2017,2017,May,5/13/2017,MK,P,West Turtle Shoal,344,344-100-116,1,Juv,SSID,SIDE,20
2017,2017,May,5/13/2017,MK,P,West Turtle Shoal,344,344-100-116,1,Iso,SMIC,SMIC,5
2017,2017,May,5/13/2017,MK,P,West Turtle Shoal,344,344-100-116,1,Iso,SMIC,SMIC,7
2017,2017,May,5/13/2017,MK,P,West Turtle Shoal,344,344-100-116,1,Iso,SMIC,SMIC,14
2017,2017,May,5/13/2017,MK,P,West Turtle Shoal,344,344-100-116,1,Juv,SMIC,SMIC,30
2017,2017,May,5/13/2017,MK,P,West Turtle Shoal,344,344-100-132,1,Juv,AAGA,AGAR,27
2017,2017,May,5/13/2017,MK,P,West Turtle Shoal,344,344-100-132,1,Iso,MCAV,MCAV,9
2017,2017,May,5/13/2017,MK,P,West Turtle Shoal,344,344-100-132,1,Iso,MCAV,MCAV,14
2017,2017,May,5/13/2017,MK,P,West Turtle Shoal,344,344-100-132,1,Iso,MCAV,MCAV,13
2017,2017,May,5/13/2017,MK,P,West Turtle Shoal,344,344-100-132,1,Iso,MCAV,MCAV,29
2017,2017,May,5/13/2017,MK,P,West Turtle Shoal,344,344-100-132,1,Juv,SSID,SIDE,20
2017,2017,May,5/13/2017,MK,P,West Turtle Shoal,344,344-100-132,1,Juv,SSID,SIDE,10
2017,2017,May,5/13/2017,MK,P,West Turtle Shoal,344,344-100-132,1,Juv,SSID,SIDE,4
2017,2017,May,5/13/2017,MK,P,West Turtle Shoal,344,344-100-180,1,Iso,SSID,SIDE,36
2017,2017,May,5/13/2017,MK,P,West Turtle Shoal,344,344-100-180,1,Juv,SSID,SIDE,32
2017,2017,May,5/13/2017,MK,P,West Turtle Shoal,344,344-100-180,1,Juv,SMIC,SMIC,25
2017,2017,May,5/13/2017,MK,P,West Turtle Shoal,344,344-500-035,1,Juv,MCAV,MCAV,18
2017,2017,May,5/13/2017,MK,P,West Turtle Shoal,344,344-500-035,1,Juv,PAST,PORI,7
2017,2017,May,5/13/2017,MK,P,West Turtle Shoal,344,344-500-035,1,Juv,SSID,SIDE,38
2017,2017,May,5/13/2017,MK,P,West Turtle Shoal,344,344-500-035,1,Iso,SSID,SIDE,28
2017,2017,May,5/13/2017,MK,P,West Turtle Shoal,344,344-500-035,1,Iso,SSID,SIDE,35
2017,2017,May,5/13/2017,MK,P,West Turtle Shoal,344,344-500-035,1,Iso,SSID,SIDE,10
2017,2017,May,5/13/2017,MK,P,West Turtle Shoal,344,344-500-035,1,Iso,SSID,SIDE,5
2017,2017,May,5/13/2017,MK,P,West Turtle Shoal,344,344-500-035,1,Iso,SSID,SIDE,26
2017,2017,May,5/13/2017,MK,P,West Turtle Shoal,344,344-500-035,1,Iso,SSID,SIDE,8
2017,2017,May,5/13/2017,MK,P,West Turtle Shoal,344,344-500-035,1,Iso,SSID,SIDE,3
2017,2017,May,5/13/2017,MK,P,West Turtle Shoal,344,344-500-035,1,Juv,SSID,SIDE,7
2017,2017,May,5/13/2017,MK,P,West Turtle Shoal,344,344-500-035,1,Juv,SSID,SIDE,5
2017,2017,May,5/13/2017,MK,P,West Turtle Shoal,344,344-500-035,1,Juv,UNKS,UNKS,2
2017,2017,May,5/13/2017,MK,P,West Turtle Shoal,344,344-500-076,0,NA,NA,NA,NA
2017,2017,May,5/13/2017,MK,P,West Turtle Shoal,344,344-500-103,1,Iso,MCAV,MCAV,33
2017,2017,May,5/13/2017,MK,P,West Turtle Shoal,344,344-500-103,1,Juv,MCAV,MCAV,5
2017,2017,May,5/13/2017,MK,P,West Turtle Shoal,344,344-500-103,1,Iso,MCAV,MCAV,18
2017,2017,May,5/13/2017,MK,P,West Turtle Shoal,344,344-500-103,1,Iso,MCAV,MCAV,26
2017,2017,May,5/13/2017,MK,P,West Turtle Shoal,344,344-500-103,1,Juv,PPOR,PORI,11
2017,2017,May,5/13/2017,MK,P,West Turtle Shoal,344,344-500-103,1,Juv,SSID,SIDE,8
2017,2017,May,5/13/2017,MK,P,West Turtle Shoal,344,344-500-187,1,Juv,PPOR,PORI,36
2017,2017,May,5/16/2017,MK,P,Dustan Rocks,351,351-100-055,1,Juv,MCAV,MCAV,15
2017,2017,May,5/16/2017,MK,P,Dustan Rocks,351,351-100-055,1,Juv,PAST,PORI,16
2017,2017,May,5/16/2017,MK,P,Dustan Rocks,351,351-100-055,1,Juv,PAST,PORI,28
2017,2017,May,5/16/2017,MK,P,Dustan Rocks,351,351-100-055,1,Juv,PAST,PORI,10
2017,2017,May,5/16/2017,MK,P,Dustan Rocks,351,351-100-112,1,Juv,SSID,SIDE,17
2017,2017,May,5/16/2017,MK,P,Dustan Rocks,351,351-100-157,1,Juv,PAST,PORI,30
2017,2017,May,5/16/2017,MK,P,Dustan Rocks,351,351-100-192,0,NA,NA,NA,NA
2017,2017,May,5/16/2017,MK,P,Dustan Rocks,351,351-500-011,1,Iso,MCAV,MCAV,6
2017,2017,May,5/16/2017,MK,P,Dustan Rocks,351,351-500-011,1,Juv,SSID,SIDE,25
2017,2017,May,5/16/2017,MK,P,Dustan Rocks,351,351-500-011,1,Juv,SSID,SIDE,4
2017,2017,May,5/16/2017,MK,P,Dustan Rocks,351,351-500-083,1,Juv,PAST,PORI,31
2017,2017,May,5/16/2017,MK,P,Dustan Rocks,351,351-500-139,1,Juv,PAST,PORI,36
2017,2017,May,5/16/2017,MK,P,Dustan Rocks,351,351-500-139,1,Juv,SRAD,SIDE,36
2017,2017,May,5/16/2017,MK,P,Dustan Rocks,351,351-500-139,1,Juv,SSID,SIDE,32
2017,2017,May,5/16/2017,MK,P,Dustan Rocks,351,351-500-139,1,Juv,SSID,SIDE,10
2017,2017,May,5/16/2017,MK,P,Dustan Rocks,351,351-500-139,1,Juv,SSID,SIDE,7
2017,2017,May,5/16/2017,MK,P,Dustan Rocks,351,351-500-139,1,Juv,SMIC,SMIC,19
2017,2017,May,5/16/2017,MK,P,Dustan Rocks,351,351-500-154,1,Juv,SRAD,SIDE,30
2017,2017,May,5/16/2017,MK,P,Dustan Rocks,351,351-500-154,1,Juv,SSID,SIDE,33
2017,2017,May,5/16/2017,MK,P,Dustan Rocks,351,351-500-154,1,Juv,SSID,SIDE,15
2017,2017,May,5/16/2017,MK,P,Dustan Rocks,352,352-100-027,1,Juv,DIPL,DIPL,20
2017,2017,May,5/16/2017,MK,P,Dustan Rocks,352,352-100-027,1,Iso,SSID,SIDE,18
2017,2017,May,5/16/2017,MK,P,Dustan Rocks,352,352-100-027,1,Juv,SSID,SIDE,2
2017,2017,May,5/16/2017,MK,P,Dustan Rocks,352,352-100-027,1,Juv,SMIC,SMIC,37
2017,2017,May,5/16/2017,MK,P,Dustan Rocks,352,352-100-120,1,Juv,SSID,SIDE,2
2017,2017,May,5/16/2017,MK,P,Dustan Rocks,352,352-100-139,1,Juv,SMIC,SMIC,34
2017,2017,May,5/16/2017,MK,P,Dustan Rocks,352,352-100-208,1,Juv,PAST,PORI,7
2017,2017,May,5/16/2017,MK,P,Dustan Rocks,352,352-100-208,1,Juv,PAST,PORI,25
2017,2017,May,5/16/2017,MK,P,Dustan Rocks,352,352-100-208,1,Juv,PAST,PORI,10
2017,2017,May,5/16/2017,MK,P,Dustan Rocks,352,352-100-208,1,Iso,SSID,SIDE,32
2017,2017,May,5/16/2017,MK,P,Dustan Rocks,352,352-100-208,1,Iso,SSID,SIDE,8
2017,2017,May,5/16/2017,MK,P,Dustan Rocks,352,352-500-035,1,Juv,PAST,PORI,15
2017,2017,May,5/16/2017,MK,P,Dustan Rocks,352,352-500-117,1,Juv,PAST,PORI,2
2017,2017,May,5/16/2017,MK,P,Dustan Rocks,352,352-500-117,1,Juv,PAST,PORI,16
2017,2017,May,5/16/2017,MK,P,Dustan Rocks,352,352-500-117,1,Juv,PAST,PORI,15
2017,2017,May,5/16/2017,MK,P,Dustan Rocks,352,352-500-117,1,Juv,PAST,PORI,8
2017,2017,May,5/16/2017,MK,P,Dustan Rocks,352,352-500-117,1,Juv,PAST,PORI,16
2017,2017,May,5/16/2017,MK,P,Dustan Rocks,352,352-500-150,1,Juv,PORI,PORI,17
2017,2017,May,5/16/2017,MK,P,Dustan Rocks,352,352-500-150,1,Juv,SSID,SIDE,16
2017,2017,May,5/16/2017,MK,P,Dustan Rocks,352,352-500-150,1,Juv,SSID,SIDE,16
2017,2017,May,5/16/2017,MK,P,Dustan Rocks,352,352-500-150,1,Juv,SSID,SIDE,11
2017,2017,May,5/16/2017,MK,P,Dustan Rocks,352,352-500-150,1,Juv,SSID,SIDE,26
2017,2017,May,5/16/2017,MK,P,Dustan Rocks,352,352-500-218,1,Juv,PAST,PORI,37
2017,2017,May,5/16/2017,MK,P,Dustan Rocks,352,352-500-218,1,Juv,PAST,PORI,16
2017,2017,May,5/16/2017,MK,P,Dustan Rocks,352,352-500-218,1,Juv,PAST,PORI,19
2017,2017,May,5/16/2017,MK,P,Dustan Rocks,352,352-500-218,1,Juv,SRAD,SIDE,38
2017,2017,May,5/16/2017,MK,P,Dustan Rocks,352,352-500-218,1,Juv,SSID,SIDE,25
2017,2017,May,5/16/2017,MK,P,Dustan Rocks,353,353-100-016,1,Iso,ORBI,ORBI,28
2017,2017,May,5/16/2017,MK,P,Dustan Rocks,353,353-100-016,1,Juv,PAST,PORI,10
2017,2017,May,5/16/2017,MK,P,Dustan Rocks,353,353-100-016,1,Juv,SSID,SIDE,35
2017,2017,May,5/16/2017,MK,P,Dustan Rocks,353,353-100-016,1,Juv,SSID,SIDE,14
2017,2017,May,5/16/2017,MK,P,Dustan Rocks,353,353-100-071,1,Juv,SSID,SIDE,2
2017,2017,May,5/16/2017,MK,P,Dustan Rocks,353,353-100-185,0,NA,NA,NA,NA
2017,2017,May,5/16/2017,MK,P,Dustan Rocks,353,353-100-206,1,Juv,CNAT,CNAT,15
2017,2017,May,5/16/2017,MK,P,Dustan Rocks,353,353-100-206,1,Juv,SRAD,SIDE,25
2017,2017,May,5/16/2017,MK,P,Dustan Rocks,353,353-100-206,1,Juv,SSID,SIDE,24
2017,2017,May,5/16/2017,MK,P,Dustan Rocks,353,353-100-206,1,Juv,SSID,SIDE,8
2017,2017,May,5/16/2017,MK,P,Dustan Rocks,353,353-100-206,1,Juv,SSID,SIDE,6
2017,2017,May,5/16/2017,MK,P,Dustan Rocks,353,353-100-206,1,Juv,SSID,SIDE,3
2017,2017,May,5/16/2017,MK,P,Dustan Rocks,353,353-100-206,1,Juv,SSID,SIDE,16
2017,2017,May,5/16/2017,MK,P,Dustan Rocks,353,353-500-000,1,Juv,PAST,PORI,36
2017,2017,May,5/16/2017,MK,P,Dustan Rocks,353,353-500-047,1,Iso,MCAV,MCAV,37
2017,2017,May,5/16/2017,MK,P,Dustan Rocks,353,353-500-047,1,Iso,MCAV,MCAV,4
2017,2017,May,5/16/2017,MK,P,Dustan Rocks,353,353-500-047,1,Juv,PAST,PORI,6
2017,2017,May,5/16/2017,MK,P,Dustan Rocks,353,353-500-047,1,Juv,PAST,PORI,5
2017,2017,May,5/16/2017,MK,P,Dustan Rocks,353,353-500-047,1,Juv,SMIC,SMIC,8
2017,2017,May,5/16/2017,MK,P,Dustan Rocks,353,353-500-083,0,NA,NA,NA,NA
2017,2017,May,5/16/2017,MK,P,Dustan Rocks,353,353-500-194,0,NA,NA,NA,NA
2017,2017,May,5/16/2017,MK,P,Dustan Rocks,354,354-100-032,1,Juv,PAST,PORI,6
2017,2017,May,5/16/2017,MK,P,Dustan Rocks,354,354-100-032,1,Juv,PAST,PORI,5
2017,2017,May,5/16/2017,MK,P,Dustan Rocks,354,354-100-032,1,Juv,SSID,SIDE,5
2017,2017,May,5/16/2017,MK,P,Dustan Rocks,354,354-100-032,1,Juv,SSID,SIDE,4
2017,2017,May,5/16/2017,MK,P,Dustan Rocks,354,354-100-032,1,Juv,SSID,SIDE,4
2017,2017,May,5/16/2017,MK,P,Dustan Rocks,354,354-100-032,1,Juv,SSID,SIDE,2
2017,2017,May,5/16/2017,MK,P,Dustan Rocks,354,354-100-032,1,Juv,SSID,SIDE,3
2017,2017,May,5/16/2017,MK,P,Dustan Rocks,354,354-100-032,1,Juv,SSID,SIDE,5
2017,2017,May,5/16/2017,MK,P,Dustan Rocks,354,354-100-032,1,Juv,SSID,SIDE,6
2017,2017,May,5/16/2017,MK,P,Dustan Rocks,354,354-100-045,1,Juv,DLAB,DIPL,18
2017,2017,May,5/16/2017,MK,P,Dustan Rocks,354,354-100-045,1,Juv,PAST,PORI,15
2017,2017,May,5/16/2017,MK,P,Dustan Rocks,354,354-100-045,1,Juv,SSID,SIDE,9
2017,2017,May,5/16/2017,MK,P,Dustan Rocks,354,354-100-103,1,Juv,PAST,PORI,13
2017,2017,May,5/16/2017,MK,P,Dustan Rocks,354,354-100-103,1,Juv,SSID,SIDE,31
2017,2017,May,5/16/2017,MK,P,Dustan Rocks,354,354-100-103,1,Juv,SSID,SIDE,23
2017,2017,May,5/16/2017,MK,P,Dustan Rocks,354,354-100-103,1,Juv,SSID,SIDE,7
2017,2017,May,5/16/2017,MK,P,Dustan Rocks,354,354-100-144,1,Juv,CNAT,CNAT,8
2017,2017,May,5/16/2017,MK,P,Dustan Rocks,354,354-100-144,1,Juv,DLAB,DIPL,11
2017,2017,May,5/16/2017,MK,P,Dustan Rocks,354,354-500-043,0,NA,NA,NA,NA
2017,2017,May,5/16/2017,MK,P,Dustan Rocks,354,354-500-054,1,Iso,SSID,SIDE,8
2017,2017,May,5/16/2017,MK,P,Dustan Rocks,354,354-500-054,1,Uns,SSID,SIDE,17
2017,2017,May,5/16/2017,MK,P,Dustan Rocks,354,354-500-054,1,Juv,SSID,SIDE,6
2017,2017,May,5/16/2017,MK,P,Dustan Rocks,354,354-500-054,1,Juv,SMIC,SMIC,15
2017,2017,May,5/16/2017,MK,P,Dustan Rocks,354,354-500-185,1,Iso,MCAV,MCAV,24
2017,2017,May,5/16/2017,MK,P,Dustan Rocks,354,354-500-185,1,Iso,MCAV,MCAV,15
2017,2017,May,5/16/2017,MK,P,Dustan Rocks,354,354-500-185,1,Iso,MCAV,MCAV,28
2017,2017,May,5/16/2017,MK,P,Dustan Rocks,354,354-500-185,1,Iso,MCAV,MCAV,19
2017,2017,May,5/16/2017,MK,P,Dustan Rocks,354,354-500-185,1,Iso,MCAV,MCAV,38
2017,2017,May,5/16/2017,MK,P,Dustan Rocks,354,354-500-185,1,Juv,PAST,PORI,8
2017,2017,May,5/16/2017,MK,P,Dustan Rocks,354,354-500-185,1,Juv,PAST,PORI,11
2017,2017,May,5/16/2017,MK,P,Dustan Rocks,354,354-500-202,0,NA,NA,NA,NA
2017,2017,Aug,8/17/2017,LK,P,West Washerwoman,361,361-100-046,1,Juv,PAST,PORI,5
2017,2017,Aug,8/17/2017,LK,P,West Washerwoman,361,361-100-046,1,Juv,SSID,SIDE,34
2017,2017,Aug,8/17/2017,LK,P,West Washerwoman,361,361-100-046,1,Iso,SMIC,SMIC,15
2017,2017,Aug,8/17/2017,LK,P,West Washerwoman,361,361-100-046,1,Iso,SMIC,SMIC,10
2017,2017,Aug,8/17/2017,LK,P,West Washerwoman,361,361-100-089,1,Juv,PAST,PORI,10
2017,2017,Aug,8/17/2017,LK,P,West Washerwoman,361,361-100-089,1,Juv,PAST,PORI,5
2017,2017,Aug,8/17/2017,LK,P,West Washerwoman,361,361-100-140,1,Iso,MYLA,MUSS,23
2017,2017,Aug,8/17/2017,LK,P,West Washerwoman,361,361-100-140,1,Iso,MYLA,MUSS,23
2017,2017,Aug,8/17/2017,LK,P,West Washerwoman,361,361-100-140,1,Juv,PAST,PORI,28
2017,2017,Aug,8/17/2017,LK,P,West Washerwoman,361,361-100-140,1,Juv,PAST,PORI,18
2017,2017,Aug,8/17/2017,LK,P,West Washerwoman,361,361-100-140,1,Juv,PAST,PORI,10
2017,2017,Aug,8/17/2017,LK,P,West Washerwoman,361,361-100-140,1,Juv,PAST,PORI,26
2017,2017,Aug,8/17/2017,LK,P,West Washerwoman,361,361-100-140,1,Iso,PPOR,PORI,20
2017,2017,Aug,8/17/2017,LK,P,West Washerwoman,361,361-100-140,1,Iso,PPOR,PORI,24
2017,2017,Aug,8/17/2017,LK,P,West Washerwoman,361,361-100-140,1,Uns,PPOR,PORI,38
2017,2017,Aug,8/17/2017,LK,P,West Washerwoman,361,361-100-140,1,Juv,PPOR,PORI,20
2017,2017,Aug,8/17/2017,LK,P,West Washerwoman,361,361-100-140,1,Juv,SSID,SIDE,28
2017,2017,Aug,8/17/2017,LK,P,West Washerwoman,361,361-100-188,1,Juv,PAST,PORI,29
2017,2017,Aug,8/17/2017,LK,P,West Washerwoman,361,361-500-019,1,Juv,DSTO,DSTO,11
2017,2017,Aug,8/17/2017,LK,P,West Washerwoman,361,361-500-019,1,Juv,ODIF,OCUL,16
2017,2017,Aug,8/17/2017,LK,P,West Washerwoman,361,361-500-019,1,Juv,PAST,PORI,30
2017,2017,Aug,8/17/2017,LK,P,West Washerwoman,361,361-500-019,1,Juv,PAST,PORI,38
2017,2017,Aug,8/17/2017,LK,P,West Washerwoman,361,361-500-019,1,Juv,PAST,PORI,22
2017,2017,Aug,8/17/2017,LK,P,West Washerwoman,361,361-500-019,1,Uns,PORI,PORI,6
2017,2017,Aug,8/17/2017,LK,P,West Washerwoman,361,361-500-019,1,Juv,SSID,SIDE,18
2017,2017,Aug,8/17/2017,LK,P,West Washerwoman,361,361-500-019,1,Juv,SSID,SIDE,19
2017,2017,Aug,8/17/2017,LK,P,West Washerwoman,361,361-500-019,1,Juv,SSID,SIDE,3
2017,2017,Aug,8/17/2017,LK,P,West Washerwoman,361,361-500-019,1,Juv,SIDE,SIDE,1
2017,2017,Aug,8/17/2017,LK,P,West Washerwoman,361,361-500-019,1,Juv,SIDE,SIDE,1
2017,2017,Aug,8/17/2017,LK,P,West Washerwoman,361,361-500-019,1,Juv,SSID,SIDE,12
2017,2017,Aug,8/17/2017,LK,P,West Washerwoman,361,361-500-019,1,Juv,SSID,SIDE,21
2017,2017,Aug,8/17/2017,LK,P,West Washerwoman,361,361-500-019,1,Juv,SSID,SIDE,10
2017,2017,Aug,8/17/2017,LK,P,West Washerwoman,361,361-500-019,1,Juv,SSID,SIDE,6
2017,2017,Aug,8/17/2017,LK,P,West Washerwoman,361,361-500-019,1,Juv,SSID,SIDE,7
2017,2017,Aug,8/17/2017,LK,P,West Washerwoman,361,361-500-019,1,Juv,SSID,SIDE,5
2017,2017,Aug,8/17/2017,LK,P,West Washerwoman,361,361-500-019,1,Juv,SSID,SIDE,16
2017,2017,Aug,8/17/2017,LK,P,West Washerwoman,361,361-500-019,1,Juv,SSID,SIDE,38
2017,2017,Aug,8/17/2017,LK,P,West Washerwoman,361,361-500-019,1,Juv,SSID,SIDE,14
2017,2017,Aug,8/17/2017,LK,P,West Washerwoman,361,361-500-019,1,Juv,SMIC,SMIC,29
2017,2017,Aug,8/17/2017,LK,P,West Washerwoman,361,361-500-073,1,Juv,PAST,PORI,33
2017,2017,Aug,8/17/2017,LK,P,West Washerwoman,361,361-500-073,1,Juv,PAST,PORI,12
2017,2017,Aug,8/17/2017,LK,P,West Washerwoman,361,361-500-159,1,Juv,SCOL,MUSS,24
2017,2017,Aug,8/17/2017,LK,P,West Washerwoman,361,361-500-159,1,Juv,PAST,PORI,10
2017,2017,Aug,8/17/2017,LK,P,West Washerwoman,361,361-500-159,1,Juv,PAST,PORI,6
2017,2017,Aug,8/17/2017,LK,P,West Washerwoman,361,361-500-159,1,Juv,PAST,PORI,10
2017,2017,Aug,8/17/2017,LK,P,West Washerwoman,361,361-500-159,1,Iso,PPOR,PORI,31
2017,2017,Aug,8/17/2017,LK,P,West Washerwoman,361,361-500-159,1,Juv,SSID,SIDE,8
2017,2017,Aug,8/17/2017,LK,P,West Washerwoman,361,361-500-159,1,Juv,SSID,SIDE,4
2017,2017,Aug,8/17/2017,LK,P,West Washerwoman,361,361-500-159,1,Juv,SMIC,SMIC,37
2017,2017,Aug,8/17/2017,LK,P,West Washerwoman,361,361-500-159,1,Juv,SMIC,SMIC,36
2017,2017,Aug,8/17/2017,LK,P,West Washerwoman,361,361-500-169,1,Juv,AGAR,AGAR,9
2017,2017,Aug,8/17/2017,LK,P,West Washerwoman,361,361-500-169,1,Iso,PAST,PORI,39
2017,2017,Aug,8/17/2017,LK,P,West Washerwoman,361,361-500-169,1,Juv,PPOR,PORI,20
2017,2017,Aug,8/17/2017,LK,P,West Washerwoman,361,361-500-169,1,Juv,SSID,SIDE,4
2017,2017,Aug,8/17/2017,LK,P,West Washerwoman,361,361-500-169,1,Iso,SMIC,SMIC,34
2017,2017,Aug,8/17/2017,LK,P,West Washerwoman,361,361-500-169,1,Juv,SMIC,SMIC,16
2017,2017,Aug,8/17/2017,LK,P,West Washerwoman,362,362-100-059,1,Juv,PAST,PORI,12
2017,2017,Aug,8/17/2017,LK,P,West Washerwoman,362,362-100-059,1,Juv,PAST,PORI,7
2017,2017,Aug,8/17/2017,LK,P,West Washerwoman,362,362-100-059,1,Juv,SSID,SIDE,6
2017,2017,Aug,8/17/2017,LK,P,West Washerwoman,362,362-100-059,1,Juv,SSID,SIDE,5
2017,2017,Aug,8/17/2017,LK,P,West Washerwoman,362,362-100-059,1,Juv,SSID,SIDE,27
2017,2017,Aug,8/17/2017,LK,P,West Washerwoman,362,362-100-059,1,Juv,SSID,SIDE,20
2017,2017,Aug,8/17/2017,LK,P,West Washerwoman,362,362-100-091,1,Juv,PAST,PORI,6
2017,2017,Aug,8/17/2017,LK,P,West Washerwoman,362,362-100-091,1,Juv,PAST,PORI,10
2017,2017,Aug,8/17/2017,LK,P,West Washerwoman,362,362-100-109,1,Juv,UNKS,UNKS,4
2017,2017,Aug,8/17/2017,LK,P,West Washerwoman,362,362-100-130,1,Juv,MYCE,MUSS,30
2017,2017,Aug,8/17/2017,LK,P,West Washerwoman,362,362-100-130,1,Juv,MYCE,MUSS,14
2017,2017,Aug,8/17/2017,LK,P,West Washerwoman,362,362-100-130,1,Juv,PAST,PORI,4
2017,2017,Aug,8/17/2017,LK,P,West Washerwoman,362,362-100-130,1,Juv,PAST,PORI,2
2017,2017,Aug,8/17/2017,LK,P,West Washerwoman,362,362-100-130,1,Juv,SSID,SIDE,5
2017,2017,Aug,8/17/2017,LK,P,West Washerwoman,362,362-100-130,1,Iso,SMIC,SMIC,12
2017,2017,Aug,8/17/2017,LK,P,West Washerwoman,362,362-500-058,1,Juv,MCAV,MCAV,10
2017,2017,Aug,8/17/2017,LK,P,West Washerwoman,362,362-500-058,1,Juv,SCUB,MUSS,32
2017,2017,Aug,8/17/2017,LK,P,West Washerwoman,362,362-500-058,1,Juv,SIDE,SIDE,13
2017,2017,Aug,8/17/2017,LK,P,West Washerwoman,362,362-500-058,1,Juv,SSID,SIDE,39
2017,2017,Aug,8/17/2017,LK,P,West Washerwoman,362,362-500-058,1,Juv,SSID,SIDE,17
2017,2017,Aug,8/17/2017,LK,P,West Washerwoman,362,362-500-058,1,Juv,SMIC,SMIC,16
2017,2017,Aug,8/17/2017,LK,P,West Washerwoman,362,362-500-058,1,Juv,SMIC,SMIC,27
2017,2017,Aug,8/17/2017,LK,P,West Washerwoman,362,362-500-145,1,Juv,SSID,SIDE,14
2017,2017,Aug,8/17/2017,LK,P,West Washerwoman,362,362-500-145,1,Juv,SSID,SIDE,3
2017,2017,Aug,8/17/2017,LK,P,West Washerwoman,362,362-500-157,1,Juv,MYCE,MUSS,32
2017,2017,Aug,8/17/2017,LK,P,West Washerwoman,362,362-500-157,1,Juv,SSID,SIDE,27
2017,2017,Aug,8/17/2017,LK,P,West Washerwoman,362,362-500-213,1,Juv,MYCE,MUSS,38
2017,2017,Aug,8/17/2017,LK,P,West Washerwoman,362,362-500-213,1,Juv,PAST,PORI,35
2017,2017,Aug,8/17/2017,LK,P,West Washerwoman,362,362-500-213,1,Juv,PAST,PORI,7
2017,2017,Aug,8/17/2017,LK,P,West Washerwoman,362,362-500-213,1,Juv,PAST,PORI,6
2017,2017,Aug,8/17/2017,LK,P,West Washerwoman,362,362-500-213,1,Juv,PAST,PORI,38
2017,2017,Aug,8/17/2017,LK,P,West Washerwoman,362,362-500-213,1,Juv,SSID,SIDE,2
2017,2017,Aug,8/17/2017,LK,P,West Washerwoman,362,362-500-213,1,Iso,SSID,SIDE,24
2017,2017,Aug,8/17/2017,LK,P,West Washerwoman,362,362-500-213,1,Juv,SMIC,SMIC,6
2017,2017,Aug,8/17/2017,LK,P,West Washerwoman,363,363-100-055,1,Iso,MCAV,MCAV,29
2017,2017,Aug,8/17/2017,LK,P,West Washerwoman,363,363-100-055,1,Iso,MCAV,MCAV,8
2017,2017,Aug,8/17/2017,LK,P,West Washerwoman,363,363-100-055,1,Iso,MCAV,MCAV,2
2017,2017,Aug,8/17/2017,LK,P,West Washerwoman,363,363-100-055,1,Iso,MCAV,MCAV,4
2017,2017,Aug,8/17/2017,LK,P,West Washerwoman,363,363-100-055,1,Juv,PAST,PORI,26
2017,2017,Aug,8/17/2017,LK,P,West Washerwoman,363,363-100-055,1,Juv,PAST,PORI,13
2017,2017,Aug,8/17/2017,LK,P,West Washerwoman,363,363-100-055,1,Juv,PAST,PORI,8
2017,2017,Aug,8/17/2017,LK,P,West Washerwoman,363,363-100-055,1,Juv,PAST,PORI,31
2017,2017,Aug,8/17/2017,LK,P,West Washerwoman,363,363-100-055,1,Juv,PAST,PORI,2
2017,2017,Aug,8/17/2017,LK,P,West Washerwoman,363,363-100-072,1,Iso,ORBI,ORBI,27
2017,2017,Aug,8/17/2017,LK,P,West Washerwoman,363,363-100-072,1,Iso,ORBI,ORBI,7
2017,2017,Aug,8/17/2017,LK,P,West Washerwoman,363,363-100-072,1,Juv,PAST,PORI,18
2017,2017,Aug,8/17/2017,LK,P,West Washerwoman,363,363-100-072,1,Juv,PAST,PORI,13
2017,2017,Aug,8/17/2017,LK,P,West Washerwoman,363,363-100-072,1,Juv,PAST,PORI,6
2017,2017,Aug,8/17/2017,LK,P,West Washerwoman,363,363-100-072,1,Juv,PAST,PORI,38
2017,2017,Aug,8/17/2017,LK,P,West Washerwoman,363,363-100-072,1,Iso,SSID,SIDE,36
2017,2017,Aug,8/17/2017,LK,P,West Washerwoman,363,363-100-072,1,Iso,SSID,SIDE,17
2017,2017,Aug,8/17/2017,LK,P,West Washerwoman,363,363-100-072,1,Iso,SSID,SIDE,35
2017,2017,Aug,8/17/2017,LK,P,West Washerwoman,363,363-100-072,1,Juv,SMIC,SMIC,14
2017,2017,Aug,8/17/2017,LK,P,West Washerwoman,363,363-100-137,1,Juv,MCAV,MCAV,24
2017,2017,Aug,8/17/2017,LK,P,West Washerwoman,363,363-100-137,1,Uns,MCAV,MCAV,20
2017,2017,Aug,8/17/2017,LK,P,West Washerwoman,363,363-100-137,1,Juv,SCUB,MUSS,29
2017,2017,Aug,8/17/2017,LK,P,West Washerwoman,363,363-100-137,1,Juv,SCUB,MUSS,21
2017,2017,Aug,8/17/2017,LK,P,West Washerwoman,363,363-100-137,1,Juv,PAST,PORI,17
2017,2017,Aug,8/17/2017,LK,P,West Washerwoman,363,363-100-137,1,Juv,PAST,PORI,6
2017,2017,Aug,8/17/2017,LK,P,West Washerwoman,363,363-100-137,1,Juv,PAST,PORI,6
2017,2017,Aug,8/17/2017,LK,P,West Washerwoman,363,363-100-137,1,Juv,PAST,PORI,3
2017,2017,Aug,8/17/2017,LK,P,West Washerwoman,363,363-100-137,1,Juv,PAST,PORI,14
2017,2017,Aug,8/17/2017,LK,P,West Washerwoman,363,363-100-137,1,Juv,PAST,PORI,3
2017,2017,Aug,8/17/2017,LK,P,West Washerwoman,363,363-100-137,1,Juv,PAST,PORI,1
2017,2017,Aug,8/17/2017,LK,P,West Washerwoman,363,363-100-137,1,Juv,PAST,PORI,3
2017,2017,Aug,8/17/2017,LK,P,West Washerwoman,363,363-100-137,1,Iso,PPOR,PORI,34
2017,2017,Aug,8/17/2017,LK,P,West Washerwoman,363,363-100-137,1,Iso,PPOR,PORI,32
2017,2017,Aug,8/17/2017,LK,P,West Washerwoman,363,363-100-137,1,Iso,PPOR,PORI,9
2017,2017,Aug,8/17/2017,LK,P,West Washerwoman,363,363-100-137,1,Iso,PPOR,PORI,18
2017,2017,Aug,8/17/2017,LK,P,West Washerwoman,363,363-100-137,1,Iso,PPOR,PORI,34
2017,2017,Aug,8/17/2017,LK,P,West Washerwoman,363,363-100-137,1,Juv,PPOR,PORI,25
2017,2017,Aug,8/17/2017,LK,P,West Washerwoman,363,363-100-137,1,Juv,PPOR,PORI,18
2017,2017,Aug,8/17/2017,LK,P,West Washerwoman,363,363-100-137,1,Iso,PPOR,PORI,6
2017,2017,Aug,8/17/2017,LK,P,West Washerwoman,363,363-100-137,1,Iso,PPOR,PORI,24
2017,2017,Aug,8/17/2017,LK,P,West Washerwoman,363,363-100-137,1,Juv,PPOR,PORI,11
2017,2017,Aug,8/17/2017,LK,P,West Washerwoman,363,363-100-137,1,Uns,SSID,SIDE,24
2017,2017,Aug,8/17/2017,LK,P,West Washerwoman,363,363-100-137,1,Juv,SSID,SIDE,8
2017,2017,Aug,8/17/2017,LK,P,West Washerwoman,363,363-100-137,1,Juv,SSID,SIDE,20
2017,2017,Aug,8/17/2017,LK,P,West Washerwoman,363,363-100-137,1,Juv,SSID,SIDE,22
2017,2017,Aug,8/17/2017,LK,P,West Washerwoman,363,363-100-137,1,Juv,SSID,SIDE,13
2017,2017,Aug,8/17/2017,LK,P,West Washerwoman,363,363-100-137,1,Juv,SSID,SIDE,4
2017,2017,Aug,8/17/2017,LK,P,West Washerwoman,363,363-100-137,1,Juv,SSID,SIDE,13
2017,2017,Aug,8/17/2017,LK,P,West Washerwoman,363,363-100-137,1,Juv,SSID,SIDE,7
2017,2017,Aug,8/17/2017,LK,P,West Washerwoman,363,363-100-137,1,Juv,SSID,SIDE,1
2017,2017,Aug,8/17/2017,LK,P,West Washerwoman,363,363-100-137,1,Juv,SSID,SIDE,19
2017,2017,Aug,8/17/2017,LK,P,West Washerwoman,363,363-100-137,1,Juv,SSID,SIDE,8
2017,2017,Aug,8/17/2017,LK,P,West Washerwoman,363,363-100-137,1,Juv,SSID,SIDE,36
2017,2017,Aug,8/17/2017,LK,P,West Washerwoman,363,363-100-137,1,Juv,SSID,SIDE,14
2017,2017,Aug,8/17/2017,LK,P,West Washerwoman,363,363-100-137,1,Juv,SSID,SIDE,9
2017,2017,Aug,8/17/2017,LK,P,West Washerwoman,363,363-100-137,1,Juv,SSID,SIDE,4
2017,2017,Aug,8/17/2017,LK,P,West Washerwoman,363,363-100-137,1,Juv,SSID,SIDE,1
2017,2017,Aug,8/17/2017,LK,P,West Washerwoman,363,363-100-137,1,Juv,SSID,SIDE,9
2017,2017,Aug,8/17/2017,LK,P,West Washerwoman,363,363-100-137,1,Juv,SSID,SIDE,10
2017,2017,Aug,8/17/2017,LK,P,West Washerwoman,363,363-100-137,1,Juv,SSID,SIDE,15
2017,2017,Aug,8/17/2017,LK,P,West Washerwoman,363,363-100-137,1,Juv,SSID,SIDE,29
2017,2017,Aug,8/17/2017,LK,P,West Washerwoman,363,363-100-137,1,Juv,SSID,SIDE,3
2017,2017,Aug,8/17/2017,LK,P,West Washerwoman,363,363-100-137,1,Juv,SSID,SIDE,2
2017,2017,Aug,8/17/2017,LK,P,West Washerwoman,363,363-100-137,1,Juv,SSID,SIDE,7
2017,2017,Aug,8/17/2017,LK,P,West Washerwoman,363,363-100-167,1,Uns,CNAT,CNAT,16
2017,2017,Aug,8/17/2017,LK,P,West Washerwoman,363,363-100-167,1,Juv,CNAT,CNAT,9
2017,2017,Aug,8/17/2017,LK,P,West Washerwoman,363,363-100-167,1,Juv,MYCE,MUSS,35
2017,2017,Aug,8/17/2017,LK,P,West Washerwoman,363,363-100-167,1,Juv,PAST,PORI,8
2017,2017,Aug,8/17/2017,LK,P,West Washerwoman,363,363-100-167,1,Juv,PAST,PORI,14
2017,2017,Aug,8/17/2017,LK,P,West Washerwoman,363,363-100-167,1,Juv,PAST,PORI,2
2017,2017,Aug,8/17/2017,LK,P,West Washerwoman,363,363-100-167,1,Juv,PAST,PORI,7
2017,2017,Aug,8/17/2017,LK,P,West Washerwoman,363,363-100-167,1,Juv,PAST,PORI,3
2017,2017,Aug,8/17/2017,LK,P,West Washerwoman,363,363-100-167,1,Juv,SRAD,SIDE,23
2017,2017,Aug,8/17/2017,LK,P,West Washerwoman,363,363-100-167,1,Juv,SSID,SIDE,10
2017,2017,Aug,8/17/2017,LK,P,West Washerwoman,363,363-100-167,1,Juv,SSID,SIDE,11
2017,2017,Aug,8/17/2017,LK,P,West Washerwoman,363,363-100-167,1,Juv,SSID,SIDE,9
2017,2017,Aug,8/17/2017,LK,P,West Washerwoman,363,363-100-167,1,Juv,SSID,SIDE,25
2017,2017,Aug,8/17/2017,LK,P,West Washerwoman,363,363-100-167,1,Juv,SSID,SIDE,29
2017,2017,Aug,8/17/2017,LK,P,West Washerwoman,363,363-100-167,1,Juv,SSID,SIDE,14
2017,2017,Aug,8/17/2017,LK,P,West Washerwoman,363,363-100-167,1,Juv,SSID,SIDE,13
2017,2017,Aug,8/17/2017,LK,P,West Washerwoman,363,363-100-167,1,Juv,SSID,SIDE,17
2017,2017,Aug,8/17/2017,LK,P,West Washerwoman,363,363-100-167,1,Juv,SSID,SIDE,5
2017,2017,Aug,8/17/2017,LK,P,West Washerwoman,363,363-100-167,1,Juv,SSID,SIDE,2
2017,2017,Aug,8/17/2017,LK,P,West Washerwoman,363,363-100-167,1,Juv,SSID,SIDE,2
2017,2017,Aug,8/17/2017,LK,P,West Washerwoman,363,363-100-167,1,Juv,SSID,SIDE,2
2017,2017,Aug,8/17/2017,LK,P,West Washerwoman,363,363-100-167,1,Juv,SSID,SIDE,22
2017,2017,Aug,8/17/2017,LK,P,West Washerwoman,363,363-100-167,1,Juv,SSID,SIDE,11
2017,2017,Aug,8/17/2017,LK,P,West Washerwoman,363,363-100-167,1,Juv,SMIC,SMIC,28
2017,2017,Aug,8/17/2017,LK,P,West Washerwoman,363,363-500-032,1,Juv,PAST,PORI,24
2017,2017,Aug,8/17/2017,LK,P,West Washerwoman,363,363-500-032,1,Juv,SSID,SIDE,38
2017,2017,Aug,8/17/2017,LK,P,West Washerwoman,363,363-500-032,1,Juv,SMIC,SMIC,22
2017,2017,Aug,8/17/2017,LK,P,West Washerwoman,363,363-500-032,1,Juv,SMIC,SMIC,22
2017,2017,Aug,8/17/2017,LK,P,West Washerwoman,363,363-500-115,1,Juv,PAST,PORI,11
2017,2017,Aug,8/17/2017,LK,P,West Washerwoman,363,363-500-115,1,Iso,PPOR,PORI,11
2017,2017,Aug,8/17/2017,LK,P,West Washerwoman,363,363-500-115,1,Iso,PPOR,PORI,31
2017,2017,Aug,8/17/2017,LK,P,West Washerwoman,363,363-500-115,1,Iso,PPOR,PORI,33
2017,2017,Aug,8/17/2017,LK,P,West Washerwoman,363,363-500-115,1,Iso,PPOR,PORI,24
2017,2017,Aug,8/17/2017,LK,P,West Washerwoman,363,363-500-152,0,NA,NA,NA,NA
2017,2017,Aug,8/17/2017,LK,P,West Washerwoman,363,363-500-207,1,Juv,AAGA,AGAR,15
2017,2017,Aug,8/17/2017,LK,P,West Washerwoman,363,363-500-207,1,Juv,PAST,PORI,7
2017,2017,Aug,8/17/2017,LK,P,West Washerwoman,363,363-500-207,1,Juv,SMIC,SMIC,35
2017,2017,Aug,8/17/2017,LK,P,West Washerwoman,364,364-100-027,1,Juv,PPOR,PORI,4
2017,2017,Aug,8/17/2017,LK,P,West Washerwoman,364,364-100-027,1,Juv,SSID,SIDE,16
2017,2017,Aug,8/17/2017,LK,P,West Washerwoman,364,364-100-091,1,Juv,PAST,PORI,18
2017,2017,Aug,8/17/2017,LK,P,West Washerwoman,364,364-100-091,1,Juv,PAST,PORI,8
2017,2017,Aug,8/17/2017,LK,P,West Washerwoman,364,364-100-091,1,Juv,PAST,PORI,25
2017,2017,Aug,8/17/2017,LK,P,West Washerwoman,364,364-100-091,1,Juv,PAST,PORI,39
2017,2017,Aug,8/17/2017,LK,P,West Washerwoman,364,364-100-091,1,Juv,PAST,PORI,14
2017,2017,Aug,8/17/2017,LK,P,West Washerwoman,364,364-100-091,1,Juv,PPOR,PORI,28
2017,2017,Aug,8/17/2017,LK,P,West Washerwoman,364,364-100-091,1,Juv,SSID,SIDE,7
2017,2017,Aug,8/17/2017,LK,P,West Washerwoman,364,364-100-091,1,Juv,SSID,SIDE,6
2017,2017,Aug,8/17/2017,LK,P,West Washerwoman,364,364-100-091,1,Juv,SSID,SIDE,6
2017,2017,Aug,8/17/2017,LK,P,West Washerwoman,364,364-100-091,1,Juv,SSID,SIDE,3
2017,2017,Aug,8/17/2017,LK,P,West Washerwoman,364,364-100-091,1,Juv,SSID,SIDE,2
2017,2017,Aug,8/17/2017,LK,P,West Washerwoman,364,364-100-091,1,Juv,SSID,SIDE,5
2017,2017,Aug,8/17/2017,LK,P,West Washerwoman,364,364-100-091,1,Juv,SSID,SIDE,2
2017,2017,Aug,8/17/2017,LK,P,West Washerwoman,364,364-100-091,1,Juv,SSID,SIDE,8
2017,2017,Aug,8/17/2017,LK,P,West Washerwoman,364,364-100-091,1,Juv,SMIC,SMIC,36
2017,2017,Aug,8/17/2017,LK,P,West Washerwoman,364,364-100-091,1,Juv,SMIC,SMIC,6
2017,2017,Aug,8/17/2017,LK,P,West Washerwoman,364,364-100-091,1,Juv,SMIC,SMIC,16
2017,2017,Aug,8/17/2017,LK,P,West Washerwoman,364,364-100-125,0,NA,NA,NA,NA
2017,2017,Aug,8/17/2017,LK,P,West Washerwoman,364,364-100-194,1,Juv,PAST,PORI,10
2017,2017,Aug,8/17/2017,LK,P,West Washerwoman,364,364-100-194,1,Iso,PPOR,PORI,7
2017,2017,Aug,8/17/2017,LK,P,West Washerwoman,364,364-100-194,1,Iso,PPOR,PORI,29
2017,2017,Aug,8/17/2017,LK,P,West Washerwoman,364,364-100-194,1,Juv,SSID,SIDE,20
2017,2017,Aug,8/17/2017,LK,P,West Washerwoman,364,364-100-194,1,Juv,SSID,SIDE,17
2017,2017,Aug,8/17/2017,LK,P,West Washerwoman,364,364-100-194,1,Juv,SSID,SIDE,18
2017,2017,Aug,8/17/2017,LK,P,West Washerwoman,364,364-100-194,1,Juv,SSID,SIDE,21
2017,2017,Aug,8/17/2017,LK,P,West Washerwoman,364,364-100-194,1,Juv,SSID,SIDE,19
2017,2017,Aug,8/17/2017,LK,P,West Washerwoman,364,364-500-104,1,Juv,SRAD,SIDE,18
2017,2017,Aug,8/17/2017,LK,P,West Washerwoman,364,364-500-104,1,Juv,SSID,SIDE,9
2017,2017,Aug,8/17/2017,LK,P,West Washerwoman,364,364-500-104,1,Juv,SSID,SIDE,2
2017,2017,Aug,8/17/2017,LK,P,West Washerwoman,364,364-500-104,1,Juv,SSID,SIDE,1
2017,2017,Aug,8/17/2017,LK,P,West Washerwoman,364,364-500-104,1,Juv,SSID,SIDE,9
2017,2017,Aug,8/17/2017,LK,P,West Washerwoman,364,364-500-104,1,Juv,SSID,SIDE,38
2017,2017,Aug,8/17/2017,LK,P,West Washerwoman,364,364-500-104,1,Juv,SSID,SIDE,3
2017,2017,Aug,8/17/2017,LK,P,West Washerwoman,364,364-500-104,1,Juv,SMIC,SMIC,38
2017,2017,Aug,8/17/2017,LK,P,West Washerwoman,364,364-500-104,1,Juv,SMIC,SMIC,20
2017,2017,Aug,8/17/2017,LK,P,West Washerwoman,364,364-500-120,1,Juv,PAST,PORI,10
2017,2017,Aug,8/17/2017,LK,P,West Washerwoman,364,364-500-120,1,Juv,PAST,PORI,7
2017,2017,Aug,8/17/2017,LK,P,West Washerwoman,364,364-500-170,1,Juv,SSID,SIDE,27
2017,2017,Aug,8/17/2017,LK,P,West Washerwoman,364,364-500-170,1,Iso,SMIC,SMIC,18
2017,2017,Aug,8/17/2017,LK,P,West Washerwoman,364,364-500-170,1,Iso,SMIC,SMIC,5
2017,2017,Aug,8/17/2017,LK,P,West Washerwoman,364,364-500-170,1,Iso,SMIC,SMIC,3
2017,2017,Aug,8/17/2017,LK,P,West Washerwoman,364,364-500-198,1,Iso,SMIC,SMIC,17
2017,2017,Aug,8/17/2017,LK,P,West Washerwoman,364,364-500-198,1,Iso,SMIC,SMIC,17
2017,2017,Aug,8/17/2017,LK,P,West Washerwoman,364,364-500-198,1,Iso,SMIC,SMIC,6
2017,2017,July,7/15/2017,UK,OS,Carysfort Shallow,501,501-100-010,1,Juv,PAST,PORI,2
2017,2017,July,7/15/2017,UK,OS,Carysfort Shallow,501,501-100-010,1,Juv,PAST,PORI,6
2017,2017,July,7/15/2017,UK,OS,Carysfort Shallow,501,501-100-038,1,Juv,PAST,PORI,25
2017,2017,July,7/15/2017,UK,OS,Carysfort Shallow,501,501-100-137,1,Juv,PAST,PORI,22
2017,2017,July,7/15/2017,UK,OS,Carysfort Shallow,501,501-100-137,1,Juv,PAST,PORI,2
2017,2017,July,7/15/2017,UK,OS,Carysfort Shallow,501,501-100-137,1,Juv,PAST,PORI,29
2017,2017,July,7/15/2017,UK,OS,Carysfort Shallow,501,501-100-137,1,Juv,PAST,PORI,22
2017,2017,July,7/15/2017,UK,OS,Carysfort Shallow,501,501-100-137,1,Juv,SRAD,SIDE,20
2017,2017,July,7/15/2017,UK,OS,Carysfort Shallow,501,501-100-137,1,Juv,SRAD,SIDE,39
2017,2017,July,7/15/2017,UK,OS,Carysfort Shallow,501,501-100-137,1,Juv,SSID,SIDE,20
2017,2017,July,7/15/2017,UK,OS,Carysfort Shallow,501,501-100-159,1,Juv,PAST,PORI,35
2017,2017,July,7/15/2017,UK,OS,Carysfort Shallow,501,501-500-016,1,Iso,PAST,PORI,32
2017,2017,July,7/15/2017,UK,OS,Carysfort Shallow,501,501-500-016,1,Iso,PAST,PORI,21
2017,2017,July,7/15/2017,UK,OS,Carysfort Shallow,501,501-500-016,1,Juv,PAST,PORI,19
2017,2017,July,7/15/2017,UK,OS,Carysfort Shallow,501,501-500-034,1,Iso,PAST,PORI,38
2017,2017,July,7/15/2017,UK,OS,Carysfort Shallow,501,501-500-034,1,Juv,PAST,PORI,11
2017,2017,July,7/15/2017,UK,OS,Carysfort Shallow,501,501-500-034,1,Juv,PAST,PORI,14
2017,2017,July,7/15/2017,UK,OS,Carysfort Shallow,501,501-500-034,1,Juv,PAST,PORI,24
2017,2017,July,7/15/2017,UK,OS,Carysfort Shallow,501,501-500-034,1,Juv,PAST,PORI,8
2017,2017,July,7/15/2017,UK,OS,Carysfort Shallow,501,501-500-084,1,Juv,PAST,PORI,7
2017,2017,July,7/15/2017,UK,OS,Carysfort Shallow,501,501-500-084,1,Juv,PAST,PORI,22
2017,2017,July,7/15/2017,UK,OS,Carysfort Shallow,501,501-500-084,1,Juv,PAST,PORI,15
2017,2017,July,7/15/2017,UK,OS,Carysfort Shallow,501,501-500-084,1,Juv,PAST,PORI,11
2017,2017,July,7/15/2017,UK,OS,Carysfort Shallow,501,501-500-108,1,Juv,PAST,PORI,34
2017,2017,July,7/15/2017,UK,OS,Carysfort Shallow,501,501-500-108,1,Juv,PAST,PORI,5
2017,2017,July,7/15/2017,UK,OS,Carysfort Shallow,501,501-500-108,1,Juv,PAST,PORI,15
2017,2017,July,7/15/2017,UK,OS,Carysfort Shallow,502,502-100-044,1,Juv,PAST,PORI,16
2017,2017,July,7/15/2017,UK,OS,Carysfort Shallow,502,502-100-126,1,Juv,PAST,PORI,9
2017,2017,July,7/15/2017,UK,OS,Carysfort Shallow,502,502-100-126,1,Iso,SRAD,SIDE,39
2017,2017,July,7/15/2017,UK,OS,Carysfort Shallow,502,502-100-144,1,Iso,PAST,PORI,15
2017,2017,July,7/15/2017,UK,OS,Carysfort Shallow,502,502-100-144,1,Juv,SSID,SIDE,15
2017,2017,July,7/15/2017,UK,OS,Carysfort Shallow,502,502-100-181,0,NA,NA,NA,NA
2017,2017,July,7/15/2017,UK,OS,Carysfort Shallow,502,502-500-028,1,Uns,PAST,PORI,13
2017,2017,July,7/15/2017,UK,OS,Carysfort Shallow,502,502-500-028,1,Juv,PAST,PORI,28
2017,2017,July,7/15/2017,UK,OS,Carysfort Shallow,502,502-500-028,1,Juv,PAST,PORI,23
2017,2017,July,7/15/2017,UK,OS,Carysfort Shallow,502,502-500-028,1,Juv,PAST,PORI,18
2017,2017,July,7/15/2017,UK,OS,Carysfort Shallow,502,502-500-045,1,Juv,PAME,PAME,4
2017,2017,July,7/15/2017,UK,OS,Carysfort Shallow,502,502-500-045,1,Juv,PAME,PAME,4
2017,2017,July,7/15/2017,UK,OS,Carysfort Shallow,502,502-500-045,1,Juv,PAME,PAME,2
2017,2017,July,7/15/2017,UK,OS,Carysfort Shallow,502,502-500-045,1,Juv,PAST,PORI,19
2017,2017,July,7/15/2017,UK,OS,Carysfort Shallow,502,502-500-045,1,Juv,PAST,PORI,14
2017,2017,July,7/15/2017,UK,OS,Carysfort Shallow,502,502-500-045,1,Juv,PAST,PORI,17
2017,2017,July,7/15/2017,UK,OS,Carysfort Shallow,502,502-500-115,1,Juv,AAGA,AGAR,13
2017,2017,July,7/15/2017,UK,OS,Carysfort Shallow,502,502-500-115,1,Juv,AAGA,AGAR,12
2017,2017,July,7/15/2017,UK,OS,Carysfort Shallow,502,502-500-160,1,Juv,AAGA,AGAR,27
2017,2017,July,7/15/2017,UK,OS,Carysfort Shallow,503,503-100-044,1,Juv,DSTO,DSTO,11
2017,2017,July,7/15/2017,UK,OS,Carysfort Shallow,503,503-100-044,1,Juv,MCAV,MCAV,23
2017,2017,July,7/15/2017,UK,OS,Carysfort Shallow,503,503-100-044,1,Juv,PAST,PORI,26
2017,2017,July,7/15/2017,UK,OS,Carysfort Shallow,503,503-100-044,1,Juv,PPOR,PORI,22
2017,2017,July,7/15/2017,UK,OS,Carysfort Shallow,503,503-100-070,1,Juv,PAST,PORI,16
2017,2017,July,7/15/2017,UK,OS,Carysfort Shallow,503,503-100-070,1,Juv,PAST,PORI,14
2017,2017,July,7/15/2017,UK,OS,Carysfort Shallow,503,503-100-089,1,Juv,PAST,PORI,15
2017,2017,July,7/15/2017,UK,OS,Carysfort Shallow,503,503-100-089,1,Juv,PAST,PORI,11
2017,2017,July,7/15/2017,UK,OS,Carysfort Shallow,503,503-100-089,1,Juv,PAST,PORI,7
2017,2017,July,7/15/2017,UK,OS,Carysfort Shallow,503,503-100-183,1,Juv,PAST,PORI,12
2017,2017,July,7/15/2017,UK,OS,Carysfort Shallow,503,503-500-063,1,Juv,AAGA,AGAR,17
2017,2017,July,7/15/2017,UK,OS,Carysfort Shallow,503,503-500-063,1,Juv,AAGA,AGAR,23
2017,2017,July,7/15/2017,UK,OS,Carysfort Shallow,503,503-500-063,1,Juv,PAST,PORI,27
2017,2017,July,7/15/2017,UK,OS,Carysfort Shallow,503,503-500-063,1,Juv,PAST,PORI,24
2017,2017,July,7/15/2017,UK,OS,Carysfort Shallow,503,503-500-092,1,Juv,PAST,PORI,13
2017,2017,July,7/15/2017,UK,OS,Carysfort Shallow,503,503-500-092,1,Juv,PAST,PORI,14
2017,2017,July,7/15/2017,UK,OS,Carysfort Shallow,503,503-500-092,1,Juv,PAST,PORI,7
2017,2017,July,7/15/2017,UK,OS,Carysfort Shallow,503,503-500-092,1,Juv,PAST,PORI,28
2017,2017,July,7/15/2017,UK,OS,Carysfort Shallow,503,503-500-118,1,Iso,PAST,PORI,11
2017,2017,July,7/15/2017,UK,OS,Carysfort Shallow,503,503-500-118,1,Iso,PAST,PORI,18
2017,2017,July,7/15/2017,UK,OS,Carysfort Shallow,503,503-500-118,1,Juv,PAST,PORI,11
2017,2017,July,7/15/2017,UK,OS,Carysfort Shallow,503,503-500-118,1,Juv,PAST,PORI,11
2017,2017,July,7/15/2017,UK,OS,Carysfort Shallow,503,503-500-145,0,NA,NA,NA,NA
2017,2017,July,7/15/2017,UK,OS,Carysfort Shallow,504,504-100-019,1,Juv,AAGA,AGAR,11
2017,2017,July,7/15/2017,UK,OS,Carysfort Shallow,504,504-100-019,1,Iso,PAST,PORI,9
2017,2017,July,7/15/2017,UK,OS,Carysfort Shallow,504,504-100-019,1,Iso,PAST,PORI,10
2017,2017,July,7/15/2017,UK,OS,Carysfort Shallow,504,504-100-019,1,Iso,PAST,PORI,10
2017,2017,July,7/15/2017,UK,OS,Carysfort Shallow,504,504-100-019,1,Juv,PAST,PORI,19
2017,2017,July,7/15/2017,UK,OS,Carysfort Shallow,504,504-100-019,1,Juv,PAST,PORI,17
2017,2017,July,7/15/2017,UK,OS,Carysfort Shallow,504,504-100-019,1,Juv,PAST,PORI,10
2017,2017,July,7/15/2017,UK,OS,Carysfort Shallow,504,504-100-019,1,Juv,PAST,PORI,25
2017,2017,July,7/15/2017,UK,OS,Carysfort Shallow,504,504-100-019,1,Juv,PAST,PORI,10
2017,2017,July,7/15/2017,UK,OS,Carysfort Shallow,504,504-100-019,1,Juv,PAST,PORI,6
2017,2017,July,7/15/2017,UK,OS,Carysfort Shallow,504,504-100-138,1,Juv,AAGA,AGAR,11
2017,2017,July,7/15/2017,UK,OS,Carysfort Shallow,504,504-100-138,1,Juv,AAGA,AGAR,39
2017,2017,July,7/15/2017,UK,OS,Carysfort Shallow,504,504-100-171,1,Juv,PAME,PAME,4
2017,2017,July,7/15/2017,UK,OS,Carysfort Shallow,504,504-100-184,0,NA,NA,NA,NA
2017,2017,July,7/15/2017,UK,OS,Carysfort Shallow,504,504-500-021,1,Juv,AAGA,AGAR,37
2017,2017,July,7/15/2017,UK,OS,Carysfort Shallow,504,504-500-021,1,Juv,AGAR,AGAR,5
2017,2017,July,7/15/2017,UK,OS,Carysfort Shallow,504,504-500-021,1,Juv,PAST,PORI,38
2017,2017,July,7/15/2017,UK,OS,Carysfort Shallow,504,504-500-060,0,NA,NA,NA,NA
2017,2017,July,7/15/2017,UK,OS,Carysfort Shallow,504,504-500-159,1,Juv,PAST,PORI,16
2017,2017,July,7/15/2017,UK,OS,Carysfort Shallow,504,504-500-159,1,Juv,PAST,PORI,11
2017,2017,July,7/15/2017,UK,OS,Carysfort Shallow,504,504-500-159,1,Juv,PAST,PORI,27
2017,2017,July,7/15/2017,UK,OS,Carysfort Shallow,504,504-500-159,1,Juv,PAST,PORI,22
2017,2017,July,7/15/2017,UK,OS,Carysfort Shallow,504,504-500-159,1,Juv,SRAD,SIDE,35
2017,2017,July,7/15/2017,UK,OS,Carysfort Shallow,504,504-500-210,1,Juv,PAST,PORI,18
2017,2017,July,7/15/2017,UK,OS,Carysfort Shallow,504,504-500-210,1,Juv,PAST,PORI,22
2017,2017,July,7/12/2017,UK,OS,Molasses Shallow,521,521-100-011,1,Iso,AAGA,AGAR,32
2017,2017,July,7/12/2017,UK,OS,Molasses Shallow,521,521-100-011,1,Iso,AAGA,AGAR,34
2017,2017,July,7/12/2017,UK,OS,Molasses Shallow,521,521-100-011,1,Iso,AAGA,AGAR,20
2017,2017,July,7/12/2017,UK,OS,Molasses Shallow,521,521-100-011,1,Iso,AAGA,AGAR,18
2017,2017,July,7/12/2017,UK,OS,Molasses Shallow,521,521-100-011,1,Iso,AAGA,AGAR,7
2017,2017,July,7/12/2017,UK,OS,Molasses Shallow,521,521-100-011,1,Juv,PAST,PORI,18
2017,2017,July,7/12/2017,UK,OS,Molasses Shallow,521,521-100-027,1,Iso,SSID,SIDE,6
2017,2017,July,7/12/2017,UK,OS,Molasses Shallow,521,521-100-088,1,Juv,PAST,PORI,12
2017,2017,July,7/12/2017,UK,OS,Molasses Shallow,521,521-100-174,1,Iso,AAGA,AGAR,27
2017,2017,July,7/12/2017,UK,OS,Molasses Shallow,521,521-100-174,1,Iso,AAGA,AGAR,11
2017,2017,July,7/12/2017,UK,OS,Molasses Shallow,521,521-100-174,1,Juv,AAGA,AGAR,4
2017,2017,July,7/12/2017,UK,OS,Molasses Shallow,521,521-100-174,1,Iso,PPOR,PORI,12
2017,2017,July,7/12/2017,UK,OS,Molasses Shallow,521,521-100-174,1,Iso,PPOR,PORI,27
2017,2017,July,7/12/2017,UK,OS,Molasses Shallow,521,521-500-025,0,NA,NA,NA,NA
2017,2017,July,7/12/2017,UK,OS,Molasses Shallow,521,521-500-061,1,Juv,AAGA,AGAR,26
2017,2017,July,7/12/2017,UK,OS,Molasses Shallow,521,521-500-137,1,Juv,AAGA,AGAR,24
2017,2017,July,7/12/2017,UK,OS,Molasses Shallow,521,521-500-137,1,Juv,FFRA,FFRA,35
2017,2017,July,7/12/2017,UK,OS,Molasses Shallow,521,521-500-205,1,Juv,AAGA,AGAR,31
2017,2017,July,7/20/2017,UK,OS,Molasses Shallow,522,522-100-025,1,Juv,AAGA,AGAR,7
2017,2017,July,7/20/2017,UK,OS,Molasses Shallow,522,522-100-025,1,Juv,PAST,PORI,16
2017,2017,July,7/20/2017,UK,OS,Molasses Shallow,522,522-100-058,1,Juv,AAGA,AGAR,9
2017,2017,July,7/20/2017,UK,OS,Molasses Shallow,522,522-100-091,1,Iso,AAGA,AGAR,32
2017,2017,July,7/20/2017,UK,OS,Molasses Shallow,522,522-100-091,1,Juv,AAGA,AGAR,15
2017,2017,July,7/20/2017,UK,OS,Molasses Shallow,522,522-100-139,1,Iso,AAGA,AGAR,7
2017,2017,July,7/20/2017,UK,OS,Molasses Shallow,522,522-100-139,1,Juv,AAGA,AGAR,29
2017,2017,July,7/20/2017,UK,OS,Molasses Shallow,522,522-100-139,1,Juv,AAGA,AGAR,12
2017,2017,July,7/20/2017,UK,OS,Molasses Shallow,522,522-100-139,1,Juv,SRAD,SIDE,14
2017,2017,July,7/20/2017,UK,OS,Molasses Shallow,522,522-100-139,1,Juv,SRAD,SIDE,15
2017,2017,July,7/20/2017,UK,OS,Molasses Shallow,522,522-100-139,1,Juv,SSID,SIDE,10
2017,2017,July,7/20/2017,UK,OS,Molasses Shallow,522,522-100-139,1,Juv,SSID,SIDE,12
2017,2017,July,7/20/2017,UK,OS,Molasses Shallow,522,522-100-139,1,Juv,SSID,SIDE,7
2017,2017,July,7/20/2017,UK,OS,Molasses Shallow,522,522-100-139,1,Juv,SSID,SIDE,7
2017,2017,July,7/20/2017,UK,OS,Molasses Shallow,522,522-100-139,1,Juv,SSID,SIDE,8
2017,2017,July,7/20/2017,UK,OS,Molasses Shallow,522,522-100-139,1,Juv,SSID,SIDE,6
2017,2017,July,7/20/2017,UK,OS,Molasses Shallow,522,522-500-033,1,Juv,AAGA,AGAR,22
2017,2017,July,7/20/2017,UK,OS,Molasses Shallow,522,522-500-033,1,Juv,AAGA,AGAR,29
2017,2017,July,7/20/2017,UK,OS,Molasses Shallow,522,522-500-063,1,Juv,AAGA,AGAR,32
2017,2017,July,7/20/2017,UK,OS,Molasses Shallow,522,522-500-063,1,Juv,PAST,PORI,28
2017,2017,July,7/20/2017,UK,OS,Molasses Shallow,522,522-500-138,1,Iso,PAST,PORI,10
2017,2017,July,7/20/2017,UK,OS,Molasses Shallow,522,522-500-138,1,Juv,PAST,PORI,18
2017,2017,July,7/20/2017,UK,OS,Molasses Shallow,522,522-500-138,1,Juv,PAST,PORI,20
2017,2017,July,7/20/2017,UK,OS,Molasses Shallow,522,522-500-200,1,Iso,AAGA,AGAR,20
2017,2017,July,7/20/2017,UK,OS,Molasses Shallow,522,522-500-200,1,Iso,AAGA,AGAR,4
2017,2017,July,7/20/2017,UK,OS,Molasses Shallow,522,522-500-200,1,Iso,AAGA,AGAR,4
2017,2017,July,7/20/2017,UK,OS,Molasses Shallow,522,522-500-200,1,Iso,AAGA,AGAR,23
2017,2017,July,7/20/2017,UK,OS,Molasses Shallow,522,522-500-200,1,Iso,AAGA,AGAR,32
2017,2017,July,7/20/2017,UK,OS,Molasses Shallow,522,522-500-200,1,Juv,AAGA,AGAR,25
2017,2017,July,7/20/2017,UK,OS,Molasses Shallow,523,523-100-003,1,Juv,PAST,PORI,13
2017,2017,July,7/20/2017,UK,OS,Molasses Shallow,523,523-100-003,1,Juv,PPOR,PORI,32
2017,2017,July,7/20/2017,UK,OS,Molasses Shallow,523,523-100-036,1,Juv,AAGA,AGAR,7
2017,2017,July,7/20/2017,UK,OS,Molasses Shallow,523,523-100-036,1,Juv,AAGA,AGAR,33
2017,2017,July,7/20/2017,UK,OS,Molasses Shallow,523,523-100-036,1,Juv,AFRA,AGAR,21
2017,2017,July,7/20/2017,UK,OS,Molasses Shallow,523,523-100-036,1,Juv,PORI,PORI,6
2017,2017,July,7/20/2017,UK,OS,Molasses Shallow,523,523-100-036,1,Juv,SSID,SIDE,6
2017,2017,July,7/20/2017,UK,OS,Molasses Shallow,523,523-100-036,1,Juv,SSID,SIDE,21
2017,2017,July,7/20/2017,UK,OS,Molasses Shallow,523,523-100-036,1,Juv,SSID,SIDE,15
2017,2017,July,7/20/2017,UK,OS,Molasses Shallow,523,523-100-036,1,Juv,SMIC,SMIC,30
2017,2017,July,7/20/2017,UK,OS,Molasses Shallow,523,523-100-107,1,Iso,MCAV,MCAV,27
2017,2017,July,7/20/2017,UK,OS,Molasses Shallow,523,523-100-107,1,Juv,PAST,PORI,12
2017,2017,July,7/20/2017,UK,OS,Molasses Shallow,523,523-100-107,1,Iso,SSID,SIDE,16
2017,2017,July,7/20/2017,UK,OS,Molasses Shallow,523,523-100-107,1,Iso,SSID,SIDE,10
2017,2017,July,7/20/2017,UK,OS,Molasses Shallow,523,523-100-107,1,Iso,SSID,SIDE,21
2017,2017,July,7/20/2017,UK,OS,Molasses Shallow,523,523-100-107,1,Iso,SSID,SIDE,10
2017,2017,July,7/20/2017,UK,OS,Molasses Shallow,523,523-100-107,1,Iso,SSID,SIDE,9
2017,2017,July,7/20/2017,UK,OS,Molasses Shallow,523,523-100-107,1,Juv,SSID,SIDE,26
2017,2017,July,7/20/2017,UK,OS,Molasses Shallow,523,523-100-107,1,Juv,SMIC,SMIC,35
2017,2017,July,7/20/2017,UK,OS,Molasses Shallow,523,523-100-157,1,Juv,AAGA,AGAR,24
2017,2017,July,7/20/2017,UK,OS,Molasses Shallow,523,523-100-157,1,Juv,AFRA,AGAR,28
2017,2017,July,7/20/2017,UK,OS,Molasses Shallow,523,523-100-157,1,Juv,AGAR,AGAR,30
2017,2017,Aug,8/29/2017,UK,OS,Molasses Shallow,523,523-500-023,1,Juv,AAGA,AGAR,14
2017,2017,Aug,8/29/2017,UK,OS,Molasses Shallow,523,523-500-023,1,Juv,AAGA,AGAR,25
2017,2017,Aug,8/29/2017,UK,OS,Molasses Shallow,523,523-500-023,1,Juv,SSID,SIDE,18
2017,2017,Aug,8/29/2017,UK,OS,Molasses Shallow,523,523-500-063,1,Juv,AAGA,AGAR,33
2017,2017,Aug,8/29/2017,UK,OS,Molasses Shallow,523,523-500-063,1,Juv,AAGA,AGAR,28
2017,2017,Aug,8/29/2017,UK,OS,Molasses Shallow,523,523-500-063,1,Juv,PPOR,PORI,24
2017,2017,July,7/20/2017,UK,OS,Molasses Shallow,523,523-500-101,1,Juv,AAGA,AGAR,31
2017,2017,July,7/20/2017,UK,OS,Molasses Shallow,523,523-500-101,1,Juv,AAGA,AGAR,34
2017,2017,July,7/20/2017,UK,OS,Molasses Shallow,523,523-500-101,1,Juv,AAGA,AGAR,4
2017,2017,July,7/20/2017,UK,OS,Molasses Shallow,523,523-500-101,1,Juv,AAGA,AGAR,3
2017,2017,July,7/20/2017,UK,OS,Molasses Shallow,523,523-500-101,1,Juv,PAST,PORI,17
2017,2017,July,7/20/2017,UK,OS,Molasses Shallow,523,523-500-101,1,Juv,PAST,PORI,14
2017,2017,July,7/20/2017,UK,OS,Molasses Shallow,523,523-500-101,1,Juv,PPOR,PORI,39
2017,2017,Aug,8/29/2017,UK,OS,Molasses Shallow,523,523-500-167,1,Juv,AAGA,AGAR,14
2017,2017,Aug,8/29/2017,UK,OS,Molasses Shallow,523,523-500-167,1,Juv,AAGA,AGAR,10
2017,2017,Aug,8/29/2017,UK,OS,Molasses Shallow,523,523-500-167,1,Juv,PAST,PORI,37
2017,2017,Aug,8/29/2017,UK,OS,Molasses Shallow,523,523-500-167,1,Juv,PAST,PORI,7
2017,2017,July,7/20/2017,UK,OS,Molasses Shallow,524,524-100-019,1,Juv,AAGA,AGAR,9
2017,2017,July,7/20/2017,UK,OS,Molasses Shallow,524,524-100-019,1,Iso,AAGA,AGAR,23
2017,2017,July,7/20/2017,UK,OS,Molasses Shallow,524,524-100-019,1,Iso,AAGA,AGAR,23
2017,2017,July,7/20/2017,UK,OS,Molasses Shallow,524,524-100-019,1,Juv,AFRA,AGAR,23
2017,2017,July,7/20/2017,UK,OS,Molasses Shallow,524,524-100-019,1,Juv,PAST,PORI,20
2017,2017,July,7/20/2017,UK,OS,Molasses Shallow,524,524-100-019,1,Juv,PAST,PORI,20
2017,2017,July,7/20/2017,UK,OS,Molasses Shallow,524,524-100-019,1,Iso,PPOR,PORI,32
2017,2017,July,7/20/2017,UK,OS,Molasses Shallow,524,524-100-019,1,Iso,PPOR,PORI,38
2017,2017,July,7/20/2017,UK,OS,Molasses Shallow,524,524-100-019,1,Iso,PPOR,PORI,14
2017,2017,July,7/20/2017,UK,OS,Molasses Shallow,524,524-100-051,1,Juv,SRAD,SIDE,21
2017,2017,July,7/20/2017,UK,OS,Molasses Shallow,524,524-100-132,1,Juv,PAST,PORI,15
2017,2017,July,7/20/2017,UK,OS,Molasses Shallow,524,524-100-132,1,Juv,PAST,PORI,25
2017,2017,July,7/20/2017,UK,OS,Molasses Shallow,524,524-100-132,1,Juv,PAST,PORI,12
2017,2017,July,7/20/2017,UK,OS,Molasses Shallow,524,524-100-163,1,Juv,PAST,PORI,33
2017,2017,July,7/20/2017,UK,OS,Molasses Shallow,524,524-100-163,1,Juv,PAST,PORI,10
2017,2017,July,7/20/2017,UK,OS,Molasses Shallow,524,524-100-163,1,Juv,PAST,PORI,5
2017,2017,July,7/20/2017,UK,OS,Molasses Shallow,524,524-100-163,1,Juv,PAST,PORI,15
2017,2017,Aug,8/29/2017,UK,OS,Molasses Shallow,524,524-500-019,1,Juv,AAGA,AGAR,23
2017,2017,Aug,8/29/2017,UK,OS,Molasses Shallow,524,524-500-019,1,Juv,PAST,PORI,11
2017,2017,Aug,8/29/2017,UK,OS,Molasses Shallow,524,524-500-019,1,Juv,PPOR,PORI,19
2017,2017,Aug,8/29/2017,UK,OS,Molasses Shallow,524,524-500-036,1,Juv,AAGA,AGAR,6
2017,2017,Aug,8/29/2017,UK,OS,Molasses Shallow,524,524-500-036,1,Iso,MDEC,MADR,33
2017,2017,Aug,8/29/2017,UK,OS,Molasses Shallow,524,524-500-089,1,Juv,PAST,PORI,4
2017,2017,July,7/20/2017,UK,OS,Molasses Shallow,524,524-500-165,1,Juv,PAST,PORI,6
2017,2017,May,5/15/2017,MK,OS,Tennessee Shallow,551,551-100-012,1,Juv,DSTO,DSTO,9
2017,2017,May,5/15/2017,MK,OS,Tennessee Shallow,551,551-100-012,1,Juv,PAST,PORI,19
2017,2017,May,5/15/2017,MK,OS,Tennessee Shallow,551,551-100-012,1,Juv,PAST,PORI,19
2017,2017,May,5/15/2017,MK,OS,Tennessee Shallow,551,551-100-012,1,Iso,SSID,SIDE,30
2017,2017,May,5/15/2017,MK,OS,Tennessee Shallow,551,551-100-012,1,Iso,SSID,SIDE,13
2017,2017,May,5/15/2017,MK,OS,Tennessee Shallow,551,551-100-012,1,Juv,SSID,SIDE,5
2017,2017,May,5/15/2017,MK,OS,Tennessee Shallow,551,551-100-012,1,Juv,SSID,SIDE,34
2017,2017,May,5/15/2017,MK,OS,Tennessee Shallow,551,551-100-012,1,Juv,SSID,SIDE,11
2017,2017,May,5/15/2017,MK,OS,Tennessee Shallow,551,551-100-073,1,Juv,PAST,PORI,27
2017,2017,May,5/15/2017,MK,OS,Tennessee Shallow,551,551-100-133,1,Juv,AAGA,AGAR,26
2017,2017,May,5/15/2017,MK,OS,Tennessee Shallow,551,551-100-133,1,Juv,PAST,PORI,26
2017,2017,May,5/15/2017,MK,OS,Tennessee Shallow,551,551-100-192,1,Juv,PAST,PORI,24
2017,2017,May,5/15/2017,MK,OS,Tennessee Shallow,551,551-100-192,1,Juv,PPOR,PORI,12
2017,2017,May,5/15/2017,MK,OS,Tennessee Shallow,551,551-100-192,1,Juv,SRAD,SIDE,25
2017,2017,May,5/15/2017,MK,OS,Tennessee Shallow,551,551-500-020,1,Juv,MCAV,MCAV,18
2017,2017,May,5/15/2017,MK,OS,Tennessee Shallow,551,551-500-020,1,Juv,PAST,PORI,22
2017,2017,May,5/15/2017,MK,OS,Tennessee Shallow,551,551-500-020,1,Juv,SSID,SIDE,4
2017,2017,May,5/15/2017,MK,OS,Tennessee Shallow,551,551-500-088,1,Juv,PPOR,PORI,26
2017,2017,May,5/15/2017,MK,OS,Tennessee Shallow,551,551-500-088,1,Juv,PPOR,PORI,8
2017,2017,May,5/15/2017,MK,OS,Tennessee Shallow,551,551-500-088,1,Juv,PPOR,PORI,36
2017,2017,May,5/15/2017,MK,OS,Tennessee Shallow,551,551-500-088,1,Juv,SMIC,SMIC,36
2017,2017,May,5/15/2017,MK,OS,Tennessee Shallow,551,551-500-140,1,Juv,PAST,PORI,15
2017,2017,May,5/15/2017,MK,OS,Tennessee Shallow,551,551-500-140,1,Juv,PAST,PORI,10
2017,2017,May,5/15/2017,MK,OS,Tennessee Shallow,551,551-500-140,1,Juv,PAST,PORI,8
2017,2017,May,5/15/2017,MK,OS,Tennessee Shallow,551,551-500-140,1,Juv,PAST,PORI,30
2017,2017,May,5/15/2017,MK,OS,Tennessee Shallow,551,551-500-140,1,Juv,PPOR,PORI,22
2017,2017,May,5/15/2017,MK,OS,Tennessee Shallow,551,551-500-140,1,Juv,SSID,SIDE,33
2017,2017,May,5/15/2017,MK,OS,Tennessee Shallow,551,551-500-140,1,Juv,SSID,SIDE,7
2017,2017,May,5/15/2017,MK,OS,Tennessee Shallow,551,551-500-140,1,Juv,SSID,SIDE,3
2017,2017,May,5/15/2017,MK,OS,Tennessee Shallow,551,551-500-198,1,Juv,PAST,PORI,38
2017,2017,May,5/15/2017,MK,OS,Tennessee Shallow,551,551-500-198,1,Juv,SSID,SIDE,36
2017,2017,May,5/15/2017,MK,OS,Tennessee Shallow,552,552-100-012,1,Juv,DSTO,DSTO,28
2017,2017,May,5/15/2017,MK,OS,Tennessee Shallow,552,552-100-012,1,Iso,PAST,PORI,21
2017,2017,May,5/15/2017,MK,OS,Tennessee Shallow,552,552-100-012,1,Juv,PAST,PORI,34
2017,2017,May,5/15/2017,MK,OS,Tennessee Shallow,552,552-100-012,1,Juv,PAST,PORI,10
2017,2017,May,5/15/2017,MK,OS,Tennessee Shallow,552,552-100-012,1,Juv,PAST,PORI,21
2017,2017,May,5/15/2017,MK,OS,Tennessee Shallow,552,552-100-012,1,Iso,PPOR,PORI,8
2017,2017,May,5/15/2017,MK,OS,Tennessee Shallow,552,552-100-012,1,Juv,PPOR,PORI,37
2017,2017,May,5/15/2017,MK,OS,Tennessee Shallow,552,552-100-094,1,Juv,SRAD,SIDE,31
2017,2017,May,5/15/2017,MK,OS,Tennessee Shallow,552,552-100-169,1,Juv,MCAV,MCAV,35
2017,2017,May,5/15/2017,MK,OS,Tennessee Shallow,552,552-100-169,1,Juv,PAST,PORI,13
2017,2017,May,5/15/2017,MK,OS,Tennessee Shallow,552,552-100-169,1,Juv,SSID,SIDE,30
2017,2017,May,5/15/2017,MK,OS,Tennessee Shallow,552,552-100-217,1,Juv,PAST,PORI,9
2017,2017,May,5/15/2017,MK,OS,Tennessee Shallow,552,552-100-217,1,Juv,PAST,PORI,15
2017,2017,May,5/15/2017,MK,OS,Tennessee Shallow,552,552-100-217,1,Juv,PAST,PORI,6
2017,2017,May,5/15/2017,MK,OS,Tennessee Shallow,552,552-500-028,1,Juv,DSTO,DSTO,29
2017,2017,May,5/15/2017,MK,OS,Tennessee Shallow,552,552-500-028,1,Juv,MCAV,MCAV,22
2017,2017,May,5/15/2017,MK,OS,Tennessee Shallow,552,552-500-028,1,Juv,PAST,PORI,24
2017,2017,May,5/15/2017,MK,OS,Tennessee Shallow,552,552-500-028,1,Juv,SSID,SIDE,20
2017,2017,May,5/15/2017,MK,OS,Tennessee Shallow,552,552-500-028,1,Juv,SSID,SIDE,18
2017,2017,May,5/15/2017,MK,OS,Tennessee Shallow,552,552-500-028,1,Juv,SSID,SIDE,23
2017,2017,May,5/15/2017,MK,OS,Tennessee Shallow,552,552-500-083,1,Juv,DSTO,DSTO,11
2017,2017,May,5/15/2017,MK,OS,Tennessee Shallow,552,552-500-083,1,Juv,PAST,PORI,17
2017,2017,May,5/15/2017,MK,OS,Tennessee Shallow,552,552-500-083,1,Juv,PPOR,PORI,23
2017,2017,May,5/15/2017,MK,OS,Tennessee Shallow,552,552-500-083,1,Juv,SSID,SIDE,6
2017,2017,May,5/15/2017,MK,OS,Tennessee Shallow,552,552-500-083,1,Juv,SSID,SIDE,27
2017,2017,May,5/15/2017,MK,OS,Tennessee Shallow,552,552-500-106,1,Iso,SSID,SIDE,37
2017,2017,May,5/15/2017,MK,OS,Tennessee Shallow,552,552-500-106,1,Iso,SSID,SIDE,38
2017,2017,May,5/15/2017,MK,OS,Tennessee Shallow,552,552-500-106,1,Iso,SSID,SIDE,25
2017,2017,May,5/15/2017,MK,OS,Tennessee Shallow,552,552-500-132,1,Juv,PAST,PORI,10
2017,2017,May,5/15/2017,MK,OS,Tennessee Shallow,552,552-500-132,1,Juv,SRAD,SIDE,25
2017,2017,May,5/15/2017,MK,OS,Tennessee Shallow,552,552-500-132,1,Juv,SSID,SIDE,25
2017,2017,May,5/15/2017,MK,OS,Tennessee Shallow,552,552-500-132,1,Juv,SSID,SIDE,15
2017,2017,May,5/15/2017,MK,OS,Tennessee Shallow,552,552-500-132,1,Juv,SSID,SIDE,25
2017,2017,May,5/15/2017,MK,OS,Tennessee Shallow,552,552-500-132,1,Juv,SSID,SIDE,37
2017,2017,May,5/15/2017,MK,OS,Tennessee Shallow,552,552-500-132,1,Juv,SSID,SIDE,5
2017,2017,May,5/15/2017,MK,OS,Tennessee Shallow,552,552-500-132,1,Juv,SMIC,SMIC,22
2017,2017,May,5/15/2017,MK,OS,Tennessee Shallow,553,553-100-089,1,Juv,DLAB,DIPL,32
2017,2017,May,5/15/2017,MK,OS,Tennessee Shallow,553,553-100-089,1,Juv,PAST,PORI,24
2017,2017,May,5/15/2017,MK,OS,Tennessee Shallow,553,553-100-089,1,Juv,PAST,PORI,19
2017,2017,May,5/15/2017,MK,OS,Tennessee Shallow,553,553-100-089,1,Juv,SIDE,SIDE,5
2017,2017,May,5/15/2017,MK,OS,Tennessee Shallow,553,553-100-089,1,Juv,SRAD,SIDE,36
2017,2017,May,5/15/2017,MK,OS,Tennessee Shallow,553,553-100-133,1,Juv,MCAV,MCAV,22
2017,2017,May,5/15/2017,MK,OS,Tennessee Shallow,553,553-100-133,1,Juv,PAST,PORI,29
2017,2017,May,5/15/2017,MK,OS,Tennessee Shallow,553,553-100-133,1,Juv,SSID,SIDE,12
2017,2017,May,5/15/2017,MK,OS,Tennessee Shallow,553,553-100-133,1,Juv,SSID,SIDE,32
2017,2017,May,5/15/2017,MK,OS,Tennessee Shallow,553,553-100-133,1,Juv,SSID,SIDE,25
2017,2017,May,5/15/2017,MK,OS,Tennessee Shallow,553,553-100-133,1,Juv,SRAD,SIDE,38
2017,2017,May,5/15/2017,MK,OS,Tennessee Shallow,553,553-100-133,1,Juv,SSID,SIDE,14
2017,2017,May,5/15/2017,MK,OS,Tennessee Shallow,553,553-100-154,1,Juv,DSTO,DSTO,25
2017,2017,May,5/15/2017,MK,OS,Tennessee Shallow,553,553-100-154,1,Juv,DSTO,DSTO,36
2017,2017,May,5/15/2017,MK,OS,Tennessee Shallow,553,553-100-154,1,Juv,MCAV,MCAV,23
2017,2017,May,5/15/2017,MK,OS,Tennessee Shallow,553,553-100-154,1,Juv,PAST,PORI,33
2017,2017,May,5/15/2017,MK,OS,Tennessee Shallow,553,553-100-176,1,Juv,DLAB,DIPL,11
2017,2017,May,5/15/2017,MK,OS,Tennessee Shallow,553,553-100-176,1,Juv,PAST,PORI,20
2017,2017,May,5/15/2017,MK,OS,Tennessee Shallow,553,553-100-176,1,Juv,SSID,SIDE,22
2017,2017,May,5/15/2017,MK,OS,Tennessee Shallow,553,553-500-030,1,Juv,DSTO,DSTO,23
2017,2017,May,5/15/2017,MK,OS,Tennessee Shallow,553,553-500-030,1,Juv,PAST,PORI,11
2017,2017,May,5/15/2017,MK,OS,Tennessee Shallow,553,553-500-087,1,Juv,DLAB,DIPL,18
2017,2017,May,5/15/2017,MK,OS,Tennessee Shallow,553,553-500-087,1,Juv,SSID,SIDE,22
2017,2017,May,5/15/2017,MK,OS,Tennessee Shallow,553,553-500-087,1,Juv,SSID,SIDE,11
2017,2017,May,5/15/2017,MK,OS,Tennessee Shallow,553,553-500-087,1,Juv,SSID,SIDE,13
2017,2017,May,5/15/2017,MK,OS,Tennessee Shallow,553,553-500-121,1,Juv,DSTR,DIPL,27
2017,2017,May,5/15/2017,MK,OS,Tennessee Shallow,553,553-500-121,1,Juv,PAST,PORI,26
2017,2017,May,5/15/2017,MK,OS,Tennessee Shallow,553,553-500-121,1,Juv,SSID,SIDE,38
2017,2017,May,5/15/2017,MK,OS,Tennessee Shallow,553,553-500-121,1,Juv,SSID,SIDE,31
2017,2017,May,5/15/2017,MK,OS,Tennessee Shallow,553,553-500-121,1,Juv,SSID,SIDE,37
2017,2017,May,5/15/2017,MK,OS,Tennessee Shallow,553,553-500-121,1,Juv,SMIC,SMIC,17
2017,2017,May,5/15/2017,MK,OS,Tennessee Shallow,553,553-500-121,1,Juv,SMIC,SMIC,16
2017,2017,May,5/15/2017,MK,OS,Tennessee Shallow,553,553-500-160,1,Juv,PAST,PORI,10
2017,2017,May,5/15/2017,MK,OS,Tennessee Shallow,554,554-100-014,1,Juv,DSTO,DSTO,9
2017,2017,May,5/15/2017,MK,OS,Tennessee Shallow,554,554-100-014,1,Juv,DSTO,DSTO,35
2017,2017,May,5/15/2017,MK,OS,Tennessee Shallow,554,554-100-014,1,Juv,PAST,PORI,36
2017,2017,May,5/15/2017,MK,OS,Tennessee Shallow,554,554-100-014,1,Juv,PAST,PORI,11
2017,2017,May,5/15/2017,MK,OS,Tennessee Shallow,554,554-100-014,1,Juv,PAST,PORI,32
2017,2017,May,5/15/2017,MK,OS,Tennessee Shallow,554,554-100-014,1,Uns,SSID,SIDE,10
2017,2017,May,5/15/2017,MK,OS,Tennessee Shallow,554,554-100-053,1,Juv,MCAV,MCAV,20
2017,2017,May,5/15/2017,MK,OS,Tennessee Shallow,554,554-100-053,1,Juv,MCAV,MCAV,29
2017,2017,May,5/15/2017,MK,OS,Tennessee Shallow,554,554-100-053,1,Uns,PAST,PORI,14
2017,2017,May,5/15/2017,MK,OS,Tennessee Shallow,554,554-100-053,1,Juv,PAST,PORI,35
2017,2017,May,5/15/2017,MK,OS,Tennessee Shallow,554,554-100-053,1,Uns,PPOR,PORI,26
2017,2017,May,5/15/2017,MK,OS,Tennessee Shallow,554,554-100-053,1,Juv,SSID,SIDE,5
2017,2017,May,5/15/2017,MK,OS,Tennessee Shallow,554,554-100-102,1,Uns,PAST,PORI,25
2017,2017,May,5/15/2017,MK,OS,Tennessee Shallow,554,554-100-102,1,Uns,SSID,SIDE,6
2017,2017,May,5/15/2017,MK,OS,Tennessee Shallow,554,554-100-102,1,Uns,SSID,SIDE,5
2017,2017,May,5/15/2017,MK,OS,Tennessee Shallow,554,554-100-102,1,Uns,SSID,SIDE,1
2017,2017,May,5/15/2017,MK,OS,Tennessee Shallow,554,554-100-102,1,Juv,SSID,SIDE,12
2017,2017,May,5/15/2017,MK,OS,Tennessee Shallow,554,554-100-179,1,Juv,DSTO,DSTO,12
2017,2017,May,5/15/2017,MK,OS,Tennessee Shallow,554,554-100-179,1,Iso,PAST,PORI,11
2017,2017,May,5/15/2017,MK,OS,Tennessee Shallow,554,554-100-179,1,Iso,PAST,PORI,12
2017,2017,May,5/15/2017,MK,OS,Tennessee Shallow,554,554-100-179,1,Iso,PAST,PORI,6
2017,2017,May,5/15/2017,MK,OS,Tennessee Shallow,554,554-100-179,1,Iso,PAST,PORI,6
2017,2017,May,5/15/2017,MK,OS,Tennessee Shallow,554,554-100-179,1,Juv,PAST,PORI,30
2017,2017,May,5/15/2017,MK,OS,Tennessee Shallow,554,554-100-179,1,Uns,PORI,PORI,15
2017,2017,May,5/15/2017,MK,OS,Tennessee Shallow,554,554-100-179,1,Juv,PORI,PORI,19
2017,2017,May,5/15/2017,MK,OS,Tennessee Shallow,554,554-100-179,1,Iso,PPOR,PORI,9
2017,2017,May,5/15/2017,MK,OS,Tennessee Shallow,554,554-100-179,1,Juv,SRAD,SIDE,37
2017,2017,May,5/15/2017,MK,OS,Tennessee Shallow,554,554-100-179,1,Juv,SRAD,SIDE,31
2017,2017,May,5/15/2017,MK,OS,Tennessee Shallow,554,554-100-179,1,Juv,SSID,SIDE,5
2017,2017,May,5/15/2017,MK,OS,Tennessee Shallow,554,554-500-016,1,Juv,MCAV,MCAV,19
2017,2017,May,5/15/2017,MK,OS,Tennessee Shallow,554,554-500-016,1,Juv,PAST,PORI,25
2017,2017,May,5/15/2017,MK,OS,Tennessee Shallow,554,554-500-016,1,Juv,PAST,PORI,20
2017,2017,May,5/15/2017,MK,OS,Tennessee Shallow,554,554-500-016,1,Juv,PAST,PORI,9
2017,2017,May,5/15/2017,MK,OS,Tennessee Shallow,554,554-500-016,1,Juv,SSID,SIDE,11
2017,2017,May,5/15/2017,MK,OS,Tennessee Shallow,554,554-500-016,1,Juv,SMIC,SMIC,24
2017,2017,May,5/15/2017,MK,OS,Tennessee Shallow,554,554-500-049,1,Juv,PAST,PORI,16
2017,2017,May,5/15/2017,MK,OS,Tennessee Shallow,554,554-500-049,1,Juv,PAST,PORI,34
2017,2017,May,5/15/2017,MK,OS,Tennessee Shallow,554,554-500-114,1,Juv,AAGA,AGAR,18
2017,2017,May,5/15/2017,MK,OS,Tennessee Shallow,554,554-500-114,1,Juv,PAST,PORI,28
2017,2017,May,5/15/2017,MK,OS,Tennessee Shallow,554,554-500-114,1,Juv,SSID,SIDE,12
2017,2017,May,5/15/2017,MK,OS,Tennessee Shallow,554,554-500-114,1,Juv,SSID,SIDE,12
2017,2017,May,5/15/2017,MK,OS,Tennessee Shallow,554,554-500-171,1,Juv,PAST,PORI,32
2017,2017,May,5/15/2017,MK,OS,Tennessee Shallow,554,554-500-171,1,Juv,PAST,PORI,21
2017,2017,May,5/15/2017,MK,OS,Tennessee Shallow,554,554-500-171,1,Juv,SSID,SIDE,37
2017,2017,Dec,12/8/2017,MK,OS,Sombrero Shallow,561,561-100-028,1,Juv,SRAD,SIDE,18
2017,2017,Dec,12/8/2017,MK,OS,Sombrero Shallow,561,561-100-083,1,Juv,PAST,PORI,14
2017,2017,Dec,12/8/2017,MK,OS,Sombrero Shallow,561,561-100-083,1,Juv,PAST,PORI,15
2017,2017,Dec,12/8/2017,MK,OS,Sombrero Shallow,561,561-100-083,1,Juv,PAST,PORI,16
2017,2017,Dec,12/8/2017,MK,OS,Sombrero Shallow,561,561-100-097,0,NA,NA,NA,NA
2017,2017,Dec,12/8/2017,MK,OS,Sombrero Shallow,561,561-100-139,1,Iso,AAGA,AGAR,14
2017,2017,Dec,12/8/2017,MK,OS,Sombrero Shallow,561,561-100-139,1,Juv,AAGA,AGAR,26
2017,2017,Dec,12/8/2017,MK,OS,Sombrero Shallow,561,561-100-139,1,Juv,AAGA,AGAR,23
2017,2017,Dec,12/8/2017,MK,OS,Sombrero Shallow,561,561-100-139,1,Iso,SSID,SIDE,13
2017,2017,Dec,12/8/2017,MK,OS,Sombrero Shallow,561,561-100-139,1,Iso,SSID,SIDE,4
2017,2017,Dec,12/8/2017,MK,OS,Sombrero Shallow,561,561-100-139,1,Juv,SSID,SIDE,18
2017,2017,Dec,12/8/2017,MK,OS,Sombrero Shallow,561,561-100-139,1,Juv,SSID,SIDE,26
2017,2017,Dec,12/8/2017,MK,OS,Sombrero Shallow,561,561-100-139,1,Juv,SSID,SIDE,3
2017,2017,Dec,12/8/2017,MK,OS,Sombrero Shallow,561,561-500-083,1,Juv,AAGA,AGAR,10
2017,2017,Dec,12/8/2017,MK,OS,Sombrero Shallow,561,561-500-083,1,Juv,FFRA,FFRA,23
2017,2017,Dec,12/8/2017,MK,OS,Sombrero Shallow,561,561-500-083,1,Juv,PAST,PORI,4
2017,2017,Dec,12/8/2017,MK,OS,Sombrero Shallow,561,561-500-108,1,Juv,AAGA,AGAR,9
2017,2017,Dec,12/8/2017,MK,OS,Sombrero Shallow,561,561-500-108,1,Juv,AAGA,AGAR,5
2017,2017,Dec,12/8/2017,MK,OS,Sombrero Shallow,561,561-500-108,1,Juv,SSID,SIDE,29
2017,2017,Dec,12/8/2017,MK,OS,Sombrero Shallow,561,561-500-154,1,Juv,AAGA,AGAR,19
2017,2017,Dec,12/8/2017,MK,OS,Sombrero Shallow,561,561-500-195,1,Juv,AAGA,AGAR,14
2017,2017,Dec,12/8/2017,MK,OS,Sombrero Shallow,561,561-500-195,1,Juv,PAST,PORI,4
2017,2017,Dec,12/8/2017,MK,OS,Sombrero Shallow,561,561-500-195,1,Juv,PAST,PORI,3
2017,2017,Dec,12/8/2017,MK,OS,Sombrero Shallow,562,562-100-060,1,Juv,PAST,PORI,14
2017,2017,Dec,12/8/2017,MK,OS,Sombrero Shallow,562,562-100-080,1,Juv,AAGA,AGAR,38
2017,2017,Dec,12/8/2017,MK,OS,Sombrero Shallow,562,562-100-117,1,Iso,ACER,ACRO,21
2017,2017,Dec,12/8/2017,MK,OS,Sombrero Shallow,562,562-100-117,1,Iso,ACER,ACRO,34
2017,2017,Dec,12/8/2017,MK,OS,Sombrero Shallow,562,562-100-117,1,Juv,AAGA,AGAR,15
2017,2017,Dec,12/8/2017,MK,OS,Sombrero Shallow,562,562-100-117,1,Juv,PAST,PORI,28
2017,2017,Dec,12/8/2017,MK,OS,Sombrero Shallow,562,562-100-140,1,Juv,AAGA,AGAR,23
2017,2017,Dec,12/8/2017,MK,OS,Sombrero Shallow,562,562-100-140,1,Juv,AAGA,AGAR,37
2017,2017,Dec,12/8/2017,MK,OS,Sombrero Shallow,562,562-100-140,1,Juv,AAGA,AGAR,32
2017,2017,Dec,12/8/2017,MK,OS,Sombrero Shallow,562,562-100-140,1,Juv,AAGA,AGAR,6
2017,2017,Dec,12/8/2017,MK,OS,Sombrero Shallow,562,562-100-140,1,Juv,SSID,SIDE,21
2017,2017,Dec,12/8/2017,MK,OS,Sombrero Shallow,562,562-100-140,1,Juv,SSID,SIDE,34
2017,2017,Dec,12/8/2017,MK,OS,Sombrero Shallow,562,562-500-039,0,NA,NA,NA,NA
2017,2017,Dec,12/8/2017,MK,OS,Sombrero Shallow,562,562-500-077,1,Juv,PAST,PORI,37
2017,2017,Dec,12/8/2017,MK,OS,Sombrero Shallow,562,562-500-077,1,Juv,SSID,SIDE,4
2017,2017,Dec,12/8/2017,MK,OS,Sombrero Shallow,562,562-500-126,0,NA,NA,NA,NA
2017,2017,Dec,12/8/2017,MK,OS,Sombrero Shallow,562,562-500-164,1,Juv,SSID,SIDE,33
2017,2017,Dec,12/8/2017,MK,OS,Sombrero Shallow,563,563-100-013,1,Juv,SSID,SIDE,33
2017,2017,Dec,12/8/2017,MK,OS,Sombrero Shallow,563,563-100-013,1,Juv,UNKS,UNKS,1
2017,2017,Dec,12/8/2017,MK,OS,Sombrero Shallow,563,563-100-073,0,NA,NA,NA,NA
2017,2017,Dec,12/8/2017,MK,OS,Sombrero Shallow,563,563-100-107,1,Juv,PAST,PORI,8
2017,2017,Dec,12/8/2017,MK,OS,Sombrero Shallow,563,563-100-107,1,Juv,PAST,PORI,5
2017,2017,Dec,12/8/2017,MK,OS,Sombrero Shallow,563,563-100-107,1,Juv,SSID,SIDE,16
2017,2017,Dec,12/8/2017,MK,OS,Sombrero Shallow,563,563-100-179,1,Iso,AAGA,AGAR,12
2017,2017,Dec,12/8/2017,MK,OS,Sombrero Shallow,563,563-100-179,1,Iso,AAGA,AGAR,28
2017,2017,Dec,12/8/2017,MK,OS,Sombrero Shallow,563,563-100-179,1,Juv,AAGA,AGAR,21
2017,2017,Dec,12/8/2017,MK,OS,Sombrero Shallow,563,563-500-047,1,Juv,PAST,PORI,15
2017,2017,Dec,12/8/2017,MK,OS,Sombrero Shallow,563,563-500-047,1,Juv,SSID,SIDE,12
2017,2017,Dec,12/8/2017,MK,OS,Sombrero Shallow,563,563-500-047,1,Juv,SSID,SIDE,32
2017,2017,Dec,12/8/2017,MK,OS,Sombrero Shallow,563,563-500-047,1,Juv,SSID,SIDE,7
2017,2017,Dec,12/8/2017,MK,OS,Sombrero Shallow,563,563-500-047,1,Juv,SSID,SIDE,25
2017,2017,Dec,12/8/2017,MK,OS,Sombrero Shallow,563,563-500-081,1,Juv,AAGA,AGAR,25
2017,2017,Dec,12/8/2017,MK,OS,Sombrero Shallow,563,563-500-081,1,Juv,PAST,PORI,23
2017,2017,Dec,12/8/2017,MK,OS,Sombrero Shallow,563,563-500-125,0,NA,NA,NA,NA
2017,2017,Dec,12/8/2017,MK,OS,Sombrero Shallow,563,563-500-188,0,NA,NA,NA,NA
2017,2017,Dec,12/8/2017,MK,OS,Sombrero Shallow,564,564-100-047,1,Juv,AAGA,AGAR,29
2017,2017,Dec,12/8/2017,MK,OS,Sombrero Shallow,564,564-100-071,1,Juv,AAGA,AGAR,6
2017,2017,Dec,12/8/2017,MK,OS,Sombrero Shallow,564,564-100-071,1,Juv,AAGA,AGAR,7
2017,2017,Dec,12/8/2017,MK,OS,Sombrero Shallow,564,564-100-071,1,Juv,AAGA,AGAR,34
2017,2017,Dec,12/8/2017,MK,OS,Sombrero Shallow,564,564-100-110,0,NA,NA,NA,NA
2017,2017,Dec,12/8/2017,MK,OS,Sombrero Shallow,564,564-100-162,1,Juv,ASOL,ASOL,22
2017,2017,Dec,12/8/2017,MK,OS,Sombrero Shallow,564,564-100-162,1,Juv,ASOL,ASOL,15
2017,2017,Dec,12/8/2017,MK,OS,Sombrero Shallow,564,564-500-067,1,Juv,AAGA,AGAR,10
2017,2017,Dec,12/8/2017,MK,OS,Sombrero Shallow,564,564-500-067,1,Juv,SSID,SIDE,10
2017,2017,Dec,12/8/2017,MK,OS,Sombrero Shallow,564,564-500-067,1,Juv,SSID,SIDE,25
2017,2017,Dec,12/8/2017,MK,OS,Sombrero Shallow,564,564-500-067,1,Juv,SSID,SIDE,36
2017,2017,Dec,12/8/2017,MK,OS,Sombrero Shallow,564,564-500-092,1,Juv,AAGA,AGAR,23
2017,2017,Dec,12/8/2017,MK,OS,Sombrero Shallow,564,564-500-092,1,Juv,AAGA,AGAR,38
2017,2017,Dec,12/8/2017,MK,OS,Sombrero Shallow,564,564-500-160,0,NA,NA,NA,NA
2017,2017,Dec,12/8/2017,MK,OS,Sombrero Shallow,564,564-500-177,0,NA,NA,NA,NA
2017,2017,Aug,8/16/2017,LK,OS,Western Sambo Shallow,591,591-100-031,1,Juv,PAST,PORI,10
2017,2017,Aug,8/16/2017,LK,OS,Western Sambo Shallow,591,591-100-031,1,Juv,SSID,SIDE,26
2017,2017,Aug,8/16/2017,LK,OS,Western Sambo Shallow,591,591-100-031,1,Juv,SSID,SIDE,12
2017,2017,Aug,8/16/2017,LK,OS,Western Sambo Shallow,591,591-100-052,1,Juv,DIPL,DIPL,15
2017,2017,Aug,8/16/2017,LK,OS,Western Sambo Shallow,591,591-100-052,1,Juv,SRAD,SIDE,27
2017,2017,Aug,8/16/2017,LK,OS,Western Sambo Shallow,591,591-100-052,1,Juv,SRAD,SIDE,21
2017,2017,Aug,8/16/2017,LK,OS,Western Sambo Shallow,591,591-100-052,1,Juv,SSID,SIDE,10
2017,2017,Aug,8/22/2017,LK,OS,Western Sambo Shallow,591,591-100-154,1,Juv,AAGA,AGAR,34
2017,2017,Aug,8/22/2017,LK,OS,Western Sambo Shallow,591,591-100-154,1,Juv,PAST,PORI,5
2017,2017,Aug,8/22/2017,LK,OS,Western Sambo Shallow,591,591-100-154,1,Juv,SRAD,SIDE,27
2017,2017,Aug,8/22/2017,LK,OS,Western Sambo Shallow,591,591-100-154,1,Juv,SSID,SIDE,9
2017,2017,Aug,8/22/2017,LK,OS,Western Sambo Shallow,591,591-100-202,1,Juv,AAGA,AGAR,33
2017,2017,Aug,8/22/2017,LK,OS,Western Sambo Shallow,591,591-100-202,1,Juv,DIPL,DIPL,22
2017,2017,Aug,8/22/2017,LK,OS,Western Sambo Shallow,591,591-100-202,1,Juv,PAST,PORI,15
2017,2017,Aug,8/22/2017,LK,OS,Western Sambo Shallow,591,591-100-202,1,Juv,PAST,PORI,4
2017,2017,Aug,8/22/2017,LK,OS,Western Sambo Shallow,591,591-100-202,1,Juv,PAST,PORI,6
2017,2017,Aug,8/22/2017,LK,OS,Western Sambo Shallow,591,591-100-202,1,Juv,SSID,SIDE,26
2017,2017,Aug,8/22/2017,LK,OS,Western Sambo Shallow,591,591-100-202,1,Juv,SSID,SIDE,38
2017,2017,Aug,8/22/2017,LK,OS,Western Sambo Shallow,591,591-500-019,1,Juv,PAST,PORI,10
2017,2017,Aug,8/22/2017,LK,OS,Western Sambo Shallow,591,591-500-019,1,Juv,PAST,PORI,11
2017,2017,Aug,8/22/2017,LK,OS,Western Sambo Shallow,591,591-500-019,1,Juv,PAST,PORI,26
2017,2017,Aug,8/22/2017,LK,OS,Western Sambo Shallow,591,591-500-072,1,Juv,SSID,SIDE,24
2017,2017,Aug,8/22/2017,LK,OS,Western Sambo Shallow,591,591-500-072,1,Juv,SSID,SIDE,32
2017,2017,Aug,8/22/2017,LK,OS,Western Sambo Shallow,591,591-500-157,1,Juv,AAGA,AGAR,32
2017,2017,Aug,8/22/2017,LK,OS,Western Sambo Shallow,591,591-500-157,1,Juv,PAST,PORI,10
2017,2017,Aug,8/22/2017,LK,OS,Western Sambo Shallow,591,591-500-195,1,Juv,PAST,PORI,15
2017,2017,Aug,8/22/2017,LK,OS,Western Sambo Shallow,591,591-500-195,1,Juv,PAST,PORI,16
2017,2017,Aug,8/22/2017,LK,OS,Western Sambo Shallow,591,591-500-195,1,Juv,SRAD,SIDE,17
2017,2017,Aug,8/22/2017,LK,OS,Western Sambo Shallow,592,592-100-039,1,Juv,AAGA,AGAR,28
2017,2017,Aug,8/22/2017,LK,OS,Western Sambo Shallow,592,592-100-039,1,Juv,AAGA,AGAR,35
2017,2017,Aug,8/22/2017,LK,OS,Western Sambo Shallow,592,592-100-039,1,Juv,AAGA,AGAR,16
2017,2017,Aug,8/22/2017,LK,OS,Western Sambo Shallow,592,592-100-039,1,Juv,PAST,PORI,7
2017,2017,Aug,8/22/2017,LK,OS,Western Sambo Shallow,592,592-100-039,1,Juv,PAST,PORI,10
2017,2017,Aug,8/22/2017,LK,OS,Western Sambo Shallow,592,592-100-115,1,Juv,SIDE,SIDE,2
2017,2017,Aug,8/22/2017,LK,OS,Western Sambo Shallow,592,592-100-162,1,Juv,PAST,PORI,11
2017,2017,Aug,8/22/2017,LK,OS,Western Sambo Shallow,592,592-100-162,1,Juv,PAST,PORI,31
2017,2017,Aug,8/22/2017,LK,OS,Western Sambo Shallow,592,592-100-162,1,Juv,PAST,PORI,15
2017,2017,Aug,8/22/2017,LK,OS,Western Sambo Shallow,592,592-100-162,1,Juv,SSID,SIDE,25
2017,2017,Aug,8/22/2017,LK,OS,Western Sambo Shallow,592,592-100-199,1,Juv,AAGA,AGAR,34
2017,2017,Aug,8/22/2017,LK,OS,Western Sambo Shallow,592,592-100-199,1,Juv,AAGA,AGAR,29
2017,2017,Aug,8/22/2017,LK,OS,Western Sambo Shallow,592,592-100-199,1,Juv,PAST,PORI,24
2017,2017,Aug,8/22/2017,LK,OS,Western Sambo Shallow,592,592-100-199,1,Juv,PAST,PORI,9
2017,2017,Aug,8/22/2017,LK,OS,Western Sambo Shallow,592,592-100-199,1,Juv,PAST,PORI,9
2017,2017,Aug,8/22/2017,LK,OS,Western Sambo Shallow,592,592-500-053,1,Iso,AAGA,AGAR,10
2017,2017,Aug,8/22/2017,LK,OS,Western Sambo Shallow,592,592-500-053,1,Iso,AAGA,AGAR,16
2017,2017,Aug,8/22/2017,LK,OS,Western Sambo Shallow,592,592-500-053,1,Juv,AAGA,AGAR,32
2017,2017,Aug,8/22/2017,LK,OS,Western Sambo Shallow,592,592-500-053,1,Juv,AAGA,AGAR,38
2017,2017,Aug,8/22/2017,LK,OS,Western Sambo Shallow,592,592-500-053,1,Juv,AAGA,AGAR,20
2017,2017,Aug,8/22/2017,LK,OS,Western Sambo Shallow,592,592-500-053,1,Juv,AAGA,AGAR,36
2017,2017,Aug,8/22/2017,LK,OS,Western Sambo Shallow,592,592-500-053,1,Juv,PAST,PORI,23
2017,2017,Aug,8/22/2017,LK,OS,Western Sambo Shallow,592,592-500-053,1,Juv,PAST,PORI,10
2017,2017,Aug,8/22/2017,LK,OS,Western Sambo Shallow,592,592-500-053,1,Juv,PAST,PORI,22
2017,2017,Aug,8/22/2017,LK,OS,Western Sambo Shallow,592,592-500-053,1,Juv,PAST,PORI,9
2017,2017,Aug,8/22/2017,LK,OS,Western Sambo Shallow,592,592-500-053,1,Juv,PAST,PORI,21
2017,2017,Aug,8/22/2017,LK,OS,Western Sambo Shallow,592,592-500-053,1,Juv,PAST,PORI,12
2017,2017,Aug,8/22/2017,LK,OS,Western Sambo Shallow,592,592-500-112,1,Juv,DSTO,DSTO,39
2017,2017,Aug,8/22/2017,LK,OS,Western Sambo Shallow,592,592-500-112,1,Juv,PAST,PORI,7
2017,2017,Aug,8/22/2017,LK,OS,Western Sambo Shallow,592,592-500-112,1,Juv,PORI,PORI,17
2017,2017,Aug,8/22/2017,LK,OS,Western Sambo Shallow,592,592-500-112,1,Juv,SRAD,SIDE,34
2017,2017,Aug,8/22/2017,LK,OS,Western Sambo Shallow,592,592-500-112,1,Juv,SRAD,SIDE,20
2017,2017,Aug,8/22/2017,LK,OS,Western Sambo Shallow,592,592-500-148,1,Juv,PAST,PORI,22
2017,2017,Aug,8/22/2017,LK,OS,Western Sambo Shallow,592,592-500-243,1,Juv,PAST,PORI,15
2017,2017,Aug,8/16/2017,LK,OS,Western Sambo Shallow,593,593-100-015,1,Juv,FFRA,FFRA,35
2017,2017,Aug,8/16/2017,LK,OS,Western Sambo Shallow,593,593-100-015,1,Juv,SSID,SIDE,39
2017,2017,Aug,8/16/2017,LK,OS,Western Sambo Shallow,593,593-100-015,1,Juv,SSID,SIDE,28
2017,2017,Aug,8/16/2017,LK,OS,Western Sambo Shallow,593,593-100-063,1,Juv,PAST,PORI,30
2017,2017,Aug,8/16/2017,LK,OS,Western Sambo Shallow,593,593-100-063,1,Juv,PAST,PORI,4
2017,2017,Aug,8/16/2017,LK,OS,Western Sambo Shallow,593,593-100-063,1,Juv,SSID,SIDE,34
2017,2017,Aug,8/22/2017,LK,OS,Western Sambo Shallow,593,593-100-109,1,Juv,PAST,PORI,9
2017,2017,Aug,8/22/2017,LK,OS,Western Sambo Shallow,593,593-100-109,1,Juv,SSID,SIDE,14
2017,2017,Aug,8/22/2017,LK,OS,Western Sambo Shallow,593,593-100-231,1,Juv,AAGA,AGAR,22
2017,2017,Aug,8/22/2017,LK,OS,Western Sambo Shallow,593,593-100-231,1,Juv,AAGA,AGAR,10
2017,2017,Aug,8/22/2017,LK,OS,Western Sambo Shallow,593,593-100-231,1,Juv,AAGA,AGAR,19
2017,2017,Aug,8/22/2017,LK,OS,Western Sambo Shallow,593,593-100-231,1,Juv,AAGA,AGAR,18
2017,2017,Aug,8/22/2017,LK,OS,Western Sambo Shallow,593,593-100-231,1,Juv,AAGA,AGAR,14
2017,2017,Aug,8/22/2017,LK,OS,Western Sambo Shallow,593,593-100-231,1,Juv,AAGA,AGAR,11
2017,2017,Aug,8/22/2017,LK,OS,Western Sambo Shallow,593,593-100-231,1,Juv,PAST,PORI,9
2017,2017,Aug,8/22/2017,LK,OS,Western Sambo Shallow,593,593-100-231,1,Juv,PAST,PORI,6
2017,2017,Aug,8/22/2017,LK,OS,Western Sambo Shallow,593,593-500-022,1,Juv,AAGA,AGAR,31
2017,2017,Aug,8/22/2017,LK,OS,Western Sambo Shallow,593,593-500-022,1,Juv,PAST,PORI,27
2017,2017,Aug,8/22/2017,LK,OS,Western Sambo Shallow,593,593-500-022,1,Juv,PAST,PORI,14
2017,2017,Aug,8/22/2017,LK,OS,Western Sambo Shallow,593,593-500-022,1,Juv,PAST,PORI,23
2017,2017,Aug,8/22/2017,LK,OS,Western Sambo Shallow,593,593-500-022,1,Juv,PAST,PORI,19
2017,2017,Aug,8/22/2017,LK,OS,Western Sambo Shallow,593,593-500-022,1,Juv,PAST,PORI,5
2017,2017,Aug,8/22/2017,LK,OS,Western Sambo Shallow,593,593-500-022,1,Juv,PPOR,PORI,30
2017,2017,Aug,8/22/2017,LK,OS,Western Sambo Shallow,593,593-500-060,1,Juv,AAGA,AGAR,38
2017,2017,Aug,8/22/2017,LK,OS,Western Sambo Shallow,593,593-500-060,1,Juv,AAGA,AGAR,26
2017,2017,Aug,8/22/2017,LK,OS,Western Sambo Shallow,593,593-500-060,1,Juv,PAST,PORI,26
2017,2017,Aug,8/22/2017,LK,OS,Western Sambo Shallow,593,593-500-134,1,Juv,FFRA,FFRA,16
2017,2017,Aug,8/22/2017,LK,OS,Western Sambo Shallow,593,593-500-134,1,Juv,FFRA,FFRA,36
2017,2017,Aug,8/22/2017,LK,OS,Western Sambo Shallow,593,593-500-134,1,Juv,FFRA,FFRA,9
2017,2017,Aug,8/22/2017,LK,OS,Western Sambo Shallow,593,593-500-134,1,Iso,PAST,PORI,17
2017,2017,Aug,8/22/2017,LK,OS,Western Sambo Shallow,593,593-500-134,1,Juv,PAST,PORI,6
2017,2017,Aug,8/22/2017,LK,OS,Western Sambo Shallow,593,593-500-223,1,Juv,PAST,PORI,23
2017,2017,Aug,8/22/2017,LK,OS,Western Sambo Shallow,594,594-100-021,0,NA,NA,NA,NA
2017,2017,Aug,8/22/2017,LK,OS,Western Sambo Shallow,594,594-100-073,0,NA,NA,NA,NA
2017,2017,Aug,8/22/2017,LK,OS,Western Sambo Shallow,594,594-100-124,1,Juv,PAST,PORI,2
2017,2017,Aug,8/22/2017,LK,OS,Western Sambo Shallow,594,594-100-124,1,Juv,PAST,PORI,9
2017,2017,Aug,8/22/2017,LK,OS,Western Sambo Shallow,594,594-100-124,1,Juv,PAST,PORI,8
2017,2017,Aug,8/22/2017,LK,OS,Western Sambo Shallow,594,594-100-174,1,Iso,PAST,PORI,23
2017,2017,Aug,8/22/2017,LK,OS,Western Sambo Shallow,594,594-100-174,1,Iso,PAST,PORI,13
2017,2017,Aug,8/22/2017,LK,OS,Western Sambo Shallow,594,594-100-174,1,Iso,PAST,PORI,7
2017,2017,Aug,8/22/2017,LK,OS,Western Sambo Shallow,594,594-100-174,1,Iso,PAST,PORI,38
2017,2017,Aug,8/22/2017,LK,OS,Western Sambo Shallow,594,594-500-011,1,Juv,FFRA,FFRA,26
2017,2017,Aug,8/22/2017,LK,OS,Western Sambo Shallow,594,594-500-011,1,Juv,FFRA,FFRA,16
2017,2017,Aug,8/22/2017,LK,OS,Western Sambo Shallow,594,594-500-011,1,Juv,PAST,PORI,14
2017,2017,Aug,8/22/2017,LK,OS,Western Sambo Shallow,594,594-500-011,1,Juv,PAST,PORI,9
2017,2017,Aug,8/22/2017,LK,OS,Western Sambo Shallow,594,594-500-011,1,Juv,PPOR,PORI,18
2017,2017,Aug,8/22/2017,LK,OS,Western Sambo Shallow,594,594-500-011,1,Iso,SSID,SIDE,8
2017,2017,Aug,8/22/2017,LK,OS,Western Sambo Shallow,594,594-500-011,1,Iso,SSID,SIDE,36
2017,2017,Aug,8/22/2017,LK,OS,Western Sambo Shallow,594,594-500-035,1,Juv,AAGA,AGAR,23
2017,2017,Aug,8/22/2017,LK,OS,Western Sambo Shallow,594,594-500-035,1,Juv,AAGA,AGAR,23
2017,2017,Aug,8/22/2017,LK,OS,Western Sambo Shallow,594,594-500-035,1,Juv,AAGA,AGAR,22
2017,2017,Aug,8/22/2017,LK,OS,Western Sambo Shallow,594,594-500-035,1,Juv,AAGA,AGAR,14
2017,2017,Aug,8/22/2017,LK,OS,Western Sambo Shallow,594,594-500-035,1,Juv,PAST,PORI,11
2017,2017,Aug,8/22/2017,LK,OS,Western Sambo Shallow,594,594-500-035,1,Juv,PAST,PORI,18
2017,2017,Aug,8/22/2017,LK,OS,Western Sambo Shallow,594,594-500-035,1,Juv,PPOR,PORI,10
2017,2017,Aug,8/22/2017,LK,OS,Western Sambo Shallow,594,594-500-149,1,Juv,AAGA,AGAR,7
2017,2017,Aug,8/22/2017,LK,OS,Western Sambo Shallow,594,594-500-149,1,Juv,AAGA,AGAR,36
2017,2017,Aug,8/22/2017,LK,OS,Western Sambo Shallow,594,594-500-149,1,Juv,EFAS,EFAS,10
2017,2017,Aug,8/22/2017,LK,OS,Western Sambo Shallow,594,594-500-149,1,Juv,PAST,PORI,14
2017,2017,Aug,8/22/2017,LK,OS,Western Sambo Shallow,594,594-500-149,1,Juv,PAST,PORI,8
2017,2017,Aug,8/22/2017,LK,OS,Western Sambo Shallow,594,594-500-149,1,Juv,PAST,PORI,2
2017,2017,Aug,8/22/2017,LK,OS,Western Sambo Shallow,594,594-500-149,1,Juv,PAST,PORI,5
2017,2017,Aug,8/22/2017,LK,OS,Western Sambo Shallow,594,594-500-189,1,Uns,AAGA,AGAR,39
2017,2017,Aug,8/22/2017,LK,OS,Western Sambo Shallow,594,594-500-189,1,Juv,PAST,PORI,17
2017,2017,Aug,8/22/2017,LK,OS,Western Sambo Shallow,594,594-500-189,1,Juv,PAST,PORI,13
2017,2017,Aug,8/22/2017,LK,OS,Western Sambo Shallow,594,594-500-189,1,Juv,PAST,PORI,15
2017,2017,Aug,8/22/2017,LK,OS,Western Sambo Shallow,594,594-500-189,1,Juv,PAST,PORI,7
2017,2017,Aug,8/22/2017,LK,OS,Western Sambo Shallow,594,594-500-189,1,Juv,PAST,PORI,24
2017,2017,Aug,8/22/2017,LK,OS,Western Sambo Shallow,594,594-500-189,1,Juv,PAST,PORI,26
2017,2017,Aug,8/22/2017,LK,OS,Western Sambo Shallow,594,594-500-189,1,Juv,PAST,PORI,11
2017,2017,Aug,8/22/2017,LK,OS,Western Sambo Shallow,594,594-500-189,1,Juv,PPOR,PORI,20
2017,2017,Aug,8/15/2017,LK,OS,Sand Key Shallow,611,611-100-006,1,Iso,MCAV,MCAV,23
2017,2017,Aug,8/15/2017,LK,OS,Sand Key Shallow,611,611-100-006,1,Iso,MCAV,MCAV,23
2017,2017,Aug,8/15/2017,LK,OS,Sand Key Shallow,611,611-100-006,1,Iso,PAST,PORI,6
2017,2017,Aug,8/15/2017,LK,OS,Sand Key Shallow,611,611-100-006,1,Iso,PAST,PORI,5
2017,2017,Aug,8/15/2017,LK,OS,Sand Key Shallow,611,611-100-006,1,Juv,PAST,PORI,12
2017,2017,Aug,8/15/2017,LK,OS,Sand Key Shallow,611,611-100-006,1,Juv,PAST,PORI,7
2017,2017,Aug,8/15/2017,LK,OS,Sand Key Shallow,611,611-100-057,1,Juv,PAST,PORI,19
2017,2017,Aug,8/15/2017,LK,OS,Sand Key Shallow,611,611-100-057,1,Juv,PAST,PORI,28
2017,2017,Aug,8/15/2017,LK,OS,Sand Key Shallow,611,611-100-057,1,Juv,SSID,SIDE,15
2017,2017,Aug,8/19/2017,LK,OS,Sand Key Shallow,611,611-100-155,1,Juv,PAST,PORI,35
2017,2017,Aug,8/19/2017,LK,OS,Sand Key Shallow,611,611-100-155,1,Juv,PAST,PORI,4
2017,2017,Aug,8/19/2017,LK,OS,Sand Key Shallow,611,611-100-205,1,Juv,PAST,PORI,28
2017,2017,Aug,8/19/2017,LK,OS,Sand Key Shallow,611,611-100-205,1,Juv,SSID,SIDE,28
2017,2017,Aug,8/19/2017,LK,OS,Sand Key Shallow,611,611-500-026,1,Juv,AAGA,AGAR,13
2017,2017,Aug,8/19/2017,LK,OS,Sand Key Shallow,611,611-500-026,1,Juv,PAST,PORI,15
2017,2017,Aug,8/19/2017,LK,OS,Sand Key Shallow,611,611-500-026,1,Juv,PAST,PORI,13
2017,2017,Aug,8/19/2017,LK,OS,Sand Key Shallow,611,611-500-026,1,Juv,PPOR,PORI,10
2017,2017,Aug,8/19/2017,LK,OS,Sand Key Shallow,611,611-500-026,1,Juv,SRAD,SIDE,21
2017,2017,Aug,8/19/2017,LK,OS,Sand Key Shallow,611,611-500-026,1,Juv,SSID,SIDE,39
2017,2017,Aug,8/19/2017,LK,OS,Sand Key Shallow,611,611-500-026,1,Juv,SSID,SIDE,37
2017,2017,Aug,8/19/2017,LK,OS,Sand Key Shallow,611,611-500-026,1,Juv,SSID,SIDE,8
2017,2017,Aug,8/19/2017,LK,OS,Sand Key Shallow,611,611-500-142,1,Juv,PAST,PORI,11
2017,2017,Aug,8/19/2017,LK,OS,Sand Key Shallow,611,611-500-142,1,Juv,PAST,PORI,8
2017,2017,Aug,8/19/2017,LK,OS,Sand Key Shallow,611,611-500-142,1,Juv,PAST,PORI,10
2017,2017,Aug,8/19/2017,LK,OS,Sand Key Shallow,611,611-500-142,1,Juv,PAST,PORI,29
2017,2017,Aug,8/19/2017,LK,OS,Sand Key Shallow,611,611-500-169,1,Juv,AAGA,AGAR,34
2017,2017,Aug,8/19/2017,LK,OS,Sand Key Shallow,611,611-500-169,1,Juv,PAST,PORI,23
2017,2017,Aug,8/19/2017,LK,OS,Sand Key Shallow,611,611-500-169,1,Juv,PAST,PORI,15
2017,2017,Aug,8/19/2017,LK,OS,Sand Key Shallow,611,611-500-169,1,Juv,PAST,PORI,11
2017,2017,Aug,8/19/2017,LK,OS,Sand Key Shallow,611,611-500-169,1,Juv,PAST,PORI,26
2017,2017,Aug,8/19/2017,LK,OS,Sand Key Shallow,611,611-500-169,1,Juv,PAST,PORI,27
2017,2017,Aug,8/19/2017,LK,OS,Sand Key Shallow,611,611-500-202,1,Juv,DSTO,DSTO,27
2017,2017,Aug,8/19/2017,LK,OS,Sand Key Shallow,611,611-500-202,1,Juv,PAST,PORI,9
2017,2017,Aug,8/19/2017,LK,OS,Sand Key Shallow,612,612-100-023,1,Juv,AAGA,AGAR,23
2017,2017,Aug,8/19/2017,LK,OS,Sand Key Shallow,612,612-100-023,1,Juv,PAST,PORI,25
2017,2017,Aug,8/19/2017,LK,OS,Sand Key Shallow,612,612-100-023,1,Juv,PAST,PORI,24
2017,2017,Aug,8/19/2017,LK,OS,Sand Key Shallow,612,612-100-023,1,Juv,SRAD,SIDE,28
2017,2017,Aug,8/19/2017,LK,OS,Sand Key Shallow,612,612-100-023,1,Juv,SSID,SIDE,4
2017,2017,Aug,8/19/2017,LK,OS,Sand Key Shallow,612,612-100-023,1,Juv,UNKS,UNKS,5
2017,2017,Aug,8/19/2017,LK,OS,Sand Key Shallow,612,612-100-060,1,Juv,AAGA,AGAR,39
2017,2017,Aug,8/19/2017,LK,OS,Sand Key Shallow,612,612-100-060,1,Juv,PAST,PORI,12
2017,2017,Aug,8/19/2017,LK,OS,Sand Key Shallow,612,612-100-060,1,Juv,PAST,PORI,10
2017,2017,Aug,8/19/2017,LK,OS,Sand Key Shallow,612,612-100-060,1,Juv,PAST,PORI,7
2017,2017,Aug,8/19/2017,LK,OS,Sand Key Shallow,612,612-100-060,1,Juv,PAST,PORI,7
2017,2017,Aug,8/19/2017,LK,OS,Sand Key Shallow,612,612-100-060,1,Juv,PAST,PORI,7
2017,2017,Aug,8/19/2017,LK,OS,Sand Key Shallow,612,612-100-060,1,Juv,SSID,SIDE,26
2017,2017,Aug,8/19/2017,LK,OS,Sand Key Shallow,612,612-100-101,1,Iso,AAGA,AGAR,32
2017,2017,Aug,8/19/2017,LK,OS,Sand Key Shallow,612,612-100-101,1,Iso,AAGA,AGAR,4
2017,2017,Aug,8/19/2017,LK,OS,Sand Key Shallow,612,612-100-101,1,Juv,PAST,PORI,30
2017,2017,Aug,8/19/2017,LK,OS,Sand Key Shallow,612,612-100-101,1,Juv,PAST,PORI,20
2017,2017,Aug,8/19/2017,LK,OS,Sand Key Shallow,612,612-100-101,1,Juv,PAST,PORI,25
2017,2017,Aug,8/19/2017,LK,OS,Sand Key Shallow,612,612-100-101,1,Juv,PAST,PORI,34
2017,2017,Aug,8/19/2017,LK,OS,Sand Key Shallow,612,612-100-101,1,Juv,PAST,PORI,16
2017,2017,Aug,8/19/2017,LK,OS,Sand Key Shallow,612,612-100-101,1,Juv,PAST,PORI,12
2017,2017,Aug,8/19/2017,LK,OS,Sand Key Shallow,612,612-100-101,1,Juv,SSID,SIDE,3
2017,2017,Aug,8/19/2017,LK,OS,Sand Key Shallow,612,612-100-172,1,Juv,PAST,PORI,22
2017,2017,Aug,8/19/2017,LK,OS,Sand Key Shallow,612,612-100-172,1,Juv,PAST,PORI,10
2017,2017,Aug,8/19/2017,LK,OS,Sand Key Shallow,612,612-100-172,1,Juv,PAST,PORI,17
2017,2017,Aug,8/19/2017,LK,OS,Sand Key Shallow,612,612-100-172,1,Juv,PAST,PORI,37
2017,2017,Aug,8/19/2017,LK,OS,Sand Key Shallow,612,612-100-172,1,Juv,PPOR,PORI,25
2017,2017,Aug,8/19/2017,LK,OS,Sand Key Shallow,612,612-100-172,1,Juv,SSID,SIDE,14
2017,2017,Aug,8/19/2017,LK,OS,Sand Key Shallow,612,612-100-172,1,Juv,SSID,SIDE,11
2017,2017,Aug,8/19/2017,LK,OS,Sand Key Shallow,612,612-100-172,1,Juv,SSID,SIDE,39
2017,2017,Aug,8/19/2017,LK,OS,Sand Key Shallow,612,612-100-172,1,Juv,SSID,SIDE,10
2017,2017,Aug,8/19/2017,LK,OS,Sand Key Shallow,612,612-500-036,1,Juv,AAGA,AGAR,27
2017,2017,Aug,8/19/2017,LK,OS,Sand Key Shallow,612,612-500-036,1,Juv,AAGA,AGAR,23
2017,2017,Aug,8/19/2017,LK,OS,Sand Key Shallow,612,612-500-036,1,Juv,AAGA,AGAR,31
2017,2017,Aug,8/19/2017,LK,OS,Sand Key Shallow,612,612-500-036,1,Juv,PAST,PORI,10
2017,2017,Aug,8/19/2017,LK,OS,Sand Key Shallow,612,612-500-036,1,Juv,PAST,PORI,12
2017,2017,Aug,8/19/2017,LK,OS,Sand Key Shallow,612,612-500-036,1,Juv,PAST,PORI,33
2017,2017,Aug,8/19/2017,LK,OS,Sand Key Shallow,612,612-500-036,1,Juv,PAST,PORI,25
2017,2017,Aug,8/19/2017,LK,OS,Sand Key Shallow,612,612-500-105,1,Juv,AAGA,AGAR,39
2017,2017,Aug,8/19/2017,LK,OS,Sand Key Shallow,612,612-500-105,1,Juv,AAGA,AGAR,17
2017,2017,Aug,8/19/2017,LK,OS,Sand Key Shallow,612,612-500-105,1,Juv,AAGA,AGAR,22
2017,2017,Aug,8/19/2017,LK,OS,Sand Key Shallow,612,612-500-105,1,Juv,EFAS,EFAS,15
2017,2017,Aug,8/19/2017,LK,OS,Sand Key Shallow,612,612-500-105,1,Juv,SSID,SIDE,7
2017,2017,Aug,8/19/2017,LK,OS,Sand Key Shallow,612,612-500-105,1,Juv,SSID,SIDE,32
2017,2017,Aug,8/19/2017,LK,OS,Sand Key Shallow,612,612-500-105,1,Juv,UNKS,UNKS,2
2017,2017,Aug,8/19/2017,LK,OS,Sand Key Shallow,612,612-500-145,1,Juv,PAST,PORI,18
2017,2017,Aug,8/19/2017,LK,OS,Sand Key Shallow,612,612-500-145,1,Juv,PAST,PORI,26
2017,2017,Aug,8/19/2017,LK,OS,Sand Key Shallow,612,612-500-187,1,Juv,DSTO,DSTO,28
2017,2017,Aug,8/19/2017,LK,OS,Sand Key Shallow,612,612-500-187,1,Juv,PAST,PORI,23
2017,2017,Aug,8/19/2017,LK,OS,Sand Key Shallow,612,612-500-187,1,Juv,PAST,PORI,26
2017,2017,Aug,8/19/2017,LK,OS,Sand Key Shallow,612,612-500-187,1,Juv,PAST,PORI,10
2017,2017,Aug,8/19/2017,LK,OS,Sand Key Shallow,612,612-500-187,1,Juv,PAST,PORI,24
2017,2017,Aug,8/19/2017,LK,OS,Sand Key Shallow,613,613-100-020,1,Juv,SSID,SIDE,25
2017,2017,Aug,8/19/2017,LK,OS,Sand Key Shallow,613,613-100-045,1,Juv,PAST,PORI,35
2017,2017,Aug,8/19/2017,LK,OS,Sand Key Shallow,613,613-100-045,1,Juv,PAST,PORI,13
2017,2017,Aug,8/19/2017,LK,OS,Sand Key Shallow,613,613-100-045,1,Juv,PAST,PORI,33
2017,2017,Aug,8/19/2017,LK,OS,Sand Key Shallow,613,613-100-097,1,Juv,PAST,PORI,20
2017,2017,Aug,8/19/2017,LK,OS,Sand Key Shallow,613,613-100-097,1,Juv,PAST,PORI,11
2017,2017,Aug,8/19/2017,LK,OS,Sand Key Shallow,613,613-100-097,1,Juv,SRAD,SIDE,22
2017,2017,Aug,8/19/2017,LK,OS,Sand Key Shallow,613,613-100-176,1,Iso,AAGA,AGAR,25
2017,2017,Aug,8/19/2017,LK,OS,Sand Key Shallow,613,613-100-176,1,Uns,PAST,PORI,6
2017,2017,Aug,8/19/2017,LK,OS,Sand Key Shallow,613,613-100-176,1,Juv,SSID,SIDE,6
2017,2017,Aug,8/19/2017,LK,OS,Sand Key Shallow,613,613-100-176,1,Juv,SSID,SIDE,32
2017,2017,Aug,8/19/2017,LK,OS,Sand Key Shallow,613,613-500-057,1,Juv,AAGA,AGAR,35
2017,2017,Aug,8/19/2017,LK,OS,Sand Key Shallow,613,613-500-057,1,Juv,PAST,PORI,29
2017,2017,Aug,8/19/2017,LK,OS,Sand Key Shallow,613,613-500-057,1,Juv,PAST,PORI,15
2017,2017,Aug,8/19/2017,LK,OS,Sand Key Shallow,613,613-500-057,1,Juv,PAST,PORI,11
2017,2017,Aug,8/19/2017,LK,OS,Sand Key Shallow,613,613-500-057,1,Juv,SSID,SIDE,31
2017,2017,Aug,8/19/2017,LK,OS,Sand Key Shallow,613,613-500-057,1,Juv,SSID,SIDE,8
2017,2017,Aug,8/19/2017,LK,OS,Sand Key Shallow,613,613-500-101,1,Juv,AAGA,AGAR,29
2017,2017,Aug,8/19/2017,LK,OS,Sand Key Shallow,613,613-500-101,1,Juv,PAST,PORI,28
2017,2017,Aug,8/19/2017,LK,OS,Sand Key Shallow,613,613-500-101,1,Juv,PAST,PORI,31
2017,2017,Aug,8/19/2017,LK,OS,Sand Key Shallow,613,613-500-101,1,Juv,SSID,SIDE,29
2017,2017,Aug,8/19/2017,LK,OS,Sand Key Shallow,613,613-500-153,1,Juv,AAGA,AGAR,9
2017,2017,Aug,8/19/2017,LK,OS,Sand Key Shallow,613,613-500-153,1,Juv,AAGA,AGAR,22
2017,2017,Aug,8/19/2017,LK,OS,Sand Key Shallow,613,613-500-153,1,Juv,PAST,PORI,1
2017,2017,Aug,8/19/2017,LK,OS,Sand Key Shallow,613,613-500-153,1,Juv,PAST,PORI,5
2017,2017,Aug,8/19/2017,LK,OS,Sand Key Shallow,613,613-500-153,1,Juv,PAST,PORI,22
2017,2017,Aug,8/19/2017,LK,OS,Sand Key Shallow,613,613-500-153,1,Juv,PAST,PORI,14
2017,2017,Aug,8/19/2017,LK,OS,Sand Key Shallow,613,613-500-153,1,Juv,PAST,PORI,8
2017,2017,Aug,8/19/2017,LK,OS,Sand Key Shallow,613,613-500-153,1,Juv,PAST,PORI,19
2017,2017,Aug,8/19/2017,LK,OS,Sand Key Shallow,613,613-500-153,1,Juv,PAST,PORI,14
2017,2017,Aug,8/19/2017,LK,OS,Sand Key Shallow,613,613-500-153,1,Juv,SSID,SIDE,10
2017,2017,Aug,8/19/2017,LK,OS,Sand Key Shallow,613,613-500-168,1,Juv,PAST,PORI,13
2017,2017,Aug,8/19/2017,LK,OS,Sand Key Shallow,613,613-500-168,1,Juv,PAST,PORI,32
2017,2017,Aug,8/19/2017,LK,OS,Sand Key Shallow,614,614-100-010,1,Juv,PAST,PORI,10
2017,2017,Aug,8/19/2017,LK,OS,Sand Key Shallow,614,614-100-010,1,Juv,PAST,PORI,11
2017,2017,Aug,8/19/2017,LK,OS,Sand Key Shallow,614,614-100-010,1,Juv,PAST,PORI,28
2017,2017,Aug,8/19/2017,LK,OS,Sand Key Shallow,614,614-100-069,1,Juv,PAST,PORI,6
2017,2017,Aug,8/19/2017,LK,OS,Sand Key Shallow,614,614-100-149,1,Juv,SSID,SIDE,25
2017,2017,Aug,8/19/2017,LK,OS,Sand Key Shallow,614,614-100-203,1,Juv,AAGA,AGAR,10
2017,2017,Aug,8/19/2017,LK,OS,Sand Key Shallow,614,614-100-203,1,Juv,PAST,PORI,29
2017,2017,Aug,8/19/2017,LK,OS,Sand Key Shallow,614,614-100-203,1,Juv,PAST,PORI,37
2017,2017,Aug,8/19/2017,LK,OS,Sand Key Shallow,614,614-100-203,1,Juv,PAST,PORI,10
2017,2017,Aug,8/19/2017,LK,OS,Sand Key Shallow,614,614-100-203,1,Juv,SRAD,SIDE,13
2017,2017,Aug,8/19/2017,LK,OS,Sand Key Shallow,614,614-100-203,1,Juv,SMIC,SMIC,10
2017,2017,Aug,8/19/2017,LK,OS,Sand Key Shallow,614,614-500-018,1,Juv,PAST,PORI,21
2017,2017,Aug,8/19/2017,LK,OS,Sand Key Shallow,614,614-500-018,1,Juv,PAST,PORI,17
2017,2017,Aug,8/19/2017,LK,OS,Sand Key Shallow,614,614-500-018,1,Juv,PAST,PORI,39
2017,2017,Aug,8/19/2017,LK,OS,Sand Key Shallow,614,614-500-075,1,Juv,PAST,PORI,4
2017,2017,Aug,8/19/2017,LK,OS,Sand Key Shallow,614,614-500-075,1,Juv,PAST,PORI,17
2017,2017,Aug,8/19/2017,LK,OS,Sand Key Shallow,614,614-500-075,1,Juv,PAST,PORI,15
2017,2017,Aug,8/19/2017,LK,OS,Sand Key Shallow,614,614-500-075,1,Juv,SSID,SIDE,5
2017,2017,Aug,8/19/2017,LK,OS,Sand Key Shallow,614,614-500-075,1,Juv,SSID,SIDE,7
2017,2017,Aug,8/19/2017,LK,OS,Sand Key Shallow,614,614-500-075,1,Juv,SSID,SIDE,20
2017,2017,Aug,8/19/2017,LK,OS,Sand Key Shallow,614,614-500-107,1,Juv,AAGA,AGAR,11
2017,2017,Aug,8/19/2017,LK,OS,Sand Key Shallow,614,614-500-107,1,Iso,AAGA,AGAR,10
2017,2017,Aug,8/19/2017,LK,OS,Sand Key Shallow,614,614-500-107,1,Iso,AAGA,AGAR,6
2017,2017,Aug,8/19/2017,LK,OS,Sand Key Shallow,614,614-500-107,1,Juv,PAST,PORI,16
2017,2017,Aug,8/19/2017,LK,OS,Sand Key Shallow,614,614-500-107,1,Juv,PAST,PORI,11
2017,2017,Aug,8/19/2017,LK,OS,Sand Key Shallow,614,614-500-107,1,Juv,PAST,PORI,28
2017,2017,Aug,8/19/2017,LK,OS,Sand Key Shallow,614,614-500-107,1,Juv,PAST,PORI,38
2017,2017,Aug,8/19/2017,LK,OS,Sand Key Shallow,614,614-500-107,1,Juv,SRAD,SIDE,16
2017,2017,Aug,8/19/2017,LK,OS,Sand Key Shallow,614,614-500-107,1,Juv,SSID,SIDE,13
2017,2017,Aug,8/19/2017,LK,OS,Sand Key Shallow,614,614-500-189,1,Juv,PAST,PORI,14
2017,2017,Aug,8/19/2017,LK,OS,Sand Key Shallow,614,614-500-189,1,Juv,PAST,PORI,22
2017,2017,Aug,8/19/2017,LK,OS,Sand Key Shallow,614,614-500-189,1,Juv,PAST,PORI,9
2017,2017,Aug,8/19/2017,LK,OS,Sand Key Shallow,614,614-500-189,1,Juv,PAST,PORI,28
2017,2017,July,7/15/2017,UK,OD,Carysfort Deep,701,701-100-007,1,Juv,MCAV,MCAV,10
2017,2017,July,7/15/2017,UK,OD,Carysfort Deep,701,701-100-007,1,Juv,SSID,SIDE,8
2017,2017,July,7/15/2017,UK,OD,Carysfort Deep,701,701-100-055,1,Juv,PAST,PORI,12
2017,2017,July,7/15/2017,UK,OD,Carysfort Deep,701,701-100-055,1,Juv,SSID,SIDE,6
2017,2017,July,7/15/2017,UK,OD,Carysfort Deep,701,701-100-055,1,Juv,SSID,SIDE,25
2017,2017,July,7/15/2017,UK,OD,Carysfort Deep,701,701-100-106,1,Juv,PAST,PORI,22
2017,2017,July,7/15/2017,UK,OD,Carysfort Deep,701,701-100-106,1,Juv,PAST,PORI,17
2017,2017,July,7/15/2017,UK,OD,Carysfort Deep,701,701-100-106,1,Juv,SSID,SIDE,14
2017,2017,July,7/15/2017,UK,OD,Carysfort Deep,701,701-100-197,1,Juv,PAST,PORI,2
2017,2017,July,7/15/2017,UK,OD,Carysfort Deep,701,701-100-197,1,Juv,PAST,PORI,26
2017,2017,July,7/15/2017,UK,OD,Carysfort Deep,701,701-100-197,1,Iso,SSID,SIDE,15
2017,2017,July,7/15/2017,UK,OD,Carysfort Deep,701,701-100-197,1,Iso,SSID,SIDE,6
2017,2017,July,7/15/2017,UK,OD,Carysfort Deep,701,701-100-197,1,Iso,SSID,SIDE,2
2017,2017,July,7/15/2017,UK,OD,Carysfort Deep,701,701-100-197,1,Iso,SSID,SIDE,2
2017,2017,July,7/15/2017,UK,OD,Carysfort Deep,701,701-100-197,1,Iso,SSID,SIDE,8
2017,2017,July,7/15/2017,UK,OD,Carysfort Deep,701,701-100-197,1,Iso,SSID,SIDE,11
2017,2017,July,7/15/2017,UK,OD,Carysfort Deep,701,701-100-197,1,Iso,SSID,SIDE,6
2017,2017,July,7/15/2017,UK,OD,Carysfort Deep,701,701-100-197,1,Iso,SSID,SIDE,6
2017,2017,July,7/15/2017,UK,OD,Carysfort Deep,701,701-100-197,1,Iso,SSID,SIDE,3
2017,2017,July,7/15/2017,UK,OD,Carysfort Deep,701,701-100-197,1,Iso,SSID,SIDE,5
2017,2017,July,7/15/2017,UK,OD,Carysfort Deep,701,701-100-197,1,Iso,SSID,SIDE,3
2017,2017,July,7/15/2017,UK,OD,Carysfort Deep,701,701-100-197,1,Iso,SSID,SIDE,4
2017,2017,July,7/15/2017,UK,OD,Carysfort Deep,701,701-100-197,1,Iso,SSID,SIDE,4
2017,2017,July,7/15/2017,UK,OD,Carysfort Deep,701,701-100-197,1,Iso,SSID,SIDE,3
2017,2017,July,7/15/2017,UK,OD,Carysfort Deep,701,701-100-197,1,Iso,SSID,SIDE,6
2017,2017,July,7/15/2017,UK,OD,Carysfort Deep,701,701-100-197,1,Iso,SSID,SIDE,2
2017,2017,July,7/15/2017,UK,OD,Carysfort Deep,701,701-500-011,1,Juv,SMIC,SMIC,23
2017,2017,July,7/15/2017,UK,OD,Carysfort Deep,701,701-500-011,1,Juv,UNKS,UNKS,3
2017,2017,July,7/15/2017,UK,OD,Carysfort Deep,701,701-500-075,1,Iso,AAGA,AGAR,32
2017,2017,July,7/15/2017,UK,OD,Carysfort Deep,701,701-500-075,1,Juv,AAGA,AGAR,35
2017,2017,July,7/15/2017,UK,OD,Carysfort Deep,701,701-500-075,1,Juv,AFRA,AGAR,32
2017,2017,July,7/15/2017,UK,OD,Carysfort Deep,701,701-500-105,1,Juv,PAST,PORI,9
2017,2017,July,7/15/2017,UK,OD,Carysfort Deep,701,701-500-157,1,Iso,AAGA,AGAR,25
2017,2017,July,7/15/2017,UK,OD,Carysfort Deep,701,701-500-157,1,Iso,AAGA,AGAR,9
2017,2017,July,7/15/2017,UK,OD,Carysfort Deep,701,701-500-157,1,Iso,AAGA,AGAR,19
2017,2017,July,7/15/2017,UK,OD,Carysfort Deep,701,701-500-157,1,Juv,PPOR,PORI,10
2017,2017,July,7/15/2017,UK,OD,Carysfort Deep,702,702-100-032,1,Juv,AAGA,AGAR,11
2017,2017,July,7/15/2017,UK,OD,Carysfort Deep,702,702-100-032,1,Juv,MCAV,MCAV,15
2017,2017,July,7/15/2017,UK,OD,Carysfort Deep,702,702-100-032,1,Juv,SMIC,SMIC,12
2017,2017,July,7/15/2017,UK,OD,Carysfort Deep,702,702-100-032,1,Juv,SMIC,SMIC,39
2017,2017,July,7/15/2017,UK,OD,Carysfort Deep,702,702-100-032,1,Juv,UNKS,UNKS,10
2017,2017,July,7/15/2017,UK,OD,Carysfort Deep,702,702-100-137,1,Juv,AAGA,AGAR,11
2017,2017,July,7/15/2017,UK,OD,Carysfort Deep,702,702-100-137,1,Juv,SSID,SIDE,21
2017,2017,July,7/15/2017,UK,OD,Carysfort Deep,702,702-100-137,1,Juv,SSID,SIDE,27
2017,2017,July,7/15/2017,UK,OD,Carysfort Deep,702,702-100-137,1,Juv,SSID,SIDE,17
2017,2017,July,7/15/2017,UK,OD,Carysfort Deep,702,702-100-137,1,Juv,SSID,SIDE,18
2017,2017,July,7/15/2017,UK,OD,Carysfort Deep,702,702-100-137,1,Juv,SSID,SIDE,7
2017,2017,July,7/15/2017,UK,OD,Carysfort Deep,702,702-100-137,1,Juv,SSID,SIDE,19
2017,2017,July,7/15/2017,UK,OD,Carysfort Deep,702,702-100-137,1,Juv,SSID,SIDE,31
2017,2017,July,7/15/2017,UK,OD,Carysfort Deep,702,702-100-137,1,Juv,SMIC,SMIC,21
2017,2017,July,7/15/2017,UK,OD,Carysfort Deep,702,702-100-137,1,Juv,SMIC,SMIC,5
2017,2017,July,7/15/2017,UK,OD,Carysfort Deep,702,702-100-137,1,Juv,SMIC,SMIC,8
2017,2017,July,7/15/2017,UK,OD,Carysfort Deep,702,702-100-174,1,Juv,PAST,PORI,8
2017,2017,July,7/15/2017,UK,OD,Carysfort Deep,702,702-100-174,1,Juv,PAST,PORI,10
2017,2017,July,7/15/2017,UK,OD,Carysfort Deep,702,702-100-206,1,Juv,AAGA,AGAR,10
2017,2017,July,7/15/2017,UK,OD,Carysfort Deep,702,702-100-206,1,Juv,MCAV,MCAV,15
2017,2017,July,7/15/2017,UK,OD,Carysfort Deep,702,702-100-206,1,Juv,PAST,PORI,25
2017,2017,July,7/15/2017,UK,OD,Carysfort Deep,702,702-100-206,1,Juv,PAST,PORI,4
2017,2017,July,7/15/2017,UK,OD,Carysfort Deep,702,702-100-206,1,Juv,SSID,SIDE,9
2017,2017,July,7/15/2017,UK,OD,Carysfort Deep,702,702-500-035,1,Juv,AAGA,AGAR,21
2017,2017,July,7/15/2017,UK,OD,Carysfort Deep,702,702-500-035,1,Juv,SRAD,SIDE,18
2017,2017,July,7/15/2017,UK,OD,Carysfort Deep,702,702-500-035,1,Juv,SSID,SIDE,11
2017,2017,July,7/15/2017,UK,OD,Carysfort Deep,702,702-500-035,1,Juv,SSID,SIDE,23
2017,2017,July,7/15/2017,UK,OD,Carysfort Deep,702,702-500-035,1,Juv,SMIC,SMIC,7
2017,2017,July,7/15/2017,UK,OD,Carysfort Deep,702,702-500-035,1,Juv,MCAV,MCAV,13
2017,2017,July,7/15/2017,UK,OD,Carysfort Deep,702,702-500-077,1,Juv,AAGA,AGAR,32
2017,2017,July,7/15/2017,UK,OD,Carysfort Deep,702,702-500-077,1,Juv,AAGA,AGAR,4
2017,2017,July,7/15/2017,UK,OD,Carysfort Deep,702,702-500-077,1,Juv,MCAV,MCAV,15
2017,2017,July,7/15/2017,UK,OD,Carysfort Deep,702,702-500-077,1,Juv,PAST,PORI,5
2017,2017,July,7/15/2017,UK,OD,Carysfort Deep,702,702-500-077,1,Juv,PAST,PORI,3
2017,2017,July,7/15/2017,UK,OD,Carysfort Deep,702,702-500-077,1,Juv,SSID,SIDE,22
2017,2017,July,7/15/2017,UK,OD,Carysfort Deep,702,702-500-077,1,Juv,UNKS,UNKS,7
2017,2017,July,7/15/2017,UK,OD,Carysfort Deep,702,702-500-101,1,Juv,AAGA,AGAR,35
2017,2017,July,7/15/2017,UK,OD,Carysfort Deep,702,702-500-101,1,Juv,AAGA,AGAR,20
2017,2017,July,7/15/2017,UK,OD,Carysfort Deep,702,702-500-101,1,Juv,SSID,SIDE,31
2017,2017,July,7/15/2017,UK,OD,Carysfort Deep,702,702-500-120,1,Juv,AAGA,AGAR,23
2017,2017,July,7/15/2017,UK,OD,Carysfort Deep,702,702-500-120,1,Juv,AAGA,AGAR,6
2017,2017,July,7/15/2017,UK,OD,Carysfort Deep,702,702-500-120,1,Juv,AAGA,AGAR,29
2017,2017,July,7/15/2017,UK,OD,Carysfort Deep,702,702-500-120,1,Juv,PAST,PORI,21
2017,2017,July,7/15/2017,UK,OD,Carysfort Deep,702,702-500-120,1,Juv,PAST,PORI,20
2017,2017,July,7/15/2017,UK,OD,Carysfort Deep,703,703-100-032,1,Juv,AAGA,AGAR,19
2017,2017,July,7/15/2017,UK,OD,Carysfort Deep,703,703-100-032,1,Juv,AAGA,AGAR,22
2017,2017,July,7/15/2017,UK,OD,Carysfort Deep,703,703-100-032,1,Juv,AAGA,AGAR,24
2017,2017,July,7/15/2017,UK,OD,Carysfort Deep,703,703-100-032,1,Juv,PAST,PORI,30
2017,2017,July,7/15/2017,UK,OD,Carysfort Deep,703,703-100-032,1,Juv,PAST,PORI,8
2017,2017,July,7/15/2017,UK,OD,Carysfort Deep,703,703-100-032,1,Juv,SMIC,SMIC,25
2017,2017,July,7/15/2017,UK,OD,Carysfort Deep,703,703-100-073,1,Juv,AAGA,AGAR,27
2017,2017,July,7/15/2017,UK,OD,Carysfort Deep,703,703-100-073,1,Iso,MCAV,MCAV,9
2017,2017,July,7/15/2017,UK,OD,Carysfort Deep,703,703-100-073,1,Iso,MCAV,MCAV,6
2017,2017,July,7/15/2017,UK,OD,Carysfort Deep,703,703-100-073,1,Juv,PAST,PORI,4
2017,2017,July,7/15/2017,UK,OD,Carysfort Deep,703,703-100-073,1,Juv,PAST,PORI,37
2017,2017,July,7/15/2017,UK,OD,Carysfort Deep,703,703-100-146,1,Juv,MCAV,MCAV,11
2017,2017,July,7/15/2017,UK,OD,Carysfort Deep,703,703-100-146,1,Juv,MCAV,MCAV,18
2017,2017,July,7/15/2017,UK,OD,Carysfort Deep,703,703-100-146,1,Juv,PAST,PORI,22
2017,2017,July,7/15/2017,UK,OD,Carysfort Deep,703,703-100-146,1,Iso,PPOR,PORI,33
2017,2017,July,7/15/2017,UK,OD,Carysfort Deep,703,703-100-146,1,Iso,PPOR,PORI,15
2017,2017,July,7/15/2017,UK,OD,Carysfort Deep,703,703-100-146,1,Juv,SSID,SIDE,36
2017,2017,July,7/15/2017,UK,OD,Carysfort Deep,703,703-100-146,1,Juv,SSID,SIDE,15
2017,2017,July,7/15/2017,UK,OD,Carysfort Deep,703,703-100-146,1,Juv,SSID,SIDE,1
2017,2017,July,7/15/2017,UK,OD,Carysfort Deep,703,703-100-146,1,Juv,SSID,SIDE,1
2017,2017,July,7/15/2017,UK,OD,Carysfort Deep,703,703-100-146,1,Juv,SSID,SIDE,2
2017,2017,July,7/15/2017,UK,OD,Carysfort Deep,703,703-100-146,1,Juv,SSID,SIDE,3
2017,2017,July,7/15/2017,UK,OD,Carysfort Deep,703,703-100-146,1,Juv,SSID,SIDE,6
2017,2017,July,7/15/2017,UK,OD,Carysfort Deep,703,703-100-146,1,Juv,SSID,SIDE,5
2017,2017,July,7/15/2017,UK,OD,Carysfort Deep,703,703-100-146,1,Juv,SSID,SIDE,2
2017,2017,July,7/15/2017,UK,OD,Carysfort Deep,703,703-100-146,1,Juv,SSID,SIDE,1
2017,2017,July,7/15/2017,UK,OD,Carysfort Deep,703,703-100-146,1,Juv,SSID,SIDE,2
2017,2017,July,7/15/2017,UK,OD,Carysfort Deep,703,703-100-146,1,Juv,SSID,SIDE,2
2017,2017,July,7/15/2017,UK,OD,Carysfort Deep,703,703-100-146,1,Juv,SMIC,SMIC,8
2017,2017,July,7/15/2017,UK,OD,Carysfort Deep,703,703-100-175,1,Juv,AAGA,AGAR,35
2017,2017,July,7/15/2017,UK,OD,Carysfort Deep,703,703-100-175,1,Juv,AAGA,AGAR,27
2017,2017,July,7/15/2017,UK,OD,Carysfort Deep,703,703-100-175,1,Juv,AAGA,AGAR,10
2017,2017,July,7/15/2017,UK,OD,Carysfort Deep,703,703-100-175,1,Juv,AAGA,AGAR,20
2017,2017,July,7/15/2017,UK,OD,Carysfort Deep,703,703-100-175,1,Juv,AAGA,AGAR,10
2017,2017,July,7/15/2017,UK,OD,Carysfort Deep,703,703-100-175,1,Juv,PAST,PORI,37
2017,2017,July,7/15/2017,UK,OD,Carysfort Deep,703,703-100-175,1,Juv,PAST,PORI,24
2017,2017,July,7/15/2017,UK,OD,Carysfort Deep,703,703-100-175,1,Juv,SSID,SIDE,27
2017,2017,July,7/15/2017,UK,OD,Carysfort Deep,703,703-500-029,1,Juv,AAGA,AGAR,15
2017,2017,July,7/15/2017,UK,OD,Carysfort Deep,703,703-500-029,1,Iso,PPOR,PORI,22
2017,2017,July,7/15/2017,UK,OD,Carysfort Deep,703,703-500-029,1,Iso,PPOR,PORI,28
2017,2017,July,7/15/2017,UK,OD,Carysfort Deep,703,703-500-029,1,Juv,SMIC,SMIC,26
2017,2017,July,7/15/2017,UK,OD,Carysfort Deep,703,703-500-029,1,Juv,SMIC,SMIC,4
2017,2017,July,7/15/2017,UK,OD,Carysfort Deep,703,703-500-029,1,Juv,UNKS,UNKS,3
2017,2017,July,7/15/2017,UK,OD,Carysfort Deep,703,703-500-100,1,Juv,AAGA,AGAR,25
2017,2017,July,7/15/2017,UK,OD,Carysfort Deep,703,703-500-100,1,Juv,SSID,SIDE,7
2017,2017,July,7/15/2017,UK,OD,Carysfort Deep,703,703-500-123,1,Juv,AAGA,AGAR,23
2017,2017,July,7/15/2017,UK,OD,Carysfort Deep,703,703-500-123,1,Juv,MYCE,MUSS,21
2017,2017,July,7/15/2017,UK,OD,Carysfort Deep,703,703-500-123,1,Juv,PAST,PORI,10
2017,2017,July,7/15/2017,UK,OD,Carysfort Deep,703,703-500-172,1,Juv,AAGA,AGAR,35
2017,2017,July,7/15/2017,UK,OD,Carysfort Deep,703,703-500-172,1,Juv,PAST,PORI,29
2017,2017,July,7/15/2017,UK,OD,Carysfort Deep,703,703-500-172,1,Iso,SSID,SIDE,6
2017,2017,July,7/15/2017,UK,OD,Carysfort Deep,703,703-500-172,1,Iso,SSID,SIDE,11
2017,2017,July,7/15/2017,UK,OD,Carysfort Deep,704,704-100-009,1,Juv,PAST,PORI,3
2017,2017,July,7/15/2017,UK,OD,Carysfort Deep,704,704-100-009,1,Juv,PPOR,PORI,14
2017,2017,July,7/15/2017,UK,OD,Carysfort Deep,704,704-100-009,1,Juv,SMIC,SMIC,26
2017,2017,July,7/15/2017,UK,OD,Carysfort Deep,704,704-100-111,1,Juv,PAST,PORI,21
2017,2017,July,7/15/2017,UK,OD,Carysfort Deep,704,704-100-169,1,Juv,AAGA,AGAR,39
2017,2017,July,7/15/2017,UK,OD,Carysfort Deep,704,704-100-169,1,Juv,AGAR,AGAR,18
2017,2017,July,7/15/2017,UK,OD,Carysfort Deep,704,704-100-169,1,Juv,PAST,PORI,10
2017,2017,July,7/15/2017,UK,OD,Carysfort Deep,704,704-100-169,1,Juv,SSID,SIDE,22
2017,2017,July,7/15/2017,UK,OD,Carysfort Deep,704,704-100-221,1,Juv,SSID,SIDE,7
2017,2017,July,7/15/2017,UK,OD,Carysfort Deep,704,704-500-016,1,Juv,AAGA,AGAR,19
2017,2017,July,7/15/2017,UK,OD,Carysfort Deep,704,704-500-016,1,Juv,AAGA,AGAR,20
2017,2017,July,7/15/2017,UK,OD,Carysfort Deep,704,704-500-135,1,Juv,PAST,PORI,20
2017,2017,July,7/15/2017,UK,OD,Carysfort Deep,704,704-500-135,1,Juv,PAST,PORI,4
2017,2017,July,7/15/2017,UK,OD,Carysfort Deep,704,704-500-135,1,Juv,PAST,PORI,14
2017,2017,July,7/15/2017,UK,OD,Carysfort Deep,704,704-500-135,1,Juv,PAST,PORI,23
2017,2017,July,7/15/2017,UK,OD,Carysfort Deep,704,704-500-135,1,Juv,SSID,SIDE,36
2017,2017,July,7/15/2017,UK,OD,Carysfort Deep,704,704-500-135,1,Juv,SSID,SIDE,9
2017,2017,July,7/15/2017,UK,OD,Carysfort Deep,704,704-500-156,1,Juv,AAGA,AGAR,28
2017,2017,July,7/15/2017,UK,OD,Carysfort Deep,704,704-500-172,1,Juv,AAGA,AGAR,30
2017,2017,July,7/15/2017,UK,OD,Carysfort Deep,704,704-500-172,1,Juv,AAGA,AGAR,29
2017,2017,July,7/15/2017,UK,OD,Carysfort Deep,704,704-500-172,1,Juv,PAST,PORI,8
2017,2017,July,7/15/2017,UK,OD,Carysfort Deep,704,704-500-172,1,Juv,PAST,PORI,18
2017,2017,July,7/20/2017,UK,OD,Molasses Deep,721,721-100-024,1,Juv,SMIC,SMIC,27
2017,2017,July,7/20/2017,UK,OD,Molasses Deep,721,721-100-061,1,Juv,PAST,PORI,5
2017,2017,July,7/20/2017,UK,OD,Molasses Deep,721,721-100-061,1,Juv,SRAD,SIDE,24
2017,2017,July,7/20/2017,UK,OD,Molasses Deep,721,721-100-061,1,Juv,SSID,SIDE,33
2017,2017,July,7/20/2017,UK,OD,Molasses Deep,721,721-100-138,1,Juv,SSID,SIDE,37
2017,2017,July,7/20/2017,UK,OD,Molasses Deep,721,721-100-138,1,Juv,SSID,SIDE,15
2017,2017,July,7/20/2017,UK,OD,Molasses Deep,721,721-100-138,1,Juv,SSID,SIDE,27
2017,2017,July,7/20/2017,UK,OD,Molasses Deep,721,721-100-186,1,Juv,PAST,PORI,11
2017,2017,July,7/20/2017,UK,OD,Molasses Deep,721,721-500-025,1,Juv,PAST,PORI,39
2017,2017,July,7/20/2017,UK,OD,Molasses Deep,721,721-500-025,1,Juv,PAST,PORI,23
2017,2017,July,7/20/2017,UK,OD,Molasses Deep,721,721-500-064,1,Juv,AGAR,AGAR,17
2017,2017,July,7/20/2017,UK,OD,Molasses Deep,721,721-500-064,1,Juv,PAST,PORI,15
2017,2017,July,7/20/2017,UK,OD,Molasses Deep,721,721-500-064,1,Juv,PAST,PORI,17
2017,2017,July,7/20/2017,UK,OD,Molasses Deep,721,721-500-064,1,Juv,PAST,PORI,13
2017,2017,July,7/20/2017,UK,OD,Molasses Deep,721,721-500-064,1,Juv,PORI,PORI,14
2017,2017,July,7/20/2017,UK,OD,Molasses Deep,721,721-500-114,1,Juv,AGAR,AGAR,7
2017,2017,July,7/20/2017,UK,OD,Molasses Deep,721,721-500-114,1,Juv,MCAV,MCAV,15
2017,2017,July,7/20/2017,UK,OD,Molasses Deep,721,721-500-114,1,Juv,PAST,PORI,12
2017,2017,July,7/20/2017,UK,OD,Molasses Deep,721,721-500-114,1,Juv,SSID,SIDE,31
2017,2017,July,7/20/2017,UK,OD,Molasses Deep,721,721-500-183,0,NA,NA,NA,NA
2017,2017,July,7/20/2017,UK,OD,Molasses Deep,722,722-100-045,1,Juv,AAGA,AGAR,37
2017,2017,July,7/20/2017,UK,OD,Molasses Deep,722,722-100-045,1,Uns,SSID,SIDE,12
2017,2017,July,7/20/2017,UK,OD,Molasses Deep,722,722-100-045,1,Uns,SSID,SIDE,8
2017,2017,July,7/20/2017,UK,OD,Molasses Deep,722,722-100-045,1,Juv,SMIC,SMIC,12
2017,2017,July,7/20/2017,UK,OD,Molasses Deep,722,722-100-076,1,Juv,AAGA,AGAR,18
2017,2017,July,7/20/2017,UK,OD,Molasses Deep,722,722-100-076,1,Juv,AAGA,AGAR,20
2017,2017,July,7/20/2017,UK,OD,Molasses Deep,722,722-100-173,1,Juv,MCAV,MCAV,4
2017,2017,July,7/20/2017,UK,OD,Molasses Deep,722,722-100-173,1,Juv,PAST,PORI,18
2017,2017,July,7/20/2017,UK,OD,Molasses Deep,722,722-100-173,1,Juv,PAST,PORI,3
2017,2017,July,7/20/2017,UK,OD,Molasses Deep,722,722-100-173,1,Juv,SSID,SIDE,31
2017,2017,July,7/20/2017,UK,OD,Molasses Deep,722,722-100-173,1,Juv,SSID,SIDE,7
2017,2017,July,7/20/2017,UK,OD,Molasses Deep,722,722-100-173,1,Juv,SSID,SIDE,8
2017,2017,July,7/20/2017,UK,OD,Molasses Deep,722,722-100-173,1,Juv,SSID,SIDE,38
2017,2017,July,7/20/2017,UK,OD,Molasses Deep,722,722-100-173,1,Juv,SSID,SIDE,27
2017,2017,July,7/20/2017,UK,OD,Molasses Deep,722,722-100-173,1,Juv,SSID,SIDE,5
2017,2017,July,7/20/2017,UK,OD,Molasses Deep,722,722-100-173,1,Juv,SMIC,SMIC,30
2017,2017,July,7/20/2017,UK,OD,Molasses Deep,722,722-100-215,1,Juv,SSID,SIDE,1
2017,2017,July,7/20/2017,UK,OD,Molasses Deep,722,722-500-032,1,Juv,AGAR,AGAR,3
2017,2017,July,7/20/2017,UK,OD,Molasses Deep,722,722-500-032,1,Juv,PAST,PORI,3
2017,2017,July,7/20/2017,UK,OD,Molasses Deep,722,722-500-032,1,Juv,PAST,PORI,2
2017,2017,July,7/20/2017,UK,OD,Molasses Deep,722,722-500-032,1,Iso,PPOR,PORI,14
2017,2017,July,7/20/2017,UK,OD,Molasses Deep,722,722-500-032,1,Iso,PPOR,PORI,15
2017,2017,July,7/20/2017,UK,OD,Molasses Deep,722,722-500-032,1,Iso,PPOR,PORI,18
2017,2017,July,7/20/2017,UK,OD,Molasses Deep,722,722-500-032,1,Juv,SSID,SIDE,16
2017,2017,July,7/20/2017,UK,OD,Molasses Deep,722,722-500-094,1,Juv,SRAD,SIDE,25
2017,2017,July,7/20/2017,UK,OD,Molasses Deep,722,722-500-094,1,Juv,SSID,SIDE,23
2017,2017,July,7/20/2017,UK,OD,Molasses Deep,722,722-500-094,1,Juv,SSID,SIDE,10
2017,2017,July,7/20/2017,UK,OD,Molasses Deep,722,722-500-111,1,Juv,MCAV,MCAV,13
2017,2017,July,7/20/2017,UK,OD,Molasses Deep,722,722-500-111,1,Juv,PPOR,PORI,17
2017,2017,July,7/20/2017,UK,OD,Molasses Deep,722,722-500-111,1,Juv,SSID,SIDE,6
2017,2017,July,7/20/2017,UK,OD,Molasses Deep,722,722-500-182,1,Juv,PAST,PORI,7
2017,2017,July,7/20/2017,UK,OD,Molasses Deep,722,722-500-182,1,Juv,PAST,PORI,8
2017,2017,July,7/20/2017,UK,OD,Molasses Deep,722,722-500-182,1,Juv,PPOR,PORI,20
2017,2017,July,7/16/2017,UK,OD,Molasses Deep,723,723-100-052,1,Juv,PAST,PORI,1
2017,2017,July,7/16/2017,UK,OD,Molasses Deep,723,723-100-052,1,Juv,PAST,PORI,25
2017,2017,July,7/16/2017,UK,OD,Molasses Deep,723,723-100-052,1,Juv,PAST,PORI,4
2017,2017,July,7/16/2017,UK,OD,Molasses Deep,723,723-100-064,1,Juv,PAST,PORI,3
2017,2017,July,7/16/2017,UK,OD,Molasses Deep,723,723-100-134,1,Juv,AFRA,AGAR,18
2017,2017,July,7/16/2017,UK,OD,Molasses Deep,723,723-100-134,1,Juv,AFRA,AGAR,37
2017,2017,July,7/16/2017,UK,OD,Molasses Deep,723,723-100-134,1,Juv,AFRA,AGAR,12
2017,2017,July,7/16/2017,UK,OD,Molasses Deep,723,723-100-134,1,Juv,AFRA,AGAR,28
2017,2017,July,7/16/2017,UK,OD,Molasses Deep,723,723-100-134,1,Juv,MCAV,MCAV,17
2017,2017,July,7/16/2017,UK,OD,Molasses Deep,723,723-100-134,1,Juv,PAST,PORI,36
2017,2017,July,7/16/2017,UK,OD,Molasses Deep,723,723-100-134,1,Juv,PAST,PORI,19
2017,2017,July,7/16/2017,UK,OD,Molasses Deep,723,723-100-154,0,NA,NA,NA,NA
2017,2017,July,7/16/2017,UK,OD,Molasses Deep,723,723-500-030,1,Juv,PAST,PORI,10
2017,2017,July,7/16/2017,UK,OD,Molasses Deep,723,723-500-030,1,Juv,PAST,PORI,5
2017,2017,July,7/16/2017,UK,OD,Molasses Deep,723,723-500-030,1,Juv,SSID,SIDE,4
2017,2017,July,7/16/2017,UK,OD,Molasses Deep,723,723-500-064,1,Juv,PAST,PORI,16
2017,2017,July,7/16/2017,UK,OD,Molasses Deep,723,723-500-064,1,Juv,PAST,PORI,5
2017,2017,July,7/16/2017,UK,OD,Molasses Deep,723,723-500-064,1,Juv,SSID,SIDE,2
2017,2017,July,7/16/2017,UK,OD,Molasses Deep,723,723-500-090,1,Juv,AAGA,AGAR,39
2017,2017,July,7/16/2017,UK,OD,Molasses Deep,723,723-500-090,1,Juv,PAST,PORI,16
2017,2017,July,7/16/2017,UK,OD,Molasses Deep,723,723-500-090,1,Juv,PAST,PORI,27
2017,2017,July,7/16/2017,UK,OD,Molasses Deep,723,723-500-103,1,Iso,PAST,PORI,16
2017,2017,July,7/16/2017,UK,OD,Molasses Deep,723,723-500-103,1,Juv,PAST,PORI,22
2017,2017,July,7/16/2017,UK,OD,Molasses Deep,723,723-500-103,1,Iso,SSID,SIDE,32
2017,2017,July,7/20/2017,UK,OD,Molasses Deep,724,724-100-048,1,Juv,MCAV,MCAV,20
2017,2017,July,7/20/2017,UK,OD,Molasses Deep,724,724-100-048,1,Juv,PAST,PORI,22
2017,2017,July,7/20/2017,UK,OD,Molasses Deep,724,724-100-048,1,Juv,PAST,PORI,16
2017,2017,July,7/20/2017,UK,OD,Molasses Deep,724,724-100-048,1,Juv,PAST,PORI,6
2017,2017,July,7/20/2017,UK,OD,Molasses Deep,724,724-100-089,1,Iso,AAGA,AGAR,17
2017,2017,July,7/20/2017,UK,OD,Molasses Deep,724,724-100-089,1,Juv,AAGA,AGAR,9
2017,2017,July,7/20/2017,UK,OD,Molasses Deep,724,724-100-089,1,Juv,AAGA,AGAR,16
2017,2017,July,7/20/2017,UK,OD,Molasses Deep,724,724-100-089,1,Juv,AAGA,AGAR,11
2017,2017,July,7/20/2017,UK,OD,Molasses Deep,724,724-100-089,1,Juv,AAGA,AGAR,39
2017,2017,July,7/20/2017,UK,OD,Molasses Deep,724,724-100-089,1,Juv,PAST,PORI,20
2017,2017,July,7/20/2017,UK,OD,Molasses Deep,724,724-100-089,1,Juv,PAST,PORI,8
2017,2017,July,7/20/2017,UK,OD,Molasses Deep,724,724-100-089,1,Juv,PAST,PORI,30
2017,2017,July,7/20/2017,UK,OD,Molasses Deep,724,724-100-089,1,Juv,PAST,PORI,18
2017,2017,July,7/20/2017,UK,OD,Molasses Deep,724,724-100-089,1,Juv,SSID,SIDE,15
2017,2017,July,7/20/2017,UK,OD,Molasses Deep,724,724-100-151,1,Juv,PAST,PORI,28
2017,2017,July,7/20/2017,UK,OD,Molasses Deep,724,724-100-151,1,Juv,SSID,SIDE,10
2017,2017,July,7/20/2017,UK,OD,Molasses Deep,724,724-100-151,1,Juv,SSID,SIDE,25
2017,2017,July,7/20/2017,UK,OD,Molasses Deep,724,724-100-177,1,Juv,AGAR,AGAR,9
2017,2017,July,7/20/2017,UK,OD,Molasses Deep,724,724-100-177,1,Juv,SSID,SIDE,30
2017,2017,July,7/20/2017,UK,OD,Molasses Deep,724,724-100-177,1,Juv,SSID,SIDE,4
2017,2017,July,7/20/2017,UK,OD,Molasses Deep,724,724-500-032,0,NA,NA,NA,NA
2017,2017,Aug,8/29/2017,UK,OD,Molasses Deep,724,724-500-061,1,Iso,MDEC,MADR,12
2017,2017,Aug,8/29/2017,UK,OD,Molasses Deep,724,724-500-061,1,Iso,MDEC,MADR,32
2017,2017,Aug,8/29/2017,UK,OD,Molasses Deep,724,724-500-061,1,Juv,PAST,PORI,24
2017,2017,Aug,8/29/2017,UK,OD,Molasses Deep,724,724-500-061,1,Juv,PAST,PORI,6
2017,2017,Aug,8/29/2017,UK,OD,Molasses Deep,724,724-500-061,1,Juv,PPOR,PORI,24
2017,2017,Aug,8/29/2017,UK,OD,Molasses Deep,724,724-500-061,1,Juv,SSID,SIDE,34
2017,2017,Aug,8/29/2017,UK,OD,Molasses Deep,724,724-500-061,1,Juv,SSID,SIDE,27
2017,2017,Aug,8/29/2017,UK,OD,Molasses Deep,724,724-500-094,1,Juv,AAGA,AGAR,7
2017,2017,Aug,8/29/2017,UK,OD,Molasses Deep,724,724-500-094,1,Juv,AAGA,AGAR,12
2017,2017,Aug,8/29/2017,UK,OD,Molasses Deep,724,724-500-094,1,Juv,MCAV,MCAV,29
2017,2017,Aug,8/29/2017,UK,OD,Molasses Deep,724,724-500-094,1,Juv,PAST,PORI,32
2017,2017,Aug,8/29/2017,UK,OD,Molasses Deep,724,724-500-094,1,Juv,PAST,PORI,22
2017,2017,Aug,8/29/2017,UK,OD,Molasses Deep,724,724-500-094,1,Juv,SSID,SIDE,17
2017,2017,July,7/20/2017,UK,OD,Molasses Deep,724,724-500-192,1,Juv,PAST,PORI,9
2017,2017,July,7/20/2017,UK,OD,Molasses Deep,724,724-500-192,1,Juv,PAST,PORI,18
2017,2017,July,7/20/2017,UK,OD,Molasses Deep,724,724-500-192,1,Juv,SSID,SIDE,29
2017,2017,July,7/20/2017,UK,OD,Molasses Deep,724,724-500-192,1,Juv,UNKS,UNKS,3
2017,2017,May,5/15/2017,MK,OD,Tennessee Deep,751,751-100-026,1,Juv,MARE,MARE,21
2017,2017,May,5/15/2017,MK,OD,Tennessee Deep,751,751-100-026,1,Juv,PPOR,PORI,29
2017,2017,May,5/15/2017,MK,OD,Tennessee Deep,751,751-100-026,1,Juv,SSID,SIDE,8
2017,2017,May,5/15/2017,MK,OD,Tennessee Deep,751,751-100-026,1,Juv,SSID,SIDE,39
2017,2017,May,5/15/2017,MK,OD,Tennessee Deep,751,751-100-026,1,Juv,SMIC,SMIC,31
2017,2017,May,5/15/2017,MK,OD,Tennessee Deep,751,751-100-045,1,Juv,MCAV,MCAV,27
2017,2017,May,5/15/2017,MK,OD,Tennessee Deep,751,751-100-045,1,Juv,PAST,PORI,8
2017,2017,May,5/15/2017,MK,OD,Tennessee Deep,751,751-100-045,1,Juv,PPOR,PORI,24
2017,2017,May,5/15/2017,MK,OD,Tennessee Deep,751,751-100-045,1,Juv,SSID,SIDE,11
2017,2017,May,5/15/2017,MK,OD,Tennessee Deep,751,751-100-045,1,Juv,SSID,SIDE,10
2017,2017,May,5/15/2017,MK,OD,Tennessee Deep,751,751-100-045,1,Juv,SSID,SIDE,13
2017,2017,May,5/15/2017,MK,OD,Tennessee Deep,751,751-100-045,1,Juv,SSID,SIDE,8
2017,2017,May,5/15/2017,MK,OD,Tennessee Deep,751,751-100-118,1,Juv,EFAS,EFAS,37
2017,2017,May,5/15/2017,MK,OD,Tennessee Deep,751,751-100-118,1,Juv,PAST,PORI,32
2017,2017,May,5/15/2017,MK,OD,Tennessee Deep,751,751-100-118,1,Juv,PAST,PORI,20
2017,2017,May,5/15/2017,MK,OD,Tennessee Deep,751,751-100-118,1,Juv,SRAD,SIDE,25
2017,2017,May,5/15/2017,MK,OD,Tennessee Deep,751,751-100-118,1,Juv,SSID,SIDE,28
2017,2017,May,5/15/2017,MK,OD,Tennessee Deep,751,751-100-118,1,Juv,SSID,SIDE,3
2017,2017,May,5/15/2017,MK,OD,Tennessee Deep,751,751-100-118,1,Juv,SSID,SIDE,17
2017,2017,May,5/15/2017,MK,OD,Tennessee Deep,751,751-100-118,1,Juv,SSID,SIDE,6
2017,2017,May,5/15/2017,MK,OD,Tennessee Deep,751,751-100-118,1,Juv,SSID,SIDE,15
2017,2017,May,5/15/2017,MK,OD,Tennessee Deep,751,751-100-118,1,Juv,SSID,SIDE,10
2017,2017,May,5/15/2017,MK,OD,Tennessee Deep,751,751-100-118,1,Juv,SSID,SIDE,7
2017,2017,May,5/15/2017,MK,OD,Tennessee Deep,751,751-100-118,1,Juv,SSID,SIDE,21
2017,2017,May,5/15/2017,MK,OD,Tennessee Deep,751,751-100-118,1,Juv,SMIC,SMIC,20
2017,2017,May,5/15/2017,MK,OD,Tennessee Deep,751,751-100-203,1,Juv,SCUB,MUSS,24
2017,2017,May,5/15/2017,MK,OD,Tennessee Deep,751,751-100-203,1,Juv,SSID,SIDE,37
2017,2017,May,5/15/2017,MK,OD,Tennessee Deep,751,751-500-029,1,Iso,PPOR,PORI,13
2017,2017,May,5/15/2017,MK,OD,Tennessee Deep,751,751-500-029,1,Iso,PPOR,PORI,1
2017,2017,May,5/15/2017,MK,OD,Tennessee Deep,751,751-500-029,1,Juv,SSID,SIDE,22
2017,2017,May,5/15/2017,MK,OD,Tennessee Deep,751,751-500-029,1,Juv,SSID,SIDE,33
2017,2017,May,5/15/2017,MK,OD,Tennessee Deep,751,751-500-029,1,Juv,SSID,SIDE,25
2017,2017,May,5/15/2017,MK,OD,Tennessee Deep,751,751-500-105,1,Juv,DSTO,DSTO,6
2017,2017,May,5/15/2017,MK,OD,Tennessee Deep,751,751-500-105,1,Juv,MCAV,MCAV,21
2017,2017,May,5/15/2017,MK,OD,Tennessee Deep,751,751-500-105,1,Juv,PAST,PORI,9
2017,2017,May,5/15/2017,MK,OD,Tennessee Deep,751,751-500-105,1,Juv,SSID,SIDE,6
2017,2017,May,5/15/2017,MK,OD,Tennessee Deep,751,751-500-105,1,Juv,SSID,SIDE,10
2017,2017,May,5/15/2017,MK,OD,Tennessee Deep,751,751-500-105,1,Juv,SSID,SIDE,35
2017,2017,May,5/15/2017,MK,OD,Tennessee Deep,751,751-500-105,1,Juv,SSID,SIDE,4
2017,2017,May,5/15/2017,MK,OD,Tennessee Deep,751,751-500-105,1,Juv,SMIC,SMIC,33
2017,2017,May,5/15/2017,MK,OD,Tennessee Deep,751,751-500-123,1,Juv,SMIC,SMIC,32
2017,2017,May,5/15/2017,MK,OD,Tennessee Deep,751,751-500-226,1,Juv,DSTO,DSTO,13
2017,2017,May,5/15/2017,MK,OD,Tennessee Deep,751,751-500-226,1,Juv,MCAV,MCAV,36
2017,2017,May,5/15/2017,MK,OD,Tennessee Deep,751,751-500-226,1,Juv,SSID,SIDE,26
2017,2017,May,5/15/2017,MK,OD,Tennessee Deep,752,752-100-022,1,Uns,AAGA,AGAR,15
2017,2017,May,5/15/2017,MK,OD,Tennessee Deep,752,752-100-022,1,Juv,AAGA,AGAR,28
2017,2017,May,5/15/2017,MK,OD,Tennessee Deep,752,752-100-022,1,Juv,SSID,SIDE,15
2017,2017,May,5/15/2017,MK,OD,Tennessee Deep,752,752-100-022,1,Juv,SMIC,SMIC,21
2017,2017,May,5/15/2017,MK,OD,Tennessee Deep,752,752-100-022,1,Juv,SMIC,SMIC,12
2017,2017,May,5/15/2017,MK,OD,Tennessee Deep,752,752-100-072,1,Juv,MARE,MARE,17
2017,2017,May,5/15/2017,MK,OD,Tennessee Deep,752,752-100-072,1,Juv,MARE,MARE,12
2017,2017,May,5/15/2017,MK,OD,Tennessee Deep,752,752-100-072,1,Juv,SSID,SIDE,30
2017,2017,May,5/15/2017,MK,OD,Tennessee Deep,752,752-100-072,1,Juv,SSID,SIDE,19
2017,2017,May,5/15/2017,MK,OD,Tennessee Deep,752,752-100-135,1,Juv,PAST,PORI,11
2017,2017,May,5/15/2017,MK,OD,Tennessee Deep,752,752-100-135,1,Juv,SSID,SIDE,39
2017,2017,May,5/15/2017,MK,OD,Tennessee Deep,752,752-100-135,1,Juv,SSID,SIDE,22
2017,2017,May,5/15/2017,MK,OD,Tennessee Deep,752,752-100-135,1,Juv,SSID,SIDE,15
2017,2017,May,5/15/2017,MK,OD,Tennessee Deep,752,752-100-225,1,Juv,MARE,MARE,29
2017,2017,May,5/15/2017,MK,OD,Tennessee Deep,752,752-100-225,1,Juv,PAST,PORI,12
2017,2017,May,5/15/2017,MK,OD,Tennessee Deep,752,752-100-225,1,Juv,PAST,PORI,22
2017,2017,May,5/15/2017,MK,OD,Tennessee Deep,752,752-100-225,1,Juv,SRAD,SIDE,33
2017,2017,May,5/15/2017,MK,OD,Tennessee Deep,752,752-100-225,1,Juv,SSID,SIDE,11
2017,2017,May,5/15/2017,MK,OD,Tennessee Deep,752,752-100-225,1,Juv,SMIC,SMIC,6
2017,2017,May,5/15/2017,MK,OD,Tennessee Deep,752,752-100-225,1,Juv,SMIC,SMIC,8
2017,2017,May,5/15/2017,MK,OD,Tennessee Deep,752,752-500-023,1,Iso,AAGA,AGAR,33
2017,2017,May,5/15/2017,MK,OD,Tennessee Deep,752,752-500-023,1,Iso,AAGA,AGAR,16
2017,2017,May,5/15/2017,MK,OD,Tennessee Deep,752,752-500-023,1,Juv,AAGA,AGAR,16
2017,2017,May,5/15/2017,MK,OD,Tennessee Deep,752,752-500-023,1,Juv,AAGA,AGAR,24
2017,2017,May,5/15/2017,MK,OD,Tennessee Deep,752,752-500-023,1,Juv,AAGA,AGAR,15
2017,2017,May,5/15/2017,MK,OD,Tennessee Deep,752,752-500-023,1,Juv,PAST,PORI,3
2017,2017,May,5/15/2017,MK,OD,Tennessee Deep,752,752-500-023,1,Juv,PAST,PORI,9
2017,2017,May,5/15/2017,MK,OD,Tennessee Deep,752,752-500-023,1,Juv,SSID,SIDE,16
2017,2017,May,5/15/2017,MK,OD,Tennessee Deep,752,752-500-023,1,Juv,SSID,SIDE,16
2017,2017,May,5/15/2017,MK,OD,Tennessee Deep,752,752-500-056,1,Juv,MCAV,MCAV,16
2017,2017,May,5/15/2017,MK,OD,Tennessee Deep,752,752-500-056,1,Juv,SCOL,MUSS,21
2017,2017,May,5/15/2017,MK,OD,Tennessee Deep,752,752-500-056,1,Juv,PAST,PORI,39
2017,2017,May,5/15/2017,MK,OD,Tennessee Deep,752,752-500-056,1,Juv,SSID,SIDE,15
2017,2017,May,5/15/2017,MK,OD,Tennessee Deep,752,752-500-056,1,Juv,SSID,SIDE,11
2017,2017,May,5/15/2017,MK,OD,Tennessee Deep,752,752-500-141,1,Juv,MARE,MARE,23
2017,2017,May,5/15/2017,MK,OD,Tennessee Deep,752,752-500-141,1,Juv,PAST,PORI,10
2017,2017,May,5/15/2017,MK,OD,Tennessee Deep,752,752-500-141,1,Juv,SSID,SIDE,39
2017,2017,May,5/15/2017,MK,OD,Tennessee Deep,752,752-500-188,1,Juv,AAGA,AGAR,19
2017,2017,May,5/15/2017,MK,OD,Tennessee Deep,752,752-500-188,1,Juv,MCAV,MCAV,9
2017,2017,May,5/15/2017,MK,OD,Tennessee Deep,752,752-500-188,1,Juv,PAST,PORI,11
2017,2017,May,5/15/2017,MK,OD,Tennessee Deep,752,752-500-188,1,Juv,SSID,SIDE,29
2017,2017,May,5/15/2017,MK,OD,Tennessee Deep,752,752-500-188,1,Juv,SSID,SIDE,31
2017,2017,May,5/15/2017,MK,OD,Tennessee Deep,752,752-500-188,1,Juv,SSID,SIDE,14
2017,2017,May,5/15/2017,MK,OD,Tennessee Deep,752,752-500-188,1,Juv,SSID,SIDE,3
2017,2017,May,5/15/2017,MK,OD,Tennessee Deep,753,753-100-028,1,Iso,PAST,PORI,8
2017,2017,May,5/15/2017,MK,OD,Tennessee Deep,753,753-100-028,1,Juv,SSID,SIDE,18
2017,2017,May,5/15/2017,MK,OD,Tennessee Deep,753,753-100-028,1,Juv,SSID,SIDE,36
2017,2017,May,5/15/2017,MK,OD,Tennessee Deep,753,753-100-028,1,Juv,SSID,SIDE,34
2017,2017,May,5/15/2017,MK,OD,Tennessee Deep,753,753-100-085,0,NA,NA,NA,NA
2017,2017,May,5/15/2017,MK,OD,Tennessee Deep,753,753-100-090,1,Juv,UNKS,UNKS,4
2017,2017,May,5/15/2017,MK,OD,Tennessee Deep,753,753-100-141,1,Juv,PAST,PORI,19
2017,2017,May,5/15/2017,MK,OD,Tennessee Deep,753,753-100-141,1,Juv,SSID,SIDE,30
2017,2017,May,5/15/2017,MK,OD,Tennessee Deep,753,753-100-141,1,Juv,SSID,SIDE,19
2017,2017,May,5/15/2017,MK,OD,Tennessee Deep,753,753-100-141,1,Juv,SSID,SIDE,25
2017,2017,May,5/15/2017,MK,OD,Tennessee Deep,753,753-100-141,1,Juv,SMIC,SMIC,36
2017,2017,May,5/15/2017,MK,OD,Tennessee Deep,753,753-500-023,1,Iso,EFAS,EFAS,37
2017,2017,May,5/15/2017,MK,OD,Tennessee Deep,753,753-500-023,1,Iso,EFAS,EFAS,14
2017,2017,May,5/15/2017,MK,OD,Tennessee Deep,753,753-500-023,1,Iso,EFAS,EFAS,13
2017,2017,May,5/15/2017,MK,OD,Tennessee Deep,753,753-500-023,1,Iso,EFAS,EFAS,17
2017,2017,May,5/15/2017,MK,OD,Tennessee Deep,753,753-500-023,1,Iso,EFAS,EFAS,11
2017,2017,May,5/15/2017,MK,OD,Tennessee Deep,753,753-500-023,1,Juv,PPOR,PORI,16
2017,2017,May,5/15/2017,MK,OD,Tennessee Deep,753,753-500-023,1,Juv,SSID,SIDE,34
2017,2017,May,5/15/2017,MK,OD,Tennessee Deep,753,753-500-023,1,Juv,SSID,SIDE,37
2017,2017,May,5/15/2017,MK,OD,Tennessee Deep,753,753-500-023,1,Juv,SSID,SIDE,10
2017,2017,May,5/15/2017,MK,OD,Tennessee Deep,753,753-500-023,1,Juv,SMIC,SMIC,35
2017,2017,May,5/15/2017,MK,OD,Tennessee Deep,753,753-500-023,1,Juv,UNKS,UNKS,2
2017,2017,May,5/15/2017,MK,OD,Tennessee Deep,753,753-500-049,1,Juv,AAGA,AGAR,19
2017,2017,May,5/15/2017,MK,OD,Tennessee Deep,753,753-500-049,1,Juv,AAGA,AGAR,15
2017,2017,May,5/15/2017,MK,OD,Tennessee Deep,753,753-500-049,1,Juv,MCAV,MCAV,16
2017,2017,May,5/15/2017,MK,OD,Tennessee Deep,753,753-500-049,1,Juv,PORI,PORI,1
2017,2017,May,5/15/2017,MK,OD,Tennessee Deep,753,753-500-049,1,Juv,PPOR,PORI,5
2017,2017,May,5/15/2017,MK,OD,Tennessee Deep,753,753-500-049,1,Juv,SSID,SIDE,19
2017,2017,May,5/15/2017,MK,OD,Tennessee Deep,753,753-500-049,1,Juv,SMIC,SMIC,16
2017,2017,May,5/15/2017,MK,OD,Tennessee Deep,753,753-500-049,1,Juv,UNKS,UNKS,6
2017,2017,May,5/15/2017,MK,OD,Tennessee Deep,753,753-500-105,1,Juv,AAGA,AGAR,13
2017,2017,May,5/15/2017,MK,OD,Tennessee Deep,753,753-500-105,1,Juv,SSID,SIDE,25
2017,2017,May,5/15/2017,MK,OD,Tennessee Deep,753,753-500-105,1,Juv,SSID,SIDE,23
2017,2017,May,5/15/2017,MK,OD,Tennessee Deep,753,753-500-197,1,Juv,MARE,MARE,12
2017,2017,May,5/15/2017,MK,OD,Tennessee Deep,753,753-500-197,1,Juv,MCAV,MCAV,14
2017,2017,May,5/15/2017,MK,OD,Tennessee Deep,753,753-500-197,1,Juv,PAST,PORI,9
2017,2017,May,5/15/2017,MK,OD,Tennessee Deep,753,753-500-197,1,Juv,PAST,PORI,4
2017,2017,May,5/15/2017,MK,OD,Tennessee Deep,753,753-500-197,1,Juv,SSID,SIDE,5
2017,2017,May,5/15/2017,MK,OD,Tennessee Deep,753,753-500-197,1,Juv,SSID,SIDE,12
2017,2017,May,5/15/2017,MK,OD,Tennessee Deep,754,754-100-051,1,Juv,PAST,PORI,9
2017,2017,May,5/15/2017,MK,OD,Tennessee Deep,754,754-100-051,1,Juv,PAST,PORI,14
2017,2017,May,5/15/2017,MK,OD,Tennessee Deep,754,754-100-051,1,Juv,PAST,PORI,8
2017,2017,May,5/15/2017,MK,OD,Tennessee Deep,754,754-100-051,1,Juv,PAST,PORI,10
2017,2017,May,5/15/2017,MK,OD,Tennessee Deep,754,754-100-051,1,Juv,SSID,SIDE,36
2017,2017,May,5/15/2017,MK,OD,Tennessee Deep,754,754-100-051,1,Juv,UNKS,UNKS,7
2017,2017,May,5/15/2017,MK,OD,Tennessee Deep,754,754-100-100,1,Juv,AAGA,AGAR,13
2017,2017,May,5/15/2017,MK,OD,Tennessee Deep,754,754-100-100,1,Juv,AAGA,AGAR,27
2017,2017,May,5/15/2017,MK,OD,Tennessee Deep,754,754-100-100,1,Juv,MARE,MARE,32
2017,2017,May,5/15/2017,MK,OD,Tennessee Deep,754,754-100-100,1,Juv,PAST,PORI,39
2017,2017,May,5/15/2017,MK,OD,Tennessee Deep,754,754-100-100,1,Juv,SSID,SIDE,17
2017,2017,May,5/15/2017,MK,OD,Tennessee Deep,754,754-100-100,1,Juv,SSID,SIDE,9
2017,2017,May,5/15/2017,MK,OD,Tennessee Deep,754,754-100-100,1,Juv,SSID,SIDE,4
2017,2017,May,5/15/2017,MK,OD,Tennessee Deep,754,754-100-100,1,Juv,SSID,SIDE,10
2017,2017,May,5/15/2017,MK,OD,Tennessee Deep,754,754-100-136,1,Juv,PAST,PORI,16
2017,2017,May,5/15/2017,MK,OD,Tennessee Deep,754,754-100-191,1,Juv,SSID,SIDE,19
2017,2017,May,5/15/2017,MK,OD,Tennessee Deep,754,754-100-191,1,Juv,SSID,SIDE,13
2017,2017,May,5/15/2017,MK,OD,Tennessee Deep,754,754-100-191,1,Juv,SSID,SIDE,29
2017,2017,May,5/15/2017,MK,OD,Tennessee Deep,754,754-500-045,1,Iso,AAGA,AGAR,18
2017,2017,May,5/15/2017,MK,OD,Tennessee Deep,754,754-500-045,1,Juv,EFAS,EFAS,15
2017,2017,May,5/15/2017,MK,OD,Tennessee Deep,754,754-500-045,1,Juv,PAST,PORI,20
2017,2017,May,5/15/2017,MK,OD,Tennessee Deep,754,754-500-045,1,Juv,SRAD,SIDE,29
2017,2017,May,5/15/2017,MK,OD,Tennessee Deep,754,754-500-045,1,Juv,SSID,SIDE,19
2017,2017,May,5/15/2017,MK,OD,Tennessee Deep,754,754-500-045,1,Juv,SSID,SIDE,11
2017,2017,May,5/15/2017,MK,OD,Tennessee Deep,754,754-500-092,1,Juv,PAST,PORI,13
2017,2017,May,5/15/2017,MK,OD,Tennessee Deep,754,754-500-092,1,Juv,PAST,PORI,8
2017,2017,May,5/15/2017,MK,OD,Tennessee Deep,754,754-500-092,1,Juv,PAST,PORI,22
2017,2017,May,5/15/2017,MK,OD,Tennessee Deep,754,754-500-092,1,Juv,PAST,PORI,32
2017,2017,May,5/15/2017,MK,OD,Tennessee Deep,754,754-500-092,1,Juv,PAST,PORI,8
2017,2017,May,5/15/2017,MK,OD,Tennessee Deep,754,754-500-092,1,Juv,SSID,SIDE,30
2017,2017,May,5/15/2017,MK,OD,Tennessee Deep,754,754-500-092,1,Juv,SSID,SIDE,7
2017,2017,May,5/15/2017,MK,OD,Tennessee Deep,754,754-500-139,1,Juv,AAGA,AGAR,25
2017,2017,May,5/15/2017,MK,OD,Tennessee Deep,754,754-500-139,1,Juv,MCAV,MCAV,8
2017,2017,May,5/15/2017,MK,OD,Tennessee Deep,754,754-500-139,1,Juv,PAST,PORI,12
2017,2017,May,5/15/2017,MK,OD,Tennessee Deep,754,754-500-139,1,Juv,SSID,SIDE,35
2017,2017,May,5/15/2017,MK,OD,Tennessee Deep,754,754-500-139,1,Juv,SSID,SIDE,8
2017,2017,May,5/15/2017,MK,OD,Tennessee Deep,754,754-500-139,1,Juv,SSID,SIDE,6
2017,2017,May,5/15/2017,MK,OD,Tennessee Deep,754,754-500-139,1,Juv,SSID,SIDE,12
2017,2017,May,5/15/2017,MK,OD,Tennessee Deep,754,754-500-139,1,Juv,SSID,SIDE,28
2017,2017,May,5/15/2017,MK,OD,Tennessee Deep,754,754-500-139,1,Juv,SSID,SIDE,25
2017,2017,May,5/15/2017,MK,OD,Tennessee Deep,754,754-500-180,1,Juv,PAST,PORI,15
2017,2017,Dec,12/8/2017,MK,OD,Sombrero Deep,761,761-100-009,1,Iso,AAGA,AGAR,24
2017,2017,Dec,12/8/2017,MK,OD,Sombrero Deep,761,761-100-009,1,Iso,AAGA,AGAR,8
2017,2017,Dec,12/8/2017,MK,OD,Sombrero Deep,761,761-100-009,1,Iso,PAST,PORI,26
2017,2017,Dec,12/8/2017,MK,OD,Sombrero Deep,761,761-100-009,1,Juv,PAST,PORI,13
2017,2017,Dec,12/8/2017,MK,OD,Sombrero Deep,761,761-100-009,1,Juv,SSID,SIDE,1
2017,2017,Dec,12/8/2017,MK,OD,Sombrero Deep,761,761-100-009,1,Juv,SSID,SIDE,5
2017,2017,Dec,12/8/2017,MK,OD,Sombrero Deep,761,761-100-009,1,Juv,SSID,SIDE,7
2017,2017,Dec,12/8/2017,MK,OD,Sombrero Deep,761,761-100-009,1,Juv,SSID,SIDE,17
2017,2017,Dec,12/8/2017,MK,OD,Sombrero Deep,761,761-100-009,1,Juv,SSID,SIDE,16
2017,2017,Dec,12/8/2017,MK,OD,Sombrero Deep,761,761-100-009,1,Juv,SSID,SIDE,13
2017,2017,Dec,12/8/2017,MK,OD,Sombrero Deep,761,761-100-028,1,Juv,PAST,PORI,25
2017,2017,Dec,12/8/2017,MK,OD,Sombrero Deep,761,761-100-028,1,Juv,PAST,PORI,13
2017,2017,Dec,12/8/2017,MK,OD,Sombrero Deep,761,761-100-028,1,Juv,PAST,PORI,8
2017,2017,Dec,12/8/2017,MK,OD,Sombrero Deep,761,761-100-028,1,Iso,SSID,SIDE,7
2017,2017,Dec,12/8/2017,MK,OD,Sombrero Deep,761,761-100-028,1,Iso,SSID,SIDE,6
2017,2017,Dec,12/8/2017,MK,OD,Sombrero Deep,761,761-100-028,1,Juv,SSID,SIDE,32
2017,2017,Dec,12/8/2017,MK,OD,Sombrero Deep,761,761-100-028,1,Juv,SSID,SIDE,9
2017,2017,Dec,12/8/2017,MK,OD,Sombrero Deep,761,761-100-028,1,Juv,SSID,SIDE,3
2017,2017,Dec,12/8/2017,MK,OD,Sombrero Deep,761,761-100-028,1,Juv,SSID,SIDE,7
2017,2017,Dec,12/8/2017,MK,OD,Sombrero Deep,761,761-100-028,1,Juv,SSID,SIDE,3
2017,2017,Dec,12/8/2017,MK,OD,Sombrero Deep,761,761-100-028,1,Juv,SMIC,SMIC,13
2017,2017,Dec,12/8/2017,MK,OD,Sombrero Deep,761,761-100-081,1,Iso,AAGA,AGAR,17
2017,2017,Dec,12/8/2017,MK,OD,Sombrero Deep,761,761-100-081,1,Juv,PAST,PORI,7
2017,2017,Dec,12/8/2017,MK,OD,Sombrero Deep,761,761-100-081,1,Juv,PAST,PORI,7
2017,2017,Dec,12/8/2017,MK,OD,Sombrero Deep,761,761-100-081,1,Juv,PAST,PORI,8
2017,2017,Dec,12/8/2017,MK,OD,Sombrero Deep,761,761-100-081,1,Juv,SSID,SIDE,32
2017,2017,Dec,12/8/2017,MK,OD,Sombrero Deep,761,761-100-081,1,Juv,SSID,SIDE,35
2017,2017,Dec,12/8/2017,MK,OD,Sombrero Deep,761,761-100-081,1,Juv,SSID,SIDE,10
2017,2017,Dec,12/8/2017,MK,OD,Sombrero Deep,761,761-100-081,1,Juv,SSID,SIDE,27
2017,2017,Dec,12/8/2017,MK,OD,Sombrero Deep,761,761-100-081,1,Juv,SSID,SIDE,6
2017,2017,Dec,12/8/2017,MK,OD,Sombrero Deep,761,761-100-081,1,Juv,SSID,SIDE,9
2017,2017,Dec,12/8/2017,MK,OD,Sombrero Deep,761,761-100-081,1,Juv,SSID,SIDE,9
2017,2017,Dec,12/8/2017,MK,OD,Sombrero Deep,761,761-100-081,1,Juv,SSID,SIDE,23
2017,2017,Dec,12/8/2017,MK,OD,Sombrero Deep,761,761-100-139,1,Juv,AAGA,AGAR,29
2017,2017,Dec,12/8/2017,MK,OD,Sombrero Deep,761,761-100-139,1,Juv,MARE,MARE,31
2017,2017,Dec,12/8/2017,MK,OD,Sombrero Deep,761,761-100-139,1,Juv,MARE,MARE,12
2017,2017,Dec,12/8/2017,MK,OD,Sombrero Deep,761,761-100-139,1,Juv,SSID,SIDE,24
2017,2017,Dec,12/8/2017,MK,OD,Sombrero Deep,761,761-100-139,1,Juv,SSID,SIDE,25
2017,2017,Dec,12/8/2017,MK,OD,Sombrero Deep,761,761-100-139,1,Juv,SSID,SIDE,29
2017,2017,Dec,12/8/2017,MK,OD,Sombrero Deep,761,761-100-139,1,Juv,SSID,SIDE,6
2017,2017,Dec,12/8/2017,MK,OD,Sombrero Deep,761,761-100-139,1,Juv,SSID,SIDE,6
2017,2017,Dec,12/8/2017,MK,OD,Sombrero Deep,761,761-100-139,1,Juv,SSID,SIDE,5
2017,2017,Dec,12/8/2017,MK,OD,Sombrero Deep,761,761-500-048,1,Juv,SSID,SIDE,30
2017,2017,Dec,12/8/2017,MK,OD,Sombrero Deep,761,761-500-048,1,Juv,SSID,SIDE,16
2017,2017,Dec,12/8/2017,MK,OD,Sombrero Deep,761,761-500-048,1,Juv,SSID,SIDE,35
2017,2017,Dec,12/8/2017,MK,OD,Sombrero Deep,761,761-500-048,1,Juv,SSID,SIDE,24
2017,2017,Dec,12/8/2017,MK,OD,Sombrero Deep,761,761-500-048,1,Juv,SSID,SIDE,7
2017,2017,Dec,12/8/2017,MK,OD,Sombrero Deep,761,761-500-072,1,Juv,AAGA,AGAR,6
2017,2017,Dec,12/8/2017,MK,OD,Sombrero Deep,761,761-500-072,1,Juv,MARE,MARE,6
2017,2017,Dec,12/8/2017,MK,OD,Sombrero Deep,761,761-500-072,1,Juv,MARE,MARE,10
2017,2017,Dec,12/8/2017,MK,OD,Sombrero Deep,761,761-500-072,1,Juv,MARE,MARE,10
2017,2017,Dec,12/8/2017,MK,OD,Sombrero Deep,761,761-500-072,1,Juv,SSID,SIDE,12
2017,2017,Dec,12/8/2017,MK,OD,Sombrero Deep,761,761-500-072,1,Juv,SMIC,SMIC,18
2017,2017,Dec,12/8/2017,MK,OD,Sombrero Deep,761,761-500-072,1,Juv,SMIC,SMIC,5
2017,2017,Dec,12/8/2017,MK,OD,Sombrero Deep,761,761-500-072,1,Juv,SMIC,SMIC,5
2017,2017,Dec,12/8/2017,MK,OD,Sombrero Deep,761,761-500-072,1,Juv,SMIC,SMIC,6
2017,2017,Dec,12/8/2017,MK,OD,Sombrero Deep,761,761-500-072,1,Juv,UNKS,UNKS,1
2017,2017,Dec,12/8/2017,MK,OD,Sombrero Deep,761,761-500-101,1,Juv,AAGA,AGAR,6
2017,2017,Dec,12/8/2017,MK,OD,Sombrero Deep,761,761-500-101,1,Juv,PAST,PORI,7
2017,2017,Dec,12/8/2017,MK,OD,Sombrero Deep,761,761-500-101,1,Juv,SSID,SIDE,23
2017,2017,Dec,12/8/2017,MK,OD,Sombrero Deep,761,761-500-101,1,Juv,SSID,SIDE,17
2017,2017,Dec,12/8/2017,MK,OD,Sombrero Deep,761,761-500-101,1,Juv,SSID,SIDE,31
2017,2017,Dec,12/8/2017,MK,OD,Sombrero Deep,761,761-500-147,1,Juv,AAGA,AGAR,34
2017,2017,Dec,12/8/2017,MK,OD,Sombrero Deep,761,761-500-147,1,Juv,AAGA,AGAR,12
2017,2017,Dec,12/8/2017,MK,OD,Sombrero Deep,761,761-500-147,1,Juv,AAGA,AGAR,15
2017,2017,Dec,12/8/2017,MK,OD,Sombrero Deep,761,761-500-147,1,Juv,AAGA,AGAR,8
2017,2017,Dec,12/8/2017,MK,OD,Sombrero Deep,761,761-500-147,1,Juv,AAGA,AGAR,7
2017,2017,Dec,12/8/2017,MK,OD,Sombrero Deep,761,761-500-147,1,Juv,MARE,MARE,5
2017,2017,Dec,12/8/2017,MK,OD,Sombrero Deep,761,761-500-147,1,Juv,MARE,MARE,9
2017,2017,Dec,12/8/2017,MK,OD,Sombrero Deep,761,761-500-147,1,Juv,MARE,MARE,6
2017,2017,Dec,12/8/2017,MK,OD,Sombrero Deep,761,761-500-147,1,Juv,MCAV,MCAV,18
2017,2017,Dec,12/8/2017,MK,OD,Sombrero Deep,761,761-500-147,1,Juv,PAST,PORI,18
2017,2017,Dec,12/8/2017,MK,OD,Sombrero Deep,761,761-500-147,1,Juv,SSID,SIDE,15
2017,2017,Dec,12/8/2017,MK,OD,Sombrero Deep,761,761-500-147,1,Juv,SSID,SIDE,24
2017,2017,Dec,12/8/2017,MK,OD,Sombrero Deep,761,761-500-147,1,Juv,SSID,SIDE,13
2017,2017,Dec,12/8/2017,MK,OD,Sombrero Deep,761,761-500-147,1,Juv,SSID,SIDE,13
2017,2017,Dec,12/8/2017,MK,OD,Sombrero Deep,761,761-500-147,1,Iso,SSID,SIDE,12
2017,2017,Dec,12/8/2017,MK,OD,Sombrero Deep,761,761-500-147,1,Iso,SSID,SIDE,12
2017,2017,Dec,12/8/2017,MK,OD,Sombrero Deep,761,761-500-147,1,Iso,SSID,SIDE,4
2017,2017,Dec,12/8/2017,MK,OD,Sombrero Deep,761,761-500-147,1,Iso,SSID,SIDE,4
2017,2017,Dec,12/8/2017,MK,OD,Sombrero Deep,761,761-500-147,1,Juv,SSID,SIDE,21
2017,2017,Dec,12/8/2017,MK,OD,Sombrero Deep,761,761-500-147,1,Juv,SSID,SIDE,25
2017,2017,Dec,12/8/2017,MK,OD,Sombrero Deep,761,761-500-147,1,Juv,SSID,SIDE,14
2017,2017,Dec,12/8/2017,MK,OD,Sombrero Deep,761,761-500-147,1,Juv,SSID,SIDE,26
2017,2017,Dec,12/8/2017,MK,OD,Sombrero Deep,761,761-500-147,1,Juv,SSID,SIDE,5
2017,2017,Dec,12/8/2017,MK,OD,Sombrero Deep,761,761-500-147,1,Juv,SSID,SIDE,14
2017,2017,Dec,12/8/2017,MK,OD,Sombrero Deep,761,761-500-147,1,Juv,SSID,SIDE,12
2017,2017,Dec,12/8/2017,MK,OD,Sombrero Deep,761,761-500-147,1,Juv,SSID,SIDE,15
2017,2017,Dec,12/8/2017,MK,OD,Sombrero Deep,761,761-500-147,1,Juv,SSID,SIDE,5
2017,2017,Dec,12/8/2017,MK,OD,Sombrero Deep,761,761-500-147,1,Juv,SSID,SIDE,4
2017,2017,Dec,12/8/2017,MK,OD,Sombrero Deep,761,761-500-147,1,Juv,SSID,SIDE,10
2017,2017,Dec,12/8/2017,MK,OD,Sombrero Deep,761,761-500-147,1,Juv,SSID,SIDE,2
2017,2017,Dec,12/8/2017,MK,OD,Sombrero Deep,761,761-500-147,1,Juv,SSID,SIDE,31
2017,2017,Dec,12/8/2017,MK,OD,Sombrero Deep,761,761-500-147,1,Juv,SSID,SIDE,4
2017,2017,Dec,12/8/2017,MK,OD,Sombrero Deep,761,761-500-147,1,Juv,SSID,SIDE,7
2017,2017,Dec,12/8/2017,MK,OD,Sombrero Deep,761,761-500-147,1,Juv,SSID,SIDE,2
2017,2017,Dec,12/8/2017,MK,OD,Sombrero Deep,761,761-500-147,1,Juv,SSID,SIDE,7
2017,2017,Dec,12/8/2017,MK,OD,Sombrero Deep,761,761-500-147,1,Juv,SMIC,SMIC,18
2017,2017,Dec,12/8/2017,MK,OD,Sombrero Deep,762,762-100-056,1,Iso,AAGA,AGAR,30
2017,2017,Dec,12/8/2017,MK,OD,Sombrero Deep,762,762-100-056,1,Uns,AAGA,AGAR,7
2017,2017,Dec,12/8/2017,MK,OD,Sombrero Deep,762,762-100-056,1,Juv,MCAV,MCAV,16
2017,2017,Dec,12/8/2017,MK,OD,Sombrero Deep,762,762-100-056,1,Juv,SSID,SIDE,4
2017,2017,Dec,12/8/2017,MK,OD,Sombrero Deep,762,762-100-056,1,Juv,SSID,SIDE,2
2017,2017,Dec,12/8/2017,MK,OD,Sombrero Deep,762,762-100-056,1,Juv,SSID,SIDE,17
2017,2017,Dec,12/8/2017,MK,OD,Sombrero Deep,762,762-100-056,1,Juv,SSID,SIDE,12
2017,2017,Dec,12/8/2017,MK,OD,Sombrero Deep,762,762-100-056,1,Juv,SSID,SIDE,28
2017,2017,Dec,12/8/2017,MK,OD,Sombrero Deep,762,762-100-056,1,Juv,SSID,SIDE,5
2017,2017,Dec,12/8/2017,MK,OD,Sombrero Deep,762,762-100-056,1,Juv,SSID,SIDE,14
2017,2017,Dec,12/8/2017,MK,OD,Sombrero Deep,762,762-100-056,1,Juv,SMIC,SMIC,8
2017,2017,Dec,12/8/2017,MK,OD,Sombrero Deep,762,762-100-056,1,Juv,SMIC,SMIC,11
2017,2017,Dec,12/8/2017,MK,OD,Sombrero Deep,762,762-100-056,1,Juv,SMIC,SMIC,18
2017,2017,Dec,12/8/2017,MK,OD,Sombrero Deep,762,762-100-056,1,Juv,SMIC,SMIC,32
2017,2017,Dec,12/8/2017,MK,OD,Sombrero Deep,762,762-100-067,1,Juv,SSID,SIDE,20
2017,2017,Dec,12/8/2017,MK,OD,Sombrero Deep,762,762-100-067,1,Juv,SSID,SIDE,26
2017,2017,Dec,12/8/2017,MK,OD,Sombrero Deep,762,762-100-067,1,Juv,SSID,SIDE,32
2017,2017,Dec,12/8/2017,MK,OD,Sombrero Deep,762,762-100-067,1,Juv,SSID,SIDE,6
2017,2017,Dec,12/8/2017,MK,OD,Sombrero Deep,762,762-100-067,1,Juv,SSID,SIDE,13
2017,2017,Dec,12/8/2017,MK,OD,Sombrero Deep,762,762-100-067,1,Juv,SSID,SIDE,21
2017,2017,Dec,12/8/2017,MK,OD,Sombrero Deep,762,762-100-067,1,Juv,SSID,SIDE,2
2017,2017,Dec,12/8/2017,MK,OD,Sombrero Deep,762,762-100-158,1,Juv,PAST,PORI,7
2017,2017,Dec,12/8/2017,MK,OD,Sombrero Deep,762,762-100-158,1,Juv,PAST,PORI,6
2017,2017,Dec,12/8/2017,MK,OD,Sombrero Deep,762,762-100-158,1,Juv,PAST,PORI,3
2017,2017,Dec,12/8/2017,MK,OD,Sombrero Deep,762,762-100-158,1,Juv,SSID,SIDE,30
2017,2017,Dec,12/8/2017,MK,OD,Sombrero Deep,762,762-100-158,1,Juv,SSID,SIDE,28
2017,2017,Dec,12/8/2017,MK,OD,Sombrero Deep,762,762-100-158,1,Juv,SSID,SIDE,20
2017,2017,Dec,12/8/2017,MK,OD,Sombrero Deep,762,762-100-178,1,Iso,SSID,SIDE,9
2017,2017,Dec,12/8/2017,MK,OD,Sombrero Deep,762,762-100-178,1,Juv,SSID,SIDE,30
2017,2017,Dec,12/8/2017,MK,OD,Sombrero Deep,762,762-100-178,1,Juv,SSID,SIDE,37
2017,2017,Dec,12/8/2017,MK,OD,Sombrero Deep,762,762-100-178,1,Juv,SSID,SIDE,39
2017,2017,Dec,12/8/2017,MK,OD,Sombrero Deep,762,762-100-178,1,Juv,SSID,SIDE,5
2017,2017,Dec,12/8/2017,MK,OD,Sombrero Deep,762,762-100-178,1,Juv,SSID,SIDE,4
2017,2017,Dec,12/8/2017,MK,OD,Sombrero Deep,762,762-100-178,1,Juv,SSID,SIDE,5
2017,2017,Dec,12/8/2017,MK,OD,Sombrero Deep,762,762-100-178,1,Juv,SSID,SIDE,17
2017,2017,Dec,12/8/2017,MK,OD,Sombrero Deep,762,762-100-178,1,Juv,SSID,SIDE,2
2017,2017,Dec,12/8/2017,MK,OD,Sombrero Deep,762,762-500-005,1,Juv,AAGA,AGAR,28
2017,2017,Dec,12/8/2017,MK,OD,Sombrero Deep,762,762-500-005,1,Juv,EFAS,EFAS,14
2017,2017,Dec,12/8/2017,MK,OD,Sombrero Deep,762,762-500-005,1,Juv,SSID,SIDE,24
2017,2017,Dec,12/8/2017,MK,OD,Sombrero Deep,762,762-500-005,1,Juv,SSID,SIDE,13
2017,2017,Dec,12/8/2017,MK,OD,Sombrero Deep,762,762-500-005,1,Juv,SSID,SIDE,22
2017,2017,Dec,12/8/2017,MK,OD,Sombrero Deep,762,762-500-005,1,Juv,SMIC,SMIC,31
2017,2017,Dec,12/8/2017,MK,OD,Sombrero Deep,762,762-500-066,1,Juv,MCAV,MCAV,7
2017,2017,Dec,12/8/2017,MK,OD,Sombrero Deep,762,762-500-066,1,Juv,PAST,PORI,39
2017,2017,Dec,12/8/2017,MK,OD,Sombrero Deep,762,762-500-066,1,Juv,PAST,PORI,8
2017,2017,Dec,12/8/2017,MK,OD,Sombrero Deep,762,762-500-066,1,Juv,SSID,SIDE,20
2017,2017,Dec,12/8/2017,MK,OD,Sombrero Deep,762,762-500-066,1,Juv,SSID,SIDE,14
2017,2017,Dec,12/8/2017,MK,OD,Sombrero Deep,762,762-500-066,1,Juv,SSID,SIDE,28
2017,2017,Dec,12/8/2017,MK,OD,Sombrero Deep,762,762-500-066,1,Juv,SSID,SIDE,16
2017,2017,Dec,12/8/2017,MK,OD,Sombrero Deep,762,762-500-066,1,Juv,SSID,SIDE,8
2017,2017,Dec,12/8/2017,MK,OD,Sombrero Deep,762,762-500-066,1,Juv,SSID,SIDE,25
2017,2017,Dec,12/8/2017,MK,OD,Sombrero Deep,762,762-500-110,1,Juv,EFAS,EFAS,24
2017,2017,Dec,12/8/2017,MK,OD,Sombrero Deep,762,762-500-110,1,Juv,EFAS,EFAS,7
2017,2017,Dec,12/8/2017,MK,OD,Sombrero Deep,762,762-500-110,1,Juv,SSID,SIDE,4
2017,2017,Dec,12/8/2017,MK,OD,Sombrero Deep,762,762-500-110,1,Juv,SSID,SIDE,27
2017,2017,Dec,12/8/2017,MK,OD,Sombrero Deep,762,762-500-153,1,Juv,MCAV,MCAV,14
2017,2017,Dec,12/8/2017,MK,OD,Sombrero Deep,762,762-500-153,1,Juv,PAST,PORI,8
2017,2017,Dec,12/8/2017,MK,OD,Sombrero Deep,762,762-500-153,1,Juv,SSID,SIDE,20
2017,2017,Dec,12/8/2017,MK,OD,Sombrero Deep,762,762-500-153,1,Juv,SSID,SIDE,8
2017,2017,Dec,12/8/2017,MK,OD,Sombrero Deep,762,762-500-153,1,Juv,SMIC,SMIC,20
2017,2017,Dec,12/8/2017,MK,OD,Sombrero Deep,763,763-100-085,1,Juv,AAGA,AGAR,20
2017,2017,Dec,12/8/2017,MK,OD,Sombrero Deep,763,763-100-085,1,Juv,MCAV,MCAV,21
2017,2017,Dec,12/8/2017,MK,OD,Sombrero Deep,763,763-100-085,1,Juv,PAST,PORI,20
2017,2017,Dec,12/8/2017,MK,OD,Sombrero Deep,763,763-100-085,1,Juv,SSID,SIDE,4
2017,2017,Dec,12/8/2017,MK,OD,Sombrero Deep,763,763-100-085,1,Juv,SSID,SIDE,5
2017,2017,Dec,12/8/2017,MK,OD,Sombrero Deep,763,763-100-085,1,Juv,SSID,SIDE,15
2017,2017,Dec,12/8/2017,MK,OD,Sombrero Deep,763,763-100-085,1,Juv,SSID,SIDE,15
2017,2017,Dec,12/8/2017,MK,OD,Sombrero Deep,763,763-100-085,1,Juv,SSID,SIDE,10
2017,2017,Dec,12/8/2017,MK,OD,Sombrero Deep,763,763-100-085,1,Juv,SSID,SIDE,6
2017,2017,Dec,12/8/2017,MK,OD,Sombrero Deep,763,763-100-085,1,Juv,SSID,SIDE,7
2017,2017,Dec,12/8/2017,MK,OD,Sombrero Deep,763,763-100-085,1,Juv,SSID,SIDE,19
2017,2017,Dec,12/8/2017,MK,OD,Sombrero Deep,763,763-100-085,1,Juv,SSID,SIDE,2
2017,2017,Dec,12/8/2017,MK,OD,Sombrero Deep,763,763-100-108,1,Juv,EFAS,EFAS,18
2017,2017,Dec,12/8/2017,MK,OD,Sombrero Deep,763,763-100-108,1,Juv,MARE,MARE,6
2017,2017,Dec,12/8/2017,MK,OD,Sombrero Deep,763,763-100-108,1,Juv,MCAV,MCAV,14
2017,2017,Dec,12/8/2017,MK,OD,Sombrero Deep,763,763-100-108,1,Juv,PAST,PORI,37
2017,2017,Dec,12/8/2017,MK,OD,Sombrero Deep,763,763-100-108,1,Iso,SSID,SIDE,11
2017,2017,Dec,12/8/2017,MK,OD,Sombrero Deep,763,763-100-108,1,Juv,SSID,SIDE,9
2017,2017,Dec,12/8/2017,MK,OD,Sombrero Deep,763,763-100-108,1,Juv,SSID,SIDE,12
2017,2017,Dec,12/8/2017,MK,OD,Sombrero Deep,763,763-100-108,1,Juv,SSID,SIDE,31
2017,2017,Dec,12/8/2017,MK,OD,Sombrero Deep,763,763-100-108,1,Juv,SSID,SIDE,32
2017,2017,Dec,12/8/2017,MK,OD,Sombrero Deep,763,763-100-174,1,Juv,AAGA,AGAR,36
2017,2017,Dec,12/8/2017,MK,OD,Sombrero Deep,763,763-100-174,1,Juv,AAGA,AGAR,39
2017,2017,Dec,12/8/2017,MK,OD,Sombrero Deep,763,763-100-174,1,Juv,AFRA,AGAR,26
2017,2017,Dec,12/8/2017,MK,OD,Sombrero Deep,763,763-100-174,1,Juv,PAST,PORI,3
2017,2017,Dec,12/8/2017,MK,OD,Sombrero Deep,763,763-100-174,1,Juv,SSID,SIDE,9
2017,2017,Dec,12/8/2017,MK,OD,Sombrero Deep,763,763-100-174,1,Juv,SSID,SIDE,38
2017,2017,Dec,12/8/2017,MK,OD,Sombrero Deep,763,763-100-174,1,Juv,SSID,SIDE,38
2017,2017,Dec,12/8/2017,MK,OD,Sombrero Deep,763,763-100-174,1,Juv,SSID,SIDE,22
2017,2017,Dec,12/8/2017,MK,OD,Sombrero Deep,763,763-100-202,1,Juv,EFAS,EFAS,12
2017,2017,Dec,12/8/2017,MK,OD,Sombrero Deep,763,763-100-202,1,Juv,SCUB,MUSS,19
2017,2017,Dec,12/8/2017,MK,OD,Sombrero Deep,763,763-100-202,1,Juv,SSID,SIDE,18
2017,2017,Dec,12/8/2017,MK,OD,Sombrero Deep,763,763-100-202,1,Juv,SSID,SIDE,2
2017,2017,Dec,12/8/2017,MK,OD,Sombrero Deep,763,763-500-085,1,Juv,MARE,MARE,20
2017,2017,Dec,12/8/2017,MK,OD,Sombrero Deep,763,763-500-085,1,Juv,PAST,PORI,19
2017,2017,Dec,12/8/2017,MK,OD,Sombrero Deep,763,763-500-085,1,Juv,PAST,PORI,19
2017,2017,Dec,12/8/2017,MK,OD,Sombrero Deep,763,763-500-085,1,Juv,PAST,PORI,10
2017,2017,Dec,12/8/2017,MK,OD,Sombrero Deep,763,763-500-085,1,Juv,SIDE,SIDE,2
2017,2017,Dec,12/8/2017,MK,OD,Sombrero Deep,763,763-500-085,1,Juv,SSID,SIDE,3
2017,2017,Dec,12/8/2017,MK,OD,Sombrero Deep,763,763-500-085,1,Juv,SSID,SIDE,22
2017,2017,Dec,12/8/2017,MK,OD,Sombrero Deep,763,763-500-085,1,Juv,SSID,SIDE,33
2017,2017,Dec,12/8/2017,MK,OD,Sombrero Deep,763,763-500-085,1,Juv,SMIC,SMIC,29
2017,2017,Dec,12/8/2017,MK,OD,Sombrero Deep,763,763-500-109,1,Juv,PAST,PORI,16
2017,2017,Dec,12/8/2017,MK,OD,Sombrero Deep,763,763-500-109,1,Juv,PAST,PORI,16
2017,2017,Dec,12/8/2017,MK,OD,Sombrero Deep,763,763-500-109,1,Juv,PAST,PORI,10
2017,2017,Dec,12/8/2017,MK,OD,Sombrero Deep,763,763-500-109,1,Juv,PAST,PORI,9
2017,2017,Dec,12/8/2017,MK,OD,Sombrero Deep,763,763-500-109,1,Juv,PAST,PORI,4
2017,2017,Dec,12/8/2017,MK,OD,Sombrero Deep,763,763-500-109,1,Juv,SSID,SIDE,22
2017,2017,Dec,12/8/2017,MK,OD,Sombrero Deep,763,763-500-109,1,Juv,SSID,SIDE,5
2017,2017,Dec,12/8/2017,MK,OD,Sombrero Deep,763,763-500-109,1,Juv,SSID,SIDE,10
2017,2017,Dec,12/8/2017,MK,OD,Sombrero Deep,763,763-500-109,1,Juv,SSID,SIDE,22
2017,2017,Dec,12/8/2017,MK,OD,Sombrero Deep,763,763-500-109,1,Juv,SSID,SIDE,25
2017,2017,Dec,12/8/2017,MK,OD,Sombrero Deep,763,763-500-109,1,Juv,SSID,SIDE,6
2017,2017,Dec,12/8/2017,MK,OD,Sombrero Deep,763,763-500-109,1,Juv,SSID,SIDE,6
2017,2017,Dec,12/8/2017,MK,OD,Sombrero Deep,763,763-500-109,1,Juv,SSID,SIDE,33
2017,2017,Dec,12/8/2017,MK,OD,Sombrero Deep,763,763-500-109,1,Juv,SSID,SIDE,29
2017,2017,Dec,12/8/2017,MK,OD,Sombrero Deep,763,763-500-109,1,Juv,SSID,SIDE,14
2017,2017,Dec,12/8/2017,MK,OD,Sombrero Deep,763,763-500-109,1,Juv,SSID,SIDE,24
2017,2017,Dec,12/8/2017,MK,OD,Sombrero Deep,763,763-500-109,1,Juv,SSID,SIDE,21
2017,2017,Dec,12/8/2017,MK,OD,Sombrero Deep,763,763-500-109,1,Juv,UNKS,UNKS,15
2017,2017,Dec,12/8/2017,MK,OD,Sombrero Deep,763,763-500-109,1,Juv,UNKS,UNKS,6
2017,2017,Dec,12/8/2017,MK,OD,Sombrero Deep,763,763-500-160,1,Juv,AAGA,AGAR,39
2017,2017,Dec,12/8/2017,MK,OD,Sombrero Deep,763,763-500-160,1,Juv,AAGA,AGAR,10
2017,2017,Dec,12/8/2017,MK,OD,Sombrero Deep,763,763-500-160,1,Juv,SSID,SIDE,6
2017,2017,Dec,12/8/2017,MK,OD,Sombrero Deep,763,763-500-160,1,Juv,SSID,SIDE,6
2017,2017,Dec,12/8/2017,MK,OD,Sombrero Deep,763,763-500-160,1,Juv,SSID,SIDE,31
2017,2017,Dec,12/8/2017,MK,OD,Sombrero Deep,763,763-500-160,1,Juv,SSID,SIDE,19
2017,2017,Dec,12/8/2017,MK,OD,Sombrero Deep,763,763-500-160,1,Juv,SSID,SIDE,2
2017,2017,Dec,12/8/2017,MK,OD,Sombrero Deep,763,763-500-160,1,Juv,SSID,SIDE,16
2017,2017,Dec,12/8/2017,MK,OD,Sombrero Deep,763,763-500-160,1,Juv,SSID,SIDE,21
2017,2017,Dec,12/8/2017,MK,OD,Sombrero Deep,763,763-500-160,1,Juv,SSID,SIDE,13
2017,2017,Dec,12/8/2017,MK,OD,Sombrero Deep,763,763-500-160,1,Juv,SSID,SIDE,4
2017,2017,Dec,12/8/2017,MK,OD,Sombrero Deep,763,763-500-160,1,Juv,SSID,SIDE,22
2017,2017,Dec,12/8/2017,MK,OD,Sombrero Deep,763,763-500-160,1,Juv,SSID,SIDE,17
2017,2017,Dec,12/8/2017,MK,OD,Sombrero Deep,763,763-500-160,1,Juv,SSID,SIDE,6
2017,2017,Dec,12/8/2017,MK,OD,Sombrero Deep,763,763-500-160,1,Juv,SMIC,SMIC,14
2017,2017,Dec,12/8/2017,MK,OD,Sombrero Deep,763,763-500-160,1,Juv,SMIC,SMIC,25
2017,2017,Dec,12/8/2017,MK,OD,Sombrero Deep,763,763-500-160,1,Juv,SMIC,SMIC,36
2017,2017,Dec,12/8/2017,MK,OD,Sombrero Deep,763,763-500-198,1,Juv,PAST,PORI,25
2017,2017,Dec,12/8/2017,MK,OD,Sombrero Deep,763,763-500-198,1,Juv,SSID,SIDE,9
2017,2017,Dec,12/8/2017,MK,OD,Sombrero Deep,763,763-500-198,1,Juv,SSID,SIDE,5
2017,2017,Dec,12/8/2017,MK,OD,Sombrero Deep,763,763-500-198,1,Iso,SMIC,SMIC,29
2017,2017,Dec,12/8/2017,MK,OD,Sombrero Deep,763,763-500-198,1,Iso,SMIC,SMIC,6
2017,2017,Dec,12/8/2017,MK,OD,Sombrero Deep,763,763-500-198,1,Iso,SMIC,SMIC,10
2017,2017,Dec,12/8/2017,MK,OD,Sombrero Deep,763,763-500-198,1,Iso,SMIC,SMIC,4
2017,2017,Dec,12/8/2017,MK,OD,Sombrero Deep,763,763-500-198,1,Iso,SMIC,SMIC,3
2017,2017,Dec,12/8/2017,MK,OD,Sombrero Deep,763,763-500-198,1,Iso,SMIC,SMIC,2
2017,2017,Dec,12/8/2017,MK,OD,Sombrero Deep,763,763-500-198,1,Iso,SMIC,SMIC,2
2017,2017,Dec,12/8/2017,MK,OD,Sombrero Deep,763,763-500-198,1,Iso,SMIC,SMIC,1
2017,2017,Dec,12/8/2017,MK,OD,Sombrero Deep,763,763-500-198,1,Iso,SMIC,SMIC,1
2017,2017,Dec,12/8/2017,MK,OD,Sombrero Deep,763,763-500-198,1,Iso,SMIC,SMIC,1
2017,2017,Dec,12/8/2017,MK,OD,Sombrero Deep,764,764-100-017,1,Juv,AAGA,AGAR,24
2017,2017,Dec,12/8/2017,MK,OD,Sombrero Deep,764,764-100-017,1,Juv,PAST,PORI,11
2017,2017,Dec,12/8/2017,MK,OD,Sombrero Deep,764,764-100-017,1,Juv,SSID,SIDE,30
2017,2017,Dec,12/8/2017,MK,OD,Sombrero Deep,764,764-100-017,1,Juv,SSID,SIDE,8
2017,2017,Dec,12/8/2017,MK,OD,Sombrero Deep,764,764-100-017,1,Juv,SSID,SIDE,12
2017,2017,Dec,12/8/2017,MK,OD,Sombrero Deep,764,764-100-017,1,Juv,SSID,SIDE,4
2017,2017,Dec,12/8/2017,MK,OD,Sombrero Deep,764,764-100-017,1,Juv,SSID,SIDE,12
2017,2017,Dec,12/8/2017,MK,OD,Sombrero Deep,764,764-100-017,1,Juv,SSID,SIDE,12
2017,2017,Dec,12/8/2017,MK,OD,Sombrero Deep,764,764-100-017,1,Juv,SSID,SIDE,13
2017,2017,Dec,12/8/2017,MK,OD,Sombrero Deep,764,764-100-017,1,Juv,SSID,SIDE,20
2017,2017,Dec,12/8/2017,MK,OD,Sombrero Deep,764,764-100-017,1,Juv,SMIC,SMIC,16
2017,2017,Dec,12/8/2017,MK,OD,Sombrero Deep,764,764-100-017,1,Juv,SMIC,SMIC,8
2017,2017,Dec,12/8/2017,MK,OD,Sombrero Deep,764,764-100-017,1,Juv,UNKS,UNKS,20
2017,2017,Dec,12/8/2017,MK,OD,Sombrero Deep,764,764-100-081,1,Juv,AAGA,AGAR,26
2017,2017,Dec,12/8/2017,MK,OD,Sombrero Deep,764,764-100-081,1,Juv,AGAR,AGAR,14
2017,2017,Dec,12/8/2017,MK,OD,Sombrero Deep,764,764-100-081,1,Juv,MCAV,MCAV,20
2017,2017,Dec,12/8/2017,MK,OD,Sombrero Deep,764,764-100-081,1,Juv,MCAV,MCAV,10
2017,2017,Dec,12/8/2017,MK,OD,Sombrero Deep,764,764-100-081,1,Juv,PAST,PORI,39
2017,2017,Dec,12/8/2017,MK,OD,Sombrero Deep,764,764-100-081,1,Juv,SSID,SIDE,15
2017,2017,Dec,12/8/2017,MK,OD,Sombrero Deep,764,764-100-081,1,Juv,SSID,SIDE,NA
2017,2017,Dec,12/8/2017,MK,OD,Sombrero Deep,764,764-100-081,1,Juv,SSID,SIDE,4
2017,2017,Dec,12/8/2017,MK,OD,Sombrero Deep,764,764-100-081,1,Juv,SSID,SIDE,8
2017,2017,Dec,12/8/2017,MK,OD,Sombrero Deep,764,764-100-081,1,Juv,SSID,SIDE,9
2017,2017,Dec,12/8/2017,MK,OD,Sombrero Deep,764,764-100-081,1,Juv,SSID,SIDE,22
2017,2017,Dec,12/8/2017,MK,OD,Sombrero Deep,764,764-100-081,1,Juv,SSID,SIDE,28
2017,2017,Dec,12/8/2017,MK,OD,Sombrero Deep,764,764-100-081,1,Juv,SSID,SIDE,37
2017,2017,Dec,12/8/2017,MK,OD,Sombrero Deep,764,764-100-081,1,Juv,SMIC,SMIC,38
2017,2017,Dec,12/8/2017,MK,OD,Sombrero Deep,764,764-100-081,1,Juv,SMIC,SMIC,24
2017,2017,Dec,12/8/2017,MK,OD,Sombrero Deep,764,764-100-081,1,Juv,SMIC,SMIC,39
2017,2017,Dec,12/8/2017,MK,OD,Sombrero Deep,764,764-100-137,1,Juv,MCAV,MCAV,16
2017,2017,Dec,12/8/2017,MK,OD,Sombrero Deep,764,764-100-137,1,Juv,PAST,PORI,35
2017,2017,Dec,12/8/2017,MK,OD,Sombrero Deep,764,764-100-137,1,Juv,PAST,PORI,11
2017,2017,Dec,12/8/2017,MK,OD,Sombrero Deep,764,764-100-137,1,Iso,SSID,SIDE,14
2017,2017,Dec,12/8/2017,MK,OD,Sombrero Deep,764,764-100-137,1,Iso,SSID,SIDE,3
2017,2017,Dec,12/8/2017,MK,OD,Sombrero Deep,764,764-100-137,1,Iso,SSID,SIDE,6
2017,2017,Dec,12/8/2017,MK,OD,Sombrero Deep,764,764-100-137,1,Iso,SSID,SIDE,9
2017,2017,Dec,12/8/2017,MK,OD,Sombrero Deep,764,764-100-137,1,Iso,SSID,SIDE,2
2017,2017,Dec,12/8/2017,MK,OD,Sombrero Deep,764,764-100-137,1,Juv,SSID,SIDE,17
2017,2017,Dec,12/8/2017,MK,OD,Sombrero Deep,764,764-100-137,1,Juv,SSID,SIDE,3
2017,2017,Dec,12/8/2017,MK,OD,Sombrero Deep,764,764-100-137,1,Juv,SSID,SIDE,23
2017,2017,Dec,12/8/2017,MK,OD,Sombrero Deep,764,764-100-137,1,Juv,SSID,SIDE,29
2017,2017,Dec,12/8/2017,MK,OD,Sombrero Deep,764,764-100-137,1,Juv,SSID,SIDE,15
2017,2017,Dec,12/8/2017,MK,OD,Sombrero Deep,764,764-100-137,1,Juv,SSID,SIDE,6
2017,2017,Dec,12/8/2017,MK,OD,Sombrero Deep,764,764-100-137,1,Juv,SSID,SIDE,14
2017,2017,Dec,12/8/2017,MK,OD,Sombrero Deep,764,764-100-185,1,Iso,SSID,SIDE,4
2017,2017,Dec,12/8/2017,MK,OD,Sombrero Deep,764,764-100-185,1,Iso,SSID,SIDE,6
2017,2017,Dec,12/8/2017,MK,OD,Sombrero Deep,764,764-100-185,1,Juv,SSID,SIDE,4
2017,2017,Dec,12/8/2017,MK,OD,Sombrero Deep,764,764-100-185,1,Juv,SSID,SIDE,1
2017,2017,Dec,12/8/2017,MK,OD,Sombrero Deep,764,764-100-185,1,Juv,SSID,SIDE,1
2017,2017,Dec,12/8/2017,MK,OD,Sombrero Deep,764,764-100-185,1,Juv,MCAV,MCAV,18
2017,2017,Dec,12/8/2017,MK,OD,Sombrero Deep,764,764-500-012,1,Juv,SSID,SIDE,2
2017,2017,Dec,12/8/2017,MK,OD,Sombrero Deep,764,764-500-012,1,Juv,SSID,SIDE,30
2017,2017,Dec,12/8/2017,MK,OD,Sombrero Deep,764,764-500-092,1,Juv,AAGA,AGAR,31
2017,2017,Dec,12/8/2017,MK,OD,Sombrero Deep,764,764-500-092,1,Juv,DLAB,DIPL,21
2017,2017,Dec,12/8/2017,MK,OD,Sombrero Deep,764,764-500-092,1,Juv,EFAS,EFAS,31
2017,2017,Dec,12/8/2017,MK,OD,Sombrero Deep,764,764-500-092,1,Juv,MCAV,MCAV,22
2017,2017,Dec,12/8/2017,MK,OD,Sombrero Deep,764,764-500-092,1,Juv,PAST,PORI,18
2017,2017,Dec,12/8/2017,MK,OD,Sombrero Deep,764,764-500-092,1,Juv,PAST,PORI,15
2017,2017,Dec,12/8/2017,MK,OD,Sombrero Deep,764,764-500-092,1,Juv,PAST,PORI,13
2017,2017,Dec,12/8/2017,MK,OD,Sombrero Deep,764,764-500-092,1,Juv,SSID,SIDE,4
2017,2017,Dec,12/8/2017,MK,OD,Sombrero Deep,764,764-500-092,1,Juv,SSID,SIDE,20
2017,2017,Dec,12/8/2017,MK,OD,Sombrero Deep,764,764-500-092,1,Juv,SSID,SIDE,10
2017,2017,Dec,12/8/2017,MK,OD,Sombrero Deep,764,764-500-092,1,Juv,SSID,SIDE,18
2017,2017,Dec,12/8/2017,MK,OD,Sombrero Deep,764,764-500-092,1,Juv,SSID,SIDE,14
2017,2017,Dec,12/8/2017,MK,OD,Sombrero Deep,764,764-500-092,1,Juv,UNKS,UNKS,5
2017,2017,Dec,12/8/2017,MK,OD,Sombrero Deep,764,764-500-111,1,Juv,MARE,MARE,26
2017,2017,Dec,12/8/2017,MK,OD,Sombrero Deep,764,764-500-111,1,Juv,MARE,MARE,15
2017,2017,Dec,12/8/2017,MK,OD,Sombrero Deep,764,764-500-111,1,Juv,PAST,PORI,2
2017,2017,Dec,12/8/2017,MK,OD,Sombrero Deep,764,764-500-111,1,Juv,SSID,SIDE,35
2017,2017,Dec,12/8/2017,MK,OD,Sombrero Deep,764,764-500-111,1,Juv,SSID,SIDE,3
2017,2017,Dec,12/8/2017,MK,OD,Sombrero Deep,764,764-500-111,1,Juv,SSID,SIDE,26
2017,2017,Dec,12/8/2017,MK,OD,Sombrero Deep,764,764-500-111,1,Juv,SSID,SIDE,12
2017,2017,Dec,12/8/2017,MK,OD,Sombrero Deep,764,764-500-111,1,Juv,SSID,SIDE,8
2017,2017,Dec,12/8/2017,MK,OD,Sombrero Deep,764,764-500-111,1,Juv,SSID,SIDE,11
2017,2017,Dec,12/8/2017,MK,OD,Sombrero Deep,764,764-500-111,1,Juv,SMIC,SMIC,20
2017,2017,Dec,12/8/2017,MK,OD,Sombrero Deep,764,764-500-111,1,Juv,SMIC,SMIC,27
2017,2017,Dec,12/8/2017,MK,OD,Sombrero Deep,764,764-500-188,1,Juv,AFRA,AGAR,16
2017,2017,Dec,12/8/2017,MK,OD,Sombrero Deep,764,764-500-188,1,Juv,MCAV,MCAV,23
2017,2017,Dec,12/8/2017,MK,OD,Sombrero Deep,764,764-500-188,1,Juv,SSID,SIDE,16
2017,2017,Dec,12/8/2017,MK,OD,Sombrero Deep,764,764-500-188,1,Juv,SSID,SIDE,9
2017,2017,Dec,12/8/2017,MK,OD,Sombrero Deep,764,764-500-188,1,Juv,SSID,SIDE,12
2017,2017,Aug,8/16/2017,LK,OD,Western Sambo Deep,791,791-100-012,1,Juv,DSTO,DSTO,9
2017,2017,Aug,8/16/2017,LK,OD,Western Sambo Deep,791,791-100-012,1,Juv,DSTO,DSTO,27
2017,2017,Aug,8/16/2017,LK,OD,Western Sambo Deep,791,791-100-012,1,Juv,PPOR,PORI,33
2017,2017,Aug,8/16/2017,LK,OD,Western Sambo Deep,791,791-100-012,1,Juv,SSID,SIDE,8
2017,2017,Aug,8/16/2017,LK,OD,Western Sambo Deep,791,791-100-047,1,Juv,EFAS,EFAS,30
2017,2017,Aug,8/16/2017,LK,OD,Western Sambo Deep,791,791-100-047,1,Juv,EFAS,EFAS,11
2017,2017,Aug,8/16/2017,LK,OD,Western Sambo Deep,791,791-100-047,1,Juv,EFAS,EFAS,10
2017,2017,Aug,8/16/2017,LK,OD,Western Sambo Deep,791,791-100-047,1,Juv,EFAS,EFAS,13
2017,2017,Aug,8/24/2017,LK,OD,Western Sambo Deep,791,791-100-122,1,Juv,DSTO,DSTO,20
2017,2017,Aug,8/24/2017,LK,OD,Western Sambo Deep,791,791-100-122,1,Iso,SSID,SIDE,5
2017,2017,Aug,8/24/2017,LK,OD,Western Sambo Deep,791,791-100-122,1,Iso,SSID,SIDE,2
2017,2017,Aug,8/24/2017,LK,OD,Western Sambo Deep,791,791-100-122,1,Juv,SSID,SIDE,23
2017,2017,Aug,8/24/2017,LK,OD,Western Sambo Deep,791,791-100-122,1,Juv,SSID,SIDE,38
2017,2017,Aug,8/24/2017,LK,OD,Western Sambo Deep,791,791-100-122,1,Juv,SSID,SIDE,20
2017,2017,Aug,8/24/2017,LK,OD,Western Sambo Deep,791,791-100-122,1,Juv,SSID,SIDE,20
2017,2017,Aug,8/24/2017,LK,OD,Western Sambo Deep,791,791-100-122,1,Juv,SSID,SIDE,37
2017,2017,Aug,8/24/2017,LK,OD,Western Sambo Deep,791,791-100-122,1,Juv,SSID,SIDE,18
2017,2017,Aug,8/24/2017,LK,OD,Western Sambo Deep,791,791-100-122,1,Juv,SSID,SIDE,12
2017,2017,Aug,8/24/2017,LK,OD,Western Sambo Deep,791,791-100-122,1,Juv,SSID,SIDE,27
2017,2017,Aug,8/24/2017,LK,OD,Western Sambo Deep,791,791-100-122,1,Juv,SSID,SIDE,22
2017,2017,Aug,8/24/2017,LK,OD,Western Sambo Deep,791,791-100-122,1,Juv,SSID,SIDE,30
2017,2017,Aug,8/24/2017,LK,OD,Western Sambo Deep,791,791-100-122,1,Juv,SSID,SIDE,22
2017,2017,Aug,8/24/2017,LK,OD,Western Sambo Deep,791,791-100-122,1,Juv,SSID,SIDE,11
2017,2017,Aug,8/24/2017,LK,OD,Western Sambo Deep,791,791-100-122,1,Juv,SSID,SIDE,4
2017,2017,Aug,8/24/2017,LK,OD,Western Sambo Deep,791,791-100-122,1,Juv,SSID,SIDE,11
2017,2017,Aug,8/24/2017,LK,OD,Western Sambo Deep,791,791-100-122,1,Juv,SSID,SIDE,4
2017,2017,Aug,8/24/2017,LK,OD,Western Sambo Deep,791,791-100-122,1,Juv,SSID,SIDE,6
2017,2017,Aug,8/24/2017,LK,OD,Western Sambo Deep,791,791-100-122,1,Juv,SSID,SIDE,4
2017,2017,Aug,8/24/2017,LK,OD,Western Sambo Deep,791,791-100-122,1,Juv,SSID,SIDE,8
2017,2017,Aug,8/24/2017,LK,OD,Western Sambo Deep,791,791-100-122,1,Juv,SSID,SIDE,3
2017,2017,Aug,8/24/2017,LK,OD,Western Sambo Deep,791,791-100-122,1,Juv,SSID,SIDE,9
2017,2017,Aug,8/24/2017,LK,OD,Western Sambo Deep,791,791-100-122,1,Juv,SSID,SIDE,4
2017,2017,Aug,8/24/2017,LK,OD,Western Sambo Deep,791,791-100-122,1,Juv,SSID,SIDE,13
2017,2017,Aug,8/24/2017,LK,OD,Western Sambo Deep,791,791-100-122,1,Juv,SSID,SIDE,13
2017,2017,Aug,8/24/2017,LK,OD,Western Sambo Deep,791,791-100-122,1,Juv,SSID,SIDE,10
2017,2017,Aug,8/24/2017,LK,OD,Western Sambo Deep,791,791-100-122,1,Iso,SMIC,SMIC,15
2017,2017,Aug,8/24/2017,LK,OD,Western Sambo Deep,791,791-100-122,1,Iso,SMIC,SMIC,34
2017,2017,Aug,8/24/2017,LK,OD,Western Sambo Deep,791,791-100-122,1,Iso,SMIC,SMIC,23
2017,2017,Aug,8/24/2017,LK,OD,Western Sambo Deep,791,791-100-122,1,Iso,SMIC,SMIC,17
2017,2017,Aug,8/24/2017,LK,OD,Western Sambo Deep,791,791-100-122,1,Iso,SMIC,SMIC,10
2017,2017,Aug,8/24/2017,LK,OD,Western Sambo Deep,791,791-100-122,1,Iso,SMIC,SMIC,5
2017,2017,Aug,8/24/2017,LK,OD,Western Sambo Deep,791,791-100-122,1,Iso,SMIC,SMIC,10
2017,2017,Aug,8/24/2017,LK,OD,Western Sambo Deep,791,791-100-122,1,Iso,SMIC,SMIC,3
2017,2017,Aug,8/24/2017,LK,OD,Western Sambo Deep,791,791-100-122,1,Juv,SMIC,SMIC,26
2017,2017,Aug,8/24/2017,LK,OD,Western Sambo Deep,791,791-100-122,1,Juv,SMIC,SMIC,25
2017,2017,Aug,8/24/2017,LK,OD,Western Sambo Deep,791,791-100-122,1,Juv,SMIC,SMIC,9
2017,2017,Aug,8/24/2017,LK,OD,Western Sambo Deep,791,791-100-122,1,Juv,SMIC,SMIC,11
2017,2017,Aug,8/24/2017,LK,OD,Western Sambo Deep,791,791-100-122,1,Juv,MCAV,MCAV,10
2017,2017,Aug,8/24/2017,LK,OD,Western Sambo Deep,791,791-100-122,1,Juv,UNKS,UNKS,1
2017,2017,Aug,8/22/2017,LK,OD,Western Sambo Deep,791,791-100-197,1,Juv,MARE,MARE,33
2017,2017,Aug,8/22/2017,LK,OD,Western Sambo Deep,791,791-100-197,1,Juv,SSID,SIDE,35
2017,2017,Aug,8/22/2017,LK,OD,Western Sambo Deep,791,791-100-197,1,Juv,SSID,SIDE,10
2017,2017,Aug,8/22/2017,LK,OD,Western Sambo Deep,791,791-100-197,1,Juv,SSID,SIDE,4
2017,2017,Aug,8/22/2017,LK,OD,Western Sambo Deep,791,791-100-197,1,Juv,SSID,SIDE,31
2017,2017,Aug,8/22/2017,LK,OD,Western Sambo Deep,791,791-100-197,1,Juv,SSID,SIDE,28
2017,2017,Aug,8/22/2017,LK,OD,Western Sambo Deep,791,791-100-197,1,Juv,SSID,SIDE,32
2017,2017,Aug,8/22/2017,LK,OD,Western Sambo Deep,791,791-500-013,1,Juv,SRAD,SIDE,27
2017,2017,Aug,8/22/2017,LK,OD,Western Sambo Deep,791,791-500-013,1,Juv,SSID,SIDE,2
2017,2017,Aug,8/22/2017,LK,OD,Western Sambo Deep,791,791-500-013,1,Juv,SSID,SIDE,5
2017,2017,Aug,8/22/2017,LK,OD,Western Sambo Deep,791,791-500-013,1,Juv,SSID,SIDE,9
2017,2017,Aug,8/22/2017,LK,OD,Western Sambo Deep,791,791-500-013,1,Juv,SSID,SIDE,28
2017,2017,Aug,8/22/2017,LK,OD,Western Sambo Deep,791,791-500-013,1,Juv,SSID,SIDE,6
2017,2017,Aug,8/22/2017,LK,OD,Western Sambo Deep,791,791-500-013,1,Juv,SSID,SIDE,10
2017,2017,Aug,8/22/2017,LK,OD,Western Sambo Deep,791,791-500-013,1,Juv,SSID,SIDE,6
2017,2017,Aug,8/22/2017,LK,OD,Western Sambo Deep,791,791-500-013,1,Juv,SSID,SIDE,6
2017,2017,Aug,8/22/2017,LK,OD,Western Sambo Deep,791,791-500-013,1,Juv,SSID,SIDE,11
2017,2017,Aug,8/22/2017,LK,OD,Western Sambo Deep,791,791-500-013,1,Juv,SSID,SIDE,9
2017,2017,Aug,8/22/2017,LK,OD,Western Sambo Deep,791,791-500-013,1,Juv,SMIC,SMIC,25
2017,2017,Aug,8/22/2017,LK,OD,Western Sambo Deep,791,791-500-038,1,Juv,AAGA,AGAR,22
2017,2017,Aug,8/22/2017,LK,OD,Western Sambo Deep,791,791-500-038,1,Juv,MCAV,MCAV,28
2017,2017,Aug,8/22/2017,LK,OD,Western Sambo Deep,791,791-500-038,1,Juv,SSID,SIDE,4
2017,2017,Aug,8/22/2017,LK,OD,Western Sambo Deep,791,791-500-038,1,Juv,SSID,SIDE,24
2017,2017,Aug,8/22/2017,LK,OD,Western Sambo Deep,791,791-500-038,1,Juv,SSID,SIDE,34
2017,2017,Aug,8/22/2017,LK,OD,Western Sambo Deep,791,791-500-038,1,Juv,SSID,SIDE,36
2017,2017,Aug,8/22/2017,LK,OD,Western Sambo Deep,791,791-500-038,1,Juv,SSID,SIDE,35
2017,2017,Aug,8/22/2017,LK,OD,Western Sambo Deep,791,791-500-156,1,Juv,SSID,SIDE,27
2017,2017,Aug,8/22/2017,LK,OD,Western Sambo Deep,791,791-500-199,1,Juv,MCAV,MCAV,13
2017,2017,Aug,8/22/2017,LK,OD,Western Sambo Deep,791,791-500-199,1,Juv,PAST,PORI,7
2017,2017,Aug,8/22/2017,LK,OD,Western Sambo Deep,791,791-500-199,1,Juv,SSID,SIDE,37
2017,2017,Aug,8/22/2017,LK,OD,Western Sambo Deep,791,791-500-199,1,Juv,SSID,SIDE,29
2017,2017,Aug,8/22/2017,LK,OD,Western Sambo Deep,791,791-500-199,1,Juv,SSID,SIDE,35
2017,2017,Aug,8/22/2017,LK,OD,Western Sambo Deep,791,791-500-199,1,Juv,SSID,SIDE,6
2017,2017,Aug,8/22/2017,LK,OD,Western Sambo Deep,791,791-500-199,1,Juv,SSID,SIDE,11
2017,2017,Aug,8/22/2017,LK,OD,Western Sambo Deep,792,792-100-028,1,Juv,SSID,SIDE,18
2017,2017,Aug,8/22/2017,LK,OD,Western Sambo Deep,792,792-100-028,1,Juv,SSID,SIDE,35
2017,2017,Aug,8/22/2017,LK,OD,Western Sambo Deep,792,792-100-028,1,Juv,SSID,SIDE,39
2017,2017,Aug,8/22/2017,LK,OD,Western Sambo Deep,792,792-100-028,1,Juv,SMIC,SMIC,11
2017,2017,Aug,8/24/2017,LK,OD,Western Sambo Deep,792,792-100-039,1,Juv,SRAD,SIDE,6
2017,2017,Aug,8/24/2017,LK,OD,Western Sambo Deep,792,792-100-039,1,Juv,SSID,SIDE,5
2017,2017,Aug,8/24/2017,LK,OD,Western Sambo Deep,792,792-100-039,1,Juv,SSID,SIDE,20
2017,2017,Aug,8/24/2017,LK,OD,Western Sambo Deep,792,792-100-039,1,Juv,SSID,SIDE,27
2017,2017,Aug,8/24/2017,LK,OD,Western Sambo Deep,792,792-100-039,1,Juv,SSID,SIDE,9
2017,2017,Aug,8/24/2017,LK,OD,Western Sambo Deep,792,792-100-039,1,Juv,SSID,SIDE,26
2017,2017,Aug,8/24/2017,LK,OD,Western Sambo Deep,792,792-100-039,1,Juv,SSID,SIDE,23
2017,2017,Aug,8/24/2017,LK,OD,Western Sambo Deep,792,792-100-039,1,Juv,SSID,SIDE,1
2017,2017,Aug,8/24/2017,LK,OD,Western Sambo Deep,792,792-100-039,1,Juv,SMIC,SMIC,19
2017,2017,Aug,8/24/2017,LK,OD,Western Sambo Deep,792,792-100-039,1,Juv,SMIC,SMIC,30
2017,2017,Aug,8/24/2017,LK,OD,Western Sambo Deep,792,792-100-039,1,Juv,SMIC,SMIC,29
2017,2017,Aug,8/24/2017,LK,OD,Western Sambo Deep,792,792-100-039,1,Juv,SMIC,SMIC,24
2017,2017,Aug,8/24/2017,LK,OD,Western Sambo Deep,792,792-100-039,1,Juv,SMIC,SMIC,24
2017,2017,Aug,8/24/2017,LK,OD,Western Sambo Deep,792,792-100-106,1,Juv,SSID,SIDE,22
2017,2017,Aug,8/24/2017,LK,OD,Western Sambo Deep,792,792-100-106,1,Juv,SSID,SIDE,2
2017,2017,Aug,8/24/2017,LK,OD,Western Sambo Deep,792,792-100-106,1,Juv,SSID,SIDE,35
2017,2017,Aug,8/24/2017,LK,OD,Western Sambo Deep,792,792-100-106,1,Juv,SSID,SIDE,33
2017,2017,Aug,8/24/2017,LK,OD,Western Sambo Deep,792,792-100-106,1,Juv,SMIC,SMIC,22
2017,2017,Aug,8/24/2017,LK,OD,Western Sambo Deep,792,792-100-142,1,Juv,MCAV,MCAV,3
2017,2017,Aug,8/24/2017,LK,OD,Western Sambo Deep,792,792-100-142,1,Uns,SSID,SIDE,5
2017,2017,Aug,8/24/2017,LK,OD,Western Sambo Deep,792,792-100-142,1,Uns,SSID,SIDE,3
2017,2017,Aug,8/24/2017,LK,OD,Western Sambo Deep,792,792-100-142,1,Juv,SSID,SIDE,8
2017,2017,Aug,8/24/2017,LK,OD,Western Sambo Deep,792,792-100-142,1,Juv,SSID,SIDE,10
2017,2017,Aug,8/24/2017,LK,OD,Western Sambo Deep,792,792-100-142,1,Juv,SSID,SIDE,7
2017,2017,Aug,8/24/2017,LK,OD,Western Sambo Deep,792,792-100-142,1,Juv,SSID,SIDE,3
2017,2017,Aug,8/24/2017,LK,OD,Western Sambo Deep,792,792-100-142,1,Juv,SSID,SIDE,9
2017,2017,Aug,8/24/2017,LK,OD,Western Sambo Deep,792,792-100-142,1,Juv,SSID,SIDE,6
2017,2017,Aug,8/24/2017,LK,OD,Western Sambo Deep,792,792-100-142,1,Juv,SSID,SIDE,27
2017,2017,Aug,8/24/2017,LK,OD,Western Sambo Deep,792,792-100-142,1,Juv,SSID,SIDE,7
2017,2017,Aug,8/24/2017,LK,OD,Western Sambo Deep,792,792-100-142,1,Juv,SMIC,SMIC,11
2017,2017,Aug,8/24/2017,LK,OD,Western Sambo Deep,792,792-500-051,1,Juv,PAST,PORI,16
2017,2017,Aug,8/24/2017,LK,OD,Western Sambo Deep,792,792-500-051,1,Juv,SSID,SIDE,6
2017,2017,Aug,8/24/2017,LK,OD,Western Sambo Deep,792,792-500-051,1,Juv,SSID,SIDE,6
2017,2017,Aug,8/24/2017,LK,OD,Western Sambo Deep,792,792-500-051,1,Juv,SSID,SIDE,3
2017,2017,Aug,8/24/2017,LK,OD,Western Sambo Deep,792,792-500-051,1,Juv,SSID,SIDE,2
2017,2017,Aug,8/24/2017,LK,OD,Western Sambo Deep,792,792-500-051,1,Juv,SMIC,SMIC,26
2017,2017,Aug,8/24/2017,LK,OD,Western Sambo Deep,792,792-500-051,1,Juv,SMIC,SMIC,12
2017,2017,Aug,8/24/2017,LK,OD,Western Sambo Deep,792,792-500-079,1,Juv,SSID,SIDE,17
2017,2017,Aug,8/24/2017,LK,OD,Western Sambo Deep,792,792-500-079,1,Juv,SSID,SIDE,9
2017,2017,Aug,8/24/2017,LK,OD,Western Sambo Deep,792,792-500-079,1,Juv,SSID,SIDE,10
2017,2017,Aug,8/24/2017,LK,OD,Western Sambo Deep,792,792-500-079,1,Juv,SSID,SIDE,9
2017,2017,Aug,8/24/2017,LK,OD,Western Sambo Deep,792,792-500-079,1,Juv,SSID,SIDE,10
2017,2017,Aug,8/24/2017,LK,OD,Western Sambo Deep,792,792-500-079,1,Juv,SSID,SIDE,8
2017,2017,Aug,8/24/2017,LK,OD,Western Sambo Deep,792,792-500-079,1,Juv,SSID,SIDE,16
2017,2017,Aug,8/24/2017,LK,OD,Western Sambo Deep,792,792-500-079,1,Juv,SMIC,SMIC,5
2017,2017,Aug,8/24/2017,LK,OD,Western Sambo Deep,792,792-500-079,1,Juv,SMIC,SMIC,36
2017,2017,Aug,8/24/2017,LK,OD,Western Sambo Deep,792,792-500-079,1,Juv,SMIC,SMIC,9
2017,2017,Aug,8/24/2017,LK,OD,Western Sambo Deep,792,792-500-102,1,Juv,MCAV,MCAV,6
2017,2017,Aug,8/24/2017,LK,OD,Western Sambo Deep,792,792-500-102,1,Juv,MCAV,MCAV,8
2017,2017,Aug,8/24/2017,LK,OD,Western Sambo Deep,792,792-500-102,1,Juv,PAST,PORI,16
2017,2017,Aug,8/24/2017,LK,OD,Western Sambo Deep,792,792-500-102,1,Juv,SSID,SIDE,34
2017,2017,Aug,8/24/2017,LK,OD,Western Sambo Deep,792,792-500-102,1,Juv,SSID,SIDE,23
2017,2017,Aug,8/24/2017,LK,OD,Western Sambo Deep,792,792-500-102,1,Juv,SSID,SIDE,29
2017,2017,Aug,8/24/2017,LK,OD,Western Sambo Deep,792,792-500-102,1,Juv,SSID,SIDE,5
2017,2017,Aug,8/24/2017,LK,OD,Western Sambo Deep,792,792-500-102,1,Juv,SSID,SIDE,10
2017,2017,Aug,8/24/2017,LK,OD,Western Sambo Deep,792,792-500-102,1,Juv,SSID,SIDE,8
2017,2017,Aug,8/24/2017,LK,OD,Western Sambo Deep,792,792-500-102,1,Juv,SSID,SIDE,3
2017,2017,Aug,8/24/2017,LK,OD,Western Sambo Deep,792,792-500-102,1,Juv,SSID,SIDE,8
2017,2017,Aug,8/24/2017,LK,OD,Western Sambo Deep,792,792-500-102,1,Juv,SSID,SIDE,35
2017,2017,Aug,8/24/2017,LK,OD,Western Sambo Deep,792,792-500-102,1,Juv,SSID,SIDE,18
2017,2017,Aug,8/24/2017,LK,OD,Western Sambo Deep,792,792-500-102,1,Juv,SSID,SIDE,18
2017,2017,Aug,8/24/2017,LK,OD,Western Sambo Deep,792,792-500-102,1,Juv,SSID,SIDE,8
2017,2017,Aug,8/24/2017,LK,OD,Western Sambo Deep,792,792-500-102,1,Juv,SSID,SIDE,7
2017,2017,Aug,8/24/2017,LK,OD,Western Sambo Deep,792,792-500-102,1,Juv,SSID,SIDE,6
2017,2017,Aug,8/24/2017,LK,OD,Western Sambo Deep,792,792-500-102,1,Juv,SSID,SIDE,12
2017,2017,Aug,8/24/2017,LK,OD,Western Sambo Deep,792,792-500-190,1,Juv,AAGA,AGAR,17
2017,2017,Aug,8/24/2017,LK,OD,Western Sambo Deep,792,792-500-190,1,Juv,MCAV,MCAV,3
2017,2017,Aug,8/24/2017,LK,OD,Western Sambo Deep,792,792-500-190,1,Juv,PAST,PORI,12
2017,2017,Aug,8/24/2017,LK,OD,Western Sambo Deep,792,792-500-190,1,Juv,SSID,SIDE,29
2017,2017,Aug,8/24/2017,LK,OD,Western Sambo Deep,792,792-500-190,1,Juv,SSID,SIDE,16
2017,2017,Aug,8/24/2017,LK,OD,Western Sambo Deep,792,792-500-190,1,Juv,SSID,SIDE,39
2017,2017,Aug,8/24/2017,LK,OD,Western Sambo Deep,792,792-500-190,1,Juv,SSID,SIDE,30
2017,2017,Aug,8/22/2017,LK,OD,Western Sambo Deep,793,793-100-019,1,Juv,PAST,PORI,7
2017,2017,Aug,8/22/2017,LK,OD,Western Sambo Deep,793,793-100-019,1,Juv,PAST,PORI,6
2017,2017,Aug,8/22/2017,LK,OD,Western Sambo Deep,793,793-100-019,1,Juv,PAST,PORI,10
2017,2017,Aug,8/22/2017,LK,OD,Western Sambo Deep,793,793-100-048,1,Juv,DSTO,DSTO,36
2017,2017,Aug,8/22/2017,LK,OD,Western Sambo Deep,793,793-100-066,0,NA,NA,NA,NA
2017,2017,Aug,8/22/2017,LK,OD,Western Sambo Deep,793,793-100-140,1,Juv,PAST,PORI,34
2017,2017,Aug,8/22/2017,LK,OD,Western Sambo Deep,793,793-100-140,1,Juv,PAST,PORI,11
2017,2017,Aug,8/22/2017,LK,OD,Western Sambo Deep,793,793-100-140,1,Juv,PAST,PORI,9
2017,2017,Aug,8/22/2017,LK,OD,Western Sambo Deep,793,793-100-140,1,Juv,PAST,PORI,13
2017,2017,Aug,8/22/2017,LK,OD,Western Sambo Deep,793,793-100-140,1,Juv,PAST,PORI,39
2017,2017,Aug,8/22/2017,LK,OD,Western Sambo Deep,793,793-100-140,1,Juv,SSID,SIDE,36
2017,2017,Aug,8/22/2017,LK,OD,Western Sambo Deep,793,793-500-078,1,Juv,MCAV,MCAV,15
2017,2017,Aug,8/22/2017,LK,OD,Western Sambo Deep,793,793-500-078,1,Juv,PAST,PORI,6
2017,2017,Aug,8/22/2017,LK,OD,Western Sambo Deep,793,793-500-078,1,Juv,PAST,PORI,5
2017,2017,Aug,8/22/2017,LK,OD,Western Sambo Deep,793,793-500-078,1,Juv,PAST,PORI,14
2017,2017,Aug,8/22/2017,LK,OD,Western Sambo Deep,793,793-500-078,1,Juv,PAST,PORI,26
2017,2017,Aug,8/22/2017,LK,OD,Western Sambo Deep,793,793-500-078,1,Juv,PPOR,PORI,37
2017,2017,Aug,8/22/2017,LK,OD,Western Sambo Deep,793,793-500-078,1,Juv,PPOR,PORI,9
2017,2017,Aug,8/22/2017,LK,OD,Western Sambo Deep,793,793-500-078,1,Juv,PPOR,PORI,4
2017,2017,Aug,8/22/2017,LK,OD,Western Sambo Deep,793,793-500-098,1,Juv,PAST,PORI,22
2017,2017,Aug,8/22/2017,LK,OD,Western Sambo Deep,793,793-500-098,1,Juv,PAST,PORI,6
2017,2017,Aug,8/22/2017,LK,OD,Western Sambo Deep,793,793-500-098,1,Juv,SSID,SIDE,7
2017,2017,Aug,8/22/2017,LK,OD,Western Sambo Deep,793,793-500-098,1,Juv,SMIC,SMIC,35
2017,2017,Aug,8/22/2017,LK,OD,Western Sambo Deep,793,793-500-172,1,Juv,AAGA,AGAR,23
2017,2017,Aug,8/22/2017,LK,OD,Western Sambo Deep,793,793-500-172,1,Juv,PAST,PORI,30
2017,2017,Aug,8/22/2017,LK,OD,Western Sambo Deep,793,793-500-210,1,Juv,AAGA,AGAR,24
2017,2017,Aug,8/22/2017,LK,OD,Western Sambo Deep,793,793-500-210,1,Juv,AAGA,AGAR,8
2017,2017,Aug,8/22/2017,LK,OD,Western Sambo Deep,793,793-500-210,1,Juv,PAST,PORI,29
2017,2017,Aug,8/22/2017,LK,OD,Western Sambo Deep,793,793-500-210,1,Juv,PAST,PORI,6
2017,2017,Aug,8/22/2017,LK,OD,Western Sambo Deep,793,793-500-210,1,Juv,PAST,PORI,8
2017,2017,Aug,8/16/2017,LK,OD,Western Sambo Deep,794,794-100-008,1,Juv,SSID,SIDE,39
2017,2017,Aug,8/16/2017,LK,OD,Western Sambo Deep,794,794-100-008,1,Juv,SSID,SIDE,10
2017,2017,Aug,8/16/2017,LK,OD,Western Sambo Deep,794,794-100-008,1,Juv,SSID,SSID,24
2017,2017,Aug,8/16/2017,LK,OD,Western Sambo Deep,794,794-100-061,1,Juv,PAST,PORI,20
2017,2017,Aug,8/16/2017,LK,OD,Western Sambo Deep,794,794-100-061,1,Juv,SSID,SIDE,10
2017,2017,Aug,8/16/2017,LK,OD,Western Sambo Deep,794,794-100-061,1,Juv,SSID,SIDE,31
2017,2017,Aug,8/22/2017,LK,OD,Western Sambo Deep,794,794-100-156,1,Juv,MMIR,MADR,20
2017,2017,Aug,8/22/2017,LK,OD,Western Sambo Deep,794,794-100-156,1,Juv,MMIR,MADR,5
2017,2017,Aug,8/22/2017,LK,OD,Western Sambo Deep,794,794-100-156,1,Juv,PAST,PORI,2
2017,2017,Aug,8/22/2017,LK,OD,Western Sambo Deep,794,794-100-156,1,Juv,SSID,SIDE,5
2017,2017,Aug,8/22/2017,LK,OD,Western Sambo Deep,794,794-100-156,1,Juv,SSID,SIDE,20
2017,2017,Aug,8/22/2017,LK,OD,Western Sambo Deep,794,794-100-199,1,Juv,SSID,SIDE,36
2017,2017,Aug,8/22/2017,LK,OD,Western Sambo Deep,794,794-500-058,1,Juv,AAGA,AGAR,10
2017,2017,Aug,8/22/2017,LK,OD,Western Sambo Deep,794,794-500-058,1,Juv,AAGA,AGAR,25
2017,2017,Aug,8/22/2017,LK,OD,Western Sambo Deep,794,794-500-058,1,Juv,AFRA,AGAR,20
2017,2017,Aug,8/22/2017,LK,OD,Western Sambo Deep,794,794-500-058,1,Juv,AGAR,AGAR,4
2017,2017,Aug,8/22/2017,LK,OD,Western Sambo Deep,794,794-500-058,1,Juv,PAST,PORI,25
2017,2017,Aug,8/22/2017,LK,OD,Western Sambo Deep,794,794-500-058,1,Juv,PAST,PORI,36
2017,2017,Aug,8/22/2017,LK,OD,Western Sambo Deep,794,794-500-058,1,Juv,SRAD,SIDE,11
2017,2017,Aug,8/22/2017,LK,OD,Western Sambo Deep,794,794-500-058,1,Juv,SSID,SIDE,9
2017,2017,Aug,8/22/2017,LK,OD,Western Sambo Deep,794,794-500-058,1,Juv,SSID,SIDE,25
2017,2017,Aug,8/22/2017,LK,OD,Western Sambo Deep,794,794-500-122,1,Juv,AAGA,AGAR,21
2017,2017,Aug,8/22/2017,LK,OD,Western Sambo Deep,794,794-500-122,1,Juv,SSID,SIDE,13
2017,2017,Aug,8/22/2017,LK,OD,Western Sambo Deep,794,794-500-122,1,Juv,SSID,SIDE,16
2017,2017,Aug,8/22/2017,LK,OD,Western Sambo Deep,794,794-500-122,1,Juv,SSID,SIDE,21
2017,2017,Aug,8/22/2017,LK,OD,Western Sambo Deep,794,794-500-122,1,Juv,SSID,SIDE,18
2017,2017,Aug,8/22/2017,LK,OD,Western Sambo Deep,794,794-500-122,1,Juv,SSID,SIDE,28
2017,2017,Aug,8/22/2017,LK,OD,Western Sambo Deep,794,794-500-122,1,Juv,SSID,SIDE,12
2017,2017,Aug,8/22/2017,LK,OD,Western Sambo Deep,794,794-500-122,1,Juv,SSID,SIDE,20
2017,2017,Aug,8/22/2017,LK,OD,Western Sambo Deep,794,794-500-122,1,Juv,SSID,SIDE,8
2017,2017,Aug,8/22/2017,LK,OD,Western Sambo Deep,794,794-500-136,1,Juv,PAST,PORI,12
2017,2017,Aug,8/22/2017,LK,OD,Western Sambo Deep,794,794-500-136,1,Juv,PAST,PORI,3
2017,2017,Aug,8/22/2017,LK,OD,Western Sambo Deep,794,794-500-136,1,Juv,SRAD,SIDE,16
2017,2017,Aug,8/22/2017,LK,OD,Western Sambo Deep,794,794-500-136,1,Juv,SSID,SIDE,1
2017,2017,Aug,8/22/2017,LK,OD,Western Sambo Deep,794,794-500-136,1,Juv,SSID,SIDE,2
2017,2017,Aug,8/22/2017,LK,OD,Western Sambo Deep,794,794-500-136,1,Juv,SSID,SIDE,3
2017,2017,Aug,8/22/2017,LK,OD,Western Sambo Deep,794,794-500-136,1,Juv,SSID,SIDE,12
2017,2017,Aug,8/22/2017,LK,OD,Western Sambo Deep,794,794-500-136,1,Juv,SSID,SIDE,35
2017,2017,Aug,8/22/2017,LK,OD,Western Sambo Deep,794,794-500-136,1,Juv,SSID,SIDE,1
2017,2017,Aug,8/22/2017,LK,OD,Western Sambo Deep,794,794-500-136,1,Juv,SSID,SIDE,16
2017,2017,Aug,8/22/2017,LK,OD,Western Sambo Deep,794,794-500-136,1,Juv,SSID,SIDE,5
2017,2017,Aug,8/22/2017,LK,OD,Western Sambo Deep,794,794-500-199,1,Juv,PAST,PORI,5
2017,2017,Aug,8/22/2017,LK,OD,Western Sambo Deep,794,794-500-199,1,Juv,PAST,PORI,8
2017,2017,Aug,8/22/2017,LK,OD,Western Sambo Deep,794,794-500-199,1,Juv,PPOR,PORI,23
2017,2017,Aug,8/22/2017,LK,OD,Western Sambo Deep,794,794-500-199,1,Juv,SSID,SIDE,30
2017,2017,Aug,8/22/2017,LK,OD,Western Sambo Deep,794,794-500-199,1,Juv,SSID,SIDE,34
2017,2017,Aug,8/22/2017,LK,OD,Western Sambo Deep,794,794-500-199,1,Juv,SSID,SIDE,2
2017,2017,Aug,8/22/2017,LK,OD,Western Sambo Deep,794,794-500-199,1,Juv,SSID,SIDE,6
2017,2017,Aug,8/22/2017,LK,OD,Western Sambo Deep,794,794-500-199,1,Juv,SSID,SIDE,4
2017,2017,Aug,8/22/2017,LK,OD,Western Sambo Deep,794,794-500-199,1,Juv,SSID,SIDE,20
2017,2017,Aug,8/22/2017,LK,OD,Western Sambo Deep,794,794-500-199,1,Juv,SSID,SIDE,11
2017,2017,Aug,8/19/2017,LK,OD,Sand Key Deep,811,811-100-019,1,Juv,PAST,PORI,18
2017,2017,Aug,8/19/2017,LK,OD,Sand Key Deep,811,811-100-019,1,Iso,SSID,SIDE,5
2017,2017,Aug,8/19/2017,LK,OD,Sand Key Deep,811,811-100-019,1,Juv,SSID,SIDE,11
2017,2017,Aug,8/19/2017,LK,OD,Sand Key Deep,811,811-100-019,1,Juv,SSID,SIDE,10
2017,2017,Aug,8/19/2017,LK,OD,Sand Key Deep,811,811-100-019,1,Juv,SSID,SIDE,25
2017,2017,Aug,8/19/2017,LK,OD,Sand Key Deep,811,811-100-019,1,Juv,SSID,SIDE,5
2017,2017,Aug,8/19/2017,LK,OD,Sand Key Deep,811,811-100-019,1,Juv,SSID,SIDE,5
2017,2017,Aug,8/19/2017,LK,OD,Sand Key Deep,811,811-100-019,1,Juv,SSID,SIDE,4
2017,2017,Aug,8/19/2017,LK,OD,Sand Key Deep,811,811-100-103,1,Juv,MCAV,MCAV,11
2017,2017,Aug,8/19/2017,LK,OD,Sand Key Deep,811,811-100-103,1,Juv,PAST,PORI,20
2017,2017,Aug,8/19/2017,LK,OD,Sand Key Deep,811,811-100-103,1,Juv,SSID,SIDE,27
2017,2017,Aug,8/19/2017,LK,OD,Sand Key Deep,811,811-100-103,1,Juv,SSID,SIDE,5
2017,2017,Aug,8/19/2017,LK,OD,Sand Key Deep,811,811-100-119,1,Juv,DSTO,DSTO,15
2017,2017,Aug,8/19/2017,LK,OD,Sand Key Deep,811,811-100-119,1,Juv,MCAV,MCAV,6
2017,2017,Aug,8/19/2017,LK,OD,Sand Key Deep,811,811-100-119,1,Juv,SSID,SIDE,7
2017,2017,Aug,8/19/2017,LK,OD,Sand Key Deep,811,811-100-119,1,Juv,SSID,SIDE,26
2017,2017,Aug,8/19/2017,LK,OD,Sand Key Deep,811,811-100-119,1,Juv,SSID,SIDE,7
2017,2017,Aug,8/19/2017,LK,OD,Sand Key Deep,811,811-100-197,1,Juv,MARE,MARE,30
2017,2017,Aug,8/19/2017,LK,OD,Sand Key Deep,811,811-100-197,1,Juv,SSID,SIDE,30
2017,2017,Aug,8/19/2017,LK,OD,Sand Key Deep,811,811-100-197,1,Juv,SSID,SIDE,35
2017,2017,Aug,8/19/2017,LK,OD,Sand Key Deep,811,811-100-197,1,Juv,SSID,SIDE,34
2017,2017,Aug,8/19/2017,LK,OD,Sand Key Deep,811,811-500-074,1,Juv,PAST,PORI,37
2017,2017,Aug,8/19/2017,LK,OD,Sand Key Deep,811,811-500-074,1,Juv,PAST,PORI,5
2017,2017,Aug,8/19/2017,LK,OD,Sand Key Deep,811,811-500-074,1,Juv,SIDE,SIDE,1
2017,2017,Aug,8/19/2017,LK,OD,Sand Key Deep,811,811-500-074,1,Juv,SSID,SIDE,10
2017,2017,Aug,8/19/2017,LK,OD,Sand Key Deep,811,811-500-074,1,Juv,SSID,SIDE,6
2017,2017,Aug,8/19/2017,LK,OD,Sand Key Deep,811,811-500-074,1,Juv,UNKS,UNKS,1
2017,2017,Aug,8/19/2017,LK,OD,Sand Key Deep,811,811-500-074,1,Juv,UNKS,UNKS,4
2017,2017,Aug,8/19/2017,LK,OD,Sand Key Deep,811,811-500-114,1,Juv,MCAV,MCAV,38
2017,2017,Aug,8/19/2017,LK,OD,Sand Key Deep,811,811-500-114,1,Juv,SSID,SIDE,33
2017,2017,Aug,8/19/2017,LK,OD,Sand Key Deep,811,811-500-155,0,NA,NA,NA,NA
2017,2017,Aug,8/19/2017,LK,OD,Sand Key Deep,811,811-500-197,1,Juv,PAST,PORI,30
2017,2017,Aug,8/19/2017,LK,OD,Sand Key Deep,811,811-500-197,1,Juv,PAST,PORI,5
2017,2017,Aug,8/19/2017,LK,OD,Sand Key Deep,811,811-500-197,1,Iso,SSID,SIDE,1
2017,2017,Aug,8/19/2017,LK,OD,Sand Key Deep,811,811-500-197,1,Iso,SSID,SIDE,10
2017,2017,Aug,8/19/2017,LK,OD,Sand Key Deep,811,811-500-197,1,Juv,SSID,SIDE,33
2017,2017,Aug,8/19/2017,LK,OD,Sand Key Deep,811,811-500-197,1,Juv,SSID,SIDE,6
2017,2017,Aug,8/19/2017,LK,OD,Sand Key Deep,811,811-500-197,1,Juv,SMIC,SMIC,34
2017,2017,Aug,8/19/2017,LK,OD,Sand Key Deep,812,812-100-018,1,Juv,MCAV,MCAV,13
2017,2017,Aug,8/19/2017,LK,OD,Sand Key Deep,812,812-100-018,1,Juv,PAST,PORI,25
2017,2017,Aug,8/19/2017,LK,OD,Sand Key Deep,812,812-100-041,1,Iso,SSID,SIDE,22
2017,2017,Aug,8/19/2017,LK,OD,Sand Key Deep,812,812-100-112,1,Juv,AAGA,AGAR,10
2017,2017,Aug,8/19/2017,LK,OD,Sand Key Deep,812,812-100-112,1,Juv,MCAV,MCAV,16
2017,2017,Aug,8/19/2017,LK,OD,Sand Key Deep,812,812-100-112,1,Juv,SSID,SIDE,3
2017,2017,Aug,8/19/2017,LK,OD,Sand Key Deep,812,812-100-112,1,Juv,SSID,SIDE,8
2017,2017,Aug,8/19/2017,LK,OD,Sand Key Deep,812,812-100-168,1,Juv,MCAV,MCAV,18
2017,2017,Aug,8/19/2017,LK,OD,Sand Key Deep,812,812-100-168,1,Juv,PAST,PORI,15
2017,2017,Aug,8/19/2017,LK,OD,Sand Key Deep,812,812-100-168,1,Iso,PPOR,PORI,31
2017,2017,Aug,8/19/2017,LK,OD,Sand Key Deep,812,812-100-168,1,Iso,PPOR,PORI,28
2017,2017,Aug,8/19/2017,LK,OD,Sand Key Deep,812,812-100-168,1,Iso,PPOR,PORI,18
2017,2017,Aug,8/19/2017,LK,OD,Sand Key Deep,812,812-100-168,1,Iso,PPOR,PORI,14
2017,2017,Aug,8/19/2017,LK,OD,Sand Key Deep,812,812-100-168,1,Juv,SRAD,SIDE,34
2017,2017,Aug,8/19/2017,LK,OD,Sand Key Deep,812,812-100-168,1,Juv,SSID,SIDE,37
2017,2017,Aug,8/19/2017,LK,OD,Sand Key Deep,812,812-100-168,1,Juv,SSID,SIDE,24
2017,2017,Aug,8/19/2017,LK,OD,Sand Key Deep,812,812-100-168,1,Juv,SSID,SIDE,11
2017,2017,Aug,8/19/2017,LK,OD,Sand Key Deep,812,812-100-168,1,Juv,SSID,SIDE,8
2017,2017,Aug,8/19/2017,LK,OD,Sand Key Deep,812,812-100-168,1,Juv,SSID,SIDE,4
2017,2017,Aug,8/19/2017,LK,OD,Sand Key Deep,812,812-500-029,1,Juv,EFAS,EFAS,6
2017,2017,Aug,8/19/2017,LK,OD,Sand Key Deep,812,812-500-029,1,Juv,SSID,SIDE,6
2017,2017,Aug,8/19/2017,LK,OD,Sand Key Deep,812,812-500-132,1,Juv,SRAD,SIDE,15
2017,2017,Aug,8/19/2017,LK,OD,Sand Key Deep,812,812-500-132,1,Juv,SSID,SIDE,14
2017,2017,Aug,8/19/2017,LK,OD,Sand Key Deep,812,812-500-132,1,Juv,SSID,SIDE,35
2017,2017,Aug,8/19/2017,LK,OD,Sand Key Deep,812,812-500-132,1,Juv,SSID,SIDE,3
2017,2017,Aug,8/19/2017,LK,OD,Sand Key Deep,812,812-500-180,1,Juv,SSID,SIDE,4
2017,2017,Aug,8/19/2017,LK,OD,Sand Key Deep,812,812-500-180,1,Juv,SMIC,SMIC,7
2017,2017,Aug,8/19/2017,LK,OD,Sand Key Deep,812,812-500-212,1,Juv,PAST,PORI,34
2017,2017,Aug,8/19/2017,LK,OD,Sand Key Deep,812,812-500-212,1,Juv,PAST,PORI,33
2017,2017,Aug,8/19/2017,LK,OD,Sand Key Deep,812,812-500-212,1,Juv,SSID,SIDE,25
2017,2017,Aug,8/19/2017,LK,OD,Sand Key Deep,812,812-500-212,1,Juv,SSID,SIDE,28
2017,2017,Aug,8/19/2017,LK,OD,Sand Key Deep,813,813-100-030,1,Juv,UNKS,UNKS,3
2017,2017,Aug,8/19/2017,LK,OD,Sand Key Deep,813,813-100-030,1,Juv,SRAD,SIDE,39
2017,2017,Aug,8/19/2017,LK,OD,Sand Key Deep,813,813-100-030,1,Juv,SRAD,SIDE,20
2017,2017,Aug,8/19/2017,LK,OD,Sand Key Deep,813,813-100-030,1,Juv,SSID,SIDE,23
2017,2017,Aug,8/19/2017,LK,OD,Sand Key Deep,813,813-100-030,1,Juv,SSID,SIDE,11
2017,2017,Aug,8/19/2017,LK,OD,Sand Key Deep,813,813-100-030,1,Juv,SSID,SIDE,10
2017,2017,Aug,8/19/2017,LK,OD,Sand Key Deep,813,813-100-030,1,Juv,SSID,SIDE,27
2017,2017,Aug,8/19/2017,LK,OD,Sand Key Deep,813,813-100-030,1,Juv,SMIC,SMIC,27
2017,2017,Aug,8/19/2017,LK,OD,Sand Key Deep,813,813-100-030,1,Juv,SMIC,SMIC,11
2017,2017,Aug,8/19/2017,LK,OD,Sand Key Deep,813,813-100-063,1,Juv,PPOR,PORI,38
2017,2017,Aug,8/19/2017,LK,OD,Sand Key Deep,813,813-100-063,1,Juv,SSID,SIDE,23
2017,2017,Aug,8/19/2017,LK,OD,Sand Key Deep,813,813-100-132,1,Juv,PAST,PORI,16
2017,2017,Aug,8/19/2017,LK,OD,Sand Key Deep,813,813-100-132,1,Juv,PAST,PORI,17
2017,2017,Aug,8/19/2017,LK,OD,Sand Key Deep,813,813-100-132,1,Juv,SRAD,SIDE,39
2017,2017,Aug,8/19/2017,LK,OD,Sand Key Deep,813,813-100-132,1,Juv,SRAD,SIDE,15
2017,2017,Aug,8/19/2017,LK,OD,Sand Key Deep,813,813-100-169,1,Juv,DSTO,DSTO,28
2017,2017,Aug,8/19/2017,LK,OD,Sand Key Deep,813,813-100-169,1,Juv,PAST,PORI,32
2017,2017,Aug,8/19/2017,LK,OD,Sand Key Deep,813,813-100-169,1,Juv,SRAD,SIDE,25
2017,2017,Aug,8/19/2017,LK,OD,Sand Key Deep,813,813-100-169,1,Juv,SRAD,SIDE,13
2017,2017,Aug,8/19/2017,LK,OD,Sand Key Deep,813,813-100-169,1,Juv,SSID,SIDE,7
2017,2017,Aug,8/19/2017,LK,OD,Sand Key Deep,813,813-500-041,1,Juv,DLAB,DIPL,19
2017,2017,Aug,8/19/2017,LK,OD,Sand Key Deep,813,813-500-041,1,Juv,PAST,PORI,24
2017,2017,Aug,8/19/2017,LK,OD,Sand Key Deep,813,813-500-085,1,Juv,AAGA,AGAR,9
2017,2017,Aug,8/19/2017,LK,OD,Sand Key Deep,813,813-500-085,1,Juv,PAST,PORI,13
2017,2017,Aug,8/19/2017,LK,OD,Sand Key Deep,813,813-500-085,1,Iso,PPOR,PORI,28
2017,2017,Aug,8/19/2017,LK,OD,Sand Key Deep,813,813-500-156,1,Juv,PAST,PORI,23
2017,2017,Aug,8/19/2017,LK,OD,Sand Key Deep,813,813-500-156,1,Juv,PAST,PORI,23
2017,2017,Aug,8/19/2017,LK,OD,Sand Key Deep,813,813-500-156,1,Juv,SSID,SIDE,16
2017,2017,Aug,8/19/2017,LK,OD,Sand Key Deep,813,813-500-218,0,NA,NA,NA,NA
2017,2017,Aug,8/19/2017,LK,OD,Sand Key Deep,814,814-100-016,1,Juv,DSTO,DSTO,29
2017,2017,Aug,8/19/2017,LK,OD,Sand Key Deep,814,814-100-016,1,Juv,SSID,SIDE,26
2017,2017,Aug,8/19/2017,LK,OD,Sand Key Deep,814,814-100-044,1,Juv,PAST,PORI,20
2017,2017,Aug,8/19/2017,LK,OD,Sand Key Deep,814,814-100-044,1,Juv,SRAD,SIDE,34
2017,2017,Aug,8/19/2017,LK,OD,Sand Key Deep,814,814-100-044,1,Juv,SSID,SIDE,30
2017,2017,Aug,8/19/2017,LK,OD,Sand Key Deep,814,814-100-044,1,Juv,SSID,SIDE,28
2017,2017,Aug,8/19/2017,LK,OD,Sand Key Deep,814,814-100-099,0,NA,NA,NA,NA
2017,2017,Aug,8/19/2017,LK,OD,Sand Key Deep,814,814-100-178,1,Juv,SMIC,SMIC,32
2017,2017,Aug,8/19/2017,LK,OD,Sand Key Deep,814,814-500-027,1,Juv,MCAV,MCAV,9
2017,2017,Aug,8/19/2017,LK,OD,Sand Key Deep,814,814-500-027,1,Juv,PPOR,PORI,15
2017,2017,Aug,8/19/2017,LK,OD,Sand Key Deep,814,814-500-027,1,Juv,SSID,SIDE,15
2017,2017,Aug,8/19/2017,LK,OD,Sand Key Deep,814,814-500-027,1,Juv,SSID,SIDE,17
2017,2017,Aug,8/19/2017,LK,OD,Sand Key Deep,814,814-500-027,1,Juv,SSID,SIDE,32
2017,2017,Aug,8/19/2017,LK,OD,Sand Key Deep,814,814-500-027,1,Juv,SSID,SIDE,12
2017,2017,Aug,8/19/2017,LK,OD,Sand Key Deep,814,814-500-027,1,Juv,SSID,SIDE,34
2017,2017,Aug,8/19/2017,LK,OD,Sand Key Deep,814,814-500-054,1,Juv,AAGA,AGAR,6
2017,2017,Aug,8/19/2017,LK,OD,Sand Key Deep,814,814-500-117,1,Juv,MARE,MARE,19
2017,2017,Aug,8/19/2017,LK,OD,Sand Key Deep,814,814-500-117,1,Juv,MCAV,MCAV,24
2017,2017,Aug,8/19/2017,LK,OD,Sand Key Deep,814,814-500-117,1,Juv,PAST,PORI,29
2017,2017,Aug,8/19/2017,LK,OD,Sand Key Deep,814,814-500-117,1,Juv,SSID,SIDE,14
2017,2017,Aug,8/19/2017,LK,OD,Sand Key Deep,814,814-500-178,0,NA,NA,NA,NA
2017,2017,Sept,9/26/2017,SEFL,Nearshore,BC1,BC11,BC11-100-035,0,NA,NA,NA,NA
2017,2017,Sept,9/26/2017,SEFL,Nearshore,BC1,BC11,BC11-100-044,1,Juv,SSID,SIDE,11
2017,2017,Sept,9/26/2017,SEFL,Nearshore,BC1,BC11,BC11-100-044,1,Juv,SSID,SIDE,14
2017,2017,Sept,9/26/2017,SEFL,Nearshore,BC1,BC11,BC11-100-044,1,Juv,SSID,SIDE,8
2017,2017,Sept,9/26/2017,SEFL,Nearshore,BC1,BC11,BC11-100-044,1,Juv,SSID,SIDE,11
2017,2017,Sept,9/26/2017,SEFL,Nearshore,BC1,BC11,BC11-100-096,1,Juv,SSID,SIDE,13
2017,2017,Sept,9/26/2017,SEFL,Nearshore,BC1,BC11,BC11-100-096,1,Juv,SSID,SIDE,13
2017,2017,Sept,9/26/2017,SEFL,Nearshore,BC1,BC11,BC11-100-096,1,Juv,SSID,SIDE,6
2017,2017,Sept,9/26/2017,SEFL,Nearshore,BC1,BC11,BC11-100-096,1,Juv,SSID,SIDE,5
2017,2017,Sept,9/26/2017,SEFL,Nearshore,BC1,BC11,BC11-500-008,1,Juv,DIPL,DIPL,14
2017,2017,Sept,9/26/2017,SEFL,Nearshore,BC1,BC11,BC11-500-008,1,Juv,SSID,SIDE,4
2017,2017,Sept,9/26/2017,SEFL,Nearshore,BC1,BC11,BC11-500-018,0,NA,NA,NA,NA
2017,2017,Sept,9/26/2017,SEFL,Nearshore,BC1,BC11,BC11-500-049,0,NA,NA,NA,NA
2017,2017,Sept,9/26/2017,SEFL,Nearshore,BC1,BC11,BC11-500-090,0,NA,NA,NA,NA
2017,2017,Sept,9/26/2017,SEFL,Nearshore,BC1,BC12,BC12-100-043,1,Juv,MCAV,MCAV,8
2017,2017,Sept,9/26/2017,SEFL,Nearshore,BC1,BC12,BC12-100-043,1,Juv,SSID,SIDE,7
2017,2017,Sept,9/26/2017,SEFL,Nearshore,BC1,BC12,BC12-100-043,1,Juv,SSID,SIDE,8
2017,2017,Sept,9/26/2017,SEFL,Nearshore,BC1,BC12,BC12-100-043,1,Juv,SSID,SIDE,3
2017,2017,Sept,9/26/2017,SEFL,Nearshore,BC1,BC12,BC12-100-043,1,Juv,SSID,SIDE,15
2017,2017,Sept,9/26/2017,SEFL,Nearshore,BC1,BC12,BC12-100-043,1,Juv,SSID,SIDE,6
2017,2017,Sept,9/26/2017,SEFL,Nearshore,BC1,BC12,BC12-100-043,1,Juv,SSID,SIDE,21
2017,2017,Sept,9/26/2017,SEFL,Nearshore,BC1,BC12,BC12-100-053,0,NA,NA,NA,NA
2017,2017,Sept,9/26/2017,SEFL,Nearshore,BC1,BC12,BC12-100-142,1,Juv,SSID,SIDE,4
2017,2017,Sept,9/26/2017,SEFL,Nearshore,BC1,BC12,BC12-100-221,1,Juv,PAST,PORI,4
2017,2017,Sept,9/26/2017,SEFL,Nearshore,BC1,BC12,BC12-100-221,1,Juv,PAST,PORI,16
2017,2017,Sept,9/26/2017,SEFL,Nearshore,BC1,BC12,BC12-100-221,1,Juv,SSID,SIDE,3
2017,2017,Sept,9/26/2017,SEFL,Nearshore,BC1,BC12,BC12-500-014,0,NA,NA,NA,NA
2017,2017,Sept,9/26/2017,SEFL,Nearshore,BC1,BC12,BC12-500-043,0,NA,NA,NA,NA
2017,2017,Sept,9/26/2017,SEFL,Nearshore,BC1,BC12,BC12-500-129,1,Juv,PAST,PORI,2
2017,2017,Sept,9/26/2017,SEFL,Nearshore,BC1,BC12,BC12-500-171,1,Juv,SSID,SIDE,2
2017,2017,Sept,9/26/2017,SEFL,Nearshore,BC1,BC13,BC13-100-090,1,Juv,MCAV,MCAV,4
2017,2017,Sept,9/26/2017,SEFL,Nearshore,BC1,BC13,BC13-100-151,1,Juv,SSID,SIDE,5
2017,2017,Sept,9/26/2017,SEFL,Nearshore,BC1,BC13,BC13-100-151,1,Juv,SSID,SIDE,4
2017,2017,Sept,9/26/2017,SEFL,Nearshore,BC1,BC13,BC13-100-151,1,Juv,SSID,SIDE,3
2017,2017,Sept,9/26/2017,SEFL,Nearshore,BC1,BC13,BC13-100-187,1,Juv,PAST,PORI,35
2017,2017,Sept,9/26/2017,SEFL,Nearshore,BC1,BC13,BC13-100-208,0,NA,NA,NA,NA
2017,2017,Sept,9/26/2017,SEFL,Nearshore,BC1,BC13,BC13-500-040,0,NA,NA,NA,NA
2017,2017,Sept,9/26/2017,SEFL,Nearshore,BC1,BC13,BC13-500-089,1,Juv,SSID,SIDE,2
2017,2017,Sept,9/26/2017,SEFL,Nearshore,BC1,BC13,BC13-500-089,1,Juv,SMIC,SMIC,11
2017,2017,Sept,9/26/2017,SEFL,Nearshore,BC1,BC13,BC13-500-162,1,Juv,MCAV,MCAV,7
2017,2017,Sept,9/26/2017,SEFL,Nearshore,BC1,BC13,BC13-500-198,1,Juv,SSID,SIDE,3
2017,2017,Sept,9/26/2017,SEFL,Nearshore,BC1,BC14,BC14-100-049,0,NA,NA,NA,NA
2017,2017,Sept,9/26/2017,SEFL,Nearshore,BC1,BC14,BC14-100-081,0,NA,NA,NA,NA
2017,2017,Sept,9/26/2017,SEFL,Nearshore,BC1,BC14,BC14-100-185,0,NA,NA,NA,NA
2017,2017,Sept,9/26/2017,SEFL,Nearshore,BC1,BC14,BC14-100-209,1,Juv,SSID,SIDE,5
2017,2017,Sept,9/26/2017,SEFL,Nearshore,BC1,BC14,BC14-100-209,1,Juv,SSID,SIDE,8
2017,2017,Sept,9/26/2017,SEFL,Nearshore,BC1,BC14,BC14-100-209,1,Juv,SSID,SIDE,3
2017,2017,Sept,9/26/2017,SEFL,Nearshore,BC1,BC14,BC14-500-026,1,Uns,PAST,PORI,8
2017,2017,Sept,9/26/2017,SEFL,Nearshore,BC1,BC14,BC14-500-026,1,Uns,PAST,PORI,7
2017,2017,Sept,9/26/2017,SEFL,Nearshore,BC1,BC14,BC14-500-026,1,Juv,UNKS,UNKS,2
2017,2017,Sept,9/26/2017,SEFL,Nearshore,BC1,BC14,BC14-500-082,1,Juv,SSID,SIDE,18
2017,2017,Sept,9/26/2017,SEFL,Nearshore,BC1,BC14,BC14-500-104,0,NA,NA,NA,NA
2017,2017,Sept,9/26/2017,SEFL,Nearshore,BC1,BC14,BC14-500-155,0,NA,NA,NA,NA
2017,2017,Sept,9/29/2017,SEFL,Middle,BC2,BC21,BC21-100-015,1,Iso,PAST,PORI,38
2017,2017,Sept,9/29/2017,SEFL,Middle,BC2,BC21,BC21-100-070,1,Juv,MCAV,MCAV,12
2017,2017,Sept,9/29/2017,SEFL,Middle,BC2,BC21,BC21-100-088,1,Juv,MCAV,MCAV,18
2017,2017,Sept,9/29/2017,SEFL,Middle,BC2,BC21,BC21-100-088,1,Juv,MCAV,MCAV,5
2017,2017,Sept,9/29/2017,SEFL,Middle,BC2,BC21,BC21-100-088,1,Juv,PAST,PORI,9
2017,2017,Sept,9/29/2017,SEFL,Middle,BC2,BC21,BC21-100-151,1,Juv,SSID,SIDE,19
2017,2017,Sept,9/29/2017,SEFL,Middle,BC2,BC21,BC21-500-028,1,Juv,MCAV,MCAV,32
2017,2017,Sept,9/29/2017,SEFL,Middle,BC2,BC21,BC21-500-028,1,Juv,SSID,SIDE,15
2017,2017,Sept,9/29/2017,SEFL,Middle,BC2,BC21,BC21-500-028,1,Juv,SSID,SIDE,27
2017,2017,Sept,9/29/2017,SEFL,Middle,BC2,BC21,BC21-500-074,0,NA,NA,NA,NA
2017,2017,Sept,9/29/2017,SEFL,Middle,BC2,BC21,BC21-500-174,0,NA,NA,NA,NA
2017,2017,Sept,9/29/2017,SEFL,Middle,BC2,BC21,BC21-500-206,1,Juv,MCAV,MCAV,36
2017,2017,Sept,9/29/2017,SEFL,Middle,BC2,BC21,BC21-500-206,1,Juv,SSID,SIDE,26
2017,2017,Sept,9/29/2017,SEFL,Middle,BC2,BC22,BC22-100-034,0,NA,NA,NA,NA
2017,2017,Sept,9/29/2017,SEFL,Middle,BC2,BC22,BC22-100-064,0,NA,NA,NA,NA
2017,2017,Sept,9/29/2017,SEFL,Middle,BC2,BC22,BC22-100-137,0,NA,NA,NA,NA
2017,2017,Sept,9/29/2017,SEFL,Middle,BC2,BC22,BC22-100-188,1,Juv,MCAV,MCAV,19
2017,2017,Sept,9/29/2017,SEFL,Middle,BC2,BC22,BC22-100-188,1,Juv,SMIC,SMIC,12
2017,2017,Sept,9/29/2017,SEFL,Middle,BC2,BC22,BC22-500-041,1,Juv,MCAV,MCAV,24
2017,2017,Sept,9/29/2017,SEFL,Middle,BC2,BC22,BC22-500-041,1,Juv,PAST,PORI,8
2017,2017,Sept,9/29/2017,SEFL,Middle,BC2,BC22,BC22-500-111,1,Juv,PAST,PORI,4
2017,2017,Sept,9/29/2017,SEFL,Middle,BC2,BC22,BC22-500-135,0,NA,NA,NA,NA
2017,2017,Sept,9/29/2017,SEFL,Middle,BC2,BC22,BC22-500-193,1,Juv,PAST,PORI,5
2017,2017,Sept,9/29/2017,SEFL,Middle,BC2,BC23,BC23-100-060,1,Juv,MCAV,MCAV,5
2017,2017,Sept,9/29/2017,SEFL,Middle,BC2,BC23,BC23-100-060,1,Juv,PAST,PORI,10
2017,2017,Sept,9/29/2017,SEFL,Middle,BC2,BC23,BC23-100-060,1,Juv,SSID,SIDE,20
2017,2017,Sept,9/29/2017,SEFL,Middle,BC2,BC23,BC23-100-126,0,NA,NA,NA,NA
2017,2017,Sept,9/29/2017,SEFL,Middle,BC2,BC23,BC23-100-165,0,NA,NA,NA,NA
2017,2017,Sept,9/29/2017,SEFL,Middle,BC2,BC23,BC23-100-202,1,Juv,PAST,PORI,4
2017,2017,Sept,9/29/2017,SEFL,Middle,BC2,BC23,BC23-100-202,1,Juv,DIPL,DIPL,13
2017,2017,Sept,9/29/2017,SEFL,Middle,BC2,BC23,BC23-500-012,0,NA,NA,NA,NA
2017,2017,Sept,9/29/2017,SEFL,Middle,BC2,BC23,BC23-500-104,1,Juv,PAST,PORI,1
2017,2017,Sept,9/29/2017,SEFL,Middle,BC2,BC23,BC23-500-104,1,Juv,PAST,PORI,4
2017,2017,Sept,9/29/2017,SEFL,Middle,BC2,BC23,BC23-500-104,1,Juv,PAST,PORI,7
2017,2017,Sept,9/29/2017,SEFL,Middle,BC2,BC23,BC23-500-104,1,Juv,PAST,PORI,3
2017,2017,Sept,9/29/2017,SEFL,Middle,BC2,BC23,BC23-500-104,1,Juv,SSID,SIDE,5
2017,2017,Sept,9/29/2017,SEFL,Middle,BC2,BC23,BC23-500-104,1,Juv,SSID,SIDE,32
2017,2017,Sept,9/29/2017,SEFL,Middle,BC2,BC23,BC23-500-104,1,Juv,SSID,SIDE,10
2017,2017,Sept,9/29/2017,SEFL,Middle,BC2,BC23,BC23-500-104,1,Juv,MCAV,MCAV,2
2017,2017,Sept,9/29/2017,SEFL,Middle,BC2,BC23,BC23-500-167,1,Juv,MCAV,MCAV,34
2017,2017,Sept,9/29/2017,SEFL,Middle,BC2,BC23,BC23-500-206,0,NA,NA,NA,NA
2017,2017,Sept,9/29/2017,SEFL,Middle,BC2,BC24,BC24-100-024,1,Juv,MCAV,MCAV,4
2017,2017,Sept,9/29/2017,SEFL,Middle,BC2,BC24,BC24-100-090,1,Juv,PAST,PORI,4
2017,2017,Sept,9/29/2017,SEFL,Middle,BC2,BC24,BC24-100-119,0,NA,NA,NA,NA
2017,2017,Sept,9/29/2017,SEFL,Middle,BC2,BC24,BC24-100-207,0,NA,NA,NA,NA
2017,2017,Sept,9/29/2017,SEFL,Middle,BC2,BC24,BC24-500-017,0,NA,NA,NA,NA
2017,2017,Sept,9/29/2017,SEFL,Middle,BC2,BC24,BC24-500-070,0,NA,NA,NA,NA
2017,2017,Sept,9/29/2017,SEFL,Middle,BC2,BC24,BC24-500-136,1,Juv,SMIC,SMIC,20
2017,2017,Sept,9/29/2017,SEFL,Middle,BC2,BC24,BC24-500-168,1,Juv,SMIC,SMIC,10
2017,2017,Oct,10/31/2017,SEFL,Outer,BC3,BC31,BC31-100-015,1,Iso,SSID,SIDE,32
2017,2017,Oct,10/31/2017,SEFL,Outer,BC3,BC31,BC31-100-015,1,Juv,SSID,SIDE,17
2017,2017,Oct,10/31/2017,SEFL,Outer,BC3,BC31,BC31-100-015,1,Juv,SMIC,SMIC,25
2017,2017,Oct,10/31/2017,SEFL,Outer,BC3,BC31,BC31-100-050,1,Juv,DSTO,DSTO,17
2017,2017,Oct,10/31/2017,SEFL,Outer,BC3,BC31,BC31-100-050,1,Uns,SSID,SIDE,4
2017,2017,Oct,10/31/2017,SEFL,Outer,BC3,BC31,BC31-100-092,1,Juv,SSID,SIDE,24
2017,2017,Oct,10/31/2017,SEFL,Outer,BC3,BC31,BC31-100-125,1,Juv,SSID,SIDE,6
2017,2017,Oct,10/31/2017,SEFL,Outer,BC3,BC31,BC31-100-125,1,Juv,SMIC,SMIC,9
2017,2017,Oct,10/31/2017,SEFL,Outer,BC3,BC31,BC31-500-070,0,NA,NA,NA,NA
2017,2017,Oct,10/31/2017,SEFL,Outer,BC3,BC31,BC31-500-095,1,Juv,SSID,SIDE,7
2017,2017,Oct,10/31/2017,SEFL,Outer,BC3,BC31,BC31-500-095,1,Juv,SMIC,SMIC,12
2017,2017,Oct,10/31/2017,SEFL,Outer,BC3,BC31,BC31-500-137,0,NA,NA,NA,NA
2017,2017,Oct,10/31/2017,SEFL,Outer,BC3,BC31,BC31-500-185,1,Juv,SSID,SIDE,32
2017,2017,Oct,10/31/2017,SEFL,Outer,BC3,BC31,BC31-500-185,1,Juv,SMIC,SMIC,20
2017,2017,Oct,10/31/2017,SEFL,Outer,BC3,BC32,BC32-100-014,1,Juv,MMEA,MMEA,10
2017,2017,Oct,10/31/2017,SEFL,Outer,BC3,BC32,BC32-100-014,1,Juv,SSID,SIDE,29
2017,2017,Oct,10/31/2017,SEFL,Outer,BC3,BC32,BC32-100-014,1,Juv,SSID,SIDE,35
2017,2017,Oct,10/31/2017,SEFL,Outer,BC3,BC32,BC32-100-085,1,Juv,MMEA,MMEA,5
2017,2017,Oct,10/31/2017,SEFL,Outer,BC3,BC32,BC32-100-132,1,Juv,SSID,SIDE,30
2017,2017,Oct,10/31/2017,SEFL,Outer,BC3,BC32,BC32-100-132,1,Juv,SMIC,SMIC,14
2017,2017,Oct,10/31/2017,SEFL,Outer,BC3,BC32,BC32-100-162,0,NA,NA,NA,NA
2017,2017,Oct,10/31/2017,SEFL,Outer,BC3,BC32,BC32-500-013,1,Juv,MCAV,MCAV,34
2017,2017,Oct,10/31/2017,SEFL,Outer,BC3,BC32,BC32-500-054,1,Juv,SSID,SIDE,4
2017,2017,Oct,10/31/2017,SEFL,Outer,BC3,BC32,BC32-500-117,1,Juv,SSID,SIDE,19
2017,2017,Oct,10/31/2017,SEFL,Outer,BC3,BC32,BC32-500-197,0,NA,NA,NA,NA
2017,2017,Oct,10/31/2017,SEFL,Outer,BC3,BC33,BC33-100-031,0,NA,NA,NA,NA
2017,2017,Oct,10/31/2017,SEFL,Outer,BC3,BC33,BC33-100-098,1,Juv,PAST,PORI,4
2017,2017,Oct,10/31/2017,SEFL,Outer,BC3,BC33,BC33-100-134,1,Iso,SMIC,SMIC,25
2017,2017,Oct,10/31/2017,SEFL,Outer,BC3,BC33,BC33-100-134,1,Iso,SMIC,SMIC,9
2017,2017,Oct,10/31/2017,SEFL,Outer,BC3,BC33,BC33-100-134,1,Iso,SMIC,SMIC,7
2017,2017,Oct,10/31/2017,SEFL,Outer,BC3,BC33,BC33-100-188,0,NA,NA,NA,NA
2017,2017,Oct,10/31/2017,SEFL,Outer,BC3,BC33,BC33-500-019,1,Juv,SMIC,SMIC,27
2017,2017,Oct,10/31/2017,SEFL,Outer,BC3,BC33,BC33-500-074,1,Juv,PAST,PORI,9
2017,2017,Oct,10/31/2017,SEFL,Outer,BC3,BC33,BC33-500-074,1,Juv,SMIC,SMIC,11
2017,2017,Oct,10/31/2017,SEFL,Outer,BC3,BC33,BC33-500-129,0,NA,NA,NA,NA
2017,2017,Oct,10/31/2017,SEFL,Outer,BC3,BC33,BC33-500-189,1,Juv,MCAV,MCAV,18
2017,2017,Oct,10/31/2017,SEFL,Outer,BC3,BC33,BC33-500-189,1,Juv,SMIC,SMIC,12
2017,2017,Oct,10/31/2017,SEFL,Outer,BC3,BC33,BC33-500-189,1,Juv,SMIC,SMIC,24
2017,2017,Oct,10/31/2017,SEFL,Outer,BC3,BC34,BC34-100-041,1,Juv,MMEA,MMEA,10
2017,2017,Oct,10/31/2017,SEFL,Outer,BC3,BC34,BC34-100-041,1,Juv,SSID,SIDE,16
2017,2017,Oct,10/31/2017,SEFL,Outer,BC3,BC34,BC34-100-109,1,Juv,SMIC,SMIC,10
2017,2017,Oct,10/31/2017,SEFL,Outer,BC3,BC34,BC34-100-182,1,Juv,SMIC,SMIC,20
2017,2017,Oct,10/31/2017,SEFL,Outer,BC3,BC34,BC34-100-182,1,Juv,SMIC,SMIC,26
2017,2017,Oct,10/31/2017,SEFL,Outer,BC3,BC34,BC34-100-220,1,Juv,PAME,PAME,6
2017,2017,Oct,10/31/2017,SEFL,Outer,BC3,BC34,BC34-500-035,1,Juv,UNKS,UNKS,4
2017,2017,Oct,10/31/2017,SEFL,Outer,BC3,BC34,BC34-500-086,0,NA,NA,NA,NA
2017,2017,Oct,10/31/2017,SEFL,Outer,BC3,BC34,BC34-500-156,0,NA,NA,NA,NA
2017,2017,Oct,10/31/2017,SEFL,Outer,BC3,BC34,BC34-500-206,0,NA,NA,NA,NA
2017,2017,Sept,9/30/2017,SEFL,Inner,BC4,BC41,BC41-100-023,0,NA,NA,NA,NA
2017,2017,Sept,9/30/2017,SEFL,Inner,BC4,BC41,BC41-100-076,0,NA,NA,NA,NA
2017,2017,Sept,9/30/2017,SEFL,Inner,BC4,BC41,BC41-100-093,0,NA,NA,NA,NA
2017,2017,Sept,9/27/2017,SEFL,Inner,BC4,BC41,BC41-100-139,1,Juv,PAST,PORI,22
2017,2017,Sept,9/27/2017,SEFL,Inner,BC4,BC41,BC41-100-139,1,Juv,PAST,PORI,5
2017,2017,Sept,9/27/2017,SEFL,Inner,BC4,BC41,BC41-100-139,1,Juv,SMIC,SMIC,18
2017,2017,Sept,9/27/2017,SEFL,Inner,BC4,BC41,BC41-500-035,1,Juv,MCAV,MCAV,6
2017,2017,Sept,9/27/2017,SEFL,Inner,BC4,BC41,BC41-500-035,1,Juv,SSID,SIDE,2
2017,2017,Sept,9/30/2017,SEFL,Inner,BC4,BC41,BC41-500-106,1,Juv,MCAV,MCAV,25
2017,2017,Sept,9/30/2017,SEFL,Inner,BC4,BC41,BC41-500-106,1,Juv,PPOR,PORI,26
2017,2017,Sept,9/27/2017,SEFL,Inner,BC4,BC41,BC41-500-126,1,Juv,PAST,PORI,12
2017,2017,Sept,9/27/2017,SEFL,Inner,BC4,BC41,BC41-500-211,1,Juv,MCAV,MCAV,9
2017,2017,Sept,9/27/2017,SEFL,Inner,BC4,BC41,BC41-500-211,1,Juv,PAST,PORI,4
2017,2017,Sept,9/27/2017,SEFL,Inner,BC4,BC41,BC41-500-211,1,Juv,PAST,PORI,18
2017,2017,Sept,9/27/2017,SEFL,Inner,BC4,BC41,BC41-500-211,1,Juv,PAST,PORI,8
2017,2017,Sept,9/30/2017,SEFL,Inner,BC4,BC42,BC42-100-017,1,Juv,PAST,PORI,2
2017,2017,Sept,9/30/2017,SEFL,Inner,BC4,BC42,BC42-100-017,1,Juv,SMIC,SMIC,15
2017,2017,Sept,9/30/2017,SEFL,Inner,BC4,BC42,BC42-100-093,1,Juv,PAST,PORI,34
2017,2017,Sept,9/30/2017,SEFL,Inner,BC4,BC42,BC42-100-093,1,Juv,PAST,PORI,15
2017,2017,Sept,9/30/2017,SEFL,Inner,BC4,BC42,BC42-100-093,1,Juv,PAST,PORI,19
2017,2017,Sept,9/30/2017,SEFL,Inner,BC4,BC42,BC42-100-093,1,Juv,PAST,PORI,14
2017,2017,Sept,9/30/2017,SEFL,Inner,BC4,BC42,BC42-100-093,1,Juv,PORI,PORI,2
2017,2017,Sept,9/30/2017,SEFL,Inner,BC4,BC42,BC42-100-093,1,Juv,PORI,PORI,2
2017,2017,Sept,9/30/2017,SEFL,Inner,BC4,BC42,BC42-100-093,1,Juv,PORI,PORI,1
2017,2017,Sept,9/30/2017,SEFL,Inner,BC4,BC42,BC42-100-093,1,Juv,PPOR,PORI,9
2017,2017,Sept,9/30/2017,SEFL,Inner,BC4,BC42,BC42-100-119,1,Iso,PAST,PORI,8
2017,2017,Sept,9/30/2017,SEFL,Inner,BC4,BC42,BC42-100-119,1,Iso,PAST,PORI,5
2017,2017,Sept,9/30/2017,SEFL,Inner,BC4,BC42,BC42-100-119,1,Iso,PAST,PORI,30
2017,2017,Sept,9/30/2017,SEFL,Inner,BC4,BC42,BC42-100-119,1,Iso,PAST,PORI,14
2017,2017,Sept,9/30/2017,SEFL,Inner,BC4,BC42,BC42-100-119,1,Iso,PAST,PORI,10
2017,2017,Sept,9/30/2017,SEFL,Inner,BC4,BC42,BC42-100-119,1,Iso,PAST,PORI,10
2017,2017,Sept,9/30/2017,SEFL,Inner,BC4,BC42,BC42-100-119,1,Iso,PAST,PORI,8
2017,2017,Sept,9/30/2017,SEFL,Inner,BC4,BC42,BC42-100-119,1,Juv,PAST,PORI,13
2017,2017,Sept,9/30/2017,SEFL,Inner,BC4,BC42,BC42-100-119,1,Juv,SSID,SIDE,2
2017,2017,Sept,9/30/2017,SEFL,Inner,BC4,BC42,BC42-100-119,1,Juv,SSID,SIDE,12
2017,2017,Sept,9/30/2017,SEFL,Inner,BC4,BC42,BC42-100-151,1,Juv,PAST,PORI,14
2017,2017,Sept,9/30/2017,SEFL,Inner,BC4,BC42,BC42-100-151,1,Juv,PAST,PORI,2
2017,2017,Sept,9/30/2017,SEFL,Inner,BC4,BC42,BC42-100-151,1,Juv,PAST,PORI,12
2017,2017,Sept,9/30/2017,SEFL,Inner,BC4,BC42,BC42-500-020,1,Juv,PAST,PORI,20
2017,2017,Sept,9/30/2017,SEFL,Inner,BC4,BC42,BC42-500-020,1,Juv,PAST,PORI,22
2017,2017,Sept,9/30/2017,SEFL,Inner,BC4,BC42,BC42-500-083,1,Juv,AAGA,AGAR,16
2017,2017,Sept,9/30/2017,SEFL,Inner,BC4,BC42,BC42-500-083,1,Juv,MCAV,MCAV,12
2017,2017,Sept,9/30/2017,SEFL,Inner,BC4,BC42,BC42-500-083,1,Juv,PAST,PORI,2
2017,2017,Sept,9/30/2017,SEFL,Inner,BC4,BC42,BC42-500-108,1,Juv,PAST,PORI,13
2017,2017,Sept,9/30/2017,SEFL,Inner,BC4,BC42,BC42-500-108,1,Juv,PAST,PORI,23
2017,2017,Sept,9/30/2017,SEFL,Inner,BC4,BC42,BC42-500-108,1,Juv,PAST,PORI,8
2017,2017,Sept,9/30/2017,SEFL,Inner,BC4,BC42,BC42-500-108,1,Juv,PAST,PORI,5
2017,2017,Sept,9/30/2017,SEFL,Inner,BC4,BC42,BC42-500-108,1,Juv,PORI,PORI,8
2017,2017,Sept,9/30/2017,SEFL,Inner,BC4,BC42,BC42-500-108,1,Juv,PORI,PORI,5
2017,2017,Sept,9/30/2017,SEFL,Inner,BC4,BC42,BC42-500-155,1,Juv,PAST,PORI,9
2017,2017,Sept,9/30/2017,SEFL,Inner,BC4,BC42,BC42-500-155,1,Juv,PAST,PORI,2
2017,2017,Sept,9/30/2017,SEFL,Inner,BC4,BC43,BC43-100-117,1,Juv,SSID,SIDE,27
2017,2017,Sept,9/30/2017,SEFL,Inner,BC4,BC43,BC43-100-117,1,Juv,SSID,SIDE,5
2017,2017,Sept,9/30/2017,SEFL,Inner,BC4,BC43,BC43-100-117,1,Juv,SSID,SIDE,18
2017,2017,Sept,9/30/2017,SEFL,Inner,BC4,BC43,BC43-100-132,1,Juv,MCAV,MCAV,18
2017,2017,Sept,9/30/2017,SEFL,Inner,BC4,BC43,BC43-100-132,1,Juv,PAST,PORI,32
2017,2017,Sept,9/30/2017,SEFL,Inner,BC4,BC43,BC43-100-132,1,Juv,PAST,PORI,20
2017,2017,Sept,9/30/2017,SEFL,Inner,BC4,BC43,BC43-100-163,1,Juv,MCAV,MCAV,14
2017,2017,Sept,9/30/2017,SEFL,Inner,BC4,BC43,BC43-100-199,1,Juv,SSID,SIDE,10
2017,2017,Sept,9/30/2017,SEFL,Inner,BC4,BC43,BC43-500-042,1,Juv,PAST,PORI,10
2017,2017,Sept,9/30/2017,SEFL,Inner,BC4,BC43,BC43-500-042,1,Juv,PAST,PORI,4
2017,2017,Sept,9/30/2017,SEFL,Inner,BC4,BC43,BC43-500-042,1,Juv,PAST,PORI,13
2017,2017,Sept,9/30/2017,SEFL,Inner,BC4,BC43,BC43-500-042,1,Juv,PAST,PORI,10
2017,2017,Sept,9/30/2017,SEFL,Inner,BC4,BC43,BC43-500-042,1,Juv,SMIC,SMIC,36
2017,2017,Sept,9/30/2017,SEFL,Inner,BC4,BC43,BC43-500-061,1,Juv,MCAV,MCAV,37
2017,2017,Sept,9/30/2017,SEFL,Inner,BC4,BC43,BC43-500-061,1,Juv,MCAV,MCAV,14
2017,2017,Sept,9/30/2017,SEFL,Inner,BC4,BC43,BC43-500-061,1,Juv,PAST,PORI,6
2017,2017,Sept,9/30/2017,SEFL,Inner,BC4,BC43,BC43-500-061,1,Juv,PAST,PORI,19
2017,2017,Sept,9/30/2017,SEFL,Inner,BC4,BC43,BC43-500-061,1,Juv,PAST,PORI,4
2017,2017,Sept,9/30/2017,SEFL,Inner,BC4,BC43,BC43-500-061,1,Juv,PPOR,PORI,24
2017,2017,Sept,9/30/2017,SEFL,Inner,BC4,BC43,BC43-500-091,1,Juv,PAST,PORI,2
2017,2017,Sept,9/30/2017,SEFL,Inner,BC4,BC43,BC43-500-091,1,Juv,PAST,PORI,4
2017,2017,Sept,9/30/2017,SEFL,Inner,BC4,BC43,BC43-500-091,1,Juv,PAST,PORI,12
2017,2017,Sept,9/30/2017,SEFL,Inner,BC4,BC43,BC43-500-091,1,Juv,PAST,PORI,10
2017,2017,Sept,9/30/2017,SEFL,Inner,BC4,BC43,BC43-500-176,1,Juv,PAST,PORI,13
2017,2017,Sept,9/30/2017,SEFL,Inner,BC4,BC44,BC44-100-061,1,Juv,AAGA,AGAR,9
2017,2017,Sept,9/30/2017,SEFL,Inner,BC4,BC44,BC44-100-061,1,Juv,PAST,PORI,10
2017,2017,Sept,9/30/2017,SEFL,Inner,BC4,BC44,BC44-100-130,1,Iso,AAGA,AGAR,10
2017,2017,Sept,9/30/2017,SEFL,Inner,BC4,BC44,BC44-100-130,1,Iso,AAGA,AGAR,23
2017,2017,Sept,9/30/2017,SEFL,Inner,BC4,BC44,BC44-100-130,1,Juv,MCAV,MCAV,10
2017,2017,Sept,9/30/2017,SEFL,Inner,BC4,BC44,BC44-100-130,1,Juv,PAST,PORI,5
2017,2017,Sept,9/30/2017,SEFL,Inner,BC4,BC44,BC44-100-130,1,Juv,PAST,PORI,6
2017,2017,Sept,9/30/2017,SEFL,Inner,BC4,BC44,BC44-100-130,1,Juv,PAST,PORI,6
2017,2017,Sept,9/30/2017,SEFL,Inner,BC4,BC44,BC44-100-130,1,Juv,PORI,PORI,2
2017,2017,Sept,9/30/2017,SEFL,Inner,BC4,BC44,BC44-100-130,1,Juv,PORI,PORI,1
2017,2017,Sept,9/30/2017,SEFL,Inner,BC4,BC44,BC44-100-130,1,Juv,PPOR,PORI,17
2017,2017,Sept,9/30/2017,SEFL,Inner,BC4,BC44,BC44-100-130,1,Juv,PPOR,PORI,6
2017,2017,Sept,9/30/2017,SEFL,Inner,BC4,BC44,BC44-100-130,1,Uns,PPOR,PORI,28
2017,2017,Sept,9/30/2017,SEFL,Inner,BC4,BC44,BC44-100-130,1,Uns,PPOR,PORI,17
2017,2017,Sept,9/30/2017,SEFL,Inner,BC4,BC44,BC44-100-130,1,Iso,SSID,SIDE,5
2017,2017,Sept,9/30/2017,SEFL,Inner,BC4,BC44,BC44-100-130,1,Iso,SSID,SIDE,27
2017,2017,Sept,9/30/2017,SEFL,Inner,BC4,BC44,BC44-100-130,1,Iso,SSID,SIDE,1
2017,2017,Sept,9/30/2017,SEFL,Inner,BC4,BC44,BC44-100-130,1,Juv,SSID,SIDE,5
2017,2017,Sept,9/30/2017,SEFL,Inner,BC4,BC44,BC44-100-130,1,Juv,SSID,SIDE,12
2017,2017,Sept,9/30/2017,SEFL,Inner,BC4,BC44,BC44-100-130,1,Iso,SSID,SIDE,5
2017,2017,Sept,9/30/2017,SEFL,Inner,BC4,BC44,BC44-100-130,1,Iso,SSID,SIDE,6
2017,2017,Sept,9/30/2017,SEFL,Inner,BC4,BC44,BC44-100-130,1,Iso,SSID,SIDE,1
2017,2017,Sept,9/30/2017,SEFL,Inner,BC4,BC44,BC44-100-175,1,Juv,DSTO,DSTO,16
2017,2017,Sept,9/30/2017,SEFL,Inner,BC4,BC44,BC44-100-175,1,Juv,MCAV,MCAV,5
2017,2017,Sept,9/30/2017,SEFL,Inner,BC4,BC44,BC44-100-175,1,Juv,PAST,PORI,17
2017,2017,Sept,9/30/2017,SEFL,Inner,BC4,BC44,BC44-100-175,1,Juv,PORI,PORI,7
2017,2017,Sept,9/30/2017,SEFL,Inner,BC4,BC44,BC44-100-175,1,Juv,PORI,PORI,5
2017,2017,Sept,9/30/2017,SEFL,Inner,BC4,BC44,BC44-100-175,1,Juv,PPOR,PORI,10
2017,2017,Sept,9/30/2017,SEFL,Inner,BC4,BC44,BC44-100-175,1,Juv,PPOR,PORI,17
2017,2017,Sept,9/30/2017,SEFL,Inner,BC4,BC44,BC44-100-198,1,Juv,PAST,PORI,38
2017,2017,Sept,9/30/2017,SEFL,Inner,BC4,BC44,BC44-100-198,1,Uns,PORI,PORI,4
2017,2017,Sept,9/30/2017,SEFL,Inner,BC4,BC44,BC44-100-198,1,Uns,PORI,PORI,2
2017,2017,Sept,9/30/2017,SEFL,Inner,BC4,BC44,BC44-500-074,1,Juv,MCAV,MCAV,25
2017,2017,Sept,9/30/2017,SEFL,Inner,BC4,BC44,BC44-500-074,1,Juv,PAST,PORI,37
2017,2017,Sept,9/30/2017,SEFL,Inner,BC4,BC44,BC44-500-074,1,Juv,SMIC,SMIC,19
2017,2017,Sept,9/30/2017,SEFL,Inner,BC4,BC44,BC44-500-112,1,Juv,PAST,PORI,20
2017,2017,Sept,9/30/2017,SEFL,Inner,BC4,BC44,BC44-500-112,1,Juv,PAST,PORI,4
2017,2017,Sept,9/30/2017,SEFL,Inner,BC4,BC44,BC44-500-112,1,Juv,PAST,PORI,2
2017,2017,Sept,9/30/2017,SEFL,Inner,BC4,BC44,BC44-500-112,1,Juv,PAST,PORI,2
2017,2017,Sept,9/30/2017,SEFL,Inner,BC4,BC44,BC44-500-112,1,Juv,PAST,PORI,23
2017,2017,Sept,9/30/2017,SEFL,Inner,BC4,BC44,BC44-500-112,1,Juv,PAST,PORI,39
2017,2017,Sept,9/30/2017,SEFL,Inner,BC4,BC44,BC44-500-112,1,Juv,PAST,PORI,10
2017,2017,Sept,9/30/2017,SEFL,Inner,BC4,BC44,BC44-500-112,1,Juv,PAST,PORI,5
2017,2017,Sept,9/30/2017,SEFL,Inner,BC4,BC44,BC44-500-112,1,Juv,PAST,PORI,36
2017,2017,Sept,9/30/2017,SEFL,Inner,BC4,BC44,BC44-500-112,1,Juv,PAST,PORI,3
2017,2017,Sept,9/30/2017,SEFL,Inner,BC4,BC44,BC44-500-112,1,Juv,PAST,PORI,2
2017,2017,Sept,9/30/2017,SEFL,Inner,BC4,BC44,BC44-500-112,1,Juv,PAST,PORI,3
2017,2017,Sept,9/30/2017,SEFL,Inner,BC4,BC44,BC44-500-147,1,Juv,PAST,PORI,6
2017,2017,Sept,9/30/2017,SEFL,Inner,BC4,BC44,BC44-500-147,1,Juv,PAST,PORI,3
2017,2017,Sept,9/30/2017,SEFL,Inner,BC4,BC44,BC44-500-147,1,Juv,PAST,PORI,20
2017,2017,Sept,9/30/2017,SEFL,Inner,BC4,BC44,BC44-500-170,1,Juv,PAST,PORI,3
2017,2017,Sept,9/30/2017,SEFL,Inner,BC4,BC44,BC44-500-170,1,Juv,PAST,PORI,6
2017,2017,Sept,9/30/2017,SEFL,Inner,BC4,BC44,BC44-500-170,1,Juv,PAST,PORI,16
2017,2017,Oct,10/16/2017,SEFL,Inner,DC1,DC11,DC11-100-048,0,NA,NA,NA,NA
2017,2017,Oct,10/16/2017,SEFL,Inner,DC1,DC11,DC11-100-059,1,Juv,MCAV,MCAV,13
2017,2017,Oct,10/16/2017,SEFL,Inner,DC1,DC11,DC11-100-059,1,Juv,PORI,PORI,2
2017,2017,Oct,10/16/2017,SEFL,Inner,DC1,DC11,DC11-100-059,1,Juv,SIDE,SIDE,17
2017,2017,Oct,10/16/2017,SEFL,Inner,DC1,DC11,DC11-100-059,1,Juv,SIDE,SIDE,9
2017,2017,Oct,10/16/2017,SEFL,Inner,DC1,DC11,DC11-100-082,0,NA,NA,NA,NA
2017,2017,Oct,10/16/2017,SEFL,Inner,DC1,DC11,DC11-100-171,1,Juv,PORI,PORI,5
2017,2017,Oct,10/16/2017,SEFL,Inner,DC1,DC11,DC11-100-171,1,Juv,SSID,SIDE,4
2017,2017,Oct,10/16/2017,SEFL,Inner,DC1,DC11,DC11-500-045,1,Juv,AGAR,AGAR,6
2017,2017,Oct,10/16/2017,SEFL,Inner,DC1,DC11,DC11-500-045,1,Juv,PAST,PORI,11
2017,2017,Oct,10/16/2017,SEFL,Inner,DC1,DC11,DC11-500-045,1,Juv,SSID,SIDE,6
2017,2017,Oct,10/16/2017,SEFL,Inner,DC1,DC11,DC11-500-106,1,Juv,PAST,PORI,21
2017,2017,Oct,10/16/2017,SEFL,Inner,DC1,DC11,DC11-500-106,1,Juv,PAST,PORI,22
2017,2017,Oct,10/16/2017,SEFL,Inner,DC1,DC11,DC11-500-106,1,Uns,SSID,SIDE,3
2017,2017,Oct,10/16/2017,SEFL,Inner,DC1,DC11,DC11-500-106,1,Uns,SSID,SIDE,3
2017,2017,Oct,10/16/2017,SEFL,Inner,DC1,DC11,DC11-500-106,1,Uns,SSID,SIDE,3
2017,2017,Oct,10/16/2017,SEFL,Inner,DC1,DC11,DC11-500-106,1,Uns,SSID,SIDE,6
2017,2017,Oct,10/16/2017,SEFL,Inner,DC1,DC11,DC11-500-138,1,Juv,AGAR,AGAR,7
2017,2017,Oct,10/16/2017,SEFL,Inner,DC1,DC11,DC11-500-138,1,Juv,PAST,PORI,7
2017,2017,Oct,10/16/2017,SEFL,Inner,DC1,DC11,DC11-500-138,1,Juv,PPOR,PORI,13
2017,2017,Oct,10/16/2017,SEFL,Inner,DC1,DC11,DC11-500-138,1,Juv,SIDE,SIDE,22
2017,2017,Oct,10/16/2017,SEFL,Inner,DC1,DC11,DC11-500-138,1,Juv,SRAD,SIDE,19
2017,2017,Oct,10/16/2017,SEFL,Inner,DC1,DC11,DC11-500-138,1,Juv,SSID,SIDE,11
2017,2017,Oct,10/16/2017,SEFL,Inner,DC1,DC11,DC11-500-138,1,Juv,SSID,SIDE,3
2017,2017,Oct,10/16/2017,SEFL,Inner,DC1,DC11,DC11-500-138,1,Juv,SSID,SIDE,4
2017,2017,Oct,10/16/2017,SEFL,Inner,DC1,DC11,DC11-500-138,1,Juv,SSID,SIDE,9
2017,2017,Oct,10/16/2017,SEFL,Inner,DC1,DC11,DC11-500-138,1,Juv,SSID,SIDE,16
2017,2017,Oct,10/16/2017,SEFL,Inner,DC1,DC11,DC11-500-138,1,Juv,SSID,SIDE,7
2017,2017,Oct,10/16/2017,SEFL,Inner,DC1,DC11,DC11-500-138,1,Juv,SSID,SIDE,22
2017,2017,Oct,10/16/2017,SEFL,Inner,DC1,DC11,DC11-500-138,1,Juv,SSID,SIDE,6
2017,2017,Oct,10/16/2017,SEFL,Inner,DC1,DC11,DC11-500-138,1,Juv,SSID,SIDE,10
2017,2017,Oct,10/16/2017,SEFL,Inner,DC1,DC11,DC11-500-138,1,Juv,SSID,SIDE,6
2017,2017,Oct,10/16/2017,SEFL,Inner,DC1,DC11,DC11-500-138,1,Juv,SSID,SIDE,3
2017,2017,Oct,10/16/2017,SEFL,Inner,DC1,DC11,DC11-500-138,1,Juv,SSID,SIDE,7
2017,2017,Oct,10/16/2017,SEFL,Inner,DC1,DC11,DC11-500-138,1,Juv,SSID,SIDE,6
2017,2017,Oct,10/16/2017,SEFL,Inner,DC1,DC11,DC11-500-138,1,Juv,SSID,SIDE,17
2017,2017,Oct,10/16/2017,SEFL,Inner,DC1,DC11,DC11-500-138,1,Juv,SSID,SIDE,25
2017,2017,Oct,10/16/2017,SEFL,Inner,DC1,DC11,DC11-500-204,1,Juv,PAST,PORI,9
2017,2017,Oct,10/16/2017,SEFL,Inner,DC1,DC11,DC11-500-204,1,Juv,PAST,PORI,6
2017,2017,Oct,10/16/2017,SEFL,Inner,DC1,DC11,DC11-500-204,1,Juv,SSID,SIDE,12
2017,2017,Oct,10/16/2017,SEFL,Inner,DC1,DC11,DC11-500-204,1,Juv,SSID,SIDE,9
2017,2017,Oct,10/16/2017,SEFL,Inner,DC1,DC11,DC11-500-204,1,Juv,SSID,SIDE,5
2017,2017,Oct,10/16/2017,SEFL,Inner,DC1,DC12,DC12-100-027,1,Juv,SSID,SIDE,11
2017,2017,Oct,10/16/2017,SEFL,Inner,DC1,DC12,DC12-100-027,1,Juv,SSID,SIDE,4
2017,2017,Oct,10/16/2017,SEFL,Inner,DC1,DC12,DC12-100-087,1,Juv,PAST,PORI,7
2017,2017,Oct,10/16/2017,SEFL,Inner,DC1,DC12,DC12-100-087,1,Juv,PAST,PORI,6
2017,2017,Oct,10/16/2017,SEFL,Inner,DC1,DC12,DC12-100-087,1,Juv,PAST,PORI,12
2017,2017,Oct,10/16/2017,SEFL,Inner,DC1,DC12,DC12-100-087,1,Juv,SSID,SIDE,26
2017,2017,Oct,10/16/2017,SEFL,Inner,DC1,DC12,DC12-100-087,1,Juv,SSID,SIDE,7
2017,2017,Oct,10/16/2017,SEFL,Inner,DC1,DC12,DC12-100-087,1,Juv,SSID,SIDE,8
2017,2017,Oct,10/16/2017,SEFL,Inner,DC1,DC12,DC12-100-166,1,Juv,SSID,SIDE,3
2017,2017,Oct,10/16/2017,SEFL,Inner,DC1,DC12,DC12-100-211,1,Juv,PAST,PORI,4
2017,2017,Oct,10/16/2017,SEFL,Inner,DC1,DC12,DC12-100-211,1,Juv,SSID,SIDE,15
2017,2017,Oct,10/16/2017,SEFL,Inner,DC1,DC12,DC12-100-211,1,Juv,SSID,SIDE,10
2017,2017,Oct,10/16/2017,SEFL,Inner,DC1,DC12,DC12-500-042,1,Juv,SSID,SIDE,9
2017,2017,Oct,10/16/2017,SEFL,Inner,DC1,DC12,DC12-500-071,1,Juv,PAST,PORI,3
2017,2017,Oct,10/16/2017,SEFL,Inner,DC1,DC12,DC12-500-071,1,Juv,SSID,SIDE,11
2017,2017,Oct,10/16/2017,SEFL,Inner,DC1,DC12,DC12-500-166,1,Juv,AGAR,AGAR,4
2017,2017,Oct,10/16/2017,SEFL,Inner,DC1,DC12,DC12-500-166,1,Juv,SSID,SIDE,28
2017,2017,Oct,10/16/2017,SEFL,Inner,DC1,DC12,DC12-500-192,0,NA,NA,NA,NA
2017,2017,Oct,10/16/2017,SEFL,Inner,DC1,DC13,DC13-100-083,1,Juv,SSID,SIDE,6
2017,2017,Oct,10/16/2017,SEFL,Inner,DC1,DC13,DC13-100-083,1,Juv,SSID,SIDE,3
2017,2017,Oct,10/16/2017,SEFL,Inner,DC1,DC13,DC13-100-091,1,Juv,PAST,PORI,2
2017,2017,Oct,10/16/2017,SEFL,Inner,DC1,DC13,DC13-100-158,1,Juv,DSTO,DSTO,7
2017,2017,Oct,10/16/2017,SEFL,Inner,DC1,DC13,DC13-100-158,1,Juv,SSID,SIDE,7
2017,2017,Oct,10/16/2017,SEFL,Inner,DC1,DC13,DC13-100-186,1,Juv,MMEA,MMEA,11
2017,2017,Oct,10/16/2017,SEFL,Inner,DC1,DC13,DC13-100-186,1,Juv,PAST,PORI,7
2017,2017,Oct,10/16/2017,SEFL,Inner,DC1,DC13,DC13-500-036,1,Juv,MCAV,MCAV,9
2017,2017,Oct,10/16/2017,SEFL,Inner,DC1,DC13,DC13-500-036,1,Juv,PAST,PORI,19
2017,2017,Oct,10/16/2017,SEFL,Inner,DC1,DC13,DC13-500-036,1,Juv,PAST,PORI,7
2017,2017,Oct,10/16/2017,SEFL,Inner,DC1,DC13,DC13-500-036,1,Juv,SSID,SIDE,3
2017,2017,Oct,10/16/2017,SEFL,Inner,DC1,DC13,DC13-500-092,0,NA,NA,NA,NA
2017,2017,Oct,10/16/2017,SEFL,Inner,DC1,DC13,DC13-500-128,1,Juv,PAST,PORI,5
2017,2017,Oct,10/16/2017,SEFL,Inner,DC1,DC13,DC13-500-192,1,Juv,PAST,PORI,8
2017,2017,Oct,10/16/2017,SEFL,Inner,DC1,DC13,DC13-500-192,1,Iso,SSID,SIDE,5
2017,2017,Oct,10/16/2017,SEFL,Inner,DC1,DC13,DC13-500-192,1,Juv,SSID,SIDE,11
2017,2017,Oct,10/16/2017,SEFL,Inner,DC1,DC14,DC14-100-036,0,NA,NA,NA,NA
2017,2017,Oct,10/16/2017,SEFL,Inner,DC1,DC14,DC14-100-081,1,Juv,DSTR,DIPL,9
2017,2017,Oct,10/16/2017,SEFL,Inner,DC1,DC14,DC14-100-081,1,Juv,DSTR,DIPL,19
2017,2017,Oct,10/16/2017,SEFL,Inner,DC1,DC14,DC14-100-081,1,Juv,SSID,SIDE,9
2017,2017,Oct,10/16/2017,SEFL,Inner,DC1,DC14,DC14-100-144,1,Juv,MCAV,MCAV,25
2017,2017,Oct,10/16/2017,SEFL,Inner,DC1,DC14,DC14-100-144,1,Juv,PAST,PORI,5
2017,2017,Oct,10/16/2017,SEFL,Inner,DC1,DC14,DC14-100-144,1,Juv,SIDE,SIDE,1
2017,2017,Oct,10/16/2017,SEFL,Inner,DC1,DC14,DC14-100-144,1,Juv,SIDE,SIDE,2
2017,2017,Oct,10/16/2017,SEFL,Inner,DC1,DC14,DC14-100-144,1,Juv,SIDE,SIDE,1
2017,2017,Oct,10/16/2017,SEFL,Inner,DC1,DC14,DC14-100-144,1,Juv,SIDE,SIDE,1
2017,2017,Oct,10/16/2017,SEFL,Inner,DC1,DC14,DC14-100-144,1,Juv,SRAD,SIDE,17
2017,2017,Oct,10/16/2017,SEFL,Inner,DC1,DC14,DC14-100-144,1,Juv,SRAD,SIDE,8
2017,2017,Oct,10/16/2017,SEFL,Inner,DC1,DC14,DC14-100-144,1,Juv,SSID,SIDE,22
2017,2017,Oct,10/16/2017,SEFL,Inner,DC1,DC14,DC14-100-184,1,Uns,DSTR,DIPL,35
2017,2017,Oct,10/16/2017,SEFL,Inner,DC1,DC14,DC14-100-184,1,Juv,PAST,PORI,3
2017,2017,Oct,10/16/2017,SEFL,Inner,DC1,DC14,DC14-500-022,1,Juv,DSTO,DSTO,29
2017,2017,Oct,10/16/2017,SEFL,Inner,DC1,DC14,DC14-500-101,1,Juv,PAST,PORI,17
2017,2017,Oct,10/16/2017,SEFL,Inner,DC1,DC14,DC14-500-101,1,Juv,PORI,PORI,2
2017,2017,Oct,10/16/2017,SEFL,Inner,DC1,DC14,DC14-500-101,1,Juv,SSID,SIDE,3
2017,2017,Oct,10/16/2017,SEFL,Inner,DC1,DC14,DC14-500-178,1,Juv,PAST,PORI,6
2017,2017,Oct,10/16/2017,SEFL,Inner,DC1,DC14,DC14-500-178,1,Juv,PAST,PORI,8
2017,2017,Oct,10/16/2017,SEFL,Inner,DC1,DC14,DC14-500-178,1,Juv,SSID,SIDE,5
2017,2017,Oct,10/16/2017,SEFL,Inner,DC1,DC14,DC14-500-178,1,Juv,SSID,SIDE,7
2017,2017,Oct,10/16/2017,SEFL,Inner,DC1,DC14,DC14-500-178,1,Juv,SSID,SIDE,10
2017,2017,Oct,10/16/2017,SEFL,Inner,DC1,DC14,DC14-500-178,1,Juv,SSID,SIDE,6
2017,2017,Oct,10/16/2017,SEFL,Inner,DC1,DC14,DC14-500-178,1,Juv,SSID,SIDE,9
2017,2017,Oct,10/16/2017,SEFL,Inner,DC1,DC14,DC14-500-178,1,Juv,SSID,SIDE,3
2017,2017,Oct,10/16/2017,SEFL,Inner,DC1,DC14,DC14-500-205,1,Juv,SRAD,SIDE,20
2017,2017,Oct,10/16/2017,SEFL,Inner,DC1,DC14,DC14-500-205,1,Juv,SSID,SIDE,1
2017,2017,Oct,10/31/2017,SEFL,Middle,DC2,DC21,DC21-100-020,0,NA,NA,NA,NA
2017,2017,Oct,10/31/2017,SEFL,Middle,DC2,DC21,DC21-100-087,1,Juv,SSID,SIDE,3
2017,2017,Oct,10/31/2017,SEFL,Middle,DC2,DC21,DC21-100-122,1,Juv,SMIC,SMIC,12
2017,2017,Oct,10/31/2017,SEFL,Middle,DC2,DC21,DC21-100-170,1,Juv,SSID,SIDE,10
2017,2017,Oct,10/31/2017,SEFL,Middle,DC2,DC21,DC21-100-170,1,Juv,SSID,SIDE,7
2017,2017,Oct,10/31/2017,SEFL,Middle,DC2,DC21,DC21-100-170,1,Juv,SMIC,SMIC,6
2017,2017,Oct,10/31/2017,SEFL,Middle,DC2,DC21,DC21-500-036,1,Juv,SMIC,SMIC,33
2017,2017,Oct,10/31/2017,SEFL,Middle,DC2,DC21,DC21-500-066,1,Juv,SSID,SIDE,8
2017,2017,Oct,10/31/2017,SEFL,Middle,DC2,DC21,DC21-500-084,1,Juv,UNKS,UNKS,11
2017,2017,Oct,10/31/2017,SEFL,Middle,DC2,DC21,DC21-500-106,1,Juv,MCAV,MCAV,10
2017,2017,Oct,10/31/2017,SEFL,Middle,DC2,DC22,DC22-100-040,0,NA,NA,NA,NA
2017,2017,Oct,10/31/2017,SEFL,Middle,DC2,DC22,DC22-100-094,0,NA,NA,NA,NA
2017,2017,Oct,10/31/2017,SEFL,Middle,DC2,DC22,DC22-100-157,1,Juv,DSTO,DSTO,13
2017,2017,Oct,10/31/2017,SEFL,Middle,DC2,DC22,DC22-100-157,1,Juv,SSID,SIDE,6
2017,2017,Oct,10/31/2017,SEFL,Middle,DC2,DC22,DC22-100-157,1,Juv,SMIC,SMIC,30
2017,2017,Oct,10/31/2017,SEFL,Middle,DC2,DC22,DC22-100-193,1,Juv,MMEA,MMEA,16
2017,2017,Oct,10/31/2017,SEFL,Middle,DC2,DC22,DC22-100-193,1,Juv,PAST,PORI,8
2017,2017,Oct,10/31/2017,SEFL,Middle,DC2,DC22,DC22-100-193,1,Juv,SMIC,SMIC,11
2017,2017,Oct,10/31/2017,SEFL,Middle,DC2,DC22,DC22-500-002,1,Juv,PAST,PORI,5
2017,2017,Oct,10/31/2017,SEFL,Middle,DC2,DC22,DC22-500-002,1,Juv,SSID,SIDE,34
2017,2017,Oct,10/31/2017,SEFL,Middle,DC2,DC22,DC22-500-002,1,Juv,SSID,SIDE,28
2017,2017,Oct,10/31/2017,SEFL,Middle,DC2,DC22,DC22-500-002,1,Juv,SSID,SIDE,7
2017,2017,Oct,10/31/2017,SEFL,Middle,DC2,DC22,DC22-500-002,1,Juv,SMIC,SMIC,29
2017,2017,Oct,10/31/2017,SEFL,Middle,DC2,DC22,DC22-500-078,1,Juv,MUSS,MUSS,22
2017,2017,Oct,10/31/2017,SEFL,Middle,DC2,DC22,DC22-500-078,1,Juv,SSID,SIDE,13
2017,2017,Oct,10/31/2017,SEFL,Middle,DC2,DC22,DC22-500-078,1,Juv,SMIC,SMIC,31
2017,2017,Oct,10/31/2017,SEFL,Middle,DC2,DC22,DC22-500-109,1,Juv,PAST,PORI,5
2017,2017,Oct,10/31/2017,SEFL,Middle,DC2,DC22,DC22-500-134,1,Juv,SSID,SIDE,15
2017,2017,Oct,10/31/2017,SEFL,Middle,DC2,DC22,DC22-500-134,1,Juv,SSID,SIDE,7
2017,2017,Oct,10/31/2017,SEFL,Middle,DC2,DC22,DC22-500-134,1,Juv,SSID,SIDE,21
2017,2017,Oct,10/31/2017,SEFL,Middle,DC2,DC22,DC22-500-134,1,Juv,SSID,SIDE,3
2017,2017,Oct,10/31/2017,SEFL,Middle,DC2,DC22,DC22-500-134,1,Juv,SSID,SIDE,3
2017,2017,Oct,10/31/2017,SEFL,Middle,DC2,DC23,DC23-100-037,0,NA,NA,NA,NA
2017,2017,Oct,10/31/2017,SEFL,Middle,DC2,DC23,DC23-100-049,1,Juv,SSID,SIDE,16
2017,2017,Oct,10/31/2017,SEFL,Middle,DC2,DC23,DC23-100-049,1,Juv,SSID,SIDE,39
2017,2017,Oct,10/31/2017,SEFL,Middle,DC2,DC23,DC23-100-049,1,Juv,SSID,SIDE,10
2017,2017,Oct,10/31/2017,SEFL,Middle,DC2,DC23,DC23-100-049,1,Juv,SMIC,SMIC,7
2017,2017,Oct,10/31/2017,SEFL,Middle,DC2,DC23,DC23-100-144,1,Juv,MCAV,MCAV,23
2017,2017,Oct,10/31/2017,SEFL,Middle,DC2,DC23,DC23-100-144,1,Juv,MCAV,MCAV,17
2017,2017,Oct,10/31/2017,SEFL,Middle,DC2,DC23,DC23-100-169,1,Juv,SSID,SIDE,25
2017,2017,Oct,10/31/2017,SEFL,Middle,DC2,DC23,DC23-100-169,1,Juv,SSID,SIDE,3
2017,2017,Oct,10/31/2017,SEFL,Middle,DC2,DC23,DC23-100-169,1,Juv,SMIC,SMIC,11
2017,2017,Oct,10/31/2017,SEFL,Middle,DC2,DC23,DC23-500-007,1,Iso,SSID,SIDE,24
2017,2017,Oct,10/31/2017,SEFL,Middle,DC2,DC23,DC23-500-007,1,Iso,SSID,SIDE,2
2017,2017,Oct,10/31/2017,SEFL,Middle,DC2,DC23,DC23-500-007,1,Iso,SSID,SIDE,18
2017,2017,Oct,10/31/2017,SEFL,Middle,DC2,DC23,DC23-500-007,1,Iso,SSID,SIDE,4
2017,2017,Oct,10/31/2017,SEFL,Middle,DC2,DC23,DC23-500-007,1,Iso,SSID,SIDE,2
2017,2017,Oct,10/31/2017,SEFL,Middle,DC2,DC23,DC23-500-007,1,Iso,SSID,SIDE,8
2017,2017,Oct,10/31/2017,SEFL,Middle,DC2,DC23,DC23-500-007,1,Iso,SSID,SIDE,4
2017,2017,Oct,10/31/2017,SEFL,Middle,DC2,DC23,DC23-500-007,1,Juv,SSID,SIDE,34
2017,2017,Oct,10/31/2017,SEFL,Middle,DC2,DC23,DC23-500-007,1,Juv,SSID,SIDE,3
2017,2017,Oct,10/31/2017,SEFL,Middle,DC2,DC23,DC23-500-007,1,Juv,SSID,SIDE,3
2017,2017,Oct,10/31/2017,SEFL,Middle,DC2,DC23,DC23-500-034,1,Juv,MCAV,MCAV,25
2017,2017,Oct,10/31/2017,SEFL,Middle,DC2,DC23,DC23-500-125,1,Juv,MCAV,MCAV,13
2017,2017,Oct,10/31/2017,SEFL,Middle,DC2,DC23,DC23-500-125,1,Juv,MCAV,MCAV,8
2017,2017,Oct,10/31/2017,SEFL,Middle,DC2,DC23,DC23-500-125,1,Juv,SSID,SIDE,21
2017,2017,Oct,10/31/2017,SEFL,Middle,DC2,DC23,DC23-500-125,1,Juv,SSID,SIDE,8
2017,2017,Oct,10/31/2017,SEFL,Middle,DC2,DC23,DC23-500-172,1,Juv,EFAS,EFAS,23
2017,2017,Oct,10/31/2017,SEFL,Middle,DC2,DC23,DC23-500-172,1,Juv,MCAV,MCAV,29
2017,2017,Oct,10/31/2017,SEFL,Middle,DC2,DC23,DC23-500-172,1,Juv,MCAV,MCAV,13
2017,2017,Oct,10/31/2017,SEFL,Middle,DC2,DC23,DC23-500-172,1,Iso,SSID,SIDE,20
2017,2017,Oct,10/31/2017,SEFL,Middle,DC2,DC23,DC23-500-172,1,Iso,SSID,SIDE,14
2017,2017,Oct,10/31/2017,SEFL,Middle,DC2,DC23,DC23-500-172,1,Iso,SSID,SIDE,8
2017,2017,Oct,10/31/2017,SEFL,Middle,DC2,DC23,DC23-500-172,1,Iso,SSID,SIDE,2
2017,2017,Oct,10/31/2017,SEFL,Middle,DC2,DC23,DC23-500-172,1,Uns,SMIC,SMIC,16
2017,2017,Oct,10/31/2017,SEFL,Middle,DC2,DC23,DC23-500-172,1,Uns,SMIC,SMIC,19
2017,2017,Oct,10/31/2017,SEFL,Middle,DC2,DC24,DC24-100-067,1,Juv,PAST,PORI,4
2017,2017,Oct,10/31/2017,SEFL,Middle,DC2,DC24,DC24-100-089,1,Juv,SMIC,SMIC,6
2017,2017,Oct,10/31/2017,SEFL,Middle,DC2,DC24,DC24-100-114,0,NA,NA,NA,NA
2017,2017,Oct,10/31/2017,SEFL,Middle,DC2,DC24,DC24-100-191,1,Juv,SMIC,SMIC,5
2017,2017,Oct,10/31/2017,SEFL,Middle,DC2,DC24,DC24-500-045,1,Juv,DSTO,DSTO,5
2017,2017,Oct,10/31/2017,SEFL,Middle,DC2,DC24,DC24-500-045,1,Juv,SSID,SIDE,12
2017,2017,Oct,10/31/2017,SEFL,Middle,DC2,DC24,DC24-500-120,1,Juv,MCAV,MCAV,11
2017,2017,Oct,10/31/2017,SEFL,Middle,DC2,DC24,DC24-500-154,0,NA,NA,NA,NA
2017,2017,Oct,10/31/2017,SEFL,Middle,DC2,DC24,DC24-500-223,1,Juv,DSTO,DSTO,15
2017,2017,Oct,10/18/2017,SEFL,Outer,DC3,DC31,DC31-100-097,0,NA,NA,NA,NA
2017,2017,Oct,10/18/2017,SEFL,Outer,DC3,DC31,DC31-100-116,0,NA,NA,NA,NA
2017,2017,Oct,10/18/2017,SEFL,Outer,DC3,DC31,DC31-100-141,0,NA,NA,NA,NA
2017,2017,Oct,10/18/2017,SEFL,Outer,DC3,DC31,DC31-100-199,1,Juv,SSID,SIDE,22
2017,2017,Oct,10/18/2017,SEFL,Outer,DC3,DC31,DC31-100-199,1,Juv,SSID,SIDE,5
2017,2017,Oct,10/18/2017,SEFL,Outer,DC3,DC31,DC31-500-133,0,NA,NA,NA,NA
2017,2017,Oct,10/18/2017,SEFL,Outer,DC3,DC31,DC31-500-167,0,NA,NA,NA,NA
2017,2017,Oct,10/18/2017,SEFL,Outer,DC3,DC31,DC31-500-198,0,NA,NA,NA,NA
2017,2017,Oct,10/18/2017,SEFL,Outer,DC3,DC31,DC31-500-209,0,NA,NA,NA,NA
2017,2017,Oct,10/18/2017,SEFL,Outer,DC3,DC32,DC32-100-119,0,NA,NA,NA,NA
2017,2017,Oct,10/18/2017,SEFL,Outer,DC3,DC32,DC32-100-131,0,NA,NA,NA,NA
2017,2017,Oct,10/18/2017,SEFL,Outer,DC3,DC32,DC32-100-170,0,NA,NA,NA,NA
2017,2017,Oct,10/18/2017,SEFL,Outer,DC3,DC32,DC32-100-179,1,Juv,MMEA,MMEA,13
2017,2017,Oct,10/18/2017,SEFL,Outer,DC3,DC32,DC32-100-179,1,Juv,SIDE,SIDE,30
2017,2017,Oct,10/18/2017,SEFL,Outer,DC3,DC32,DC32-500-119,1,Juv,CNAT,CNAT,19
2017,2017,Oct,10/18/2017,SEFL,Outer,DC3,DC32,DC32-500-160,0,NA,NA,NA,NA
2017,2017,Oct,10/18/2017,SEFL,Outer,DC3,DC32,DC32-500-173,0,NA,NA,NA,NA
2017,2017,Oct,10/18/2017,SEFL,Outer,DC3,DC32,DC32-500-208,0,NA,NA,NA,NA
2017,2017,Oct,10/18/2017,SEFL,Outer,DC3,DC33,DC33-100-112,1,Juv,SMIC,SMIC,5
2017,2017,Oct,10/18/2017,SEFL,Outer,DC3,DC33,DC33-100-155,0,NA,NA,NA,NA
2017,2017,Oct,10/18/2017,SEFL,Outer,DC3,DC33,DC33-100-181,0,NA,NA,NA,NA
2017,2017,Oct,10/18/2017,SEFL,Outer,DC3,DC33,DC33-100-220,0,NA,NA,NA,NA
2017,2017,Oct,10/18/2017,SEFL,Outer,DC3,DC33,DC33-500-080,1,Juv,MCAV,MCAV,29
2017,2017,Oct,10/18/2017,SEFL,Outer,DC3,DC33,DC33-500-109,0,NA,NA,NA,NA
2017,2017,Oct,10/18/2017,SEFL,Outer,DC3,DC33,DC33-500-130,0,NA,NA,NA,NA
2017,2017,Oct,10/18/2017,SEFL,Outer,DC3,DC33,DC33-500-199,0,NA,NA,NA,NA
2017,2017,Oct,10/18/2017,SEFL,Outer,DC3,DC34,DC34-100-028,0,NA,NA,NA,NA
2017,2017,Oct,10/18/2017,SEFL,Outer,DC3,DC34,DC34-100-050,0,NA,NA,NA,NA
2017,2017,Oct,10/18/2017,SEFL,Outer,DC3,DC34,DC34-100-100,0,NA,NA,NA,NA
2017,2017,Oct,10/18/2017,SEFL,Outer,DC3,DC34,DC34-100-171,1,Juv,SSID,SIDE,18
2017,2017,Oct,10/18/2017,SEFL,Outer,DC3,DC34,DC34-500-099,1,Juv,SMIC,SMIC,6
2017,2017,Oct,10/18/2017,SEFL,Outer,DC3,DC34,DC34-500-131,0,NA,NA,NA,NA
2017,2017,Oct,10/18/2017,SEFL,Outer,DC3,DC34,DC34-500-153,0,NA,NA,NA,NA
2017,2017,Oct,10/18/2017,SEFL,Outer,DC3,DC34,DC34-500-174,1,Juv,SMIC,SMIC,19
2017,2017,Nov,11/1/2017,SEFL,Outer,DC4,DC41,DC41-100-037,0,NA,NA,NA,NA
2017,2017,Nov,11/1/2017,SEFL,Outer,DC4,DC41,DC41-100-057,1,Juv,SMIC,SMIC,25
2017,2017,Nov,11/1/2017,SEFL,Outer,DC4,DC41,DC41-100-110,1,Juv,SSID,SIDE,14
2017,2017,Nov,11/1/2017,SEFL,Outer,DC4,DC41,DC41-100-168,1,Juv,MCAV,MCAV,12
2017,2017,Nov,11/1/2017,SEFL,Outer,DC4,DC41,DC41-100-168,1,Iso,SMIC,SMIC,34
2017,2017,Nov,11/1/2017,SEFL,Outer,DC4,DC41,DC41-500-027,0,NA,NA,NA,NA
2017,2017,Nov,11/1/2017,SEFL,Outer,DC4,DC41,DC41-500-054,0,NA,NA,NA,NA
2017,2017,Nov,11/1/2017,SEFL,Outer,DC4,DC41,DC41-500-083,0,NA,NA,NA,NA
2017,2017,Nov,11/1/2017,SEFL,Outer,DC4,DC41,DC41-500-162,0,NA,NA,NA,NA
2017,2017,Nov,11/1/2017,SEFL,Outer,DC4,DC42,DC42-100-017,1,Juv,MCAV,MCAV,11
2017,2017,Nov,11/1/2017,SEFL,Outer,DC4,DC42,DC42-100-017,1,Juv,MCAV,MCAV,10
2017,2017,Nov,11/1/2017,SEFL,Outer,DC4,DC42,DC42-100-057,1,Juv,SSID,SIDE,11
2017,2017,Nov,11/1/2017,SEFL,Outer,DC4,DC42,DC42-100-139,1,Juv,MCAV,MCAV,29
2017,2017,Nov,11/1/2017,SEFL,Outer,DC4,DC42,DC42-100-139,1,Juv,MCAV,MCAV,18
2017,2017,Nov,11/1/2017,SEFL,Outer,DC4,DC42,DC42-100-139,1,Juv,PAST,PORI,13
2017,2017,Nov,11/1/2017,SEFL,Outer,DC4,DC42,DC42-100-139,1,Juv,SSID,SIDE,20
2017,2017,Nov,11/1/2017,SEFL,Outer,DC4,DC42,DC42-100-174,0,NA,NA,NA,NA
2017,2017,Nov,11/1/2017,SEFL,Outer,DC4,DC42,DC42-500-037,1,Juv,PAST,PORI,9
2017,2017,Nov,11/1/2017,SEFL,Outer,DC4,DC42,DC42-500-037,1,Iso,SSID,SIDE,35
2017,2017,Nov,11/1/2017,SEFL,Outer,DC4,DC42,DC42-500-037,1,Iso,SSID,SIDE,22
2017,2017,Nov,11/1/2017,SEFL,Outer,DC4,DC42,DC42-500-100,1,Juv,PAST,PORI,24
2017,2017,Nov,11/1/2017,SEFL,Outer,DC4,DC42,DC42-500-100,1,Juv,SMIC,SMIC,33
2017,2017,Nov,11/1/2017,SEFL,Outer,DC4,DC42,DC42-500-133,0,NA,NA,NA,NA
2017,2017,Nov,11/1/2017,SEFL,Outer,DC4,DC42,DC42-500-186,1,Juv,MCAV,MCAV,4
2017,2017,Nov,11/1/2017,SEFL,Outer,DC4,DC43,DC43-100-024,1,Juv,SSID,SIDE,23
2017,2017,Nov,11/1/2017,SEFL,Outer,DC4,DC43,DC43-100-055,0,NA,NA,NA,NA
2017,2017,Nov,11/1/2017,SEFL,Outer,DC4,DC43,DC43-100-123,1,Juv,MUSS,MUSS,20
2017,2017,Nov,11/1/2017,SEFL,Outer,DC4,DC43,DC43-100-123,1,Juv,MUSS,MUSS,28
2017,2017,Nov,11/1/2017,SEFL,Outer,DC4,DC43,DC43-100-123,1,Juv,MUSS,MUSS,28
2017,2017,Nov,11/1/2017,SEFL,Outer,DC4,DC43,DC43-100-160,1,Juv,AGAR,AGAR,23
2017,2017,Nov,11/1/2017,SEFL,Outer,DC4,DC43,DC43-100-160,1,Juv,SMIC,SMIC,12
2017,2017,Nov,11/1/2017,SEFL,Outer,DC4,DC43,DC43-500-045,0,NA,NA,NA,NA
2017,2017,Nov,11/1/2017,SEFL,Outer,DC4,DC43,DC43-500-075,0,NA,NA,NA,NA
2017,2017,Nov,11/1/2017,SEFL,Outer,DC4,DC43,DC43-500-099,0,NA,NA,NA,NA
2017,2017,Nov,11/1/2017,SEFL,Outer,DC4,DC43,DC43-500-134,1,Juv,ALAM,AGAR,35
2017,2017,Nov,11/1/2017,SEFL,Outer,DC4,DC44,DC44-100-024,1,Juv,PORI,PORI,9
2017,2017,Nov,11/1/2017,SEFL,Outer,DC4,DC44,DC44-100-062,0,NA,NA,NA,NA
2017,2017,Nov,11/1/2017,SEFL,Outer,DC4,DC44,DC44-100-122,0,NA,NA,NA,NA
2017,2017,Nov,11/1/2017,SEFL,Outer,DC4,DC44,DC44-100-157,1,Juv,MCAV,MCAV,37
2017,2017,Nov,11/1/2017,SEFL,Outer,DC4,DC44,DC44-100-157,1,Juv,MCAV,MCAV,11
2017,2017,Nov,11/1/2017,SEFL,Outer,DC4,DC44,DC44-100-157,1,Juv,PAST,PORI,29
2017,2017,Nov,11/1/2017,SEFL,Outer,DC4,DC44,DC44-100-157,1,Juv,SSID,SIDE,13
2017,2017,Nov,11/1/2017,SEFL,Outer,DC4,DC44,DC44-500-018,0,NA,NA,NA,NA
2017,2017,Nov,11/1/2017,SEFL,Outer,DC4,DC44,DC44-500-051,1,Juv,DSTR,DIPL,25
2017,2017,Nov,11/1/2017,SEFL,Outer,DC4,DC44,DC44-500-051,1,Juv,SSID,SIDE,7
2017,2017,Nov,11/1/2017,SEFL,Outer,DC4,DC44,DC44-500-117,0,NA,NA,NA,NA
2017,2017,Nov,11/1/2017,SEFL,Outer,DC4,DC44,DC44-500-158,0,NA,NA,NA,NA
2017,2018,Feb,2/27/2018,SEFL,Inner,DC5,DC51,DC51-100-013,1,Juv,AAGA,AGAR,34
2017,2018,Feb,2/27/2018,SEFL,Inner,DC5,DC51,DC51-100-013,1,Juv,SSID,SIDE,6
2017,2018,Feb,2/27/2018,SEFL,Inner,DC5,DC51,DC51-100-057,1,Juv,MCAV,MCAV,23
2017,2018,Feb,2/27/2018,SEFL,Inner,DC5,DC51,DC51-100-057,1,Juv,PAST,PORI,13
2017,2018,Feb,2/27/2018,SEFL,Inner,DC5,DC51,DC51-100-057,1,Iso,PPOR,PORI,18
2017,2018,Feb,2/27/2018,SEFL,Inner,DC5,DC51,DC51-100-057,1,Iso,PPOR,PORI,24
2017,2018,Feb,2/27/2018,SEFL,Inner,DC5,DC51,DC51-100-076,0,NA,NA,NA,NA
2017,2018,Feb,2/27/2018,SEFL,Inner,DC5,DC51,DC51-100-127,0,NA,NA,NA,NA
2017,2018,Feb,2/27/2018,SEFL,Inner,DC5,DC51,DC51-500-018,1,Iso,AAGA,AGAR,8
2017,2018,Feb,2/27/2018,SEFL,Inner,DC5,DC51,DC51-500-018,1,Iso,AAGA,AGAR,3
2017,2018,Feb,2/27/2018,SEFL,Inner,DC5,DC51,DC51-500-018,1,Iso,AAGA,AGAR,25
2017,2018,Feb,2/27/2018,SEFL,Inner,DC5,DC51,DC51-500-018,1,Iso,AAGA,AGAR,14
2017,2018,Feb,2/27/2018,SEFL,Inner,DC5,DC51,DC51-500-018,1,Iso,AAGA,AGAR,7
2017,2018,Feb,2/27/2018,SEFL,Inner,DC5,DC51,DC51-500-018,1,Juv,PAST,PORI,5
2017,2018,Feb,2/27/2018,SEFL,Inner,DC5,DC51,DC51-500-018,1,Juv,PORI,PORI,5
2017,2018,Feb,2/27/2018,SEFL,Inner,DC5,DC51,DC51-500-095,0,NA,NA,NA,NA
2017,2018,Feb,2/27/2018,SEFL,Inner,DC5,DC51,DC51-500-145,1,Juv,AAGA,AGAR,4
2017,2018,Feb,2/27/2018,SEFL,Inner,DC5,DC51,DC51-500-145,1,Juv,PPOR,PORI,2
2017,2018,Feb,2/27/2018,SEFL,Inner,DC5,DC51,DC51-500-165,1,Iso,SSID,SIDE,12
2017,2018,Feb,2/27/2018,SEFL,Inner,DC5,DC51,DC51-500-165,1,Iso,SSID,SIDE,11
2017,2018,Feb,2/27/2018,SEFL,Inner,DC5,DC51,DC51-500-165,1,Iso,SSID,SIDE,28
2017,2018,Feb,2/27/2018,SEFL,Inner,DC5,DC51,DC51-500-165,1,Iso,SSID,SIDE,15
2017,2018,Feb,2/27/2018,SEFL,Inner,DC5,DC51,DC51-500-165,1,Iso,SSID,SIDE,39
2017,2018,Feb,2/27/2018,SEFL,Inner,DC5,DC51,DC51-500-165,1,Iso,SSID,SIDE,6
2017,2018,Feb,2/27/2018,SEFL,Inner,DC5,DC51,DC51-500-165,1,Juv,SSID,SIDE,11
2017,2018,Feb,2/27/2018,SEFL,Inner,DC5,DC51,DC51-500-165,1,Juv,SSID,SIDE,8
2017,2018,Feb,2/27/2018,SEFL,Inner,DC5,DC52,DC52-100-059,1,Uns,AAGA,AGAR,25
2017,2018,Feb,2/27/2018,SEFL,Inner,DC5,DC52,DC52-100-059,1,Uns,SSID,SIDE,22
2017,2018,Feb,2/27/2018,SEFL,Inner,DC5,DC52,DC52-100-059,1,Uns,SSID,SIDE,3
2017,2018,Feb,2/27/2018,SEFL,Inner,DC5,DC52,DC52-100-059,1,Uns,SSID,SIDE,5
2017,2018,Feb,2/27/2018,SEFL,Inner,DC5,DC52,DC52-100-059,1,Uns,SSID,SIDE,4
2017,2018,Feb,2/27/2018,SEFL,Inner,DC5,DC52,DC52-100-104,1,Juv,AAGA,AGAR,39
2017,2018,Feb,2/27/2018,SEFL,Inner,DC5,DC52,DC52-100-104,1,Juv,DSTO,DSTO,15
2017,2018,Feb,2/27/2018,SEFL,Inner,DC5,DC52,DC52-100-104,1,Juv,PAST,PORI,14
2017,2018,Feb,2/27/2018,SEFL,Inner,DC5,DC52,DC52-100-118,1,Juv,MCAV,MCAV,8
2017,2018,Feb,2/27/2018,SEFL,Inner,DC5,DC52,DC52-100-118,1,Juv,PAST,PORI,29
2017,2018,Feb,2/27/2018,SEFL,Inner,DC5,DC52,DC52-100-118,1,Juv,PPOR,PORI,24
2017,2018,Feb,2/27/2018,SEFL,Inner,DC5,DC52,DC52-100-177,1,Juv,AAGA,AGAR,9
2017,2018,Feb,2/27/2018,SEFL,Inner,DC5,DC52,DC52-100-177,1,Juv,PAST,PORI,10
2017,2018,Feb,2/27/2018,SEFL,Inner,DC5,DC52,DC52-500-075,1,Juv,AAGA,AGAR,30
2017,2018,Feb,2/27/2018,SEFL,Inner,DC5,DC52,DC52-500-075,1,Juv,AAGA,AGAR,15
2017,2018,Feb,2/27/2018,SEFL,Inner,DC5,DC52,DC52-500-075,1,Juv,PPOR,PORI,8
2017,2018,Feb,2/27/2018,SEFL,Inner,DC5,DC52,DC52-500-075,1,Juv,SSID,SIDE,6
2017,2018,Feb,2/27/2018,SEFL,Inner,DC5,DC52,DC52-500-075,1,Juv,SSID,SIDE,33
2017,2018,Feb,2/27/2018,SEFL,Inner,DC5,DC52,DC52-500-104,1,Juv,AAGA,AGAR,12
2017,2018,Feb,2/27/2018,SEFL,Inner,DC5,DC52,DC52-500-104,1,Juv,AAGA,AGAR,8
2017,2018,Feb,2/27/2018,SEFL,Inner,DC5,DC52,DC52-500-104,1,Juv,PPOR,PORI,8
2017,2018,Feb,2/27/2018,SEFL,Inner,DC5,DC52,DC52-500-104,1,Juv,SSID,SIDE,13
2017,2018,Feb,2/27/2018,SEFL,Inner,DC5,DC52,DC52-500-104,1,Juv,SSID,SIDE,4
2017,2018,Feb,2/27/2018,SEFL,Inner,DC5,DC52,DC52-500-140,1,Juv,SSID,SIDE,12
2017,2018,Feb,2/27/2018,SEFL,Inner,DC5,DC52,DC52-500-161,1,Juv,AAGA,AGAR,33
2017,2018,Feb,2/27/2018,SEFL,Inner,DC5,DC53,DC53-100-085,0,NA,NA,NA,NA
2017,2018,Feb,2/27/2018,SEFL,Inner,DC5,DC53,DC53-100-114,0,NA,NA,NA,NA
2017,2018,Feb,2/27/2018,SEFL,Inner,DC5,DC53,DC53-100-150,1,Juv,AGAR,AGAR,30
2017,2018,Feb,2/27/2018,SEFL,Inner,DC5,DC53,DC53-100-150,1,Juv,PAST,PORI,28
2017,2018,Feb,2/27/2018,SEFL,Inner,DC5,DC53,DC53-100-183,1,Juv,PAST,PORI,9
2017,2018,Feb,2/27/2018,SEFL,Inner,DC5,DC53,DC53-500-004,1,Juv,AAGA,AGAR,38
2017,2018,Feb,2/27/2018,SEFL,Inner,DC5,DC53,DC53-500-004,1,Juv,AAGA,AGAR,27
2017,2018,Feb,2/27/2018,SEFL,Inner,DC5,DC53,DC53-500-004,1,Iso,SSID,SIDE,21
2017,2018,Feb,2/27/2018,SEFL,Inner,DC5,DC53,DC53-500-004,1,Iso,SSID,SIDE,19
2017,2018,Feb,2/27/2018,SEFL,Inner,DC5,DC53,DC53-500-004,1,Iso,SSID,SIDE,19
2017,2018,Feb,2/27/2018,SEFL,Inner,DC5,DC53,DC53-500-004,1,Iso,SSID,SIDE,18
2017,2018,Feb,2/27/2018,SEFL,Inner,DC5,DC53,DC53-500-004,1,Iso,SSID,SIDE,12
2017,2018,Feb,2/27/2018,SEFL,Inner,DC5,DC53,DC53-500-004,1,Iso,SSID,SIDE,30
2017,2018,Feb,2/27/2018,SEFL,Inner,DC5,DC53,DC53-500-004,1,Iso,SSID,SIDE,23
2017,2018,Feb,2/27/2018,SEFL,Inner,DC5,DC53,DC53-500-004,1,Juv,SSID,SIDE,12
2017,2018,Feb,2/27/2018,SEFL,Inner,DC5,DC53,DC53-500-004,1,Iso,SSID,SIDE,11
2017,2018,Feb,2/27/2018,SEFL,Inner,DC5,DC53,DC53-500-004,1,Iso,SSID,SIDE,5
2017,2018,Feb,2/27/2018,SEFL,Inner,DC5,DC53,DC53-500-004,1,Iso,SSID,SIDE,4
2017,2018,Feb,2/27/2018,SEFL,Inner,DC5,DC53,DC53-500-004,1,Iso,SSID,SIDE,2
2017,2018,Feb,2/27/2018,SEFL,Inner,DC5,DC53,DC53-500-004,1,Juv,SMIC,SMIC,11
2017,2018,Feb,2/27/2018,SEFL,Inner,DC5,DC53,DC53-500-004,1,Juv,UNKS,UNKS,5
2017,2018,Feb,2/27/2018,SEFL,Inner,DC5,DC53,DC53-500-084,0,NA,NA,NA,NA
2017,2018,Feb,2/27/2018,SEFL,Inner,DC5,DC53,DC53-500-136,0,NA,NA,NA,NA
2017,2018,Feb,2/27/2018,SEFL,Inner,DC5,DC53,DC53-500-178,1,Juv,PAST,PORI,6
2017,2018,Feb,2/27/2018,SEFL,Inner,DC5,DC53,DC53-500-178,1,Juv,SMIC,SMIC,23
2017,2018,Feb,2/27/2018,SEFL,Inner,DC5,DC54,DC54-100-077,1,Juv,SSID,SIDE,29
2017,2018,Feb,2/27/2018,SEFL,Inner,DC5,DC54,DC54-100-077,1,Juv,SSID,SIDE,6
2017,2018,Feb,2/27/2018,SEFL,Inner,DC5,DC54,DC54-100-089,1,Juv,AAGA,AGAR,27
2017,2018,Feb,2/27/2018,SEFL,Inner,DC5,DC54,DC54-100-089,1,Juv,PAST,PORI,14
2017,2018,Feb,2/27/2018,SEFL,Inner,DC5,DC54,DC54-100-089,1,Juv,PAST,PORI,21
2017,2018,Feb,2/27/2018,SEFL,Inner,DC5,DC54,DC54-100-123,1,Juv,SSID,SIDE,14
2017,2018,Feb,2/27/2018,SEFL,Inner,DC5,DC54,DC54-100-138,1,Juv,PAST,PORI,8
2017,2018,Feb,2/27/2018,SEFL,Inner,DC5,DC54,DC54-100-138,1,Juv,SSID,SIDE,11
2017,2018,Feb,2/27/2018,SEFL,Inner,DC5,DC54,DC54-100-138,1,Juv,SSID,SIDE,13
2017,2018,Feb,2/27/2018,SEFL,Inner,DC5,DC54,DC54-100-138,1,Juv,SMIC,SMIC,19
2017,2018,Feb,2/27/2018,SEFL,Inner,DC5,DC54,DC54-500-015,1,Juv,AFRA,AGAR,9
2017,2018,Feb,2/27/2018,SEFL,Inner,DC5,DC54,DC54-500-015,1,Juv,DSTR,DIPL,18
2017,2018,Feb,2/27/2018,SEFL,Inner,DC5,DC54,DC54-500-015,1,Juv,PPOR,PORI,7
2017,2018,Feb,2/27/2018,SEFL,Inner,DC5,DC54,DC54-500-015,1,Juv,SSID,SIDE,4
2017,2018,Feb,2/27/2018,SEFL,Inner,DC5,DC54,DC54-500-015,1,Juv,SSID,SIDE,5
2017,2018,Feb,2/27/2018,SEFL,Inner,DC5,DC54,DC54-500-046,1,Juv,SSID,SIDE,7
2017,2018,Feb,2/27/2018,SEFL,Inner,DC5,DC54,DC54-500-059,1,Juv,AAGA,AGAR,34
2017,2018,Feb,2/27/2018,SEFL,Inner,DC5,DC54,DC54-500-059,1,Juv,AAGA,AGAR,25
2017,2018,Feb,2/27/2018,SEFL,Inner,DC5,DC54,DC54-500-059,1,Juv,SSID,SIDE,35
2017,2018,Feb,2/27/2018,SEFL,Inner,DC5,DC54,DC54-500-168,0,NA,NA,NA,NA
2017,2017,Sept,9/28/2017,SEFL,Nearshore,DC6,DC61,DC61-100-065,0,NA,NA,NA,NA
2017,2017,Sept,9/28/2017,SEFL,Nearshore,DC6,DC61,DC61-100-078,1,Juv,PAST,PORI,6
2017,2017,Sept,9/28/2017,SEFL,Nearshore,DC6,DC61,DC61-100-078,1,Juv,SSID,SIDE,2
2017,2017,Sept,9/28/2017,SEFL,Nearshore,DC6,DC61,DC61-100-137,0,NA,NA,NA,NA
2017,2017,Sept,9/28/2017,SEFL,Nearshore,DC6,DC61,DC61-100-162,1,Juv,SSID,SIDE,10
2017,2017,Sept,9/28/2017,SEFL,Nearshore,DC6,DC61,DC61-100-162,1,Juv,SSID,SIDE,8
2017,2017,Sept,9/28/2017,SEFL,Nearshore,DC6,DC61,DC61-100-162,1,Juv,SSID,SIDE,18
2017,2017,Sept,9/28/2017,SEFL,Nearshore,DC6,DC61,DC61-100-162,1,Juv,SSID,SIDE,7
2017,2017,Sept,9/28/2017,SEFL,Nearshore,DC6,DC61,DC61-500-017,1,Juv,SSID,SIDE,4
2017,2017,Sept,9/28/2017,SEFL,Nearshore,DC6,DC61,DC61-500-091,1,Juv,PAST,PORI,7
2017,2017,Sept,9/28/2017,SEFL,Nearshore,DC6,DC61,DC61-500-091,1,Juv,PAST,PORI,11
2017,2017,Sept,9/28/2017,SEFL,Nearshore,DC6,DC61,DC61-500-091,1,Juv,PAST,PORI,7
2017,2017,Sept,9/28/2017,SEFL,Nearshore,DC6,DC61,DC61-500-091,1,Uns,PAST,PORI,7
2017,2017,Sept,9/28/2017,SEFL,Nearshore,DC6,DC61,DC61-500-091,1,Iso,PAST,PORI,17
2017,2017,Sept,9/28/2017,SEFL,Nearshore,DC6,DC61,DC61-500-091,1,Juv,SSID,SIDE,4
2017,2017,Sept,9/28/2017,SEFL,Nearshore,DC6,DC61,DC61-500-132,1,Juv,PAST,PORI,7
2017,2017,Sept,9/28/2017,SEFL,Nearshore,DC6,DC61,DC61-500-132,1,Juv,PAST,PORI,5
2017,2017,Sept,9/28/2017,SEFL,Nearshore,DC6,DC61,DC61-500-184,1,Juv,PAST,PORI,25
2017,2017,Sept,9/28/2017,SEFL,Nearshore,DC6,DC61,DC61-500-184,1,Juv,PAST,PORI,18
2017,2017,Sept,9/28/2017,SEFL,Nearshore,DC6,DC61,DC61-500-184,1,Juv,PAST,PORI,10
2017,2017,Sept,9/28/2017,SEFL,Nearshore,DC6,DC61,DC61-500-184,1,Juv,UNKS,UNKS,1
2017,2017,Sept,9/28/2017,SEFL,Nearshore,DC6,DC62,DC62-100-052,1,Juv,SSID,SIDE,2
2017,2017,Sept,9/28/2017,SEFL,Nearshore,DC6,DC62,DC62-100-084,1,Juv,PAST,PORI,4
2017,2017,Sept,9/28/2017,SEFL,Nearshore,DC6,DC62,DC62-100-084,1,Juv,PAST,PORI,9
2017,2017,Sept,9/28/2017,SEFL,Nearshore,DC6,DC62,DC62-100-141,0,NA,NA,NA,NA
2017,2017,Sept,9/28/2017,SEFL,Nearshore,DC6,DC62,DC62-100-163,0,NA,NA,NA,NA
2017,2017,Sept,9/28/2017,SEFL,Nearshore,DC6,DC62,DC62-500-082,0,NA,NA,NA,NA
2017,2017,Sept,9/28/2017,SEFL,Nearshore,DC6,DC62,DC62-500-114,1,Juv,SSID,SIDE,13
2017,2017,Sept,9/28/2017,SEFL,Nearshore,DC6,DC62,DC62-500-114,1,Juv,SSID,SIDE,16
2017,2017,Sept,9/28/2017,SEFL,Nearshore,DC6,DC62,DC62-500-114,1,Juv,SSID,SIDE,8
2017,2017,Sept,9/28/2017,SEFL,Nearshore,DC6,DC62,DC62-500-132,1,Juv,SSID,SIDE,33
2017,2017,Sept,9/28/2017,SEFL,Nearshore,DC6,DC62,DC62-500-132,1,Juv,SSID,SIDE,8
2017,2017,Sept,9/28/2017,SEFL,Nearshore,DC6,DC62,DC62-500-205,1,Juv,PAST,PORI,11
2017,2017,Sept,9/28/2017,SEFL,Nearshore,DC6,DC63,DC63-100-060,1,Juv,PAST,PORI,11
2017,2017,Sept,9/28/2017,SEFL,Nearshore,DC6,DC63,DC63-100-060,1,Juv,PAST,PORI,3
2017,2017,Sept,9/28/2017,SEFL,Nearshore,DC6,DC63,DC63-100-060,1,Juv,PAST,PORI,5
2017,2017,Sept,9/28/2017,SEFL,Nearshore,DC6,DC63,DC63-100-060,1,Juv,PAST,PORI,10
2017,2017,Sept,9/28/2017,SEFL,Nearshore,DC6,DC63,DC63-100-060,1,Juv,PAST,PORI,6
2017,2017,Sept,9/28/2017,SEFL,Nearshore,DC6,DC63,DC63-100-060,1,Juv,PAST,PORI,5
2017,2017,Sept,9/28/2017,SEFL,Nearshore,DC6,DC63,DC63-100-060,1,Juv,SSID,SIDE,6
2017,2017,Sept,9/28/2017,SEFL,Nearshore,DC6,DC63,DC63-100-060,1,Juv,SSID,SIDE,9
2017,2017,Sept,9/28/2017,SEFL,Nearshore,DC6,DC63,DC63-100-060,1,Juv,SSID,SIDE,13
2017,2017,Sept,9/28/2017,SEFL,Nearshore,DC6,DC63,DC63-100-060,1,Juv,SSID,SIDE,15
2017,2017,Sept,9/28/2017,SEFL,Nearshore,DC6,DC63,DC63-100-060,1,Juv,SSID,SIDE,10
2017,2017,Sept,9/28/2017,SEFL,Nearshore,DC6,DC63,DC63-100-060,1,Juv,SSID,SIDE,5
2017,2017,Sept,9/28/2017,SEFL,Nearshore,DC6,DC63,DC63-100-108,1,Juv,PAST,PORI,16
2017,2017,Sept,9/28/2017,SEFL,Nearshore,DC6,DC63,DC63-100-108,1,Juv,PAST,PORI,2
2017,2017,Sept,9/28/2017,SEFL,Nearshore,DC6,DC63,DC63-100-108,1,Juv,SSID,SIDE,10
2017,2017,Sept,9/28/2017,SEFL,Nearshore,DC6,DC63,DC63-100-108,1,Juv,SSID,SIDE,5
2017,2017,Sept,9/28/2017,SEFL,Nearshore,DC6,DC63,DC63-100-108,1,Juv,SSID,SIDE,3
2017,2017,Sept,9/28/2017,SEFL,Nearshore,DC6,DC63,DC63-100-108,1,Juv,SSID,SIDE,9
2017,2017,Sept,9/28/2017,SEFL,Nearshore,DC6,DC63,DC63-100-108,1,Juv,SSID,SIDE,15
2017,2017,Sept,9/28/2017,SEFL,Nearshore,DC6,DC63,DC63-100-165,1,Uns,SSID,SIDE,33
2017,2017,Sept,9/28/2017,SEFL,Nearshore,DC6,DC63,DC63-100-165,1,Uns,SSID,SIDE,6
2017,2017,Sept,9/28/2017,SEFL,Nearshore,DC6,DC63,DC63-100-165,1,Uns,SSID,SIDE,23
2017,2017,Sept,9/28/2017,SEFL,Nearshore,DC6,DC63,DC63-100-165,1,Juv,SSID,SIDE,12
2017,2017,Sept,9/28/2017,SEFL,Nearshore,DC6,DC63,DC63-100-165,1,Juv,SSID,SIDE,11
2017,2017,Sept,9/28/2017,SEFL,Nearshore,DC6,DC63,DC63-100-165,1,Juv,SSID,SIDE,20
2017,2017,Sept,9/28/2017,SEFL,Nearshore,DC6,DC63,DC63-100-194,0,NA,NA,NA,NA
2017,2017,Sept,9/28/2017,SEFL,Nearshore,DC6,DC63,DC63-500-046,1,Juv,PAST,PORI,10
2017,2017,Sept,9/28/2017,SEFL,Nearshore,DC6,DC63,DC63-500-046,1,Juv,SSID,SIDE,3
2017,2017,Sept,9/28/2017,SEFL,Nearshore,DC6,DC63,DC63-500-046,1,Juv,SSID,SIDE,16
2017,2017,Sept,9/28/2017,SEFL,Nearshore,DC6,DC63,DC63-500-091,1,Iso,PAST,PORI,3
2017,2017,Sept,9/28/2017,SEFL,Nearshore,DC6,DC63,DC63-500-091,1,Iso,PAST,PORI,1
2017,2017,Sept,9/28/2017,SEFL,Nearshore,DC6,DC63,DC63-500-091,1,Iso,PAST,PORI,7
2017,2017,Sept,9/28/2017,SEFL,Nearshore,DC6,DC63,DC63-500-091,1,Iso,PAST,PORI,34
2017,2017,Sept,9/28/2017,SEFL,Nearshore,DC6,DC63,DC63-500-091,1,Iso,PAST,PORI,13
2017,2017,Sept,9/28/2017,SEFL,Nearshore,DC6,DC63,DC63-500-091,1,Iso,PAST,PORI,12
2017,2017,Sept,9/28/2017,SEFL,Nearshore,DC6,DC63,DC63-500-091,1,Iso,PAST,PORI,6
2017,2017,Sept,9/28/2017,SEFL,Nearshore,DC6,DC63,DC63-500-091,1,Iso,PAST,PORI,1
2017,2017,Sept,9/28/2017,SEFL,Nearshore,DC6,DC63,DC63-500-091,1,Iso,PAST,PORI,1
2017,2017,Sept,9/28/2017,SEFL,Nearshore,DC6,DC63,DC63-500-091,1,Iso,PAST,PORI,7
2017,2017,Sept,9/28/2017,SEFL,Nearshore,DC6,DC63,DC63-500-091,1,Juv,SSID,SIDE,1
2017,2017,Sept,9/28/2017,SEFL,Nearshore,DC6,DC63,DC63-500-142,1,Juv,PAST,PORI,12
2017,2017,Sept,9/28/2017,SEFL,Nearshore,DC6,DC63,DC63-500-142,1,Juv,PAST,PORI,15
2017,2017,Sept,9/28/2017,SEFL,Nearshore,DC6,DC63,DC63-500-195,1,Juv,PAST,PORI,19
2017,2017,Sept,9/28/2017,SEFL,Nearshore,DC6,DC63,DC63-500-195,1,Juv,SSID,SIDE,17
2017,2017,Sept,9/28/2017,SEFL,Nearshore,DC6,DC63,DC63-500-195,1,Juv,SSID,SIDE,18
2017,2017,Sept,9/28/2017,SEFL,Nearshore,DC6,DC63,DC63-500-195,1,Juv,SSID,SIDE,12
2017,2017,Sept,9/28/2017,SEFL,Nearshore,DC6,DC63,DC63-500-195,1,Juv,SSID,SIDE,15
2017,2017,Sept,9/28/2017,SEFL,Nearshore,DC6,DC63,DC63-500-195,1,Juv,SSID,SIDE,6
2017,2017,Sept,9/28/2017,SEFL,Nearshore,DC6,DC63,DC63-500-195,1,Juv,SSID,SIDE,7
2017,2017,Sept,9/28/2017,SEFL,Nearshore,DC6,DC63,DC63-500-195,1,Juv,SSID,SIDE,7
2017,2017,Sept,9/28/2017,SEFL,Nearshore,DC6,DC64,DC64-100-097,1,Juv,PAST,PORI,5
2017,2017,Sept,9/28/2017,SEFL,Nearshore,DC6,DC64,DC64-100-097,1,Juv,SSID,SIDE,6
2017,2017,Sept,9/28/2017,SEFL,Nearshore,DC6,DC64,DC64-100-097,1,Juv,SSID,SIDE,3
2017,2017,Sept,9/28/2017,SEFL,Nearshore,DC6,DC64,DC64-100-128,1,Juv,PAST,PORI,3
2017,2017,Sept,9/28/2017,SEFL,Nearshore,DC6,DC64,DC64-100-128,1,Juv,PAST,PORI,2
2017,2017,Sept,9/28/2017,SEFL,Nearshore,DC6,DC64,DC64-100-128,1,Juv,SSID,SIDE,35
2017,2017,Sept,9/28/2017,SEFL,Nearshore,DC6,DC64,DC64-100-176,1,Juv,PAST,PORI,4
2017,2017,Sept,9/28/2017,SEFL,Nearshore,DC6,DC64,DC64-100-176,1,Juv,PAST,PORI,15
2017,2017,Sept,9/28/2017,SEFL,Nearshore,DC6,DC64,DC64-100-176,1,Juv,PAST,PORI,9
2017,2017,Sept,9/28/2017,SEFL,Nearshore,DC6,DC64,DC64-100-176,1,Juv,SSID,SIDE,2
2017,2017,Sept,9/28/2017,SEFL,Nearshore,DC6,DC64,DC64-100-193,1,Juv,PAST,PORI,4
2017,2017,Sept,9/28/2017,SEFL,Nearshore,DC6,DC64,DC64-100-193,1,Juv,PAST,PORI,10
2017,2017,Sept,9/28/2017,SEFL,Nearshore,DC6,DC64,DC64-100-193,1,Juv,PAST,PORI,36
2017,2017,Sept,9/28/2017,SEFL,Nearshore,DC6,DC64,DC64-100-193,1,Iso,SSID,SIDE,12
2017,2017,Sept,9/28/2017,SEFL,Nearshore,DC6,DC64,DC64-100-193,1,Iso,SSID,SIDE,25
2017,2017,Sept,9/28/2017,SEFL,Nearshore,DC6,DC64,DC64-100-193,1,Iso,SSID,SIDE,3
2017,2017,Sept,9/28/2017,SEFL,Nearshore,DC6,DC64,DC64-100-193,1,Iso,SSID,SIDE,4
2017,2017,Sept,9/28/2017,SEFL,Nearshore,DC6,DC64,DC64-100-193,1,Iso,SSID,SIDE,18
2017,2017,Sept,9/28/2017,SEFL,Nearshore,DC6,DC64,DC64-100-193,1,Iso,SSID,SIDE,6
2017,2017,Sept,9/28/2017,SEFL,Nearshore,DC6,DC64,DC64-100-193,1,Iso,SSID,SIDE,9
2017,2017,Sept,9/28/2017,SEFL,Nearshore,DC6,DC64,DC64-100-193,1,Iso,SSID,SIDE,7
2017,2017,Sept,9/28/2017,SEFL,Nearshore,DC6,DC64,DC64-100-193,1,Iso,SSID,SIDE,26
2017,2017,Sept,9/28/2017,SEFL,Nearshore,DC6,DC64,DC64-100-193,1,Juv,SSID,SIDE,9
2017,2017,Sept,9/28/2017,SEFL,Nearshore,DC6,DC64,DC64-100-193,1,Juv,SSID,SIDE,7
2017,2017,Sept,9/28/2017,SEFL,Nearshore,DC6,DC64,DC64-500-017,0,NA,NA,NA,NA
2017,2017,Sept,9/28/2017,SEFL,Nearshore,DC6,DC64,DC64-500-056,1,Juv,PAST,PORI,6
2017,2017,Sept,9/28/2017,SEFL,Nearshore,DC6,DC64,DC64-500-056,1,Juv,PPOR,PORI,27
2017,2017,Sept,9/28/2017,SEFL,Nearshore,DC6,DC64,DC64-500-091,0,NA,NA,NA,NA
2017,2017,Sept,9/28/2017,SEFL,Nearshore,DC6,DC64,DC64-500-113,1,Juv,SSID,SIDE,4
2017,2017,Sept,9/28/2017,SEFL,Nearshore,DC6,DC64,DC64-500-113,1,Juv,SSID,SIDE,14
2017,2017,Oct,10/19/2017,SEFL,Middle,DC7,DC71,DC71-100-043,0,NA,NA,NA,NA
2017,2017,Oct,10/19/2017,SEFL,Middle,DC7,DC71,DC71-100-085,1,Juv,SSID,SIDE,3
2017,2017,Oct,10/19/2017,SEFL,Middle,DC7,DC71,DC71-100-085,1,Juv,SMIC,SMIC,6
2017,2017,Oct,10/19/2017,SEFL,Middle,DC7,DC71,DC71-100-110,1,Juv,MCAV,MCAV,22
2017,2017,Oct,10/19/2017,SEFL,Middle,DC7,DC71,DC71-100-110,1,Juv,MMEA,MMEA,14
2017,2017,Oct,10/19/2017,SEFL,Middle,DC7,DC71,DC71-100-155,1,Juv,PORI,PORI,34
2017,2017,Oct,10/19/2017,SEFL,Middle,DC7,DC71,DC71-500-036,1,Juv,PAST,PORI,25
2017,2017,Oct,10/19/2017,SEFL,Middle,DC7,DC71,DC71-500-036,1,Juv,SSID,SIDE,27
2017,2017,Oct,10/19/2017,SEFL,Middle,DC7,DC71,DC71-500-036,1,Juv,DTSO,DSTO,9
2017,2017,Oct,10/19/2017,SEFL,Middle,DC7,DC71,DC71-500-079,1,Juv,DSTO,DSTO,19
2017,2017,Oct,10/19/2017,SEFL,Middle,DC7,DC71,DC71-500-079,1,Juv,MYCE,MUSS,30
2017,2017,Oct,10/19/2017,SEFL,Middle,DC7,DC71,DC71-500-113,1,Juv,MYCE,MUSS,20
2017,2017,Oct,10/19/2017,SEFL,Middle,DC7,DC71,DC71-500-113,1,Juv,SSID,SIDE,8
2017,2017,Oct,10/19/2017,SEFL,Middle,DC7,DC71,DC71-500-113,1,Juv,SSID,SIDE,3
2017,2017,Oct,10/19/2017,SEFL,Middle,DC7,DC71,DC71-500-175,0,NA,NA,NA,NA
2017,2017,Oct,10/19/2017,SEFL,Middle,DC7,DC72,DC72-100-044,0,NA,NA,NA,NA
2017,2017,Oct,10/19/2017,SEFL,Middle,DC7,DC72,DC72-100-090,1,Juv,MCAV,MCAV,10
2017,2017,Oct,10/19/2017,SEFL,Middle,DC7,DC72,DC72-100-090,1,Juv,MYCE,MUSS,20
2017,2017,Oct,10/19/2017,SEFL,Middle,DC7,DC72,DC72-100-128,1,Juv,MCAV,MCAV,5
2017,2017,Oct,10/19/2017,SEFL,Middle,DC7,DC72,DC72-100-128,1,Iso,SMIC,SMIC,25
2017,2017,Oct,10/19/2017,SEFL,Middle,DC7,DC72,DC72-100-128,1,Iso,SMIC,SMIC,10
2017,2017,Oct,10/19/2017,SEFL,Middle,DC7,DC72,DC72-100-182,1,Juv,MCAV,MCAV,20
2017,2017,Oct,10/19/2017,SEFL,Middle,DC7,DC72,DC72-100-182,1,Juv,SSID,SIDE,2
2017,2017,Oct,10/19/2017,SEFL,Middle,DC7,DC72,DC72-100-182,1,Iso,SMIC,SMIC,2
2017,2017,Oct,10/19/2017,SEFL,Middle,DC7,DC72,DC72-100-182,1,Iso,SMIC,SMIC,10
2017,2017,Oct,10/19/2017,SEFL,Middle,DC7,DC72,DC72-100-182,1,Iso,SMIC,SMIC,3
2017,2017,Oct,10/19/2017,SEFL,Middle,DC7,DC72,DC72-100-182,1,Juv,SMIC,SMIC,10
2017,2017,Oct,10/19/2017,SEFL,Middle,DC7,DC72,DC72-100-182,1,Juv,UNKS,UNKS,9
2017,2017,Oct,10/19/2017,SEFL,Middle,DC7,DC72,DC72-500-036,0,NA,NA,NA,NA
2017,2017,Oct,10/19/2017,SEFL,Middle,DC7,DC72,DC72-500-099,1,Juv,PAST,PORI,8
2017,2017,Oct,10/19/2017,SEFL,Middle,DC7,DC72,DC72-500-099,1,Juv,PAST,PORI,9
2017,2017,Oct,10/19/2017,SEFL,Middle,DC7,DC72,DC72-500-099,1,Juv,PAST,PORI,4
2017,2017,Oct,10/19/2017,SEFL,Middle,DC7,DC72,DC72-500-099,1,Juv,SMIC,SMIC,27
2017,2017,Oct,10/19/2017,SEFL,Middle,DC7,DC72,DC72-500-153,1,Juv,MCAV,MCAV,8
2017,2017,Oct,10/19/2017,SEFL,Middle,DC7,DC72,DC72-500-153,1,Juv,SSID,SIDE,18
2017,2017,Oct,10/19/2017,SEFL,Middle,DC7,DC72,DC72-500-169,1,Juv,MYCE,MUSS,32
2017,2017,Oct,10/19/2017,SEFL,Middle,DC7,DC72,DC72-500-169,1,Juv,PAST,PORI,5
2017,2017,Oct,10/19/2017,SEFL,Middle,DC7,DC73,DC73-100-080,1,Juv,SSID,SIDE,15
2017,2017,Oct,10/19/2017,SEFL,Middle,DC7,DC73,DC73-100-080,1,Juv,SMIC,SMIC,3
2017,2017,Oct,10/31/2017,SEFL,Middle,DC7,DC73,DC73-100-109,1,Juv,PAST,PORI,7
2017,2017,Oct,10/31/2017,SEFL,Middle,DC7,DC73,DC73-100-109,1,Juv,SSID,SIDE,4
2017,2017,Oct,10/31/2017,SEFL,Middle,DC7,DC73,DC73-100-109,1,Juv,MCAV,MCAV,6
2017,2017,Oct,10/31/2017,SEFL,Middle,DC7,DC73,DC73-100-129,1,Juv,MCAV,MCAV,8
2017,2017,Oct,10/31/2017,SEFL,Middle,DC7,DC73,DC73-100-129,1,Juv,SMIC,SMIC,12
2017,2017,Oct,10/19/2017,SEFL,Middle,DC7,DC73,DC73-100-196,1,Juv,MCAV,MCAV,22
2017,2017,Oct,10/19/2017,SEFL,Middle,DC7,DC73,DC73-500-059,1,Juv,PAST,PORI,5
2017,2017,Oct,10/19/2017,SEFL,Middle,DC7,DC73,DC73-500-059,1,Juv,SSID,SIDE,35
2017,2017,Oct,10/19/2017,SEFL,Middle,DC7,DC73,DC73-500-059,1,Juv,UNKS,UNKS,1
2017,2017,Oct,10/19/2017,SEFL,Middle,DC7,DC73,DC73-500-059,1,Juv,UNKS,UNKS,2
2017,2017,Oct,10/19/2017,SEFL,Middle,DC7,DC73,DC73-500-083,1,Juv,SMIC,SMIC,10
2017,2017,Oct,10/31/2017,SEFL,Middle,DC7,DC73,DC73-500-134,1,Juv,PAST,PORI,18
2017,2017,Oct,10/31/2017,SEFL,Middle,DC7,DC73,DC73-500-134,1,Iso,SSID,SIDE,9
2017,2017,Oct,10/31/2017,SEFL,Middle,DC7,DC73,DC73-500-134,1,Juv,SSID,SIDE,11
2017,2017,Oct,10/31/2017,SEFL,Middle,DC7,DC73,DC73-500-134,1,Juv,SSID,SIDE,2
2017,2017,Oct,10/31/2017,SEFL,Middle,DC7,DC73,DC73-500-134,1,Juv,SMIC,SMIC,35
2017,2017,Oct,10/19/2017,SEFL,Middle,DC7,DC73,DC73-500-168,1,Iso,SSID,SIDE,4
2017,2017,Oct,10/19/2017,SEFL,Middle,DC7,DC73,DC73-500-168,1,Iso,SSID,SIDE,3
2017,2017,Oct,10/19/2017,SEFL,Middle,DC7,DC73,DC73-500-168,1,Iso,SSID,SIDE,2
2017,2017,Oct,10/19/2017,SEFL,Middle,DC7,DC73,DC73-500-168,1,Iso,SSID,SIDE,2
2017,2017,Oct,10/19/2017,SEFL,Middle,DC7,DC73,DC73-500-168,1,Iso,SSID,SIDE,3
2017,2017,Oct,10/19/2017,SEFL,Middle,DC7,DC73,DC73-500-168,1,Iso,SSID,SIDE,6
2017,2017,Oct,10/19/2017,SEFL,Middle,DC7,DC74,DC74-100-000,1,Iso,SMIC,SMIC,25
2017,2017,Oct,10/19/2017,SEFL,Middle,DC7,DC74,DC74-100-045,1,Juv,SMIC,SMIC,6
2017,2017,Oct,10/19/2017,SEFL,Middle,DC7,DC74,DC74-100-156,1,Juv,PAST,PORI,4
2017,2017,Oct,10/19/2017,SEFL,Middle,DC7,DC74,DC74-100-156,1,Juv,SMIC,SMIC,19
2017,2017,Oct,10/19/2017,SEFL,Middle,DC7,DC74,DC74-100-156,1,Juv,SMIC,SMIC,15
2017,2017,Oct,10/19/2017,SEFL,Middle,DC7,DC74,DC74-100-186,1,Juv,MCAV,MCAV,25
2017,2017,Oct,10/19/2017,SEFL,Middle,DC7,DC74,DC74-100-186,1,Juv,PAST,PORI,3
2017,2017,Oct,10/31/2017,SEFL,Middle,DC7,DC74,DC74-500-037,0,NA,NA,NA,NA
2017,2017,Oct,10/19/2017,SEFL,Middle,DC7,DC74,DC74-500-075,1,Juv,MMEA,MMEA,25
2017,2017,Oct,10/19/2017,SEFL,Middle,DC7,DC74,DC74-500-075,1,Juv,SSID,SIDE,37
2017,2017,Oct,10/19/2017,SEFL,Middle,DC7,DC74,DC74-500-136,1,Juv,PAST,PORI,4
2017,2017,Oct,10/19/2017,SEFL,Middle,DC7,DC74,DC74-500-194,0,NA,NA,NA,NA
2017,2017,Nov,11/1/2017,SEFL,Nearshore,DC8,DC81,DC81-100-002,0,NA,NA,NA,NA
2017,2017,Nov,11/1/2017,SEFL,Nearshore,DC8,DC81,DC81-100-029,1,Juv,SRAD,SIDE,6
2017,2017,Nov,11/1/2017,SEFL,Nearshore,DC8,DC81,DC81-100-029,1,Juv,SSID,SIDE,8
2017,2017,Nov,11/1/2017,SEFL,Nearshore,DC8,DC81,DC81-100-029,1,Juv,SSID,SIDE,13
2017,2017,Nov,11/1/2017,SEFL,Nearshore,DC8,DC81,DC81-100-029,1,Juv,SSID,SIDE,7
2017,2017,Nov,11/1/2017,SEFL,Nearshore,DC8,DC81,DC81-100-029,1,Juv,SMIC,SMIC,14
2017,2017,Nov,11/1/2017,SEFL,Nearshore,DC8,DC81,DC81-100-092,0,NA,NA,NA,NA
2017,2017,Nov,11/1/2017,SEFL,Nearshore,DC8,DC81,DC81-100-128,0,NA,NA,NA,NA
2017,2017,Nov,11/1/2017,SEFL,Nearshore,DC8,DC81,DC81-500-002,0,NA,NA,NA,NA
2017,2017,Nov,11/1/2017,SEFL,Nearshore,DC8,DC81,DC81-500-097,1,Juv,SSID,SIDE,19
2017,2017,Nov,11/1/2017,SEFL,Nearshore,DC8,DC81,DC81-500-154,0,NA,NA,NA,NA
2017,2017,Nov,11/1/2017,SEFL,Nearshore,DC8,DC81,DC81-500-186,0,NA,NA,NA,NA
2017,2017,Nov,11/1/2017,SEFL,Nearshore,DC8,DC82,DC82-100-052,0,NA,NA,NA,NA
2017,2017,Nov,11/1/2017,SEFL,Nearshore,DC8,DC82,DC82-100-077,0,NA,NA,NA,NA
2017,2017,Nov,11/1/2017,SEFL,Nearshore,DC8,DC82,DC82-100-108,1,Juv,SSID,SIDE,12
2017,2017,Nov,11/1/2017,SEFL,Nearshore,DC8,DC82,DC82-100-136,0,NA,NA,NA,NA
2017,2017,Nov,11/1/2017,SEFL,Nearshore,DC8,DC82,DC82-100-171,0,NA,NA,NA,NA
2017,2017,Nov,11/1/2017,SEFL,Nearshore,DC8,DC82,DC82-500-004,1,Juv,SSID,SIDE,17
2017,2017,Nov,11/1/2017,SEFL,Nearshore,DC8,DC82,DC82-500-004,1,Juv,SSID,SIDE,6
2017,2017,Nov,11/1/2017,SEFL,Nearshore,DC8,DC82,DC82-500-004,1,Juv,SSID,SIDE,23
2017,2017,Nov,11/1/2017,SEFL,Nearshore,DC8,DC82,DC82-500-004,1,Uns,SSID,SIDE,7
2017,2017,Nov,11/1/2017,SEFL,Nearshore,DC8,DC82,DC82-500-004,1,Juv,UNKS,UNKS,3
2017,2017,Nov,11/1/2017,SEFL,Nearshore,DC8,DC82,DC82-500-104,1,Juv,UNKS,UNKS,7
2017,2017,Nov,11/1/2017,SEFL,Nearshore,DC8,DC82,DC82-500-141,1,Juv,SSID,SIDE,34
2017,2017,Nov,11/1/2017,SEFL,Nearshore,DC8,DC82,DC82-500-141,1,Juv,SSID,SIDE,8
2017,2017,Nov,11/1/2017,SEFL,Nearshore,DC8,DC83,DC83-100-032,0,NA,NA,NA,NA
2017,2017,Nov,11/1/2017,SEFL,Nearshore,DC8,DC83,DC83-100-106,0,NA,NA,NA,NA
2017,2017,Nov,11/1/2017,SEFL,Nearshore,DC8,DC83,DC83-100-175,1,Juv,PAST,PORI,14
2017,2017,Nov,11/1/2017,SEFL,Nearshore,DC8,DC83,DC83-100-175,1,Juv,SSID,SIDE,5
2017,2017,Nov,11/1/2017,SEFL,Nearshore,DC8,DC83,DC83-100-198,1,Juv,SSID,SIDE,2
2017,2017,Nov,11/1/2017,SEFL,Nearshore,DC8,DC83,DC83-100-198,1,Juv,SSID,SIDE,8
2017,2017,Nov,11/1/2017,SEFL,Nearshore,DC8,DC83,DC83-100-198,1,Juv,SSID,SIDE,18
2017,2017,Nov,11/1/2017,SEFL,Nearshore,DC8,DC83,DC83-100-198,1,Juv,PAME,PAME,8
2017,2017,Nov,11/1/2017,SEFL,Nearshore,DC8,DC83,DC83-500-019,0,NA,NA,NA,NA
2017,2017,Nov,11/1/2017,SEFL,Nearshore,DC8,DC83,DC83-500-068,0,NA,NA,NA,NA
2017,2017,Nov,11/1/2017,SEFL,Nearshore,DC8,DC83,DC83-500-149,0,NA,NA,NA,NA
2017,2017,Nov,11/1/2017,SEFL,Nearshore,DC8,DC83,DC83-500-192,0,NA,NA,NA,NA
2017,2017,Nov,11/1/2017,SEFL,Nearshore,DC8,DC84,DC84-100-022,1,Juv,SSID,SIDE,9
2017,2017,Nov,11/1/2017,SEFL,Nearshore,DC8,DC84,DC84-100-124,1,Juv,SSID,SIDE,6
2017,2017,Nov,11/1/2017,SEFL,Nearshore,DC8,DC84,DC84-100-157,0,NA,NA,NA,NA
2017,2017,Nov,11/1/2017,SEFL,Nearshore,DC8,DC84,DC84-100-208,1,Juv,PAST,PORI,4
2017,2017,Nov,11/1/2017,SEFL,Nearshore,DC8,DC84,DC84-100-208,1,Juv,PAST,PORI,4
2017,2017,Nov,11/1/2017,SEFL,Nearshore,DC8,DC84,DC84-100-208,1,Juv,PAST,PORI,3
2017,2017,Nov,11/1/2017,SEFL,Nearshore,DC8,DC84,DC84-100-208,1,Juv,PAST,PORI,3
2017,2017,Nov,11/1/2017,SEFL,Nearshore,DC8,DC84,DC84-500-040,1,Juv,UNKS,UNKS,3
2017,2017,Nov,11/1/2017,SEFL,Nearshore,DC8,DC84,DC84-500-150,1,Juv,UNKS,UNKS,5
2017,2017,Nov,11/1/2017,SEFL,Nearshore,DC8,DC84,DC84-500-176,0,NA,NA,NA,NA
2017,2017,Nov,11/1/2017,SEFL,Nearshore,DC8,DC84,DC84-500-210,0,NA,NA,NA,NA
