year,site_name,tile_id,side,taxa,count
2016,BC1,BC11-100-035,Bottom,Stony,0
2016,BC1,BC11-100-035,Top,Stony,0
2016,BC1,BC11-100-044,Bottom,Stony,0
2016,BC1,BC11-100-044,Top,Stony,0
2016,BC1,BC11-100-096,Bottom,Stony,0
2016,BC1,BC11-100-096,Top,Stony,0
2016,BC1,BC11-500-008,Bottom,Stony,0
2016,BC1,BC11-500-008,Top,Stony,0
2016,BC1,BC11-500-018,Bottom,Stony,0
2016,BC1,BC11-500-018,Top,Stony,0
2016,BC1,BC11-500-049,Bottom,Stony,0
2016,BC1,BC11-500-049,Top,Stony,0
2016,BC1,BC11-500-075,Bottom,Stony,0
2016,BC1,BC11-500-075,Top,Stony,0
2016,BC1,BC11-500-090,Bottom,Stony,0
2016,BC1,BC11-500-090,Top,Stony,0
2016,BC1,BC12-100-043,Bottom,Stony,0
2016,BC1,BC12-100-043,Top,Stony,0
2016,BC1,BC12-100-053,Bottom,Stony,0
2016,BC1,BC12-100-053,Top,Stony,0
2016,BC1,BC12-100-142,Bottom,Stony,0
2016,BC1,BC12-100-142,Top,Stony,0
2016,BC1,BC12-100-221,Bottom,Stony,0
2016,BC1,BC12-100-221,Top,Stony,0
2016,BC1,BC12-500-014,Bottom,Stony,0
2016,BC1,BC12-500-014,Top,Stony,0
2016,BC1,BC12-500-043,Bottom,Stony,0
2016,BC1,BC12-500-043,Top,Stony,0
2016,BC1,BC12-500-129,Bottom,Stony,0
2016,BC1,BC12-500-129,Top,Stony,0
2016,BC1,BC12-500-171,Bottom,Stony,0
2016,BC1,BC12-500-171,Top,Stony,0
2016,BC1,BC13-100-090,Bottom,Stony,0
2016,BC1,BC13-100-090,Top,Stony,0
2016,BC1,BC13-100-151,Bottom,Stony,0
2016,BC1,BC13-100-151,Top,Stony,0
2016,BC1,BC13-100-187,Bottom,Stony,0
2016,BC1,BC13-100-187,Top,Stony,1
2016,BC1,BC13-100-208,Bottom,Stony,0
2016,BC1,BC13-100-208,Top,Stony,0
2016,BC1,BC13-500-004,Bottom,Stony,0
2016,BC1,BC13-500-004,Top,Stony,0
2016,BC1,BC13-500-089,Bottom,Stony,0
2016,BC1,BC13-500-089,Top,Stony,0
2016,BC1,BC13-500-162,Bottom,Stony,0
2016,BC1,BC13-500-162,Top,Stony,0
2016,BC1,BC13-500-198,Bottom,Stony,0
2016,BC1,BC13-500-198,Top,Stony,0
2016,BC1,BC14-100-049,Bottom,Stony,0
2016,BC1,BC14-100-049,Top,Stony,0
2016,BC1,BC14-100-081,Bottom,Stony,0
2016,BC1,BC14-100-081,Top,Stony,0
2016,BC1,BC14-100-185,Bottom,Stony,0
2016,BC1,BC14-100-185,Top,Stony,0
2016,BC1,BC14-100-209,Bottom,Stony,0
2016,BC1,BC14-100-209,Top,Stony,0
2016,BC1,BC14-500-026,Bottom,Stony,0
2016,BC1,BC14-500-026,Top,Stony,0
2016,BC1,BC14-500-082,Bottom,Stony,0
2016,BC1,BC14-500-082,Top,Stony,0
2016,BC1,BC14-500-104,Bottom,Stony,0
2016,BC1,BC14-500-104,Top,Stony,0
2016,BC1,BC14-500-155,Bottom,Stony,0
2016,BC1,BC14-500-155,Top,Stony,0
2016,BC2,BC21-100-015,Bottom,Stony,0
2016,BC2,BC21-100-015,Top,Stony,0
2016,BC2,BC21-100-070,Bottom,Stony,0
2016,BC2,BC21-100-070,Top,Stony,0
2016,BC2,BC21-100-088,Bottom,Stony,0
2016,BC2,BC21-100-088,Top,Stony,0
2016,BC2,BC21-100-151,Bottom,Stony,0
2016,BC2,BC21-100-151,Top,Stony,0
2016,BC2,BC21-500-028,Bottom,Stony,0
2016,BC2,BC21-500-028,Top,Stony,0
2016,BC2,BC21-500-074,Bottom,Stony,0
2016,BC2,BC21-500-074,Top,Stony,1
2016,BC2,BC21-500-174,Bottom,Stony,0
2016,BC2,BC21-500-174,Top,Stony,0
2016,BC2,BC21-500-206,Bottom,Stony,0
2016,BC2,BC21-500-206,Top,Stony,1
2016,BC2,BC22-100-034,Bottom,Stony,0
2016,BC2,BC22-100-034,Top,Stony,0
2016,BC2,BC22-100-064,Bottom,Stony,0
2016,BC2,BC22-100-064,Top,Stony,0
2016,BC2,BC22-100-137,Bottom,Stony,0
2016,BC2,BC22-100-137,Top,Stony,0
2016,BC2,BC22-100-188,Bottom,Stony,0
2016,BC2,BC22-100-188,Top,Stony,0
2016,BC2,BC22-500-041,Bottom,Stony,0
2016,BC2,BC22-500-041,Top,Stony,0
2016,BC2,BC22-500-111,Bottom,Stony,0
2016,BC2,BC22-500-111,Top,Stony,0
2016,BC2,BC22-500-135,Bottom,Stony,0
2016,BC2,BC22-500-135,Top,Stony,0
2016,BC2,BC22-500-193,Bottom,Stony,0
2016,BC2,BC22-500-193,Top,Stony,0
2016,BC2,BC23-100-060,Bottom,Stony,0
2016,BC2,BC23-100-060,Top,Stony,0
2016,BC2,BC23-100-126,Bottom,Stony,0
2016,BC2,BC23-100-126,Top,Stony,0
2016,BC2,BC23-100-165,Bottom,Stony,0
2016,BC2,BC23-100-165,Top,Stony,0
2016,BC2,BC23-100-202,Bottom,Stony,0
2016,BC2,BC23-100-202,Top,Stony,0
2016,BC2,BC23-500-012,Bottom,Stony,0
2016,BC2,BC23-500-012,Top,Stony,1
2016,BC2,BC23-500-104,Bottom,Stony,0
2016,BC2,BC23-500-104,Top,Stony,1
2016,BC2,BC23-500-167,Bottom,Stony,0
2016,BC2,BC23-500-167,Top,Stony,0
2016,BC2,BC23-500-206,Bottom,Stony,0
2016,BC2,BC23-500-206,Top,Stony,0
2016,BC2,BC24-100-024,Bottom,Stony,0
2016,BC2,BC24-100-024,Top,Stony,0
2016,BC2,BC24-100-090,Bottom,Stony,0
2016,BC2,BC24-100-090,Top,Stony,0
2016,BC2,BC24-100-119,Bottom,Stony,0
2016,BC2,BC24-100-119,Top,Stony,1
2016,BC2,BC24-100-202,Bottom,Stony,0
2016,BC2,BC24-100-202,Top,Stony,0
2016,BC2,BC24-500-017,Bottom,Stony,0
2016,BC2,BC24-500-017,Top,Stony,0
2016,BC2,BC24-500-070,Bottom,Stony,0
2016,BC2,BC24-500-070,Top,Stony,0
2016,BC2,BC24-500-136,Bottom,Stony,0
2016,BC2,BC24-500-136,Top,Stony,0
2016,BC2,BC24-500-168,Bottom,Stony,0
2016,BC2,BC24-500-168,Top,Stony,0
2016,BC3,BC31-100-015,Bottom,Stony,0
2016,BC3,BC31-100-015,Top,Stony,0
2016,BC3,BC31-100-050,Bottom,Stony,0
2016,BC3,BC31-100-050,Top,Stony,0
2016,BC3,BC31-100-092,Bottom,Stony,0
2016,BC3,BC31-100-092,Top,Stony,0
2016,BC3,BC31-100-125,Bottom,Stony,0
2016,BC3,BC31-100-125,Top,Stony,0
2016,BC3,BC31-500-070,Bottom,Stony,0
2016,BC3,BC31-500-070,Top,Stony,0
2016,BC3,BC31-500-095,Bottom,Stony,0
2016,BC3,BC31-500-095,Top,Stony,0
2016,BC3,BC31-500-137,Bottom,Stony,0
2016,BC3,BC31-500-137,Top,Stony,0
2016,BC3,BC31-500-185,Bottom,Stony,0
2016,BC3,BC31-500-185,Top,Stony,0
2016,BC3,BC32-100-013,Bottom,Stony,0
2016,BC3,BC32-100-014,Bottom,Stony,0
2016,BC3,BC32-100-014,Top,Stony,1
2016,BC3,BC32-100-085,Bottom,Stony,0
2016,BC3,BC32-100-085,Top,Stony,0
2016,BC3,BC32-100-132,Bottom,Stony,0
2016,BC3,BC32-100-132,Top,Stony,0
2016,BC3,BC32-100-162,Bottom,Stony,1
2016,BC3,BC32-100-162,Top,Stony,0
2016,BC3,BC32-500-013,Top,Stony,0
2016,BC3,BC32-500-054,Bottom,Stony,0
2016,BC3,BC32-500-054,Top,Stony,0
2016,BC3,BC32-500-117,Bottom,Stony,0
2016,BC3,BC32-500-117,Top,Stony,1
2016,BC3,BC32-500-197,Bottom,Stony,0
2016,BC3,BC32-500-197,Top,Stony,1
2016,BC3,BC33-100-031,Bottom,Stony,0
2016,BC3,BC33-100-031,Top,Stony,0
2016,BC3,BC33-100-098,Bottom,Stony,0
2016,BC3,BC33-100-098,Top,Stony,0
2016,BC3,BC33-100-134,Bottom,Stony,0
2016,BC3,BC33-100-134,Top,Stony,0
2016,BC3,BC33-100-188,Bottom,Stony,0
2016,BC3,BC33-100-188,Top,Stony,0
2016,BC3,BC33-500-019,Bottom,Stony,0
2016,BC3,BC33-500-019,Top,Stony,0
2016,BC3,BC33-500-074,Bottom,Stony,1
2016,BC3,BC33-500-074,Top,Stony,0
2016,BC3,BC33-500-129,Bottom,Stony,0
2016,BC3,BC33-500-129,Top,Stony,0
2016,BC3,BC33-500-189,Bottom,Stony,0
2016,BC3,BC33-500-189,Top,Stony,0
2016,BC3,BC34-100-041,Bottom,Stony,0
2016,BC3,BC34-100-041,Top,Stony,2
2016,BC3,BC34-100-109,Bottom,Stony,0
2016,BC3,BC34-100-109,Top,Stony,1
2016,BC3,BC34-100-182,Bottom,Stony,1
2016,BC3,BC34-100-182,Top,Stony,1
2016,BC3,BC34-100-220,Bottom,Stony,0
2016,BC3,BC34-100-220,Top,Stony,0
2016,BC3,BC34-500-035,Bottom,Stony,0
2016,BC3,BC34-500-035,Top,Stony,0
2016,BC3,BC34-500-086,Bottom,Stony,0
2016,BC3,BC34-500-086,Top,Stony,0
2016,BC3,BC34-500-156,Bottom,Stony,0
2016,BC3,BC34-500-156,Top,Stony,2
2016,BC3,BC34-500-206,Bottom,Stony,0
2016,BC3,BC34-500-206,Top,Stony,0
2016,BC4,BC41-100-023,Bottom,Stony,0
2016,BC4,BC41-100-023,Top,Stony,0
2016,BC4,BC41-100-076,Bottom,Stony,0
2016,BC4,BC41-100-076,Top,Stony,0
2016,BC4,BC41-100-093,Bottom,Stony,0
2016,BC4,BC41-100-093,Top,Stony,0
2016,BC4,BC41-100-139,Bottom,Stony,0
2016,BC4,BC41-100-139,Top,Stony,0
2016,BC4,BC41-500-035,Bottom,Stony,0
2016,BC4,BC41-500-035,Top,Stony,1
2016,BC4,BC41-500-106,Bottom,Stony,0
2016,BC4,BC41-500-106,Top,Stony,0
2016,BC4,BC41-500-121,Bottom,Stony,0
2016,BC4,BC41-500-121,Top,Stony,1
2016,BC4,BC41-500-211,Bottom,Stony,0
2016,BC4,BC41-500-211,Top,Stony,0
2016,BC4,BC42-100-017,Bottom,Stony,0
2016,BC4,BC42-100-017,Top,Stony,0
2016,BC4,BC42-100-093,Bottom,Stony,0
2016,BC4,BC42-100-093,Top,Stony,0
2016,BC4,BC42-100-119,Bottom,Stony,0
2016,BC4,BC42-100-119,Top,Stony,0
2016,BC4,BC42-100-151,Bottom,Stony,0
2016,BC4,BC42-100-151,Top,Stony,0
2016,BC4,BC42-500-020,Bottom,Stony,0
2016,BC4,BC42-500-020,Top,Stony,0
2016,BC4,BC42-500-083,Bottom,Stony,0
2016,BC4,BC42-500-083,Top,Stony,1
2016,BC4,BC42-500-108,Bottom,Stony,0
2016,BC4,BC42-500-108,Top,Stony,0
2016,BC4,BC42-500-155,Bottom,Stony,0
2016,BC4,BC42-500-155,Top,Stony,0
2016,BC4,BC43-100-117,Bottom,Stony,0
2016,BC4,BC43-100-117,Top,Stony,0
2016,BC4,BC43-100-132,Bottom,Stony,0
2016,BC4,BC43-100-132,Top,Stony,0
2016,BC4,BC43-100-163,Bottom,Stony,0
2016,BC4,BC43-100-163,Top,Stony,0
2016,BC4,BC43-100-199,Bottom,Stony,0
2016,BC4,BC43-100-199,Top,Stony,0
2016,BC4,BC43-500-042,Bottom,Stony,0
2016,BC4,BC43-500-042,Top,Stony,0
2016,BC4,BC43-500-061,Bottom,Stony,0
2016,BC4,BC43-500-061,Top,Stony,0
2016,BC4,BC43-500-091,Bottom,Stony,0
2016,BC4,BC43-500-091,Top,Stony,0
2016,BC4,BC43-500-176,Bottom,Stony,0
2016,BC4,BC43-500-176,Top,Stony,2
2016,BC4,BC44-100-061,Bottom,Stony,0
2016,BC4,BC44-100-061,Top,Stony,0
2016,BC4,BC44-100-130,Bottom,Stony,0
2016,BC4,BC44-100-130,Top,Stony,1
2016,BC4,BC44-100-175,Bottom,Stony,0
2016,BC4,BC44-100-175,Top,Stony,0
2016,BC4,BC44-100-198,Bottom,Stony,0
2016,BC4,BC44-100-198,Top,Stony,0
2016,BC4,BC44-500-074,Bottom,Stony,0
2016,BC4,BC44-500-074,Top,Stony,0
2016,BC4,BC44-500-112,Bottom,Stony,0
2016,BC4,BC44-500-112,Top,Stony,0
2016,BC4,BC44-500-147,Bottom,Stony,0
2016,BC4,BC44-500-147,Top,Stony,0
2016,BC4,BC44-500-170,Bottom,Stony,0
2016,BC4,BC44-500-170,Top,Stony,3
2016,DC1,DC11-100-048,Bottom,Stony,0
2016,DC1,DC11-100-048,Top,Stony,0
2016,DC1,DC11-100-059,Bottom,Stony,0
2016,DC1,DC11-100-059,Top,Stony,1
2016,DC1,DC11-100-082,Bottom,Stony,0
2016,DC1,DC11-100-171,Bottom,Stony,0
2016,DC1,DC11-100-171,Top,Stony,0
2016,DC1,DC11-500-027,Bottom,Stony,0
2016,DC1,DC11-500-027,Top,Stony,0
2016,DC1,DC11-500-106,Bottom,Stony,0
2016,DC1,DC11-500-106,Top,Stony,0
2016,DC1,DC11-500-138,Bottom,Stony,0
2016,DC1,DC11-500-138,Top,Stony,0
2016,DC1,DC11-500-204,Bottom,Stony,0
2016,DC1,DC11-500-204,Top,Stony,0
2016,DC1,DC12-100-027,Top,Stony,3
2016,DC1,DC12-100-087,Bottom,Stony,0
2016,DC1,DC12-100-087,Top,Stony,0
2016,DC1,DC12-100-166,Bottom,Stony,0
2016,DC1,DC12-100-166,Top,Stony,1
2016,DC1,DC12-100-192,Bottom,Stony,0
2016,DC1,DC12-100-192,Top,Stony,0
2016,DC1,DC12-500-042,Bottom,Stony,0
2016,DC1,DC12-500-042,Top,Stony,0
2016,DC1,DC12-500-071,Bottom,Stony,0
2016,DC1,DC12-500-071,Top,Stony,0
2016,DC1,DC12-500-166,Bottom,Stony,0
2016,DC1,DC12-500-166,Top,Stony,0
2016,DC1,DC12-500-192,Bottom,Stony,0
2016,DC1,DC12-500-192,Top,Stony,0
2016,DC1,DC13-100-083,Bottom,Stony,0
2016,DC1,DC13-100-083,Top,Stony,0
2016,DC1,DC13-100-091,Bottom,Stony,0
2016,DC1,DC13-100-091,Top,Stony,1
2016,DC1,DC13-100-158,Bottom,Stony,0
2016,DC1,DC13-100-158,Top,Stony,0
2016,DC1,DC13-100-186,Bottom,Stony,0
2016,DC1,DC13-100-186,Top,Stony,0
2016,DC1,DC13-500-036,Bottom,Stony,0
2016,DC1,DC13-500-036,Top,Stony,0
2016,DC1,DC13-500-092,Bottom,Stony,0
2016,DC1,DC13-500-092,Top,Stony,0
2016,DC1,DC13-500-128,Bottom,Stony,0
2016,DC1,DC13-500-128,Top,Stony,0
2016,DC1,DC13-500-192,Bottom,Stony,0
2016,DC1,DC13-500-192,Top,Stony,1
2016,DC1,DC14-100-036,Bottom,Stony,0
2016,DC1,DC14-100-036,Top,Stony,0
2016,DC1,DC14-100-081,Bottom,Stony,0
2016,DC1,DC14-100-081,Top,Stony,0
2016,DC1,DC14-100-144,Bottom,Stony,0
2016,DC1,DC14-100-144,Top,Stony,0
2016,DC1,DC14-100-184,Bottom,Stony,0
2016,DC1,DC14-100-184,Top,Stony,0
2016,DC1,DC14-500-022,Bottom,Stony,0
2016,DC1,DC14-500-022,Top,Stony,0
2016,DC1,DC14-500-101,Bottom,Stony,0
2016,DC1,DC14-500-101,Top,Stony,0
2016,DC1,DC14-500-178,Bottom,Stony,0
2016,DC1,DC14-500-178,Top,Stony,1
2016,DC1,DC14-500-205,Bottom,Stony,0
2016,DC1,DC14-500-205,Top,Stony,0
2016,DC2,DC21-100-020,Bottom,Stony,0
2016,DC2,DC21-100-020,Top,Stony,0
2016,DC2,DC21-100-087,Bottom,Stony,0
2016,DC2,DC21-100-087,Top,Stony,0
2016,DC2,DC21-100-122,Bottom,Stony,0
2016,DC2,DC21-100-122,Top,Stony,0
2016,DC2,DC21-100-170,Bottom,Stony,0
2016,DC2,DC21-100-170,Top,Stony,0
2016,DC2,DC21-500-036,Bottom,Stony,0
2016,DC2,DC21-500-036,Top,Stony,0
2016,DC2,DC21-500-066,Top,Stony,0
2016,DC2,DC21-500-084,Bottom,Stony,0
2016,DC2,DC21-500-084,Top,Stony,0
2016,DC2,DC21-500-106,Bottom,Stony,0
2016,DC2,DC21-500-106,Top,Stony,0
2016,DC2,DC22-100-040,Bottom,Stony,0
2016,DC2,DC22-100-040,Top,Stony,0
2016,DC2,DC22-100-094,Bottom,Stony,0
2016,DC2,DC22-100-094,Top,Stony,0
2016,DC2,DC22-100-157,Bottom,Stony,0
2016,DC2,DC22-100-157,Top,Stony,0
2016,DC2,DC22-100-193,Bottom,Stony,0
2016,DC2,DC22-100-193,Top,Stony,0
2016,DC2,DC22-500-002,Bottom,Stony,0
2016,DC2,DC22-500-002,Top,Stony,1
2016,DC2,DC22-500-078,Bottom,Stony,0
2016,DC2,DC22-500-078,Top,Stony,1
2016,DC2,DC22-500-109,Bottom,Stony,0
2016,DC2,DC22-500-109,Top,Stony,0
2016,DC2,DC22-500-134,Bottom,Stony,0
2016,DC2,DC22-500-134,Top,Stony,2
2016,DC2,DC23-100-037,Bottom,Stony,0
2016,DC2,DC23-100-066,Bottom,Stony,0
2016,DC2,DC23-100-066,Top,Stony,0
2016,DC2,DC23-100-144,Bottom,Stony,0
2016,DC2,DC23-100-144,Top,Stony,0
2016,DC2,DC23-100-169,Bottom,Stony,0
2016,DC2,DC23-100-169,Top,Stony,0
2016,DC2,DC23-500-007,Bottom,Stony,0
2016,DC2,DC23-500-007,Top,Stony,0
2016,DC2,DC23-500-034,Bottom,Stony,0
2016,DC2,DC23-500-034,Top,Stony,0
2016,DC2,DC23-500-125,Bottom,Stony,0
2016,DC2,DC23-500-125,Top,Stony,0
2016,DC2,DC23-500-172,Bottom,Stony,0
2016,DC2,DC23-500-172,Top,Stony,0
2016,DC2,DC24-100-067,Bottom,Stony,0
2016,DC2,DC24-100-067,Top,Stony,0
2016,DC2,DC24-100-089,Bottom,Stony,0
2016,DC2,DC24-100-089,Top,Stony,0
2016,DC2,DC24-100-114,Bottom,Stony,0
2016,DC2,DC24-100-114,Top,Stony,1
2016,DC2,DC24-100-191,Bottom,Stony,0
2016,DC2,DC24-100-191,Top,Stony,0
2016,DC2,DC24-500-045,Bottom,Stony,0
2016,DC2,DC24-500-045,Top,Stony,0
2016,DC2,DC24-500-120,Bottom,Stony,0
2016,DC2,DC24-500-120,Top,Stony,0
2016,DC2,DC24-500-154,Bottom,Stony,0
2016,DC2,DC24-500-154,Top,Stony,0
2016,DC2,DC24-500-223,Bottom,Stony,0
2016,DC2,DC24-500-223,Top,Stony,0
2016,DC3,DC31-100-097,Top,Stony,0
2016,DC3,DC31-100-116,Bottom,Stony,0
2016,DC3,DC31-100-116,Top,Stony,0
2016,DC3,DC31-100-141,Bottom,Stony,0
2016,DC3,DC31-100-141,Top,Stony,0
2016,DC3,DC31-100-197,Bottom,Stony,0
2016,DC3,DC31-100-199,Bottom,Stony,0
2016,DC3,DC31-100-199,Top,Stony,0
2016,DC3,DC31-500-133,Bottom,Stony,0
2016,DC3,DC31-500-167,Bottom,Stony,0
2016,DC3,DC31-500-167,Top,Stony,0
2016,DC3,DC31-500-198,Bottom,Stony,0
2016,DC3,DC31-500-198,Top,Stony,0
2016,DC3,DC31-500-209,Bottom,Stony,0
2016,DC3,DC31-500-209,Top,Stony,0
2016,DC3,DC32-100-119,Bottom,Stony,0
2016,DC3,DC32-100-131,Bottom,Stony,0
2016,DC3,DC32-100-131,Top,Stony,0
2016,DC3,DC32-100-170,Bottom,Stony,0
2016,DC3,DC32-100-170,Top,Stony,0
2016,DC3,DC32-100-179,Bottom,Stony,0
2016,DC3,DC32-100-179,Top,Stony,0
2016,DC3,DC32-500-119,Bottom,Stony,0
2016,DC3,DC32-500-119,Top,Stony,0
2016,DC3,DC32-500-160,Bottom,Stony,0
2016,DC3,DC32-500-160,Top,Stony,0
2016,DC3,DC32-500-173,Bottom,Stony,0
2016,DC3,DC32-500-173,Top,Stony,0
2016,DC3,DC32-500-208,Bottom,Stony,0
2016,DC3,DC32-500-208,Top,Stony,0
2016,DC3,DC33-100-112,Bottom,Stony,0
2016,DC3,DC33-100-112,Top,Stony,0
2016,DC3,DC33-100-155,Bottom,Stony,0
2016,DC3,DC33-100-155,Top,Stony,0
2016,DC3,DC33-100-181,Bottom,Stony,0
2016,DC3,DC33-100-181,Top,Stony,0
2016,DC3,DC33-100-220,Bottom,Stony,0
2016,DC3,DC33-100-220,Top,Stony,0
2016,DC3,DC33-500-080,Bottom,Stony,0
2016,DC3,DC33-500-080,Top,Stony,0
2016,DC3,DC33-500-109,Bottom,Stony,0
2016,DC3,DC33-500-109,Top,Stony,0
2016,DC3,DC33-500-130,Bottom,Stony,0
2016,DC3,DC33-500-130,Top,Stony,0
2016,DC3,DC33-500-199,Bottom,Stony,0
2016,DC3,DC33-500-199,Top,Stony,0
2016,DC3,DC34-100-028,Bottom,Stony,0
2016,DC3,DC34-100-028,Top,Stony,0
2016,DC3,DC34-100-050,Bottom,Stony,0
2016,DC3,DC34-100-050,Top,Stony,1
2016,DC3,DC34-100-100,Bottom,Stony,0
2016,DC3,DC34-100-100,Top,Stony,0
2016,DC3,DC34-100-171,Bottom,Stony,0
2016,DC3,DC34-100-171,Top,Stony,0
2016,DC3,DC34-500-099,Bottom,Stony,0
2016,DC3,DC34-500-099,Top,Stony,0
2016,DC3,DC34-500-131,Bottom,Stony,0
2016,DC3,DC34-500-131,Top,Stony,0
2016,DC3,DC34-500-153,Bottom,Stony,0
2016,DC3,DC34-500-153,Top,Stony,1
2016,DC3,DC34-500-174,Bottom,Stony,0
2016,DC3,DC34-500-174,Top,Stony,0
2016,DC4,DC41-100-037,Bottom,Stony,0
2016,DC4,DC41-100-037,Top,Stony,0
2016,DC4,DC41-100-057,Bottom,Stony,0
2016,DC4,DC41-100-057,Top,Stony,0
2016,DC4,DC41-100-110,Bottom,Stony,0
2016,DC4,DC41-100-110,Top,Stony,0
2016,DC4,DC41-100-168,Bottom,Stony,0
2016,DC4,DC41-100-168,Top,Stony,0
2016,DC4,DC41-500-027,Bottom,Stony,0
2016,DC4,DC41-500-027,Top,Stony,0
2016,DC4,DC41-500-054,Bottom,Stony,0
2016,DC4,DC41-500-054,Top,Stony,0
2016,DC4,DC41-500-083,Bottom,Stony,0
2016,DC4,DC41-500-083,Top,Stony,0
2016,DC4,DC41-500-162,Top,Stony,0
2016,DC4,DC42-100-017,Bottom,Stony,0
2016,DC4,DC42-100-017,Top,Stony,0
2016,DC4,DC42-100-057,Bottom,Stony,0
2016,DC4,DC42-100-057,Top,Stony,0
2016,DC4,DC42-100-139,Bottom,Stony,0
2016,DC4,DC42-100-139,Top,Stony,0
2016,DC4,DC42-100-174,Bottom,Stony,0
2016,DC4,DC42-100-174,Top,Stony,0
2016,DC4,DC42-500-037,Bottom,Stony,0
2016,DC4,DC42-500-037,Top,Stony,0
2016,DC4,DC42-500-100,Bottom,Stony,0
2016,DC4,DC42-500-100,Top,Stony,0
2016,DC4,DC42-500-133,Bottom,Stony,0
2016,DC4,DC42-500-133,Top,Stony,0
2016,DC4,DC42-500-186,Bottom,Stony,0
2016,DC4,DC42-500-186,Top,Stony,0
2016,DC4,DC43-100-055,Bottom,Stony,0
2016,DC4,DC43-100-055,Top,Stony,0
2016,DC4,DC43-100-123,Bottom,Stony,0
2016,DC4,DC43-100-123,Top,Stony,0
2016,DC4,DC43-100-160,Bottom,Stony,0
2016,DC4,DC43-100-160,Top,Stony,0
2016,DC4,DC43-500-045,Bottom,Stony,0
2016,DC4,DC43-500-045,Top,Stony,0
2016,DC4,DC43-500-075,Bottom,Stony,0
2016,DC4,DC43-500-075,Top,Stony,0
2016,DC4,DC43-500-099,Bottom,Stony,0
2016,DC4,DC43-500-099,Top,Stony,0
2016,DC4,DC43-500-134,Bottom,Stony,0
2016,DC4,DC43-500-134,Top,Stony,0
2016,DC4,DC44-100-024,Bottom,Stony,0
2016,DC4,DC44-100-024,Top,Stony,0
2016,DC4,DC44-100-062,Bottom,Stony,0
2016,DC4,DC44-100-062,Top,Stony,0
2016,DC4,DC44-100-122,Bottom,Stony,0
2016,DC4,DC44-100-122,Top,Stony,0
2016,DC4,DC44-100-157,Bottom,Stony,0
2016,DC4,DC44-100-157,Top,Stony,0
2016,DC4,DC44-500-018,Bottom,Stony,0
2016,DC4,DC44-500-018,Top,Stony,0
2016,DC4,DC44-500-051,Bottom,Stony,0
2016,DC4,DC44-500-051,Top,Stony,0
2016,DC4,DC44-500-117,Bottom,Stony,0
2016,DC4,DC44-500-117,Top,Stony,0
2016,DC4,DC44-500-158,Bottom,Stony,0
2016,DC4,DC44-500-158,Top,Stony,0
2016,DC5,DC51-100-013,Bottom,Stony,1
2016,DC5,DC51-100-013,Top,Stony,2
2016,DC5,DC51-100-057,Bottom,Stony,0
2016,DC5,DC51-100-057,Top,Stony,0
2016,DC5,DC51-100-076,Bottom,Stony,0
2016,DC5,DC51-100-076,Top,Stony,0
2016,DC5,DC51-100-127,Bottom,Stony,1
2016,DC5,DC51-100-127,Top,Stony,0
2016,DC5,DC51-500-018,Bottom,Stony,0
2016,DC5,DC51-500-018,Top,Stony,0
2016,DC5,DC51-500-095,Bottom,Stony,0
2016,DC5,DC51-500-095,Top,Stony,0
2016,DC5,DC51-500-145,Bottom,Stony,0
2016,DC5,DC51-500-145,Top,Stony,0
2016,DC5,DC51-500-185,Bottom,Stony,0
2016,DC5,DC51-500-185,Top,Stony,0
2016,DC5,DC52-100-059,Bottom,Stony,0
2016,DC5,DC52-100-059,Top,Stony,0
2016,DC5,DC52-100-104,Bottom,Stony,0
2016,DC5,DC52-100-104,Top,Stony,1
2016,DC5,DC52-100-118,Bottom,Stony,0
2016,DC5,DC52-100-118,Top,Stony,0
2016,DC5,DC52-100-177,Bottom,Stony,0
2016,DC5,DC52-100-177,Top,Stony,0
2016,DC5,DC52-500-075,Bottom,Stony,1
2016,DC5,DC52-500-075,Top,Stony,0
2016,DC5,DC52-500-104,Bottom,Stony,2
2016,DC5,DC52-500-104,Top,Stony,0
2016,DC5,DC52-500-140,Bottom,Stony,2
2016,DC5,DC52-500-140,Top,Stony,0
2016,DC5,DC52-500-161,Bottom,Stony,0
2016,DC5,DC52-500-161,Top,Stony,1
2016,DC5,DC53-100-085,Bottom,Stony,0
2016,DC5,DC53-100-085,Top,Stony,0
2016,DC5,DC53-100-114,Bottom,Stony,0
2016,DC5,DC53-100-114,Top,Stony,0
2016,DC5,DC53-100-150,Bottom,Stony,0
2016,DC5,DC53-100-150,Top,Stony,0
2016,DC5,DC53-100-183,Bottom,Stony,0
2016,DC5,DC53-100-183,Top,Stony,0
2016,DC5,DC53-500-004,Bottom,Stony,0
2016,DC5,DC53-500-004,Top,Stony,0
2016,DC5,DC53-500-084,Bottom,Stony,0
2016,DC5,DC53-500-084,Top,Stony,0
2016,DC5,DC53-500-136,Bottom,Stony,1
2016,DC5,DC53-500-136,Top,Stony,0
2016,DC5,DC53-500-168,Bottom,Stony,0
2016,DC5,DC53-500-168,Top,Stony,0
2016,DC5,DC54-100-077,Bottom,Stony,0
2016,DC5,DC54-100-077,Top,Stony,0
2016,DC5,DC54-100-089,Bottom,Stony,1
2016,DC5,DC54-100-089,Top,Stony,0
2016,DC5,DC54-100-123,Bottom,Stony,0
2016,DC5,DC54-100-123,Top,Stony,0
2016,DC5,DC54-100-138,Bottom,Stony,0
2016,DC5,DC54-100-138,Top,Stony,0
2016,DC5,DC54-500-015,Bottom,Stony,0
2016,DC5,DC54-500-015,Top,Stony,0
2016,DC5,DC54-500-046,Bottom,Stony,0
2016,DC5,DC54-500-046,Top,Stony,0
2016,DC5,DC54-500-059,Bottom,Stony,0
2016,DC5,DC54-500-059,Top,Stony,0
2016,DC5,DC54-500-168,Bottom,Stony,0
2016,DC5,DC54-500-168,Top,Stony,0
2016,DC6,DC61-100-065,Bottom,Stony,0
2016,DC6,DC61-100-065,Top,Stony,0
2016,DC6,DC61-100-078,Bottom,Stony,0
2016,DC6,DC61-100-078,Top,Stony,0
2016,DC6,DC61-100-137,Bottom,Stony,0
2016,DC6,DC61-100-137,Top,Stony,2
2016,DC6,DC61-100-162,Bottom,Stony,0
2016,DC6,DC61-100-162,Top,Stony,0
2016,DC6,DC61-500-017,Bottom,Stony,0
2016,DC6,DC61-500-017,Top,Stony,1
2016,DC6,DC61-500-091,Bottom,Stony,0
2016,DC6,DC61-500-091,Top,Stony,0
2016,DC6,DC61-500-132,Bottom,Stony,0
2016,DC6,DC61-500-132,Top,Stony,0
2016,DC6,DC61-500-184,Bottom,Stony,0
2016,DC6,DC61-500-184,Top,Stony,2
2016,DC6,DC62-100-052,Bottom,Stony,0
2016,DC6,DC62-100-052,Top,Stony,3
2016,DC6,DC62-100-084,Bottom,Stony,1
2016,DC6,DC62-100-084,Top,Stony,2
2016,DC6,DC62-100-141,Bottom,Stony,0
2016,DC6,DC62-100-141,Top,Stony,0
2016,DC6,DC62-100-163,Bottom,Stony,0
2016,DC6,DC62-100-163,Top,Stony,0
2016,DC6,DC62-500-082,Bottom,Stony,0
2016,DC6,DC62-500-082,Top,Stony,1
2016,DC6,DC62-500-114,Bottom,Stony,0
2016,DC6,DC62-500-114,Top,Stony,2
2016,DC6,DC62-500-132,Bottom,Stony,0
2016,DC6,DC62-500-132,Top,Stony,0
2016,DC6,DC62-500-205,Bottom,Stony,0
2016,DC6,DC62-500-205,Top,Stony,0
2016,DC6,DC63-100-060,Bottom,Stony,0
2016,DC6,DC63-100-060,Top,Stony,1
2016,DC6,DC63-100-165,Bottom,Stony,0
2016,DC6,DC63-100-165,Top,Stony,0
2016,DC6,DC63-100-194,Bottom,Stony,0
2016,DC6,DC63-100-194,Top,Stony,2
2016,DC6,DC63-500-046,Bottom,Stony,0
2016,DC6,DC63-500-046,Top,Stony,1
2016,DC6,DC63-500-091,Bottom,Stony,0
2016,DC6,DC63-500-091,Top,Stony,0
2016,DC6,DC63-500-108,Bottom,Stony,0
2016,DC6,DC63-500-108,Top,Stony,0
2016,DC6,DC63-500-142,Bottom,Stony,0
2016,DC6,DC63-500-142,Top,Stony,1
2016,DC6,DC63-500-195,Bottom,Stony,1
2016,DC6,DC63-500-195,Top,Stony,0
2016,DC6,DC64-100-097,Bottom,Stony,0
2016,DC6,DC64-100-097,Top,Stony,1
2016,DC6,DC64-100-128,Bottom,Stony,1
2016,DC6,DC64-100-128,Top,Stony,0
2016,DC6,DC64-100-176,Bottom,Stony,0
2016,DC6,DC64-100-176,Top,Stony,0
2016,DC6,DC64-100-193,Bottom,Stony,0
2016,DC6,DC64-100-193,Top,Stony,0
2016,DC6,DC64-500-017,Bottom,Stony,0
2016,DC6,DC64-500-017,Top,Stony,0
2016,DC6,DC64-500-056,Bottom,Stony,0
2016,DC6,DC64-500-056,Top,Stony,0
2016,DC6,DC64-500-091,Bottom,Stony,0
2016,DC6,DC64-500-091,Top,Stony,0
2016,DC6,DC64-500-113,Bottom,Stony,0
2016,DC6,DC64-500-113,Top,Stony,1
2016,DC7,DC71-100-043,Bottom,Stony,0
2016,DC7,DC71-100-043,Top,Stony,0
2016,DC7,DC71-100-085,Bottom,Stony,0
2016,DC7,DC71-100-085,Top,Stony,0
2016,DC7,DC71-100-110,Bottom,Stony,0
2016,DC7,DC71-100-110,Top,Stony,2
2016,DC7,DC71-100-155,Bottom,Stony,0
2016,DC7,DC71-100-155,Top,Stony,1
2016,DC7,DC71-500-036,Bottom,Stony,0
2016,DC7,DC71-500-036,Top,Stony,0
2016,DC7,DC71-500-079,Bottom,Stony,0
2016,DC7,DC71-500-079,Top,Stony,0
2016,DC7,DC71-500-113,Bottom,Stony,0
2016,DC7,DC71-500-113,Top,Stony,1
2016,DC7,DC71-500-175,Bottom,Stony,0
2016,DC7,DC71-500-175,Top,Stony,0
2016,DC7,DC72-100-044,Bottom,Stony,0
2016,DC7,DC72-100-044,Top,Stony,1
2016,DC7,DC72-100-090,Bottom,Stony,0
2016,DC7,DC72-100-090,Top,Stony,0
2016,DC7,DC72-100-128,Bottom,Stony,0
2016,DC7,DC72-100-128,Top,Stony,0
2016,DC7,DC72-100-182,Bottom,Stony,0
2016,DC7,DC72-100-182,Top,Stony,1
2016,DC7,DC72-500-036,Bottom,Stony,0
2016,DC7,DC72-500-036,Top,Stony,0
2016,DC7,DC72-500-099,Bottom,Stony,0
2016,DC7,DC72-500-099,Top,Stony,0
2016,DC7,DC72-500-153,Bottom,Stony,0
2016,DC7,DC72-500-153,Top,Stony,0
2016,DC7,DC72-500-169,Bottom,Stony,0
2016,DC7,DC72-500-169,Top,Stony,0
2016,DC7,DC73-100-080,Bottom,Stony,0
2016,DC7,DC73-100-080,Top,Stony,0
2016,DC7,DC73-100-109,Bottom,Stony,0
2016,DC7,DC73-100-109,Top,Stony,0
2016,DC7,DC73-100-129,Bottom,Stony,0
2016,DC7,DC73-100-129,Top,Stony,0
2016,DC7,DC73-500-059,Bottom,Stony,0
2016,DC7,DC73-500-059,Top,Stony,0
2016,DC7,DC73-500-083,Bottom,Stony,0
2016,DC7,DC73-500-083,Top,Stony,0
2016,DC7,DC73-500-134,Bottom,Stony,0
2016,DC7,DC73-500-134,Top,Stony,2
2016,DC7,DC73-500-168,Bottom,Stony,0
2016,DC7,DC73-500-168,Top,Stony,0
2016,DC7,DC74-100-000,Bottom,Stony,0
2016,DC7,DC74-100-000,Top,Stony,0
2016,DC7,DC74-100-045,Bottom,Stony,0
2016,DC7,DC74-100-045,Top,Stony,0
2016,DC7,DC74-100-156,Bottom,Stony,0
2016,DC7,DC74-100-156,Top,Stony,1
2016,DC7,DC74-100-186,Bottom,Stony,0
2016,DC7,DC74-100-186,Top,Stony,0
2016,DC7,DC74-500-037,Bottom,Stony,0
2016,DC7,DC74-500-037,Top,Stony,0
2016,DC7,DC74-500-075,Bottom,Stony,0
2016,DC7,DC74-500-075,Top,Stony,0
2016,DC7,DC74-500-136,Bottom,Stony,0
2016,DC7,DC74-500-136,Top,Stony,0
2016,DC7,DC74-500-194,Bottom,Stony,0
2016,DC7,DC74-500-194,Top,Stony,0
2016,DC8,DC81-100-002,Bottom,Stony,0
2016,DC8,DC81-100-002,Top,Stony,0
2016,DC8,DC81-100-029,Bottom,Stony,0
2016,DC8,DC81-100-029,Top,Stony,1
2016,DC8,DC81-100-092,Bottom,Stony,0
2016,DC8,DC81-100-092,Top,Stony,0
2016,DC8,DC81-100-128,Bottom,Stony,0
2016,DC8,DC81-100-128,Top,Stony,0
2016,DC8,DC81-500-002,Bottom,Stony,0
2016,DC8,DC81-500-002,Top,Stony,0
2016,DC8,DC81-500-052,Bottom,Stony,0
2016,DC8,DC81-500-052,Top,Stony,0
2016,DC8,DC81-500-097,Bottom,Stony,0
2016,DC8,DC81-500-097,Top,Stony,0
2016,DC8,DC81-500-154,Bottom,Stony,0
2016,DC8,DC81-500-154,Top,Stony,0
2016,DC8,DC81-500-186,Bottom,Stony,0
2016,DC8,DC81-500-186,Top,Stony,0
2016,DC8,DC82-100-077,Bottom,Stony,0
2016,DC8,DC82-100-077,Top,Stony,1
2016,DC8,DC82-100-108,Bottom,Stony,0
2016,DC8,DC82-100-108,Top,Stony,0
2016,DC8,DC82-100-136,Bottom,Stony,0
2016,DC8,DC82-100-136,Top,Stony,0
2016,DC8,DC82-500-004,Bottom,Stony,0
2016,DC8,DC82-500-004,Top,Stony,0
2016,DC8,DC82-500-104,Bottom,Stony,0
2016,DC8,DC82-500-104,Top,Stony,0
2016,DC8,DC82-500-141,Bottom,Stony,0
2016,DC8,DC82-500-141,Top,Stony,0
2016,DC8,DC82-500-171,Top,Stony,1
2016,DC8,DC83-100-032,Bottom,Stony,0
2016,DC8,DC83-100-032,Top,Stony,0
2016,DC8,DC83-100-106,Bottom,Stony,0
2016,DC8,DC83-100-106,Top,Stony,0
2016,DC8,DC83-100-175,Bottom,Stony,0
2016,DC8,DC83-100-175,Top,Stony,0
2016,DC8,DC83-100-198,Bottom,Stony,0
2016,DC8,DC83-100-198,Top,Stony,0
2016,DC8,DC83-500-019,Bottom,Stony,0
2016,DC8,DC83-500-019,Top,Stony,0
2016,DC8,DC83-500-068,Bottom,Stony,0
2016,DC8,DC83-500-068,Top,Stony,0
2016,DC8,DC83-500-149,Bottom,Stony,0
2016,DC8,DC83-500-149,Top,Stony,0
2016,DC8,DC83-500-192,Bottom,Stony,0
2016,DC8,DC83-500-192,Top,Stony,1
2016,DC8,DC84-100-022,Bottom,Stony,0
2016,DC8,DC84-100-022,Top,Stony,0
2016,DC8,DC84-100-124,Bottom,Stony,0
2016,DC8,DC84-100-124,Top,Stony,0
2016,DC8,DC84-100-157,Bottom,Stony,0
2016,DC8,DC84-100-157,Top,Stony,0
2016,DC8,DC84-100-208,Bottom,Stony,0
2016,DC8,DC84-100-208,Top,Stony,0
2016,DC8,DC84-500-040,Bottom,Stony,0
2016,DC8,DC84-500-040,Top,Stony,1
2016,DC8,DC84-500-150,Top,Stony,1
2016,DC8,DC84-500-176,Bottom,Stony,0
2016,DC8,DC84-500-176,Top,Stony,0
2016,DC8,DC84-500-210,Bottom,Stony,0
2016,DC8,DC84-500-210,Top,Stony,0
2017,BC1,BC11-100-035,Bottom,Stony,0
2017,BC1,BC11-100-035,Top,Stony,0
2017,BC1,BC11-100-044,Bottom,Stony,0
2017,BC1,BC11-100-044,Top,Stony,0
2017,BC1,BC11-100-096,Bottom,Stony,0
2017,BC1,BC11-100-096,Top,Stony,0
2017,BC1,BC11-500-008,Bottom,Stony,0
2017,BC1,BC11-500-008,Top,Stony,0
2017,BC1,BC11-500-018,Bottom,Stony,0
2017,BC1,BC11-500-018,Top,Stony,0
2017,BC1,BC11-500-049,Bottom,Stony,0
2017,BC1,BC11-500-049,Top,Stony,0
2017,BC1,BC11-500-075,Bottom,Stony,0
2017,BC1,BC11-500-075,Top,Stony,1
2017,BC1,BC11-500-090,Bottom,Stony,0
2017,BC1,BC11-500-090,Top,Stony,0
2017,BC1,BC12-100-043,Bottom,Stony,0
2017,BC1,BC12-100-043,Top,Stony,0
2017,BC1,BC12-100-053,Bottom,Stony,0
2017,BC1,BC12-100-053,Top,Stony,0
2017,BC1,BC12-100-142,Bottom,Stony,0
2017,BC1,BC12-100-142,Top,Stony,0
2017,BC1,BC12-100-221,Bottom,Stony,0
2017,BC1,BC12-100-221,Top,Stony,0
2017,BC1,BC12-500-014,Bottom,Stony,0
2017,BC1,BC12-500-014,Top,Stony,0
2017,BC1,BC12-500-043,Bottom,Stony,0
2017,BC1,BC12-500-043,Top,Stony,0
2017,BC1,BC12-500-129,Bottom,Stony,0
2017,BC1,BC12-500-129,Top,Stony,0
2017,BC1,BC12-500-171,Bottom,Stony,0
2017,BC1,BC12-500-171,Top,Stony,0
2017,BC1,BC13-100-090,Bottom,Stony,0
2017,BC1,BC13-100-090,Top,Stony,0
2017,BC1,BC13-100-151,Bottom,Stony,0
2017,BC1,BC13-100-151,Top,Stony,0
2017,BC1,BC13-100-187,Bottom,Stony,0
2017,BC1,BC13-100-187,Top,Stony,0
2017,BC1,BC13-100-208,Bottom,Stony,0
2017,BC1,BC13-100-208,Top,Stony,0
2017,BC1,BC13-500-040,Bottom,Stony,0
2017,BC1,BC13-500-040,Top,Stony,0
2017,BC1,BC13-500-089,Bottom,Stony,0
2017,BC1,BC13-500-089,Top,Stony,0
2017,BC1,BC13-500-162,Bottom,Stony,0
2017,BC1,BC13-500-162,Top,Stony,0
2017,BC1,BC13-500-198,Bottom,Stony,0
2017,BC1,BC13-500-198,Top,Stony,0
2017,BC1,BC14-100-049,Bottom,Stony,0
2017,BC1,BC14-100-049,Top,Stony,0
2017,BC1,BC14-100-081,Bottom,Stony,0
2017,BC1,BC14-100-081,Top,Stony,0
2017,BC1,BC14-100-185,Bottom,Stony,0
2017,BC1,BC14-100-185,Top,Stony,0
2017,BC1,BC14-100-209,Bottom,Stony,0
2017,BC1,BC14-100-209,Top,Stony,0
2017,BC1,BC14-500-026,Bottom,Stony,0
2017,BC1,BC14-500-026,Top,Stony,2
2017,BC1,BC14-500-082,Bottom,Stony,0
2017,BC1,BC14-500-082,Top,Stony,0
2017,BC1,BC14-500-104,Bottom,Stony,0
2017,BC1,BC14-500-104,Top,Stony,0
2017,BC1,BC14-500-155,Bottom,Stony,0
2017,BC1,BC14-500-155,Top,Stony,0
2017,BC2,BC21-100-015,Bottom,Stony,0
2017,BC2,BC21-100-015,Top,Stony,0
2017,BC2,BC21-100-070,Bottom,Stony,0
2017,BC2,BC21-100-070,Top,Stony,0
2017,BC2,BC21-100-088,Bottom,Stony,0
2017,BC2,BC21-100-088,Top,Stony,0
2017,BC2,BC21-100-151,Bottom,Stony,0
2017,BC2,BC21-100-151,Top,Stony,0
2017,BC2,BC21-500-028,Bottom,Stony,0
2017,BC2,BC21-500-028,Top,Stony,0
2017,BC2,BC21-500-074,Bottom,Stony,0
2017,BC2,BC21-500-074,Top,Stony,0
2017,BC2,BC21-500-174,Bottom,Stony,0
2017,BC2,BC21-500-174,Top,Stony,0
2017,BC2,BC21-500-206,Bottom,Stony,0
2017,BC2,BC21-500-206,Top,Stony,0
2017,BC2,BC22-100-034,Bottom,Stony,0
2017,BC2,BC22-100-034,Top,Stony,0
2017,BC2,BC22-100-064,Bottom,Stony,0
2017,BC2,BC22-100-064,Top,Stony,0
2017,BC2,BC22-100-137,Bottom,Stony,0
2017,BC2,BC22-100-137,Top,Stony,0
2017,BC2,BC22-100-188,Bottom,Stony,0
2017,BC2,BC22-100-188,Top,Stony,0
2017,BC2,BC22-500-041,Bottom,Stony,0
2017,BC2,BC22-500-041,Top,Stony,1
2017,BC2,BC22-500-111,Bottom,Stony,0
2017,BC2,BC22-500-111,Top,Stony,0
2017,BC2,BC22-500-135,Bottom,Stony,0
2017,BC2,BC22-500-135,Top,Stony,0
2017,BC2,BC22-500-193,Bottom,Stony,0
2017,BC2,BC22-500-193,Top,Stony,0
2017,BC2,BC23-100-060,Bottom,Stony,0
2017,BC2,BC23-100-060,Top,Stony,1
2017,BC2,BC23-100-126,Bottom,Stony,0
2017,BC2,BC23-100-126,Top,Stony,0
2017,BC2,BC23-100-165,Bottom,Stony,0
2017,BC2,BC23-100-165,Top,Stony,0
2017,BC2,BC23-100-202,Bottom,Stony,0
2017,BC2,BC23-100-202,Top,Stony,1
2017,BC2,BC23-500-012,Bottom,Stony,0
2017,BC2,BC23-500-012,Top,Stony,0
2017,BC2,BC23-500-104,Bottom,Stony,0
2017,BC2,BC23-500-104,Top,Stony,2
2017,BC2,BC23-500-167,Bottom,Stony,0
2017,BC2,BC23-500-167,Top,Stony,0
2017,BC2,BC23-500-206,Bottom,Stony,0
2017,BC2,BC23-500-206,Top,Stony,0
2017,BC2,BC24-100-024,Bottom,Stony,0
2017,BC2,BC24-100-024,Top,Stony,0
2017,BC2,BC24-100-090,Bottom,Stony,0
2017,BC2,BC24-100-090,Top,Stony,1
2017,BC2,BC24-100-119,Bottom,Stony,0
2017,BC2,BC24-100-119,Top,Stony,0
2017,BC2,BC24-100-207,Bottom,Stony,0
2017,BC2,BC24-100-207,Top,Stony,0
2017,BC2,BC24-500-017,Bottom,Stony,0
2017,BC2,BC24-500-017,Top,Stony,0
2017,BC2,BC24-500-070,Bottom,Stony,0
2017,BC2,BC24-500-070,Top,Stony,0
2017,BC2,BC24-500-136,Bottom,Stony,0
2017,BC2,BC24-500-136,Top,Stony,0
2017,BC2,BC24-500-168,Bottom,Stony,0
2017,BC2,BC24-500-168,Top,Stony,1
2017,BC3,BC31-100-015,Bottom,Stony,0
2017,BC3,BC31-100-015,Top,Stony,0
2017,BC3,BC31-100-050,Bottom,Stony,0
2017,BC3,BC31-100-050,Top,Stony,0
2017,BC3,BC31-100-092,Bottom,Stony,0
2017,BC3,BC31-100-092,Top,Stony,1
2017,BC3,BC31-100-125,Bottom,Stony,0
2017,BC3,BC31-100-125,Top,Stony,1
2017,BC3,BC31-500-070,Bottom,Stony,0
2017,BC3,BC31-500-070,Top,Stony,0
2017,BC3,BC31-500-095,Bottom,Stony,0
2017,BC3,BC31-500-095,Top,Stony,0
2017,BC3,BC31-500-137,Bottom,Stony,0
2017,BC3,BC31-500-137,Top,Stony,0
2017,BC3,BC31-500-185,Bottom,Stony,0
2017,BC3,BC31-500-185,Top,Stony,0
2017,BC3,BC32-100-014,Bottom,Stony,0
2017,BC3,BC32-100-014,Top,Stony,1
2017,BC3,BC32-100-085,Bottom,Stony,0
2017,BC3,BC32-100-085,Top,Stony,0
2017,BC3,BC32-100-132,Bottom,Stony,0
2017,BC3,BC32-100-132,Top,Stony,0
2017,BC3,BC32-100-162,Bottom,Stony,0
2017,BC3,BC32-100-162,Top,Stony,0
2017,BC3,BC32-500-013,Bottom,Stony,0
2017,BC3,BC32-500-013,Top,Stony,0
2017,BC3,BC32-500-054,Bottom,Stony,1
2017,BC3,BC32-500-054,Top,Stony,0
2017,BC3,BC32-500-117,Bottom,Stony,0
2017,BC3,BC32-500-117,Top,Stony,0
2017,BC3,BC32-500-197,Bottom,Stony,0
2017,BC3,BC32-500-197,Top,Stony,0
2017,BC3,BC33-100-031,Bottom,Stony,0
2017,BC3,BC33-100-031,Top,Stony,0
2017,BC3,BC33-100-098,Bottom,Stony,0
2017,BC3,BC33-100-098,Top,Stony,0
2017,BC3,BC33-100-134,Bottom,Stony,0
2017,BC3,BC33-100-134,Top,Stony,0
2017,BC3,BC33-100-188,Bottom,Stony,0
2017,BC3,BC33-100-188,Top,Stony,0
2017,BC3,BC33-500-019,Bottom,Stony,0
2017,BC3,BC33-500-019,Top,Stony,0
2017,BC3,BC33-500-074,Bottom,Stony,0
2017,BC3,BC33-500-074,Top,Stony,0
2017,BC3,BC33-500-129,Bottom,Stony,0
2017,BC3,BC33-500-129,Top,Stony,0
2017,BC3,BC33-500-189,Bottom,Stony,0
2017,BC3,BC33-500-189,Top,Stony,0
2017,BC3,BC34-100-041,Bottom,Stony,0
2017,BC3,BC34-100-041,Top,Stony,0
2017,BC3,BC34-100-109,Bottom,Stony,0
2017,BC3,BC34-100-109,Top,Stony,0
2017,BC3,BC34-100-182,Bottom,Stony,0
2017,BC3,BC34-100-182,Top,Stony,0
2017,BC3,BC34-100-220,Bottom,Stony,0
2017,BC3,BC34-100-220,Top,Stony,0
2017,BC3,BC34-500-035,Bottom,Stony,0
2017,BC3,BC34-500-035,Top,Stony,0
2017,BC3,BC34-500-086,Bottom,Stony,0
2017,BC3,BC34-500-086,Top,Stony,0
2017,BC3,BC34-500-156,Bottom,Stony,0
2017,BC3,BC34-500-156,Top,Stony,0
2017,BC3,BC34-500-206,Bottom,Stony,0
2017,BC3,BC34-500-206,Top,Stony,1
2017,BC4,BC41-100-023,Bottom,Stony,0
2017,BC4,BC41-100-023,Top,Stony,0
2017,BC4,BC41-100-076,Bottom,Stony,0
2017,BC4,BC41-100-076,Top,Stony,0
2017,BC4,BC41-100-093,Bottom,Stony,0
2017,BC4,BC41-100-093,Top,Stony,1
2017,BC4,BC41-100-139,Bottom,Stony,0
2017,BC4,BC41-100-139,Top,Stony,0
2017,BC4,BC41-500-035,Bottom,Stony,0
2017,BC4,BC41-500-035,Top,Stony,0
2017,BC4,BC41-500-106,Bottom,Stony,0
2017,BC4,BC41-500-106,Top,Stony,2
2017,BC4,BC41-500-126,Bottom,Stony,0
2017,BC4,BC41-500-126,Top,Stony,0
2017,BC4,BC41-500-211,Bottom,Stony,0
2017,BC4,BC41-500-211,Top,Stony,0
2017,BC4,BC42-100-017,Bottom,Stony,0
2017,BC4,BC42-100-017,Top,Stony,0
2017,BC4,BC42-100-093,Bottom,Stony,0
2017,BC4,BC42-100-093,Top,Stony,0
2017,BC4,BC42-100-119,Bottom,Stony,1
2017,BC4,BC42-100-119,Top,Stony,0
2017,BC4,BC42-100-151,Bottom,Stony,2
2017,BC4,BC42-100-151,Top,Stony,0
2017,BC4,BC42-500-020,Bottom,Stony,0
2017,BC4,BC42-500-020,Top,Stony,1
2017,BC4,BC42-500-083,Bottom,Stony,0
2017,BC4,BC42-500-083,Top,Stony,0
2017,BC4,BC42-500-108,Bottom,Stony,0
2017,BC4,BC42-500-108,Top,Stony,1
2017,BC4,BC42-500-155,Bottom,Stony,0
2017,BC4,BC42-500-155,Top,Stony,0
2017,BC4,BC43-100-117,Bottom,Stony,0
2017,BC4,BC43-100-117,Top,Stony,0
2017,BC4,BC43-100-132,Bottom,Stony,0
2017,BC4,BC43-100-132,Top,Stony,0
2017,BC4,BC43-100-163,Bottom,Stony,0
2017,BC4,BC43-100-163,Top,Stony,0
2017,BC4,BC43-100-176,Bottom,Stony,0
2017,BC4,BC43-100-176,Top,Stony,0
2017,BC4,BC43-100-199,Bottom,Stony,0
2017,BC4,BC43-100-199,Top,Stony,0
2017,BC4,BC43-500-042,Bottom,Stony,0
2017,BC4,BC43-500-042,Top,Stony,0
2017,BC4,BC43-500-061,Bottom,Stony,0
2017,BC4,BC43-500-061,Top,Stony,0
2017,BC4,BC43-500-091,Bottom,Stony,0
2017,BC4,BC43-500-091,Top,Stony,0
2017,BC4,BC44-100-130,Bottom,Stony,0
2017,BC4,BC44-100-130,Top,Stony,1
2017,BC4,BC44-100-175,Bottom,Stony,0
2017,BC4,BC44-100-175,Top,Stony,0
2017,BC4,BC44-100-198,Bottom,Stony,0
2017,BC4,BC44-100-198,Top,Stony,1
2017,BC4,BC44-500-061,Bottom,Stony,0
2017,BC4,BC44-500-061,Top,Stony,0
2017,BC4,BC44-500-074,Bottom,Stony,0
2017,BC4,BC44-500-074,Top,Stony,2
2017,BC4,BC44-500-112,Bottom,Stony,0
2017,BC4,BC44-500-112,Top,Stony,0
2017,BC4,BC44-500-147,Bottom,Stony,0
2017,BC4,BC44-500-147,Top,Stony,0
2017,BC4,BC44-500-170,Bottom,Stony,0
2017,BC4,BC44-500-170,Top,Stony,0
2017,DC1,DC11-100-048,Bottom,Stony,0
2017,DC1,DC11-100-048,Top,Stony,0
2017,DC1,DC11-100-059,Bottom,Stony,0
2017,DC1,DC11-100-059,Top,Stony,0
2017,DC1,DC11-100-082,Bottom,Stony,0
2017,DC1,DC11-100-082,Top,Stony,0
2017,DC1,DC11-100-171,Bottom,Stony,0
2017,DC1,DC11-100-171,Top,Stony,0
2017,DC1,DC11-500-045,Bottom,Stony,0
2017,DC1,DC11-500-045,Top,Stony,0
2017,DC1,DC11-500-106,Bottom,Stony,0
2017,DC1,DC11-500-106,Top,Stony,0
2017,DC1,DC11-500-138,Bottom,Stony,0
2017,DC1,DC11-500-138,Top,Stony,0
2017,DC1,DC11-500-204,Bottom,Stony,0
2017,DC1,DC11-500-204,Top,Stony,0
2017,DC1,DC12-100-027,Bottom,Stony,0
2017,DC1,DC12-100-027,Top,Stony,0
2017,DC1,DC12-100-087,Bottom,Stony,0
2017,DC1,DC12-100-087,Top,Stony,0
2017,DC1,DC12-100-166,Bottom,Stony,1
2017,DC1,DC12-100-166,Top,Stony,0
2017,DC1,DC12-100-211,Bottom,Stony,0
2017,DC1,DC12-100-211,Top,Stony,0
2017,DC1,DC12-500-042,Bottom,Stony,0
2017,DC1,DC12-500-042,Top,Stony,0
2017,DC1,DC12-500-071,Bottom,Stony,0
2017,DC1,DC12-500-071,Top,Stony,0
2017,DC1,DC12-500-166,Bottom,Stony,0
2017,DC1,DC12-500-166,Top,Stony,2
2017,DC1,DC12-500-191,Bottom,Stony,0
2017,DC1,DC12-500-191,Top,Stony,0
2017,DC1,DC13-100-083,Bottom,Stony,0
2017,DC1,DC13-100-083,Top,Stony,0
2017,DC1,DC13-100-091,Bottom,Stony,0
2017,DC1,DC13-100-091,Top,Stony,0
2017,DC1,DC13-100-158,Bottom,Stony,0
2017,DC1,DC13-100-158,Top,Stony,0
2017,DC1,DC13-100-186,Bottom,Stony,0
2017,DC1,DC13-100-186,Top,Stony,0
2017,DC1,DC13-500-036,Bottom,Stony,0
2017,DC1,DC13-500-036,Top,Stony,0
2017,DC1,DC13-500-092,Bottom,Stony,0
2017,DC1,DC13-500-092,Top,Stony,0
2017,DC1,DC13-500-128,Bottom,Stony,0
2017,DC1,DC13-500-128,Top,Stony,0
2017,DC1,DC13-500-192,Bottom,Stony,0
2017,DC1,DC13-500-192,Top,Stony,1
2017,DC1,DC14-100-036,Bottom,Stony,0
2017,DC1,DC14-100-036,Top,Stony,0
2017,DC1,DC14-100-081,Bottom,Stony,0
2017,DC1,DC14-100-081,Top,Stony,1
2017,DC1,DC14-100-144,Bottom,Stony,0
2017,DC1,DC14-100-144,Top,Stony,0
2017,DC1,DC14-100-184,Bottom,Stony,0
2017,DC1,DC14-100-184,Top,Stony,0
2017,DC1,DC14-500-022,Bottom,Stony,0
2017,DC1,DC14-500-022,Top,Stony,0
2017,DC1,DC14-500-101,Bottom,Stony,0
2017,DC1,DC14-500-101,Top,Stony,0
2017,DC1,DC14-500-178,Bottom,Stony,0
2017,DC1,DC14-500-178,Top,Stony,0
2017,DC1,DC14-500-205,Bottom,Stony,0
2017,DC1,DC14-500-205,Top,Stony,0
2017,DC2,DC21-100-020,Bottom,Stony,0
2017,DC2,DC21-100-020,Top,Stony,0
2017,DC2,DC21-100-087,Bottom,Stony,0
2017,DC2,DC21-100-087,Top,Stony,1
2017,DC2,DC21-100-122,Bottom,Stony,0
2017,DC2,DC21-100-122,Top,Stony,0
2017,DC2,DC21-100-170,Bottom,Stony,0
2017,DC2,DC21-100-170,Top,Stony,0
2017,DC2,DC21-500-036,Bottom,Stony,0
2017,DC2,DC21-500-036,Top,Stony,0
2017,DC2,DC21-500-066,Bottom,Stony,0
2017,DC2,DC21-500-066,Top,Stony,0
2017,DC2,DC21-500-084,Bottom,Stony,0
2017,DC2,DC21-500-084,Top,Stony,0
2017,DC2,DC21-500-106,Bottom,Stony,0
2017,DC2,DC21-500-106,Top,Stony,1
2017,DC2,DC22-100-040,Bottom,Stony,0
2017,DC2,DC22-100-040,Top,Stony,0
2017,DC2,DC22-100-094,Bottom,Stony,0
2017,DC2,DC22-100-094,Top,Stony,0
2017,DC2,DC22-100-157,Bottom,Stony,0
2017,DC2,DC22-100-157,Top,Stony,1
2017,DC2,DC22-100-192,Bottom,Stony,0
2017,DC2,DC22-100-192,Top,Stony,1
2017,DC2,DC22-500-002,Bottom,Stony,0
2017,DC2,DC22-500-002,Top,Stony,0
2017,DC2,DC22-500-078,Bottom,Stony,0
2017,DC2,DC22-500-078,Top,Stony,0
2017,DC2,DC22-500-109,Bottom,Stony,0
2017,DC2,DC22-500-109,Top,Stony,0
2017,DC2,DC22-500-134,Bottom,Stony,0
2017,DC2,DC22-500-134,Top,Stony,0
2017,DC2,DC23-100-037,Bottom,Stony,0
2017,DC2,DC23-100-037,Top,Stony,0
2017,DC2,DC23-100-049,Bottom,Stony,0
2017,DC2,DC23-100-049,Top,Stony,0
2017,DC2,DC23-100-144,Bottom,Stony,0
2017,DC2,DC23-100-144,Top,Stony,0
2017,DC2,DC23-100-169,Bottom,Stony,0
2017,DC2,DC23-100-169,Top,Stony,0
2017,DC2,DC23-500-007,Bottom,Stony,0
2017,DC2,DC23-500-007,Top,Stony,0
2017,DC2,DC23-500-034,Bottom,Stony,0
2017,DC2,DC23-500-034,Top,Stony,0
2017,DC2,DC23-500-125,Top,Stony,0
2017,DC2,DC23-500-172,Top,Stony,0
2017,DC2,DC24-100-067,Bottom,Stony,0
2017,DC2,DC24-100-067,Top,Stony,0
2017,DC2,DC24-100-089,Bottom,Stony,0
2017,DC2,DC24-100-089,Top,Stony,0
2017,DC2,DC24-100-114,Bottom,Stony,0
2017,DC2,DC24-100-114,Top,Stony,0
2017,DC2,DC24-100-191,Bottom,Stony,0
2017,DC2,DC24-100-191,Top,Stony,0
2017,DC2,DC24-500-045,Bottom,Stony,0
2017,DC2,DC24-500-045,Top,Stony,0
2017,DC2,DC24-500-120,Bottom,Stony,0
2017,DC2,DC24-500-120,Top,Stony,0
2017,DC2,DC24-500-154,Bottom,Stony,0
2017,DC2,DC24-500-154,Top,Stony,0
2017,DC2,DC24-500-223,Bottom,Stony,0
2017,DC2,DC24-500-223,Top,Stony,0
2017,DC3,DC31-100-097,Bottom,Stony,0
2017,DC3,DC31-100-097,Top,Stony,0
2017,DC3,DC31-100-116,Bottom,Stony,0
2017,DC3,DC31-100-116,Top,Stony,0
2017,DC3,DC31-100-141,Bottom,Stony,0
2017,DC3,DC31-100-199,Bottom,Stony,0
2017,DC3,DC31-100-199,Top,Stony,0
2017,DC3,DC31-500-133,Bottom,Stony,0
2017,DC3,DC31-500-133,Top,Stony,0
2017,DC3,DC31-500-167,Bottom,Stony,0
2017,DC3,DC31-500-167,Top,Stony,0
2017,DC3,DC31-500-198,Bottom,Stony,0
2017,DC3,DC31-500-198,Top,Stony,0
2017,DC3,DC31-500-209,Bottom,Stony,0
2017,DC3,DC31-500-209,Top,Stony,0
2017,DC3,DC32-100-119,Bottom,Stony,0
2017,DC3,DC32-100-119,Top,Stony,0
2017,DC3,DC32-100-131,Bottom,Stony,0
2017,DC3,DC32-100-131,Top,Stony,0
2017,DC3,DC32-100-170,Bottom,Stony,0
2017,DC3,DC32-100-170,Top,Stony,0
2017,DC3,DC32-100-179,Bottom,Stony,0
2017,DC3,DC32-100-179,Top,Stony,0
2017,DC3,DC32-500-119,Bottom,Stony,0
2017,DC3,DC32-500-119,Top,Stony,0
2017,DC3,DC32-500-160,Bottom,Stony,0
2017,DC3,DC32-500-160,Top,Stony,0
2017,DC3,DC32-500-173,Bottom,Stony,0
2017,DC3,DC32-500-173,Top,Stony,0
2017,DC3,DC32-500-208,Bottom,Stony,0
2017,DC3,DC32-500-208,Top,Stony,0
2017,DC3,DC33-100-112,Bottom,Stony,0
2017,DC3,DC33-100-112,Top,Stony,0
2017,DC3,DC33-100-155,Bottom,Stony,0
2017,DC3,DC33-100-155,Top,Stony,0
2017,DC3,DC33-100-181,Bottom,Stony,0
2017,DC3,DC33-100-181,Top,Stony,0
2017,DC3,DC33-100-220,Bottom,Stony,0
2017,DC3,DC33-100-220,Top,Stony,0
2017,DC3,DC33-500-080,Bottom,Stony,0
2017,DC3,DC33-500-080,Top,Stony,0
2017,DC3,DC33-500-109,Bottom,Stony,0
2017,DC3,DC33-500-109,Top,Stony,0
2017,DC3,DC33-500-130,Bottom,Stony,0
2017,DC3,DC33-500-130,Top,Stony,0
2017,DC3,DC33-500-199,Bottom,Stony,0
2017,DC3,DC33-500-199,Top,Stony,0
2017,DC3,DC34-100-028,Bottom,Stony,0
2017,DC3,DC34-100-028,Top,Stony,0
2017,DC3,DC34-100-050,Bottom,Stony,0
2017,DC3,DC34-100-050,Top,Stony,0
2017,DC3,DC34-100-100,Bottom,Stony,1
2017,DC3,DC34-100-100,Top,Stony,0
2017,DC3,DC34-100-171,Bottom,Stony,0
2017,DC3,DC34-100-171,Top,Stony,0
2017,DC3,DC34-500-099,Bottom,Stony,0
2017,DC3,DC34-500-099,Top,Stony,0
2017,DC3,DC34-500-131,Bottom,Stony,0
2017,DC3,DC34-500-131,Top,Stony,0
2017,DC3,DC34-500-153,Bottom,Stony,0
2017,DC3,DC34-500-153,Top,Stony,0
2017,DC3,DC34-500-174,Bottom,Stony,0
2017,DC3,DC34-500-174,Top,Stony,0
2017,DC4,DC41-100-037,Bottom,Stony,0
2017,DC4,DC41-100-037,Top,Stony,0
2017,DC4,DC41-100-057,Bottom,Stony,0
2017,DC4,DC41-100-057,Top,Stony,0
2017,DC4,DC41-100-110,Bottom,Stony,0
2017,DC4,DC41-100-110,Top,Stony,0
2017,DC4,DC41-100-168,Bottom,Stony,0
2017,DC4,DC41-100-168,Top,Stony,0
2017,DC4,DC41-500-027,Bottom,Stony,0
2017,DC4,DC41-500-027,Top,Stony,0
2017,DC4,DC41-500-054,Bottom,Stony,0
2017,DC4,DC41-500-054,Top,Stony,0
2017,DC4,DC41-500-083,Bottom,Stony,0
2017,DC4,DC41-500-083,Top,Stony,0
2017,DC4,DC41-500-162,Bottom,Stony,1
2017,DC4,DC41-500-162,Top,Stony,0
2017,DC4,DC42-100-017,Bottom,Stony,0
2017,DC4,DC42-100-017,Top,Stony,0
2017,DC4,DC42-100-057,Bottom,Stony,0
2017,DC4,DC42-100-057,Top,Stony,0
2017,DC4,DC42-100-139,Bottom,Stony,0
2017,DC4,DC42-100-139,Top,Stony,0
2017,DC4,DC42-100-174,Bottom,Stony,0
2017,DC4,DC42-100-174,Top,Stony,0
2017,DC4,DC42-500-037,Bottom,Stony,0
2017,DC4,DC42-500-037,Top,Stony,0
2017,DC4,DC42-500-100,Bottom,Stony,0
2017,DC4,DC42-500-100,Top,Stony,0
2017,DC4,DC42-500-133,Bottom,Stony,0
2017,DC4,DC42-500-133,Top,Stony,1
2017,DC4,DC42-500-186,Bottom,Stony,0
2017,DC4,DC42-500-186,Top,Stony,0
2017,DC4,DC43-100-024,Bottom,Stony,0
2017,DC4,DC43-100-024,Top,Stony,0
2017,DC4,DC43-100-055,Bottom,Stony,0
2017,DC4,DC43-100-055,Top,Stony,0
2017,DC4,DC43-100-123,Bottom,Stony,0
2017,DC4,DC43-100-123,Top,Stony,0
2017,DC4,DC43-100-160,Bottom,Stony,0
2017,DC4,DC43-100-160,Top,Stony,0
2017,DC4,DC43-500-045,Bottom,Stony,0
2017,DC4,DC43-500-045,Top,Stony,0
2017,DC4,DC43-500-075,Bottom,Stony,0
2017,DC4,DC43-500-075,Top,Stony,0
2017,DC4,DC43-500-099,Bottom,Stony,0
2017,DC4,DC43-500-099,Top,Stony,0
2017,DC4,DC43-500-134,Bottom,Stony,0
2017,DC4,DC43-500-134,Top,Stony,0
2017,DC4,DC44-100-024,Bottom,Stony,0
2017,DC4,DC44-100-024,Top,Stony,0
2017,DC4,DC44-100-062,Bottom,Stony,0
2017,DC4,DC44-100-062,Top,Stony,0
2017,DC4,DC44-100-122,Bottom,Stony,0
2017,DC4,DC44-100-122,Top,Stony,0
2017,DC4,DC44-100-157,Bottom,Stony,0
2017,DC4,DC44-100-157,Top,Stony,0
2017,DC4,DC44-500-018,Bottom,Stony,0
2017,DC4,DC44-500-018,Top,Stony,0
2017,DC4,DC44-500-051,Bottom,Stony,0
2017,DC4,DC44-500-051,Top,Stony,0
2017,DC4,DC44-500-117,Bottom,Stony,0
2017,DC4,DC44-500-117,Top,Stony,0
2017,DC4,DC44-500-158,Bottom,Stony,0
2017,DC4,DC44-500-158,Top,Stony,0
2017,DC5,DC51-100-013,Bottom,Stony,0
2017,DC5,DC51-100-013,Top,Stony,0
2017,DC5,DC51-100-057,Bottom,Stony,7
2017,DC5,DC51-100-057,Top,Stony,0
2017,DC5,DC51-100-076,Bottom,Stony,1
2017,DC5,DC51-100-076,Top,Stony,0
2017,DC5,DC51-100-127,Bottom,Stony,0
2017,DC5,DC51-100-127,Top,Stony,0
2017,DC5,DC51-500-018,Bottom,Stony,0
2017,DC5,DC51-500-018,Top,Stony,0
2017,DC5,DC51-500-095,Bottom,Stony,0
2017,DC5,DC51-500-095,Top,Stony,0
2017,DC5,DC51-500-145,Bottom,Stony,0
2017,DC5,DC51-500-145,Top,Stony,1
2017,DC5,DC51-500-165,Bottom,Stony,0
2017,DC5,DC51-500-165,Top,Stony,0
2017,DC5,DC52-100-059,Bottom,Stony,0
2017,DC5,DC52-100-059,Top,Stony,1
2017,DC5,DC52-100-104,Bottom,Stony,0
2017,DC5,DC52-100-104,Top,Stony,0
2017,DC5,DC52-100-118,Bottom,Stony,0
2017,DC5,DC52-100-118,Top,Stony,0
2017,DC5,DC52-100-177,Bottom,Stony,0
2017,DC5,DC52-100-177,Top,Stony,0
2017,DC5,DC52-500-075,Bottom,Stony,3
2017,DC5,DC52-500-075,Top,Stony,0
2017,DC5,DC52-500-104,Bottom,Stony,2
2017,DC5,DC52-500-104,Top,Stony,0
2017,DC5,DC52-500-140,Bottom,Stony,0
2017,DC5,DC52-500-140,Top,Stony,0
2017,DC5,DC52-500-161,Bottom,Stony,0
2017,DC5,DC52-500-161,Top,Stony,0
2017,DC5,DC53-100-085,Bottom,Stony,0
2017,DC5,DC53-100-085,Top,Stony,0
2017,DC5,DC53-100-114,Bottom,Stony,0
2017,DC5,DC53-100-114,Top,Stony,0
2017,DC5,DC53-100-150,Bottom,Stony,0
2017,DC5,DC53-100-150,Top,Stony,0
2017,DC5,DC53-100-183,Bottom,Stony,0
2017,DC5,DC53-100-183,Top,Stony,0
2017,DC5,DC53-500-004,Bottom,Stony,0
2017,DC5,DC53-500-004,Top,Stony,0
2017,DC5,DC53-500-084,Bottom,Stony,0
2017,DC5,DC53-500-084,Top,Stony,1
2017,DC5,DC53-500-136,Bottom,Stony,0
2017,DC5,DC53-500-136,Top,Stony,0
2017,DC5,DC53-500-178,Bottom,Stony,0
2017,DC5,DC53-500-178,Top,Stony,0
2017,DC5,DC54-100-077,Bottom,Stony,0
2017,DC5,DC54-100-077,Top,Stony,0
2017,DC5,DC54-100-089,Bottom,Stony,0
2017,DC5,DC54-100-089,Top,Stony,1
2017,DC5,DC54-100-123,Bottom,Stony,0
2017,DC5,DC54-100-123,Top,Stony,0
2017,DC5,DC54-100-138,Bottom,Stony,1
2017,DC5,DC54-100-138,Top,Stony,0
2017,DC5,DC54-500-015,Bottom,Stony,0
2017,DC5,DC54-500-015,Top,Stony,0
2017,DC5,DC54-500-046,Bottom,Stony,0
2017,DC5,DC54-500-046,Top,Stony,0
2017,DC5,DC54-500-059,Bottom,Stony,0
2017,DC5,DC54-500-059,Top,Stony,0
2017,DC5,DC54-500-168,Bottom,Stony,0
2017,DC5,DC54-500-168,Top,Stony,0
2017,DC6,DC61-100-065,Bottom,Stony,0
2017,DC6,DC61-100-065,Top,Stony,0
2017,DC6,DC61-100-078,Bottom,Stony,0
2017,DC6,DC61-100-078,Top,Stony,0
2017,DC6,DC61-100-137,Bottom,Stony,0
2017,DC6,DC61-100-137,Top,Stony,0
2017,DC6,DC61-100-162,Bottom,Stony,0
2017,DC6,DC61-100-162,Top,Stony,0
2017,DC6,DC61-500-017,Bottom,Stony,0
2017,DC6,DC61-500-017,Top,Stony,0
2017,DC6,DC61-500-091,Bottom,Stony,0
2017,DC6,DC61-500-091,Top,Stony,0
2017,DC6,DC61-500-132,Bottom,Stony,0
2017,DC6,DC61-500-132,Top,Stony,0
2017,DC6,DC61-500-184,Bottom,Stony,0
2017,DC6,DC61-500-184,Top,Stony,0
2017,DC6,DC62-100-052,Bottom,Stony,0
2017,DC6,DC62-100-052,Top,Stony,0
2017,DC6,DC62-100-084,Bottom,Stony,0
2017,DC6,DC62-100-084,Top,Stony,0
2017,DC6,DC62-100-141,Bottom,Stony,0
2017,DC6,DC62-100-141,Top,Stony,0
2017,DC6,DC62-100-163,Bottom,Stony,0
2017,DC6,DC62-100-163,Top,Stony,0
2017,DC6,DC62-500-082,Bottom,Stony,0
2017,DC6,DC62-500-082,Top,Stony,0
2017,DC6,DC62-500-114,Bottom,Stony,0
2017,DC6,DC62-500-114,Top,Stony,0
2017,DC6,DC62-500-132,Bottom,Stony,0
2017,DC6,DC62-500-132,Top,Stony,1
2017,DC6,DC62-500-205,Bottom,Stony,0
2017,DC6,DC62-500-205,Top,Stony,0
2017,DC6,DC63-100-060,Bottom,Stony,0
2017,DC6,DC63-100-060,Top,Stony,0
2017,DC6,DC63-100-165,Bottom,Stony,0
2017,DC6,DC63-100-165,Top,Stony,0
2017,DC6,DC63-100-194,Bottom,Stony,0
2017,DC6,DC63-100-194,Top,Stony,0
2017,DC6,DC63-500-046,Bottom,Stony,0
2017,DC6,DC63-500-046,Top,Stony,0
2017,DC6,DC63-500-091,Bottom,Stony,1
2017,DC6,DC63-500-091,Top,Stony,0
2017,DC6,DC63-500-108,Bottom,Stony,0
2017,DC6,DC63-500-108,Top,Stony,0
2017,DC6,DC63-500-142,Bottom,Stony,0
2017,DC6,DC63-500-142,Top,Stony,0
2017,DC6,DC63-500-195,Bottom,Stony,0
2017,DC6,DC63-500-195,Top,Stony,0
2017,DC6,DC64-100-097,Bottom,Stony,0
2017,DC6,DC64-100-097,Top,Stony,0
2017,DC6,DC64-100-128,Bottom,Stony,0
2017,DC6,DC64-100-128,Top,Stony,0
2017,DC6,DC64-100-176,Bottom,Stony,0
2017,DC6,DC64-100-176,Top,Stony,0
2017,DC6,DC64-100-193,Bottom,Stony,0
2017,DC6,DC64-100-193,Top,Stony,1
2017,DC6,DC64-500-017,Bottom,Stony,0
2017,DC6,DC64-500-017,Top,Stony,0
2017,DC6,DC64-500-056,Bottom,Stony,0
2017,DC6,DC64-500-056,Top,Stony,0
2017,DC6,DC64-500-091,Bottom,Stony,0
2017,DC6,DC64-500-091,Top,Stony,0
2017,DC6,DC64-500-113,Bottom,Stony,0
2017,DC6,DC64-500-113,Top,Stony,0
2017,DC7,DC71-100-043,Bottom,Stony,0
2017,DC7,DC71-100-043,Top,Stony,1
2017,DC7,DC71-100-085,Bottom,Stony,0
2017,DC7,DC71-100-085,Top,Stony,0
2017,DC7,DC71-100-110,Bottom,Stony,0
2017,DC7,DC71-100-110,Top,Stony,0
2017,DC7,DC71-100-155,Bottom,Stony,0
2017,DC7,DC71-100-155,Top,Stony,1
2017,DC7,DC71-500-036,Bottom,Stony,0
2017,DC7,DC71-500-036,Top,Stony,0
2017,DC7,DC71-500-079,Bottom,Stony,0
2017,DC7,DC71-500-079,Top,Stony,0
2017,DC7,DC71-500-113,Bottom,Stony,0
2017,DC7,DC71-500-113,Top,Stony,1
2017,DC7,DC71-500-175,Bottom,Stony,0
2017,DC7,DC71-500-175,Top,Stony,0
2017,DC7,DC72-100-044,Bottom,Stony,0
2017,DC7,DC72-100-044,Top,Stony,0
2017,DC7,DC72-100-090,Bottom,Stony,0
2017,DC7,DC72-100-090,Top,Stony,0
2017,DC7,DC72-100-128,Bottom,Stony,0
2017,DC7,DC72-100-128,Top,Stony,0
2017,DC7,DC72-100-182,Bottom,Stony,0
2017,DC7,DC72-100-182,Top,Stony,0
2017,DC7,DC72-500-036,Bottom,Stony,0
2017,DC7,DC72-500-036,Top,Stony,0
2017,DC7,DC72-500-099,Bottom,Stony,0
2017,DC7,DC72-500-099,Top,Stony,1
2017,DC7,DC72-500-153,Bottom,Stony,0
2017,DC7,DC72-500-153,Top,Stony,0
2017,DC7,DC72-500-169,Bottom,Stony,0
2017,DC7,DC72-500-169,Top,Stony,0
2017,DC7,DC73-100-080,Bottom,Stony,0
2017,DC7,DC73-100-080,Top,Stony,0
2017,DC7,DC73-100-109,Bottom,Stony,0
2017,DC7,DC73-100-109,Top,Stony,0
2017,DC7,DC73-100-129,Bottom,Stony,0
2017,DC7,DC73-100-129,Top,Stony,0
2017,DC7,DC73-100-196,Bottom,Stony,0
2017,DC7,DC73-100-196,Top,Stony,0
2017,DC7,DC73-500-059,Bottom,Stony,0
2017,DC7,DC73-500-059,Top,Stony,0
2017,DC7,DC73-500-083,Bottom,Stony,0
2017,DC7,DC73-500-083,Top,Stony,0
2017,DC7,DC73-500-134,Bottom,Stony,0
2017,DC7,DC73-500-134,Top,Stony,0
2017,DC7,DC73-500-168,Bottom,Stony,0
2017,DC7,DC73-500-168,Top,Stony,0
2017,DC7,DC74-100-000,Bottom,Stony,0
2017,DC7,DC74-100-000,Top,Stony,0
2017,DC7,DC74-100-045,Top,Stony,0
2017,DC7,DC74-100-156,Bottom,Stony,0
2017,DC7,DC74-100-156,Top,Stony,0
2017,DC7,DC74-100-186,Bottom,Stony,0
2017,DC7,DC74-100-186,Top,Stony,0
2017,DC7,DC74-500-037,Bottom,Stony,0
2017,DC7,DC74-500-037,Top,Stony,0
2017,DC7,DC74-500-075,Bottom,Stony,0
2017,DC7,DC74-500-075,Top,Stony,0
2017,DC7,DC74-500-136,Bottom,Stony,0
2017,DC7,DC74-500-136,Top,Stony,0
2017,DC7,DC74-500-194,Bottom,Stony,0
2017,DC7,DC74-500-194,Top,Stony,0
2017,DC8,DC81-100-002,Bottom,Stony,0
2017,DC8,DC81-100-002,Top,Stony,0
2017,DC8,DC81-100-029,Bottom,Stony,0
2017,DC8,DC81-100-029,Top,Stony,0
2017,DC8,DC81-100-092,Bottom,Stony,0
2017,DC8,DC81-100-092,Top,Stony,0
2017,DC8,DC81-100-128,Bottom,Stony,0
2017,DC8,DC81-100-128,Top,Stony,0
2017,DC8,DC81-500-002,Bottom,Stony,0
2017,DC8,DC81-500-002,Top,Stony,0
2017,DC8,DC81-500-097,Bottom,Stony,0
2017,DC8,DC81-500-097,Top,Stony,1
2017,DC8,DC81-500-154,Bottom,Stony,0
2017,DC8,DC81-500-154,Top,Stony,0
2017,DC8,DC81-500-186,Bottom,Stony,0
2017,DC8,DC81-500-186,Top,Stony,0
2017,DC8,DC82-100-052,Bottom,Stony,0
2017,DC8,DC82-100-052,Top,Stony,0
2017,DC8,DC82-100-077,Bottom,Stony,0
2017,DC8,DC82-100-077,Top,Stony,0
2017,DC8,DC82-100-108,Bottom,Stony,0
2017,DC8,DC82-100-108,Top,Stony,0
2017,DC8,DC82-100-136,Bottom,Stony,0
2017,DC8,DC82-100-136,Top,Stony,0
2017,DC8,DC82-500-004,Bottom,Stony,0
2017,DC8,DC82-500-004,Top,Stony,0
2017,DC8,DC82-500-104,Bottom,Stony,0
2017,DC8,DC82-500-104,Top,Stony,0
2017,DC8,DC82-500-141,Bottom,Stony,0
2017,DC8,DC82-500-141,Top,Stony,0
2017,DC8,DC82-500-171,Bottom,Stony,0
2017,DC8,DC82-500-171,Top,Stony,0
2017,DC8,DC83-100-032,Bottom,Stony,0
2017,DC8,DC83-100-032,Top,Stony,1
2017,DC8,DC83-100-106,Bottom,Stony,0
2017,DC8,DC83-100-106,Top,Stony,0
2017,DC8,DC83-100-175,Bottom,Stony,0
2017,DC8,DC83-100-175,Top,Stony,0
2017,DC8,DC83-100-198,Bottom,Stony,0
2017,DC8,DC83-100-198,Top,Stony,1
2017,DC8,DC83-500-019,Bottom,Stony,0
2017,DC8,DC83-500-019,Top,Stony,1
2017,DC8,DC83-500-068,Bottom,Stony,0
2017,DC8,DC83-500-068,Top,Stony,0
2017,DC8,DC83-500-149,Bottom,Stony,0
2017,DC8,DC83-500-149,Top,Stony,0
2017,DC8,DC83-500-192,Bottom,Stony,0
2017,DC8,DC83-500-192,Top,Stony,0
2017,DC8,DC84-100-022,Bottom,Stony,0
2017,DC8,DC84-100-022,Top,Stony,0
2017,DC8,DC84-100-124,Bottom,Stony,0
2017,DC8,DC84-100-124,Top,Stony,1
2017,DC8,DC84-100-157,Bottom,Stony,0
2017,DC8,DC84-100-157,Top,Stony,0
2017,DC8,DC84-100-208,Bottom,Stony,0
2017,DC8,DC84-100-208,Top,Stony,1
2017,DC8,DC84-500-040,Bottom,Stony,0
2017,DC8,DC84-500-040,Top,Stony,1
2017,DC8,DC84-500-150,Bottom,Stony,0
2017,DC8,DC84-500-150,Top,Stony,0
2017,DC8,DC84-500-176,Bottom,Stony,0
2017,DC8,DC84-500-176,Top,Stony,0
2017,DC8,DC84-500-210,Bottom,Stony,0
2017,DC8,DC84-500-210,Top,Stony,0
2018,BC1,BC11-100-035,Bottom,Stony,0
2018,BC1,BC11-100-035,Top,Stony,0
2018,BC1,BC11-100-044,Bottom,Stony,0
2018,BC1,BC11-100-044,Top,Stony,0
2018,BC1,BC11-100-096,Bottom,Stony,0
2018,BC1,BC11-100-096,Top,Stony,0
2018,BC1,BC11-500-008,Bottom,Stony,0
2018,BC1,BC11-500-008,Top,Stony,0
2018,BC1,BC11-500-018,Bottom,Stony,0
2018,BC1,BC11-500-018,Top,Stony,0
2018,BC1,BC11-500-049,Bottom,Stony,0
2018,BC1,BC11-500-049,Top,Stony,0
2018,BC1,BC11-500-075,Bottom,Stony,0
2018,BC1,BC11-500-075,Top,Stony,0
2018,BC1,BC11-500-090,Bottom,Stony,0
2018,BC1,BC11-500-090,Top,Stony,0
2018,BC1,BC12-100-043,Bottom,Stony,0
2018,BC1,BC12-100-043,Top,Stony,0
2018,BC1,BC12-100-053,Bottom,Stony,0
2018,BC1,BC12-100-053,Top,Stony,1
2018,BC1,BC12-500-014,Bottom,Stony,0
2018,BC1,BC12-500-014,Top,Stony,0
2018,BC1,BC12-500-043,Bottom,Stony,0
2018,BC1,BC12-500-043,Top,Stony,0
2018,BC1,BC12-500-129,Bottom,Stony,0
2018,BC1,BC12-500-129,Top,Stony,0
2018,BC1,BC12-500-171,Bottom,Stony,0
2018,BC1,BC12-500-171,Top,Stony,1
2018,BC1,BC13-100-090,Bottom,Stony,0
2018,BC1,BC13-100-090,Top,Stony,0
2018,BC1,BC13-100-151,Bottom,Stony,0
2018,BC1,BC13-100-151,Top,Stony,0
2018,BC1,BC13-100-187,Bottom,Stony,0
2018,BC1,BC13-100-187,Top,Stony,0
2018,BC1,BC13-100-208,Bottom,Stony,0
2018,BC1,BC13-100-208,Top,Stony,0
2018,BC1,BC13-500-040,Bottom,Stony,0
2018,BC1,BC13-500-040,Top,Stony,0
2018,BC1,BC13-500-089,Bottom,Stony,0
2018,BC1,BC13-500-089,Top,Stony,0
2018,BC1,BC13-500-162,Bottom,Stony,0
2018,BC1,BC13-500-162,Top,Stony,0
2018,BC1,BC13-500-198,Bottom,Stony,0
2018,BC1,BC13-500-198,Top,Stony,0
2018,BC1,BC14-100-049,Bottom,Stony,0
2018,BC1,BC14-100-049,Top,Stony,0
2018,BC1,BC14-100-081,Bottom,Stony,0
2018,BC1,BC14-100-081,Top,Stony,0
2018,BC1,BC14-100-185,Bottom,Stony,0
2018,BC1,BC14-100-185,Top,Stony,0
2018,BC1,BC14-100-209,Top,Stony,0
2018,BC1,BC14-500-026,Top,Stony,1
2018,BC1,BC14-500-082,Bottom,Stony,0
2018,BC1,BC14-500-082,Top,Stony,0
2018,BC1,BC14-500-104,Bottom,Stony,0
2018,BC1,BC14-500-104,Top,Stony,0
2018,BC1,BC14-500-155,Bottom,Stony,0
2018,BC1,BC14-500-155,Top,Stony,0
2018,BC2,BC21-100-015,Bottom,Stony,0
2018,BC2,BC21-100-015,Top,Stony,0
2018,BC2,BC21-100-070,Bottom,Stony,0
2018,BC2,BC21-100-070,Top,Stony,0
2018,BC2,BC21-100-088,Bottom,Stony,0
2018,BC2,BC21-100-088,Top,Stony,2
2018,BC2,BC21-100-151,Bottom,Stony,0
2018,BC2,BC21-100-151,Top,Stony,0
2018,BC2,BC21-500-028,Bottom,Stony,0
2018,BC2,BC21-500-028,Top,Stony,0
2018,BC2,BC21-500-074,Bottom,Stony,0
2018,BC2,BC21-500-074,Top,Stony,1
2018,BC2,BC21-500-174,Bottom,Stony,0
2018,BC2,BC21-500-174,Top,Stony,0
2018,BC2,BC21-500-206,Bottom,Stony,0
2018,BC2,BC21-500-206,Top,Stony,0
2018,BC2,BC22-100-034,Bottom,Stony,0
2018,BC2,BC22-100-034,Top,Stony,0
2018,BC2,BC22-100-064,Bottom,Stony,0
2018,BC2,BC22-100-064,Top,Stony,0
2018,BC2,BC22-100-137,Top,Stony,1
2018,BC2,BC22-100-188,Bottom,Stony,0
2018,BC2,BC22-100-188,Top,Stony,0
2018,BC2,BC22-500-041,Bottom,Stony,0
2018,BC2,BC22-500-041,Top,Stony,0
2018,BC2,BC22-500-111,Bottom,Stony,0
2018,BC2,BC22-500-111,Top,Stony,0
2018,BC2,BC22-500-135,Bottom,Stony,0
2018,BC2,BC22-500-135,Top,Stony,0
2018,BC2,BC22-500-143,Bottom,Stony,0
2018,BC2,BC22-500-193,Top,Stony,1
2018,BC2,BC23-100-060,Bottom,Stony,0
2018,BC2,BC23-100-060,Top,Stony,1
2018,BC2,BC23-100-126,Bottom,Stony,0
2018,BC2,BC23-100-126,Top,Stony,0
2018,BC2,BC23-100-165,Bottom,Stony,0
2018,BC2,BC23-100-165,Top,Stony,0
2018,BC2,BC23-100-202,Bottom,Stony,0
2018,BC2,BC23-100-202,Top,Stony,0
2018,BC2,BC23-500-012,Bottom,Stony,0
2018,BC2,BC23-500-012,Top,Stony,2
2018,BC2,BC23-500-104,Bottom,Stony,0
2018,BC2,BC23-500-104,Top,Stony,0
2018,BC2,BC23-500-167,Bottom,Stony,0
2018,BC2,BC23-500-167,Top,Stony,1
2018,BC2,BC23-500-206,Bottom,Stony,0
2018,BC2,BC23-500-206,Top,Stony,0
2018,BC2,BC24-100-024,Bottom,Stony,0
2018,BC2,BC24-100-024,Top,Stony,1
2018,BC2,BC24-100-090,Bottom,Stony,0
2018,BC2,BC24-100-090,Top,Stony,0
2018,BC2,BC24-100-119,Bottom,Stony,0
2018,BC2,BC24-100-119,Top,Stony,1
2018,BC2,BC24-100-207,Bottom,Stony,0
2018,BC2,BC24-100-207,Top,Stony,2
2018,BC2,BC24-500-017,Bottom,Stony,0
2018,BC2,BC24-500-017,Top,Stony,1
2018,BC2,BC24-500-136,Bottom,Stony,0
2018,BC2,BC24-500-136,Top,Stony,1
2018,BC2,BC24-500-168,Bottom,Stony,0
2018,BC2,BC24-500-168,Top,Stony,0
2018,BC3,BC31-100-015,Bottom,Stony,0
2018,BC3,BC31-100-050,Bottom,Stony,0
2018,BC3,BC31-100-050,Top,Stony,0
2018,BC3,BC31-100-091,Top,Stony,0
2018,BC3,BC31-100-092,Bottom,Stony,0
2018,BC3,BC31-100-125,Bottom,Stony,0
2018,BC3,BC31-100-125,Top,Stony,0
2018,BC3,BC31-500-070,Bottom,Stony,0
2018,BC3,BC31-500-070,Top,Stony,0
2018,BC3,BC31-500-095,Bottom,Stony,0
2018,BC3,BC31-500-095,Top,Stony,0
2018,BC3,BC31-500-137,Bottom,Stony,0
2018,BC3,BC31-500-137,Top,Stony,0
2018,BC3,BC31-500-185,Bottom,Stony,0
2018,BC3,BC31-500-185,Top,Stony,0
2018,BC3,BC32-100-014,Bottom,Stony,0
2018,BC3,BC32-100-014,Top,Stony,1
2018,BC3,BC32-100-085,Bottom,Stony,0
2018,BC3,BC32-100-085,Top,Stony,0
2018,BC3,BC32-100-132,Bottom,Stony,0
2018,BC3,BC32-100-132,Top,Stony,0
2018,BC3,BC32-100-162,Bottom,Stony,0
2018,BC3,BC32-100-162,Top,Stony,0
2018,BC3,BC32-500-013,Bottom,Stony,0
2018,BC3,BC32-500-013,Top,Stony,0
2018,BC3,BC32-500-054,Bottom,Stony,0
2018,BC3,BC32-500-054,Top,Stony,0
2018,BC3,BC32-500-117,Bottom,Stony,0
2018,BC3,BC32-500-117,Top,Stony,2
2018,BC4,BC32-500-176,Top,Stony,2
2018,BC3,BC32-500-197,Bottom,Stony,0
2018,BC3,BC32-500-197,Top,Stony,1
2018,BC3,BC33-100-031,Bottom,Stony,0
2018,BC3,BC33-100-031,Top,Stony,0
2018,BC3,BC33-100-098,Top,Stony,1
2018,BC3,BC33-100-134,Bottom,Stony,0
2018,BC3,BC33-100-134,Top,Stony,0
2018,BC3,BC33-500-019,Bottom,Stony,0
2018,BC3,BC33-500-074,Bottom,Stony,0
2018,BC3,BC33-500-074,Top,Stony,0
2018,BC3,BC33-500-019,Top,Stony,0
2018,BC3,BC33-500-129,Bottom,Stony,0
2018,BC3,BC33-500-129,Top,Stony,0
2018,BC3,BC33-500-189,Bottom,Stony,0
2018,BC3,BC33-500-189,Top,Stony,0
2018,BC3,BC34-100-041,Bottom,Stony,0
2018,BC3,BC34-100-041,Top,Stony,2
2018,BC3,BC34-100-109,Bottom,Stony,0
2018,BC3,BC34-100-109,Top,Stony,1
2018,BC3,BC34-100-182,Bottom,Stony,0
2018,BC3,BC34-100-182,Top,Stony,0
2018,BC3,BC34-100-220,Bottom,Stony,0
2018,BC3,BC34-100-220,Top,Stony,0
2018,BC3,BC34-500-035,Bottom,Stony,0
2018,BC3,BC34-500-035,Top,Stony,1
2018,BC3,BC34-500-086,Bottom,Stony,0
2018,BC3,BC34-500-086,Top,Stony,3
2018,BC3,BC34-500-156,Bottom,Stony,0
2018,BC3,BC34-500-156,Top,Stony,0
2018,BC3,BC34-500-206,Bottom,Stony,0
2018,BC3,BC34-500-206,Top,Stony,0
2018,BC4,BC41-100-023,Bottom,Stony,1
2018,BC4,BC41-100-023,Top,Stony,1
2018,BC4,BC41-100-093,Bottom,Stony,0
2018,BC4,BC41-100-093,Top,Stony,3
2018,BC4,BC41-100-139,Bottom,Stony,0
2018,BC4,BC41-100-139,Top,Stony,0
2018,BC4,BC41-500-035,Bottom,Stony,0
2018,BC4,BC41-500-106,Bottom,Stony,0
2018,BC4,BC41-500-106,Top,Stony,3
2018,BC4,BC41-500-126,Bottom,Stony,0
2018,BC4,BC41-500-126,Top,Stony,1
2018,BC4,BC41-500-211,Bottom,Stony,0
2018,BC4,BC41-500-211,Top,Stony,0
2018,BC4,BC42-100-017,Bottom,Stony,0
2018,BC4,BC42-100-017,Top,Stony,0
2018,BC4,BC42-100-093,Bottom,Stony,0
2018,BC4,BC42-100-119,Bottom,Stony,2
2018,BC4,BC42-100-119,Top,Stony,1
2018,BC4,BC42-100-151,Bottom,Stony,0
2018,BC4,BC42-100-151,Top,Stony,0
2018,BC4,BC42-500-020,Bottom,Stony,1
2018,BC4,BC42-500-020,Top,Stony,2
2018,BC4,BC42-500-108,Bottom,Stony,0
2018,BC4,BC43-100-117,Bottom,Stony,0
2018,BC4,BC43-100-117,Top,Stony,0
2018,BC4,BC43-100-132,Bottom,Stony,0
2018,BC4,BC43-100-132,Top,Stony,0
2018,BC4,BC43-100-163,Bottom,Stony,0
2018,BC4,BC43-100-163,Top,Stony,0
2018,BC4,BC43-100-199,Bottom,Stony,0
2018,BC4,BC43-100-199,Top,Stony,1
2018,BC4,BC43-500-042,Bottom,Stony,0
2018,BC4,BC43-500-042,Top,Stony,0
2018,BC4,BC43-500-091,Bottom,Stony,0
2018,BC4,BC43-500-091,Top,Stony,1
2018,BC4,BC43-500-176,Bottom,Stony,0
2018,BC4,BC44-100-061,Bottom,Stony,0
2018,BC4,BC44-100-061,Top,Stony,0
2018,BC4,BC44-100-130,Bottom,Stony,0
2018,BC4,BC44-100-175,Bottom,Stony,0
2018,BC4,BC44-100-175,Top,Stony,0
2018,BC4,BC44-100-198,Bottom,Stony,1
2018,BC4,BC44-100-198,Top,Stony,0
2018,BC4,BC44-500-074,Bottom,Stony,0
2018,BC4,BC44-500-074,Top,Stony,1
2018,BC4,BC44-500-112,Top,Stony,1
2018,BC4,BC44-500-147,Bottom,Stony,0
2018,BC4,BC44-500-147,Top,Stony,1
2018,BC4,BC44-500-170,Bottom,Stony,0
2018,BC4,BC44-500-170,Top,Stony,1
2018,DC1,DC11-100-048,Bottom,Stony,1
2018,DC1,DC11-100-048,Top,Stony,0
2018,DC1,DC11-100-059,Bottom,Stony,0
2018,DC1,DC11-100-059,Top,Stony,0
2018,DC1,DC11-100-082,Bottom,Stony,0
2018,DC1,DC11-100-082,Top,Stony,0
2018,DC1,DC11-500-045,Bottom,Stony,0
2018,DC1,DC11-500-045,Top,Stony,1
2018,DC1,DC11-500-106,Bottom,Stony,0
2018,DC1,DC11-500-106,Top,Stony,0
2018,DC1,DC11-500-138,Bottom,Stony,0
2018,DC1,DC11-500-138,Top,Stony,0
2018,DC1,DC11-500-204,Bottom,Stony,0
2018,DC1,DC11-500-204,Top,Stony,0
2018,DC1,DC12-100-027,Bottom,Stony,0
2018,DC1,DC12-100-027,Top,Stony,1
2018,DC1,DC12-100-087,Bottom,Stony,0
2018,DC1,DC12-100-087,Top,Stony,0
2018,DC1,DC12-100-166,Bottom,Stony,0
2018,DC1,DC12-100-166,Top,Stony,2
2018,DC1,DC12-100-211,Bottom,Stony,0
2018,DC1,DC12-100-211,Top,Stony,0
2018,DC1,DC12-500-042,Bottom,Stony,0
2018,DC1,DC12-500-042,Top,Stony,0
2018,DC1,DC12-500-071,Bottom,Stony,0
2018,DC1,DC12-500-071,Top,Stony,0
2018,DC1,DC12-500-166,Bottom,Stony,0
2018,DC1,DC12-500-166,Top,Stony,0
2018,DC1,DC12-500-191,Bottom,Stony,0
2018,DC1,DC12-500-191,Top,Stony,1
2018,DC1,DC13-100-083,Bottom,Stony,0
2018,DC1,DC13-100-083,Top,Stony,0
2018,DC1,DC13-100-091,Bottom,Stony,0
2018,DC1,DC13-100-091,Top,Stony,0
2018,DC1,DC13-100-158,Bottom,Stony,0
2018,DC1,DC13-100-158,Top,Stony,0
2018,DC1,DC13-100-186,Bottom,Stony,0
2018,DC1,DC13-100-186,Top,Stony,0
2018,DC1,DC13-500-036,Bottom,Stony,0
2018,DC1,DC13-500-092,Bottom,Stony,0
2018,DC1,DC13-500-192,Top,Stony,0
2018,DC1,DC13-500-FIRST TILE,Bottom,Stony,0
2018,DC1,DC13-500-FIRST TILE,Top,Stony,0
2018,DC1,DC14-100-036,Bottom,Stony,0
2018,DC1,DC14-100-036,Top,Stony,2
2018,DC1,DC14-100-081,Bottom,Stony,0
2018,DC1,DC14-100-081,Top,Stony,0
2018,DC1,DC14-100-144,Bottom,Stony,0
2018,DC1,DC14-100-144,Top,Stony,2
2018,DC1,DC14-100-184,Bottom,Stony,0
2018,DC1,DC14-100-184,Top,Stony,0
2018,DC1,DC14-500-022,Bottom,Stony,0
2018,DC1,DC14-500-022,Top,Stony,0
2018,DC1,DC14-500-101,Bottom,Stony,0
2018,DC1,DC14-500-178,Bottom,Stony,0
2018,DC1,DC14-500-178,Top,Stony,0
2018,DC1,DC14-500-205,Bottom,Stony,0
2018,DC1,DC14-500-205,Top,Stony,0
2018,DC2,DC21-100-020,Bottom,Stony,0
2018,DC2,DC21-100-020,Top,Stony,3
2018,DC2,DC21-100-087,Bottom,Stony,0
2018,DC2,DC21-100-087,Top,Stony,0
2018,DC2,DC21-100-122,Bottom,Stony,0
2018,DC2,DC21-100-122,Top,Stony,2
2018,DC2,DC21-100-170,Bottom,Stony,0
2018,DC2,DC21-100-170,Top,Stony,0
2018,DC2,DC21-500-036,Bottom,Stony,0
2018,DC2,DC21-500-036,Top,Stony,0
2018,DC2,DC21-500-066,Bottom,Stony,0
2018,DC2,DC21-500-066,Top,Stony,2
2018,DC2,DC21-500-084,Bottom,Stony,0
2018,DC2,DC21-500-084,Top,Stony,2
2018,DC2,DC21-500-106,Bottom,Stony,0
2018,DC2,DC21-500-106,Top,Stony,9
2018,DC2,DC22-100-040,Bottom,Stony,0
2018,DC2,DC22-100-040,Top,Stony,4
2018,DC2,DC22-100-094,Bottom,Stony,0
2018,DC2,DC22-100-094,Top,Stony,5
2018,DC2,DC22-100-157,Bottom,Stony,0
2018,DC2,DC22-100-157,Top,Stony,1
2018,DC2,DC22-100-193,Bottom,Stony,0
2018,DC2,DC22-100-193,Top,Stony,0
2018,DC2,DC22-500-002,Bottom,Stony,0
2018,DC2,DC22-500-002,Top,Stony,2
2018,DC2,DC22-500-078,Bottom,Stony,0
2018,DC2,DC22-500-078,Top,Stony,3
2018,DC2,DC22-500-109,Bottom,Stony,0
2018,DC2,DC22-500-109,Top,Stony,1
2018,DC2,DC22-500-134,Bottom,Stony,0
2018,DC2,DC22-500-134,Top,Stony,1
2018,DC2,DC23-100-037,Bottom,Stony,0
2018,DC2,DC23-100-037,Top,Stony,0
2018,DC2,DC23-100-049,Top,Stony,1
2018,DC2,DC23-100-144,Bottom,Stony,0
2018,DC2,DC23-100-144,Top,Stony,2
2018,DC2,DC23-100-169,Bottom,Stony,0
2018,DC2,DC23-100-169,Top,Stony,0
2018,DC2,DC23-500-007,Bottom,Stony,0
2018,DC2,DC23-500-007,Top,Stony,2
2018,DC2,DC23-500-034,Bottom,Stony,0
2018,DC2,DC23-500-034,Top,Stony,1
2018,DC2,DC23-500-125,Bottom,Stony,0
2018,DC2,DC23-500-125,Top,Stony,1
2018,DC2,DC23-500-172,Bottom,Stony,0
2018,DC2,DC23-500-172,Top,Stony,0
2018,DC2,DC24-100-067,Bottom,Stony,0
2018,DC2,DC24-100-067,Top,Stony,5
2018,DC2,DC24-100-089,Bottom,Stony,0
2018,DC2,DC24-100-089,Top,Stony,1
2018,DC2,DC24-100-114,Bottom,Stony,0
2018,DC2,DC24-100-114,Top,Stony,6
2018,DC2,DC24-100-191,Bottom,Stony,0
2018,DC2,DC24-100-191,Top,Stony,0
2018,DC2,DC24-500-045,Bottom,Stony,0
2018,DC2,DC24-500-045,Top,Stony,0
2018,DC2,DC24-500-120,Bottom,Stony,0
2018,DC2,DC24-500-120,Top,Stony,1
2018,DC2,DC24-500-154,Bottom,Stony,0
2018,DC2,DC24-500-154,Top,Stony,2
2018,DC2,DC24-500-223,Bottom,Stony,0
2018,DC2,DC24-500-223,Top,Stony,0
2018,DC3,DC31-100-097,Bottom,Stony,0
2018,DC3,DC31-100-097,Top,Stony,4
2018,DC3,DC31-100-116,Bottom,Stony,0
2018,DC3,DC31-100-116,Top,Stony,0
2018,DC3,DC31-100-141,Bottom,Stony,0
2018,DC3,DC31-100-141,Top,Stony,3
2018,DC3,DC31-100-199,Bottom,Stony,0
2018,DC3,DC31-100-199,Top,Stony,6
2018,DC3,DC31-500-133,Bottom,Stony,0
2018,DC3,DC31-500-133,Top,Stony,4
2018,DC3,DC31-500-167,Bottom,Stony,0
2018,DC3,DC31-500-167,Top,Stony,0
2018,DC3,DC31-500-198,Bottom,Stony,0
2018,DC3,DC31-500-198,Top,Stony,2
2018,DC3,DC31-500-209,Bottom,Stony,0
2018,DC3,DC31-500-209,Top,Stony,0
2018,DC3,DC32-100-119,Bottom,Stony,0
2018,DC3,DC32-100-119,Top,Stony,2
2018,DC3,DC32-100-131,Bottom,Stony,0
2018,DC3,DC32-100-131,Top,Stony,7
2018,DC3,DC32-100-170,Top,Stony,0
2018,DC3,DC32-500-119,Bottom,Stony,0
2018,DC3,DC32-500-119,Top,Stony,0
2018,DC3,DC32-500-160,Top,Stony,0
2018,DC3,DC32-500-173,Bottom,Stony,0
2018,DC3,DC32-500-173,Top,Stony,4
2018,DC3,DC32-500-208,Top,Stony,2
2018,DC3,DC33-100-112,Bottom,Stony,0
2018,DC3,DC33-100-112,Top,Stony,1
2018,DC3,DC33-100-155,Bottom,Stony,0
2018,DC3,DC33-100-155,Top,Stony,4
2018,DC3,DC33-100-181,Bottom,Stony,0
2018,DC3,DC33-100-181,Top,Stony,2
2018,DC3,DC33-100-220,Bottom,Stony,0
2018,DC3,DC33-100-220,Top,Stony,0
2018,DC3,DC33-500-080,Bottom,Stony,0
2018,DC3,DC33-500-080,Top,Stony,5
2018,DC3,DC33-500-109,Bottom,Stony,0
2018,DC3,DC33-500-109,Top,Stony,0
2018,DC3,DC33-500-130,Bottom,Stony,0
2018,DC3,DC33-500-130,Top,Stony,3
2018,DC3,DC33-500-199,Bottom,Stony,0
2018,DC3,DC33-500-199,Top,Stony,4
2018,DC3,DC34-100-028,Bottom,Stony,0
2018,DC3,DC34-100-028,Top,Stony,6
2018,DC3,DC34-100-050,Bottom,Stony,0
2018,DC3,DC34-100-050,Top,Stony,2
2018,DC3,DC34-100-100,Bottom,Stony,0
2018,DC3,DC34-100-100,Top,Stony,5
2018,DC3,DC34-100-160,Bottom,Stony,0
2018,DC3,DC34-100-171,Bottom,Stony,0
2018,DC3,DC34-100-171,Top,Stony,1
2018,DC3,DC34-500-099,Bottom,Stony,0
2018,DC3,DC34-500-099,Top,Stony,4
2018,DC3,DC34-500-131,Bottom,Stony,0
2018,DC3,DC34-500-131,Top,Stony,1
2018,DC3,DC34-500-153,Bottom,Stony,0
2018,DC3,DC34-500-153,Top,Stony,3
2018,DC3,DC34-500-174,Bottom,Stony,0
2018,DC3,DC34-500-174,Top,Stony,0
2018,DC4,DC41-100-037,Bottom,Stony,0
2018,DC4,DC41-100-037,Top,Stony,0
2018,DC4,DC41-100-057,Top,Stony,1
2018,DC4,DC41-100-110,Bottom,Stony,0
2018,DC4,DC41-100-110,Top,Stony,5
2018,DC4,DC41-100-168,Bottom,Stony,0
2018,DC4,DC41-500-027,Bottom,Stony,0
2018,DC4,DC41-500-027,Top,Stony,0
2018,DC4,DC41-500-054,Bottom,Stony,0
2018,DC4,DC41-500-054,Top,Stony,4
2018,DC4,DC41-500-083,Top,Stony,2
2018,DC4,DC41-500-162,Bottom,Stony,0
2018,DC4,DC41-500-162,Top,Stony,0
2018,DC4,DC42-100-017,Bottom,Stony,0
2018,DC4,DC42-100-017,Top,Stony,0
2018,DC4,DC42-100-057,Bottom,Stony,0
2018,DC4,DC42-100-057,Top,Stony,1
2018,DC4,DC42-100-139,Top,Stony,0
2018,DC4,DC42-100-174,Bottom,Stony,0
2018,DC4,DC42-100-174,Top,Stony,2
2018,DC4,DC42-500-037,Bottom,Stony,0
2018,DC4,DC42-500-037,Top,Stony,1
2018,DC4,DC42-500-100,Bottom,Stony,0
2018,DC4,DC42-500-100,Top,Stony,0
2018,DC4,DC42-500-133,Top,Stony,0
2018,DC4,DC42-500-186,Bottom,Stony,0
2018,DC4,DC42-500-186,Top,Stony,1
2018,DC4,DC43-100-024,Bottom,Stony,0
2018,DC4,DC43-100-024,Top,Stony,1
2018,DC4,DC43-100-055,Bottom,Stony,0
2018,DC4,DC43-100-055,Top,Stony,0
2018,DC4,DC43-100-123,Bottom,Stony,0
2018,DC4,DC43-100-123,Top,Stony,0
2018,DC4,DC43-100-160,Bottom,Stony,0
2018,DC4,DC43-100-160,Top,Stony,0
2018,DC4,DC43-500-045,Bottom,Stony,0
2018,DC4,DC43-500-045,Top,Stony,0
2018,DC4,DC43-500-075,Bottom,Stony,0
2018,DC4,DC43-500-075,Top,Stony,0
2018,DC4,DC43-500-099,Bottom,Stony,0
2018,DC4,DC43-500-099,Top,Stony,0
2018,DC4,DC43-500-134,Bottom,Stony,0
2018,DC4,DC43-500-134,Top,Stony,0
2018,DC3,DC43-500-208,Bottom,Stony,0
2018,DC4,DC44-100-024,Bottom,Stony,0
2018,DC4,DC44-100-024,Top,Stony,0
2018,DC4,DC44-100-062,Bottom,Stony,0
2018,DC4,DC44-100-062,Top,Stony,0
2018,DC4,DC44-100-122,Bottom,Stony,0
2018,DC4,DC44-100-122,Top,Stony,0
2018,DC4,DC44-100-157,Bottom,Stony,0
2018,DC4,DC44-100-157,Top,Stony,0
2018,DC4,DC44-500-018,Bottom,Stony,0
2018,DC4,DC44-500-018,Top,Stony,3
2018,DC4,DC44-500-051,Bottom,Stony,0
2018,DC4,DC44-500-051,Top,Stony,0
2018,DC4,DC44-500-117,Bottom,Stony,0
2018,DC4,DC44-500-117,Top,Stony,0
2018,DC4,DC44-500-158,Bottom,Stony,0
2018,DC4,DC44-500-158,Top,Stony,0
2018,DC5,DC51-100-013,Bottom,Stony,0
2018,DC5,DC51-100-013,Top,Stony,2
2018,DC5,DC51-100-057,Bottom,Stony,0
2018,DC5,DC51-100-057,Top,Stony,0
2018,DC5,DC51-100-076,Bottom,Stony,0
2018,DC5,DC51-100-076,Top,Stony,0
2018,DC5,DC51-100-127,Bottom,Stony,0
2018,DC5,DC51-100-127,Top,Stony,0
2018,DC5,DC51-500-018,Bottom,Stony,0
2018,DC5,DC51-500-018,Top,Stony,0
2018,DC5,DC51-500-095,Bottom,Stony,0
2018,DC5,DC51-500-095,Top,Stony,3
2018,DC5,DC51-500-145,Bottom,Stony,0
2018,DC5,DC51-500-145,Top,Stony,1
2018,DC5,DC51-500-165,Bottom,Stony,0
2018,DC5,DC51-500-165,Top,Stony,0
2018,DC5,DC52-100-059,Bottom,Stony,0
2018,DC5,DC52-100-059,Top,Stony,1
2018,DC5,DC52-100-104,Bottom,Stony,2
2018,DC5,DC52-100-104,Top,Stony,2
2018,DC5,DC52-100-118,Bottom,Stony,0
2018,DC5,DC52-100-118,Top,Stony,0
2018,DC5,DC52-100-171,Bottom,Stony,0
2018,DC5,DC52-100-177,Top,Stony,0
2018,DC5,DC52-500-104,Bottom,Stony,1
2018,DC5,DC52-500-104,Top,Stony,0
2018,DC5,DC52-500-140,Bottom,Stony,0
2018,DC5,DC52-500-140,Top,Stony,0
2018,DC5,DC52-500-161,Bottom,Stony,0
2018,DC5,DC52-500-161,Top,Stony,0
2018,DC5,DC53-100-085,Bottom,Stony,0
2018,DC5,DC53-100-085,Top,Stony,2
2018,DC5,DC53-100-150,Bottom,Stony,1
2018,DC5,DC53-100-183,Bottom,Stony,1
2018,DC5,DC53-100-183,Top,Stony,0
2018,DC5,DC53-500-004,Bottom,Stony,1
2018,DC5,DC53-500-004,Top,Stony,1
2018,DC5,DC53-500-084,Bottom,Stony,0
2018,DC5,DC53-500-084,Top,Stony,0
2018,DC5,DC53-500-136,Bottom,Stony,0
2018,DC5,DC53-500-136,Top,Stony,0
2018,DC5,DC53-500-178,Bottom,Stony,0
2018,DC5,DC53-500-178,Top,Stony,0
2018,DC5,DC54-100-077,Bottom,Stony,0
2018,DC5,DC54-100-077,Top,Stony,0
2018,DC5,DC54-100-089,Bottom,Stony,1
2018,DC5,DC54-100-123,Bottom,Stony,0
2018,DC5,DC54-100-123,Top,Stony,0
2018,DC5,DC54-500-015,Bottom,Stony,0
2018,DC5,DC54-500-015,Top,Stony,2
2018,DC5,DC54-500-046,Bottom,Stony,0
2018,DC5,DC54-500-046,Top,Stony,2
2018,DC5,DC54-500-059,Bottom,Stony,0
2018,DC5,DC54-500-059,Top,Stony,1
2018,DC5,DC54-500-168,Bottom,Stony,0
2018,DC6,DC61-100-065,Bottom,Stony,0
2018,DC6,DC61-100-065,Top,Stony,0
2018,DC6,DC61-100-078,Bottom,Stony,0
2018,DC6,DC61-100-078,Top,Stony,0
2018,DC6,DC61-100-137,Bottom,Stony,0
2018,DC6,DC61-100-137,Top,Stony,0
2018,DC6,DC61-100-162,Top,Stony,1
2018,DC6,DC61-500-071,Bottom,Stony,0
2018,DC6,DC61-500-091,Bottom,Stony,0
2018,DC6,DC61-500-091,Top,Stony,0
2018,DC6,DC61-500-184,Bottom,Stony,0
2018,DC6,DC61-500-184,Top,Stony,2
2018,DC6,DC62-100-052,Bottom,Stony,0
2018,DC6,DC62-100-052,Top,Stony,2
2018,DC6,DC62-100-084,Bottom,Stony,0
2018,DC6,DC62-100-084,Top,Stony,1
2018,DC6,DC62-100-141,Bottom,Stony,0
2018,DC6,DC62-100-141,Top,Stony,0
2018,DC6,DC62-100-163,Bottom,Stony,0
2018,DC6,DC62-100-163,Top,Stony,0
2018,DC6,DC62-500-082,Bottom,Stony,0
2018,DC6,DC62-500-082,Top,Stony,3
2018,DC6,DC62-500-114,Bottom,Stony,0
2018,DC6,DC62-500-114,Top,Stony,0
2018,DC6,DC62-500-132,Bottom,Stony,0
2018,DC6,DC62-500-132,Top,Stony,0
2018,DC6,DC62-500-205,Bottom,Stony,0
2018,DC6,DC62-500-205,Top,Stony,0
2018,DC6,DC63-100-060,Top,Stony,6
2018,DC6,DC63-100-108,Bottom,Stony,0
2018,DC6,DC63-100-108,Top,Stony,0
2018,DC6,DC63-100-165,Top,Stony,0
2018,DC6,DC63-100-194,Bottom,Stony,0
2018,DC6,DC63-100-194,Top,Stony,1
2018,DC6,DC63-500-046,Bottom,Stony,1
2018,DC6,DC63-500-046,Top,Stony,1
2018,DC6,DC63-500-091,Bottom,Stony,0
2018,DC6,DC63-500-091,Top,Stony,0
2018,DC6,DC63-500-142,Bottom,Stony,0
2018,DC6,DC63-500-142,Top,Stony,0
2018,DC6,DC63-500-195,Bottom,Stony,0
2018,DC6,DC63-500-195,Top,Stony,0
2018,DC6,DC64-100-097,Bottom,Stony,0
2018,DC6,DC64-100-097,Top,Stony,0
2018,DC6,DC64-100-128,Bottom,Stony,0
2018,DC6,DC64-100-128,Top,Stony,0
2018,DC6,DC64-100-176,Bottom,Stony,0
2018,DC6,DC64-100-176,Top,Stony,0
2018,DC6,DC64-100-193,Bottom,Stony,0
2018,DC6,DC64-100-193,Top,Stony,1
2018,DC6,DC64-500-017,Bottom,Stony,1
2018,DC6,DC64-500-017,Top,Stony,0
2018,DC6,DC64-500-056,Bottom,Stony,0
2018,DC6,DC64-500-056,Top,Stony,0
2018,DC6,DC64-500-091,Bottom,Stony,0
2018,DC6,DC64-500-091,Top,Stony,0
2018,DC6,DC64-500-113,Bottom,Stony,0
2018,DC6,DC64-500-113,Top,Stony,0
2018,DC7,DC71-100-043,Bottom,Stony,0
2018,DC7,DC71-100-085,Bottom,Stony,0
2018,DC7,DC71-100-085,Top,Stony,0
2018,DC7,DC71-100-110,Bottom,Stony,0
2018,DC7,DC71-100-155,Bottom,Stony,0
2018,DC7,DC71-100-155,Top,Stony,1
2018,DC7,DC71-500-036,Bottom,Stony,0
2018,DC7,DC71-500-036,Top,Stony,8
2018,DC7,DC71-500-079,Bottom,Stony,0
2018,DC7,DC71-500-079,Top,Stony,3
2018,DC7,DC71-500-113,Bottom,Stony,0
2018,DC7,DC71-500-113,Top,Stony,3
2018,DC7,DC71-500-175,Bottom,Stony,0
2018,DC7,DC71-500-175,Top,Stony,9
2018,DC7,DC72-100-044,Bottom,Stony,0
2018,DC7,DC72-100-044,Top,Stony,2
2018,DC7,DC72-100-090,Bottom,Stony,0
2018,DC7,DC72-100-090,Top,Stony,4
2018,DC7,DC72-100-128,Top,Stony,3
2018,DC7,DC72-100-182,Top,Stony,2
2018,DC7,DC72-500-036,Bottom,Stony,0
2018,DC7,DC72-500-036,Top,Stony,7
2018,DC7,DC72-500-099,Bottom,Stony,0
2018,DC7,DC72-500-099,Top,Stony,3
2018,DC7,DC72-500-153,Bottom,Stony,0
2018,DC7,DC72-500-169,Bottom,Stony,0
2018,DC7,DC72-500-169,Top,Stony,2
2018,DC7,DC73-100-080,Bottom,Stony,0
2018,DC7,DC73-100-080,Top,Stony,0
2018,DC7,DC73-100-109,Bottom,Stony,0
2018,DC7,DC73-100-109,Top,Stony,5
2018,DC7,DC73-100-129,Bottom,Stony,0
2018,DC7,DC73-100-129,Top,Stony,4
2018,DC7,DC73-100-196,Bottom,Stony,0
2018,DC7,DC73-100-196,Top,Stony,9
2018,DC7,DC73-500-059,Bottom,Stony,0
2018,DC7,DC73-500-059,Top,Stony,0
2018,DC7,DC73-500-083,Bottom,Stony,0
2018,DC7,DC73-500-083,Top,Stony,6
2018,DC7,DC73-500-134,Bottom,Stony,0
2018,DC7,DC73-500-134,Top,Stony,10
2018,DC7,DC73-500-168,Bottom,Stony,0
2018,DC7,DC73-500-168,Top,Stony,14
2018,DC7,DC74-100-000,Bottom,Stony,0
2018,DC7,DC74-100-000,Top,Stony,2
2018,DC7,DC74-100-045,Bottom,Stony,0
2018,DC7,DC74-100-045,Top,Stony,3
2018,DC7,DC74-100-156,Bottom,Stony,0
2018,DC7,DC74-100-156,Top,Stony,6
2018,DC7,DC74-100-186,Bottom,Stony,0
2018,DC7,DC74-100-186,Top,Stony,0
2018,DC7,DC74-500-037,Bottom,Stony,0
2018,DC7,DC74-500-037,Top,Stony,1
2018,DC7,DC74-500-075,Bottom,Stony,0
2018,DC7,DC74-500-075,Top,Stony,0
2018,DC7,DC74-500-136,Bottom,Stony,0
2018,DC7,DC74-500-136,Top,Stony,0
2018,DC7,DC74-500-194,Bottom,Stony,0
2018,DC7,DC74-500-194,Top,Stony,2
2018,DC8,DC81-100-002,Bottom,Stony,0
2018,DC8,DC81-100-002,Top,Stony,2
2018,DC8,DC81-100-029,Bottom,Stony,0
2018,DC8,DC81-100-029,Top,Stony,0
2018,DC8,DC81-100-092,Bottom,Stony,0
2018,DC8,DC81-100-092,Top,Stony,1
2018,DC8,DC81-100-128,Bottom,Stony,0
2018,DC8,DC81-100-128,Top,Stony,0
2018,DC8,DC81-500-002,Bottom,Stony,0
2018,DC8,DC81-500-002,Top,Stony,0
2018,DC8,DC81-500-097,Bottom,Stony,0
2018,DC8,DC81-500-097,Top,Stony,2
2018,DC8,DC81-500-154,Bottom,Stony,0
2018,DC8,DC81-500-154,Top,Stony,2
2018,DC8,DC81-500-186,Bottom,Stony,0
2018,DC8,DC81-500-186,Top,Stony,0
2018,DC8,DC82-100-052,Bottom,Stony,0
2018,DC8,DC82-100-052,Top,Stony,0
2018,DC8,DC82-100-077,Bottom,Stony,0
2018,DC8,DC82-100-077,Top,Stony,3
2018,DC8,DC82-100-108,Bottom,Stony,0
2018,DC8,DC82-100-108,Top,Stony,0
2018,DC8,DC82-100-136,Bottom,Stony,0
2018,DC8,DC82-100-136,Top,Stony,1
2018,DC8,DC82-500-004,Bottom,Stony,0
2018,DC8,DC82-500-004,Top,Stony,0
2018,DC8,DC82-500-104,Bottom,Stony,0
2018,DC8,DC82-500-104,Top,Stony,0
2018,DC8,DC82-500-141,Top,Stony,0
2018,DC8,DC82-500-171,Bottom,Stony,0
2018,DC8,DC82-500-171,Top,Stony,0
2018,DC8,DC83-100-032,Bottom,Stony,0
2018,DC8,DC83-100-032,Top,Stony,0
2018,DC8,DC83-100-106,Bottom,Stony,0
2018,DC8,DC83-100-106,Top,Stony,1
2018,DC8,DC83-100-175,Bottom,Stony,0
2018,DC8,DC83-100-175,Top,Stony,3
2018,DC8,DC83-100-198,Bottom,Stony,0
2018,DC8,DC83-100-198,Top,Stony,2
2018,DC8,DC83-500-019,Bottom,Stony,0
2018,DC8,DC83-500-019,Top,Stony,0
2018,DC8,DC83-500-068,Bottom,Stony,0
2018,DC8,DC83-500-068,Top,Stony,2
2018,DC8,DC83-500-149,Bottom,Stony,0
2018,DC8,DC83-500-149,Top,Stony,0
2018,DC8,DC83-500-192,Bottom,Stony,0
2018,DC8,DC83-500-192,Top,Stony,1
2018,DC8,DC84-100-022,Bottom,Stony,0
2018,DC8,DC84-100-022,Top,Stony,0
2018,DC8,DC84-100-124,Bottom,Stony,0
2018,DC8,DC84-100-124,Top,Stony,0
2018,DC8,DC84-100-157,Bottom,Stony,0
2018,DC8,DC84-100-157,Top,Stony,0
2018,DC8,DC84-100-208,Top,Stony,0
2018,DC8,DC84-500-040,Bottom,Stony,0
2018,DC8,DC84-500-040,Top,Stony,2
2018,DC8,DC84-500-150,Bottom,Stony,0
2018,DC8,DC84-500-150,Top,Stony,3
2018,DC8,DC84-500-176,Bottom,Stony,0
2018,DC8,DC84-500-176,Top,Stony,3
2018,DC8,DC84-500-210,Bottom,Stony,0
2018,DC8,DC84-500-210,Top,Stony,0
2016,Red Dun,261-100-010,Bottom,Stony,0
2016,Red Dun,261-100-010,Top,Stony,0
2016,Red Dun,261-100-069,Bottom,Stony,0
2016,Red Dun,261-100-069,Top,Stony,0
2016,Red Dun,261-100-093,Bottom,Stony,0
2016,Red Dun,261-100-093,Top,Stony,0
2016,Red Dun,261-100-197,Bottom,Stony,0
2016,Red Dun,261-100-197,Top,Stony,0
2016,Red Dun,261-500-066,Bottom,Stony,0
2016,Red Dun,261-500-066,Top,Stony,0
2016,Red Dun,261-500-076,Bottom,Stony,0
2016,Red Dun,261-500-076,Top,Stony,0
2016,Red Dun,261-500-148,Bottom,Stony,0
2016,Red Dun,261-500-148,Top,Stony,0
2016,Red Dun,261-500-196,Bottom,Stony,0
2016,Red Dun,261-500-196,Top,Stony,0
2016,Red Dun,262-100-006,Bottom,Stony,0
2016,Red Dun,262-100-006,Top,Stony,0
2016,Red Dun,262-100-051,Bottom,Stony,0
2016,Red Dun,262-100-051,Top,Stony,0
2016,Red Dun,262-100-088,Bottom,Stony,0
2016,Red Dun,262-100-088,Top,Stony,0
2016,Red Dun,262-100-137,Bottom,Stony,0
2016,Red Dun,262-100-137,Top,Stony,0
2016,Red Dun,262-500-040,Bottom,Stony,0
2016,Red Dun,262-500-040,Top,Stony,0
2016,Red Dun,262-500-069,Bottom,Stony,0
2016,Red Dun,262-500-069,Top,Stony,0
2016,Red Dun,262-500-115,Bottom,Stony,0
2016,Red Dun,262-500-115,Top,Stony,0
2016,Red Dun,262-500-219,Bottom,Stony,0
2016,Red Dun,262-500-219,Top,Stony,0
2016,Red Dun,263-100-000,Bottom,Stony,0
2016,Red Dun,263-100-000,Top,Stony,0
2016,Red Dun,263-100-028,Bottom,Stony,0
2016,Red Dun,263-100-028,Top,Stony,0
2016,Red Dun,263-100-083,Bottom,Stony,0
2016,Red Dun,263-100-083,Top,Stony,0
2016,Red Dun,263-100-181,Bottom,Stony,0
2016,Red Dun,263-100-181,Top,Stony,0
2016,Red Dun,263-500-015,Bottom,Stony,0
2016,Red Dun,263-500-015,Top,Stony,0
2016,Red Dun,263-500-118,Bottom,Stony,0
2016,Red Dun,263-500-118,Top,Stony,0
2016,Red Dun,263-500-137,Bottom,Stony,0
2016,Red Dun,263-500-137,Top,Stony,0
2016,Red Dun,263-500-158,Bottom,Stony,0
2016,Red Dun,263-500-158,Top,Stony,0
2016,Red Dun,264-100-025,Bottom,Stony,0
2016,Red Dun,264-100-025,Top,Stony,0
2016,Red Dun,264-100-069,Bottom,Stony,0
2016,Red Dun,264-100-069,Top,Stony,0
2016,Red Dun,264-100-091,Bottom,Stony,0
2016,Red Dun,264-100-091,Top,Stony,0
2016,Red Dun,264-100-133,Bottom,Stony,0
2016,Red Dun,264-100-133,Top,Stony,0
2016,Red Dun,264-500-016,Bottom,Stony,0
2016,Red Dun,264-500-016,Top,Stony,0
2016,Red Dun,264-500-033,Bottom,Stony,0
2016,Red Dun,264-500-033,Top,Stony,0
2016,Red Dun,264-500-147,Bottom,Stony,0
2016,Red Dun,264-500-147,Top,Stony,0
2016,Red Dun,264-500-172,Bottom,Stony,0
2016,Red Dun,264-500-172,Top,Stony,0
2016,Porter Patch,321-100-017,Bottom,Stony,0
2016,Porter Patch,321-100-017,Top,Stony,0
2016,Porter Patch,321-100-058,Bottom,Stony,0
2016,Porter Patch,321-100-058,Top,Stony,0
2016,Porter Patch,321-100-136,Bottom,Stony,0
2016,Porter Patch,321-100-136,Top,Stony,0
2016,Porter Patch,321-100-163,Bottom,Stony,0
2016,Porter Patch,321-100-163,Top,Stony,0
2016,Porter Patch,321-500-024,Bottom,Stony,0
2016,Porter Patch,321-500-024,Top,Stony,0
2016,Porter Patch,321-500-049,Bottom,Stony,0
2016,Porter Patch,321-500-049,Top,Stony,0
2016,Porter Patch,321-500-085,Bottom,Stony,0
2016,Porter Patch,321-500-085,Top,Stony,0
2016,Porter Patch,321-500-212,Bottom,Stony,0
2016,Porter Patch,321-500-212,Top,Stony,0
2016,Porter Patch,322-100-026,Bottom,Stony,0
2016,Porter Patch,322-100-026,Top,Stony,0
2016,Porter Patch,322-100-068,Bottom,Stony,0
2016,Porter Patch,322-100-068,Top,Stony,0
2016,Porter Patch,322-100-118,Bottom,Stony,0
2016,Porter Patch,322-100-118,Top,Stony,0
2016,Porter Patch,322-100-202,Bottom,Stony,0
2016,Porter Patch,322-100-202,Top,Stony,0
2016,Porter Patch,322-100-223,Bottom,Stony,0
2016,Porter Patch,322-100-223,Top,Stony,0
2016,Porter Patch,322-500-059,Bottom,Stony,0
2016,Porter Patch,322-500-059,Top,Stony,0
2016,Porter Patch,322-500-070,Bottom,Stony,0
2016,Porter Patch,322-500-070,Top,Stony,0
2016,Porter Patch,322-500-091,Bottom,Stony,0
2016,Porter Patch,322-500-091,Top,Stony,0
2016,Porter Patch,323-100-021,Bottom,Stony,0
2016,Porter Patch,323-100-021,Top,Stony,0
2016,Porter Patch,323-100-072,Bottom,Stony,0
2016,Porter Patch,323-100-072,Top,Stony,0
2016,Porter Patch,323-100-115,Bottom,Stony,0
2016,Porter Patch,323-100-115,Top,Stony,0
2016,Porter Patch,323-100-126,Bottom,Stony,0
2016,Porter Patch,323-100-126,Top,Stony,0
2016,Porter Patch,323-100-223,Bottom,Stony,0
2016,Porter Patch,323-100-223,Top,Stony,0
2016,Porter Patch,323-500-064,Bottom,Stony,0
2016,Porter Patch,323-500-064,Top,Stony,0
2016,Porter Patch,323-500-144,Bottom,Stony,0
2016,Porter Patch,323-500-144,Top,Stony,0
2016,Porter Patch,323-500-156,Bottom,Stony,0
2016,Porter Patch,323-500-156,Top,Stony,0
2016,Porter Patch,324-100-022,Bottom,Stony,0
2016,Porter Patch,324-100-022,Top,Stony,0
2016,Porter Patch,324-100-046,Bottom,Stony,0
2016,Porter Patch,324-100-046,Top,Stony,0
2016,Porter Patch,324-100-095,Bottom,Stony,0
2016,Porter Patch,324-100-095,Top,Stony,0
2016,Porter Patch,324-100-199,Bottom,Stony,0
2016,Porter Patch,324-100-199,Top,Stony,0
2016,Porter Patch,324-500-035,Bottom,Stony,0
2016,Porter Patch,324-500-035,Top,Stony,0
2016,Porter Patch,324-500-064,Bottom,Stony,0
2016,Porter Patch,324-500-064,Top,Stony,0
2016,Porter Patch,324-500-158,Bottom,Stony,0
2016,Porter Patch,324-500-158,Top,Stony,0
2016,Porter Patch,324-500-209,Bottom,Stony,0
2016,Porter Patch,324-500-209,Top,Stony,0
2016,Admiral Patch,331-100-098,Bottom,Stony,0
2016,Admiral Patch,331-100-098,Top,Stony,0
2016,Admiral Patch,331-100-139,Bottom,Stony,0
2016,Admiral Patch,331-100-139,Top,Stony,0
2016,Admiral Patch,331-100-183,Bottom,Stony,0
2016,Admiral Patch,331-100-183,Top,Stony,0
2016,Admiral Patch,331-500-012,Bottom,Stony,0
2016,Admiral Patch,331-500-012,Top,Stony,0
2016,Admiral Patch,331-500-033,Bottom,Stony,0
2016,Admiral Patch,331-500-033,Top,Stony,0
2016,Admiral Patch,331-500-104,Bottom,Stony,0
2016,Admiral Patch,331-500-104,Top,Stony,0
2016,Admiral Patch,331-500-180,Bottom,Stony,0
2016,Admiral Patch,331-500-180,Top,Stony,0
2016,Admiral Patch,331-500-221,Bottom,Stony,0
2016,Admiral Patch,331-500-221,Top,Stony,0
2016,Admiral Patch,332-100-024,Bottom,Stony,0
2016,Admiral Patch,332-100-024,Top,Stony,0
2016,Admiral Patch,332-100-094,Bottom,Stony,0
2016,Admiral Patch,332-100-094,Top,Stony,0
2016,Admiral Patch,332-100-102,Bottom,Stony,0
2016,Admiral Patch,332-100-102,Top,Stony,0
2016,Admiral Patch,332-100-177,Bottom,Stony,0
2016,Admiral Patch,332-100-177,Top,Stony,0
2016,Admiral Patch,332-500-017,Bottom,Stony,0
2016,Admiral Patch,332-500-017,Top,Stony,0
2016,Admiral Patch,332-500-081,Bottom,Stony,0
2016,Admiral Patch,332-500-081,Top,Stony,0
2016,Admiral Patch,332-500-094,Bottom,Stony,0
2016,Admiral Patch,332-500-094,Top,Stony,0
2016,Admiral Patch,332-500-154,Bottom,Stony,0
2016,Admiral Patch,332-500-154,Top,Stony,0
2016,Admiral Patch,333-100-060,Bottom,Stony,0
2016,Admiral Patch,333-100-060,Top,Stony,0
2016,Admiral Patch,333-100-084,Bottom,Stony,0
2016,Admiral Patch,333-100-084,Top,Stony,0
2016,Admiral Patch,333-100-091,Bottom,Stony,0
2016,Admiral Patch,333-100-091,Top,Stony,0
2016,Admiral Patch,333-100-192,Bottom,Stony,0
2016,Admiral Patch,333-100-192,Top,Stony,0
2016,Admiral Patch,333-500-022,Bottom,Stony,0
2016,Admiral Patch,333-500-022,Top,Stony,0
2016,Admiral Patch,333-500-111,Bottom,Stony,0
2016,Admiral Patch,333-500-111,Top,Stony,0
2016,Admiral Patch,333-500-154,Bottom,Stony,0
2016,Admiral Patch,333-500-154,Top,Stony,0
2016,Admiral Patch,333-500-195,Bottom,Stony,0
2016,Admiral Patch,333-500-195,Top,Stony,0
2016,Admiral Patch,334-100-034,Bottom,Stony,0
2016,Admiral Patch,334-100-034,Top,Stony,0
2016,Admiral Patch,334-100-067,Bottom,Stony,0
2016,Admiral Patch,334-100-067,Top,Stony,0
2016,Admiral Patch,334-100-139,Bottom,Stony,0
2016,Admiral Patch,334-100-139,Top,Stony,0
2016,Admiral Patch,334-100-194,Bottom,Stony,0
2016,Admiral Patch,334-100-194,Top,Stony,0
2016,Admiral Patch,334-500-021,Bottom,Stony,0
2016,Admiral Patch,334-500-021,Top,Stony,0
2016,Admiral Patch,334-500-067,Bottom,Stony,0
2016,Admiral Patch,334-500-067,Top,Stony,0
2016,Admiral Patch,334-500-134,Bottom,Stony,0
2016,Admiral Patch,334-500-134,Top,Stony,0
2016,Admiral Patch,334-500-222,Bottom,Stony,0
2016,Admiral Patch,334-500-222,Top,Stony,0
2016,West Turtle Shoals,341-100-062,Bottom,Stony,0
2016,West Turtle Shoals,341-100-062,Top,Stony,0
2016,West Turtle Shoals,341-100-096,Bottom,Stony,0
2016,West Turtle Shoals,341-100-096,Top,Stony,0
2016,West Turtle Shoals,341-100-116,Bottom,Stony,0
2016,West Turtle Shoals,341-100-116,Top,Stony,0
2016,West Turtle Shoals,341-100-162,Bottom,Stony,0
2016,West Turtle Shoals,341-100-162,Top,Stony,0
2016,West Turtle Shoals,341-500-049,Bottom,Stony,0
2016,West Turtle Shoals,341-500-049,Top,Stony,0
2016,West Turtle Shoals,341-500-078,Bottom,Stony,0
2016,West Turtle Shoals,341-500-078,Top,Stony,0
2016,West Turtle Shoals,341-500-088,Bottom,Stony,0
2016,West Turtle Shoals,341-500-088,Top,Stony,0
2016,West Turtle Shoals,341-500-230,Bottom,Stony,0
2016,West Turtle Shoals,341-500-230,Top,Stony,0
2016,West Turtle Shoals,342-100-003,Bottom,Stony,0
2016,West Turtle Shoals,342-100-003,Top,Stony,0
2016,West Turtle Shoals,342-100-033,Bottom,Stony,0
2016,West Turtle Shoals,342-100-033,Top,Stony,0
2016,West Turtle Shoals,342-100-156,Bottom,Stony,0
2016,West Turtle Shoals,342-100-156,Top,Stony,0
2016,West Turtle Shoals,342-100-199,Bottom,Stony,0
2016,West Turtle Shoals,342-100-199,Top,Stony,0
2016,West Turtle Shoals,342-500-023,Bottom,Stony,0
2016,West Turtle Shoals,342-500-023,Top,Stony,0
2016,West Turtle Shoals,342-500-061,Bottom,Stony,0
2016,West Turtle Shoals,342-500-061,Top,Stony,0
2016,West Turtle Shoals,342-500-134,Bottom,Stony,0
2016,West Turtle Shoals,342-500-134,Top,Stony,0
2016,West Turtle Shoals,342-500-205,Bottom,Stony,0
2016,West Turtle Shoals,342-500-205,Top,Stony,0
2016,West Turtle Shoals,343-100-008,Bottom,Stony,0
2016,West Turtle Shoals,343-100-008,Top,Stony,0
2016,West Turtle Shoals,343-100-023,Bottom,Stony,0
2016,West Turtle Shoals,343-100-023,Top,Stony,0
2016,West Turtle Shoals,343-100-146,Bottom,Stony,0
2016,West Turtle Shoals,343-100-146,Top,Stony,0
2016,West Turtle Shoals,343-100-193,Bottom,Stony,0
2016,West Turtle Shoals,343-100-193,Top,Stony,0
2016,West Turtle Shoals,343-500-008,Bottom,Stony,0
2016,West Turtle Shoals,343-500-008,Top,Stony,0
2016,West Turtle Shoals,343-500-045,Bottom,Stony,0
2016,West Turtle Shoals,343-500-045,Top,Stony,0
2016,West Turtle Shoals,343-500-094,Bottom,Stony,0
2016,West Turtle Shoals,343-500-094,Top,Stony,0
2016,West Turtle Shoals,343-500-201,Bottom,Stony,0
2016,West Turtle Shoals,343-500-201,Top,Stony,0
2016,West Turtle Shoals,344-100-060,Bottom,Stony,0
2016,West Turtle Shoals,344-100-060,Top,Stony,0
2016,West Turtle Shoals,344-100-116,Bottom,Stony,0
2016,West Turtle Shoals,344-100-116,Top,Stony,0
2016,West Turtle Shoals,344-100-132,Bottom,Stony,0
2016,West Turtle Shoals,344-100-132,Top,Stony,0
2016,West Turtle Shoals,344-100-180,Bottom,Stony,0
2016,West Turtle Shoals,344-100-180,Top,Stony,0
2016,West Turtle Shoals,344-500-035,Bottom,Stony,0
2016,West Turtle Shoals,344-500-035,Top,Stony,0
2016,West Turtle Shoals,344-500-076,Bottom,Stony,0
2016,West Turtle Shoals,344-500-076,Top,Stony,0
2016,West Turtle Shoals,344-500-103,Bottom,Stony,0
2016,West Turtle Shoals,344-500-103,Top,Stony,0
2016,West Turtle Shoals,344-500-187,Bottom,Stony,0
2016,West Turtle Shoals,344-500-187,Top,Stony,0
2016,Dustan Rocks,351-100-055,Bottom,Stony,0
2016,Dustan Rocks,351-100-055,Top,Stony,0
2016,Dustan Rocks,351-100-112,Bottom,Stony,0
2016,Dustan Rocks,351-100-112,Top,Stony,0
2016,Dustan Rocks,351-100-157,Bottom,Stony,0
2016,Dustan Rocks,351-100-157,Top,Stony,0
2016,Dustan Rocks,351-100-192,Bottom,Stony,0
2016,Dustan Rocks,351-100-192,Top,Stony,0
2016,Dustan Rocks,351-500-011,Bottom,Stony,0
2016,Dustan Rocks,351-500-011,Top,Stony,0
2016,Dustan Rocks,351-500-083,Bottom,Stony,0
2016,Dustan Rocks,351-500-083,Top,Stony,0
2016,Dustan Rocks,351-500-139,Bottom,Stony,0
2016,Dustan Rocks,351-500-139,Top,Stony,0
2016,Dustan Rocks,351-500-154,Bottom,Stony,0
2016,Dustan Rocks,351-500-154,Top,Stony,0
2016,Dustan Rocks,352-100-027,Bottom,Stony,0
2016,Dustan Rocks,352-100-027,Top,Stony,0
2016,Dustan Rocks,352-100-120,Bottom,Stony,0
2016,Dustan Rocks,352-100-120,Top,Stony,0
2016,Dustan Rocks,352-100-139,Bottom,Stony,0
2016,Dustan Rocks,352-100-139,Top,Stony,0
2016,Dustan Rocks,352-100-208,Bottom,Stony,0
2016,Dustan Rocks,352-100-208,Top,Stony,0
2016,Dustan Rocks,352-500-035,Bottom,Stony,0
2016,Dustan Rocks,352-500-035,Top,Stony,0
2016,Dustan Rocks,352-500-117,Bottom,Stony,0
2016,Dustan Rocks,352-500-117,Top,Stony,0
2016,Dustan Rocks,352-500-150,Bottom,Stony,0
2016,Dustan Rocks,352-500-150,Top,Stony,0
2016,Dustan Rocks,352-500-218,Bottom,Stony,0
2016,Dustan Rocks,352-500-218,Top,Stony,0
2016,Dustan Rocks,353-100-016,Bottom,Stony,0
2016,Dustan Rocks,353-100-016,Top,Stony,0
2016,Dustan Rocks,353-100-071,Bottom,Stony,0
2016,Dustan Rocks,353-100-071,Top,Stony,0
2016,Dustan Rocks,353-100-185,Bottom,Stony,0
2016,Dustan Rocks,353-100-185,Top,Stony,0
2016,Dustan Rocks,353-100-206,Bottom,Stony,0
2016,Dustan Rocks,353-100-206,Top,Stony,0
2016,Dustan Rocks,353-500-000,Bottom,Stony,0
2016,Dustan Rocks,353-500-000,Top,Stony,0
2016,Dustan Rocks,353-500-047,Bottom,Stony,0
2016,Dustan Rocks,353-500-047,Top,Stony,0
2016,Dustan Rocks,353-500-083,Bottom,Stony,0
2016,Dustan Rocks,353-500-083,Top,Stony,0
2016,Dustan Rocks,353-500-194,Bottom,Stony,0
2016,Dustan Rocks,353-500-194,Top,Stony,0
2016,Dustan Rocks,354-100-032,Bottom,Stony,0
2016,Dustan Rocks,354-100-032,Top,Stony,0
2016,Dustan Rocks,354-100-045,Bottom,Stony,0
2016,Dustan Rocks,354-100-045,Top,Stony,0
2016,Dustan Rocks,354-100-103,Bottom,Stony,0
2016,Dustan Rocks,354-100-103,Top,Stony,0
2016,Dustan Rocks,354-100-144,Bottom,Stony,0
2016,Dustan Rocks,354-100-144,Top,Stony,0
2016,Dustan Rocks,354-500-043,Bottom,Stony,0
2016,Dustan Rocks,354-500-043,Top,Stony,0
2016,Dustan Rocks,354-500-054,Bottom,Stony,0
2016,Dustan Rocks,354-500-054,Top,Stony,0
2016,Dustan Rocks,354-500-185,Bottom,Stony,0
2016,Dustan Rocks,354-500-185,Top,Stony,0
2016,Dustan Rocks,354-500-202,Bottom,Stony,0
2016,Dustan Rocks,354-500-202,Top,Stony,0
2016,West Washerwoman,361-100-046,Bottom,Stony,0
2016,West Washerwoman,361-100-046,Top,Stony,0
2016,West Washerwoman,361-100-089,Bottom,Stony,0
2016,West Washerwoman,361-100-089,Top,Stony,0
2016,West Washerwoman,361-100-140,Bottom,Stony,0
2016,West Washerwoman,361-100-140,Top,Stony,0
2016,West Washerwoman,361-100-188,Bottom,Stony,0
2016,West Washerwoman,361-100-188,Top,Stony,0
2016,West Washerwoman,361-500-019,Bottom,Stony,0
2016,West Washerwoman,361-500-019,Top,Stony,0
2016,West Washerwoman,361-500-073,Bottom,Stony,0
2016,West Washerwoman,361-500-073,Top,Stony,0
2016,West Washerwoman,361-500-159,Bottom,Stony,0
2016,West Washerwoman,361-500-159,Top,Stony,0
2016,West Washerwoman,361-500-169,Bottom,Stony,0
2016,West Washerwoman,361-500-169,Top,Stony,0
2016,West Washerwoman,362-100-059,Bottom,Stony,0
2016,West Washerwoman,362-100-059,Top,Stony,0
2016,West Washerwoman,362-100-091,Bottom,Stony,0
2016,West Washerwoman,362-100-091,Top,Stony,0
2016,West Washerwoman,362-100-109,Bottom,Stony,0
2016,West Washerwoman,362-100-109,Top,Stony,0
2016,West Washerwoman,362-100-130,Bottom,Stony,0
2016,West Washerwoman,362-100-130,Top,Stony,0
2016,West Washerwoman,362-500-058,Bottom,Stony,0
2016,West Washerwoman,362-500-058,Top,Stony,0
2016,West Washerwoman,362-500-145,Bottom,Stony,0
2016,West Washerwoman,362-500-145,Top,Stony,0
2016,West Washerwoman,362-500-157,Bottom,Stony,0
2016,West Washerwoman,362-500-157,Top,Stony,0
2016,West Washerwoman,362-500-213,Bottom,Stony,0
2016,West Washerwoman,362-500-213,Top,Stony,0
2016,West Washerwoman,363-100-055,Bottom,Stony,0
2016,West Washerwoman,363-100-055,Top,Stony,0
2016,West Washerwoman,363-100-072,Bottom,Stony,0
2016,West Washerwoman,363-100-072,Top,Stony,0
2016,West Washerwoman,363-100-137,Bottom,Stony,0
2016,West Washerwoman,363-100-137,Top,Stony,0
2016,West Washerwoman,363-100-167,Bottom,Stony,0
2016,West Washerwoman,363-100-167,Top,Stony,0
2016,West Washerwoman,363-500-032,Bottom,Stony,0
2016,West Washerwoman,363-500-032,Top,Stony,0
2016,West Washerwoman,363-500-115,Bottom,Stony,0
2016,West Washerwoman,363-500-115,Top,Stony,0
2016,West Washerwoman,363-500-152,Bottom,Stony,0
2016,West Washerwoman,363-500-152,Top,Stony,0
2016,West Washerwoman,363-500-207,Bottom,Stony,0
2016,West Washerwoman,363-500-207,Top,Stony,0
2016,West Washerwoman,364-100-027,Bottom,Stony,0
2016,West Washerwoman,364-100-027,Top,Stony,0
2016,West Washerwoman,364-100-091,Bottom,Stony,0
2016,West Washerwoman,364-100-091,Top,Stony,0
2016,West Washerwoman,364-100-125,Bottom,Stony,0
2016,West Washerwoman,364-100-125,Top,Stony,0
2016,West Washerwoman,364-100-194,Bottom,Stony,0
2016,West Washerwoman,364-100-194,Top,Stony,0
2016,West Washerwoman,364-500-104,Bottom,Stony,0
2016,West Washerwoman,364-500-104,Top,Stony,0
2016,West Washerwoman,364-500-120,Bottom,Stony,0
2016,West Washerwoman,364-500-120,Top,Stony,0
2016,West Washerwoman,364-500-170,Bottom,Stony,0
2016,West Washerwoman,364-500-170,Top,Stony,0
2016,West Washerwoman,364-500-198,Bottom,Stony,0
2016,West Washerwoman,364-500-198,Top,Stony,0
2016,Carysfort Shallow,501-100-010,Bottom,Stony,0
2016,Carysfort Shallow,501-100-010,Top,Stony,0
2016,Carysfort Shallow,501-100-038,Bottom,Stony,0
2016,Carysfort Shallow,501-100-038,Top,Stony,0
2016,Carysfort Shallow,501-100-137,Bottom,Stony,0
2016,Carysfort Shallow,501-100-137,Top,Stony,0
2016,Carysfort Shallow,501-100-159,Bottom,Stony,0
2016,Carysfort Shallow,501-100-159,Top,Stony,0
2016,Carysfort Shallow,501-500-016,Bottom,Stony,0
2016,Carysfort Shallow,501-500-016,Top,Stony,0
2016,Carysfort Shallow,501-500-034,Bottom,Stony,0
2016,Carysfort Shallow,501-500-034,Top,Stony,0
2016,Carysfort Shallow,501-500-084,Bottom,Stony,0
2016,Carysfort Shallow,501-500-084,Top,Stony,0
2016,Carysfort Shallow,501-500-108,Bottom,Stony,0
2016,Carysfort Shallow,501-500-108,Top,Stony,0
2016,Carysfort Shallow,502-100-044,Bottom,Stony,0
2016,Carysfort Shallow,502-100-044,Top,Stony,0
2016,Carysfort Shallow,502-100-126,Bottom,Stony,0
2016,Carysfort Shallow,502-100-126,Top,Stony,0
2016,Carysfort Shallow,502-100-144,Bottom,Stony,0
2016,Carysfort Shallow,502-100-144,Top,Stony,0
2016,Carysfort Shallow,502-100-181,Bottom,Stony,0
2016,Carysfort Shallow,502-100-181,Top,Stony,0
2016,Carysfort Shallow,502-500-028,Bottom,Stony,0
2016,Carysfort Shallow,502-500-028,Top,Stony,0
2016,Carysfort Shallow,502-500-045,Bottom,Stony,0
2016,Carysfort Shallow,502-500-045,Top,Stony,0
2016,Carysfort Shallow,502-500-115,Bottom,Stony,0
2016,Carysfort Shallow,502-500-115,Top,Stony,0
2016,Carysfort Shallow,502-500-160,Bottom,Stony,0
2016,Carysfort Shallow,502-500-160,Top,Stony,0
2016,Carysfort Shallow,503-100-044,Bottom,Stony,0
2016,Carysfort Shallow,503-100-044,Top,Stony,0
2016,Carysfort Shallow,503-100-070,Bottom,Stony,0
2016,Carysfort Shallow,503-100-070,Top,Stony,0
2016,Carysfort Shallow,503-100-089,Bottom,Stony,0
2016,Carysfort Shallow,503-100-089,Top,Stony,0
2016,Carysfort Shallow,503-100-183,Bottom,Stony,0
2016,Carysfort Shallow,503-100-183,Top,Stony,0
2016,Carysfort Shallow,503-500-063,Bottom,Stony,0
2016,Carysfort Shallow,503-500-063,Top,Stony,0
2016,Carysfort Shallow,503-500-092,Bottom,Stony,0
2016,Carysfort Shallow,503-500-092,Top,Stony,0
2016,Carysfort Shallow,503-500-118,Bottom,Stony,0
2016,Carysfort Shallow,503-500-118,Top,Stony,0
2016,Carysfort Shallow,503-500-145,Bottom,Stony,0
2016,Carysfort Shallow,503-500-145,Top,Stony,0
2016,Carysfort Shallow,504-100-019,Bottom,Stony,0
2016,Carysfort Shallow,504-100-019,Top,Stony,0
2016,Carysfort Shallow,504-100-138,Bottom,Stony,0
2016,Carysfort Shallow,504-100-138,Top,Stony,0
2016,Carysfort Shallow,504-100-171,Bottom,Stony,0
2016,Carysfort Shallow,504-100-171,Top,Stony,0
2016,Carysfort Shallow,504-100-184,Bottom,Stony,0
2016,Carysfort Shallow,504-100-184,Top,Stony,0
2016,Carysfort Shallow,504-500-021,Bottom,Stony,0
2016,Carysfort Shallow,504-500-021,Top,Stony,0
2016,Carysfort Shallow,504-500-060,Bottom,Stony,0
2016,Carysfort Shallow,504-500-060,Top,Stony,0
2016,Carysfort Shallow,504-500-159,Bottom,Stony,0
2016,Carysfort Shallow,504-500-159,Top,Stony,0
2016,Carysfort Shallow,504-500-210,Bottom,Stony,0
2016,Carysfort Shallow,504-500-210,Top,Stony,0
2016,Molasses Shallow,521-100-011,Bottom,Stony,0
2016,Molasses Shallow,521-100-011,Top,Stony,0
2016,Molasses Shallow,521-100-027,Bottom,Stony,0
2016,Molasses Shallow,521-100-027,Top,Stony,0
2016,Molasses Shallow,521-100-088,Bottom,Stony,0
2016,Molasses Shallow,521-100-088,Top,Stony,0
2016,Molasses Shallow,521-100-174,Bottom,Stony,0
2016,Molasses Shallow,521-100-174,Top,Stony,0
2016,Molasses Shallow,521-500-025,Bottom,Stony,0
2016,Molasses Shallow,521-500-025,Top,Stony,0
2016,Molasses Shallow,521-500-061,Bottom,Stony,0
2016,Molasses Shallow,521-500-061,Top,Stony,0
2016,Molasses Shallow,521-500-137,Bottom,Stony,0
2016,Molasses Shallow,521-500-137,Top,Stony,0
2016,Molasses Shallow,521-500-205,Bottom,Stony,0
2016,Molasses Shallow,521-500-205,Top,Stony,0
2016,Molasses Shallow,522-100-025,Bottom,Stony,0
2016,Molasses Shallow,522-100-025,Top,Stony,0
2016,Molasses Shallow,522-100-091,Bottom,Stony,0
2016,Molasses Shallow,522-100-091,Top,Stony,0
2016,Molasses Shallow,522-100-139,Bottom,Stony,0
2016,Molasses Shallow,522-100-139,Top,Stony,0
2016,Molasses Shallow,522-500-033,Bottom,Stony,0
2016,Molasses Shallow,522-500-033,Top,Stony,0
2016,Molasses Shallow,522-500-063,Bottom,Stony,0
2016,Molasses Shallow,522-500-063,Top,Stony,0
2016,Molasses Shallow,522-500-138,Bottom,Stony,0
2016,Molasses Shallow,522-500-138,Top,Stony,0
2016,Molasses Shallow,522-500-200,Bottom,Stony,0
2016,Molasses Shallow,522-500-200,Top,Stony,0
2016,Molasses Shallow,523-100-003,Bottom,Stony,0
2016,Molasses Shallow,523-100-003,Top,Stony,0
2016,Molasses Shallow,523-100-036,Bottom,Stony,0
2016,Molasses Shallow,523-100-036,Top,Stony,0
2016,Molasses Shallow,523-100-107,Bottom,Stony,0
2016,Molasses Shallow,523-100-107,Top,Stony,0
2016,Molasses Shallow,523-100-157,Bottom,Stony,0
2016,Molasses Shallow,523-100-157,Top,Stony,0
2016,Molasses Shallow,523-500-023,Bottom,Stony,0
2016,Molasses Shallow,523-500-023,Top,Stony,0
2016,Molasses Shallow,523-500-063,Bottom,Stony,0
2016,Molasses Shallow,523-500-063,Top,Stony,0
2016,Molasses Shallow,523-500-101,Bottom,Stony,0
2016,Molasses Shallow,523-500-101,Top,Stony,0
2016,Molasses Shallow,523-500-167,Bottom,Stony,0
2016,Molasses Shallow,523-500-167,Top,Stony,0
2016,Molasses Shallow,524-100-019,Bottom,Stony,0
2016,Molasses Shallow,524-100-019,Top,Stony,0
2016,Molasses Shallow,524-100-051,Bottom,Stony,0
2016,Molasses Shallow,524-100-051,Top,Stony,0
2016,Molasses Shallow,524-100-132,Bottom,Stony,0
2016,Molasses Shallow,524-100-132,Top,Stony,0
2016,Molasses Shallow,524-100-163,Bottom,Stony,0
2016,Molasses Shallow,524-100-163,Top,Stony,0
2016,Molasses Shallow,524-500-019,Bottom,Stony,0
2016,Molasses Shallow,524-500-019,Top,Stony,0
2016,Molasses Shallow,524-500-036,Bottom,Stony,0
2016,Molasses Shallow,524-500-036,Top,Stony,0
2016,Molasses Shallow,524-500-089,Bottom,Stony,0
2016,Molasses Shallow,524-500-089,Top,Stony,0
2016,Molasses Shallow,524-500-165,Bottom,Stony,0
2016,Molasses Shallow,524-500-165,Top,Stony,0
2016,Tennessee Shallow,551-100-012,Bottom,Stony,0
2016,Tennessee Shallow,551-100-012,Top,Stony,0
2016,Tennessee Shallow,551-100-073,Bottom,Stony,0
2016,Tennessee Shallow,551-100-073,Top,Stony,0
2016,Tennessee Shallow,551-100-133,Bottom,Stony,0
2016,Tennessee Shallow,551-100-133,Top,Stony,0
2016,Tennessee Shallow,551-100-192,Bottom,Stony,0
2016,Tennessee Shallow,551-100-192,Top,Stony,0
2016,Tennessee Shallow,551-500-020,Bottom,Stony,0
2016,Tennessee Shallow,551-500-020,Top,Stony,0
2016,Tennessee Shallow,551-500-088,Bottom,Stony,0
2016,Tennessee Shallow,551-500-088,Top,Stony,0
2016,Tennessee Shallow,551-500-140,Bottom,Stony,0
2016,Tennessee Shallow,551-500-140,Top,Stony,0
2016,Tennessee Shallow,551-500-198,Bottom,Stony,0
2016,Tennessee Shallow,551-500-198,Top,Stony,0
2016,Tennessee Shallow,552-100-012,Bottom,Stony,0
2016,Tennessee Shallow,552-100-012,Top,Stony,0
2016,Tennessee Shallow,552-100-094,Bottom,Stony,0
2016,Tennessee Shallow,552-100-094,Top,Stony,0
2016,Tennessee Shallow,552-100-169,Bottom,Stony,0
2016,Tennessee Shallow,552-100-169,Top,Stony,0
2016,Tennessee Shallow,552-100-217,Bottom,Stony,0
2016,Tennessee Shallow,552-100-217,Top,Stony,0
2016,Tennessee Shallow,552-500-028,Bottom,Stony,0
2016,Tennessee Shallow,552-500-028,Top,Stony,0
2016,Tennessee Shallow,552-500-083,Bottom,Stony,0
2016,Tennessee Shallow,552-500-083,Top,Stony,0
2016,Tennessee Shallow,552-500-106,Bottom,Stony,0
2016,Tennessee Shallow,552-500-106,Top,Stony,0
2016,Tennessee Shallow,552-500-132,Bottom,Stony,0
2016,Tennessee Shallow,552-500-132,Top,Stony,0
2016,Tennessee Shallow,553-100-089,Bottom,Stony,0
2016,Tennessee Shallow,553-100-089,Top,Stony,0
2016,Tennessee Shallow,553-100-133,Bottom,Stony,0
2016,Tennessee Shallow,553-100-133,Top,Stony,0
2016,Tennessee Shallow,553-100-154,Bottom,Stony,0
2016,Tennessee Shallow,553-100-154,Top,Stony,0
2016,Tennessee Shallow,553-100-176,Bottom,Stony,0
2016,Tennessee Shallow,553-100-176,Top,Stony,0
2016,Tennessee Shallow,553-500-030,Bottom,Stony,0
2016,Tennessee Shallow,553-500-030,Top,Stony,0
2016,Tennessee Shallow,553-500-087,Bottom,Stony,0
2016,Tennessee Shallow,553-500-087,Top,Stony,0
2016,Tennessee Shallow,553-500-121,Bottom,Stony,0
2016,Tennessee Shallow,553-500-121,Top,Stony,0
2016,Tennessee Shallow,553-500-160,Bottom,Stony,0
2016,Tennessee Shallow,553-500-160,Top,Stony,0
2016,Tennessee Shallow,554-100-014,Bottom,Stony,0
2016,Tennessee Shallow,554-100-014,Top,Stony,0
2016,Tennessee Shallow,554-100-053,Bottom,Stony,0
2016,Tennessee Shallow,554-100-053,Top,Stony,0
2016,Tennessee Shallow,554-100-102,Bottom,Stony,0
2016,Tennessee Shallow,554-100-102,Top,Stony,0
2016,Tennessee Shallow,554-100-179,Bottom,Stony,0
2016,Tennessee Shallow,554-100-179,Top,Stony,0
2016,Tennessee Shallow,554-500-016,Bottom,Stony,0
2016,Tennessee Shallow,554-500-016,Top,Stony,0
2016,Tennessee Shallow,554-500-049,Bottom,Stony,0
2016,Tennessee Shallow,554-500-049,Top,Stony,0
2016,Tennessee Shallow,554-500-114,Bottom,Stony,0
2016,Tennessee Shallow,554-500-114,Top,Stony,0
2016,Tennessee Shallow,554-500-171,Bottom,Stony,0
2016,Tennessee Shallow,554-500-171,Top,Stony,0
2016,Sombrero Shallow,561-100-028,Bottom,Stony,0
2016,Sombrero Shallow,561-100-028,Top,Stony,0
2016,Sombrero Shallow,561-100-083,Bottom,Stony,0
2016,Sombrero Shallow,561-100-083,Top,Stony,0
2016,Sombrero Shallow,561-100-097,Bottom,Stony,0
2016,Sombrero Shallow,561-100-097,Top,Stony,0
2016,Sombrero Shallow,561-100-139,Bottom,Stony,0
2016,Sombrero Shallow,561-100-139,Top,Stony,0
2016,Sombrero Shallow,561-500-083,Bottom,Stony,0
2016,Sombrero Shallow,561-500-083,Top,Stony,0
2016,Sombrero Shallow,561-500-108,Bottom,Stony,0
2016,Sombrero Shallow,561-500-108,Top,Stony,0
2016,Sombrero Shallow,561-500-154,Bottom,Stony,0
2016,Sombrero Shallow,561-500-154,Top,Stony,0
2016,Sombrero Shallow,561-500-195,Bottom,Stony,0
2016,Sombrero Shallow,561-500-195,Top,Stony,0
2016,Sombrero Shallow,562-100-060,Bottom,Stony,0
2016,Sombrero Shallow,562-100-060,Top,Stony,0
2016,Sombrero Shallow,562-100-080,Bottom,Stony,0
2016,Sombrero Shallow,562-100-080,Top,Stony,0
2016,Sombrero Shallow,562-100-117,Bottom,Stony,0
2016,Sombrero Shallow,562-100-117,Top,Stony,0
2016,Sombrero Shallow,562-100-140,Bottom,Stony,0
2016,Sombrero Shallow,562-100-140,Top,Stony,0
2016,Sombrero Shallow,562-500-039,Bottom,Stony,0
2016,Sombrero Shallow,562-500-039,Top,Stony,0
2016,Sombrero Shallow,562-500-077,Bottom,Stony,0
2016,Sombrero Shallow,562-500-077,Top,Stony,0
2016,Sombrero Shallow,562-500-126,Bottom,Stony,0
2016,Sombrero Shallow,562-500-126,Top,Stony,0
2016,Sombrero Shallow,562-500-164,Bottom,Stony,0
2016,Sombrero Shallow,562-500-164,Top,Stony,0
2016,Sombrero Shallow,563-100-013,Bottom,Stony,0
2016,Sombrero Shallow,563-100-013,Top,Stony,0
2016,Sombrero Shallow,563-100-073,Bottom,Stony,0
2016,Sombrero Shallow,563-100-073,Top,Stony,0
2016,Sombrero Shallow,563-100-107,Bottom,Stony,0
2016,Sombrero Shallow,563-100-107,Top,Stony,0
2016,Sombrero Shallow,563-100-179,Bottom,Stony,0
2016,Sombrero Shallow,563-100-179,Top,Stony,0
2016,Sombrero Shallow,563-500-047,Bottom,Stony,0
2016,Sombrero Shallow,563-500-047,Top,Stony,0
2016,Sombrero Shallow,563-500-081,Bottom,Stony,0
2016,Sombrero Shallow,563-500-081,Top,Stony,0
2016,Sombrero Shallow,563-500-125,Bottom,Stony,0
2016,Sombrero Shallow,563-500-125,Top,Stony,0
2016,Sombrero Shallow,563-500-188,Bottom,Stony,0
2016,Sombrero Shallow,563-500-188,Top,Stony,0
2016,Sombrero Shallow,564-100-047,Bottom,Stony,0
2016,Sombrero Shallow,564-100-047,Top,Stony,0
2016,Sombrero Shallow,564-100-071,Bottom,Stony,0
2016,Sombrero Shallow,564-100-071,Top,Stony,0
2016,Sombrero Shallow,564-100-110,Bottom,Stony,0
2016,Sombrero Shallow,564-100-110,Top,Stony,0
2016,Sombrero Shallow,564-100-162,Bottom,Stony,0
2016,Sombrero Shallow,564-100-162,Top,Stony,0
2016,Sombrero Shallow,564-500-067,Bottom,Stony,0
2016,Sombrero Shallow,564-500-067,Top,Stony,0
2016,Sombrero Shallow,564-500-092,Bottom,Stony,0
2016,Sombrero Shallow,564-500-092,Top,Stony,0
2016,Sombrero Shallow,564-500-160,Bottom,Stony,0
2016,Sombrero Shallow,564-500-160,Top,Stony,0
2016,Sombrero Shallow,564-500-177,Bottom,Stony,0
2016,Sombrero Shallow,564-500-177,Top,Stony,0
2016,Western Sambo Shallow,591-100-031,Bottom,Stony,0
2016,Western Sambo Shallow,591-100-031,Top,Stony,0
2016,Western Sambo Shallow,591-100-052,Bottom,Stony,0
2016,Western Sambo Shallow,591-100-052,Top,Stony,0
2016,Western Sambo Shallow,591-100-154,Bottom,Stony,0
2016,Western Sambo Shallow,591-100-154,Top,Stony,0
2016,Western Sambo Shallow,591-100-202,Bottom,Stony,0
2016,Western Sambo Shallow,591-100-202,Top,Stony,0
2016,Western Sambo Shallow,591-500-019,Bottom,Stony,0
2016,Western Sambo Shallow,591-500-019,Top,Stony,0
2016,Western Sambo Shallow,591-500-072,Bottom,Stony,0
2016,Western Sambo Shallow,591-500-072,Top,Stony,0
2016,Western Sambo Shallow,591-500-157,Bottom,Stony,0
2016,Western Sambo Shallow,591-500-157,Top,Stony,0
2016,Western Sambo Shallow,591-500-195,Bottom,Stony,0
2016,Western Sambo Shallow,591-500-195,Top,Stony,0
2016,Western Sambo Shallow,592-100-039,Bottom,Stony,0
2016,Western Sambo Shallow,592-100-039,Top,Stony,0
2016,Western Sambo Shallow,592-100-115,Bottom,Stony,0
2016,Western Sambo Shallow,592-100-115,Top,Stony,0
2016,Western Sambo Shallow,592-100-162,Bottom,Stony,0
2016,Western Sambo Shallow,592-100-162,Top,Stony,0
2016,Western Sambo Shallow,592-100-199,Bottom,Stony,0
2016,Western Sambo Shallow,592-100-199,Top,Stony,0
2016,Western Sambo Shallow,592-500-053,Bottom,Stony,0
2016,Western Sambo Shallow,592-500-053,Top,Stony,0
2016,Western Sambo Shallow,592-500-112,Bottom,Stony,0
2016,Western Sambo Shallow,592-500-112,Top,Stony,0
2016,Western Sambo Shallow,592-500-148,Bottom,Stony,0
2016,Western Sambo Shallow,592-500-148,Top,Stony,0
2016,Western Sambo Shallow,593-100-015,Bottom,Stony,0
2016,Western Sambo Shallow,593-100-015,Top,Stony,0
2016,Western Sambo Shallow,593-100-063,Bottom,Stony,0
2016,Western Sambo Shallow,593-100-063,Top,Stony,0
2016,Western Sambo Shallow,593-100-109,Bottom,Stony,0
2016,Western Sambo Shallow,593-100-109,Top,Stony,0
2016,Western Sambo Shallow,593-100-231,Bottom,Stony,0
2016,Western Sambo Shallow,593-100-231,Top,Stony,0
2016,Western Sambo Shallow,593-500-022,Bottom,Stony,0
2016,Western Sambo Shallow,593-500-022,Top,Stony,0
2016,Western Sambo Shallow,593-500-060,Bottom,Stony,0
2016,Western Sambo Shallow,593-500-060,Top,Stony,0
2016,Western Sambo Shallow,593-500-134,Bottom,Stony,0
2016,Western Sambo Shallow,593-500-134,Top,Stony,0
2016,Western Sambo Shallow,593-500-223,Bottom,Stony,0
2016,Western Sambo Shallow,593-500-223,Top,Stony,0
2016,Western Sambo Shallow,594-100-021,Bottom,Stony,0
2016,Western Sambo Shallow,594-100-021,Top,Stony,0
2016,Western Sambo Shallow,594-100-073,Bottom,Stony,0
2016,Western Sambo Shallow,594-100-073,Top,Stony,0
2016,Western Sambo Shallow,594-100-124,Bottom,Stony,0
2016,Western Sambo Shallow,594-100-124,Top,Stony,0
2016,Western Sambo Shallow,594-500-011,Bottom,Stony,0
2016,Western Sambo Shallow,594-500-011,Top,Stony,0
2016,Western Sambo Shallow,594-500-035,Bottom,Stony,0
2016,Western Sambo Shallow,594-500-035,Top,Stony,0
2016,Western Sambo Shallow,594-500-149,Bottom,Stony,0
2016,Western Sambo Shallow,594-500-149,Top,Stony,0
2016,Western Sambo Shallow,594-500-189,Bottom,Stony,0
2016,Western Sambo Shallow,594-500-189,Top,Stony,0
2016,Sand Key Shallow,611-100-006,Bottom,Stony,0
2016,Sand Key Shallow,611-100-006,Top,Stony,0
2016,Sand Key Shallow,611-100-057,Bottom,Stony,0
2016,Sand Key Shallow,611-100-057,Top,Stony,0
2016,Sand Key Shallow,611-100-155,Bottom,Stony,0
2016,Sand Key Shallow,611-100-155,Top,Stony,0
2016,Sand Key Shallow,611-100-205,Bottom,Stony,0
2016,Sand Key Shallow,611-100-205,Top,Stony,0
2016,Sand Key Shallow,611-500-026,Bottom,Stony,0
2016,Sand Key Shallow,611-500-026,Top,Stony,0
2016,Sand Key Shallow,611-500-142,Bottom,Stony,0
2016,Sand Key Shallow,611-500-142,Top,Stony,0
2016,Sand Key Shallow,611-500-169,Bottom,Stony,0
2016,Sand Key Shallow,611-500-169,Top,Stony,0
2016,Sand Key Shallow,611-500-202,Bottom,Stony,0
2016,Sand Key Shallow,611-500-202,Top,Stony,0
2016,Sand Key Shallow,612-100-023,Bottom,Stony,0
2016,Sand Key Shallow,612-100-023,Top,Stony,0
2016,Sand Key Shallow,612-100-060,Bottom,Stony,0
2016,Sand Key Shallow,612-100-060,Top,Stony,0
2016,Sand Key Shallow,612-100-101,Bottom,Stony,0
2016,Sand Key Shallow,612-100-101,Top,Stony,0
2016,Sand Key Shallow,612-100-172,Bottom,Stony,0
2016,Sand Key Shallow,612-100-172,Top,Stony,0
2016,Sand Key Shallow,612-500-036,Bottom,Stony,0
2016,Sand Key Shallow,612-500-036,Top,Stony,0
2016,Sand Key Shallow,612-500-105,Bottom,Stony,0
2016,Sand Key Shallow,612-500-105,Top,Stony,0
2016,Sand Key Shallow,612-500-145,Bottom,Stony,0
2016,Sand Key Shallow,612-500-145,Top,Stony,0
2016,Sand Key Shallow,612-500-187,Bottom,Stony,0
2016,Sand Key Shallow,612-500-187,Top,Stony,0
2016,Sand Key Shallow,613-100-020,Bottom,Stony,0
2016,Sand Key Shallow,613-100-020,Top,Stony,0
2016,Sand Key Shallow,613-100-045,Bottom,Stony,0
2016,Sand Key Shallow,613-100-045,Top,Stony,0
2016,Sand Key Shallow,613-100-097,Bottom,Stony,0
2016,Sand Key Shallow,613-100-097,Top,Stony,0
2016,Sand Key Shallow,613-500-057,Bottom,Stony,0
2016,Sand Key Shallow,613-500-057,Top,Stony,0
2016,Sand Key Shallow,613-500-101,Bottom,Stony,0
2016,Sand Key Shallow,613-500-101,Top,Stony,0
2016,Sand Key Shallow,613-500-168,Bottom,Stony,0
2016,Sand Key Shallow,613-500-168,Top,Stony,0
2016,Sand Key Shallow,614-100-010,Bottom,Stony,0
2016,Sand Key Shallow,614-100-010,Top,Stony,0
2016,Sand Key Shallow,614-100-069,Bottom,Stony,0
2016,Sand Key Shallow,614-100-069,Top,Stony,0
2016,Sand Key Shallow,614-100-149,Bottom,Stony,0
2016,Sand Key Shallow,614-100-149,Top,Stony,0
2016,Sand Key Shallow,614-100-203,Bottom,Stony,0
2016,Sand Key Shallow,614-100-203,Top,Stony,0
2016,Sand Key Shallow,614-500-018,Bottom,Stony,0
2016,Sand Key Shallow,614-500-018,Top,Stony,0
2016,Sand Key Shallow,614-500-075,Bottom,Stony,0
2016,Sand Key Shallow,614-500-075,Top,Stony,0
2016,Sand Key Shallow,614-500-189,Bottom,Stony,0
2016,Sand Key Shallow,614-500-189,Top,Stony,0
2016,Carysfort Deep,701-100-007,Bottom,Stony,0
2016,Carysfort Deep,701-100-007,Top,Stony,0
2016,Carysfort Deep,701-100-055,Bottom,Stony,0
2016,Carysfort Deep,701-100-055,Top,Stony,0
2016,Carysfort Deep,701-100-106,Bottom,Stony,0
2016,Carysfort Deep,701-100-106,Top,Stony,0
2016,Carysfort Deep,701-100-197,Bottom,Stony,0
2016,Carysfort Deep,701-100-197,Top,Stony,0
2016,Carysfort Deep,701-500-011,Bottom,Stony,0
2016,Carysfort Deep,701-500-011,Top,Stony,0
2016,Carysfort Deep,701-500-075,Bottom,Stony,0
2016,Carysfort Deep,701-500-075,Top,Stony,0
2016,Carysfort Deep,701-500-105,Bottom,Stony,0
2016,Carysfort Deep,701-500-105,Top,Stony,0
2016,Carysfort Deep,701-500-157,Bottom,Stony,0
2016,Carysfort Deep,701-500-157,Top,Stony,0
2016,Carysfort Deep,702-100-032,Bottom,Stony,0
2016,Carysfort Deep,702-100-032,Top,Stony,0
2016,Carysfort Deep,702-100-137,Bottom,Stony,0
2016,Carysfort Deep,702-100-137,Top,Stony,0
2016,Carysfort Deep,702-100-174,Bottom,Stony,0
2016,Carysfort Deep,702-100-174,Top,Stony,0
2016,Carysfort Deep,702-100-206,Bottom,Stony,0
2016,Carysfort Deep,702-100-206,Top,Stony,0
2016,Carysfort Deep,702-500-035,Bottom,Stony,0
2016,Carysfort Deep,702-500-035,Top,Stony,0
2016,Carysfort Deep,702-500-077,Bottom,Stony,0
2016,Carysfort Deep,702-500-077,Top,Stony,0
2016,Carysfort Deep,702-500-101,Bottom,Stony,0
2016,Carysfort Deep,702-500-101,Top,Stony,0
2016,Carysfort Deep,702-500-120,Bottom,Stony,0
2016,Carysfort Deep,702-500-120,Top,Stony,0
2016,Carysfort Deep,703-100-032,Bottom,Stony,0
2016,Carysfort Deep,703-100-032,Top,Stony,0
2016,Carysfort Deep,703-100-073,Bottom,Stony,0
2016,Carysfort Deep,703-100-073,Top,Stony,0
2016,Carysfort Deep,703-100-146,Bottom,Stony,0
2016,Carysfort Deep,703-100-146,Top,Stony,0
2016,Carysfort Deep,703-100-175,Bottom,Stony,0
2016,Carysfort Deep,703-100-175,Top,Stony,0
2016,Carysfort Deep,703-500-029,Bottom,Stony,0
2016,Carysfort Deep,703-500-029,Top,Stony,0
2016,Carysfort Deep,703-500-100,Bottom,Stony,0
2016,Carysfort Deep,703-500-100,Top,Stony,0
2016,Carysfort Deep,703-500-123,Bottom,Stony,0
2016,Carysfort Deep,703-500-123,Top,Stony,0
2016,Carysfort Deep,703-500-172,Bottom,Stony,0
2016,Carysfort Deep,703-500-172,Top,Stony,0
2016,Carysfort Deep,704-100-009,Bottom,Stony,0
2016,Carysfort Deep,704-100-009,Top,Stony,0
2016,Carysfort Deep,704-100-111,Bottom,Stony,0
2016,Carysfort Deep,704-100-111,Top,Stony,0
2016,Carysfort Deep,704-100-169,Bottom,Stony,0
2016,Carysfort Deep,704-100-169,Top,Stony,0
2016,Carysfort Deep,704-100-221,Bottom,Stony,0
2016,Carysfort Deep,704-100-221,Top,Stony,0
2016,Carysfort Deep,704-500-016,Bottom,Stony,0
2016,Carysfort Deep,704-500-016,Top,Stony,0
2016,Carysfort Deep,704-500-135,Bottom,Stony,0
2016,Carysfort Deep,704-500-135,Top,Stony,0
2016,Carysfort Deep,704-500-156,Bottom,Stony,0
2016,Carysfort Deep,704-500-156,Top,Stony,0
2016,Carysfort Deep,704-500-172,Bottom,Stony,0
2016,Carysfort Deep,704-500-172,Top,Stony,0
2016,Molasses Deep,721-100-024,Bottom,Stony,0
2016,Molasses Deep,721-100-024,Top,Stony,0
2016,Molasses Deep,721-100-061,Bottom,Stony,0
2016,Molasses Deep,721-100-061,Top,Stony,0
2016,Molasses Deep,721-100-138,Bottom,Stony,0
2016,Molasses Deep,721-100-138,Top,Stony,0
2016,Molasses Deep,721-100-186,Bottom,Stony,0
2016,Molasses Deep,721-100-186,Top,Stony,0
2016,Molasses Deep,721-500-025,Bottom,Stony,0
2016,Molasses Deep,721-500-025,Top,Stony,0
2016,Molasses Deep,721-500-064,Bottom,Stony,0
2016,Molasses Deep,721-500-064,Top,Stony,0
2016,Molasses Deep,721-500-114,Bottom,Stony,0
2016,Molasses Deep,721-500-114,Top,Stony,0
2016,Molasses Deep,721-500-183,Bottom,Stony,0
2016,Molasses Deep,721-500-183,Top,Stony,0
2016,Molasses Deep,722-100-045,Bottom,Stony,0
2016,Molasses Deep,722-100-045,Top,Stony,0
2016,Molasses Deep,722-100-076,Bottom,Stony,0
2016,Molasses Deep,722-100-076,Top,Stony,0
2016,Molasses Deep,722-100-173,Bottom,Stony,0
2016,Molasses Deep,722-100-173,Top,Stony,0
2016,Molasses Deep,722-100-215,Bottom,Stony,0
2016,Molasses Deep,722-100-215,Top,Stony,0
2016,Molasses Deep,722-500-032,Bottom,Stony,0
2016,Molasses Deep,722-500-032,Top,Stony,0
2016,Molasses Deep,722-500-094,Bottom,Stony,0
2016,Molasses Deep,722-500-094,Top,Stony,0
2016,Molasses Deep,722-500-111,Bottom,Stony,0
2016,Molasses Deep,722-500-111,Top,Stony,0
2016,Molasses Deep,722-500-182,Bottom,Stony,0
2016,Molasses Deep,722-500-182,Top,Stony,0
2016,Molasses Deep,723-100-052,Bottom,Stony,0
2016,Molasses Deep,723-100-052,Top,Stony,0
2016,Molasses Deep,723-100-064,Bottom,Stony,0
2016,Molasses Deep,723-100-064,Top,Stony,0
2016,Molasses Deep,723-100-134,Bottom,Stony,0
2016,Molasses Deep,723-100-134,Top,Stony,0
2016,Molasses Deep,723-100-154,Bottom,Stony,0
2016,Molasses Deep,723-100-154,Top,Stony,0
2016,Molasses Deep,723-500-030,Bottom,Stony,0
2016,Molasses Deep,723-500-030,Top,Stony,0
2016,Molasses Deep,723-500-064,Bottom,Stony,0
2016,Molasses Deep,723-500-064,Top,Stony,0
2016,Molasses Deep,723-500-090,Bottom,Stony,0
2016,Molasses Deep,723-500-090,Top,Stony,0
2016,Molasses Deep,723-500-103,Bottom,Stony,0
2016,Molasses Deep,723-500-103,Top,Stony,0
2016,Molasses Deep,724-100-048,Bottom,Stony,0
2016,Molasses Deep,724-100-048,Top,Stony,0
2016,Molasses Deep,724-100-089,Bottom,Stony,0
2016,Molasses Deep,724-100-089,Top,Stony,0
2016,Molasses Deep,724-100-151,Bottom,Stony,0
2016,Molasses Deep,724-100-151,Top,Stony,0
2016,Molasses Deep,724-100-177,Bottom,Stony,0
2016,Molasses Deep,724-100-177,Top,Stony,0
2016,Molasses Deep,724-500-032,Bottom,Stony,0
2016,Molasses Deep,724-500-032,Top,Stony,0
2016,Molasses Deep,724-500-061,Bottom,Stony,0
2016,Molasses Deep,724-500-061,Top,Stony,0
2016,Molasses Deep,724-500-094,Bottom,Stony,0
2016,Molasses Deep,724-500-094,Top,Stony,0
2016,Molasses Deep,724-500-192,Bottom,Stony,0
2016,Molasses Deep,724-500-192,Top,Stony,0
2016,Tennessee Deep,751-100-026,Bottom,Stony,0
2016,Tennessee Deep,751-100-026,Top,Stony,0
2016,Tennessee Deep,751-100-045,Bottom,Stony,0
2016,Tennessee Deep,751-100-045,Top,Stony,0
2016,Tennessee Deep,751-100-118,Bottom,Stony,0
2016,Tennessee Deep,751-100-118,Top,Stony,0
2016,Tennessee Deep,751-100-203,Bottom,Stony,0
2016,Tennessee Deep,751-100-203,Top,Stony,0
2016,Tennessee Deep,751-500-029,Bottom,Stony,0
2016,Tennessee Deep,751-500-029,Top,Stony,0
2016,Tennessee Deep,751-500-105,Bottom,Stony,0
2016,Tennessee Deep,751-500-105,Top,Stony,0
2016,Tennessee Deep,751-500-123,Bottom,Stony,0
2016,Tennessee Deep,751-500-123,Top,Stony,0
2016,Tennessee Deep,751-500-226,Bottom,Stony,0
2016,Tennessee Deep,751-500-226,Top,Stony,0
2016,Tennessee Deep,752-100-022,Bottom,Stony,0
2016,Tennessee Deep,752-100-022,Top,Stony,0
2016,Tennessee Deep,752-100-072,Bottom,Stony,0
2016,Tennessee Deep,752-100-072,Top,Stony,0
2016,Tennessee Deep,752-100-135,Bottom,Stony,0
2016,Tennessee Deep,752-100-135,Top,Stony,0
2016,Tennessee Deep,752-100-225,Bottom,Stony,0
2016,Tennessee Deep,752-100-225,Top,Stony,0
2016,Tennessee Deep,752-500-023,Bottom,Stony,0
2016,Tennessee Deep,752-500-023,Top,Stony,0
2016,Tennessee Deep,752-500-056,Bottom,Stony,0
2016,Tennessee Deep,752-500-056,Top,Stony,0
2016,Tennessee Deep,752-500-141,Bottom,Stony,0
2016,Tennessee Deep,752-500-141,Top,Stony,0
2016,Tennessee Deep,752-500-188,Bottom,Stony,0
2016,Tennessee Deep,752-500-188,Top,Stony,0
2016,Tennessee Deep,753-100-028,Bottom,Stony,0
2016,Tennessee Deep,753-100-028,Top,Stony,0
2016,Tennessee Deep,753-100-085,Bottom,Stony,0
2016,Tennessee Deep,753-100-085,Top,Stony,0
2016,Tennessee Deep,753-100-090,Bottom,Stony,0
2016,Tennessee Deep,753-100-090,Top,Stony,0
2016,Tennessee Deep,753-100-141,Bottom,Stony,0
2016,Tennessee Deep,753-100-141,Top,Stony,0
2016,Tennessee Deep,753-500-023,Bottom,Stony,0
2016,Tennessee Deep,753-500-023,Top,Stony,0
2016,Tennessee Deep,753-500-049,Bottom,Stony,0
2016,Tennessee Deep,753-500-049,Top,Stony,0
2016,Tennessee Deep,753-500-105,Bottom,Stony,0
2016,Tennessee Deep,753-500-105,Top,Stony,0
2016,Tennessee Deep,753-500-197,Bottom,Stony,0
2016,Tennessee Deep,753-500-197,Top,Stony,0
2016,Tennessee Deep,754-100-051,Bottom,Stony,0
2016,Tennessee Deep,754-100-051,Top,Stony,0
2016,Tennessee Deep,754-100-100,Bottom,Stony,0
2016,Tennessee Deep,754-100-100,Top,Stony,0
2016,Tennessee Deep,754-100-136,Bottom,Stony,0
2016,Tennessee Deep,754-100-136,Top,Stony,0
2016,Tennessee Deep,754-100-191,Bottom,Stony,0
2016,Tennessee Deep,754-100-191,Top,Stony,0
2016,Tennessee Deep,754-500-045,Bottom,Stony,0
2016,Tennessee Deep,754-500-045,Top,Stony,0
2016,Tennessee Deep,754-500-092,Bottom,Stony,0
2016,Tennessee Deep,754-500-092,Top,Stony,0
2016,Tennessee Deep,754-500-139,Bottom,Stony,0
2016,Tennessee Deep,754-500-139,Top,Stony,0
2016,Tennessee Deep,754-500-180,Bottom,Stony,0
2016,Tennessee Deep,754-500-180,Top,Stony,0
2016,Sombrero Deep,761-100-009,Bottom,Stony,0
2016,Sombrero Deep,761-100-009,Top,Stony,0
2016,Sombrero Deep,761-100-028,Bottom,Stony,0
2016,Sombrero Deep,761-100-028,Top,Stony,0
2016,Sombrero Deep,761-100-081,Bottom,Stony,0
2016,Sombrero Deep,761-100-081,Top,Stony,0
2016,Sombrero Deep,761-100-139,Bottom,Stony,0
2016,Sombrero Deep,761-100-139,Top,Stony,0
2016,Sombrero Deep,761-500-048,Bottom,Stony,0
2016,Sombrero Deep,761-500-048,Top,Stony,0
2016,Sombrero Deep,761-500-072,Bottom,Stony,0
2016,Sombrero Deep,761-500-072,Top,Stony,0
2016,Sombrero Deep,761-500-101,Bottom,Stony,0
2016,Sombrero Deep,761-500-101,Top,Stony,0
2016,Sombrero Deep,761-500-147,Bottom,Stony,0
2016,Sombrero Deep,761-500-147,Top,Stony,0
2016,Sombrero Deep,762-100-056,Bottom,Stony,0
2016,Sombrero Deep,762-100-056,Top,Stony,0
2016,Sombrero Deep,762-100-067,Bottom,Stony,0
2016,Sombrero Deep,762-100-067,Top,Stony,0
2016,Sombrero Deep,762-100-158,Bottom,Stony,0
2016,Sombrero Deep,762-100-158,Top,Stony,0
2016,Sombrero Deep,762-100-178,Bottom,Stony,0
2016,Sombrero Deep,762-100-178,Top,Stony,0
2016,Sombrero Deep,762-500-005,Bottom,Stony,0
2016,Sombrero Deep,762-500-005,Top,Stony,0
2016,Sombrero Deep,762-500-066,Bottom,Stony,0
2016,Sombrero Deep,762-500-066,Top,Stony,0
2016,Sombrero Deep,762-500-110,Bottom,Stony,0
2016,Sombrero Deep,762-500-110,Top,Stony,0
2016,Sombrero Deep,762-500-153,Bottom,Stony,0
2016,Sombrero Deep,762-500-153,Top,Stony,0
2016,Sombrero Deep,763-100-085,Bottom,Stony,0
2016,Sombrero Deep,763-100-085,Top,Stony,0
2016,Sombrero Deep,763-100-108,Bottom,Stony,0
2016,Sombrero Deep,763-100-108,Top,Stony,0
2016,Sombrero Deep,763-100-174,Bottom,Stony,0
2016,Sombrero Deep,763-100-174,Top,Stony,0
2016,Sombrero Deep,763-100-202,Bottom,Stony,0
2016,Sombrero Deep,763-100-202,Top,Stony,0
2016,Sombrero Deep,763-500-085,Bottom,Stony,0
2016,Sombrero Deep,763-500-085,Top,Stony,0
2016,Sombrero Deep,763-500-109,Bottom,Stony,0
2016,Sombrero Deep,763-500-109,Top,Stony,0
2016,Sombrero Deep,763-500-160,Bottom,Stony,0
2016,Sombrero Deep,763-500-160,Top,Stony,0
2016,Sombrero Deep,763-500-198,Bottom,Stony,0
2016,Sombrero Deep,763-500-198,Top,Stony,0
2016,Sombrero Deep,764-100-017,Bottom,Stony,0
2016,Sombrero Deep,764-100-017,Top,Stony,0
2016,Sombrero Deep,764-100-081,Bottom,Stony,0
2016,Sombrero Deep,764-100-081,Top,Stony,0
2016,Sombrero Deep,764-100-137,Bottom,Stony,0
2016,Sombrero Deep,764-100-137,Top,Stony,0
2016,Sombrero Deep,764-100-185,Bottom,Stony,0
2016,Sombrero Deep,764-100-185,Top,Stony,0
2016,Sombrero Deep,764-500-012,Bottom,Stony,0
2016,Sombrero Deep,764-500-012,Top,Stony,0
2016,Sombrero Deep,764-500-092,Bottom,Stony,0
2016,Sombrero Deep,764-500-092,Top,Stony,0
2016,Sombrero Deep,764-500-111,Bottom,Stony,0
2016,Sombrero Deep,764-500-111,Top,Stony,0
2016,Sombrero Deep,764-500-188,Bottom,Stony,0
2016,Sombrero Deep,764-500-188,Top,Stony,0
2016,Western Sambo Deep,791-100-012,Bottom,Stony,0
2016,Western Sambo Deep,791-100-012,Top,Stony,0
2016,Western Sambo Deep,791-100-047,Bottom,Stony,0
2016,Western Sambo Deep,791-100-047,Top,Stony,0
2016,Western Sambo Deep,791-100-122,Bottom,Stony,0
2016,Western Sambo Deep,791-100-122,Top,Stony,0
2016,Western Sambo Deep,791-100-197,Bottom,Stony,0
2016,Western Sambo Deep,791-100-197,Top,Stony,0
2016,Western Sambo Deep,791-500-013,Bottom,Stony,0
2016,Western Sambo Deep,791-500-013,Top,Stony,0
2016,Western Sambo Deep,791-500-038,Bottom,Stony,0
2016,Western Sambo Deep,791-500-038,Top,Stony,0
2016,Western Sambo Deep,791-500-156,Bottom,Stony,0
2016,Western Sambo Deep,791-500-156,Top,Stony,0
2016,Western Sambo Deep,791-500-199,Bottom,Stony,0
2016,Western Sambo Deep,791-500-199,Top,Stony,0
2016,Western Sambo Deep,792-100-028,Bottom,Stony,0
2016,Western Sambo Deep,792-100-028,Top,Stony,0
2016,Western Sambo Deep,792-100-039,Bottom,Stony,0
2016,Western Sambo Deep,792-100-039,Top,Stony,0
2016,Western Sambo Deep,792-100-106,Bottom,Stony,0
2016,Western Sambo Deep,792-100-106,Top,Stony,0
2016,Western Sambo Deep,792-100-142,Bottom,Stony,0
2016,Western Sambo Deep,792-100-142,Top,Stony,0
2016,Western Sambo Deep,792-500-051,Bottom,Stony,0
2016,Western Sambo Deep,792-500-051,Top,Stony,0
2016,Western Sambo Deep,792-500-079,Bottom,Stony,0
2016,Western Sambo Deep,792-500-079,Top,Stony,0
2016,Western Sambo Deep,792-500-102,Bottom,Stony,0
2016,Western Sambo Deep,792-500-102,Top,Stony,0
2016,Western Sambo Deep,792-500-190,Bottom,Stony,0
2016,Western Sambo Deep,792-500-190,Top,Stony,0
2016,Western Sambo Deep,793-100-019,Bottom,Stony,0
2016,Western Sambo Deep,793-100-019,Top,Stony,0
2016,Western Sambo Deep,793-100-048,Bottom,Stony,0
2016,Western Sambo Deep,793-100-048,Top,Stony,0
2016,Western Sambo Deep,793-100-066,Bottom,Stony,0
2016,Western Sambo Deep,793-100-066,Top,Stony,0
2016,Western Sambo Deep,793-100-140,Bottom,Stony,0
2016,Western Sambo Deep,793-100-140,Top,Stony,0
2016,Western Sambo Deep,793-500-078,Bottom,Stony,0
2016,Western Sambo Deep,793-500-078,Top,Stony,0
2016,Western Sambo Deep,793-500-098,Bottom,Stony,0
2016,Western Sambo Deep,793-500-098,Top,Stony,0
2016,Western Sambo Deep,793-500-172,Bottom,Stony,0
2016,Western Sambo Deep,793-500-172,Top,Stony,0
2016,Western Sambo Deep,793-500-210,Bottom,Stony,0
2016,Western Sambo Deep,793-500-210,Top,Stony,0
2016,Western Sambo Deep,794-100-008,Bottom,Stony,0
2016,Western Sambo Deep,794-100-008,Top,Stony,0
2016,Western Sambo Deep,794-100-061,Bottom,Stony,0
2016,Western Sambo Deep,794-100-061,Top,Stony,0
2016,Western Sambo Deep,794-100-156,Bottom,Stony,0
2016,Western Sambo Deep,794-100-156,Top,Stony,0
2016,Western Sambo Deep,794-100-199,Bottom,Stony,0
2016,Western Sambo Deep,794-100-199,Top,Stony,0
2016,Western Sambo Deep,794-500-058,Bottom,Stony,0
2016,Western Sambo Deep,794-500-058,Top,Stony,0
2016,Western Sambo Deep,794-500-122,Bottom,Stony,0
2016,Western Sambo Deep,794-500-122,Top,Stony,0
2016,Western Sambo Deep,794-500-136,Bottom,Stony,0
2016,Western Sambo Deep,794-500-136,Top,Stony,0
2016,Western Sambo Deep,794-500-199,Bottom,Stony,0
2016,Western Sambo Deep,794-500-199,Top,Stony,0
2016,Sand Key Deep,811-100-019,Bottom,Stony,0
2016,Sand Key Deep,811-100-019,Top,Stony,0
2016,Sand Key Deep,811-100-103,Bottom,Stony,0
2016,Sand Key Deep,811-100-103,Top,Stony,0
2016,Sand Key Deep,811-100-119,Bottom,Stony,0
2016,Sand Key Deep,811-100-119,Top,Stony,0
2016,Sand Key Deep,811-100-197,Bottom,Stony,0
2016,Sand Key Deep,811-100-197,Top,Stony,0
2016,Sand Key Deep,811-500-074,Bottom,Stony,0
2016,Sand Key Deep,811-500-074,Top,Stony,0
2016,Sand Key Deep,811-500-114,Bottom,Stony,0
2016,Sand Key Deep,811-500-114,Top,Stony,0
2016,Sand Key Deep,811-500-155,Bottom,Stony,0
2016,Sand Key Deep,811-500-155,Top,Stony,0
2016,Sand Key Deep,811-500-197,Bottom,Stony,0
2016,Sand Key Deep,811-500-197,Top,Stony,0
2016,Sand Key Deep,812-100-018,Bottom,Stony,0
2016,Sand Key Deep,812-100-018,Top,Stony,0
2016,Sand Key Deep,812-100-041,Bottom,Stony,0
2016,Sand Key Deep,812-100-041,Top,Stony,0
2016,Sand Key Deep,812-100-112,Bottom,Stony,0
2016,Sand Key Deep,812-100-112,Top,Stony,0
2016,Sand Key Deep,812-100-168,Bottom,Stony,0
2016,Sand Key Deep,812-100-168,Top,Stony,0
2016,Sand Key Deep,812-500-029,Bottom,Stony,0
2016,Sand Key Deep,812-500-029,Top,Stony,0
2016,Sand Key Deep,812-500-132,Bottom,Stony,0
2016,Sand Key Deep,812-500-132,Top,Stony,0
2016,Sand Key Deep,812-500-180,Bottom,Stony,0
2016,Sand Key Deep,812-500-180,Top,Stony,0
2016,Sand Key Deep,812-500-212,Bottom,Stony,0
2016,Sand Key Deep,812-500-212,Top,Stony,0
2016,Sand Key Deep,813-100-030,Bottom,Stony,0
2016,Sand Key Deep,813-100-030,Top,Stony,0
2016,Sand Key Deep,813-100-063,Bottom,Stony,0
2016,Sand Key Deep,813-100-063,Top,Stony,0
2016,Sand Key Deep,813-100-132,Bottom,Stony,0
2016,Sand Key Deep,813-100-132,Top,Stony,0
2016,Sand Key Deep,813-100-169,Bottom,Stony,0
2016,Sand Key Deep,813-100-169,Top,Stony,0
2016,Sand Key Deep,813-500-041,Bottom,Stony,0
2016,Sand Key Deep,813-500-041,Top,Stony,0
2016,Sand Key Deep,813-500-085,Bottom,Stony,0
2016,Sand Key Deep,813-500-085,Top,Stony,0
2016,Sand Key Deep,813-500-156,Bottom,Stony,0
2016,Sand Key Deep,813-500-156,Top,Stony,0
2016,Sand Key Deep,813-500-218,Bottom,Stony,0
2016,Sand Key Deep,813-500-218,Top,Stony,0
2016,Sand Key Deep,814-100-016,Bottom,Stony,0
2016,Sand Key Deep,814-100-016,Top,Stony,0
2016,Sand Key Deep,814-100-044,Bottom,Stony,0
2016,Sand Key Deep,814-100-044,Top,Stony,0
2016,Sand Key Deep,814-100-099,Bottom,Stony,0
2016,Sand Key Deep,814-100-099,Top,Stony,0
2016,Sand Key Deep,814-100-178,Bottom,Stony,0
2016,Sand Key Deep,814-100-178,Top,Stony,0
2016,Sand Key Deep,814-500-027,Bottom,Stony,0
2016,Sand Key Deep,814-500-027,Top,Stony,0
2016,Sand Key Deep,814-500-054,Bottom,Stony,0
2016,Sand Key Deep,814-500-054,Top,Stony,0
2016,Sand Key Deep,814-500-117,Bottom,Stony,0
2016,Sand Key Deep,814-500-117,Top,Stony,0
2016,Sand Key Deep,814-500-178,Bottom,Stony,0
2016,Sand Key Deep,814-500-178,Top,Stony,0
2016,Sand Key Shallow,SKS3-500-7,Bottom,Stony,0
2016,Sand Key Shallow,SKS3-500-7,Top,Stony,0
2016,Sand Key Shallow,SKS4-500-7,Bottom,Stony,0
2016,Sand Key Shallow,SKS4-500-7,Top,Stony,0
2017,Red Dun,261-100-010,Top,Stony,0
2017,Red Dun,261-100-010,Bottom,Stony,0
2017,Red Dun,261-100-069,Top,Stony,0
2017,Red Dun,261-100-069,Bottom,Stony,0
2017,Red Dun,261-100-093,Top,Stony,0
2017,Red Dun,261-100-093,Bottom,Stony,0
2017,Red Dun,261-100-197,Top,Stony,0
2017,Red Dun,261-100-197,Bottom,Stony,0
2017,Red Dun,261-500-066,Top,Stony,0
2017,Red Dun,261-500-066,Bottom,Stony,0
2017,Red Dun,261-500-076,Top,Stony,0
2017,Red Dun,261-500-076,Bottom,Stony,0
2017,Red Dun,261-500-148,Top,Stony,0
2017,Red Dun,261-500-148,Bottom,Stony,0
2017,Red Dun,261-500-196,Top,Stony,0
2017,Red Dun,261-500-196,Bottom,Stony,0
2017,Red Dun,262-100-006,Top,Stony,0
2017,Red Dun,262-100-006,Bottom,Stony,0
2017,Red Dun,262-100-051,Top,Stony,0
2017,Red Dun,262-100-051,Bottom,Stony,0
2017,Red Dun,262-100-088,Top,Stony,0
2017,Red Dun,262-100-088,Bottom,Stony,0
2017,Red Dun,262-100-137,Top,Stony,0
2017,Red Dun,262-100-137,Bottom,Stony,0
2017,Red Dun,262-500-040,Top,Stony,0
2017,Red Dun,262-500-040,Bottom,Stony,0
2017,Red Dun,262-500-069,Top,Stony,0
2017,Red Dun,262-500-069,Bottom,Stony,0
2017,Red Dun,262-500-115,Top,Stony,0
2017,Red Dun,262-500-115,Bottom,Stony,0
2017,Red Dun,262-500-219,Top,Stony,0
2017,Red Dun,262-500-219,Bottom,Stony,0
2017,Red Dun,263-100-000,Top,Stony,1
2017,Red Dun,263-100-000,Bottom,Stony,0
2017,Red Dun,263-100-028,Top,Stony,0
2017,Red Dun,263-100-028,Bottom,Stony,0
2017,Red Dun,263-100-083,Top,Stony,0
2017,Red Dun,263-100-083,Bottom,Stony,0
2017,Red Dun,263-100-181,Top,Stony,0
2017,Red Dun,263-100-181,Bottom,Stony,0
2017,Red Dun,263-500-015,Top,Stony,0
2017,Red Dun,263-500-015,Bottom,Stony,0
2017,Red Dun,263-500-118,Top,Stony,0
2017,Red Dun,263-500-118,Bottom,Stony,0
2017,Red Dun,263-500-137,Top,Stony,0
2017,Red Dun,263-500-137,Bottom,Stony,0
2017,Red Dun,263-500-158,Top,Stony,0
2017,Red Dun,263-500-158,Bottom,Stony,0
2017,Red Dun,264-100-025,Top,Stony,0
2017,Red Dun,264-100-025,Bottom,Stony,0
2017,Red Dun,264-100-069,Top,Stony,0
2017,Red Dun,264-100-069,Bottom,Stony,0
2017,Red Dun,264-100-091,Top,Stony,0
2017,Red Dun,264-100-091,Bottom,Stony,0
2017,Red Dun,264-100-133,Top,Stony,0
2017,Red Dun,264-100-133,Bottom,Stony,0
2017,Red Dun,264-500-016,Top,Stony,0
2017,Red Dun,264-500-016,Bottom,Stony,0
2017,Red Dun,264-500-033,Top,Stony,1
2017,Red Dun,264-500-033,Bottom,Stony,0
2017,Red Dun,264-500-147,Top,Stony,0
2017,Red Dun,264-500-147,Bottom,Stony,0
2017,Red Dun,264-500-172,Top,Stony,0
2017,Red Dun,264-500-172,Bottom,Stony,0
2017,Porter Patch,321-100-017,Top,Stony,0
2017,Porter Patch,321-100-017,Bottom,Stony,0
2017,Porter Patch,321-100-058,Top,Stony,0
2017,Porter Patch,321-100-058,Bottom,Stony,0
2017,Porter Patch,321-100-136,Top,Stony,0
2017,Porter Patch,321-100-136,Bottom,Stony,0
2017,Porter Patch,321-100-163,Top,Stony,0
2017,Porter Patch,321-100-163,Bottom,Stony,0
2017,Porter Patch,321-500-024,Top,Stony,0
2017,Porter Patch,321-500-024,Bottom,Stony,0
2017,Porter Patch,321-500-049,Top,Stony,1
2017,Porter Patch,321-500-049,Bottom,Stony,0
2017,Porter Patch,321-500-085,Top,Stony,0
2017,Porter Patch,321-500-085,Bottom,Stony,0
2017,Porter Patch,321-500-212,Top,Stony,0
2017,Porter Patch,321-500-212,Bottom,Stony,0
2017,Porter Patch,322-100-026,Bottom,Stony,2
2017,Porter Patch,322-100-026,Top,Stony,0
2017,Porter Patch,322-100-068,Bottom,Stony,1
2017,Porter Patch,322-100-068,Top,Stony,0
2017,Porter Patch,322-100-118,Top,Stony,0
2017,Porter Patch,322-100-118,Bottom,Stony,0
2017,Porter Patch,322-100-202,Top,Stony,0
2017,Porter Patch,322-100-202,Bottom,Stony,0
2017,Porter Patch,322-100-223,Top,Stony,0
2017,Porter Patch,322-100-223,Bottom,Stony,0
2017,Porter Patch,322-500-059,Top,Stony,0
2017,Porter Patch,322-500-059,Bottom,Stony,0
2017,Porter Patch,322-500-070,Top,Stony,1
2017,Porter Patch,322-500-070,Bottom,Stony,0
2017,Porter Patch,322-500-091,Top,Stony,0
2017,Porter Patch,322-500-091,Bottom,Stony,0
2017,Porter Patch,323-100-021,Top,Stony,0
2017,Porter Patch,323-100-021,Bottom,Stony,0
2017,Porter Patch,323-100-072,Bottom,Stony,0
2017,Porter Patch,323-100-072,Top,Stony,0
2017,Porter Patch,323-100-115,Top,Stony,0
2017,Porter Patch,323-100-115,Bottom,Stony,0
2017,Porter Patch,323-100-126,Top,Stony,0
2017,Porter Patch,323-100-126,Bottom,Stony,0
2017,Porter Patch,323-100-223,Top,Stony,0
2017,Porter Patch,323-100-223,Bottom,Stony,0
2017,Porter Patch,323-500-064,Top,Stony,0
2017,Porter Patch,323-500-064,Bottom,Stony,0
2017,Porter Patch,323-500-144,Top,Stony,0
2017,Porter Patch,323-500-144,Bottom,Stony,0
2017,Porter Patch,323-500-156,Top,Stony,0
2017,Porter Patch,323-500-156,Bottom,Stony,0
2017,Porter Patch,324-100-022,Bottom,Stony,2
2017,Porter Patch,324-100-022,Top,Stony,0
2017,Porter Patch,324-100-046,Bottom,Stony,1
2017,Porter Patch,324-100-046,Top,Stony,0
2017,Porter Patch,324-100-095,Top,Stony,0
2017,Porter Patch,324-100-095,Bottom,Stony,0
2017,Porter Patch,324-100-199,Top,Stony,0
2017,Porter Patch,324-100-199,Bottom,Stony,0
2017,Porter Patch,324-500-035,Top,Stony,0
2017,Porter Patch,324-500-035,Bottom,Stony,0
2017,Porter Patch,324-500-064,Top,Stony,0
2017,Porter Patch,324-500-064,Bottom,Stony,0
2017,Porter Patch,324-500-158,Top,Stony,0
2017,Porter Patch,324-500-158,Bottom,Stony,0
2017,Porter Patch,324-500-209,Top,Stony,0
2017,Porter Patch,324-500-209,Bottom,Stony,0
2017,Admiral Patch,331-100-098,Top,Stony,0
2017,Admiral Patch,331-100-098,Bottom,Stony,0
2017,Admiral Patch,331-100-139,Top,Stony,0
2017,Admiral Patch,331-100-139,Bottom,Stony,0
2017,Admiral Patch,331-100-183,Top,Stony,0
2017,Admiral Patch,331-100-183,Bottom,Stony,0
2017,Admiral Patch,331-500-012,Top,Stony,0
2017,Admiral Patch,331-500-012,Bottom,Stony,0
2017,Admiral Patch,331-500-033,Top,Stony,0
2017,Admiral Patch,331-500-033,Bottom,Stony,0
2017,Admiral Patch,331-500-104,Top,Stony,0
2017,Admiral Patch,331-500-104,Bottom,Stony,0
2017,Admiral Patch,331-500-180,Top,Stony,0
2017,Admiral Patch,331-500-180,Bottom,Stony,0
2017,Admiral Patch,331-500-221,Top,Stony,0
2017,Admiral Patch,331-500-221,Bottom,Stony,0
2017,Admiral Patch,332-100-024,Top,Stony,0
2017,Admiral Patch,332-100-024,Bottom,Stony,0
2017,Admiral Patch,332-100-094,Top,Stony,0
2017,Admiral Patch,332-100-094,Bottom,Stony,0
2017,Admiral Patch,332-100-102,Top,Stony,0
2017,Admiral Patch,332-100-102,Bottom,Stony,0
2017,Admiral Patch,332-100-177,Top,Stony,0
2017,Admiral Patch,332-100-177,Bottom,Stony,0
2017,Admiral Patch,332-500-017,Top,Stony,0
2017,Admiral Patch,332-500-017,Bottom,Stony,0
2017,Admiral Patch,332-500-081,Bottom,Stony,1
2017,Admiral Patch,332-500-081,Top,Stony,0
2017,Admiral Patch,332-500-094,Top,Stony,0
2017,Admiral Patch,332-500-094,Bottom,Stony,0
2017,Admiral Patch,332-500-154,Top,Stony,0
2017,Admiral Patch,332-500-154,Bottom,Stony,0
2017,Admiral Patch,333-100-060,Top,Stony,0
2017,Admiral Patch,333-100-060,Bottom,Stony,0
2017,Admiral Patch,333-100-084,Top,Stony,0
2017,Admiral Patch,333-100-084,Bottom,Stony,0
2017,Admiral Patch,333-100-091,Top,Stony,0
2017,Admiral Patch,333-100-091,Bottom,Stony,0
2017,Admiral Patch,333-100-192,Top,Stony,0
2017,Admiral Patch,333-100-192,Bottom,Stony,0
2017,Admiral Patch,333-500-022,Top,Stony,0
2017,Admiral Patch,333-500-022,Bottom,Stony,0
2017,Admiral Patch,333-500-111,Top,Stony,0
2017,Admiral Patch,333-500-111,Bottom,Stony,0
2017,Admiral Patch,333-500-154,Top,Stony,0
2017,Admiral Patch,333-500-154,Bottom,Stony,0
2017,Admiral Patch,333-500-195,Top,Stony,0
2017,Admiral Patch,333-500-195,Bottom,Stony,0
2017,Admiral Patch,334-100-034,Top,Stony,0
2017,Admiral Patch,334-100-034,Bottom,Stony,0
2017,Admiral Patch,334-100-067,Top,Stony,0
2017,Admiral Patch,334-100-067,Bottom,Stony,0
2017,Admiral Patch,334-100-139,Top,Stony,0
2017,Admiral Patch,334-100-139,Bottom,Stony,0
2017,Admiral Patch,334-100-194,Top,Stony,0
2017,Admiral Patch,334-100-194,Bottom,Stony,0
2017,Admiral Patch,334-500-021,Top,Stony,0
2017,Admiral Patch,334-500-021,Bottom,Stony,0
2017,Admiral Patch,334-500-067,Top,Stony,0
2017,Admiral Patch,334-500-067,Bottom,Stony,0
2017,Admiral Patch,334-500-134,Top,Stony,0
2017,Admiral Patch,334-500-134,Bottom,Stony,0
2017,Admiral Patch,334-500-222,Top,Stony,0
2017,Admiral Patch,334-500-222,Bottom,Stony,0
2017,West Turtle Shoals,341-100-062,Bottom,Stony,2
2017,West Turtle Shoals,341-100-062,Top,Stony,0
2017,West Turtle Shoals,341-100-096,Top,Stony,0
2017,West Turtle Shoals,341-100-096,Bottom,Stony,0
2017,West Turtle Shoals,341-100-116,Top,Stony,0
2017,West Turtle Shoals,341-100-116,Bottom,Stony,0
2017,West Turtle Shoals,341-100-162,Top,Stony,1
2017,West Turtle Shoals,341-100-162,Bottom,Stony,0
2017,West Turtle Shoals,341-500-049,Top,Stony,0
2017,West Turtle Shoals,341-500-049,Bottom,Stony,0
2017,West Turtle Shoals,341-500-078,Top,Stony,0
2017,West Turtle Shoals,341-500-078,Bottom,Stony,0
2017,West Turtle Shoals,341-500-088,Top,Stony,1
2017,West Turtle Shoals,341-500-088,Bottom,Stony,0
2017,West Turtle Shoals,341-500-230,Bottom,Stony,1
2017,West Turtle Shoals,341-500-230,Top,Stony,0
2017,West Turtle Shoals,342-100-003,Top,Stony,0
2017,West Turtle Shoals,342-100-003,Bottom,Stony,0
2017,West Turtle Shoals,342-100-033,Top,Stony,2
2017,West Turtle Shoals,342-100-033,Bottom,Stony,0
2017,West Turtle Shoals,342-100-156,Top,Stony,0
2017,West Turtle Shoals,342-100-156,Bottom,Stony,0
2017,West Turtle Shoals,342-100-199,Top,Stony,0
2017,West Turtle Shoals,342-100-199,Bottom,Stony,0
2017,West Turtle Shoals,342-500-023,Bottom,Stony,2
2017,West Turtle Shoals,342-500-023,Top,Stony,5
2017,West Turtle Shoals,342-500-061,Top,Stony,0
2017,West Turtle Shoals,342-500-061,Bottom,Stony,0
2017,West Turtle Shoals,342-500-134,Top,Stony,0
2017,West Turtle Shoals,342-500-134,Bottom,Stony,0
2017,West Turtle Shoals,342-500-205,Top,Stony,0
2017,West Turtle Shoals,342-500-205,Bottom,Stony,0
2017,West Turtle Shoals,343-100-008,Top,Stony,0
2017,West Turtle Shoals,343-100-008,Bottom,Stony,0
2017,West Turtle Shoals,343-100-023,Top,Stony,4
2017,West Turtle Shoals,343-100-023,Bottom,Stony,0
2017,West Turtle Shoals,343-100-146,Top,Stony,0
2017,West Turtle Shoals,343-100-146,Bottom,Stony,0
2017,West Turtle Shoals,343-100-193,Top,Stony,0
2017,West Turtle Shoals,343-100-193,Bottom,Stony,0
2017,West Turtle Shoals,343-500-008,Top,Stony,0
2017,West Turtle Shoals,343-500-008,Bottom,Stony,0
2017,West Turtle Shoals,343-500-045,Top,Stony,2
2017,West Turtle Shoals,343-500-045,Bottom,Stony,0
2017,West Turtle Shoals,343-500-094,Bottom,Stony,3
2017,West Turtle Shoals,343-500-094,Top,Stony,1
2017,West Turtle Shoals,343-500-201,Bottom,Stony,2
2017,West Turtle Shoals,343-500-201,Top,Stony,0
2017,West Turtle Shoals,344-100-060,Top,Stony,0
2017,West Turtle Shoals,344-100-060,Bottom,Stony,0
2017,West Turtle Shoals,344-100-116,Top,Stony,2
2017,West Turtle Shoals,344-100-116,Bottom,Stony,0
2017,West Turtle Shoals,344-100-132,Top,Stony,0
2017,West Turtle Shoals,344-100-132,Bottom,Stony,0
2017,West Turtle Shoals,344-100-180,Top,Stony,0
2017,West Turtle Shoals,344-100-180,Bottom,Stony,0
2017,West Turtle Shoals,344-500-035,Bottom,Stony,0
2017,West Turtle Shoals,344-500-035,Top,Stony,1
2017,West Turtle Shoals,344-500-076,Top,Stony,0
2017,West Turtle Shoals,344-500-076,Bottom,Stony,0
2017,West Turtle Shoals,344-500-103,Top,Stony,0
2017,West Turtle Shoals,344-500-103,Bottom,Stony,0
2017,West Turtle Shoals,344-500-187,Top,Stony,0
2017,West Turtle Shoals,344-500-187,Bottom,Stony,0
2017,Dustan Rocks,351-100-112,Top,Stony,0
2017,Dustan Rocks,351-100-112,Bottom,Stony,0
2017,Dustan Rocks,351-100-157,Top,Stony,0
2017,Dustan Rocks,351-100-157,Bottom,Stony,0
2017,Dustan Rocks,351-100-192,Top,Stony,0
2017,Dustan Rocks,351-100-192,Bottom,Stony,0
2017,Dustan Rocks,351-500-011,Top,Stony,0
2017,Dustan Rocks,351-500-011,Bottom,Stony,0
2017,Dustan Rocks,351-500-083,Top,Stony,0
2017,Dustan Rocks,351-500-083,Bottom,Stony,0
2017,Dustan Rocks,351-500-139,Top,Stony,0
2017,Dustan Rocks,351-500-139,Bottom,Stony,0
2017,Dustan Rocks,351-500-154,Top,Stony,0
2017,Dustan Rocks,351-500-154,Bottom,Stony,0
2017,Dustan Rocks,352-100-027,Top,Stony,0
2017,Dustan Rocks,352-100-027,Bottom,Stony,0
2017,Dustan Rocks,352-100-120,Top,Stony,0
2017,Dustan Rocks,352-100-120,Bottom,Stony,0
2017,Dustan Rocks,352-100-139,Top,Stony,0
2017,Dustan Rocks,352-100-139,Bottom,Stony,0
2017,Dustan Rocks,352-100-208,Top,Stony,0
2017,Dustan Rocks,352-100-208,Bottom,Stony,0
2017,Dustan Rocks,352-500-035,Top,Stony,0
2017,Dustan Rocks,352-500-035,Bottom,Stony,0
2017,Dustan Rocks,352-500-117,Top,Stony,0
2017,Dustan Rocks,352-500-117,Bottom,Stony,0
2017,Dustan Rocks,352-500-150,Top,Stony,0
2017,Dustan Rocks,352-500-150,Bottom,Stony,0
2017,Dustan Rocks,352-500-218,Top,Stony,0
2017,Dustan Rocks,352-500-218,Bottom,Stony,0
2017,Dustan Rocks,353-100-016,Top,Stony,0
2017,Dustan Rocks,353-100-016,Bottom,Stony,0
2017,Dustan Rocks,353-100-071,Top,Stony,0
2017,Dustan Rocks,353-100-071,Bottom,Stony,0
2017,Dustan Rocks,353-100-185,Top,Stony,0
2017,Dustan Rocks,353-100-185,Bottom,Stony,0
2017,Dustan Rocks,353-100-206,Top,Stony,2
2017,Dustan Rocks,353-100-206,Bottom,Stony,0
2017,Dustan Rocks,353-500-000,Top,Stony,0
2017,Dustan Rocks,353-500-000,Bottom,Stony,0
2017,Dustan Rocks,353-500-047,Top,Stony,0
2017,Dustan Rocks,353-500-047,Bottom,Stony,0
2017,Dustan Rocks,353-500-083,Top,Stony,0
2017,Dustan Rocks,353-500-083,Bottom,Stony,0
2017,Dustan Rocks,353-500-194,Top,Stony,0
2017,Dustan Rocks,353-500-194,Bottom,Stony,0
2017,Dustan Rocks,354-100-032,Top,Stony,0
2017,Dustan Rocks,354-100-032,Bottom,Stony,0
2017,Dustan Rocks,354-100-045,Bottom,Stony,0
2017,Dustan Rocks,354-100-103,Top,Stony,0
2017,Dustan Rocks,354-100-103,Bottom,Stony,0
2017,Dustan Rocks,354-100-144,Top,Stony,0
2017,Dustan Rocks,354-100-144,Bottom,Stony,0
2017,Dustan Rocks,354-500-043,Top,Stony,0
2017,Dustan Rocks,354-500-043,Bottom,Stony,0
2017,Dustan Rocks,354-500-054,Top,Stony,0
2017,Dustan Rocks,354-500-054,Bottom,Stony,0
2017,Dustan Rocks,354-500-185,Top,Stony,0
2017,Dustan Rocks,354-500-185,Bottom,Stony,0
2017,Dustan Rocks,354-500-202,Top,Stony,0
2017,Dustan Rocks,354-500-202,Bottom,Stony,0
2017,West Washerwoman,361-100-046,Top,Stony,0
2017,West Washerwoman,361-100-046,Bottom,Stony,0
2017,West Washerwoman,361-100-089,Top,Stony,0
2017,West Washerwoman,361-100-089,Bottom,Stony,0
2017,West Washerwoman,361-100-140,Top,Stony,0
2017,West Washerwoman,361-100-140,Bottom,Stony,0
2017,West Washerwoman,361-100-188,Top,Stony,0
2017,West Washerwoman,361-100-188,Bottom,Stony,0
2017,West Washerwoman,361-500-019,Top,Stony,1
2017,West Washerwoman,361-500-019,Bottom,Stony,0
2017,West Washerwoman,361-500-073,Top,Stony,0
2017,West Washerwoman,361-500-073,Bottom,Stony,0
2017,West Washerwoman,361-500-159,Top,Stony,0
2017,West Washerwoman,361-500-159,Bottom,Stony,0
2017,West Washerwoman,361-500-169,Top,Stony,0
2017,West Washerwoman,361-500-169,Bottom,Stony,0
2017,West Washerwoman,362-100-059,Top,Stony,1
2017,West Washerwoman,362-100-059,Bottom,Stony,0
2017,West Washerwoman,362-100-091,Top,Stony,0
2017,West Washerwoman,362-100-091,Bottom,Stony,0
2017,West Washerwoman,362-100-109,Top,Stony,0
2017,West Washerwoman,362-100-109,Bottom,Stony,0
2017,West Washerwoman,362-100-130,Top,Stony,0
2017,West Washerwoman,362-100-130,Bottom,Stony,0
2017,West Washerwoman,362-500-058,Top,Stony,0
2017,West Washerwoman,362-500-058,Bottom,Stony,0
2017,West Washerwoman,362-500-145,Top,Stony,0
2017,West Washerwoman,362-500-145,Bottom,Stony,0
2017,West Washerwoman,362-500-157,Top,Stony,1
2017,West Washerwoman,362-500-157,Bottom,Stony,0
2017,West Washerwoman,362-500-213,Top,Stony,0
2017,West Washerwoman,362-500-213,Bottom,Stony,0
2017,West Washerwoman,363-100-055,Top,Stony,0
2017,West Washerwoman,363-100-055,Bottom,Stony,0
2017,West Washerwoman,363-100-072,Top,Stony,0
2017,West Washerwoman,363-100-072,Bottom,Stony,0
2017,West Washerwoman,363-100-137,Top,Stony,1
2017,West Washerwoman,363-100-137,Bottom,Stony,0
2017,West Washerwoman,363-100-167,Top,Stony,0
2017,West Washerwoman,363-100-167,Bottom,Stony,0
2017,West Washerwoman,363-500-032,Top,Stony,0
2017,West Washerwoman,363-500-032,Bottom,Stony,0
2017,West Washerwoman,363-500-115,Top,Stony,0
2017,West Washerwoman,363-500-115,Bottom,Stony,0
2017,West Washerwoman,363-500-152,Top,Stony,0
2017,West Washerwoman,363-500-152,Bottom,Stony,0
2017,West Washerwoman,363-500-207,Top,Stony,0
2017,West Washerwoman,363-500-207,Bottom,Stony,0
2017,West Washerwoman,364-100-027,Top,Stony,0
2017,West Washerwoman,364-100-027,Bottom,Stony,0
2017,West Washerwoman,364-100-091,Top,Stony,0
2017,West Washerwoman,364-100-091,Bottom,Stony,0
2017,West Washerwoman,364-100-125,Top,Stony,0
2017,West Washerwoman,364-100-125,Bottom,Stony,0
2017,West Washerwoman,364-100-194,Top,Stony,0
2017,West Washerwoman,364-100-194,Bottom,Stony,0
2017,West Washerwoman,364-500-104,Top,Stony,0
2017,West Washerwoman,364-500-104,Bottom,Stony,0
2017,West Washerwoman,364-500-120,Top,Stony,0
2017,West Washerwoman,364-500-120,Bottom,Stony,0
2017,West Washerwoman,364-500-170,Top,Stony,0
2017,West Washerwoman,364-500-170,Bottom,Stony,0
2017,West Washerwoman,364-500-198,Top,Stony,0
2017,West Washerwoman,364-500-198,Bottom,Stony,0
2017,Carysfort Shallow,501-100-010,Bottom,Stony,0
2017,Carysfort Shallow,501-100-010,Top,Stony,0
2017,Carysfort Shallow,501-100-038,Top,Stony,0
2017,Carysfort Shallow,501-100-038,Bottom,Stony,0
2017,Carysfort Shallow,501-100-137,Top,Stony,0
2017,Carysfort Shallow,501-100-137,Bottom,Stony,0
2017,Carysfort Shallow,501-100-159,Top,Stony,0
2017,Carysfort Shallow,501-100-159,Bottom,Stony,0
2017,Carysfort Shallow,501-500-016,Bottom,Stony,1
2017,Carysfort Shallow,501-500-016,Top,Stony,0
2017,Carysfort Shallow,501-500-034,Bottom,Stony,1
2017,Carysfort Shallow,501-500-034,Top,Stony,0
2017,Carysfort Shallow,501-500-084,Top,Stony,0
2017,Carysfort Shallow,501-500-084,Bottom,Stony,0
2017,Carysfort Shallow,501-500-108,Top,Stony,0
2017,Carysfort Shallow,501-500-108,Bottom,Stony,0
2017,Carysfort Shallow,502-100-044,Top,Stony,0
2017,Carysfort Shallow,502-100-044,Bottom,Stony,0
2017,Carysfort Shallow,502-100-126,Top,Stony,0
2017,Carysfort Shallow,502-100-126,Bottom,Stony,0
2017,Carysfort Shallow,502-100-144,Top,Stony,0
2017,Carysfort Shallow,502-100-144,Bottom,Stony,0
2017,Carysfort Shallow,502-100-181,Top,Stony,0
2017,Carysfort Shallow,502-100-181,Bottom,Stony,0
2017,Carysfort Shallow,502-500-028,Top,Stony,0
2017,Carysfort Shallow,502-500-028,Bottom,Stony,0
2017,Carysfort Shallow,502-500-045,Top,Stony,0
2017,Carysfort Shallow,502-500-045,Bottom,Stony,0
2017,Carysfort Shallow,502-500-115,Top,Stony,0
2017,Carysfort Shallow,502-500-115,Bottom,Stony,0
2017,Carysfort Shallow,502-500-160,Top,Stony,0
2017,Carysfort Shallow,502-500-160,Bottom,Stony,0
2017,Carysfort Shallow,503-100-044,Top,Stony,0
2017,Carysfort Shallow,503-100-044,Bottom,Stony,0
2017,Carysfort Shallow,503-100-070,Top,Stony,1
2017,Carysfort Shallow,503-100-070,Bottom,Stony,0
2017,Carysfort Shallow,503-100-089,Top,Stony,0
2017,Carysfort Shallow,503-100-089,Bottom,Stony,0
2017,Carysfort Shallow,503-100-183,Top,Stony,0
2017,Carysfort Shallow,503-100-183,Bottom,Stony,0
2017,Carysfort Shallow,503-500-063,Bottom,Stony,0
2017,Carysfort Shallow,503-500-063,Top,Stony,0
2017,Carysfort Shallow,503-500-092,Top,Stony,0
2017,Carysfort Shallow,503-500-092,Bottom,Stony,0
2017,Carysfort Shallow,503-500-118,Bottom,Stony,0
2017,Carysfort Shallow,503-500-118,Top,Stony,0
2017,Carysfort Shallow,503-500-145,Top,Stony,0
2017,Carysfort Shallow,503-500-145,Bottom,Stony,0
2017,Carysfort Shallow,504-100-019,Top,Stony,0
2017,Carysfort Shallow,504-100-019,Bottom,Stony,0
2017,Carysfort Shallow,504-100-138,Top,Stony,0
2017,Carysfort Shallow,504-100-138,Bottom,Stony,0
2017,Carysfort Shallow,504-100-171,Top,Stony,0
2017,Carysfort Shallow,504-100-171,Bottom,Stony,0
2017,Carysfort Shallow,504-100-184,Top,Stony,0
2017,Carysfort Shallow,504-100-184,Bottom,Stony,0
2017,Carysfort Shallow,504-500-021,Bottom,Stony,0
2017,Carysfort Shallow,504-500-021,Top,Stony,0
2017,Carysfort Shallow,504-500-060,Top,Stony,0
2017,Carysfort Shallow,504-500-060,Bottom,Stony,0
2017,Carysfort Shallow,504-500-159,Top,Stony,0
2017,Carysfort Shallow,504-500-159,Bottom,Stony,0
2017,Carysfort Shallow,504-500-210,Top,Stony,0
2017,Carysfort Shallow,504-500-210,Bottom,Stony,0
2017,Molasses Shallow,521-100-011,Top,Stony,0
2017,Molasses Shallow,521-100-011,Bottom,Stony,0
2017,Molasses Shallow,521-100-027,Top,Stony,0
2017,Molasses Shallow,521-100-027,Bottom,Stony,0
2017,Molasses Shallow,521-100-088,Top,Stony,0
2017,Molasses Shallow,521-100-088,Bottom,Stony,0
2017,Molasses Shallow,521-100-174,Top,Stony,0
2017,Molasses Shallow,521-100-174,Bottom,Stony,0
2017,Molasses Shallow,521-500-025,Top,Stony,0
2017,Molasses Shallow,521-500-025,Bottom,Stony,0
2017,Molasses Shallow,521-500-061,Top,Stony,0
2017,Molasses Shallow,521-500-061,Bottom,Stony,0
2017,Molasses Shallow,521-500-137,Top,Stony,0
2017,Molasses Shallow,521-500-137,Bottom,Stony,0
2017,Molasses Shallow,521-500-205,Top,Stony,0
2017,Molasses Shallow,521-500-205,Bottom,Stony,0
2017,Molasses Shallow,522-100-025,Top,Stony,0
2017,Molasses Shallow,522-100-025,Bottom,Stony,0
2017,Molasses Shallow,522-100-058,Top,Stony,0
2017,Molasses Shallow,522-100-058,Bottom,Stony,0
2017,Molasses Shallow,522-100-091,Bottom,Stony,1
2017,Molasses Shallow,522-100-091,Top,Stony,0
2017,Molasses Shallow,522-100-139,Top,Stony,0
2017,Molasses Shallow,522-100-139,Bottom,Stony,0
2017,Molasses Shallow,522-500-033,Bottom,Stony,1
2017,Molasses Shallow,522-500-033,Top,Stony,1
2017,Molasses Shallow,522-500-063,Top,Stony,0
2017,Molasses Shallow,522-500-063,Bottom,Stony,0
2017,Molasses Shallow,522-500-138,Top,Stony,0
2017,Molasses Shallow,522-500-138,Bottom,Stony,0
2017,Molasses Shallow,522-500-200,Bottom,Stony,2
2017,Molasses Shallow,522-500-200,Top,Stony,0
2017,Molasses Shallow,523-100-003,Bottom,Stony,1
2017,Molasses Shallow,523-100-003,Top,Stony,1
2017,Molasses Shallow,523-100-107,Top,Stony,0
2017,Molasses Shallow,523-100-107,Bottom,Stony,0
2017,Molasses Shallow,523-100-157,Top,Stony,0
2017,Molasses Shallow,523-100-157,Bottom,Stony,0
2017,Molasses Shallow,523-500-023,Bottom,Stony,1
2017,Molasses Shallow,523-500-023,Top,Stony,0
2017,Molasses Shallow,523-500-063,Top,Stony,0
2017,Molasses Shallow,523-500-063,Bottom,Stony,0
2017,Molasses Shallow,523-500-101,Bottom,Stony,3
2017,Molasses Shallow,523-500-101,Top,Stony,0
2017,Molasses Shallow,523-500-167,Top,Stony,0
2017,Molasses Shallow,523-500-167,Bottom,Stony,0
2017,Molasses Shallow,524-100-019,Top,Stony,0
2017,Molasses Shallow,524-100-019,Bottom,Stony,0
2017,Molasses Shallow,524-100-051,Top,Stony,0
2017,Molasses Shallow,524-100-051,Bottom,Stony,0
2017,Molasses Shallow,524-100-132,Bottom,Stony,1
2017,Molasses Shallow,524-100-132,Top,Stony,0
2017,Molasses Shallow,524-100-163,Top,Stony,0
2017,Molasses Shallow,524-100-163,Bottom,Stony,0
2017,Molasses Shallow,524-500-019,Bottom,Stony,4
2017,Molasses Shallow,524-500-019,Top,Stony,0
2017,Molasses Shallow,524-500-036,Top,Stony,0
2017,Molasses Shallow,524-500-036,Bottom,Stony,0
2017,Molasses Shallow,524-500-089,Top,Stony,0
2017,Molasses Shallow,524-500-089,Bottom,Stony,0
2017,Molasses Shallow,524-500-165,Top,Stony,1
2017,Molasses Shallow,524-500-165,Bottom,Stony,0
2017,Tennessee Shallow,551-100-012,Top,Stony,0
2017,Tennessee Shallow,551-100-012,Bottom,Stony,0
2017,Tennessee Shallow,551-100-073,Top,Stony,0
2017,Tennessee Shallow,551-100-073,Bottom,Stony,0
2017,Tennessee Shallow,551-100-133,Top,Stony,0
2017,Tennessee Shallow,551-100-133,Bottom,Stony,0
2017,Tennessee Shallow,551-100-192,Top,Stony,0
2017,Tennessee Shallow,551-100-192,Bottom,Stony,0
2017,Tennessee Shallow,551-500-020,Top,Stony,0
2017,Tennessee Shallow,551-500-020,Bottom,Stony,0
2017,Tennessee Shallow,551-500-088,Top,Stony,0
2017,Tennessee Shallow,551-500-088,Bottom,Stony,0
2017,Tennessee Shallow,551-500-140,Top,Stony,0
2017,Tennessee Shallow,551-500-140,Bottom,Stony,0
2017,Tennessee Shallow,551-500-198,Top,Stony,0
2017,Tennessee Shallow,551-500-198,Bottom,Stony,0
2017,Tennessee Shallow,552-100-012,Top,Stony,0
2017,Tennessee Shallow,552-100-012,Bottom,Stony,0
2017,Tennessee Shallow,552-100-094,Top,Stony,0
2017,Tennessee Shallow,552-100-094,Bottom,Stony,0
2017,Tennessee Shallow,552-100-169,Bottom,Stony,1
2017,Tennessee Shallow,552-100-169,Top,Stony,0
2017,Tennessee Shallow,552-100-217,Bottom,Stony,1
2017,Tennessee Shallow,552-100-217,Top,Stony,1
2017,Tennessee Shallow,552-500-028,Top,Stony,0
2017,Tennessee Shallow,552-500-028,Bottom,Stony,0
2017,Tennessee Shallow,552-500-083,Top,Stony,1
2017,Tennessee Shallow,552-500-083,Bottom,Stony,0
2017,Tennessee Shallow,552-500-106,Top,Stony,0
2017,Tennessee Shallow,552-500-106,Bottom,Stony,0
2017,Tennessee Shallow,552-500-132,Bottom,Stony,2
2017,Tennessee Shallow,552-500-132,Top,Stony,0
2017,Tennessee Shallow,553-100-089,Top,Stony,0
2017,Tennessee Shallow,553-100-089,Bottom,Stony,0
2017,Tennessee Shallow,553-100-133,Top,Stony,0
2017,Tennessee Shallow,553-100-133,Bottom,Stony,0
2017,Tennessee Shallow,553-100-154,Top,Stony,0
2017,Tennessee Shallow,553-100-154,Bottom,Stony,0
2017,Tennessee Shallow,553-100-176,Top,Stony,0
2017,Tennessee Shallow,553-100-176,Bottom,Stony,0
2017,Tennessee Shallow,553-500-030,Top,Stony,0
2017,Tennessee Shallow,553-500-030,Bottom,Stony,0
2017,Tennessee Shallow,553-500-030,Top,Stony,0
2017,Tennessee Shallow,553-500-087,Bottom,Stony,0
2017,Tennessee Shallow,553-500-121,Top,Stony,0
2017,Tennessee Shallow,553-500-121,Bottom,Stony,0
2017,Tennessee Shallow,553-500-160,Top,Stony,0
2017,Tennessee Shallow,553-500-160,Bottom,Stony,0
2017,Tennessee Shallow,554-100-014,Bottom,Stony,0
2017,Tennessee Shallow,554-100-014,Top,Stony,0
2017,Tennessee Shallow,554-100-053,Top,Stony,0
2017,Tennessee Shallow,554-100-053,Bottom,Stony,0
2017,Tennessee Shallow,554-100-102,Top,Stony,0
2017,Tennessee Shallow,554-100-102,Bottom,Stony,0
2017,Tennessee Shallow,554-100-179,Top,Stony,0
2017,Tennessee Shallow,554-100-179,Bottom,Stony,0
2017,Tennessee Shallow,554-500-016,Top,Stony,0
2017,Tennessee Shallow,554-500-016,Bottom,Stony,0
2017,Tennessee Shallow,554-500-049,Top,Stony,0
2017,Tennessee Shallow,554-500-049,Bottom,Stony,0
2017,Tennessee Shallow,554-500-114,Top,Stony,0
2017,Tennessee Shallow,554-500-114,Bottom,Stony,0
2017,Tennessee Shallow,554-500-171,Top,Stony,0
2017,Tennessee Shallow,554-500-171,Bottom,Stony,0
2017,Sombrero Shallow,561-100-028,Top,Stony,0
2017,Sombrero Shallow,561-100-028,Bottom,Stony,0
2017,Sombrero Shallow,561-100-083,Bottom,Stony,1
2017,Sombrero Shallow,561-100-083,Top,Stony,0
2017,Sombrero Shallow,561-100-097,Top,Stony,0
2017,Sombrero Shallow,561-100-097,Bottom,Stony,0
2017,Sombrero Shallow,561-500-083,Top,Stony,0
2017,Sombrero Shallow,561-500-083,Bottom,Stony,0
2017,Sombrero Shallow,561-500-108,Top,Stony,0
2017,Sombrero Shallow,561-500-108,Bottom,Stony,0
2017,Sombrero Shallow,561-500-154,Top,Stony,0
2017,Sombrero Shallow,561-500-154,Bottom,Stony,0
2017,Sombrero Shallow,561-500-195,Top,Stony,0
2017,Sombrero Shallow,561-500-195,Bottom,Stony,0
2017,Sombrero Shallow,562-100-060,Top,Stony,0
2017,Sombrero Shallow,562-100-060,Bottom,Stony,0
2017,Sombrero Shallow,562-100-080,Bottom,Stony,1
2017,Sombrero Shallow,562-100-080,Top,Stony,0
2017,Sombrero Shallow,562-100-117,Top,Stony,0
2017,Sombrero Shallow,562-100-117,Bottom,Stony,0
2017,Sombrero Shallow,562-100-140,Top,Stony,0
2017,Sombrero Shallow,562-100-140,Bottom,Stony,0
2017,Sombrero Shallow,562-500-039,Top,Stony,0
2017,Sombrero Shallow,562-500-039,Bottom,Stony,0
2017,Sombrero Shallow,562-500-077,Top,Stony,0
2017,Sombrero Shallow,562-500-077,Bottom,Stony,0
2017,Sombrero Shallow,562-500-126,Top,Stony,0
2017,Sombrero Shallow,562-500-126,Bottom,Stony,0
2017,Sombrero Shallow,562-500-164,Top,Stony,0
2017,Sombrero Shallow,562-500-164,Bottom,Stony,0
2017,Sombrero Shallow,563-100-013,Top,Stony,0
2017,Sombrero Shallow,563-100-013,Bottom,Stony,0
2017,Sombrero Shallow,563-100-073,Top,Stony,0
2017,Sombrero Shallow,563-100-073,Bottom,Stony,0
2017,Sombrero Shallow,563-100-107,Top,Stony,0
2017,Sombrero Shallow,563-100-107,Bottom,Stony,0
2017,Sombrero Shallow,563-100-179,Top,Stony,0
2017,Sombrero Shallow,563-100-179,Bottom,Stony,0
2017,Sombrero Shallow,563-500-047,Top,Stony,0
2017,Sombrero Shallow,563-500-047,Bottom,Stony,0
2017,Sombrero Shallow,563-500-081,Top,Stony,0
2017,Sombrero Shallow,563-500-081,Bottom,Stony,0
2017,Sombrero Shallow,563-500-125,Top,Stony,0
2017,Sombrero Shallow,563-500-125,Bottom,Stony,0
2017,Sombrero Shallow,563-500-188,Top,Stony,0
2017,Sombrero Shallow,563-500-188,Bottom,Stony,0
2017,Sombrero Shallow,564-100-047,Top,Stony,0
2017,Sombrero Shallow,564-100-047,Bottom,Stony,0
2017,Sombrero Shallow,564-100-071,Top,Stony,0
2017,Sombrero Shallow,564-100-071,Bottom,Stony,0
2017,Sombrero Shallow,564-100-110,Top,Stony,0
2017,Sombrero Shallow,564-100-110,Bottom,Stony,0
2017,Sombrero Shallow,564-100-162,Top,Stony,0
2017,Sombrero Shallow,564-100-162,Bottom,Stony,0
2017,Sombrero Shallow,564-500-067,Top,Stony,0
2017,Sombrero Shallow,564-500-067,Bottom,Stony,0
2017,Sombrero Shallow,564-500-092,Top,Stony,0
2017,Sombrero Shallow,564-500-092,Bottom,Stony,0
2017,Sombrero Shallow,564-500-160,Top,Stony,0
2017,Sombrero Shallow,564-500-160,Bottom,Stony,0
2017,Sombrero Shallow,564-500-177,Top,Stony,0
2017,Sombrero Shallow,564-500-177,Bottom,Stony,0
2017,Western Sambo Shallow,591-100-031,Top,Stony,1
2017,Western Sambo Shallow,591-100-031,Bottom,Stony,0
2017,Western Sambo Shallow,591-100-052,Top,Stony,2
2017,Western Sambo Shallow,591-100-052,Bottom,Stony,0
2017,Western Sambo Shallow,591-100-154,Top,Stony,1
2017,Western Sambo Shallow,591-100-154,Bottom,Stony,0
2017,Western Sambo Shallow,591-500-019,Bottom,Stony,0
2017,Western Sambo Shallow,591-500-019,Top,Stony,0
2017,Western Sambo Shallow,591-500-072,Top,Stony,0
2017,Western Sambo Shallow,591-500-072,Bottom,Stony,0
2017,Western Sambo Shallow,591-500-157,Top,Stony,0
2017,Western Sambo Shallow,591-500-157,Bottom,Stony,0
2017,Western Sambo Shallow,591-500-195,Top,Stony,0
2017,Western Sambo Shallow,591-500-195,Bottom,Stony,0
2017,Western Sambo Shallow,592-100-039,Top,Stony,2
2017,Western Sambo Shallow,592-100-039,Bottom,Stony,0
2017,Western Sambo Shallow,592-100-115,Top,Stony,1
2017,Western Sambo Shallow,592-100-115,Bottom,Stony,0
2017,Western Sambo Shallow,592-100-162,Bottom,Stony,2
2017,Western Sambo Shallow,592-100-162,Top,Stony,0
2017,Western Sambo Shallow,592-100-199,Top,Stony,0
2017,Western Sambo Shallow,592-100-199,Bottom,Stony,0
2017,Western Sambo Shallow,592-500-053,Top,Stony,0
2017,Western Sambo Shallow,592-500-053,Bottom,Stony,0
2017,Western Sambo Shallow,592-500-112,Top,Stony,0
2017,Western Sambo Shallow,592-500-112,Bottom,Stony,0
2017,Western Sambo Shallow,592-500-148,Top,Stony,0
2017,Western Sambo Shallow,592-500-148,Bottom,Stony,0
2017,Western Sambo Shallow,592-500-243,Top,Stony,1
2017,Western Sambo Shallow,592-500-243,Bottom,Stony,0
2017,Western Sambo Shallow,593-100-015,Top,Stony,0
2017,Western Sambo Shallow,593-100-015,Bottom,Stony,0
2017,Western Sambo Shallow,593-100-063,Top,Stony,0
2017,Western Sambo Shallow,593-100-063,Bottom,Stony,0
2017,Western Sambo Shallow,593-100-109,Top,Stony,0
2017,Western Sambo Shallow,593-100-109,Bottom,Stony,0
2017,Western Sambo Shallow,593-100-231,Top,Stony,0
2017,Western Sambo Shallow,593-100-231,Bottom,Stony,0
2017,Western Sambo Shallow,593-500-022,Top,Stony,0
2017,Western Sambo Shallow,593-500-022,Bottom,Stony,0
2017,Western Sambo Shallow,593-500-060,Top,Stony,0
2017,Western Sambo Shallow,593-500-060,Bottom,Stony,0
2017,Western Sambo Shallow,593-500-134,Top,Stony,0
2017,Western Sambo Shallow,593-500-134,Bottom,Stony,0
2017,Western Sambo Shallow,593-500-223,Top,Stony,0
2017,Western Sambo Shallow,593-500-223,Bottom,Stony,0
2017,Western Sambo Shallow,594-100-021,Top,Stony,0
2017,Western Sambo Shallow,594-100-021,Bottom,Stony,0
2017,Western Sambo Shallow,594-100-073,Top,Stony,0
2017,Western Sambo Shallow,594-100-073,Bottom,Stony,0
2017,Western Sambo Shallow,594-100-124,Top,Stony,0
2017,Western Sambo Shallow,594-100-124,Bottom,Stony,0
2017,Western Sambo Shallow,594-100-174,Top,Stony,0
2017,Western Sambo Shallow,594-100-174,Bottom,Stony,0
2017,Western Sambo Shallow,594-500-011,Top,Stony,1
2017,Western Sambo Shallow,594-500-011,Bottom,Stony,0
2017,Western Sambo Shallow,594-500-035,Bottom,Stony,1
2017,Western Sambo Shallow,594-500-035,Top,Stony,0
2017,Western Sambo Shallow,594-500-149,Top,Stony,0
2017,Western Sambo Shallow,594-500-149,Bottom,Stony,0
2017,Western Sambo Shallow,594-500-189,Top,Stony,0
2017,Western Sambo Shallow,594-500-189,Bottom,Stony,0
2017,Sand Key Shallow,611-100-006,Top,Stony,0
2017,Sand Key Shallow,611-100-006,Bottom,Stony,0
2017,Sand Key Shallow,611-100-057,Top,Stony,0
2017,Sand Key Shallow,611-100-057,Bottom,Stony,0
2017,Sand Key Shallow,611-100-155,Bottom,Stony,0
2017,Sand Key Shallow,611-100-155,Top,Stony,0
2017,Sand Key Shallow,611-100-205,Top,Stony,0
2017,Sand Key Shallow,611-100-205,Bottom,Stony,0
2017,Sand Key Shallow,611-500-026,Top,Stony,0
2017,Sand Key Shallow,611-500-026,Bottom,Stony,0
2017,Sand Key Shallow,611-500-142,Top,Stony,0
2017,Sand Key Shallow,611-500-142,Bottom,Stony,0
2017,Sand Key Shallow,611-500-169,Top,Stony,0
2017,Sand Key Shallow,611-500-169,Bottom,Stony,0
2017,Sand Key Shallow,611-500-202,Top,Stony,0
2017,Sand Key Shallow,611-500-202,Bottom,Stony,0
2017,Sand Key Shallow,612-100-023,Top,Stony,0
2017,Sand Key Shallow,612-100-023,Bottom,Stony,0
2017,Sand Key Shallow,612-100-060,Top,Stony,0
2017,Sand Key Shallow,612-100-060,Bottom,Stony,0
2017,Sand Key Shallow,612-100-101,Top,Stony,0
2017,Sand Key Shallow,612-100-101,Bottom,Stony,0
2017,Sand Key Shallow,612-100-172,Top,Stony,0
2017,Sand Key Shallow,612-100-172,Bottom,Stony,0
2017,Sand Key Shallow,612-500-036,Top,Stony,0
2017,Sand Key Shallow,612-500-036,Bottom,Stony,0
2017,Sand Key Shallow,612-500-105,Bottom,Stony,2
2017,Sand Key Shallow,612-500-105,Top,Stony,0
2017,Sand Key Shallow,612-500-145,Top,Stony,0
2017,Sand Key Shallow,612-500-145,Bottom,Stony,0
2017,Sand Key Shallow,612-500-187,Bottom,Stony,2
2017,Sand Key Shallow,612-500-187,Top,Stony,5
2017,Sand Key Shallow,613-100-020,Top,Stony,0
2017,Sand Key Shallow,613-100-020,Bottom,Stony,0
2017,Sand Key Shallow,613-100-045,Top,Stony,0
2017,Sand Key Shallow,613-100-045,Bottom,Stony,0
2017,Sand Key Shallow,613-100-097,Top,Stony,0
2017,Sand Key Shallow,613-100-097,Bottom,Stony,0
2017,Sand Key Shallow,613-100-176,Top,Stony,0
2017,Sand Key Shallow,613-100-176,Bottom,Stony,0
2017,Sand Key Shallow,613-500-057,Bottom,Stony,1
2017,Sand Key Shallow,613-500-057,Top,Stony,0
2017,Sand Key Shallow,613-500-101,Top,Stony,0
2017,Sand Key Shallow,613-500-101,Bottom,Stony,0
2017,Sand Key Shallow,613-500-168,Top,Stony,0
2017,Sand Key Shallow,613-500-168,Bottom,Stony,0
2017,Sand Key Shallow,614-100-010,Bottom,Stony,6
2017,Sand Key Shallow,614-100-010,Top,Stony,1
2017,Sand Key Shallow,614-100-069,Top,Stony,0
2017,Sand Key Shallow,614-100-069,Bottom,Stony,0
2017,Sand Key Shallow,614-100-149,Bottom,Stony,1
2017,Sand Key Shallow,614-100-149,Top,Stony,2
2017,Sand Key Shallow,614-100-203,Bottom,Stony,4
2017,Sand Key Shallow,614-100-203,Top,Stony,4
2017,Sand Key Shallow,614-500-018,Top,Stony,0
2017,Sand Key Shallow,614-500-018,Bottom,Stony,0
2017,Sand Key Shallow,614-500-075,Top,Stony,0
2017,Sand Key Shallow,614-500-075,Bottom,Stony,0
2017,Sand Key Shallow,614-500-189,Top,Stony,0
2017,Sand Key Shallow,614-500-189,Bottom,Stony,0
2017,Carysfort Deep,701-100-007,Bottom,Stony,2
2017,Carysfort Deep,701-100-007,Top,Stony,1
2017,Carysfort Deep,701-100-055,Top,Stony,0
2017,Carysfort Deep,701-100-055,Bottom,Stony,0
2017,Carysfort Deep,701-100-106,Top,Stony,0
2017,Carysfort Deep,701-100-106,Bottom,Stony,0
2017,Carysfort Deep,701-100-197,Bottom,Stony,0
2017,Carysfort Deep,701-100-197,Top,Stony,0
2017,Carysfort Deep,701-500-011,Top,Stony,0
2017,Carysfort Deep,701-500-011,Bottom,Stony,0
2017,Carysfort Deep,701-500-075,Bottom,Stony,1
2017,Carysfort Deep,701-500-075,Top,Stony,0
2017,Carysfort Deep,701-500-105,Bottom,Stony,0
2017,Carysfort Deep,701-500-105,Top,Stony,2
2017,Carysfort Deep,701-500-157,Top,Stony,0
2017,Carysfort Deep,701-500-157,Bottom,Stony,0
2017,Carysfort Deep,702-100-032,Top,Stony,0
2017,Carysfort Deep,702-100-032,Bottom,Stony,0
2017,Carysfort Deep,702-100-137,Bottom,Stony,4
2017,Carysfort Deep,702-100-137,Top,Stony,0
2017,Carysfort Deep,702-100-174,Top,Stony,0
2017,Carysfort Deep,702-100-174,Bottom,Stony,0
2017,Carysfort Deep,702-100-206,Top,Stony,0
2017,Carysfort Deep,702-100-206,Bottom,Stony,0
2017,Carysfort Deep,702-500-035,Bottom,Stony,1
2017,Carysfort Deep,702-500-035,Top,Stony,0
2017,Carysfort Deep,702-500-077,Bottom,Stony,1
2017,Carysfort Deep,702-500-077,Top,Stony,0
2017,Carysfort Deep,702-500-101,Bottom,Stony,2
2017,Carysfort Deep,702-500-101,Top,Stony,0
2017,Carysfort Deep,702-500-120,Top,Stony,0
2017,Carysfort Deep,702-500-120,Bottom,Stony,0
2017,Carysfort Deep,703-100-032,Top,Stony,0
2017,Carysfort Deep,703-100-032,Bottom,Stony,0
2017,Carysfort Deep,703-100-073,Top,Stony,0
2017,Carysfort Deep,703-100-073,Bottom,Stony,0
2017,Carysfort Deep,703-100-146,Top,Stony,0
2017,Carysfort Deep,703-100-146,Bottom,Stony,0
2017,Carysfort Deep,703-100-175,Top,Stony,0
2017,Carysfort Deep,703-100-175,Bottom,Stony,0
2017,Carysfort Deep,703-500-029,Bottom,Stony,1
2017,Carysfort Deep,703-500-029,Top,Stony,0
2017,Carysfort Deep,703-500-100,Bottom,Stony,4
2017,Carysfort Deep,703-500-100,Top,Stony,0
2017,Carysfort Deep,703-500-123,Bottom,Stony,2
2017,Carysfort Deep,703-500-123,Top,Stony,0
2017,Carysfort Deep,703-500-172,Bottom,Stony,2
2017,Carysfort Deep,703-500-172,Top,Stony,0
2017,Carysfort Deep,704-100-009,Bottom,Stony,2
2017,Carysfort Deep,704-100-009,Top,Stony,0
2017,Carysfort Deep,704-100-111,Top,Stony,0
2017,Carysfort Deep,704-100-111,Bottom,Stony,0
2017,Carysfort Deep,704-100-169,Bottom,Stony,1
2017,Carysfort Deep,704-100-169,Top,Stony,0
2017,Carysfort Deep,704-100-221,Top,Stony,2
2017,Carysfort Deep,704-100-221,Bottom,Stony,0
2017,Carysfort Deep,704-500-016,Top,Stony,0
2017,Carysfort Deep,704-500-016,Bottom,Stony,0
2017,Carysfort Deep,704-500-135,Top,Stony,0
2017,Carysfort Deep,704-500-135,Bottom,Stony,0
2017,Carysfort Deep,704-500-156,Bottom,Stony,0
2017,Carysfort Deep,704-500-156,Top,Stony,1
2017,Carysfort Deep,704-500-172,Bottom,Stony,6
2017,Carysfort Deep,704-500-172,Top,Stony,4
2017,Molasses Deep,721-100-024,Bottom,Stony,8
2017,Molasses Deep,721-100-024,Top,Stony,0
2017,Molasses Deep,721-100-061,Top,Stony,0
2017,Molasses Deep,721-100-061,Bottom,Stony,0
2017,Molasses Deep,721-100-138,Top,Stony,4
2017,Molasses Deep,721-100-138,Bottom,Stony,0
2017,Molasses Deep,721-100-186,Bottom,Stony,1
2017,Molasses Deep,721-100-186,Top,Stony,1
2017,Molasses Deep,721-500-025,Bottom,Stony,2
2017,Molasses Deep,721-500-025,Top,Stony,10
2017,Molasses Deep,721-500-064,Bottom,Stony,2
2017,Molasses Deep,721-500-064,Top,Stony,0
2017,Molasses Deep,721-500-114,Bottom,Stony,0
2017,Molasses Deep,721-500-114,Top,Stony,2
2017,Molasses Deep,721-500-183,Top,Stony,4
2017,Molasses Deep,721-500-183,Bottom,Stony,0
2017,Molasses Deep,722-100-045,Bottom,Stony,0
2017,Molasses Deep,722-100-045,Top,Stony,1
2017,Molasses Deep,722-100-076,Bottom,Stony,1
2017,Molasses Deep,722-100-076,Top,Stony,1
2017,Molasses Deep,722-100-173,Bottom,Stony,0
2017,Molasses Deep,722-100-173,Top,Stony,0
2017,Molasses Deep,722-100-215,Bottom,Stony,0
2017,Molasses Deep,722-100-215,Top,Stony,2
2017,Molasses Deep,722-500-032,Bottom,Stony,0
2017,Molasses Deep,722-500-032,Top,Stony,0
2017,Molasses Deep,722-500-094,Bottom,Stony,0
2017,Molasses Deep,722-500-094,Top,Stony,0
2017,Molasses Deep,722-500-111,Bottom,Stony,0
2017,Molasses Deep,722-500-111,Top,Stony,2
2017,Molasses Deep,722-500-182,Bottom,Stony,1
2017,Molasses Deep,722-500-182,Top,Stony,1
2017,Molasses Deep,723-100-052,Bottom,Stony,4
2017,Molasses Deep,723-100-052,Top,Stony,0
2017,Molasses Deep,723-100-064,Bottom,Stony,1
2017,Molasses Deep,723-100-064,Top,Stony,3
2017,Molasses Deep,723-100-134,Bottom,Stony,8
2017,Molasses Deep,723-100-134,Top,Stony,4
2017,Molasses Deep,723-100-154,Top,Stony,1
2017,Molasses Deep,723-100-154,Bottom,Stony,0
2017,Molasses Deep,723-500-030,Bottom,Stony,2
2017,Molasses Deep,723-500-030,Top,Stony,0
2017,Molasses Deep,723-500-064,Bottom,Stony,1
2017,Molasses Deep,723-500-064,Top,Stony,1
2017,Molasses Deep,723-500-090,Bottom,Stony,2
2017,Molasses Deep,723-500-090,Top,Stony,1
2017,Molasses Deep,723-500-103,Bottom,Stony,8
2017,Molasses Deep,723-500-103,Top,Stony,0
2017,Molasses Deep,724-100-048,Bottom,Stony,2
2017,Molasses Deep,724-100-048,Top,Stony,2
2017,Molasses Deep,724-100-089,Bottom,Stony,1
2017,Molasses Deep,724-100-089,Top,Stony,1
2017,Molasses Deep,724-100-151,Top,Stony,0
2017,Molasses Deep,724-100-151,Bottom,Stony,0
2017,Molasses Deep,724-100-177,Bottom,Stony,0
2017,Molasses Deep,724-100-177,Top,Stony,0
2017,Molasses Deep,724-500-032,Bottom,Stony,4
2017,Molasses Deep,724-500-032,Top,Stony,0
2017,Molasses Deep,724-500-061,Bottom,Stony,0
2017,Molasses Deep,724-500-061,Top,Stony,1
2017,Molasses Deep,724-500-094,Bottom,Stony,31
2017,Molasses Deep,724-500-094,Top,Stony,1
2017,Molasses Deep,724-500-192,Bottom,Stony,0
2017,Molasses Deep,724-500-192,Top,Stony,4
2017,Tennessee Deep,751-100-026,Bottom,Stony,0
2017,Tennessee Deep,751-100-026,Top,Stony,6
2017,Tennessee Deep,751-100-045,Bottom,Stony,2
2017,Tennessee Deep,751-100-045,Top,Stony,0
2017,Tennessee Deep,751-100-118,Bottom,Stony,0
2017,Tennessee Deep,751-100-118,Top,Stony,3
2017,Tennessee Deep,751-100-203,Top,Stony,0
2017,Tennessee Deep,751-100-203,Bottom,Stony,0
2017,Tennessee Deep,751-500-029,Bottom,Stony,1
2017,Tennessee Deep,751-500-029,Top,Stony,8
2017,Tennessee Deep,751-500-105,Bottom,Stony,0
2017,Tennessee Deep,751-500-105,Top,Stony,3
2017,Tennessee Deep,751-500-123,Top,Stony,1
2017,Tennessee Deep,751-500-123,Bottom,Stony,0
2017,Tennessee Deep,751-500-226,Bottom,Stony,0
2017,Tennessee Deep,751-500-226,Top,Stony,0
2017,Tennessee Deep,752-100-022,Bottom,Stony,1
2017,Tennessee Deep,752-100-022,Top,Stony,4
2017,Tennessee Deep,752-100-072,Bottom,Stony,6
2017,Tennessee Deep,752-100-072,Top,Stony,0
2017,Tennessee Deep,752-100-135,Bottom,Stony,2
2017,Tennessee Deep,752-100-135,Top,Stony,0
2017,Tennessee Deep,752-100-225,Top,Stony,2
2017,Tennessee Deep,752-100-225,Bottom,Stony,0
2017,Tennessee Deep,752-500-023,Top,Stony,0
2017,Tennessee Deep,752-500-023,Bottom,Stony,0
2017,Tennessee Deep,752-500-056,Top,Stony,0
2017,Tennessee Deep,752-500-056,Bottom,Stony,0
2017,Tennessee Deep,752-500-141,Bottom,Stony,6
2017,Tennessee Deep,752-500-141,Top,Stony,0
2017,Tennessee Deep,752-500-188,Bottom,Stony,1
2017,Tennessee Deep,752-500-188,Top,Stony,2
2017,Tennessee Deep,753-100-028,Top,Stony,0
2017,Tennessee Deep,753-100-028,Bottom,Stony,0
2017,Tennessee Deep,753-100-085,Bottom,Stony,2
2017,Tennessee Deep,753-100-085,Top,Stony,2
2017,Tennessee Deep,753-100-090,Top,Stony,0
2017,Tennessee Deep,753-100-090,Bottom,Stony,0
2017,Tennessee Deep,753-100-141,Top,Stony,3
2017,Tennessee Deep,753-100-141,Bottom,Stony,0
2017,Tennessee Deep,753-500-023,Top,Stony,2
2017,Tennessee Deep,753-500-023,Bottom,Stony,0
2017,Tennessee Deep,753-500-049,Bottom,Stony,0
2017,Tennessee Deep,753-500-049,Top,Stony,0
2017,Tennessee Deep,753-500-105,Bottom,Stony,3
2017,Tennessee Deep,753-500-105,Top,Stony,1
2017,Tennessee Deep,753-500-197,Bottom,Stony,2
2017,Tennessee Deep,753-500-197,Top,Stony,0
2017,Tennessee Deep,754-100-051,Top,Stony,6
2017,Tennessee Deep,754-100-051,Bottom,Stony,0
2017,Tennessee Deep,754-100-100,Bottom,Stony,3
2017,Tennessee Deep,754-100-100,Top,Stony,4
2017,Tennessee Deep,754-100-136,Bottom,Stony,6
2017,Tennessee Deep,754-100-136,Top,Stony,2
2017,Tennessee Deep,754-100-191,Bottom,Stony,2
2017,Tennessee Deep,754-100-191,Top,Stony,0
2017,Tennessee Deep,754-500-045,Top,Stony,0
2017,Tennessee Deep,754-500-045,Bottom,Stony,0
2017,Tennessee Deep,754-500-092,Bottom,Stony,1
2017,Tennessee Deep,754-500-092,Top,Stony,0
2017,Tennessee Deep,754-500-139,Top,Stony,2
2017,Tennessee Deep,754-500-139,Bottom,Stony,0
2017,Tennessee Deep,754-500-180,Bottom,Stony,4
2017,Tennessee Deep,754-500-180,Top,Stony,6
2017,Sombrero Deep,761-100-009,Top,Stony,5
2017,Sombrero Deep,761-100-009,Bottom,Stony,0
2017,Sombrero Deep,761-100-028,Top,Stony,0
2017,Sombrero Deep,761-100-028,Bottom,Stony,0
2017,Sombrero Deep,761-100-081,Bottom,Stony,0
2017,Sombrero Deep,761-100-081,Top,Stony,2
2017,Sombrero Deep,761-100-139,Bottom,Stony,0
2017,Sombrero Deep,761-100-139,Top,Stony,2
2017,Sombrero Deep,761-500-048,Bottom,Stony,0
2017,Sombrero Deep,761-500-048,Top,Stony,2
2017,Sombrero Deep,761-500-072,Bottom,Stony,1
2017,Sombrero Deep,761-500-072,Top,Stony,1
2017,Sombrero Deep,761-500-101,Bottom,Stony,1
2017,Sombrero Deep,761-500-101,Top,Stony,1
2017,Sombrero Deep,761-500-147,Bottom,Stony,1
2017,Sombrero Deep,761-500-147,Top,Stony,0
2017,Sombrero Deep,762-100-056,Bottom,Stony,0
2017,Sombrero Deep,762-100-056,Top,Stony,0
2017,Sombrero Deep,762-100-067,Top,Stony,1
2017,Sombrero Deep,762-100-067,Bottom,Stony,0
2017,Sombrero Deep,762-100-158,Top,Stony,0
2017,Sombrero Deep,762-100-158,Bottom,Stony,0
2017,Sombrero Deep,762-100-178,Bottom,Stony,0
2017,Sombrero Deep,762-100-178,Top,Stony,2
2017,Sombrero Deep,762-500-005,Top,Stony,0
2017,Sombrero Deep,762-500-005,Bottom,Stony,0
2017,Sombrero Deep,762-500-066,Bottom,Stony,0
2017,Sombrero Deep,762-500-066,Top,Stony,0
2017,Sombrero Deep,762-500-110,Bottom,Stony,2
2017,Sombrero Deep,762-500-110,Top,Stony,0
2017,Sombrero Deep,762-500-153,Top,Stony,2
2017,Sombrero Deep,762-500-153,Bottom,Stony,0
2017,Sombrero Deep,763-100-085,Top,Stony,0
2017,Sombrero Deep,763-100-085,Bottom,Stony,0
2017,Sombrero Deep,763-100-108,Bottom,Stony,0
2017,Sombrero Deep,763-100-108,Top,Stony,0
2017,Sombrero Deep,763-100-174,Bottom,Stony,0
2017,Sombrero Deep,763-100-174,Top,Stony,4
2017,Sombrero Deep,763-100-202,Bottom,Stony,3
2017,Sombrero Deep,763-100-202,Top,Stony,0
2017,Sombrero Deep,763-500-085,Top,Stony,0
2017,Sombrero Deep,763-500-085,Bottom,Stony,0
2017,Sombrero Deep,763-500-109,Bottom,Stony,2
2017,Sombrero Deep,763-500-109,Top,Stony,1
2017,Sombrero Deep,763-500-160,Bottom,Stony,2
2017,Sombrero Deep,763-500-160,Top,Stony,0
2017,Sombrero Deep,763-500-198,Bottom,Stony,1
2017,Sombrero Deep,763-500-198,Top,Stony,0
2017,Sombrero Deep,764-100-017,Bottom,Stony,1
2017,Sombrero Deep,764-100-017,Top,Stony,0
2017,Sombrero Deep,764-100-081,Bottom,Stony,4
2017,Sombrero Deep,764-100-081,Top,Stony,0
2017,Sombrero Deep,764-100-137,Top,Stony,0
2017,Sombrero Deep,764-100-137,Bottom,Stony,0
2017,Sombrero Deep,764-100-185,Bottom,Stony,1
2017,Sombrero Deep,764-100-185,Top,Stony,0
2017,Sombrero Deep,764-500-012,Bottom,Stony,3
2017,Sombrero Deep,764-500-012,Top,Stony,0
2017,Sombrero Deep,764-500-092,Top,Stony,0
2017,Sombrero Deep,764-500-092,Bottom,Stony,0
2017,Sombrero Deep,764-500-111,Bottom,Stony,2
2017,Sombrero Deep,764-500-111,Top,Stony,4
2017,Sombrero Deep,764-500-188,Bottom,Stony,8
2017,Sombrero Deep,764-500-188,Top,Stony,2
2017,Western Sambo Deep,791-100-012,Bottom,Stony,2
2017,Western Sambo Deep,791-100-012,Top,Stony,0
2017,Western Sambo Deep,791-100-047,Top,Stony,0
2017,Western Sambo Deep,791-100-047,Bottom,Stony,0
2017,Western Sambo Deep,791-100-122,Top,Stony,1
2017,Western Sambo Deep,791-100-122,Bottom,Stony,0
2017,Western Sambo Deep,791-100-197,Top,Stony,0
2017,Western Sambo Deep,791-100-197,Bottom,Stony,0
2017,Western Sambo Deep,791-500-013,Bottom,Stony,1
2017,Western Sambo Deep,791-500-013,Top,Stony,0
2017,Western Sambo Deep,791-500-038,Top,Stony,0
2017,Western Sambo Deep,791-500-038,Bottom,Stony,0
2017,Western Sambo Deep,791-500-156,Top,Stony,0
2017,Western Sambo Deep,791-500-156,Bottom,Stony,0
2017,Western Sambo Deep,791-500-199,Top,Stony,0
2017,Western Sambo Deep,791-500-199,Bottom,Stony,0
2017,Western Sambo Deep,792-100-028,Top,Stony,2
2017,Western Sambo Deep,792-100-028,Bottom,Stony,0
2017,Western Sambo Deep,792-100-039,Top,Stony,3
2017,Western Sambo Deep,792-100-039,Bottom,Stony,0
2017,Western Sambo Deep,792-100-106,Top,Stony,2
2017,Western Sambo Deep,792-100-106,Bottom,Stony,0
2017,Western Sambo Deep,792-100-142,Top,Stony,0
2017,Western Sambo Deep,792-100-142,Bottom,Stony,0
2017,Western Sambo Deep,792-500-051,Top,Stony,0
2017,Western Sambo Deep,792-500-051,Bottom,Stony,0
2017,Western Sambo Deep,792-500-079,Bottom,Stony,1
2017,Western Sambo Deep,792-500-079,Top,Stony,0
2017,Western Sambo Deep,792-500-102,Top,Stony,0
2017,Western Sambo Deep,792-500-102,Bottom,Stony,0
2017,Western Sambo Deep,792-500-190,Top,Stony,0
2017,Western Sambo Deep,792-500-190,Bottom,Stony,0
2017,Western Sambo Deep,793-100-019,Bottom,Stony,1
2017,Western Sambo Deep,793-100-019,Top,Stony,0
2017,Western Sambo Deep,793-100-048,Top,Stony,0
2017,Western Sambo Deep,793-100-048,Bottom,Stony,0
2017,Western Sambo Deep,793-100-066,Top,Stony,0
2017,Western Sambo Deep,793-100-066,Bottom,Stony,0
2017,Western Sambo Deep,793-100-140,Top,Stony,0
2017,Western Sambo Deep,793-100-140,Bottom,Stony,0
2017,Western Sambo Deep,793-500-078,Bottom,Stony,6
2017,Western Sambo Deep,793-500-078,Top,Stony,0
2017,Western Sambo Deep,793-500-098,Bottom,Stony,0
2017,Western Sambo Deep,793-500-098,Top,Stony,0
2017,Western Sambo Deep,793-500-172,Top,Stony,2
2017,Western Sambo Deep,793-500-172,Bottom,Stony,0
2017,Western Sambo Deep,793-500-210,Top,Stony,0
2017,Western Sambo Deep,793-500-210,Bottom,Stony,0
2017,Western Sambo Deep,794-100-008,Top,Stony,0
2017,Western Sambo Deep,794-100-008,Bottom,Stony,0
2017,Western Sambo Deep,794-100-061,Top,Stony,0
2017,Western Sambo Deep,794-100-061,Bottom,Stony,0
2017,Western Sambo Deep,794-100-156,Bottom,Stony,2
2017,Western Sambo Deep,794-100-156,Top,Stony,0
2017,Western Sambo Deep,794-100-199,Top,Stony,0
2017,Western Sambo Deep,794-100-199,Bottom,Stony,0
2017,Western Sambo Deep,794-500-058,Top,Stony,0
2017,Western Sambo Deep,794-500-058,Bottom,Stony,0
2017,Western Sambo Deep,794-500-122,Top,Stony,0
2017,Western Sambo Deep,794-500-122,Bottom,Stony,0
2017,Western Sambo Deep,794-500-136,Top,Stony,0
2017,Western Sambo Deep,794-500-136,Bottom,Stony,0
2017,Western Sambo Deep,794-500-199,Top,Stony,0
2017,Western Sambo Deep,794-500-199,Bottom,Stony,0
2017,Sand Key Deep,811-100-019,Top,Stony,2
2017,Sand Key Deep,811-100-019,Bottom,Stony,0
2017,Sand Key Deep,811-100-103,Bottom,Stony,0
2017,Sand Key Deep,811-100-103,Top,Stony,0
2017,Sand Key Deep,811-100-119,Top,Stony,3
2017,Sand Key Deep,811-100-119,Bottom,Stony,0
2017,Sand Key Deep,811-100-197,Bottom,Stony,0
2017,Sand Key Deep,811-100-197,Top,Stony,0
2017,Sand Key Deep,811-500-074,Bottom,Stony,2
2017,Sand Key Deep,811-500-074,Top,Stony,3
2017,Sand Key Deep,811-500-114,Bottom,Stony,2
2017,Sand Key Deep,811-500-114,Top,Stony,0
2017,Sand Key Deep,811-500-155,Bottom,Stony,1
2017,Sand Key Deep,811-500-155,Top,Stony,0
2017,Sand Key Deep,811-500-197,Bottom,Stony,0
2017,Sand Key Deep,811-500-197,Top,Stony,1
2017,Sand Key Deep,812-100-018,Top,Stony,0
2017,Sand Key Deep,812-100-018,Bottom,Stony,0
2017,Sand Key Deep,812-100-041,Top,Stony,0
2017,Sand Key Deep,812-100-041,Bottom,Stony,0
2017,Sand Key Deep,812-100-112,Bottom,Stony,8
2017,Sand Key Deep,812-100-112,Top,Stony,0
2017,Sand Key Deep,812-100-168,Bottom,Stony,2
2017,Sand Key Deep,812-100-168,Top,Stony,1
2017,Sand Key Deep,812-500-029,Top,Stony,0
2017,Sand Key Deep,812-500-029,Bottom,Stony,0
2017,Sand Key Deep,812-500-132,Top,Stony,0
2017,Sand Key Deep,812-500-132,Bottom,Stony,0
2017,Sand Key Deep,812-500-180,Top,Stony,0
2017,Sand Key Deep,812-500-180,Bottom,Stony,0
2017,Sand Key Deep,812-500-212,Bottom,Stony,1
2017,Sand Key Deep,812-500-212,Top,Stony,0
2017,Sand Key Deep,813-100-030,Bottom,Stony,2
2017,Sand Key Deep,813-100-030,Top,Stony,0
2017,Sand Key Deep,813-100-063,Bottom,Stony,0
2017,Sand Key Deep,813-100-063,Top,Stony,0
2017,Sand Key Deep,813-100-132,Top,Stony,0
2017,Sand Key Deep,813-100-132,Bottom,Stony,0
2017,Sand Key Deep,813-100-169,Bottom,Stony,0
2017,Sand Key Deep,813-100-169,Top,Stony,0
2017,Sand Key Deep,813-500-041,Bottom,Stony,0
2017,Sand Key Deep,813-500-041,Top,Stony,2
2017,Sand Key Deep,813-500-085,Bottom,Stony,3
2017,Sand Key Deep,813-500-085,Top,Stony,0
2017,Sand Key Deep,813-500-156,Bottom,Stony,2
2017,Sand Key Deep,813-500-156,Top,Stony,0
2017,Sand Key Deep,813-500-218,Bottom,Stony,1
2017,Sand Key Deep,813-500-218,Top,Stony,0
2017,Sand Key Deep,814-100-016,Bottom,Stony,2
2017,Sand Key Deep,814-100-016,Top,Stony,0
2017,Sand Key Deep,814-100-044,Bottom,Stony,2
2017,Sand Key Deep,814-100-044,Top,Stony,0
2017,Sand Key Deep,814-100-099,Bottom,Stony,2
2017,Sand Key Deep,814-100-099,Top,Stony,0
2017,Sand Key Deep,814-100-178,Bottom,Stony,0
2017,Sand Key Deep,814-100-178,Top,Stony,0
2017,Sand Key Deep,814-500-027,Top,Stony,0
2017,Sand Key Deep,814-500-027,Bottom,Stony,0
2017,Sand Key Deep,814-500-054,Bottom,Stony,2
2017,Sand Key Deep,814-500-054,Top,Stony,0
2017,Sand Key Deep,814-500-117,Bottom,Stony,0
2017,Sand Key Deep,814-500-117,Top,Stony,0
2017,Sand Key Deep,814-500-178,Bottom,Stony,1
2017,Sand Key Deep,814-500-178,Top,Stony,0
2017,Sand Key Shallow,SKS3-500-3,Top,Stony,0
2017,Sand Key Shallow,SKS3-500-3,Bottom,Stony,0
2017,Sand Key Shallow,SKS4-500-3,Top,Stony,0
2017,Sand Key Shallow,SKS4-500-3,Bottom,Stony,0
2018,Red Dun,261-100-010,Top,Stony,2
2018,Red Dun,261-100-010,Bottom,Stony,0
2018,Red Dun,261-100-069,Top,Stony,10
2018,Red Dun,261-100-069,Bottom,Stony,0
2018,Red Dun,261-100-093,Top,Stony,8
2018,Red Dun,261-100-093,Bottom,Stony,0
2018,Red Dun,261-100-197,Top,Stony,12
2018,Red Dun,261-100-197,Bottom,Stony,0
2018,Red Dun,261-500-066,Top,Stony,26
2018,Red Dun,261-500-066,Bottom,Stony,0
2018,Red Dun,261-500-076,Top,Stony,1
2018,Red Dun,261-500-076,Bottom,Stony,0
2018,Red Dun,261-500-148,Top,Stony,5
2018,Red Dun,261-500-148,Bottom,Stony,0
2018,Red Dun,261-500-196,Top,Stony,2
2018,Red Dun,261-500-196,Bottom,Stony,0
2018,Red Dun,262-100-006,Top,Stony,0
2018,Red Dun,262-100-006,Bottom,Stony,0
2018,Red Dun,262-100-051,Top,Stony,9
2018,Red Dun,262-100-051,Bottom,Stony,0
2018,Red Dun,262-100-088,Top,Stony,5
2018,Red Dun,262-100-088,Bottom,Stony,0
2018,Red Dun,262-100-137,Top,Stony,4
2018,Red Dun,262-100-137,Bottom,Stony,0
2018,Red Dun,262-500-040,Top,Stony,0
2018,Red Dun,262-500-040,Bottom,Stony,0
2018,Red Dun,262-500-069,Top,Stony,3
2018,Red Dun,262-500-069,Bottom,Stony,0
2018,Red Dun,262-500-115,Top,Stony,2
2018,Red Dun,262-500-115,Bottom,Stony,0
2018,Red Dun,262-500-219,Top,Stony,3
2018,Red Dun,262-500-219,Bottom,Stony,0
2018,Red Dun,263-100-000,Top,Stony,4
2018,Red Dun,263-100-000,Bottom,Stony,0
2018,Red Dun,263-100-028,Top,Stony,0
2018,Red Dun,263-100-028,Bottom,Stony,0
2018,Red Dun,263-100-083,Top,Stony,11
2018,Red Dun,263-100-083,Bottom,Stony,0
2018,Red Dun,263-100-181,Top,Stony,31
2018,Red Dun,263-100-181,Bottom,Stony,0
2018,Red Dun,263-500-015,Top,Stony,0
2018,Red Dun,263-500-015,Bottom,Stony,0
2018,Red Dun,263-500-118,Bottom,Stony,1
2018,Red Dun,263-500-118,Top,Stony,60
2018,Red Dun,263-500-137,Top,Stony,29
2018,Red Dun,263-500-137,Bottom,Stony,0
2018,Red Dun,263-500-158,Top,Stony,4
2018,Red Dun,263-500-158,Bottom,Stony,0
2018,Red Dun,264-100-025,Top,Stony,0
2018,Red Dun,264-100-025,Bottom,Stony,0
2018,Red Dun,264-100-069,Bottom,Stony,20
2018,Red Dun,264-100-069,Top,Stony,0
2018,Red Dun,264-100-091,Top,Stony,8
2018,Red Dun,264-100-091,Bottom,Stony,0
2018,Red Dun,264-100-133,Top,Stony,0
2018,Red Dun,264-100-133,Bottom,Stony,0
2018,Red Dun,264-500-016,Top,Stony,10
2018,Red Dun,264-500-016,Bottom,Stony,0
2018,Red Dun,264-500-033,Top,Stony,38
2018,Red Dun,264-500-033,Bottom,Stony,0
2018,Red Dun,264-500-147,Top,Stony,2
2018,Red Dun,264-500-147,Bottom,Stony,0
2018,Red Dun,264-500-172,Top,Stony,20
2018,Red Dun,264-500-172,Bottom,Stony,0
2018,Porter Patch,321-100-012,Top,Stony,0
2018,Porter Patch,321-100-012,Bottom,Stony,0
2018,Porter Patch,321-100-058,Top,Stony,0
2018,Porter Patch,321-100-058,Bottom,Stony,0
2018,Porter Patch,321-100-136,Top,Stony,0
2018,Porter Patch,321-100-136,Bottom,Stony,0
2018,Porter Patch,321-100-163,Top,Stony,0
2018,Porter Patch,321-100-163,Bottom,Stony,0
2018,Porter Patch,321-500-024,Top,Stony,0
2018,Porter Patch,321-500-024,Bottom,Stony,0
2018,Porter Patch,321-500-049,Top,Stony,0
2018,Porter Patch,321-500-049,Bottom,Stony,0
2018,Porter Patch,321-500-212,Top,Stony,0
2018,Porter Patch,321-500-212,Bottom,Stony,0
2018,Porter Patch,322-100-026,Top,Stony,0
2018,Porter Patch,322-100-026,Bottom,Stony,0
2018,Porter Patch,322-100-069,Top,Stony,2
2018,Porter Patch,322-100-069,Bottom,Stony,0
2018,Porter Patch,322-100-118,Top,Stony,1
2018,Porter Patch,322-100-118,Bottom,Stony,0
2018,Porter Patch,322-100-202,Top,Stony,0
2018,Porter Patch,322-100-202,Bottom,Stony,0
2018,Porter Patch,322-100-223,Top,Stony,0
2018,Porter Patch,322-100-223,Bottom,Stony,0
2018,Porter Patch,322-500-059,Top,Stony,0
2018,Porter Patch,322-500-059,Bottom,Stony,0
2018,Porter Patch,322-500-070,Top,Stony,0
2018,Porter Patch,322-500-070,Bottom,Stony,0
2018,Porter Patch,322-500-091,Top,Stony,0
2018,Porter Patch,322-500-091,Bottom,Stony,0
2018,Porter Patch,323-100-021,Top,Stony,6
2018,Porter Patch,323-100-021,Bottom,Stony,0
2018,Porter Patch,323-100-072,Top,Stony,0
2018,Porter Patch,323-100-072,Bottom,Stony,0
2018,Porter Patch,323-100-115,Top,Stony,0
2018,Porter Patch,323-100-115,Bottom,Stony,0
2018,Porter Patch,323-100-126,Top,Stony,0
2018,Porter Patch,323-100-126,Bottom,Stony,0
2018,Porter Patch,323-100-223,Top,Stony,0
2018,Porter Patch,323-100-223,Bottom,Stony,0
2018,Porter Patch,323-500-064,Top,Stony,0
2018,Porter Patch,323-500-064,Bottom,Stony,0
2018,Porter Patch,323-500-144,Top,Stony,0
2018,Porter Patch,323-500-144,Bottom,Stony,0
2018,Porter Patch,323-500-156,Top,Stony,0
2018,Porter Patch,323-500-156,Bottom,Stony,0
2018,Porter Patch,324-100-022,Top,Stony,0
2018,Porter Patch,324-100-022,Bottom,Stony,0
2018,Porter Patch,324-100-046,Top,Stony,0
2018,Porter Patch,324-100-046,Bottom,Stony,0
2018,Porter Patch,324-100-095,Top,Stony,1
2018,Porter Patch,324-100-095,Bottom,Stony,0
2018,Porter Patch,324-100-199,Top,Stony,0
2018,Porter Patch,324-100-199,Bottom,Stony,0
2018,Porter Patch,324-500-036,Top,Stony,0
2018,Porter Patch,324-500-036,Bottom,Stony,0
2018,Porter Patch,324-500-064,Bottom,Stony,1
2018,Porter Patch,324-500-064,Top,Stony,2
2018,Porter Patch,324-500-158,Bottom,Stony,1
2018,Porter Patch,324-500-158,Top,Stony,2
2018,Porter Patch,324-500-209,Top,Stony,0
2018,Porter Patch,324-500-209,Bottom,Stony,0
2018,Admiral Patch,331-100-098,Top,Stony,0
2018,Admiral Patch,331-100-098,Bottom,Stony,0
2018,Admiral Patch,331-100-139,Top,Stony,0
2018,Admiral Patch,331-100-139,Bottom,Stony,0
2018,Admiral Patch,331-100-183,Top,Stony,0
2018,Admiral Patch,331-100-183,Bottom,Stony,0
2018,Admiral Patch,331-500-012,Top,Stony,0
2018,Admiral Patch,331-500-012,Bottom,Stony,0
2018,Admiral Patch,331-500-033,Top,Stony,0
2018,Admiral Patch,331-500-033,Bottom,Stony,0
2018,Admiral Patch,331-500-104,Top,Stony,0
2018,Admiral Patch,331-500-104,Bottom,Stony,0
2018,Admiral Patch,331-500-180,Top,Stony,0
2018,Admiral Patch,331-500-180,Bottom,Stony,0
2018,Admiral Patch,331-500-221,Top,Stony,0
2018,Admiral Patch,331-500-221,Bottom,Stony,0
2018,Admiral Patch,332-100-024,Top,Stony,0
2018,Admiral Patch,332-100-024,Bottom,Stony,0
2018,Admiral Patch,332-100-094,Top,Stony,0
2018,Admiral Patch,332-100-094,Bottom,Stony,0
2018,Admiral Patch,332-100-102,Top,Stony,0
2018,Admiral Patch,332-100-102,Bottom,Stony,0
2018,Admiral Patch,332-100-177,Top,Stony,0
2018,Admiral Patch,332-100-177,Bottom,Stony,0
2018,Admiral Patch,332-500-081,Top,Stony,0
2018,Admiral Patch,332-500-081,Bottom,Stony,0
2018,Admiral Patch,332-500-094,Top,Stony,0
2018,Admiral Patch,332-500-094,Bottom,Stony,0
2018,Admiral Patch,332-500-154,Top,Stony,0
2018,Admiral Patch,332-500-154,Bottom,Stony,0
2018,Admiral Patch,333-100-060,Top,Stony,0
2018,Admiral Patch,333-100-060,Bottom,Stony,0
2018,Admiral Patch,333-100-084,Top,Stony,0
2018,Admiral Patch,333-100-084,Bottom,Stony,0
2018,Admiral Patch,333-100-091,Top,Stony,0
2018,Admiral Patch,333-100-091,Bottom,Stony,0
2018,Admiral Patch,333-100-192,Top,Stony,0
2018,Admiral Patch,333-100-192,Bottom,Stony,0
2018,Admiral Patch,333-500-022,Top,Stony,0
2018,Admiral Patch,333-500-022,Bottom,Stony,0
2018,Admiral Patch,333-500-111,Top,Stony,0
2018,Admiral Patch,333-500-111,Bottom,Stony,0
2018,Admiral Patch,333-500-154,Top,Stony,0
2018,Admiral Patch,333-500-154,Bottom,Stony,0
2018,Admiral Patch,333-500-195,Top,Stony,0
2018,Admiral Patch,333-500-195,Bottom,Stony,0
2018,Admiral Patch,334-100-035,Top,Stony,0
2018,Admiral Patch,334-100-035,Bottom,Stony,0
2018,Admiral Patch,334-100-067,Top,Stony,0
2018,Admiral Patch,334-100-067,Bottom,Stony,0
2018,Admiral Patch,334-100-194,Top,Stony,4
2018,Admiral Patch,334-100-194,Bottom,Stony,0
2018,Admiral Patch,334-500-021,Top,Stony,0
2018,Admiral Patch,334-500-021,Bottom,Stony,0
2018,Admiral Patch,334-500-067,Top,Stony,2
2018,Admiral Patch,334-500-067,Bottom,Stony,0
2018,Admiral Patch,334-500-134,Top,Stony,0
2018,Admiral Patch,334-500-134,Bottom,Stony,0
2018,Admiral Patch,334-500-222,Top,Stony,1
2018,Admiral Patch,334-500-222,Bottom,Stony,0
2018,West Turtle Shoals,341-100-062,Top,Stony,0
2018,West Turtle Shoals,341-100-062,Bottom,Stony,0
2018,West Turtle Shoals,341-100-096,Bottom,Stony,2
2018,West Turtle Shoals,341-100-096,Top,Stony,1
2018,West Turtle Shoals,341-100-116,Top,Stony,0
2018,West Turtle Shoals,341-100-116,Bottom,Stony,0
2018,West Turtle Shoals,341-100-162,Top,Stony,9
2018,West Turtle Shoals,341-100-162,Bottom,Stony,0
2018,West Turtle Shoals,341-500-049,Top,Stony,2
2018,West Turtle Shoals,341-500-049,Bottom,Stony,0
2018,West Turtle Shoals,341-500-078,Top,Stony,0
2018,West Turtle Shoals,341-500-078,Bottom,Stony,0
2018,West Turtle Shoals,341-500-088,Top,Stony,5
2018,West Turtle Shoals,341-500-088,Bottom,Stony,0
2018,West Turtle Shoals,341-500-230,Top,Stony,0
2018,West Turtle Shoals,341-500-230,Bottom,Stony,0
2018,West Turtle Shoals,342-100-003,Top,Stony,0
2018,West Turtle Shoals,342-100-003,Bottom,Stony,0
2018,West Turtle Shoals,342-100-033,Top,Stony,0
2018,West Turtle Shoals,342-100-033,Bottom,Stony,0
2018,West Turtle Shoals,342-100-156,Top,Stony,1
2018,West Turtle Shoals,342-100-156,Bottom,Stony,0
2018,West Turtle Shoals,342-100-199,Top,Stony,2
2018,West Turtle Shoals,342-100-199,Bottom,Stony,0
2018,West Turtle Shoals,342-500-023,Bottom,Stony,1
2018,West Turtle Shoals,342-500-023,Top,Stony,6
2018,West Turtle Shoals,342-500-061,Top,Stony,2
2018,West Turtle Shoals,342-500-061,Bottom,Stony,0
2018,West Turtle Shoals,342-500-134,Top,Stony,0
2018,West Turtle Shoals,342-500-134,Bottom,Stony,0
2018,West Turtle Shoals,342-500-205,Top,Stony,5
2018,West Turtle Shoals,342-500-205,Bottom,Stony,0
2018,West Turtle Shoals,343-100-008,Bottom,Stony,23
2018,West Turtle Shoals,343-100-008,Top,Stony,5
2018,West Turtle Shoals,343-100-023,Top,Stony,0
2018,West Turtle Shoals,343-100-023,Bottom,Stony,0
2018,West Turtle Shoals,343-100-146,Bottom,Stony,3
2018,West Turtle Shoals,343-100-146,Top,Stony,24
2018,West Turtle Shoals,343-100-193,Top,Stony,1
2018,West Turtle Shoals,343-100-193,Bottom,Stony,0
2018,West Turtle Shoals,343-500-008,Top,Stony,6
2018,West Turtle Shoals,343-500-008,Bottom,Stony,0
2018,West Turtle Shoals,343-500-045,Bottom,Stony,1
2018,West Turtle Shoals,343-500-045,Top,Stony,7
2018,West Turtle Shoals,343-500-094,Bottom,Stony,1
2018,West Turtle Shoals,343-500-094,Top,Stony,2
2018,West Turtle Shoals,344-100-060,Top,Stony,11
2018,West Turtle Shoals,344-100-060,Bottom,Stony,0
2018,West Turtle Shoals,344-100-116,Bottom,Stony,2
2018,West Turtle Shoals,344-100-116,Top,Stony,10
2018,West Turtle Shoals,344-100-132,Top,Stony,26
2018,West Turtle Shoals,344-100-132,Bottom,Stony,0
2018,West Turtle Shoals,344-100-180,Top,Stony,0
2018,West Turtle Shoals,344-100-180,Bottom,Stony,0
2018,West Turtle Shoals,344-500-035,Top,Stony,0
2018,West Turtle Shoals,344-500-035,Bottom,Stony,0
2018,West Turtle Shoals,344-500-076,Top,Stony,0
2018,West Turtle Shoals,344-500-076,Bottom,Stony,0
2018,West Turtle Shoals,344-500-103,Top,Stony,3
2018,West Turtle Shoals,344-500-103,Bottom,Stony,0
2018,West Turtle Shoals,344-500-187,Top,Stony,23
2018,West Turtle Shoals,344-500-187,Bottom,Stony,0
2018,Dustan Rocks,351-100-055,Top,Stony,0
2018,Dustan Rocks,351-100-055,Bottom,Stony,0
2018,Dustan Rocks,351-100-112,Top,Stony,3
2018,Dustan Rocks,351-100-112,Bottom,Stony,0
2018,Dustan Rocks,351-100-157,Top,Stony,0
2018,Dustan Rocks,351-100-157,Bottom,Stony,0
2018,Dustan Rocks,351-100-192,Top,Stony,0
2018,Dustan Rocks,351-100-192,Bottom,Stony,0
2018,Dustan Rocks,351-500-083,Top,Stony,4
2018,Dustan Rocks,351-500-083,Bottom,Stony,0
2018,Dustan Rocks,351-500-139,Top,Stony,2
2018,Dustan Rocks,351-500-139,Bottom,Stony,0
2018,Dustan Rocks,351-500-154,Top,Stony,0
2018,Dustan Rocks,351-500-154,Bottom,Stony,0
2018,Dustan Rocks,352-100-027,Top,Stony,7
2018,Dustan Rocks,352-100-027,Bottom,Stony,0
2018,Dustan Rocks,352-100-120,Top,Stony,0
2018,Dustan Rocks,352-100-120,Bottom,Stony,0
2018,Dustan Rocks,352-100-139,Top,Stony,3
2018,Dustan Rocks,352-500-035,Top,Stony,3
2018,Dustan Rocks,352-500-035,Bottom,Stony,0
2018,Dustan Rocks,352-500-117,Top,Stony,0
2018,Dustan Rocks,352-500-117,Bottom,Stony,0
2018,Dustan Rocks,352-500-150,Top,Stony,8
2018,Dustan Rocks,352-500-150,Bottom,Stony,0
2018,Dustan Rocks,352-500-218,Top,Stony,0
2018,Dustan Rocks,352-500-218,Bottom,Stony,0
2018,Dustan Rocks,353-100-016,Top,Stony,2
2018,Dustan Rocks,353-100-016,Bottom,Stony,0
2018,Dustan Rocks,353-100-071,Top,Stony,6
2018,Dustan Rocks,353-100-071,Bottom,Stony,0
2018,Dustan Rocks,353-100-185,Top,Stony,14
2018,Dustan Rocks,353-100-185,Bottom,Stony,0
2018,Dustan Rocks,353-100-206,Top,Stony,0
2018,Dustan Rocks,353-100-206,Bottom,Stony,0
2018,Dustan Rocks,353-500-000,Top,Stony,1
2018,Dustan Rocks,353-500-000,Bottom,Stony,0
2018,Dustan Rocks,353-500-047,Top,Stony,15
2018,Dustan Rocks,353-500-047,Bottom,Stony,0
2018,Dustan Rocks,353-500-083,Top,Stony,1
2018,Dustan Rocks,353-500-083,Bottom,Stony,0
2018,Dustan Rocks,353-500-194,Bottom,Stony,1
2018,Dustan Rocks,353-500-194,Top,Stony,0
2018,Dustan Rocks,354-100-032,Top,Stony,17
2018,Dustan Rocks,354-100-032,Bottom,Stony,0
2018,Dustan Rocks,354-100-045,Bottom,Stony,1
2018,Dustan Rocks,354-100-045,Top,Stony,7
2018,Dustan Rocks,354-100-103,Top,Stony,0
2018,Dustan Rocks,354-100-103,Bottom,Stony,0
2018,Dustan Rocks,354-100-144,Top,Stony,2
2018,Dustan Rocks,354-100-144,Bottom,Stony,0
2018,Dustan Rocks,354-500-043,Top,Stony,3
2018,Dustan Rocks,354-500-043,Bottom,Stony,0
2018,Dustan Rocks,354-500-054,Top,Stony,18
2018,Dustan Rocks,354-500-054,Bottom,Stony,0
2018,Dustan Rocks,354-500-185,Top,Stony,1
2018,Dustan Rocks,354-500-185,Bottom,Stony,0
2018,Dustan Rocks,354-500-202,Top,Stony,1
2018,Dustan Rocks,354-500-202,Bottom,Stony,0
2018,West Washerwoman,361-100-046,Top,Stony,10
2018,West Washerwoman,361-100-046,Bottom,Stony,0
2018,West Washerwoman,361-100-089,Top,Stony,78
2018,West Washerwoman,361-100-089,Bottom,Stony,0
2018,West Washerwoman,361-100-140,Top,Stony,14
2018,West Washerwoman,361-100-140,Bottom,Stony,0
2018,West Washerwoman,361-100-188,Top,Stony,3
2018,West Washerwoman,361-100-188,Bottom,Stony,0
2018,West Washerwoman,361-500-019,Top,Stony,0
2018,West Washerwoman,361-500-019,Bottom,Stony,0
2018,West Washerwoman,361-500-073,Top,Stony,8
2018,West Washerwoman,361-500-073,Bottom,Stony,0
2018,West Washerwoman,361-500-159,Top,Stony,0
2018,West Washerwoman,361-500-159,Bottom,Stony,0
2018,West Washerwoman,361-500-169,Top,Stony,0
2018,West Washerwoman,361-500-169,Bottom,Stony,0
2018,West Washerwoman,362-100-059,Bottom,Stony,1
2018,West Washerwoman,362-100-059,Top,Stony,45
2018,West Washerwoman,362-100-091,Top,Stony,0
2018,West Washerwoman,362-100-091,Bottom,Stony,0
2018,West Washerwoman,362-100-109,Top,Stony,1
2018,West Washerwoman,362-100-109,Bottom,Stony,0
2018,West Washerwoman,362-100-130,Top,Stony,40
2018,West Washerwoman,362-100-130,Bottom,Stony,0
2018,West Washerwoman,362-500-058,Top,Stony,47
2018,West Washerwoman,362-500-058,Bottom,Stony,0
2018,West Washerwoman,362-500-145,Top,Stony,30
2018,West Washerwoman,362-500-145,Bottom,Stony,0
2018,West Washerwoman,362-500-157,Top,Stony,10
2018,West Washerwoman,362-500-157,Bottom,Stony,0
2018,West Washerwoman,362-500-213,Top,Stony,5
2018,West Washerwoman,362-500-213,Bottom,Stony,0
2018,West Washerwoman,363-100-055,Top,Stony,8
2018,West Washerwoman,363-100-055,Bottom,Stony,0
2018,West Washerwoman,363-100-072,Top,Stony,31
2018,West Washerwoman,363-100-072,Bottom,Stony,0
2018,West Washerwoman,363-100-137,Top,Stony,37
2018,West Washerwoman,363-100-137,Bottom,Stony,0
2018,West Washerwoman,363-100-167,Top,Stony,55
2018,West Washerwoman,363-100-167,Bottom,Stony,0
2018,West Washerwoman,363-500-032,Top,Stony,57
2018,West Washerwoman,363-500-032,Bottom,Stony,0
2018,West Washerwoman,363-500-115,Top,Stony,63
2018,West Washerwoman,363-500-115,Bottom,Stony,0
2018,West Washerwoman,363-500-152,Top,Stony,0
2018,West Washerwoman,363-500-152,Bottom,Stony,0
2018,West Washerwoman,363-500-207,Top,Stony,4
2018,West Washerwoman,363-500-207,Bottom,Stony,0
2018,West Washerwoman,364-100-027,Top,Stony,0
2018,West Washerwoman,364-100-027,Bottom,Stony,0
2018,West Washerwoman,364-100-091,Top,Stony,57
2018,West Washerwoman,364-100-091,Bottom,Stony,0
2018,West Washerwoman,364-100-125,Top,Stony,9
2018,West Washerwoman,364-100-125,Bottom,Stony,0
2018,West Washerwoman,364-100-194,Top,Stony,1
2018,West Washerwoman,364-100-194,Bottom,Stony,0
2018,West Washerwoman,364-500-104,Top,Stony,0
2018,West Washerwoman,364-500-104,Bottom,Stony,0
2018,West Washerwoman,364-500-120,Top,Stony,5
2018,West Washerwoman,364-500-120,Bottom,Stony,0
2018,West Washerwoman,364-500-170,Top,Stony,1
2018,West Washerwoman,364-500-170,Bottom,Stony,0
2018,West Washerwoman,364-500-198,Top,Stony,2
2018,West Washerwoman,364-500-198,Bottom,Stony,0
2018,Carysfort Shallow,501-100-010,Top,Stony,0
2018,Carysfort Shallow,501-100-010,Bottom,Stony,0
2018,Carysfort Shallow,501-100-159,Top,Stony,0
2018,Carysfort Shallow,501-100-159,Bottom,Stony,0
2018,Carysfort Shallow,501-500-016,Top,Stony,0
2018,Carysfort Shallow,501-500-016,Bottom,Stony,0
2018,Carysfort Shallow,501-500-034,Top,Stony,2
2018,Carysfort Shallow,501-500-084,Top,Stony,0
2018,Carysfort Shallow,501-500-084,Bottom,Stony,0
2018,Carysfort Shallow,502-100-144,Top,Stony,0
2018,Carysfort Shallow,502-100-144,Bottom,Stony,0
2018,Carysfort Shallow,502-100-181,Bottom,Stony,0
2018,Carysfort Shallow,502-500-028,Top,Stony,0
2018,Carysfort Shallow,502-500-028,Bottom,Stony,0
2018,Carysfort Shallow,502-500-045,Bottom,Stony,1
2018,Carysfort Shallow,502-500-045,Top,Stony,0
2018,Carysfort Shallow,502-500-115,Top,Stony,0
2018,Carysfort Shallow,502-500-115,Bottom,Stony,0
2018,Carysfort Shallow,503-100-044,Top,Stony,1
2018,Carysfort Shallow,503-100-044,Bottom,Stony,0
2018,Carysfort Shallow,503-100-070,Top,Stony,0
2018,Carysfort Shallow,503-100-070,Bottom,Stony,0
2018,Carysfort Shallow,503-100-089,Top,Stony,0
2018,Carysfort Shallow,503-100-089,Bottom,Stony,0
2018,Carysfort Shallow,503-100-183,Top,Stony,0
2018,Carysfort Shallow,503-100-183,Bottom,Stony,0
2018,Carysfort Shallow,503-500-063,Bottom,Stony,1
2018,Carysfort Shallow,503-500-063,Top,Stony,0
2018,Carysfort Shallow,503-500-092,Top,Stony,0
2018,Carysfort Shallow,503-500-092,Bottom,Stony,0
2018,Carysfort Shallow,503-500-118,Top,Stony,1
2018,Carysfort Shallow,503-500-118,Bottom,Stony,0
2018,Carysfort Shallow,503-500-145,Top,Stony,0
2018,Carysfort Shallow,503-500-145,Bottom,Stony,0
2018,Carysfort Shallow,504-100-019,Top,Stony,0
2018,Carysfort Shallow,504-100-019,Bottom,Stony,0
2018,Carysfort Shallow,504-100-138,Top,Stony,0
2018,Carysfort Shallow,504-100-138,Bottom,Stony,0
2018,Carysfort Shallow,504-100-171,Top,Stony,0
2018,Carysfort Shallow,504-100-171,Bottom,Stony,0
2018,Carysfort Shallow,504-100-184,Top,Stony,0
2018,Carysfort Shallow,504-100-184,Bottom,Stony,0
2018,Carysfort Shallow,504-500-021,Top,Stony,0
2018,Carysfort Shallow,504-500-021,Bottom,Stony,0
2018,Carysfort Shallow,504-500-060,Top,Stony,0
2018,Carysfort Shallow,504-500-060,Bottom,Stony,0
2018,Carysfort Shallow,504-500-159,Top,Stony,0
2018,Carysfort Shallow,504-500-159,Bottom,Stony,0
2018,Carysfort Shallow,504-500-210,Top,Stony,0
2018,Carysfort Shallow,504-500-210,Bottom,Stony,0
2018,Molasses Shallow,521-100-011,Bottom,Stony,4
2018,Molasses Shallow,521-100-011,Top,Stony,0
2018,Molasses Shallow,521-100-027,Top,Stony,0
2018,Molasses Shallow,521-100-027,Bottom,Stony,0
2018,Molasses Shallow,521-100-088,Top,Stony,0
2018,Molasses Shallow,521-100-088,Bottom,Stony,0
2018,Molasses Shallow,521-100-174,Top,Stony,1
2018,Molasses Shallow,521-100-174,Bottom,Stony,0
2018,Molasses Shallow,521-500-061,Bottom,Stony,2
2018,Molasses Shallow,521-500-061,Top,Stony,3
2018,Molasses Shallow,521-500-137,Top,Stony,0
2018,Molasses Shallow,521-500-137,Bottom,Stony,0
2018,Molasses Shallow,521-500-205,Bottom,Stony,2
2018,Molasses Shallow,521-500-205,Top,Stony,2
2018,Molasses Shallow,522-100-058,Top,Stony,0
2018,Molasses Shallow,522-100-058,Bottom,Stony,0
2018,Molasses Shallow,522-100-091,Top,Stony,0
2018,Molasses Shallow,522-100-091,Bottom,Stony,0
2018,Molasses Shallow,522-100-139,Top,Stony,0
2018,Molasses Shallow,522-100-139,Bottom,Stony,0
2018,Molasses Shallow,522-500-033,Top,Stony,1
2018,Molasses Shallow,522-500-033,Bottom,Stony,0
2018,Molasses Shallow,522-500-063,Bottom,Stony,4
2018,Molasses Shallow,522-500-063,Top,Stony,0
2018,Molasses Shallow,522-500-138,Top,Stony,0
2018,Molasses Shallow,522-500-138,Bottom,Stony,0
2018,Molasses Shallow,522-500-200,Bottom,Stony,3
2018,Molasses Shallow,522-500-200,Top,Stony,0
2018,Molasses Shallow,523-100-157,Top,Stony,0
2018,Molasses Shallow,523-500-063,Top,Stony,0
2018,Molasses Shallow,523-500-063,Bottom,Stony,0
2018,Molasses Shallow,523-500-101,Bottom,Stony,1
2018,Molasses Shallow,523-500-101,Top,Stony,0
2018,Molasses Shallow,523-500-167,Bottom,Stony,1
2018,Molasses Shallow,523-500-167,Top,Stony,0
2018,Molasses Shallow,524-100-019,Bottom,Stony,1
2018,Molasses Shallow,524-100-019,Top,Stony,0
2018,Molasses Shallow,524-100-051,Bottom,Stony,1
2018,Molasses Shallow,524-100-051,Top,Stony,0
2018,Molasses Shallow,524-100-132,Bottom,Stony,1
2018,Molasses Shallow,524-100-132,Top,Stony,1
2018,Molasses Shallow,524-100-163,Bottom,Stony,4
2018,Molasses Shallow,524-100-163,Top,Stony,0
2018,Molasses Shallow,524-500-019,Bottom,Stony,6
2018,Molasses Shallow,524-500-019,Top,Stony,0
2018,Molasses Shallow,524-500-036,Bottom,Stony,2
2018,Molasses Shallow,524-500-036,Top,Stony,0
2018,Molasses Shallow,524-500-089,Bottom,Stony,1
2018,Molasses Shallow,524-500-089,Top,Stony,0
2018,Molasses Shallow,524-500-165,Top,Stony,0
2018,Molasses Shallow,524-500-165,Bottom,Stony,0
2018,Tennessee Shallow,551-100-012,Top,Stony,0
2018,Tennessee Shallow,551-100-012,Bottom,Stony,0
2018,Tennessee Shallow,551-100-073,Top,Stony,1
2018,Tennessee Shallow,551-100-073,Bottom,Stony,0
2018,Tennessee Shallow,551-100-192,Bottom,Stony,0
2018,Tennessee Shallow,551-500-088,Top,Stony,0
2018,Tennessee Shallow,551-500-088,Bottom,Stony,0
2018,Tennessee Shallow,552-100-012,Top,Stony,4
2018,Tennessee Shallow,552-100-012,Bottom,Stony,0
2018,Tennessee Shallow,552-500-028,Bottom,Stony,1
2018,Tennessee Shallow,552-500-083,Top,Stony,0
2018,Tennessee Shallow,552-500-083,Bottom,Stony,0
2018,Tennessee Shallow,552-500-106,Bottom,Stony,1
2018,Tennessee Shallow,552-500-106,Top,Stony,1
2018,Tennessee Shallow,553-100-133,Top,Stony,0
2018,Tennessee Shallow,553-100-133,Bottom,Stony,0
2018,Tennessee Shallow,553-100-154,Top,Stony,0
2018,Tennessee Shallow,553-100-154,Bottom,Stony,0
2018,Tennessee Shallow,553-100-176,Top,Stony,0
2018,Tennessee Shallow,553-100-176,Bottom,Stony,0
2018,Tennessee Shallow,553-500-030,Top,Stony,0
2018,Tennessee Shallow,553-500-030,Bottom,Stony,0
2018,Tennessee Shallow,553-500-087,Bottom,Stony,1
2018,Tennessee Shallow,553-500-087,Top,Stony,0
2018,Tennessee Shallow,553-500-121,Top,Stony,1
2018,Tennessee Shallow,553-500-121,Bottom,Stony,0
2018,Tennessee Shallow,553-500-160,Top,Stony,0
2018,Tennessee Shallow,553-500-160,Bottom,Stony,0
2018,Tennessee Shallow,554-100-014,Top,Stony,0
2018,Tennessee Shallow,554-100-014,Bottom,Stony,0
2018,Tennessee Shallow,554-100-179,Top,Stony,0
2018,Tennessee Shallow,554-100-179,Bottom,Stony,0
2018,Tennessee Shallow,554-500-049,Top,Stony,1
2018,Tennessee Shallow,554-500-049,Bottom,Stony,0
2018,Tennessee Shallow,554-500-114,Top,Stony,0
2018,Tennessee Shallow,554-500-114,Bottom,Stony,0
2018,Tennessee Shallow,554-500-171,Top,Stony,1
2018,Tennessee Shallow,554-500-171,Bottom,Stony,0
2018,Sombrero Shallow,561-100-028,Bottom,Stony,1
2018,Sombrero Shallow,561-100-028,Top,Stony,1
2018,Sombrero Shallow,561-100-083,Top,Stony,0
2018,Sombrero Shallow,561-100-083,Bottom,Stony,0
2018,Sombrero Shallow,561-100-097,Top,Stony,2
2018,Sombrero Shallow,561-100-097,Bottom,Stony,0
2018,Sombrero Shallow,561-100-139,Top,Stony,0
2018,Sombrero Shallow,561-100-139,Bottom,Stony,0
2018,Sombrero Shallow,561-500-083,Bottom,Stony,2
2018,Sombrero Shallow,561-500-083,Top,Stony,0
2018,Sombrero Shallow,561-500-108,Bottom,Stony,3
2018,Sombrero Shallow,561-500-108,Top,Stony,0
2018,Sombrero Shallow,561-500-154,Bottom,Stony,11
2018,Sombrero Shallow,561-500-154,Top,Stony,0
2018,Sombrero Shallow,561-500-195,Bottom,Stony,1
2018,Sombrero Shallow,561-500-195,Top,Stony,5
2018,Sombrero Shallow,562-100-060,Top,Stony,0
2018,Sombrero Shallow,562-100-060,Bottom,Stony,0
2018,Sombrero Shallow,562-500-039,Top,Stony,0
2018,Sombrero Shallow,562-500-039,Bottom,Stony,0
2018,Sombrero Shallow,562-500-077,Top,Stony,0
2018,Sombrero Shallow,562-500-077,Bottom,Stony,0
2018,Sombrero Shallow,562-500-126,Top,Stony,0
2018,Sombrero Shallow,562-500-126,Bottom,Stony,0
2018,Sombrero Shallow,562-500-164,Top,Stony,0
2018,Sombrero Shallow,562-500-164,Bottom,Stony,0
2018,Sombrero Shallow,563-100-013,Top,Stony,1
2018,Sombrero Shallow,563-100-013,Bottom,Stony,0
2018,Sombrero Shallow,563-100-073,Top,Stony,1
2018,Sombrero Shallow,563-100-073,Bottom,Stony,0
2018,Sombrero Shallow,563-100-107,Top,Stony,0
2018,Sombrero Shallow,563-100-107,Bottom,Stony,0
2018,Sombrero Shallow,563-100-179,Top,Stony,0
2018,Sombrero Shallow,563-100-179,Bottom,Stony,0
2018,Sombrero Shallow,563-500-047,Top,Stony,0
2018,Sombrero Shallow,563-500-047,Bottom,Stony,0
2018,Sombrero Shallow,563-500-081,Top,Stony,0
2018,Sombrero Shallow,563-500-081,Bottom,Stony,0
2018,Sombrero Shallow,563-500-125,Top,Stony,0
2018,Sombrero Shallow,563-500-125,Bottom,Stony,0
2018,Sombrero Shallow,563-500-188,Top,Stony,0
2018,Sombrero Shallow,563-500-188,Bottom,Stony,0
2018,Sombrero Shallow,564-100-071,Bottom,Stony,1
2018,Sombrero Shallow,564-100-071,Top,Stony,0
2018,Sombrero Shallow,564-100-110,Bottom,Stony,1
2018,Sombrero Shallow,564-100-110,Top,Stony,0
2018,Sombrero Shallow,564-100-162,Top,Stony,0
2018,Sombrero Shallow,564-100-162,Bottom,Stony,0
2018,Sombrero Shallow,564-500-067,Top,Stony,0
2018,Sombrero Shallow,564-500-067,Bottom,Stony,0
2018,Sombrero Shallow,564-500-092,Top,Stony,0
2018,Sombrero Shallow,564-500-092,Bottom,Stony,0
2018,Sombrero Shallow,564-500-160,Top,Stony,0
2018,Sombrero Shallow,564-500-160,Bottom,Stony,0
2018,Sombrero Shallow,564-500-177,Top,Stony,0
2018,Sombrero Shallow,564-500-177,Bottom,Stony,0
2018,Western Sambo Shallow,591-100-031,Top,Stony,0
2018,Western Sambo Shallow,591-100-031,Bottom,Stony,0
2018,Western Sambo Shallow,591-100-052,Top,Stony,0
2018,Western Sambo Shallow,591-100-052,Bottom,Stony,0
2018,Western Sambo Shallow,591-100-154,Top,Stony,0
2018,Western Sambo Shallow,591-100-154,Bottom,Stony,0
2018,Western Sambo Shallow,591-500-019,Top,Stony,0
2018,Western Sambo Shallow,591-500-019,Bottom,Stony,0
2018,Western Sambo Shallow,591-500-157,Top,Stony,0
2018,Western Sambo Shallow,591-500-157,Bottom,Stony,0
2018,Western Sambo Shallow,592-100-039,Top,Stony,0
2018,Western Sambo Shallow,592-100-039,Bottom,Stony,0
2018,Western Sambo Shallow,592-100-115,Top,Stony,0
2018,Western Sambo Shallow,592-100-115,Bottom,Stony,0
2018,Western Sambo Shallow,592-100-162,Top,Stony,0
2018,Western Sambo Shallow,592-100-162,Bottom,Stony,0
2018,Western Sambo Shallow,592-100-199,Top,Stony,0
2018,Western Sambo Shallow,592-100-199,Bottom,Stony,0
2018,Western Sambo Shallow,592-500-053,Bottom,Stony,1
2018,Western Sambo Shallow,592-500-053,Top,Stony,2
2018,Western Sambo Shallow,592-500-112,Top,Stony,0
2018,Western Sambo Shallow,592-500-112,Bottom,Stony,0
2018,Western Sambo Shallow,592-500-148,Top,Stony,1
2018,Western Sambo Shallow,592-500-148,Bottom,Stony,0
2018,Western Sambo Shallow,592-500-243,Bottom,Stony,2
2018,Western Sambo Shallow,592-500-243,Top,Stony,0
2018,Western Sambo Shallow,593-100-015,Top,Stony,0
2018,Western Sambo Shallow,593-100-015,Bottom,Stony,0
2018,Western Sambo Shallow,593-100-063,Top,Stony,0
2018,Western Sambo Shallow,593-100-063,Bottom,Stony,0
2018,Western Sambo Shallow,593-100-109,Top,Stony,0
2018,Western Sambo Shallow,593-100-109,Bottom,Stony,0
2018,Western Sambo Shallow,593-500-022,Bottom,Stony,2
2018,Western Sambo Shallow,593-500-060,Bottom,Stony,10
2018,Western Sambo Shallow,593-500-134,Top,Stony,0
2018,Western Sambo Shallow,593-500-134,Bottom,Stony,0
2018,Western Sambo Shallow,594-100-021,Top,Stony,0
2018,Western Sambo Shallow,594-100-021,Bottom,Stony,0
2018,Western Sambo Shallow,594-100-073,Top,Stony,0
2018,Western Sambo Shallow,594-100-073,Bottom,Stony,0
2018,Western Sambo Shallow,594-100-124,Top,Stony,0
2018,Western Sambo Shallow,594-100-124,Bottom,Stony,0
2018,Western Sambo Shallow,594-100-174,Top,Stony,0
2018,Western Sambo Shallow,594-100-174,Bottom,Stony,0
2018,Western Sambo Shallow,594-500-011,Top,Stony,0
2018,Western Sambo Shallow,594-500-011,Bottom,Stony,0
2018,Western Sambo Shallow,594-500-035,Bottom,Stony,1
2018,Western Sambo Shallow,594-500-035,Top,Stony,0
2018,Western Sambo Shallow,594-500-149,Top,Stony,0
2018,Western Sambo Shallow,594-500-149,Bottom,Stony,0
2018,Western Sambo Shallow,594-500-189,Top,Stony,0
2018,Western Sambo Shallow,594-500-189,Bottom,Stony,0
2018,Sand Key Shallow,611-100-006,Top,Stony,2
2018,Sand Key Shallow,611-100-006,Bottom,Stony,0
2018,Sand Key Shallow,611-100-057,Bottom,Stony,1
2018,Sand Key Shallow,611-100-057,Top,Stony,1
2018,Sand Key Shallow,611-100-155,Top,Stony,0
2018,Sand Key Shallow,611-100-155,Bottom,Stony,0
2018,Sand Key Shallow,611-100-205,Top,Stony,0
2018,Sand Key Shallow,611-100-205,Bottom,Stony,0
2018,Sand Key Shallow,611-500-026,Top,Stony,0
2018,Sand Key Shallow,611-500-026,Bottom,Stony,0
2018,Sand Key Shallow,611-500-142,Top,Stony,0
2018,Sand Key Shallow,611-500-142,Bottom,Stony,0
2018,Sand Key Shallow,611-500-169,Top,Stony,0
2018,Sand Key Shallow,611-500-169,Bottom,Stony,0
2018,Sand Key Shallow,611-500-202,Top,Stony,1
2018,Sand Key Shallow,611-500-202,Bottom,Stony,0
2018,Sand Key Shallow,612-100-023,Top,Stony,1
2018,Sand Key Shallow,612-100-023,Bottom,Stony,0
2018,Sand Key Shallow,612-100-060,Top,Stony,0
2018,Sand Key Shallow,612-100-060,Bottom,Stony,0
2018,Sand Key Shallow,612-100-101,Top,Stony,0
2018,Sand Key Shallow,612-100-101,Bottom,Stony,0
2018,Sand Key Shallow,612-100-172,Top,Stony,1
2018,Sand Key Shallow,612-100-172,Bottom,Stony,0
2018,Sand Key Shallow,612-500-036,Bottom,Stony,4
2018,Sand Key Shallow,612-500-036,Top,Stony,0
2018,Sand Key Shallow,612-500-105,Bottom,Stony,3
2018,Sand Key Shallow,612-500-105,Top,Stony,0
2018,Sand Key Shallow,612-500-145,Top,Stony,0
2018,Sand Key Shallow,612-500-145,Bottom,Stony,0
2018,Sand Key Shallow,612-500-187,Bottom,Stony,1
2018,Sand Key Shallow,612-500-187,Top,Stony,3
2018,Sand Key Shallow,613-100-020,Top,Stony,0
2018,Sand Key Shallow,613-100-020,Bottom,Stony,0
2018,Sand Key Shallow,613-100-045,Top,Stony,0
2018,Sand Key Shallow,613-100-045,Bottom,Stony,0
2018,Sand Key Shallow,613-100-097,Top,Stony,0
2018,Sand Key Shallow,613-100-097,Bottom,Stony,0
2018,Sand Key Shallow,613-100-176,Top,Stony,1
2018,Sand Key Shallow,613-100-176,Bottom,Stony,0
2018,Sand Key Shallow,613-500-057,Bottom,Stony,1
2018,Sand Key Shallow,613-500-057,Top,Stony,3
2018,Sand Key Shallow,613-500-101,Bottom,Stony,4
2018,Sand Key Shallow,613-500-101,Top,Stony,0
2018,Sand Key Shallow,613-500-153,Top,Stony,0
2018,Sand Key Shallow,613-500-153,Bottom,Stony,0
2018,Sand Key Shallow,613-500-168,Top,Stony,0
2018,Sand Key Shallow,613-500-168,Bottom,Stony,0
2018,Sand Key Shallow,614-100-010,Bottom,Stony,2
2018,Sand Key Shallow,614-100-010,Top,Stony,3
2018,Sand Key Shallow,614-100-069,Top,Stony,0
2018,Sand Key Shallow,614-100-069,Bottom,Stony,0
2018,Sand Key Shallow,614-100-149,Top,Stony,2
2018,Sand Key Shallow,614-100-149,Bottom,Stony,0
2018,Sand Key Shallow,614-500-018,Top,Stony,0
2018,Sand Key Shallow,614-500-018,Bottom,Stony,0
2018,Sand Key Shallow,614-500-107,Top,Stony,0
2018,Sand Key Shallow,614-500-107,Bottom,Stony,0
2018,Carysfort Deep,701-100-007,Top,Stony,0
2018,Carysfort Deep,701-100-007,Bottom,Stony,0
2018,Carysfort Deep,701-100-055,Top,Stony,0
2018,Carysfort Deep,701-100-055,Bottom,Stony,0
2018,Carysfort Deep,701-100-106,Top,Stony,0
2018,Carysfort Deep,701-100-106,Bottom,Stony,0
2018,Carysfort Deep,701-100-197,Top,Stony,0
2018,Carysfort Deep,701-100-197,Bottom,Stony,0
2018,Carysfort Deep,701-500-011,Bottom,Stony,2
2018,Carysfort Deep,701-500-011,Top,Stony,0
2018,Carysfort Deep,701-500-075,Bottom,Stony,2
2018,Carysfort Deep,701-500-075,Top,Stony,4
2018,Carysfort Deep,701-500-105,Bottom,Stony,2
2018,Carysfort Deep,701-500-105,Top,Stony,0
2018,Carysfort Deep,701-500-157,Bottom,Stony,3
2018,Carysfort Deep,701-500-157,Top,Stony,1
2018,Carysfort Deep,702-100-032,Bottom,Stony,1
2018,Carysfort Deep,702-100-032,Top,Stony,0
2018,Carysfort Deep,702-100-137,Top,Stony,0
2018,Carysfort Deep,702-100-137,Bottom,Stony,0
2018,Carysfort Deep,702-100-174,Top,Stony,0
2018,Carysfort Deep,702-100-174,Bottom,Stony,0
2018,Carysfort Deep,702-100-206,Bottom,Stony,3
2018,Carysfort Deep,702-100-206,Top,Stony,0
2018,Carysfort Deep,702-500-035,Top,Stony,0
2018,Carysfort Deep,702-500-035,Bottom,Stony,0
2018,Carysfort Deep,702-500-077,Top,Stony,0
2018,Carysfort Deep,702-500-077,Bottom,Stony,0
2018,Carysfort Deep,702-500-101,Top,Stony,0
2018,Carysfort Deep,702-500-101,Bottom,Stony,0
2018,Carysfort Deep,703-100-032,Top,Stony,0
2018,Carysfort Deep,703-100-032,Bottom,Stony,0
2018,Carysfort Deep,703-100-073,Bottom,Stony,2
2018,Carysfort Deep,703-100-073,Top,Stony,0
2018,Carysfort Deep,703-100-146,Bottom,Stony,3
2018,Carysfort Deep,703-100-146,Top,Stony,0
2018,Carysfort Deep,703-100-175,Bottom,Stony,3
2018,Carysfort Deep,703-100-175,Top,Stony,1
2018,Carysfort Deep,703-500-029,Top,Stony,0
2018,Carysfort Deep,703-500-029,Bottom,Stony,0
2018,Carysfort Deep,703-500-100,Bottom,Stony,1
2018,Carysfort Deep,703-500-100,Top,Stony,0
2018,Carysfort Deep,703-500-123,Bottom,Stony,1
2018,Carysfort Deep,703-500-123,Top,Stony,1
2018,Carysfort Deep,703-500-172,Bottom,Stony,1
2018,Carysfort Deep,703-500-172,Top,Stony,1
2018,Carysfort Deep,704-100-009,Top,Stony,1
2018,Carysfort Deep,704-100-009,Bottom,Stony,0
2018,Carysfort Deep,704-100-111,Top,Stony,0
2018,Carysfort Deep,704-100-111,Bottom,Stony,0
2018,Carysfort Deep,704-100-169,Bottom,Stony,1
2018,Carysfort Deep,704-100-169,Top,Stony,1
2018,Carysfort Deep,704-100-221,Bottom,Stony,1
2018,Carysfort Deep,704-100-221,Top,Stony,1
2018,Carysfort Deep,704-500-016,Top,Stony,1
2018,Carysfort Deep,704-500-016,Bottom,Stony,0
2018,Carysfort Deep,704-500-135,Bottom,Stony,3
2018,Carysfort Deep,704-500-135,Top,Stony,0
2018,Carysfort Deep,704-500-156,Top,Stony,0
2018,Carysfort Deep,704-500-156,Bottom,Stony,0
2018,Carysfort Deep,704-500-172,Bottom,Stony,1
2018,Carysfort Deep,704-500-172,Top,Stony,0
2018,Molasses Deep,721-100-024,Bottom,Stony,2
2018,Molasses Deep,721-100-061,Bottom,Stony,1
2018,Molasses Deep,721-100-061,Top,Stony,0
2018,Molasses Deep,721-100-138,Top,Stony,1
2018,Molasses Deep,721-100-138,Bottom,Stony,0
2018,Molasses Deep,721-100-186,Bottom,Stony,3
2018,Molasses Deep,721-100-186,Top,Stony,3
2018,Molasses Deep,721-500-025,Top,Stony,1
2018,Molasses Deep,721-500-025,Bottom,Stony,0
2018,Molasses Deep,721-500-064,Top,Stony,0
2018,Molasses Deep,721-500-064,Bottom,Stony,0
2018,Molasses Deep,721-500-114,Bottom,Stony,1
2018,Molasses Deep,721-500-114,Top,Stony,0
2018,Molasses Deep,721-500-183,Top,Stony,0
2018,Molasses Deep,721-500-183,Bottom,Stony,0
2018,Molasses Deep,722-100-045,Top,Stony,0
2018,Molasses Deep,722-100-045,Bottom,Stony,0
2018,Molasses Deep,722-100-076,Bottom,Stony,1
2018,Molasses Deep,722-100-076,Top,Stony,1
2018,Molasses Deep,722-100-173,Bottom,Stony,0
2018,Molasses Deep,722-100-215,Top,Stony,2
2018,Molasses Deep,722-100-215,Bottom,Stony,0
2018,Molasses Deep,722-500-182,Top,Stony,0
2018,Molasses Deep,722-500-182,Bottom,Stony,0
2018,Molasses Deep,723-100-052,Top,Stony,0
2018,Molasses Deep,723-100-052,Bottom,Stony,0
2018,Molasses Deep,723-100-064,Top,Stony,6
2018,Molasses Deep,723-100-064,Bottom,Stony,0
2018,Molasses Deep,723-100-154,Bottom,Stony,0
2018,Molasses Deep,723-500-030,Bottom,Stony,1
2018,Molasses Deep,723-500-030,Top,Stony,3
2018,Molasses Deep,723-500-064,Top,Stony,0
2018,Molasses Deep,723-500-064,Bottom,Stony,0
2018,Molasses Deep,723-500-090,Top,Stony,2
2018,Molasses Deep,723-500-090,Bottom,Stony,0
2018,Molasses Deep,723-500-103,Top,Stony,2
2018,Molasses Deep,723-500-103,Bottom,Stony,0
2018,Molasses Deep,724-100-048,Top,Stony,0
2018,Molasses Deep,724-100-048,Bottom,Stony,0
2018,Molasses Deep,724-100-089,Bottom,Stony,1
2018,Molasses Deep,724-100-089,Top,Stony,1
2018,Molasses Deep,724-100-151,Top,Stony,0
2018,Molasses Deep,724-100-151,Bottom,Stony,0
2018,Molasses Deep,724-100-177,Top,Stony,1
2018,Molasses Deep,724-100-177,Bottom,Stony,0
2018,Molasses Deep,724-500-032,Top,Stony,0
2018,Molasses Deep,724-500-032,Bottom,Stony,0
2018,Molasses Deep,724-500-061,Top,Stony,3
2018,Molasses Deep,724-500-061,Bottom,Stony,0
2018,Molasses Deep,724-500-192,Top,Stony,0
2018,Molasses Deep,724-500-192,Bottom,Stony,0
2018,Tennessee Deep,751-100-118,Top,Stony,0
2018,Tennessee Deep,751-100-118,Bottom,Stony,0
2018,Tennessee Deep,751-500-105,Top,Stony,0
2018,Tennessee Deep,751-500-105,Bottom,Stony,0
2018,Tennessee Deep,752-100-072,Top,Stony,0
2018,Tennessee Deep,752-100-072,Bottom,Stony,0
2018,Tennessee Deep,752-100-135,Top,Stony,0
2018,Tennessee Deep,752-100-135,Bottom,Stony,0
2018,Tennessee Deep,752-100-225,Top,Stony,0
2018,Tennessee Deep,752-100-225,Bottom,Stony,0
2018,Tennessee Deep,752-500-023,Bottom,Stony,1
2018,Tennessee Deep,752-500-023,Top,Stony,8
2018,Tennessee Deep,752-500-141,Top,Stony,11
2018,Tennessee Deep,752-500-141,Bottom,Stony,0
2018,Tennessee Deep,752-500-188,Top,Stony,17
2018,Tennessee Deep,752-500-188,Bottom,Stony,0
2018,Tennessee Deep,753-100-085,Top,Stony,0
2018,Tennessee Deep,753-100-141,Top,Stony,2
2018,Tennessee Deep,753-100-141,Bottom,Stony,0
2018,Tennessee Deep,753-500-049,Bottom,Stony,1
2018,Tennessee Deep,753-500-049,Top,Stony,6
2018,Tennessee Deep,753-500-105,Bottom,Stony,1
2018,Tennessee Deep,753-500-105,Top,Stony,1
2018,Tennessee Deep,753-500-197,Bottom,Stony,1
2018,Tennessee Deep,753-500-197,Top,Stony,0
2018,Tennessee Deep,754-100-051,Top,Stony,0
2018,Tennessee Deep,754-100-051,Bottom,Stony,0
2018,Tennessee Deep,754-100-100,Bottom,Stony,2
2018,Tennessee Deep,754-100-100,Top,Stony,3
2018,Tennessee Deep,754-500-045,Bottom,Stony,0
2018,Tennessee Deep,754-500-092,Bottom,Stony,2
2018,Tennessee Deep,754-500-092,Top,Stony,1
2018,Sombrero Deep,761-100-009,Top,Stony,3
2018,Sombrero Deep,761-100-009,Bottom,Stony,0
2018,Sombrero Deep,761-100-028,Top,Stony,10
2018,Sombrero Deep,761-100-028,Bottom,Stony,0
2018,Sombrero Deep,761-100-081,Bottom,Stony,1
2018,Sombrero Deep,761-100-081,Top,Stony,4
2018,Sombrero Deep,761-100-139,Top,Stony,27
2018,Sombrero Deep,761-100-139,Bottom,Stony,0
2018,Sombrero Deep,761-500-101,Top,Stony,2
2018,Sombrero Deep,761-500-101,Bottom,Stony,0
2018,Sombrero Deep,761-500-147,Bottom,Stony,3
2018,Sombrero Deep,761-500-147,Top,Stony,13
2018,Sombrero Deep,762-100-056,Bottom,Stony,3
2018,Sombrero Deep,762-100-056,Top,Stony,5
2018,Sombrero Deep,762-100-067,Bottom,Stony,3
2018,Sombrero Deep,762-100-067,Top,Stony,2
2018,Sombrero Deep,762-100-158,Bottom,Stony,1
2018,Sombrero Deep,762-100-158,Top,Stony,17
2018,Sombrero Deep,762-500-005,Top,Stony,31
2018,Sombrero Deep,762-500-005,Bottom,Stony,0
2018,Sombrero Deep,762-500-066,Bottom,Stony,1
2018,Sombrero Deep,762-500-066,Top,Stony,6
2018,Sombrero Deep,762-500-110,Bottom,Stony,2
2018,Sombrero Deep,762-500-110,Top,Stony,0
2018,Sombrero Deep,763-100-085,Bottom,Stony,1
2018,Sombrero Deep,763-100-085,Top,Stony,1
2018,Sombrero Deep,763-100-108,Bottom,Stony,1
2018,Sombrero Deep,763-100-108,Top,Stony,8
2018,Sombrero Deep,763-100-174,Top,Stony,12
2018,Sombrero Deep,763-100-174,Bottom,Stony,0
2018,Sombrero Deep,763-500-085,Top,Stony,10
2018,Sombrero Deep,763-500-085,Bottom,Stony,0
2018,Sombrero Deep,763-500-109,Top,Stony,1
2018,Sombrero Deep,763-500-109,Bottom,Stony,0
2018,Sombrero Deep,763-500-198,Bottom,Stony,2
2018,Sombrero Deep,763-500-198,Top,Stony,5
2018,Sombrero Deep,764-100-017,Top,Stony,1
2018,Sombrero Deep,764-100-017,Bottom,Stony,0
2018,Sombrero Deep,764-100-137,Top,Stony,13
2018,Sombrero Deep,764-100-137,Bottom,Stony,0
2018,Sombrero Deep,764-100-185,Bottom,Stony,1
2018,Sombrero Deep,764-100-185,Top,Stony,1
2018,Sombrero Deep,764-500-012,Top,Stony,6
2018,Sombrero Deep,764-500-012,Bottom,Stony,0
2018,Sombrero Deep,764-500-092,Top,Stony,8
2018,Sombrero Deep,764-500-092,Bottom,Stony,0
2018,Sombrero Deep,764-500-111,Bottom,Stony,1
2018,Sombrero Deep,764-500-111,Top,Stony,20
2018,Sombrero Deep,764-500-188,Top,Stony,2
2018,Sombrero Deep,764-500-188,Bottom,Stony,0
2018,Western Sambo Deep,791-100-012,Top,Stony,0
2018,Western Sambo Deep,791-100-012,Bottom,Stony,0
2018,Western Sambo Deep,791-100-047,Top,Stony,0
2018,Western Sambo Deep,791-100-047,Bottom,Stony,0
2018,Western Sambo Deep,791-100-122,Top,Stony,0
2018,Western Sambo Deep,791-100-122,Bottom,Stony,0
2018,Western Sambo Deep,791-100-197,Top,Stony,0
2018,Western Sambo Deep,791-100-197,Bottom,Stony,0
2018,Western Sambo Deep,791-500-038,Top,Stony,9
2018,Western Sambo Deep,791-500-038,Bottom,Stony,0
2018,Western Sambo Deep,791-500-156,Top,Stony,3
2018,Western Sambo Deep,791-500-156,Bottom,Stony,0
2018,Western Sambo Deep,791-500-199,Top,Stony,0
2018,Western Sambo Deep,791-500-199,Bottom,Stony,0
2018,Western Sambo Deep,792-100-028,Top,Stony,2
2018,Western Sambo Deep,792-100-028,Bottom,Stony,0
2018,Western Sambo Deep,792-100-039,Top,Stony,0
2018,Western Sambo Deep,792-100-039,Bottom,Stony,0
2018,Western Sambo Deep,792-100-106,Top,Stony,0
2018,Western Sambo Deep,792-100-106,Bottom,Stony,0
2018,Western Sambo Deep,792-100-142,Bottom,Stony,1
2018,Western Sambo Deep,792-100-142,Top,Stony,2
2018,Western Sambo Deep,792-500-051,Top,Stony,4
2018,Western Sambo Deep,792-500-051,Bottom,Stony,0
2018,Western Sambo Deep,792-500-079,Bottom,Stony,1
2018,Western Sambo Deep,792-500-079,Top,Stony,2
2018,Western Sambo Deep,792-500-102,Top,Stony,2
2018,Western Sambo Deep,792-500-102,Bottom,Stony,0
2018,Western Sambo Deep,792-500-190,Bottom,Stony,3
2018,Western Sambo Deep,792-500-190,Top,Stony,2
2018,Western Sambo Deep,793-100-019,Top,Stony,5
2018,Western Sambo Deep,793-100-019,Bottom,Stony,0
2018,Western Sambo Deep,793-100-048,Top,Stony,0
2018,Western Sambo Deep,793-100-048,Bottom,Stony,0
2018,Western Sambo Deep,793-100-066,Top,Stony,0
2018,Western Sambo Deep,793-100-066,Bottom,Stony,0
2018,Western Sambo Deep,793-100-140,Bottom,Stony,1
2018,Western Sambo Deep,793-100-140,Top,Stony,2
2018,Western Sambo Deep,793-500-078,Bottom,Stony,2
2018,Western Sambo Deep,793-500-078,Top,Stony,0
2018,Western Sambo Deep,793-500-098,Top,Stony,0
2018,Western Sambo Deep,793-500-098,Bottom,Stony,0
2018,Western Sambo Deep,793-500-172,Bottom,Stony,1
2018,Western Sambo Deep,793-500-172,Top,Stony,2
2018,Western Sambo Deep,793-500-210,Bottom,Stony,1
2018,Western Sambo Deep,793-500-210,Top,Stony,0
2018,Western Sambo Deep,794-100-008,Top,Stony,1
2018,Western Sambo Deep,794-100-008,Bottom,Stony,0
2018,Western Sambo Deep,794-100-156,Bottom,Stony,2
2018,Western Sambo Deep,794-100-156,Top,Stony,0
2018,Western Sambo Deep,794-100-199,Top,Stony,1
2018,Western Sambo Deep,794-100-199,Bottom,Stony,0
2018,Western Sambo Deep,794-500-058,Top,Stony,0
2018,Western Sambo Deep,794-500-058,Bottom,Stony,0
2018,Western Sambo Deep,794-500-122,Top,Stony,0
2018,Western Sambo Deep,794-500-122,Bottom,Stony,0
2018,Western Sambo Deep,794-500-199,Top,Stony,0
2018,Western Sambo Deep,794-500-199,Bottom,Stony,0
2018,Sand Key Deep,811-100-019,Bottom,Stony,1
2018,Sand Key Deep,811-100-019,Top,Stony,0
2018,Sand Key Deep,811-100-103,Top,Stony,2
2018,Sand Key Deep,811-100-103,Bottom,Stony,0
2018,Sand Key Deep,811-100-119,Bottom,Stony,1
2018,Sand Key Deep,811-100-119,Top,Stony,0
2018,Sand Key Deep,811-100-197,Top,Stony,0
2018,Sand Key Deep,811-100-197,Bottom,Stony,0
2018,Sand Key Deep,811-500-074,Top,Stony,0
2018,Sand Key Deep,811-500-074,Bottom,Stony,0
2018,Sand Key Deep,811-500-114,Top,Stony,0
2018,Sand Key Deep,811-500-114,Bottom,Stony,0
2018,Sand Key Deep,811-500-155,Bottom,Stony,1
2018,Sand Key Deep,811-500-155,Top,Stony,0
2018,Sand Key Deep,811-500-197,Top,Stony,0
2018,Sand Key Deep,811-500-197,Bottom,Stony,0
2018,Sand Key Deep,812-100-018,Bottom,Stony,2
2018,Sand Key Deep,812-100-018,Top,Stony,0
2018,Sand Key Deep,812-100-041,Top,Stony,1
2018,Sand Key Deep,812-100-041,Bottom,Stony,0
2018,Sand Key Deep,812-100-112,Top,Stony,0
2018,Sand Key Deep,812-100-112,Bottom,Stony,0
2018,Sand Key Deep,812-100-168,Top,Stony,0
2018,Sand Key Deep,812-100-168,Bottom,Stony,0
2018,Sand Key Deep,812-500-029,Top,Stony,0
2018,Sand Key Deep,812-500-029,Bottom,Stony,0
2018,Sand Key Deep,812-500-132,Top,Stony,0
2018,Sand Key Deep,812-500-132,Bottom,Stony,0
2018,Sand Key Deep,812-500-180,Top,Stony,0
2018,Sand Key Deep,812-500-180,Bottom,Stony,0
2018,Sand Key Deep,812-500-212,Top,Stony,0
2018,Sand Key Deep,812-500-212,Bottom,Stony,0
2018,Sand Key Deep,813-100-030,Bottom,Stony,1
2018,Sand Key Deep,813-100-030,Top,Stony,0
2018,Sand Key Deep,813-100-132,Top,Stony,0
2018,Sand Key Deep,813-100-132,Bottom,Stony,0
2018,Sand Key Deep,813-100-169,Bottom,Stony,1
2018,Sand Key Deep,813-100-169,Top,Stony,0
2018,Sand Key Deep,813-500-041,Top,Stony,0
2018,Sand Key Deep,813-500-041,Bottom,Stony,0
2018,Sand Key Deep,813-500-085,Top,Stony,0
2018,Sand Key Deep,813-500-085,Bottom,Stony,0
2018,Sand Key Deep,813-500-156,Top,Stony,0
2018,Sand Key Deep,813-500-156,Bottom,Stony,0
2018,Sand Key Deep,813-500-218,Top,Stony,0
2018,Sand Key Deep,813-500-218,Bottom,Stony,0
2018,Sand Key Deep,814-100-016,Top,Stony,0
2018,Sand Key Deep,814-100-016,Bottom,Stony,0
2018,Sand Key Deep,814-100-044,Top,Stony,0
2018,Sand Key Deep,814-100-044,Bottom,Stony,0
2018,Sand Key Deep,814-100-099,Bottom,Stony,1
2018,Sand Key Deep,814-100-099,Top,Stony,1
2018,Sand Key Deep,814-100-178,Top,Stony,0
2018,Sand Key Deep,814-100-178,Bottom,Stony,0
2018,Sand Key Deep,814-500-027,Top,Stony,0
2018,Sand Key Deep,814-500-027,Bottom,Stony,0
2018,Sand Key Deep,814-500-054,Top,Stony,0
2018,Sand Key Deep,814-500-054,Bottom,Stony,0
2018,Sand Key Deep,814-500-117,Bottom,Stony,1
2018,Sand Key Deep,814-500-117,Top,Stony,0
2018,Sand Key Deep,814-500-178,Top,Stony,0
2018,Sand Key Deep,814-500-178,Bottom,Stony,0
2016,BC1,BC11-100-035,Bottom,Octo,0
2016,BC1,BC11-100-035,Top,Octo,0
2016,BC1,BC11-100-044,Bottom,Octo,0
2016,BC1,BC11-100-044,Top,Octo,0
2016,BC1,BC11-100-096,Bottom,Octo,0
2016,BC1,BC11-100-096,Top,Octo,0
2016,BC1,BC11-500-008,Bottom,Octo,1
2016,BC1,BC11-500-008,Top,Octo,0
2016,BC1,BC11-500-018,Bottom,Octo,0
2016,BC1,BC11-500-018,Top,Octo,0
2016,BC1,BC11-500-049,Bottom,Octo,0
2016,BC1,BC11-500-049,Top,Octo,0
2016,BC1,BC11-500-075,Bottom,Octo,0
2016,BC1,BC11-500-075,Top,Octo,0
2016,BC1,BC11-500-090,Bottom,Octo,0
2016,BC1,BC11-500-090,Top,Octo,0
2016,BC1,BC12-100-043,Bottom,Octo,0
2016,BC1,BC12-100-043,Top,Octo,0
2016,BC1,BC12-100-053,Bottom,Octo,0
2016,BC1,BC12-100-053,Top,Octo,0
2016,BC1,BC12-100-142,Bottom,Octo,0
2016,BC1,BC12-100-142,Top,Octo,0
2016,BC1,BC12-100-221,Bottom,Octo,0
2016,BC1,BC12-100-221,Top,Octo,0
2016,BC1,BC12-500-014,Bottom,Octo,0
2016,BC1,BC12-500-014,Top,Octo,0
2016,BC1,BC12-500-043,Bottom,Octo,0
2016,BC1,BC12-500-043,Top,Octo,0
2016,BC1,BC12-500-129,Bottom,Octo,0
2016,BC1,BC12-500-129,Top,Octo,0
2016,BC1,BC12-500-171,Bottom,Octo,0
2016,BC1,BC12-500-171,Top,Octo,0
2016,BC1,BC13-100-090,Bottom,Octo,0
2016,BC1,BC13-100-090,Top,Octo,0
2016,BC1,BC13-100-151,Bottom,Octo,0
2016,BC1,BC13-100-151,Top,Octo,1
2016,BC1,BC13-100-187,Bottom,Octo,1
2016,BC1,BC13-100-187,Top,Octo,0
2016,BC1,BC13-100-208,Bottom,Octo,0
2016,BC1,BC13-100-208,Top,Octo,0
2016,BC1,BC13-500-004,Bottom,Octo,0
2016,BC1,BC13-500-004,Top,Octo,0
2016,BC1,BC13-500-089,Bottom,Octo,0
2016,BC1,BC13-500-089,Top,Octo,0
2016,BC1,BC13-500-162,Bottom,Octo,0
2016,BC1,BC13-500-162,Top,Octo,0
2016,BC1,BC13-500-198,Bottom,Octo,0
2016,BC1,BC13-500-198,Top,Octo,0
2016,BC1,BC14-100-049,Bottom,Octo,0
2016,BC1,BC14-100-049,Top,Octo,0
2016,BC1,BC14-100-081,Bottom,Octo,0
2016,BC1,BC14-100-081,Top,Octo,0
2016,BC1,BC14-100-185,Bottom,Octo,0
2016,BC1,BC14-100-185,Top,Octo,0
2016,BC1,BC14-100-209,Bottom,Octo,0
2016,BC1,BC14-100-209,Top,Octo,0
2016,BC1,BC14-500-026,Bottom,Octo,0
2016,BC1,BC14-500-026,Top,Octo,0
2016,BC1,BC14-500-082,Bottom,Octo,0
2016,BC1,BC14-500-082,Top,Octo,0
2016,BC1,BC14-500-104,Bottom,Octo,0
2016,BC1,BC14-500-104,Top,Octo,0
2016,BC1,BC14-500-155,Bottom,Octo,0
2016,BC1,BC14-500-155,Top,Octo,0
2016,BC2,BC21-100-015,Bottom,Octo,0
2016,BC2,BC21-100-015,Top,Octo,1
2016,BC2,BC21-100-070,Bottom,Octo,1
2016,BC2,BC21-100-070,Top,Octo,1
2016,BC2,BC21-100-088,Bottom,Octo,0
2016,BC2,BC21-100-088,Top,Octo,0
2016,BC2,BC21-100-151,Bottom,Octo,1
2016,BC2,BC21-100-151,Top,Octo,0
2016,BC2,BC21-500-028,Bottom,Octo,0
2016,BC2,BC21-500-028,Top,Octo,0
2016,BC2,BC21-500-074,Bottom,Octo,0
2016,BC2,BC21-500-074,Top,Octo,0
2016,BC2,BC21-500-174,Bottom,Octo,0
2016,BC2,BC21-500-174,Top,Octo,0
2016,BC2,BC21-500-206,Bottom,Octo,0
2016,BC2,BC21-500-206,Top,Octo,0
2016,BC2,BC22-100-034,Bottom,Octo,0
2016,BC2,BC22-100-034,Top,Octo,0
2016,BC2,BC22-100-064,Bottom,Octo,0
2016,BC2,BC22-100-064,Top,Octo,0
2016,BC2,BC22-100-137,Bottom,Octo,0
2016,BC2,BC22-100-137,Top,Octo,0
2016,BC2,BC22-100-188,Bottom,Octo,0
2016,BC2,BC22-100-188,Top,Octo,0
2016,BC2,BC22-500-041,Bottom,Octo,0
2016,BC2,BC22-500-041,Top,Octo,0
2016,BC2,BC22-500-111,Bottom,Octo,0
2016,BC2,BC22-500-111,Top,Octo,0
2016,BC2,BC22-500-135,Bottom,Octo,0
2016,BC2,BC22-500-135,Top,Octo,0
2016,BC2,BC22-500-193,Bottom,Octo,0
2016,BC2,BC22-500-193,Top,Octo,0
2016,BC2,BC23-100-060,Bottom,Octo,0
2016,BC2,BC23-100-060,Top,Octo,0
2016,BC2,BC23-100-126,Bottom,Octo,1
2016,BC2,BC23-100-126,Top,Octo,0
2016,BC2,BC23-100-165,Bottom,Octo,0
2016,BC2,BC23-100-165,Top,Octo,0
2016,BC2,BC23-100-202,Bottom,Octo,0
2016,BC2,BC23-100-202,Top,Octo,0
2016,BC2,BC23-500-012,Bottom,Octo,0
2016,BC2,BC23-500-012,Top,Octo,0
2016,BC2,BC23-500-104,Bottom,Octo,0
2016,BC2,BC23-500-104,Top,Octo,0
2016,BC2,BC23-500-167,Bottom,Octo,0
2016,BC2,BC23-500-167,Top,Octo,0
2016,BC2,BC23-500-206,Bottom,Octo,0
2016,BC2,BC23-500-206,Top,Octo,0
2016,BC2,BC24-100-024,Bottom,Octo,0
2016,BC2,BC24-100-024,Top,Octo,0
2016,BC2,BC24-100-090,Bottom,Octo,0
2016,BC2,BC24-100-090,Top,Octo,0
2016,BC2,BC24-100-119,Bottom,Octo,0
2016,BC2,BC24-100-119,Top,Octo,0
2016,BC2,BC24-100-202,Bottom,Octo,0
2016,BC2,BC24-100-202,Top,Octo,0
2016,BC2,BC24-500-017,Bottom,Octo,0
2016,BC2,BC24-500-017,Top,Octo,0
2016,BC2,BC24-500-070,Bottom,Octo,0
2016,BC2,BC24-500-070,Top,Octo,0
2016,BC2,BC24-500-136,Bottom,Octo,0
2016,BC2,BC24-500-136,Top,Octo,0
2016,BC2,BC24-500-168,Bottom,Octo,0
2016,BC2,BC24-500-168,Top,Octo,0
2016,BC3,BC31-100-015,Bottom,Octo,0
2016,BC3,BC31-100-015,Top,Octo,0
2016,BC3,BC31-100-050,Bottom,Octo,0
2016,BC3,BC31-100-050,Top,Octo,0
2016,BC3,BC31-100-092,Bottom,Octo,0
2016,BC3,BC31-100-092,Top,Octo,0
2016,BC3,BC31-100-125,Bottom,Octo,0
2016,BC3,BC31-100-125,Top,Octo,0
2016,BC3,BC31-500-070,Bottom,Octo,0
2016,BC3,BC31-500-070,Top,Octo,0
2016,BC3,BC31-500-095,Bottom,Octo,0
2016,BC3,BC31-500-095,Top,Octo,0
2016,BC3,BC31-500-137,Bottom,Octo,0
2016,BC3,BC31-500-137,Top,Octo,0
2016,BC3,BC31-500-185,Bottom,Octo,0
2016,BC3,BC31-500-185,Top,Octo,0
2016,BC3,BC32-100-013,Bottom,Octo,0
2016,BC3,BC32-100-014,Bottom,Octo,0
2016,BC3,BC32-100-014,Top,Octo,1
2016,BC3,BC32-100-085,Bottom,Octo,0
2016,BC3,BC32-100-085,Top,Octo,0
2016,BC3,BC32-100-132,Bottom,Octo,0
2016,BC3,BC32-100-132,Top,Octo,0
2016,BC3,BC32-100-162,Bottom,Octo,1
2016,BC3,BC32-100-162,Top,Octo,0
2016,BC3,BC32-500-013,Top,Octo,0
2016,BC3,BC32-500-054,Bottom,Octo,1
2016,BC3,BC32-500-054,Top,Octo,0
2016,BC3,BC32-500-117,Bottom,Octo,0
2016,BC3,BC32-500-117,Top,Octo,2
2016,BC3,BC32-500-197,Bottom,Octo,0
2016,BC3,BC32-500-197,Top,Octo,0
2016,BC3,BC33-100-031,Bottom,Octo,1
2016,BC3,BC33-100-031,Top,Octo,0
2016,BC3,BC33-100-098,Bottom,Octo,0
2016,BC3,BC33-100-098,Top,Octo,0
2016,BC3,BC33-100-134,Bottom,Octo,0
2016,BC3,BC33-100-134,Top,Octo,0
2016,BC3,BC33-100-188,Bottom,Octo,0
2016,BC3,BC33-100-188,Top,Octo,0
2016,BC3,BC33-500-019,Bottom,Octo,0
2016,BC3,BC33-500-019,Top,Octo,0
2016,BC3,BC33-500-074,Bottom,Octo,0
2016,BC3,BC33-500-074,Top,Octo,0
2016,BC3,BC33-500-129,Bottom,Octo,0
2016,BC3,BC33-500-129,Top,Octo,0
2016,BC3,BC33-500-189,Bottom,Octo,0
2016,BC3,BC33-500-189,Top,Octo,0
2016,BC3,BC34-100-041,Bottom,Octo,0
2016,BC3,BC34-100-041,Top,Octo,0
2016,BC3,BC34-100-109,Bottom,Octo,1
2016,BC3,BC34-100-109,Top,Octo,0
2016,BC3,BC34-100-182,Bottom,Octo,0
2016,BC3,BC34-100-182,Top,Octo,0
2016,BC3,BC34-100-220,Bottom,Octo,0
2016,BC3,BC34-100-220,Top,Octo,0
2016,BC3,BC34-500-035,Bottom,Octo,0
2016,BC3,BC34-500-035,Top,Octo,0
2016,BC3,BC34-500-086,Bottom,Octo,0
2016,BC3,BC34-500-086,Top,Octo,0
2016,BC3,BC34-500-156,Bottom,Octo,1
2016,BC3,BC34-500-156,Top,Octo,0
2016,BC3,BC34-500-206,Bottom,Octo,0
2016,BC3,BC34-500-206,Top,Octo,0
2016,BC4,BC41-100-023,Bottom,Octo,0
2016,BC4,BC41-100-023,Top,Octo,0
2016,BC4,BC41-100-076,Bottom,Octo,0
2016,BC4,BC41-100-076,Top,Octo,0
2016,BC4,BC41-100-093,Bottom,Octo,0
2016,BC4,BC41-100-093,Top,Octo,0
2016,BC4,BC41-100-139,Bottom,Octo,0
2016,BC4,BC41-100-139,Top,Octo,0
2016,BC4,BC41-500-035,Bottom,Octo,0
2016,BC4,BC41-500-035,Top,Octo,0
2016,BC4,BC41-500-106,Bottom,Octo,0
2016,BC4,BC41-500-106,Top,Octo,0
2016,BC4,BC41-500-121,Bottom,Octo,0
2016,BC4,BC41-500-121,Top,Octo,0
2016,BC4,BC41-500-211,Bottom,Octo,0
2016,BC4,BC41-500-211,Top,Octo,0
2016,BC4,BC42-100-017,Bottom,Octo,0
2016,BC4,BC42-100-017,Top,Octo,0
2016,BC4,BC42-100-093,Bottom,Octo,0
2016,BC4,BC42-100-093,Top,Octo,0
2016,BC4,BC42-100-119,Bottom,Octo,0
2016,BC4,BC42-100-119,Top,Octo,0
2016,BC4,BC42-100-151,Bottom,Octo,0
2016,BC4,BC42-100-151,Top,Octo,0
2016,BC4,BC42-500-020,Bottom,Octo,0
2016,BC4,BC42-500-020,Top,Octo,0
2016,BC4,BC42-500-083,Bottom,Octo,0
2016,BC4,BC42-500-083,Top,Octo,0
2016,BC4,BC42-500-108,Bottom,Octo,0
2016,BC4,BC42-500-108,Top,Octo,0
2016,BC4,BC42-500-155,Bottom,Octo,0
2016,BC4,BC42-500-155,Top,Octo,0
2016,BC4,BC43-100-117,Bottom,Octo,0
2016,BC4,BC43-100-117,Top,Octo,0
2016,BC4,BC43-100-132,Bottom,Octo,0
2016,BC4,BC43-100-132,Top,Octo,0
2016,BC4,BC43-100-163,Bottom,Octo,0
2016,BC4,BC43-100-163,Top,Octo,0
2016,BC4,BC43-100-199,Bottom,Octo,0
2016,BC4,BC43-100-199,Top,Octo,0
2016,BC4,BC43-500-042,Bottom,Octo,0
2016,BC4,BC43-500-042,Top,Octo,0
2016,BC4,BC43-500-061,Bottom,Octo,0
2016,BC4,BC43-500-061,Top,Octo,0
2016,BC4,BC43-500-091,Bottom,Octo,0
2016,BC4,BC43-500-091,Top,Octo,0
2016,BC4,BC43-500-176,Bottom,Octo,0
2016,BC4,BC43-500-176,Top,Octo,0
2016,BC4,BC44-100-061,Bottom,Octo,0
2016,BC4,BC44-100-061,Top,Octo,0
2016,BC4,BC44-100-130,Bottom,Octo,0
2016,BC4,BC44-100-130,Top,Octo,0
2016,BC4,BC44-100-175,Bottom,Octo,0
2016,BC4,BC44-100-175,Top,Octo,0
2016,BC4,BC44-100-198,Bottom,Octo,0
2016,BC4,BC44-100-198,Top,Octo,0
2016,BC4,BC44-500-074,Bottom,Octo,0
2016,BC4,BC44-500-074,Top,Octo,0
2016,BC4,BC44-500-112,Bottom,Octo,0
2016,BC4,BC44-500-112,Top,Octo,0
2016,BC4,BC44-500-147,Bottom,Octo,0
2016,BC4,BC44-500-147,Top,Octo,0
2016,BC4,BC44-500-170,Bottom,Octo,0
2016,BC4,BC44-500-170,Top,Octo,0
2016,DC1,DC11-100-048,Bottom,Octo,0
2016,DC1,DC11-100-048,Top,Octo,0
2016,DC1,DC11-100-059,Bottom,Octo,0
2016,DC1,DC11-100-059,Top,Octo,0
2016,DC1,DC11-100-082,Bottom,Octo,0
2016,DC1,DC11-100-171,Bottom,Octo,0
2016,DC1,DC11-100-171,Top,Octo,0
2016,DC1,DC11-500-027,Bottom,Octo,0
2016,DC1,DC11-500-027,Top,Octo,0
2016,DC1,DC11-500-106,Bottom,Octo,0
2016,DC1,DC11-500-106,Top,Octo,0
2016,DC1,DC11-500-138,Bottom,Octo,0
2016,DC1,DC11-500-138,Top,Octo,0
2016,DC1,DC11-500-204,Bottom,Octo,0
2016,DC1,DC11-500-204,Top,Octo,0
2016,DC1,DC12-100-027,Top,Octo,0
2016,DC1,DC12-100-087,Bottom,Octo,0
2016,DC1,DC12-100-087,Top,Octo,0
2016,DC1,DC12-100-166,Bottom,Octo,0
2016,DC1,DC12-100-166,Top,Octo,0
2016,DC1,DC12-100-192,Bottom,Octo,0
2016,DC1,DC12-100-192,Top,Octo,0
2016,DC1,DC12-500-042,Bottom,Octo,0
2016,DC1,DC12-500-042,Top,Octo,0
2016,DC1,DC12-500-071,Bottom,Octo,0
2016,DC1,DC12-500-071,Top,Octo,0
2016,DC1,DC12-500-166,Bottom,Octo,0
2016,DC1,DC12-500-166,Top,Octo,0
2016,DC1,DC12-500-192,Bottom,Octo,0
2016,DC1,DC12-500-192,Top,Octo,0
2016,DC1,DC13-100-083,Bottom,Octo,0
2016,DC1,DC13-100-083,Top,Octo,0
2016,DC1,DC13-100-091,Bottom,Octo,0
2016,DC1,DC13-100-091,Top,Octo,0
2016,DC1,DC13-100-158,Bottom,Octo,0
2016,DC1,DC13-100-158,Top,Octo,0
2016,DC1,DC13-100-186,Bottom,Octo,0
2016,DC1,DC13-100-186,Top,Octo,0
2016,DC1,DC13-500-036,Bottom,Octo,0
2016,DC1,DC13-500-036,Top,Octo,0
2016,DC1,DC13-500-092,Bottom,Octo,0
2016,DC1,DC13-500-092,Top,Octo,0
2016,DC1,DC13-500-128,Bottom,Octo,0
2016,DC1,DC13-500-128,Top,Octo,0
2016,DC1,DC13-500-192,Bottom,Octo,0
2016,DC1,DC13-500-192,Top,Octo,0
2016,DC1,DC14-100-036,Bottom,Octo,0
2016,DC1,DC14-100-036,Top,Octo,0
2016,DC1,DC14-100-081,Bottom,Octo,0
2016,DC1,DC14-100-081,Top,Octo,0
2016,DC1,DC14-100-144,Bottom,Octo,1
2016,DC1,DC14-100-144,Top,Octo,0
2016,DC1,DC14-100-184,Bottom,Octo,0
2016,DC1,DC14-100-184,Top,Octo,0
2016,DC1,DC14-500-022,Bottom,Octo,0
2016,DC1,DC14-500-022,Top,Octo,0
2016,DC1,DC14-500-101,Bottom,Octo,0
2016,DC1,DC14-500-101,Top,Octo,0
2016,DC1,DC14-500-178,Bottom,Octo,0
2016,DC1,DC14-500-178,Top,Octo,0
2016,DC1,DC14-500-205,Bottom,Octo,0
2016,DC1,DC14-500-205,Top,Octo,0
2016,DC2,DC21-100-020,Bottom,Octo,0
2016,DC2,DC21-100-020,Top,Octo,0
2016,DC2,DC21-100-087,Bottom,Octo,0
2016,DC2,DC21-100-087,Top,Octo,0
2016,DC2,DC21-100-122,Bottom,Octo,0
2016,DC2,DC21-100-122,Top,Octo,0
2016,DC2,DC21-100-170,Bottom,Octo,0
2016,DC2,DC21-100-170,Top,Octo,0
2016,DC2,DC21-500-036,Bottom,Octo,0
2016,DC2,DC21-500-036,Top,Octo,0
2016,DC2,DC21-500-066,Top,Octo,0
2016,DC2,DC21-500-084,Bottom,Octo,0
2016,DC2,DC21-500-084,Top,Octo,0
2016,DC2,DC21-500-106,Bottom,Octo,0
2016,DC2,DC21-500-106,Top,Octo,0
2016,DC2,DC22-100-040,Bottom,Octo,0
2016,DC2,DC22-100-040,Top,Octo,0
2016,DC2,DC22-100-094,Bottom,Octo,0
2016,DC2,DC22-100-094,Top,Octo,0
2016,DC2,DC22-100-157,Bottom,Octo,0
2016,DC2,DC22-100-157,Top,Octo,0
2016,DC2,DC22-100-193,Bottom,Octo,0
2016,DC2,DC22-100-193,Top,Octo,0
2016,DC2,DC22-500-002,Bottom,Octo,0
2016,DC2,DC22-500-002,Top,Octo,0
2016,DC2,DC22-500-078,Bottom,Octo,0
2016,DC2,DC22-500-078,Top,Octo,0
2016,DC2,DC22-500-109,Bottom,Octo,0
2016,DC2,DC22-500-109,Top,Octo,0
2016,DC2,DC22-500-134,Bottom,Octo,0
2016,DC2,DC22-500-134,Top,Octo,0
2016,DC2,DC23-100-037,Bottom,Octo,0
2016,DC2,DC23-100-066,Bottom,Octo,0
2016,DC2,DC23-100-066,Top,Octo,0
2016,DC2,DC23-100-144,Bottom,Octo,0
2016,DC2,DC23-100-144,Top,Octo,0
2016,DC2,DC23-100-169,Bottom,Octo,0
2016,DC2,DC23-100-169,Top,Octo,0
2016,DC2,DC23-500-007,Bottom,Octo,0
2016,DC2,DC23-500-007,Top,Octo,0
2016,DC2,DC23-500-034,Bottom,Octo,1
2016,DC2,DC23-500-034,Top,Octo,0
2016,DC2,DC23-500-125,Bottom,Octo,0
2016,DC2,DC23-500-125,Top,Octo,0
2016,DC2,DC23-500-172,Bottom,Octo,0
2016,DC2,DC23-500-172,Top,Octo,0
2016,DC2,DC24-100-067,Bottom,Octo,0
2016,DC2,DC24-100-067,Top,Octo,0
2016,DC2,DC24-100-089,Bottom,Octo,0
2016,DC2,DC24-100-089,Top,Octo,0
2016,DC2,DC24-100-114,Bottom,Octo,0
2016,DC2,DC24-100-114,Top,Octo,0
2016,DC2,DC24-100-191,Bottom,Octo,0
2016,DC2,DC24-100-191,Top,Octo,0
2016,DC2,DC24-500-045,Bottom,Octo,0
2016,DC2,DC24-500-045,Top,Octo,0
2016,DC2,DC24-500-120,Bottom,Octo,0
2016,DC2,DC24-500-120,Top,Octo,0
2016,DC2,DC24-500-154,Bottom,Octo,0
2016,DC2,DC24-500-154,Top,Octo,0
2016,DC2,DC24-500-223,Bottom,Octo,0
2016,DC2,DC24-500-223,Top,Octo,0
2016,DC3,DC31-100-097,Top,Octo,0
2016,DC3,DC31-100-116,Bottom,Octo,0
2016,DC3,DC31-100-116,Top,Octo,0
2016,DC3,DC31-100-141,Bottom,Octo,0
2016,DC3,DC31-100-141,Top,Octo,0
2016,DC3,DC31-100-197,Bottom,Octo,0
2016,DC3,DC31-100-199,Bottom,Octo,0
2016,DC3,DC31-100-199,Top,Octo,0
2016,DC3,DC31-500-133,Bottom,Octo,0
2016,DC3,DC31-500-167,Bottom,Octo,0
2016,DC3,DC31-500-167,Top,Octo,0
2016,DC3,DC31-500-198,Bottom,Octo,0
2016,DC3,DC31-500-198,Top,Octo,0
2016,DC3,DC31-500-209,Bottom,Octo,2
2016,DC3,DC31-500-209,Top,Octo,0
2016,DC3,DC32-100-119,Bottom,Octo,0
2016,DC3,DC32-100-131,Bottom,Octo,1
2016,DC3,DC32-100-131,Top,Octo,0
2016,DC3,DC32-100-170,Bottom,Octo,0
2016,DC3,DC32-100-170,Top,Octo,0
2016,DC3,DC32-100-179,Bottom,Octo,0
2016,DC3,DC32-100-179,Top,Octo,0
2016,DC3,DC32-500-119,Bottom,Octo,0
2016,DC3,DC32-500-119,Top,Octo,0
2016,DC3,DC32-500-160,Bottom,Octo,0
2016,DC3,DC32-500-160,Top,Octo,0
2016,DC3,DC32-500-173,Bottom,Octo,0
2016,DC3,DC32-500-173,Top,Octo,0
2016,DC3,DC32-500-208,Bottom,Octo,0
2016,DC3,DC32-500-208,Top,Octo,0
2016,DC3,DC33-100-112,Bottom,Octo,0
2016,DC3,DC33-100-112,Top,Octo,0
2016,DC3,DC33-100-155,Bottom,Octo,0
2016,DC3,DC33-100-155,Top,Octo,0
2016,DC3,DC33-100-181,Bottom,Octo,0
2016,DC3,DC33-100-181,Top,Octo,0
2016,DC3,DC33-100-220,Bottom,Octo,0
2016,DC3,DC33-100-220,Top,Octo,0
2016,DC3,DC33-500-080,Bottom,Octo,0
2016,DC3,DC33-500-080,Top,Octo,0
2016,DC3,DC33-500-109,Bottom,Octo,0
2016,DC3,DC33-500-109,Top,Octo,0
2016,DC3,DC33-500-130,Bottom,Octo,0
2016,DC3,DC33-500-130,Top,Octo,0
2016,DC3,DC33-500-199,Bottom,Octo,0
2016,DC3,DC33-500-199,Top,Octo,0
2016,DC3,DC34-100-028,Bottom,Octo,0
2016,DC3,DC34-100-028,Top,Octo,0
2016,DC3,DC34-100-050,Bottom,Octo,0
2016,DC3,DC34-100-050,Top,Octo,0
2016,DC3,DC34-100-100,Bottom,Octo,0
2016,DC3,DC34-100-100,Top,Octo,0
2016,DC3,DC34-100-171,Bottom,Octo,0
2016,DC3,DC34-100-171,Top,Octo,0
2016,DC3,DC34-500-099,Bottom,Octo,0
2016,DC3,DC34-500-099,Top,Octo,0
2016,DC3,DC34-500-131,Bottom,Octo,0
2016,DC3,DC34-500-131,Top,Octo,0
2016,DC3,DC34-500-153,Bottom,Octo,0
2016,DC3,DC34-500-153,Top,Octo,0
2016,DC3,DC34-500-174,Bottom,Octo,0
2016,DC3,DC34-500-174,Top,Octo,0
2016,DC4,DC41-100-037,Bottom,Octo,0
2016,DC4,DC41-100-037,Top,Octo,0
2016,DC4,DC41-100-057,Bottom,Octo,0
2016,DC4,DC41-100-057,Top,Octo,0
2016,DC4,DC41-100-110,Bottom,Octo,0
2016,DC4,DC41-100-110,Top,Octo,0
2016,DC4,DC41-100-168,Bottom,Octo,0
2016,DC4,DC41-100-168,Top,Octo,0
2016,DC4,DC41-500-027,Bottom,Octo,0
2016,DC4,DC41-500-027,Top,Octo,0
2016,DC4,DC41-500-054,Bottom,Octo,0
2016,DC4,DC41-500-054,Top,Octo,0
2016,DC4,DC41-500-083,Bottom,Octo,0
2016,DC4,DC41-500-083,Top,Octo,0
2016,DC4,DC41-500-162,Top,Octo,0
2016,DC4,DC42-100-017,Bottom,Octo,0
2016,DC4,DC42-100-017,Top,Octo,0
2016,DC4,DC42-100-057,Bottom,Octo,0
2016,DC4,DC42-100-057,Top,Octo,0
2016,DC4,DC42-100-139,Bottom,Octo,0
2016,DC4,DC42-100-139,Top,Octo,0
2016,DC4,DC42-100-174,Bottom,Octo,0
2016,DC4,DC42-100-174,Top,Octo,0
2016,DC4,DC42-500-037,Bottom,Octo,0
2016,DC4,DC42-500-037,Top,Octo,0
2016,DC4,DC42-500-100,Bottom,Octo,0
2016,DC4,DC42-500-100,Top,Octo,0
2016,DC4,DC42-500-133,Bottom,Octo,0
2016,DC4,DC42-500-133,Top,Octo,0
2016,DC4,DC42-500-186,Bottom,Octo,0
2016,DC4,DC42-500-186,Top,Octo,0
2016,DC4,DC43-100-055,Bottom,Octo,0
2016,DC4,DC43-100-055,Top,Octo,0
2016,DC4,DC43-100-123,Bottom,Octo,0
2016,DC4,DC43-100-123,Top,Octo,0
2016,DC4,DC43-100-160,Bottom,Octo,0
2016,DC4,DC43-100-160,Top,Octo,0
2016,DC4,DC43-500-045,Bottom,Octo,0
2016,DC4,DC43-500-045,Top,Octo,0
2016,DC4,DC43-500-075,Bottom,Octo,1
2016,DC4,DC43-500-075,Top,Octo,0
2016,DC4,DC43-500-099,Bottom,Octo,0
2016,DC4,DC43-500-099,Top,Octo,0
2016,DC4,DC43-500-134,Bottom,Octo,0
2016,DC4,DC43-500-134,Top,Octo,0
2016,DC4,DC44-100-024,Bottom,Octo,0
2016,DC4,DC44-100-024,Top,Octo,0
2016,DC4,DC44-100-062,Bottom,Octo,0
2016,DC4,DC44-100-062,Top,Octo,0
2016,DC4,DC44-100-122,Bottom,Octo,0
2016,DC4,DC44-100-122,Top,Octo,0
2016,DC4,DC44-100-157,Bottom,Octo,0
2016,DC4,DC44-100-157,Top,Octo,0
2016,DC4,DC44-500-018,Bottom,Octo,0
2016,DC4,DC44-500-018,Top,Octo,0
2016,DC4,DC44-500-051,Bottom,Octo,0
2016,DC4,DC44-500-051,Top,Octo,0
2016,DC4,DC44-500-117,Bottom,Octo,0
2016,DC4,DC44-500-117,Top,Octo,0
2016,DC4,DC44-500-158,Bottom,Octo,0
2016,DC4,DC44-500-158,Top,Octo,0
2016,DC5,DC51-100-013,Bottom,Octo,0
2016,DC5,DC51-100-013,Top,Octo,0
2016,DC5,DC51-100-057,Bottom,Octo,0
2016,DC5,DC51-100-057,Top,Octo,0
2016,DC5,DC51-100-076,Bottom,Octo,0
2016,DC5,DC51-100-076,Top,Octo,0
2016,DC5,DC51-100-127,Bottom,Octo,0
2016,DC5,DC51-100-127,Top,Octo,0
2016,DC5,DC51-500-018,Bottom,Octo,0
2016,DC5,DC51-500-018,Top,Octo,0
2016,DC5,DC51-500-095,Bottom,Octo,0
2016,DC5,DC51-500-095,Top,Octo,0
2016,DC5,DC51-500-145,Bottom,Octo,0
2016,DC5,DC51-500-145,Top,Octo,0
2016,DC5,DC51-500-185,Bottom,Octo,0
2016,DC5,DC51-500-185,Top,Octo,0
2016,DC5,DC52-100-059,Bottom,Octo,0
2016,DC5,DC52-100-059,Top,Octo,0
2016,DC5,DC52-100-104,Bottom,Octo,0
2016,DC5,DC52-100-104,Top,Octo,0
2016,DC5,DC52-100-118,Bottom,Octo,0
2016,DC5,DC52-100-118,Top,Octo,0
2016,DC5,DC52-100-177,Bottom,Octo,0
2016,DC5,DC52-100-177,Top,Octo,0
2016,DC5,DC52-500-075,Bottom,Octo,0
2016,DC5,DC52-500-075,Top,Octo,0
2016,DC5,DC52-500-104,Bottom,Octo,0
2016,DC5,DC52-500-104,Top,Octo,0
2016,DC5,DC52-500-140,Bottom,Octo,0
2016,DC5,DC52-500-140,Top,Octo,0
2016,DC5,DC52-500-161,Bottom,Octo,0
2016,DC5,DC52-500-161,Top,Octo,0
2016,DC5,DC53-100-085,Bottom,Octo,0
2016,DC5,DC53-100-085,Top,Octo,0
2016,DC5,DC53-100-114,Bottom,Octo,0
2016,DC5,DC53-100-114,Top,Octo,0
2016,DC5,DC53-100-150,Bottom,Octo,0
2016,DC5,DC53-100-150,Top,Octo,0
2016,DC5,DC53-100-183,Bottom,Octo,0
2016,DC5,DC53-100-183,Top,Octo,0
2016,DC5,DC53-500-004,Bottom,Octo,0
2016,DC5,DC53-500-004,Top,Octo,0
2016,DC5,DC53-500-084,Bottom,Octo,0
2016,DC5,DC53-500-084,Top,Octo,0
2016,DC5,DC53-500-136,Bottom,Octo,0
2016,DC5,DC53-500-136,Top,Octo,0
2016,DC5,DC53-500-168,Bottom,Octo,0
2016,DC5,DC53-500-168,Top,Octo,0
2016,DC5,DC54-100-077,Bottom,Octo,0
2016,DC5,DC54-100-077,Top,Octo,0
2016,DC5,DC54-100-089,Bottom,Octo,0
2016,DC5,DC54-100-089,Top,Octo,0
2016,DC5,DC54-100-123,Bottom,Octo,0
2016,DC5,DC54-100-123,Top,Octo,0
2016,DC5,DC54-100-138,Bottom,Octo,1
2016,DC5,DC54-100-138,Top,Octo,0
2016,DC5,DC54-500-015,Bottom,Octo,0
2016,DC5,DC54-500-015,Top,Octo,0
2016,DC5,DC54-500-046,Bottom,Octo,0
2016,DC5,DC54-500-046,Top,Octo,0
2016,DC5,DC54-500-059,Bottom,Octo,0
2016,DC5,DC54-500-059,Top,Octo,0
2016,DC5,DC54-500-168,Bottom,Octo,0
2016,DC5,DC54-500-168,Top,Octo,0
2016,DC6,DC61-100-065,Bottom,Octo,0
2016,DC6,DC61-100-065,Top,Octo,0
2016,DC6,DC61-100-078,Bottom,Octo,0
2016,DC6,DC61-100-078,Top,Octo,0
2016,DC6,DC61-100-137,Bottom,Octo,0
2016,DC6,DC61-100-137,Top,Octo,0
2016,DC6,DC61-100-162,Bottom,Octo,0
2016,DC6,DC61-100-162,Top,Octo,0
2016,DC6,DC61-500-017,Bottom,Octo,0
2016,DC6,DC61-500-017,Top,Octo,0
2016,DC6,DC61-500-091,Bottom,Octo,0
2016,DC6,DC61-500-091,Top,Octo,0
2016,DC6,DC61-500-132,Bottom,Octo,0
2016,DC6,DC61-500-132,Top,Octo,0
2016,DC6,DC61-500-184,Bottom,Octo,0
2016,DC6,DC61-500-184,Top,Octo,0
2016,DC6,DC62-100-052,Bottom,Octo,0
2016,DC6,DC62-100-052,Top,Octo,0
2016,DC6,DC62-100-084,Bottom,Octo,0
2016,DC6,DC62-100-084,Top,Octo,0
2016,DC6,DC62-100-141,Bottom,Octo,0
2016,DC6,DC62-100-141,Top,Octo,0
2016,DC6,DC62-100-163,Bottom,Octo,0
2016,DC6,DC62-100-163,Top,Octo,0
2016,DC6,DC62-500-082,Bottom,Octo,0
2016,DC6,DC62-500-082,Top,Octo,0
2016,DC6,DC62-500-114,Bottom,Octo,0
2016,DC6,DC62-500-114,Top,Octo,0
2016,DC6,DC62-500-132,Bottom,Octo,0
2016,DC6,DC62-500-132,Top,Octo,0
2016,DC6,DC62-500-205,Bottom,Octo,0
2016,DC6,DC62-500-205,Top,Octo,0
2016,DC6,DC63-100-060,Bottom,Octo,0
2016,DC6,DC63-100-060,Top,Octo,0
2016,DC6,DC63-100-165,Bottom,Octo,0
2016,DC6,DC63-100-165,Top,Octo,0
2016,DC6,DC63-100-194,Bottom,Octo,0
2016,DC6,DC63-100-194,Top,Octo,0
2016,DC6,DC63-500-046,Bottom,Octo,0
2016,DC6,DC63-500-046,Top,Octo,0
2016,DC6,DC63-500-091,Bottom,Octo,0
2016,DC6,DC63-500-091,Top,Octo,0
2016,DC6,DC63-500-108,Bottom,Octo,0
2016,DC6,DC63-500-108,Top,Octo,0
2016,DC6,DC63-500-142,Bottom,Octo,0
2016,DC6,DC63-500-142,Top,Octo,0
2016,DC6,DC63-500-195,Bottom,Octo,0
2016,DC6,DC63-500-195,Top,Octo,0
2016,DC6,DC64-100-097,Bottom,Octo,0
2016,DC6,DC64-100-097,Top,Octo,0
2016,DC6,DC64-100-128,Bottom,Octo,0
2016,DC6,DC64-100-128,Top,Octo,0
2016,DC6,DC64-100-176,Bottom,Octo,0
2016,DC6,DC64-100-176,Top,Octo,1
2016,DC6,DC64-100-193,Bottom,Octo,0
2016,DC6,DC64-100-193,Top,Octo,0
2016,DC6,DC64-500-017,Bottom,Octo,0
2016,DC6,DC64-500-017,Top,Octo,0
2016,DC6,DC64-500-056,Bottom,Octo,0
2016,DC6,DC64-500-056,Top,Octo,0
2016,DC6,DC64-500-091,Bottom,Octo,0
2016,DC6,DC64-500-091,Top,Octo,0
2016,DC6,DC64-500-113,Bottom,Octo,0
2016,DC6,DC64-500-113,Top,Octo,0
2016,DC7,DC71-100-043,Bottom,Octo,0
2016,DC7,DC71-100-043,Top,Octo,0
2016,DC7,DC71-100-085,Bottom,Octo,1
2016,DC7,DC71-100-085,Top,Octo,0
2016,DC7,DC71-100-110,Bottom,Octo,0
2016,DC7,DC71-100-110,Top,Octo,0
2016,DC7,DC71-100-155,Bottom,Octo,0
2016,DC7,DC71-100-155,Top,Octo,1
2016,DC7,DC71-500-036,Bottom,Octo,0
2016,DC7,DC71-500-036,Top,Octo,0
2016,DC7,DC71-500-079,Bottom,Octo,0
2016,DC7,DC71-500-079,Top,Octo,0
2016,DC7,DC71-500-113,Bottom,Octo,0
2016,DC7,DC71-500-113,Top,Octo,0
2016,DC7,DC71-500-175,Bottom,Octo,0
2016,DC7,DC71-500-175,Top,Octo,0
2016,DC7,DC72-100-044,Bottom,Octo,0
2016,DC7,DC72-100-044,Top,Octo,0
2016,DC7,DC72-100-090,Bottom,Octo,0
2016,DC7,DC72-100-090,Top,Octo,0
2016,DC7,DC72-100-128,Bottom,Octo,0
2016,DC7,DC72-100-128,Top,Octo,0
2016,DC7,DC72-100-182,Bottom,Octo,0
2016,DC7,DC72-100-182,Top,Octo,0
2016,DC7,DC72-500-036,Bottom,Octo,1
2016,DC7,DC72-500-036,Top,Octo,1
2016,DC7,DC72-500-099,Bottom,Octo,0
2016,DC7,DC72-500-099,Top,Octo,1
2016,DC7,DC72-500-153,Bottom,Octo,1
2016,DC7,DC72-500-153,Top,Octo,2
2016,DC7,DC72-500-169,Bottom,Octo,0
2016,DC7,DC72-500-169,Top,Octo,1
2016,DC7,DC73-100-080,Bottom,Octo,0
2016,DC7,DC73-100-080,Top,Octo,0
2016,DC7,DC73-100-109,Bottom,Octo,2
2016,DC7,DC73-100-109,Top,Octo,0
2016,DC7,DC73-100-129,Bottom,Octo,0
2016,DC7,DC73-100-129,Top,Octo,0
2016,DC7,DC73-500-059,Bottom,Octo,2
2016,DC7,DC73-500-059,Top,Octo,0
2016,DC7,DC73-500-083,Bottom,Octo,0
2016,DC7,DC73-500-083,Top,Octo,0
2016,DC7,DC73-500-134,Bottom,Octo,0
2016,DC7,DC73-500-134,Top,Octo,0
2016,DC7,DC73-500-168,Bottom,Octo,2
2016,DC7,DC73-500-168,Top,Octo,0
2016,DC7,DC74-100-000,Bottom,Octo,0
2016,DC7,DC74-100-000,Top,Octo,1
2016,DC7,DC74-100-045,Bottom,Octo,0
2016,DC7,DC74-100-045,Top,Octo,0
2016,DC7,DC74-100-156,Bottom,Octo,0
2016,DC7,DC74-100-156,Top,Octo,0
2016,DC7,DC74-100-186,Bottom,Octo,0
2016,DC7,DC74-100-186,Top,Octo,0
2016,DC7,DC74-500-037,Bottom,Octo,0
2016,DC7,DC74-500-037,Top,Octo,0
2016,DC7,DC74-500-075,Bottom,Octo,0
2016,DC7,DC74-500-075,Top,Octo,0
2016,DC7,DC74-500-136,Bottom,Octo,0
2016,DC7,DC74-500-136,Top,Octo,0
2016,DC7,DC74-500-194,Bottom,Octo,1
2016,DC7,DC74-500-194,Top,Octo,1
2016,DC8,DC81-100-002,Bottom,Octo,0
2016,DC8,DC81-100-002,Top,Octo,2
2016,DC8,DC81-100-029,Bottom,Octo,0
2016,DC8,DC81-100-029,Top,Octo,0
2016,DC8,DC81-100-092,Bottom,Octo,0
2016,DC8,DC81-100-092,Top,Octo,6
2016,DC8,DC81-100-128,Bottom,Octo,0
2016,DC8,DC81-100-128,Top,Octo,1
2016,DC8,DC81-500-002,Bottom,Octo,0
2016,DC8,DC81-500-002,Top,Octo,1
2016,DC8,DC81-500-052,Bottom,Octo,0
2016,DC8,DC81-500-052,Top,Octo,1
2016,DC8,DC81-500-097,Bottom,Octo,0
2016,DC8,DC81-500-097,Top,Octo,1
2016,DC8,DC81-500-154,Bottom,Octo,0
2016,DC8,DC81-500-154,Top,Octo,0
2016,DC8,DC81-500-186,Bottom,Octo,0
2016,DC8,DC81-500-186,Top,Octo,4
2016,DC8,DC82-100-077,Bottom,Octo,0
2016,DC8,DC82-100-077,Top,Octo,2
2016,DC8,DC82-100-108,Bottom,Octo,0
2016,DC8,DC82-100-108,Top,Octo,5
2016,DC8,DC82-100-136,Bottom,Octo,0
2016,DC8,DC82-100-136,Top,Octo,3
2016,DC8,DC82-500-004,Bottom,Octo,0
2016,DC8,DC82-500-004,Top,Octo,6
2016,DC8,DC82-500-104,Bottom,Octo,0
2016,DC8,DC82-500-104,Top,Octo,1
2016,DC8,DC82-500-141,Bottom,Octo,0
2016,DC8,DC82-500-141,Top,Octo,1
2016,DC8,DC82-500-171,Top,Octo,7
2016,DC8,DC83-100-032,Bottom,Octo,0
2016,DC8,DC83-100-032,Top,Octo,0
2016,DC8,DC83-100-106,Bottom,Octo,0
2016,DC8,DC83-100-106,Top,Octo,0
2016,DC8,DC83-100-175,Bottom,Octo,0
2016,DC8,DC83-100-175,Top,Octo,3
2016,DC8,DC83-100-198,Bottom,Octo,0
2016,DC8,DC83-100-198,Top,Octo,1
2016,DC8,DC83-500-019,Bottom,Octo,0
2016,DC8,DC83-500-019,Top,Octo,0
2016,DC8,DC83-500-068,Bottom,Octo,0
2016,DC8,DC83-500-068,Top,Octo,3
2016,DC8,DC83-500-149,Bottom,Octo,0
2016,DC8,DC83-500-149,Top,Octo,2
2016,DC8,DC83-500-192,Bottom,Octo,0
2016,DC8,DC83-500-192,Top,Octo,1
2016,DC8,DC84-100-022,Bottom,Octo,0
2016,DC8,DC84-100-022,Top,Octo,2
2016,DC8,DC84-100-124,Bottom,Octo,0
2016,DC8,DC84-100-124,Top,Octo,3
2016,DC8,DC84-100-157,Bottom,Octo,0
2016,DC8,DC84-100-157,Top,Octo,6
2016,DC8,DC84-100-208,Bottom,Octo,0
2016,DC8,DC84-100-208,Top,Octo,4
2016,DC8,DC84-500-040,Bottom,Octo,0
2016,DC8,DC84-500-040,Top,Octo,0
2016,DC8,DC84-500-150,Top,Octo,8
2016,DC8,DC84-500-176,Bottom,Octo,0
2016,DC8,DC84-500-176,Top,Octo,3
2016,DC8,DC84-500-210,Bottom,Octo,0
2016,DC8,DC84-500-210,Top,Octo,1
2017,BC1,BC11-100-035,Bottom,Octo,0
2017,BC1,BC11-100-035,Top,Octo,0
2017,BC1,BC11-100-044,Bottom,Octo,0
2017,BC1,BC11-100-044,Top,Octo,1
2017,BC1,BC11-100-096,Bottom,Octo,0
2017,BC1,BC11-100-096,Top,Octo,0
2017,BC1,BC11-500-008,Bottom,Octo,0
2017,BC1,BC11-500-008,Top,Octo,0
2017,BC1,BC11-500-018,Bottom,Octo,0
2017,BC1,BC11-500-018,Top,Octo,1
2017,BC1,BC11-500-049,Bottom,Octo,0
2017,BC1,BC11-500-049,Top,Octo,0
2017,BC1,BC11-500-075,Bottom,Octo,1
2017,BC1,BC11-500-075,Top,Octo,0
2017,BC1,BC11-500-090,Bottom,Octo,0
2017,BC1,BC11-500-090,Top,Octo,0
2017,BC1,BC12-100-043,Bottom,Octo,0
2017,BC1,BC12-100-043,Top,Octo,0
2017,BC1,BC12-100-053,Bottom,Octo,0
2017,BC1,BC12-100-053,Top,Octo,0
2017,BC1,BC12-100-142,Bottom,Octo,0
2017,BC1,BC12-100-142,Top,Octo,0
2017,BC1,BC12-100-221,Bottom,Octo,0
2017,BC1,BC12-100-221,Top,Octo,0
2017,BC1,BC12-500-014,Bottom,Octo,0
2017,BC1,BC12-500-014,Top,Octo,0
2017,BC1,BC12-500-043,Bottom,Octo,0
2017,BC1,BC12-500-043,Top,Octo,0
2017,BC1,BC12-500-129,Bottom,Octo,0
2017,BC1,BC12-500-129,Top,Octo,0
2017,BC1,BC12-500-171,Bottom,Octo,0
2017,BC1,BC12-500-171,Top,Octo,0
2017,BC1,BC13-100-090,Bottom,Octo,0
2017,BC1,BC13-100-090,Top,Octo,0
2017,BC1,BC13-100-151,Bottom,Octo,0
2017,BC1,BC13-100-151,Top,Octo,0
2017,BC1,BC13-100-187,Bottom,Octo,0
2017,BC1,BC13-100-187,Top,Octo,0
2017,BC1,BC13-100-208,Bottom,Octo,0
2017,BC1,BC13-100-208,Top,Octo,0
2017,BC1,BC13-500-040,Bottom,Octo,0
2017,BC1,BC13-500-040,Top,Octo,0
2017,BC1,BC13-500-089,Bottom,Octo,0
2017,BC1,BC13-500-089,Top,Octo,0
2017,BC1,BC13-500-162,Bottom,Octo,0
2017,BC1,BC13-500-162,Top,Octo,0
2017,BC1,BC13-500-198,Bottom,Octo,0
2017,BC1,BC13-500-198,Top,Octo,0
2017,BC1,BC14-100-049,Bottom,Octo,0
2017,BC1,BC14-100-049,Top,Octo,0
2017,BC1,BC14-100-081,Bottom,Octo,0
2017,BC1,BC14-100-081,Top,Octo,0
2017,BC1,BC14-100-185,Bottom,Octo,0
2017,BC1,BC14-100-185,Top,Octo,0
2017,BC1,BC14-100-209,Bottom,Octo,0
2017,BC1,BC14-100-209,Top,Octo,0
2017,BC1,BC14-500-026,Bottom,Octo,0
2017,BC1,BC14-500-026,Top,Octo,0
2017,BC1,BC14-500-082,Bottom,Octo,0
2017,BC1,BC14-500-082,Top,Octo,0
2017,BC1,BC14-500-104,Bottom,Octo,0
2017,BC1,BC14-500-104,Top,Octo,0
2017,BC1,BC14-500-155,Bottom,Octo,0
2017,BC1,BC14-500-155,Top,Octo,0
2017,BC2,BC21-100-015,Bottom,Octo,0
2017,BC2,BC21-100-015,Top,Octo,0
2017,BC2,BC21-100-070,Bottom,Octo,0
2017,BC2,BC21-100-070,Top,Octo,0
2017,BC2,BC21-100-088,Bottom,Octo,0
2017,BC2,BC21-100-088,Top,Octo,0
2017,BC2,BC21-100-151,Bottom,Octo,0
2017,BC2,BC21-100-151,Top,Octo,0
2017,BC2,BC21-500-028,Bottom,Octo,0
2017,BC2,BC21-500-028,Top,Octo,0
2017,BC2,BC21-500-074,Bottom,Octo,0
2017,BC2,BC21-500-074,Top,Octo,0
2017,BC2,BC21-500-174,Bottom,Octo,0
2017,BC2,BC21-500-174,Top,Octo,0
2017,BC2,BC21-500-206,Bottom,Octo,0
2017,BC2,BC21-500-206,Top,Octo,0
2017,BC2,BC22-100-034,Bottom,Octo,0
2017,BC2,BC22-100-034,Top,Octo,0
2017,BC2,BC22-100-064,Bottom,Octo,0
2017,BC2,BC22-100-064,Top,Octo,0
2017,BC2,BC22-100-137,Bottom,Octo,0
2017,BC2,BC22-100-137,Top,Octo,0
2017,BC2,BC22-100-188,Bottom,Octo,0
2017,BC2,BC22-100-188,Top,Octo,0
2017,BC2,BC22-500-041,Bottom,Octo,0
2017,BC2,BC22-500-041,Top,Octo,0
2017,BC2,BC22-500-111,Bottom,Octo,0
2017,BC2,BC22-500-111,Top,Octo,0
2017,BC2,BC22-500-135,Bottom,Octo,0
2017,BC2,BC22-500-135,Top,Octo,0
2017,BC2,BC22-500-193,Bottom,Octo,0
2017,BC2,BC22-500-193,Top,Octo,0
2017,BC2,BC23-100-060,Bottom,Octo,0
2017,BC2,BC23-100-060,Top,Octo,0
2017,BC2,BC23-100-126,Bottom,Octo,0
2017,BC2,BC23-100-126,Top,Octo,0
2017,BC2,BC23-100-165,Bottom,Octo,0
2017,BC2,BC23-100-165,Top,Octo,0
2017,BC2,BC23-100-202,Bottom,Octo,0
2017,BC2,BC23-100-202,Top,Octo,0
2017,BC2,BC23-500-012,Bottom,Octo,0
2017,BC2,BC23-500-012,Top,Octo,0
2017,BC2,BC23-500-104,Bottom,Octo,0
2017,BC2,BC23-500-104,Top,Octo,0
2017,BC2,BC23-500-167,Bottom,Octo,0
2017,BC2,BC23-500-167,Top,Octo,0
2017,BC2,BC23-500-206,Bottom,Octo,0
2017,BC2,BC23-500-206,Top,Octo,0
2017,BC2,BC24-100-024,Bottom,Octo,0
2017,BC2,BC24-100-024,Top,Octo,0
2017,BC2,BC24-100-090,Bottom,Octo,0
2017,BC2,BC24-100-090,Top,Octo,0
2017,BC2,BC24-100-119,Bottom,Octo,0
2017,BC2,BC24-100-119,Top,Octo,1
2017,BC2,BC24-100-207,Bottom,Octo,0
2017,BC2,BC24-100-207,Top,Octo,0
2017,BC2,BC24-500-017,Bottom,Octo,0
2017,BC2,BC24-500-017,Top,Octo,1
2017,BC2,BC24-500-070,Bottom,Octo,0
2017,BC2,BC24-500-070,Top,Octo,1
2017,BC2,BC24-500-136,Bottom,Octo,0
2017,BC2,BC24-500-136,Top,Octo,0
2017,BC2,BC24-500-168,Bottom,Octo,0
2017,BC2,BC24-500-168,Top,Octo,1
2017,BC3,BC31-100-015,Bottom,Octo,0
2017,BC3,BC31-100-015,Top,Octo,0
2017,BC3,BC31-100-050,Bottom,Octo,0
2017,BC3,BC31-100-050,Top,Octo,0
2017,BC3,BC31-100-092,Bottom,Octo,0
2017,BC3,BC31-100-092,Top,Octo,0
2017,BC3,BC31-100-125,Bottom,Octo,0
2017,BC3,BC31-100-125,Top,Octo,1
2017,BC3,BC31-500-070,Bottom,Octo,0
2017,BC3,BC31-500-070,Top,Octo,0
2017,BC3,BC31-500-095,Bottom,Octo,0
2017,BC3,BC31-500-095,Top,Octo,0
2017,BC3,BC31-500-137,Bottom,Octo,0
2017,BC3,BC31-500-137,Top,Octo,0
2017,BC3,BC31-500-185,Bottom,Octo,0
2017,BC3,BC31-500-185,Top,Octo,0
2017,BC3,BC32-100-014,Bottom,Octo,0
2017,BC3,BC32-100-014,Top,Octo,0
2017,BC3,BC32-100-085,Bottom,Octo,0
2017,BC3,BC32-100-085,Top,Octo,0
2017,BC3,BC32-100-132,Bottom,Octo,0
2017,BC3,BC32-100-132,Top,Octo,0
2017,BC3,BC32-100-162,Bottom,Octo,0
2017,BC3,BC32-100-162,Top,Octo,0
2017,BC3,BC32-500-013,Bottom,Octo,0
2017,BC3,BC32-500-013,Top,Octo,0
2017,BC3,BC32-500-054,Bottom,Octo,0
2017,BC3,BC32-500-054,Top,Octo,0
2017,BC3,BC32-500-117,Bottom,Octo,0
2017,BC3,BC32-500-117,Top,Octo,0
2017,BC3,BC32-500-197,Bottom,Octo,0
2017,BC3,BC32-500-197,Top,Octo,0
2017,BC3,BC33-100-031,Bottom,Octo,0
2017,BC3,BC33-100-031,Top,Octo,0
2017,BC3,BC33-100-098,Bottom,Octo,0
2017,BC3,BC33-100-098,Top,Octo,0
2017,BC3,BC33-100-134,Bottom,Octo,0
2017,BC3,BC33-100-134,Top,Octo,1
2017,BC3,BC33-100-188,Bottom,Octo,0
2017,BC3,BC33-100-188,Top,Octo,0
2017,BC3,BC33-500-019,Bottom,Octo,0
2017,BC3,BC33-500-019,Top,Octo,0
2017,BC3,BC33-500-074,Bottom,Octo,1
2017,BC3,BC33-500-074,Top,Octo,0
2017,BC3,BC33-500-129,Bottom,Octo,0
2017,BC3,BC33-500-129,Top,Octo,1
2017,BC3,BC33-500-189,Bottom,Octo,0
2017,BC3,BC33-500-189,Top,Octo,0
2017,BC3,BC34-100-041,Bottom,Octo,0
2017,BC3,BC34-100-041,Top,Octo,1
2017,BC3,BC34-100-109,Bottom,Octo,0
2017,BC3,BC34-100-109,Top,Octo,0
2017,BC3,BC34-100-182,Bottom,Octo,0
2017,BC3,BC34-100-182,Top,Octo,0
2017,BC3,BC34-100-220,Bottom,Octo,0
2017,BC3,BC34-100-220,Top,Octo,0
2017,BC3,BC34-500-035,Bottom,Octo,0
2017,BC3,BC34-500-035,Top,Octo,0
2017,BC3,BC34-500-086,Bottom,Octo,0
2017,BC3,BC34-500-086,Top,Octo,0
2017,BC3,BC34-500-156,Bottom,Octo,0
2017,BC3,BC34-500-156,Top,Octo,0
2017,BC3,BC34-500-206,Bottom,Octo,0
2017,BC3,BC34-500-206,Top,Octo,0
2017,BC4,BC41-100-023,Bottom,Octo,0
2017,BC4,BC41-100-023,Top,Octo,0
2017,BC4,BC41-100-076,Bottom,Octo,0
2017,BC4,BC41-100-076,Top,Octo,0
2017,BC4,BC41-100-093,Bottom,Octo,0
2017,BC4,BC41-100-093,Top,Octo,0
2017,BC4,BC41-100-139,Bottom,Octo,0
2017,BC4,BC41-100-139,Top,Octo,0
2017,BC4,BC41-500-035,Bottom,Octo,0
2017,BC4,BC41-500-035,Top,Octo,0
2017,BC4,BC41-500-106,Bottom,Octo,0
2017,BC4,BC41-500-106,Top,Octo,0
2017,BC4,BC41-500-126,Bottom,Octo,0
2017,BC4,BC41-500-126,Top,Octo,0
2017,BC4,BC41-500-211,Bottom,Octo,0
2017,BC4,BC41-500-211,Top,Octo,0
2017,BC4,BC42-100-017,Bottom,Octo,0
2017,BC4,BC42-100-017,Top,Octo,0
2017,BC4,BC42-100-093,Bottom,Octo,0
2017,BC4,BC42-100-093,Top,Octo,1
2017,BC4,BC42-100-119,Bottom,Octo,0
2017,BC4,BC42-100-119,Top,Octo,0
2017,BC4,BC42-100-151,Bottom,Octo,0
2017,BC4,BC42-100-151,Top,Octo,0
2017,BC4,BC42-500-020,Bottom,Octo,0
2017,BC4,BC42-500-020,Top,Octo,0
2017,BC4,BC42-500-083,Bottom,Octo,0
2017,BC4,BC42-500-083,Top,Octo,0
2017,BC4,BC42-500-108,Bottom,Octo,0
2017,BC4,BC42-500-108,Top,Octo,0
2017,BC4,BC42-500-155,Bottom,Octo,0
2017,BC4,BC42-500-155,Top,Octo,0
2017,BC4,BC43-100-117,Bottom,Octo,0
2017,BC4,BC43-100-117,Top,Octo,0
2017,BC4,BC43-100-132,Bottom,Octo,0
2017,BC4,BC43-100-132,Top,Octo,0
2017,BC4,BC43-100-163,Bottom,Octo,0
2017,BC4,BC43-100-163,Top,Octo,0
2017,BC4,BC43-100-176,Bottom,Octo,0
2017,BC4,BC43-100-176,Top,Octo,0
2017,BC4,BC43-100-199,Bottom,Octo,0
2017,BC4,BC43-100-199,Top,Octo,0
2017,BC4,BC43-500-042,Bottom,Octo,0
2017,BC4,BC43-500-042,Top,Octo,0
2017,BC4,BC43-500-061,Bottom,Octo,0
2017,BC4,BC43-500-061,Top,Octo,1
2017,BC4,BC43-500-091,Bottom,Octo,0
2017,BC4,BC43-500-091,Top,Octo,0
2017,BC4,BC44-100-130,Bottom,Octo,1
2017,BC4,BC44-100-130,Top,Octo,0
2017,BC4,BC44-100-175,Bottom,Octo,0
2017,BC4,BC44-100-175,Top,Octo,0
2017,BC4,BC44-100-198,Bottom,Octo,0
2017,BC4,BC44-100-198,Top,Octo,0
2017,BC4,BC44-500-061,Bottom,Octo,0
2017,BC4,BC44-500-061,Top,Octo,0
2017,BC4,BC44-500-074,Bottom,Octo,0
2017,BC4,BC44-500-074,Top,Octo,0
2017,BC4,BC44-500-112,Bottom,Octo,0
2017,BC4,BC44-500-112,Top,Octo,0
2017,BC4,BC44-500-147,Bottom,Octo,0
2017,BC4,BC44-500-147,Top,Octo,0
2017,BC4,BC44-500-170,Bottom,Octo,0
2017,BC4,BC44-500-170,Top,Octo,0
2017,DC1,DC11-100-048,Bottom,Octo,0
2017,DC1,DC11-100-048,Top,Octo,0
2017,DC1,DC11-100-059,Bottom,Octo,0
2017,DC1,DC11-100-059,Top,Octo,0
2017,DC1,DC11-100-082,Bottom,Octo,0
2017,DC1,DC11-100-082,Top,Octo,0
2017,DC1,DC11-100-171,Bottom,Octo,0
2017,DC1,DC11-100-171,Top,Octo,0
2017,DC1,DC11-500-045,Bottom,Octo,0
2017,DC1,DC11-500-045,Top,Octo,0
2017,DC1,DC11-500-106,Bottom,Octo,0
2017,DC1,DC11-500-106,Top,Octo,0
2017,DC1,DC11-500-138,Bottom,Octo,0
2017,DC1,DC11-500-138,Top,Octo,0
2017,DC1,DC11-500-204,Bottom,Octo,0
2017,DC1,DC11-500-204,Top,Octo,0
2017,DC1,DC12-100-027,Bottom,Octo,0
2017,DC1,DC12-100-027,Top,Octo,0
2017,DC1,DC12-100-087,Bottom,Octo,0
2017,DC1,DC12-100-087,Top,Octo,0
2017,DC1,DC12-100-166,Bottom,Octo,0
2017,DC1,DC12-100-166,Top,Octo,0
2017,DC1,DC12-100-211,Bottom,Octo,0
2017,DC1,DC12-100-211,Top,Octo,0
2017,DC1,DC12-500-042,Bottom,Octo,0
2017,DC1,DC12-500-042,Top,Octo,0
2017,DC1,DC12-500-071,Bottom,Octo,0
2017,DC1,DC12-500-071,Top,Octo,0
2017,DC1,DC12-500-166,Bottom,Octo,0
2017,DC1,DC12-500-166,Top,Octo,0
2017,DC1,DC12-500-191,Bottom,Octo,0
2017,DC1,DC12-500-191,Top,Octo,0
2017,DC1,DC13-100-083,Bottom,Octo,0
2017,DC1,DC13-100-083,Top,Octo,0
2017,DC1,DC13-100-091,Bottom,Octo,0
2017,DC1,DC13-100-091,Top,Octo,0
2017,DC1,DC13-100-158,Bottom,Octo,0
2017,DC1,DC13-100-158,Top,Octo,0
2017,DC1,DC13-100-186,Bottom,Octo,0
2017,DC1,DC13-100-186,Top,Octo,0
2017,DC1,DC13-500-036,Bottom,Octo,0
2017,DC1,DC13-500-036,Top,Octo,0
2017,DC1,DC13-500-092,Bottom,Octo,0
2017,DC1,DC13-500-092,Top,Octo,0
2017,DC1,DC13-500-128,Bottom,Octo,0
2017,DC1,DC13-500-128,Top,Octo,0
2017,DC1,DC13-500-192,Bottom,Octo,0
2017,DC1,DC13-500-192,Top,Octo,0
2017,DC1,DC14-100-036,Bottom,Octo,0
2017,DC1,DC14-100-036,Top,Octo,0
2017,DC1,DC14-100-081,Bottom,Octo,0
2017,DC1,DC14-100-081,Top,Octo,0
2017,DC1,DC14-100-144,Bottom,Octo,0
2017,DC1,DC14-100-144,Top,Octo,0
2017,DC1,DC14-100-184,Bottom,Octo,0
2017,DC1,DC14-100-184,Top,Octo,0
2017,DC1,DC14-500-022,Bottom,Octo,0
2017,DC1,DC14-500-022,Top,Octo,0
2017,DC1,DC14-500-101,Bottom,Octo,0
2017,DC1,DC14-500-101,Top,Octo,0
2017,DC1,DC14-500-178,Bottom,Octo,0
2017,DC1,DC14-500-178,Top,Octo,0
2017,DC1,DC14-500-205,Bottom,Octo,0
2017,DC1,DC14-500-205,Top,Octo,0
2017,DC2,DC21-100-020,Bottom,Octo,0
2017,DC2,DC21-100-020,Top,Octo,0
2017,DC2,DC21-100-087,Bottom,Octo,0
2017,DC2,DC21-100-087,Top,Octo,1
2017,DC2,DC21-100-122,Bottom,Octo,0
2017,DC2,DC21-100-122,Top,Octo,2
2017,DC2,DC21-100-170,Bottom,Octo,0
2017,DC2,DC21-100-170,Top,Octo,0
2017,DC2,DC21-500-036,Bottom,Octo,0
2017,DC2,DC21-500-036,Top,Octo,0
2017,DC2,DC21-500-066,Bottom,Octo,0
2017,DC2,DC21-500-066,Top,Octo,1
2017,DC2,DC21-500-084,Bottom,Octo,0
2017,DC2,DC21-500-084,Top,Octo,0
2017,DC2,DC21-500-106,Bottom,Octo,0
2017,DC2,DC21-500-106,Top,Octo,0
2017,DC2,DC22-100-040,Bottom,Octo,0
2017,DC2,DC22-100-040,Top,Octo,1
2017,DC2,DC22-100-094,Bottom,Octo,0
2017,DC2,DC22-100-094,Top,Octo,0
2017,DC2,DC22-100-157,Bottom,Octo,0
2017,DC2,DC22-100-157,Top,Octo,3
2017,DC2,DC22-100-192,Bottom,Octo,0
2017,DC2,DC22-100-192,Top,Octo,0
2017,DC2,DC22-500-002,Bottom,Octo,0
2017,DC2,DC22-500-002,Top,Octo,0
2017,DC2,DC22-500-078,Bottom,Octo,0
2017,DC2,DC22-500-078,Top,Octo,1
2017,DC2,DC22-500-109,Bottom,Octo,0
2017,DC2,DC22-500-109,Top,Octo,0
2017,DC2,DC22-500-134,Bottom,Octo,0
2017,DC2,DC22-500-134,Top,Octo,0
2017,DC2,DC23-100-037,Bottom,Octo,0
2017,DC2,DC23-100-037,Top,Octo,1
2017,DC2,DC23-100-049,Bottom,Octo,0
2017,DC2,DC23-100-049,Top,Octo,0
2017,DC2,DC23-100-144,Bottom,Octo,0
2017,DC2,DC23-100-144,Top,Octo,1
2017,DC2,DC23-100-169,Bottom,Octo,0
2017,DC2,DC23-100-169,Top,Octo,0
2017,DC2,DC23-500-007,Bottom,Octo,0
2017,DC2,DC23-500-007,Top,Octo,1
2017,DC2,DC23-500-034,Bottom,Octo,0
2017,DC2,DC23-500-034,Top,Octo,0
2017,DC2,DC23-500-125,Top,Octo,0
2017,DC2,DC23-500-172,Top,Octo,0
2017,DC2,DC24-100-067,Bottom,Octo,0
2017,DC2,DC24-100-067,Top,Octo,0
2017,DC2,DC24-100-089,Bottom,Octo,0
2017,DC2,DC24-100-089,Top,Octo,0
2017,DC2,DC24-100-114,Bottom,Octo,0
2017,DC2,DC24-100-114,Top,Octo,0
2017,DC2,DC24-100-191,Bottom,Octo,0
2017,DC2,DC24-100-191,Top,Octo,0
2017,DC2,DC24-500-045,Bottom,Octo,0
2017,DC2,DC24-500-045,Top,Octo,0
2017,DC2,DC24-500-120,Bottom,Octo,0
2017,DC2,DC24-500-120,Top,Octo,0
2017,DC2,DC24-500-154,Bottom,Octo,0
2017,DC2,DC24-500-154,Top,Octo,0
2017,DC2,DC24-500-223,Bottom,Octo,0
2017,DC2,DC24-500-223,Top,Octo,0
2017,DC3,DC31-100-097,Bottom,Octo,0
2017,DC3,DC31-100-097,Top,Octo,0
2017,DC3,DC31-100-116,Bottom,Octo,0
2017,DC3,DC31-100-116,Top,Octo,0
2017,DC3,DC31-100-141,Bottom,Octo,0
2017,DC3,DC31-100-199,Bottom,Octo,0
2017,DC3,DC31-100-199,Top,Octo,0
2017,DC3,DC31-500-133,Bottom,Octo,0
2017,DC3,DC31-500-133,Top,Octo,0
2017,DC3,DC31-500-167,Bottom,Octo,0
2017,DC3,DC31-500-167,Top,Octo,0
2017,DC3,DC31-500-198,Bottom,Octo,0
2017,DC3,DC31-500-198,Top,Octo,0
2017,DC3,DC31-500-209,Bottom,Octo,0
2017,DC3,DC31-500-209,Top,Octo,0
2017,DC3,DC32-100-119,Bottom,Octo,0
2017,DC3,DC32-100-119,Top,Octo,0
2017,DC3,DC32-100-131,Bottom,Octo,0
2017,DC3,DC32-100-131,Top,Octo,0
2017,DC3,DC32-100-170,Bottom,Octo,0
2017,DC3,DC32-100-170,Top,Octo,0
2017,DC3,DC32-100-179,Bottom,Octo,0
2017,DC3,DC32-100-179,Top,Octo,1
2017,DC3,DC32-500-119,Bottom,Octo,0
2017,DC3,DC32-500-119,Top,Octo,0
2017,DC3,DC32-500-160,Bottom,Octo,0
2017,DC3,DC32-500-160,Top,Octo,0
2017,DC3,DC32-500-173,Bottom,Octo,0
2017,DC3,DC32-500-173,Top,Octo,0
2017,DC3,DC32-500-208,Bottom,Octo,0
2017,DC3,DC32-500-208,Top,Octo,0
2017,DC3,DC33-100-112,Bottom,Octo,0
2017,DC3,DC33-100-112,Top,Octo,0
2017,DC3,DC33-100-155,Bottom,Octo,1
2017,DC3,DC33-100-155,Top,Octo,0
2017,DC3,DC33-100-181,Bottom,Octo,0
2017,DC3,DC33-100-181,Top,Octo,0
2017,DC3,DC33-100-220,Bottom,Octo,0
2017,DC3,DC33-100-220,Top,Octo,0
2017,DC3,DC33-500-080,Bottom,Octo,0
2017,DC3,DC33-500-080,Top,Octo,0
2017,DC3,DC33-500-109,Bottom,Octo,0
2017,DC3,DC33-500-109,Top,Octo,0
2017,DC3,DC33-500-130,Bottom,Octo,0
2017,DC3,DC33-500-130,Top,Octo,0
2017,DC3,DC33-500-199,Bottom,Octo,0
2017,DC3,DC33-500-199,Top,Octo,0
2017,DC3,DC34-100-028,Bottom,Octo,1
2017,DC3,DC34-100-028,Top,Octo,0
2017,DC3,DC34-100-050,Bottom,Octo,0
2017,DC3,DC34-100-050,Top,Octo,0
2017,DC3,DC34-100-100,Bottom,Octo,0
2017,DC3,DC34-100-100,Top,Octo,0
2017,DC3,DC34-100-171,Bottom,Octo,0
2017,DC3,DC34-100-171,Top,Octo,0
2017,DC3,DC34-500-099,Bottom,Octo,0
2017,DC3,DC34-500-099,Top,Octo,0
2017,DC3,DC34-500-131,Bottom,Octo,1
2017,DC3,DC34-500-131,Top,Octo,0
2017,DC3,DC34-500-153,Bottom,Octo,0
2017,DC3,DC34-500-153,Top,Octo,0
2017,DC3,DC34-500-174,Bottom,Octo,0
2017,DC3,DC34-500-174,Top,Octo,0
2017,DC4,DC41-100-037,Bottom,Octo,0
2017,DC4,DC41-100-037,Top,Octo,0
2017,DC4,DC41-100-057,Bottom,Octo,1
2017,DC4,DC41-100-057,Top,Octo,0
2017,DC4,DC41-100-110,Bottom,Octo,0
2017,DC4,DC41-100-110,Top,Octo,0
2017,DC4,DC41-100-168,Bottom,Octo,0
2017,DC4,DC41-100-168,Top,Octo,0
2017,DC4,DC41-500-027,Bottom,Octo,0
2017,DC4,DC41-500-027,Top,Octo,0
2017,DC4,DC41-500-054,Bottom,Octo,0
2017,DC4,DC41-500-054,Top,Octo,0
2017,DC4,DC41-500-083,Bottom,Octo,0
2017,DC4,DC41-500-083,Top,Octo,0
2017,DC4,DC41-500-162,Bottom,Octo,0
2017,DC4,DC41-500-162,Top,Octo,0
2017,DC4,DC42-100-017,Bottom,Octo,0
2017,DC4,DC42-100-017,Top,Octo,0
2017,DC4,DC42-100-057,Bottom,Octo,0
2017,DC4,DC42-100-057,Top,Octo,0
2017,DC4,DC42-100-139,Bottom,Octo,1
2017,DC4,DC42-100-139,Top,Octo,0
2017,DC4,DC42-100-174,Bottom,Octo,0
2017,DC4,DC42-100-174,Top,Octo,0
2017,DC4,DC42-500-037,Bottom,Octo,0
2017,DC4,DC42-500-037,Top,Octo,0
2017,DC4,DC42-500-100,Bottom,Octo,0
2017,DC4,DC42-500-100,Top,Octo,0
2017,DC4,DC42-500-133,Bottom,Octo,0
2017,DC4,DC42-500-133,Top,Octo,0
2017,DC4,DC42-500-186,Bottom,Octo,0
2017,DC4,DC42-500-186,Top,Octo,0
2017,DC4,DC43-100-024,Bottom,Octo,0
2017,DC4,DC43-100-024,Top,Octo,1
2017,DC4,DC43-100-055,Bottom,Octo,0
2017,DC4,DC43-100-055,Top,Octo,0
2017,DC4,DC43-100-123,Bottom,Octo,0
2017,DC4,DC43-100-123,Top,Octo,0
2017,DC4,DC43-100-160,Bottom,Octo,0
2017,DC4,DC43-100-160,Top,Octo,0
2017,DC4,DC43-500-045,Bottom,Octo,0
2017,DC4,DC43-500-045,Top,Octo,0
2017,DC4,DC43-500-075,Bottom,Octo,0
2017,DC4,DC43-500-075,Top,Octo,1
2017,DC4,DC43-500-099,Bottom,Octo,0
2017,DC4,DC43-500-099,Top,Octo,0
2017,DC4,DC43-500-134,Bottom,Octo,0
2017,DC4,DC43-500-134,Top,Octo,0
2017,DC4,DC44-100-024,Bottom,Octo,0
2017,DC4,DC44-100-024,Top,Octo,0
2017,DC4,DC44-100-062,Bottom,Octo,2
2017,DC4,DC44-100-062,Top,Octo,0
2017,DC4,DC44-100-122,Bottom,Octo,0
2017,DC4,DC44-100-122,Top,Octo,0
2017,DC4,DC44-100-157,Bottom,Octo,0
2017,DC4,DC44-100-157,Top,Octo,0
2017,DC4,DC44-500-018,Bottom,Octo,0
2017,DC4,DC44-500-018,Top,Octo,0
2017,DC4,DC44-500-051,Bottom,Octo,0
2017,DC4,DC44-500-051,Top,Octo,0
2017,DC4,DC44-500-117,Bottom,Octo,0
2017,DC4,DC44-500-117,Top,Octo,0
2017,DC4,DC44-500-158,Bottom,Octo,0
2017,DC4,DC44-500-158,Top,Octo,1
2017,DC5,DC51-100-013,Bottom,Octo,0
2017,DC5,DC51-100-013,Top,Octo,1
2017,DC5,DC51-100-057,Bottom,Octo,0
2017,DC5,DC51-100-057,Top,Octo,0
2017,DC5,DC51-100-076,Bottom,Octo,0
2017,DC5,DC51-100-076,Top,Octo,0
2017,DC5,DC51-100-127,Bottom,Octo,0
2017,DC5,DC51-100-127,Top,Octo,0
2017,DC5,DC51-500-018,Bottom,Octo,0
2017,DC5,DC51-500-018,Top,Octo,0
2017,DC5,DC51-500-095,Bottom,Octo,0
2017,DC5,DC51-500-095,Top,Octo,0
2017,DC5,DC51-500-145,Bottom,Octo,0
2017,DC5,DC51-500-145,Top,Octo,0
2017,DC5,DC51-500-165,Bottom,Octo,0
2017,DC5,DC51-500-165,Top,Octo,0
2017,DC5,DC52-100-059,Bottom,Octo,0
2017,DC5,DC52-100-059,Top,Octo,0
2017,DC5,DC52-100-104,Bottom,Octo,0
2017,DC5,DC52-100-104,Top,Octo,0
2017,DC5,DC52-100-118,Bottom,Octo,0
2017,DC5,DC52-100-118,Top,Octo,0
2017,DC5,DC52-100-177,Bottom,Octo,0
2017,DC5,DC52-100-177,Top,Octo,0
2017,DC5,DC52-500-075,Bottom,Octo,0
2017,DC5,DC52-500-075,Top,Octo,0
2017,DC5,DC52-500-104,Bottom,Octo,0
2017,DC5,DC52-500-104,Top,Octo,0
2017,DC5,DC52-500-140,Bottom,Octo,0
2017,DC5,DC52-500-140,Top,Octo,0
2017,DC5,DC52-500-161,Bottom,Octo,0
2017,DC5,DC52-500-161,Top,Octo,0
2017,DC5,DC53-100-085,Bottom,Octo,0
2017,DC5,DC53-100-085,Top,Octo,0
2017,DC5,DC53-100-114,Bottom,Octo,0
2017,DC5,DC53-100-114,Top,Octo,0
2017,DC5,DC53-100-150,Bottom,Octo,0
2017,DC5,DC53-100-150,Top,Octo,0
2017,DC5,DC53-100-183,Bottom,Octo,0
2017,DC5,DC53-100-183,Top,Octo,0
2017,DC5,DC53-500-004,Bottom,Octo,0
2017,DC5,DC53-500-004,Top,Octo,0
2017,DC5,DC53-500-084,Bottom,Octo,0
2017,DC5,DC53-500-084,Top,Octo,0
2017,DC5,DC53-500-136,Bottom,Octo,0
2017,DC5,DC53-500-136,Top,Octo,0
2017,DC5,DC53-500-178,Bottom,Octo,0
2017,DC5,DC53-500-178,Top,Octo,0
2017,DC5,DC54-100-077,Bottom,Octo,0
2017,DC5,DC54-100-077,Top,Octo,0
2017,DC5,DC54-100-089,Bottom,Octo,0
2017,DC5,DC54-100-089,Top,Octo,0
2017,DC5,DC54-100-123,Bottom,Octo,1
2017,DC5,DC54-100-123,Top,Octo,0
2017,DC5,DC54-100-138,Bottom,Octo,0
2017,DC5,DC54-100-138,Top,Octo,0
2017,DC5,DC54-500-015,Bottom,Octo,0
2017,DC5,DC54-500-015,Top,Octo,0
2017,DC5,DC54-500-046,Bottom,Octo,0
2017,DC5,DC54-500-046,Top,Octo,0
2017,DC5,DC54-500-059,Bottom,Octo,0
2017,DC5,DC54-500-059,Top,Octo,0
2017,DC5,DC54-500-168,Bottom,Octo,0
2017,DC5,DC54-500-168,Top,Octo,0
2017,DC6,DC61-100-065,Bottom,Octo,0
2017,DC6,DC61-100-065,Top,Octo,0
2017,DC6,DC61-100-078,Bottom,Octo,0
2017,DC6,DC61-100-078,Top,Octo,0
2017,DC6,DC61-100-137,Bottom,Octo,0
2017,DC6,DC61-100-137,Top,Octo,0
2017,DC6,DC61-100-162,Bottom,Octo,0
2017,DC6,DC61-100-162,Top,Octo,0
2017,DC6,DC61-500-017,Bottom,Octo,0
2017,DC6,DC61-500-017,Top,Octo,0
2017,DC6,DC61-500-091,Bottom,Octo,0
2017,DC6,DC61-500-091,Top,Octo,0
2017,DC6,DC61-500-132,Bottom,Octo,0
2017,DC6,DC61-500-132,Top,Octo,0
2017,DC6,DC61-500-184,Bottom,Octo,0
2017,DC6,DC61-500-184,Top,Octo,1
2017,DC6,DC62-100-052,Bottom,Octo,0
2017,DC6,DC62-100-052,Top,Octo,0
2017,DC6,DC62-100-084,Bottom,Octo,0
2017,DC6,DC62-100-084,Top,Octo,0
2017,DC6,DC62-100-141,Bottom,Octo,0
2017,DC6,DC62-100-141,Top,Octo,0
2017,DC6,DC62-100-163,Bottom,Octo,0
2017,DC6,DC62-100-163,Top,Octo,0
2017,DC6,DC62-500-082,Bottom,Octo,0
2017,DC6,DC62-500-082,Top,Octo,0
2017,DC6,DC62-500-114,Bottom,Octo,0
2017,DC6,DC62-500-114,Top,Octo,0
2017,DC6,DC62-500-132,Bottom,Octo,0
2017,DC6,DC62-500-132,Top,Octo,0
2017,DC6,DC62-500-205,Bottom,Octo,0
2017,DC6,DC62-500-205,Top,Octo,0
2017,DC6,DC63-100-060,Bottom,Octo,0
2017,DC6,DC63-100-060,Top,Octo,0
2017,DC6,DC63-100-165,Bottom,Octo,0
2017,DC6,DC63-100-165,Top,Octo,0
2017,DC6,DC63-100-194,Bottom,Octo,0
2017,DC6,DC63-100-194,Top,Octo,0
2017,DC6,DC63-500-046,Bottom,Octo,0
2017,DC6,DC63-500-046,Top,Octo,0
2017,DC6,DC63-500-091,Bottom,Octo,0
2017,DC6,DC63-500-091,Top,Octo,0
2017,DC6,DC63-500-108,Bottom,Octo,0
2017,DC6,DC63-500-108,Top,Octo,0
2017,DC6,DC63-500-142,Bottom,Octo,0
2017,DC6,DC63-500-142,Top,Octo,0
2017,DC6,DC63-500-195,Bottom,Octo,0
2017,DC6,DC63-500-195,Top,Octo,0
2017,DC6,DC64-100-097,Bottom,Octo,0
2017,DC6,DC64-100-097,Top,Octo,0
2017,DC6,DC64-100-128,Bottom,Octo,0
2017,DC6,DC64-100-128,Top,Octo,0
2017,DC6,DC64-100-176,Bottom,Octo,0
2017,DC6,DC64-100-176,Top,Octo,0
2017,DC6,DC64-100-193,Bottom,Octo,0
2017,DC6,DC64-100-193,Top,Octo,0
2017,DC6,DC64-500-017,Bottom,Octo,0
2017,DC6,DC64-500-017,Top,Octo,0
2017,DC6,DC64-500-056,Bottom,Octo,0
2017,DC6,DC64-500-056,Top,Octo,0
2017,DC6,DC64-500-091,Bottom,Octo,0
2017,DC6,DC64-500-091,Top,Octo,0
2017,DC6,DC64-500-113,Bottom,Octo,0
2017,DC6,DC64-500-113,Top,Octo,0
2017,DC7,DC71-100-043,Bottom,Octo,0
2017,DC7,DC71-100-043,Top,Octo,0
2017,DC7,DC71-100-085,Bottom,Octo,0
2017,DC7,DC71-100-085,Top,Octo,0
2017,DC7,DC71-100-110,Bottom,Octo,2
2017,DC7,DC71-100-110,Top,Octo,1
2017,DC7,DC71-100-155,Bottom,Octo,0
2017,DC7,DC71-100-155,Top,Octo,0
2017,DC7,DC71-500-036,Bottom,Octo,0
2017,DC7,DC71-500-036,Top,Octo,0
2017,DC7,DC71-500-079,Bottom,Octo,0
2017,DC7,DC71-500-079,Top,Octo,0
2017,DC7,DC71-500-113,Bottom,Octo,0
2017,DC7,DC71-500-113,Top,Octo,0
2017,DC7,DC71-500-175,Bottom,Octo,0
2017,DC7,DC71-500-175,Top,Octo,2
2017,DC7,DC72-100-044,Bottom,Octo,0
2017,DC7,DC72-100-044,Top,Octo,1
2017,DC7,DC72-100-090,Bottom,Octo,0
2017,DC7,DC72-100-090,Top,Octo,2
2017,DC7,DC72-100-128,Bottom,Octo,0
2017,DC7,DC72-100-128,Top,Octo,2
2017,DC7,DC72-100-182,Bottom,Octo,0
2017,DC7,DC72-100-182,Top,Octo,0
2017,DC7,DC72-500-036,Bottom,Octo,0
2017,DC7,DC72-500-036,Top,Octo,0
2017,DC7,DC72-500-099,Bottom,Octo,0
2017,DC7,DC72-500-099,Top,Octo,0
2017,DC7,DC72-500-153,Bottom,Octo,1
2017,DC7,DC72-500-153,Top,Octo,0
2017,DC7,DC72-500-169,Bottom,Octo,0
2017,DC7,DC72-500-169,Top,Octo,0
2017,DC7,DC73-100-080,Bottom,Octo,0
2017,DC7,DC73-100-080,Top,Octo,0
2017,DC7,DC73-100-109,Bottom,Octo,0
2017,DC7,DC73-100-109,Top,Octo,0
2017,DC7,DC73-100-129,Bottom,Octo,0
2017,DC7,DC73-100-129,Top,Octo,0
2017,DC7,DC73-100-196,Bottom,Octo,0
2017,DC7,DC73-100-196,Top,Octo,0
2017,DC7,DC73-500-059,Bottom,Octo,0
2017,DC7,DC73-500-059,Top,Octo,1
2017,DC7,DC73-500-083,Bottom,Octo,0
2017,DC7,DC73-500-083,Top,Octo,1
2017,DC7,DC73-500-134,Bottom,Octo,0
2017,DC7,DC73-500-134,Top,Octo,0
2017,DC7,DC73-500-168,Bottom,Octo,0
2017,DC7,DC73-500-168,Top,Octo,0
2017,DC7,DC74-100-000,Bottom,Octo,0
2017,DC7,DC74-100-000,Top,Octo,0
2017,DC7,DC74-100-045,Top,Octo,1
2017,DC7,DC74-100-156,Bottom,Octo,0
2017,DC7,DC74-100-156,Top,Octo,1
2017,DC7,DC74-100-186,Bottom,Octo,0
2017,DC7,DC74-100-186,Top,Octo,0
2017,DC7,DC74-500-037,Bottom,Octo,0
2017,DC7,DC74-500-037,Top,Octo,0
2017,DC7,DC74-500-075,Bottom,Octo,0
2017,DC7,DC74-500-075,Top,Octo,1
2017,DC7,DC74-500-136,Bottom,Octo,0
2017,DC7,DC74-500-136,Top,Octo,0
2017,DC7,DC74-500-194,Bottom,Octo,0
2017,DC7,DC74-500-194,Top,Octo,0
2017,DC8,DC81-100-002,Bottom,Octo,1
2017,DC8,DC81-100-002,Top,Octo,3
2017,DC8,DC81-100-029,Bottom,Octo,1
2017,DC8,DC81-100-029,Top,Octo,12
2017,DC8,DC81-100-092,Bottom,Octo,1
2017,DC8,DC81-100-092,Top,Octo,8
2017,DC8,DC81-100-128,Bottom,Octo,0
2017,DC8,DC81-100-128,Top,Octo,10
2017,DC8,DC81-500-002,Bottom,Octo,1
2017,DC8,DC81-500-002,Top,Octo,3
2017,DC8,DC81-500-097,Bottom,Octo,1
2017,DC8,DC81-500-097,Top,Octo,8
2017,DC8,DC81-500-154,Bottom,Octo,1
2017,DC8,DC81-500-154,Top,Octo,6
2017,DC8,DC81-500-186,Bottom,Octo,0
2017,DC8,DC81-500-186,Top,Octo,3
2017,DC8,DC82-100-052,Bottom,Octo,0
2017,DC8,DC82-100-052,Top,Octo,9
2017,DC8,DC82-100-077,Bottom,Octo,1
2017,DC8,DC82-100-077,Top,Octo,0
2017,DC8,DC82-100-108,Bottom,Octo,1
2017,DC8,DC82-100-108,Top,Octo,8
2017,DC8,DC82-100-136,Bottom,Octo,1
2017,DC8,DC82-100-136,Top,Octo,13
2017,DC8,DC82-500-004,Bottom,Octo,1
2017,DC8,DC82-500-004,Top,Octo,3
2017,DC8,DC82-500-104,Bottom,Octo,0
2017,DC8,DC82-500-104,Top,Octo,0
2017,DC8,DC82-500-141,Bottom,Octo,1
2017,DC8,DC82-500-141,Top,Octo,0
2017,DC8,DC82-500-171,Bottom,Octo,1
2017,DC8,DC82-500-171,Top,Octo,0
2017,DC8,DC83-100-032,Bottom,Octo,0
2017,DC8,DC83-100-032,Top,Octo,5
2017,DC8,DC83-100-106,Bottom,Octo,1
2017,DC8,DC83-100-106,Top,Octo,1
2017,DC8,DC83-100-175,Bottom,Octo,1
2017,DC8,DC83-100-175,Top,Octo,9
2017,DC8,DC83-100-198,Bottom,Octo,1
2017,DC8,DC83-100-198,Top,Octo,3
2017,DC8,DC83-500-019,Bottom,Octo,0
2017,DC8,DC83-500-019,Top,Octo,22
2017,DC8,DC83-500-068,Bottom,Octo,1
2017,DC8,DC83-500-068,Top,Octo,16
2017,DC8,DC83-500-149,Bottom,Octo,0
2017,DC8,DC83-500-149,Top,Octo,13
2017,DC8,DC83-500-192,Bottom,Octo,0
2017,DC8,DC83-500-192,Top,Octo,4
2017,DC8,DC84-100-022,Bottom,Octo,1
2017,DC8,DC84-100-022,Top,Octo,11
2017,DC8,DC84-100-124,Bottom,Octo,0
2017,DC8,DC84-100-124,Top,Octo,6
2017,DC8,DC84-100-157,Bottom,Octo,0
2017,DC8,DC84-100-157,Top,Octo,4
2017,DC8,DC84-100-208,Bottom,Octo,0
2017,DC8,DC84-100-208,Top,Octo,4
2017,DC8,DC84-500-040,Bottom,Octo,0
2017,DC8,DC84-500-040,Top,Octo,3
2017,DC8,DC84-500-150,Bottom,Octo,1
2017,DC8,DC84-500-150,Top,Octo,5
2017,DC8,DC84-500-176,Bottom,Octo,0
2017,DC8,DC84-500-176,Top,Octo,8
2017,DC8,DC84-500-210,Bottom,Octo,0
2017,DC8,DC84-500-210,Top,Octo,23
2018,BC1,BC11-100-035,Bottom,Octo,0
2018,BC1,BC11-100-035,Top,Octo,1
2018,BC1,BC11-100-044,Bottom,Octo,0
2018,BC1,BC11-100-044,Top,Octo,0
2018,BC1,BC11-100-096,Bottom,Octo,0
2018,BC1,BC11-100-096,Top,Octo,0
2018,BC1,BC11-500-008,Bottom,Octo,0
2018,BC1,BC11-500-008,Top,Octo,0
2018,BC1,BC11-500-018,Bottom,Octo,0
2018,BC1,BC11-500-018,Top,Octo,0
2018,BC1,BC11-500-049,Bottom,Octo,0
2018,BC1,BC11-500-049,Top,Octo,0
2018,BC1,BC11-500-075,Bottom,Octo,0
2018,BC1,BC11-500-075,Top,Octo,0
2018,BC1,BC11-500-090,Bottom,Octo,0
2018,BC1,BC11-500-090,Top,Octo,0
2018,BC1,BC12-100-043,Bottom,Octo,0
2018,BC1,BC12-100-043,Top,Octo,1
2018,BC1,BC12-100-053,Bottom,Octo,0
2018,BC1,BC12-100-053,Top,Octo,1
2018,BC1,BC12-500-014,Bottom,Octo,0
2018,BC1,BC12-500-014,Top,Octo,0
2018,BC1,BC12-500-043,Bottom,Octo,0
2018,BC1,BC12-500-043,Top,Octo,0
2018,BC1,BC12-500-129,Bottom,Octo,0
2018,BC1,BC12-500-129,Top,Octo,0
2018,BC1,BC12-500-171,Bottom,Octo,0
2018,BC1,BC12-500-171,Top,Octo,0
2018,BC1,BC13-100-090,Bottom,Octo,0
2018,BC1,BC13-100-090,Top,Octo,0
2018,BC1,BC13-100-151,Bottom,Octo,0
2018,BC1,BC13-100-151,Top,Octo,0
2018,BC1,BC13-100-187,Bottom,Octo,0
2018,BC1,BC13-100-187,Top,Octo,0
2018,BC1,BC13-100-208,Bottom,Octo,0
2018,BC1,BC13-100-208,Top,Octo,0
2018,BC1,BC13-500-040,Bottom,Octo,0
2018,BC1,BC13-500-040,Top,Octo,0
2018,BC1,BC13-500-089,Bottom,Octo,0
2018,BC1,BC13-500-089,Top,Octo,0
2018,BC1,BC13-500-162,Bottom,Octo,0
2018,BC1,BC13-500-162,Top,Octo,0
2018,BC1,BC13-500-198,Bottom,Octo,0
2018,BC1,BC13-500-198,Top,Octo,0
2018,BC1,BC14-100-049,Bottom,Octo,0
2018,BC1,BC14-100-049,Top,Octo,0
2018,BC1,BC14-100-081,Bottom,Octo,0
2018,BC1,BC14-100-081,Top,Octo,1
2018,BC1,BC14-100-185,Bottom,Octo,0
2018,BC1,BC14-100-185,Top,Octo,0
2018,BC1,BC14-100-209,Top,Octo,0
2018,BC1,BC14-500-026,Top,Octo,0
2018,BC1,BC14-500-082,Bottom,Octo,0
2018,BC1,BC14-500-082,Top,Octo,0
2018,BC1,BC14-500-104,Bottom,Octo,0
2018,BC1,BC14-500-104,Top,Octo,0
2018,BC1,BC14-500-155,Bottom,Octo,0
2018,BC1,BC14-500-155,Top,Octo,0
2018,BC2,BC21-100-015,Bottom,Octo,0
2018,BC2,BC21-100-015,Top,Octo,0
2018,BC2,BC21-100-070,Bottom,Octo,1
2018,BC2,BC21-100-070,Top,Octo,0
2018,BC2,BC21-100-088,Bottom,Octo,0
2018,BC2,BC21-100-088,Top,Octo,0
2018,BC2,BC21-100-151,Bottom,Octo,0
2018,BC2,BC21-100-151,Top,Octo,2
2018,BC2,BC21-500-028,Bottom,Octo,0
2018,BC2,BC21-500-028,Top,Octo,0
2018,BC2,BC21-500-074,Bottom,Octo,0
2018,BC2,BC21-500-074,Top,Octo,0
2018,BC2,BC21-500-174,Bottom,Octo,0
2018,BC2,BC21-500-174,Top,Octo,0
2018,BC2,BC21-500-206,Bottom,Octo,0
2018,BC2,BC21-500-206,Top,Octo,0
2018,BC2,BC22-100-034,Bottom,Octo,0
2018,BC2,BC22-100-034,Top,Octo,0
2018,BC2,BC22-100-064,Bottom,Octo,0
2018,BC2,BC22-100-064,Top,Octo,0
2018,BC2,BC22-100-137,Top,Octo,0
2018,BC2,BC22-100-188,Bottom,Octo,0
2018,BC2,BC22-100-188,Top,Octo,0
2018,BC2,BC22-500-041,Bottom,Octo,0
2018,BC2,BC22-500-041,Top,Octo,0
2018,BC2,BC22-500-111,Bottom,Octo,0
2018,BC2,BC22-500-111,Top,Octo,0
2018,BC2,BC22-500-135,Bottom,Octo,0
2018,BC2,BC22-500-135,Top,Octo,0
2018,BC2,BC22-500-143,Bottom,Octo,0
2018,BC2,BC22-500-193,Top,Octo,0
2018,BC2,BC23-100-060,Bottom,Octo,0
2018,BC2,BC23-100-060,Top,Octo,0
2018,BC2,BC23-100-126,Bottom,Octo,0
2018,BC2,BC23-100-126,Top,Octo,0
2018,BC2,BC23-100-165,Bottom,Octo,0
2018,BC2,BC23-100-165,Top,Octo,1
2018,BC2,BC23-100-202,Bottom,Octo,0
2018,BC2,BC23-100-202,Top,Octo,0
2018,BC2,BC23-500-012,Bottom,Octo,0
2018,BC2,BC23-500-012,Top,Octo,0
2018,BC2,BC23-500-104,Bottom,Octo,0
2018,BC2,BC23-500-104,Top,Octo,0
2018,BC2,BC23-500-167,Bottom,Octo,0
2018,BC2,BC23-500-167,Top,Octo,0
2018,BC2,BC23-500-206,Bottom,Octo,0
2018,BC2,BC23-500-206,Top,Octo,0
2018,BC2,BC24-100-024,Bottom,Octo,0
2018,BC2,BC24-100-024,Top,Octo,1
2018,BC2,BC24-100-090,Bottom,Octo,0
2018,BC2,BC24-100-090,Top,Octo,0
2018,BC2,BC24-100-119,Bottom,Octo,0
2018,BC2,BC24-100-119,Top,Octo,0
2018,BC2,BC24-100-207,Bottom,Octo,0
2018,BC2,BC24-100-207,Top,Octo,0
2018,BC2,BC24-500-017,Bottom,Octo,0
2018,BC2,BC24-500-017,Top,Octo,0
2018,BC2,BC24-500-136,Bottom,Octo,0
2018,BC2,BC24-500-136,Top,Octo,1
2018,BC2,BC24-500-168,Bottom,Octo,0
2018,BC2,BC24-500-168,Top,Octo,0
2018,BC3,BC31-100-015,Bottom,Octo,1
2018,BC3,BC31-100-050,Bottom,Octo,0
2018,BC3,BC31-100-050,Top,Octo,0
2018,BC3,BC31-100-091,Top,Octo,0
2018,BC3,BC31-100-092,Bottom,Octo,0
2018,BC3,BC31-100-125,Bottom,Octo,0
2018,BC3,BC31-100-125,Top,Octo,2
2018,BC3,BC31-500-070,Bottom,Octo,0
2018,BC3,BC31-500-070,Top,Octo,0
2018,BC3,BC31-500-095,Bottom,Octo,0
2018,BC3,BC31-500-095,Top,Octo,0
2018,BC3,BC31-500-137,Bottom,Octo,0
2018,BC3,BC31-500-137,Top,Octo,1
2018,BC3,BC31-500-185,Bottom,Octo,0
2018,BC3,BC31-500-185,Top,Octo,0
2018,BC3,BC32-100-014,Bottom,Octo,0
2018,BC3,BC32-100-014,Top,Octo,0
2018,BC3,BC32-100-085,Bottom,Octo,0
2018,BC3,BC32-100-085,Top,Octo,0
2018,BC3,BC32-100-132,Bottom,Octo,0
2018,BC3,BC32-100-132,Top,Octo,0
2018,BC3,BC32-100-162,Bottom,Octo,0
2018,BC3,BC32-100-162,Top,Octo,1
2018,BC3,BC32-500-013,Bottom,Octo,0
2018,BC3,BC32-500-013,Top,Octo,0
2018,BC3,BC32-500-054,Bottom,Octo,0
2018,BC3,BC32-500-054,Top,Octo,0
2018,BC3,BC32-500-117,Bottom,Octo,0
2018,BC3,BC32-500-117,Top,Octo,0
2018,BC4,BC32-500-176,Top,Octo,0
2018,BC3,BC32-500-197,Bottom,Octo,0
2018,BC3,BC32-500-197,Top,Octo,0
2018,BC3,BC33-100-031,Bottom,Octo,0
2018,BC3,BC33-100-031,Top,Octo,0
2018,BC3,BC33-100-098,Top,Octo,0
2018,BC3,BC33-100-134,Bottom,Octo,0
2018,BC3,BC33-100-134,Top,Octo,0
2018,BC3,BC33-500-019,Bottom,Octo,0
2018,BC3,BC33-500-074,Bottom,Octo,0
2018,BC3,BC33-500-074,Top,Octo,0
2018,BC3,BC33-500-019,Top,Octo,0
2018,BC3,BC33-500-129,Bottom,Octo,0
2018,BC3,BC33-500-129,Top,Octo,0
2018,BC3,BC33-500-189,Bottom,Octo,0
2018,BC3,BC33-500-189,Top,Octo,0
2018,BC3,BC34-100-041,Bottom,Octo,0
2018,BC3,BC34-100-041,Top,Octo,0
2018,BC3,BC34-100-109,Bottom,Octo,0
2018,BC3,BC34-100-109,Top,Octo,0
2018,BC3,BC34-100-182,Bottom,Octo,0
2018,BC3,BC34-100-182,Top,Octo,0
2018,BC3,BC34-100-220,Bottom,Octo,0
2018,BC3,BC34-100-220,Top,Octo,1
2018,BC3,BC34-500-035,Bottom,Octo,0
2018,BC3,BC34-500-035,Top,Octo,1
2018,BC3,BC34-500-086,Bottom,Octo,0
2018,BC3,BC34-500-086,Top,Octo,0
2018,BC3,BC34-500-156,Bottom,Octo,0
2018,BC3,BC34-500-156,Top,Octo,0
2018,BC3,BC34-500-206,Bottom,Octo,0
2018,BC3,BC34-500-206,Top,Octo,0
2018,BC4,BC41-100-023,Bottom,Octo,0
2018,BC4,BC41-100-023,Top,Octo,0
2018,BC4,BC41-100-093,Bottom,Octo,0
2018,BC4,BC41-100-093,Top,Octo,0
2018,BC4,BC41-100-139,Bottom,Octo,0
2018,BC4,BC41-100-139,Top,Octo,0
2018,BC4,BC41-500-035,Bottom,Octo,0
2018,BC4,BC41-500-106,Bottom,Octo,0
2018,BC4,BC41-500-106,Top,Octo,1
2018,BC4,BC41-500-126,Bottom,Octo,0
2018,BC4,BC41-500-126,Top,Octo,1
2018,BC4,BC41-500-211,Bottom,Octo,0
2018,BC4,BC41-500-211,Top,Octo,0
2018,BC4,BC42-100-017,Bottom,Octo,0
2018,BC4,BC42-100-017,Top,Octo,0
2018,BC4,BC42-100-093,Bottom,Octo,0
2018,BC4,BC42-100-119,Bottom,Octo,0
2018,BC4,BC42-100-119,Top,Octo,0
2018,BC4,BC42-100-151,Bottom,Octo,0
2018,BC4,BC42-100-151,Top,Octo,0
2018,BC4,BC42-500-020,Bottom,Octo,0
2018,BC4,BC42-500-020,Top,Octo,0
2018,BC4,BC42-500-108,Bottom,Octo,0
2018,BC4,BC43-100-117,Bottom,Octo,0
2018,BC4,BC43-100-117,Top,Octo,0
2018,BC4,BC43-100-132,Bottom,Octo,0
2018,BC4,BC43-100-132,Top,Octo,0
2018,BC4,BC43-100-163,Bottom,Octo,0
2018,BC4,BC43-100-163,Top,Octo,0
2018,BC4,BC43-100-199,Bottom,Octo,0
2018,BC4,BC43-100-199,Top,Octo,1
2018,BC4,BC43-500-042,Bottom,Octo,0
2018,BC4,BC43-500-042,Top,Octo,1
2018,BC4,BC43-500-091,Bottom,Octo,0
2018,BC4,BC43-500-091,Top,Octo,0
2018,BC4,BC43-500-176,Bottom,Octo,0
2018,BC4,BC44-100-061,Bottom,Octo,0
2018,BC4,BC44-100-061,Top,Octo,0
2018,BC4,BC44-100-130,Bottom,Octo,0
2018,BC4,BC44-100-175,Bottom,Octo,0
2018,BC4,BC44-100-175,Top,Octo,0
2018,BC4,BC44-100-198,Bottom,Octo,0
2018,BC4,BC44-100-198,Top,Octo,0
2018,BC4,BC44-500-074,Bottom,Octo,0
2018,BC4,BC44-500-074,Top,Octo,0
2018,BC4,BC44-500-112,Top,Octo,0
2018,BC4,BC44-500-147,Bottom,Octo,0
2018,BC4,BC44-500-147,Top,Octo,0
2018,BC4,BC44-500-170,Bottom,Octo,0
2018,BC4,BC44-500-170,Top,Octo,0
2018,DC1,DC11-100-048,Bottom,Octo,0
2018,DC1,DC11-100-048,Top,Octo,0
2018,DC1,DC11-100-059,Bottom,Octo,0
2018,DC1,DC11-100-059,Top,Octo,0
2018,DC1,DC11-100-082,Bottom,Octo,0
2018,DC1,DC11-100-082,Top,Octo,0
2018,DC1,DC11-500-045,Bottom,Octo,0
2018,DC1,DC11-500-045,Top,Octo,0
2018,DC1,DC11-500-106,Bottom,Octo,0
2018,DC1,DC11-500-106,Top,Octo,0
2018,DC1,DC11-500-138,Bottom,Octo,0
2018,DC1,DC11-500-138,Top,Octo,0
2018,DC1,DC11-500-204,Bottom,Octo,0
2018,DC1,DC11-500-204,Top,Octo,0
2018,DC1,DC12-100-027,Bottom,Octo,0
2018,DC1,DC12-100-027,Top,Octo,0
2018,DC1,DC12-100-087,Bottom,Octo,0
2018,DC1,DC12-100-087,Top,Octo,0
2018,DC1,DC12-100-166,Bottom,Octo,0
2018,DC1,DC12-100-166,Top,Octo,0
2018,DC1,DC12-100-211,Bottom,Octo,0
2018,DC1,DC12-100-211,Top,Octo,0
2018,DC1,DC12-500-042,Bottom,Octo,0
2018,DC1,DC12-500-042,Top,Octo,0
2018,DC1,DC12-500-071,Bottom,Octo,0
2018,DC1,DC12-500-071,Top,Octo,0
2018,DC1,DC12-500-166,Bottom,Octo,0
2018,DC1,DC12-500-166,Top,Octo,0
2018,DC1,DC12-500-191,Bottom,Octo,0
2018,DC1,DC12-500-191,Top,Octo,0
2018,DC1,DC13-100-083,Bottom,Octo,0
2018,DC1,DC13-100-083,Top,Octo,0
2018,DC1,DC13-100-091,Bottom,Octo,0
2018,DC1,DC13-100-091,Top,Octo,1
2018,DC1,DC13-100-158,Bottom,Octo,0
2018,DC1,DC13-100-158,Top,Octo,0
2018,DC1,DC13-100-186,Bottom,Octo,0
2018,DC1,DC13-100-186,Top,Octo,0
2018,DC1,DC13-500-036,Bottom,Octo,0
2018,DC1,DC13-500-092,Bottom,Octo,0
2018,DC1,DC13-500-192,Top,Octo,0
2018,DC1,DC13-500-FIRST TILE,Bottom,Octo,0
2018,DC1,DC13-500-FIRST TILE,Top,Octo,0
2018,DC1,DC14-100-036,Bottom,Octo,0
2018,DC1,DC14-100-036,Top,Octo,0
2018,DC1,DC14-100-081,Bottom,Octo,0
2018,DC1,DC14-100-081,Top,Octo,0
2018,DC1,DC14-100-144,Bottom,Octo,0
2018,DC1,DC14-100-144,Top,Octo,0
2018,DC1,DC14-100-184,Bottom,Octo,0
2018,DC1,DC14-100-184,Top,Octo,0
2018,DC1,DC14-500-022,Bottom,Octo,0
2018,DC1,DC14-500-022,Top,Octo,1
2018,DC1,DC14-500-101,Bottom,Octo,0
2018,DC1,DC14-500-178,Bottom,Octo,0
2018,DC1,DC14-500-178,Top,Octo,0
2018,DC1,DC14-500-205,Bottom,Octo,0
2018,DC1,DC14-500-205,Top,Octo,0
2018,DC2,DC21-100-020,Bottom,Octo,0
2018,DC2,DC21-100-020,Top,Octo,0
2018,DC2,DC21-100-087,Bottom,Octo,0
2018,DC2,DC21-100-087,Top,Octo,0
2018,DC2,DC21-100-122,Bottom,Octo,0
2018,DC2,DC21-100-122,Top,Octo,1
2018,DC2,DC21-100-170,Bottom,Octo,0
2018,DC2,DC21-100-170,Top,Octo,0
2018,DC2,DC21-500-036,Bottom,Octo,0
2018,DC2,DC21-500-036,Top,Octo,0
2018,DC2,DC21-500-066,Bottom,Octo,0
2018,DC2,DC21-500-066,Top,Octo,1
2018,DC2,DC21-500-084,Bottom,Octo,0
2018,DC2,DC21-500-084,Top,Octo,0
2018,DC2,DC21-500-106,Bottom,Octo,0
2018,DC2,DC21-500-106,Top,Octo,0
2018,DC2,DC22-100-040,Bottom,Octo,0
2018,DC2,DC22-100-040,Top,Octo,1
2018,DC2,DC22-100-094,Bottom,Octo,0
2018,DC2,DC22-100-094,Top,Octo,2
2018,DC2,DC22-100-157,Bottom,Octo,0
2018,DC2,DC22-100-157,Top,Octo,0
2018,DC2,DC22-100-193,Bottom,Octo,0
2018,DC2,DC22-100-193,Top,Octo,0
2018,DC2,DC22-500-002,Bottom,Octo,0
2018,DC2,DC22-500-002,Top,Octo,0
2018,DC2,DC22-500-078,Bottom,Octo,0
2018,DC2,DC22-500-078,Top,Octo,1
2018,DC2,DC22-500-109,Bottom,Octo,0
2018,DC2,DC22-500-109,Top,Octo,0
2018,DC2,DC22-500-134,Bottom,Octo,0
2018,DC2,DC22-500-134,Top,Octo,0
2018,DC2,DC23-100-037,Bottom,Octo,0
2018,DC2,DC23-100-037,Top,Octo,0
2018,DC2,DC23-100-049,Top,Octo,0
2018,DC2,DC23-100-144,Bottom,Octo,0
2018,DC2,DC23-100-144,Top,Octo,0
2018,DC2,DC23-100-169,Bottom,Octo,0
2018,DC2,DC23-100-169,Top,Octo,0
2018,DC2,DC23-500-007,Bottom,Octo,0
2018,DC2,DC23-500-007,Top,Octo,0
2018,DC2,DC23-500-034,Bottom,Octo,0
2018,DC2,DC23-500-034,Top,Octo,0
2018,DC2,DC23-500-125,Bottom,Octo,0
2018,DC2,DC23-500-125,Top,Octo,0
2018,DC2,DC23-500-172,Bottom,Octo,0
2018,DC2,DC23-500-172,Top,Octo,0
2018,DC2,DC24-100-067,Bottom,Octo,0
2018,DC2,DC24-100-067,Top,Octo,0
2018,DC2,DC24-100-089,Bottom,Octo,0
2018,DC2,DC24-100-089,Top,Octo,0
2018,DC2,DC24-100-114,Bottom,Octo,0
2018,DC2,DC24-100-114,Top,Octo,0
2018,DC2,DC24-100-191,Bottom,Octo,0
2018,DC2,DC24-100-191,Top,Octo,0
2018,DC2,DC24-500-045,Bottom,Octo,0
2018,DC2,DC24-500-045,Top,Octo,0
2018,DC2,DC24-500-120,Bottom,Octo,0
2018,DC2,DC24-500-120,Top,Octo,1
2018,DC2,DC24-500-154,Bottom,Octo,0
2018,DC2,DC24-500-154,Top,Octo,0
2018,DC2,DC24-500-223,Bottom,Octo,0
2018,DC2,DC24-500-223,Top,Octo,1
2018,DC3,DC31-100-097,Bottom,Octo,0
2018,DC3,DC31-100-097,Top,Octo,1
2018,DC3,DC31-100-116,Bottom,Octo,0
2018,DC3,DC31-100-116,Top,Octo,0
2018,DC3,DC31-100-141,Bottom,Octo,0
2018,DC3,DC31-100-141,Top,Octo,2
2018,DC3,DC31-100-199,Bottom,Octo,0
2018,DC3,DC31-100-199,Top,Octo,0
2018,DC3,DC31-500-133,Bottom,Octo,0
2018,DC3,DC31-500-133,Top,Octo,0
2018,DC3,DC31-500-167,Bottom,Octo,0
2018,DC3,DC31-500-167,Top,Octo,0
2018,DC3,DC31-500-198,Bottom,Octo,0
2018,DC3,DC31-500-198,Top,Octo,0
2018,DC3,DC31-500-209,Bottom,Octo,0
2018,DC3,DC31-500-209,Top,Octo,0
2018,DC3,DC32-100-119,Bottom,Octo,0
2018,DC3,DC32-100-119,Top,Octo,0
2018,DC3,DC32-100-131,Bottom,Octo,0
2018,DC3,DC32-100-131,Top,Octo,0
2018,DC3,DC32-100-170,Top,Octo,0
2018,DC3,DC32-500-119,Bottom,Octo,0
2018,DC3,DC32-500-119,Top,Octo,0
2018,DC3,DC32-500-160,Top,Octo,0
2018,DC3,DC32-500-173,Bottom,Octo,0
2018,DC3,DC32-500-173,Top,Octo,0
2018,DC3,DC32-500-208,Top,Octo,0
2018,DC3,DC33-100-112,Bottom,Octo,0
2018,DC3,DC33-100-112,Top,Octo,1
2018,DC3,DC33-100-155,Bottom,Octo,0
2018,DC3,DC33-100-155,Top,Octo,0
2018,DC3,DC33-100-181,Bottom,Octo,0
2018,DC3,DC33-100-181,Top,Octo,0
2018,DC3,DC33-100-220,Bottom,Octo,0
2018,DC3,DC33-100-220,Top,Octo,0
2018,DC3,DC33-500-080,Bottom,Octo,0
2018,DC3,DC33-500-080,Top,Octo,0
2018,DC3,DC33-500-109,Bottom,Octo,0
2018,DC3,DC33-500-109,Top,Octo,0
2018,DC3,DC33-500-130,Bottom,Octo,0
2018,DC3,DC33-500-130,Top,Octo,4
2018,DC3,DC33-500-199,Bottom,Octo,0
2018,DC3,DC33-500-199,Top,Octo,2
2018,DC3,DC34-100-028,Bottom,Octo,0
2018,DC3,DC34-100-028,Top,Octo,1
2018,DC3,DC34-100-050,Bottom,Octo,0
2018,DC3,DC34-100-050,Top,Octo,1
2018,DC3,DC34-100-100,Bottom,Octo,0
2018,DC3,DC34-100-100,Top,Octo,0
2018,DC3,DC34-100-160,Bottom,Octo,0
2018,DC3,DC34-100-171,Bottom,Octo,0
2018,DC3,DC34-100-171,Top,Octo,0
2018,DC3,DC34-500-099,Bottom,Octo,0
2018,DC3,DC34-500-099,Top,Octo,0
2018,DC3,DC34-500-131,Bottom,Octo,0
2018,DC3,DC34-500-131,Top,Octo,0
2018,DC3,DC34-500-153,Bottom,Octo,0
2018,DC3,DC34-500-153,Top,Octo,0
2018,DC3,DC34-500-174,Bottom,Octo,0
2018,DC3,DC34-500-174,Top,Octo,0
2018,DC4,DC41-100-037,Bottom,Octo,0
2018,DC4,DC41-100-037,Top,Octo,0
2018,DC4,DC41-100-057,Top,Octo,0
2018,DC4,DC41-100-110,Bottom,Octo,0
2018,DC4,DC41-100-110,Top,Octo,0
2018,DC4,DC41-100-168,Bottom,Octo,0
2018,DC4,DC41-500-027,Bottom,Octo,0
2018,DC4,DC41-500-027,Top,Octo,0
2018,DC4,DC41-500-054,Bottom,Octo,0
2018,DC4,DC41-500-054,Top,Octo,0
2018,DC4,DC41-500-083,Top,Octo,0
2018,DC4,DC41-500-162,Bottom,Octo,0
2018,DC4,DC41-500-162,Top,Octo,0
2018,DC4,DC42-100-017,Bottom,Octo,0
2018,DC4,DC42-100-017,Top,Octo,0
2018,DC4,DC42-100-057,Bottom,Octo,0
2018,DC4,DC42-100-057,Top,Octo,0
2018,DC4,DC42-100-139,Top,Octo,0
2018,DC4,DC42-100-174,Bottom,Octo,0
2018,DC4,DC42-100-174,Top,Octo,2
2018,DC4,DC42-500-037,Bottom,Octo,0
2018,DC4,DC42-500-037,Top,Octo,0
2018,DC4,DC42-500-100,Bottom,Octo,0
2018,DC4,DC42-500-100,Top,Octo,0
2018,DC4,DC42-500-133,Top,Octo,0
2018,DC4,DC42-500-186,Bottom,Octo,0
2018,DC4,DC42-500-186,Top,Octo,0
2018,DC4,DC43-100-024,Bottom,Octo,1
2018,DC4,DC43-100-024,Top,Octo,0
2018,DC4,DC43-100-055,Bottom,Octo,0
2018,DC4,DC43-100-055,Top,Octo,1
2018,DC4,DC43-100-123,Bottom,Octo,0
2018,DC4,DC43-100-123,Top,Octo,1
2018,DC4,DC43-100-160,Bottom,Octo,0
2018,DC4,DC43-100-160,Top,Octo,0
2018,DC4,DC43-500-045,Bottom,Octo,0
2018,DC4,DC43-500-045,Top,Octo,0
2018,DC4,DC43-500-075,Bottom,Octo,0
2018,DC4,DC43-500-075,Top,Octo,0
2018,DC4,DC43-500-099,Bottom,Octo,0
2018,DC4,DC43-500-099,Top,Octo,0
2018,DC4,DC43-500-134,Bottom,Octo,0
2018,DC4,DC43-500-134,Top,Octo,0
2018,DC3,DC43-500-208,Bottom,Octo,0
2018,DC4,DC44-100-024,Bottom,Octo,0
2018,DC4,DC44-100-024,Top,Octo,0
2018,DC4,DC44-100-062,Bottom,Octo,0
2018,DC4,DC44-100-062,Top,Octo,0
2018,DC4,DC44-100-122,Bottom,Octo,0
2018,DC4,DC44-100-122,Top,Octo,0
2018,DC4,DC44-100-157,Bottom,Octo,0
2018,DC4,DC44-100-157,Top,Octo,0
2018,DC4,DC44-500-018,Bottom,Octo,0
2018,DC4,DC44-500-018,Top,Octo,0
2018,DC4,DC44-500-051,Bottom,Octo,0
2018,DC4,DC44-500-051,Top,Octo,0
2018,DC4,DC44-500-117,Bottom,Octo,0
2018,DC4,DC44-500-117,Top,Octo,0
2018,DC4,DC44-500-158,Bottom,Octo,0
2018,DC4,DC44-500-158,Top,Octo,0
2018,DC5,DC51-100-013,Bottom,Octo,0
2018,DC5,DC51-100-013,Top,Octo,0
2018,DC5,DC51-100-057,Bottom,Octo,0
2018,DC5,DC51-100-057,Top,Octo,0
2018,DC5,DC51-100-076,Bottom,Octo,0
2018,DC5,DC51-100-076,Top,Octo,0
2018,DC5,DC51-100-127,Bottom,Octo,0
2018,DC5,DC51-100-127,Top,Octo,0
2018,DC5,DC51-500-018,Bottom,Octo,0
2018,DC5,DC51-500-018,Top,Octo,0
2018,DC5,DC51-500-095,Bottom,Octo,0
2018,DC5,DC51-500-095,Top,Octo,1
2018,DC5,DC51-500-145,Bottom,Octo,0
2018,DC5,DC51-500-145,Top,Octo,0
2018,DC5,DC51-500-165,Bottom,Octo,1
2018,DC5,DC51-500-165,Top,Octo,0
2018,DC5,DC52-100-059,Bottom,Octo,0
2018,DC5,DC52-100-059,Top,Octo,0
2018,DC5,DC52-100-104,Bottom,Octo,0
2018,DC5,DC52-100-104,Top,Octo,0
2018,DC5,DC52-100-118,Bottom,Octo,0
2018,DC5,DC52-100-118,Top,Octo,0
2018,DC5,DC52-100-171,Bottom,Octo,0
2018,DC5,DC52-100-177,Top,Octo,0
2018,DC5,DC52-500-104,Bottom,Octo,0
2018,DC5,DC52-500-104,Top,Octo,0
2018,DC5,DC52-500-140,Bottom,Octo,0
2018,DC5,DC52-500-140,Top,Octo,0
2018,DC5,DC52-500-161,Bottom,Octo,0
2018,DC5,DC52-500-161,Top,Octo,0
2018,DC5,DC53-100-085,Bottom,Octo,0
2018,DC5,DC53-100-085,Top,Octo,0
2018,DC5,DC53-100-150,Bottom,Octo,0
2018,DC5,DC53-100-183,Bottom,Octo,0
2018,DC5,DC53-100-183,Top,Octo,0
2018,DC5,DC53-500-004,Bottom,Octo,0
2018,DC5,DC53-500-004,Top,Octo,0
2018,DC5,DC53-500-084,Bottom,Octo,0
2018,DC5,DC53-500-084,Top,Octo,1
2018,DC5,DC53-500-136,Bottom,Octo,0
2018,DC5,DC53-500-136,Top,Octo,0
2018,DC5,DC53-500-178,Bottom,Octo,0
2018,DC5,DC53-500-178,Top,Octo,0
2018,DC5,DC54-100-077,Bottom,Octo,0
2018,DC5,DC54-100-077,Top,Octo,0
2018,DC5,DC54-100-089,Bottom,Octo,0
2018,DC5,DC54-100-123,Bottom,Octo,0
2018,DC5,DC54-100-123,Top,Octo,0
2018,DC5,DC54-500-015,Bottom,Octo,0
2018,DC5,DC54-500-015,Top,Octo,0
2018,DC5,DC54-500-046,Bottom,Octo,0
2018,DC5,DC54-500-046,Top,Octo,0
2018,DC5,DC54-500-059,Bottom,Octo,0
2018,DC5,DC54-500-059,Top,Octo,0
2018,DC5,DC54-500-168,Bottom,Octo,0
2018,DC6,DC61-100-065,Bottom,Octo,0
2018,DC6,DC61-100-065,Top,Octo,0
2018,DC6,DC61-100-078,Bottom,Octo,0
2018,DC6,DC61-100-078,Top,Octo,0
2018,DC6,DC61-100-137,Bottom,Octo,0
2018,DC6,DC61-100-137,Top,Octo,0
2018,DC6,DC61-100-162,Top,Octo,0
2018,DC6,DC61-500-071,Bottom,Octo,0
2018,DC6,DC61-500-091,Bottom,Octo,0
2018,DC6,DC61-500-091,Top,Octo,0
2018,DC6,DC61-500-184,Bottom,Octo,0
2018,DC6,DC61-500-184,Top,Octo,0
2018,DC6,DC62-100-052,Bottom,Octo,0
2018,DC6,DC62-100-052,Top,Octo,0
2018,DC6,DC62-100-084,Bottom,Octo,0
2018,DC6,DC62-100-084,Top,Octo,0
2018,DC6,DC62-100-141,Bottom,Octo,0
2018,DC6,DC62-100-141,Top,Octo,0
2018,DC6,DC62-100-163,Bottom,Octo,0
2018,DC6,DC62-100-163,Top,Octo,0
2018,DC6,DC62-500-082,Bottom,Octo,0
2018,DC6,DC62-500-082,Top,Octo,0
2018,DC6,DC62-500-114,Bottom,Octo,0
2018,DC6,DC62-500-114,Top,Octo,0
2018,DC6,DC62-500-132,Bottom,Octo,0
2018,DC6,DC62-500-132,Top,Octo,0
2018,DC6,DC62-500-205,Bottom,Octo,0
2018,DC6,DC62-500-205,Top,Octo,0
2018,DC6,DC63-100-060,Top,Octo,0
2018,DC6,DC63-100-108,Bottom,Octo,0
2018,DC6,DC63-100-108,Top,Octo,0
2018,DC6,DC63-100-165,Top,Octo,0
2018,DC6,DC63-100-194,Bottom,Octo,0
2018,DC6,DC63-100-194,Top,Octo,0
2018,DC6,DC63-500-046,Bottom,Octo,0
2018,DC6,DC63-500-046,Top,Octo,0
2018,DC6,DC63-500-091,Bottom,Octo,0
2018,DC6,DC63-500-091,Top,Octo,0
2018,DC6,DC63-500-142,Bottom,Octo,0
2018,DC6,DC63-500-142,Top,Octo,0
2018,DC6,DC63-500-195,Bottom,Octo,0
2018,DC6,DC63-500-195,Top,Octo,1
2018,DC6,DC64-100-097,Bottom,Octo,0
2018,DC6,DC64-100-097,Top,Octo,0
2018,DC6,DC64-100-128,Bottom,Octo,0
2018,DC6,DC64-100-128,Top,Octo,0
2018,DC6,DC64-100-176,Bottom,Octo,0
2018,DC6,DC64-100-176,Top,Octo,0
2018,DC6,DC64-100-193,Bottom,Octo,0
2018,DC6,DC64-100-193,Top,Octo,0
2018,DC6,DC64-500-017,Bottom,Octo,0
2018,DC6,DC64-500-017,Top,Octo,0
2018,DC6,DC64-500-056,Bottom,Octo,0
2018,DC6,DC64-500-056,Top,Octo,0
2018,DC6,DC64-500-091,Bottom,Octo,0
2018,DC6,DC64-500-091,Top,Octo,0
2018,DC6,DC64-500-113,Bottom,Octo,0
2018,DC6,DC64-500-113,Top,Octo,0
2018,DC7,DC71-100-043,Bottom,Octo,0
2018,DC7,DC71-100-085,Bottom,Octo,0
2018,DC7,DC71-100-085,Top,Octo,0
2018,DC7,DC71-100-110,Bottom,Octo,1
2018,DC7,DC71-100-155,Bottom,Octo,0
2018,DC7,DC71-100-155,Top,Octo,0
2018,DC7,DC71-500-036,Bottom,Octo,0
2018,DC7,DC71-500-036,Top,Octo,0
2018,DC7,DC71-500-079,Bottom,Octo,0
2018,DC7,DC71-500-079,Top,Octo,0
2018,DC7,DC71-500-113,Bottom,Octo,0
2018,DC7,DC71-500-113,Top,Octo,1
2018,DC7,DC71-500-175,Bottom,Octo,0
2018,DC7,DC71-500-175,Top,Octo,1
2018,DC7,DC72-100-044,Bottom,Octo,0
2018,DC7,DC72-100-044,Top,Octo,0
2018,DC7,DC72-100-090,Bottom,Octo,0
2018,DC7,DC72-100-090,Top,Octo,0
2018,DC7,DC72-100-128,Top,Octo,0
2018,DC7,DC72-100-182,Top,Octo,0
2018,DC7,DC72-500-036,Bottom,Octo,0
2018,DC7,DC72-500-036,Top,Octo,0
2018,DC7,DC72-500-099,Bottom,Octo,0
2018,DC7,DC72-500-099,Top,Octo,0
2018,DC7,DC72-500-153,Bottom,Octo,0
2018,DC7,DC72-500-169,Bottom,Octo,0
2018,DC7,DC72-500-169,Top,Octo,0
2018,DC7,DC73-100-080,Bottom,Octo,0
2018,DC7,DC73-100-080,Top,Octo,0
2018,DC7,DC73-100-109,Bottom,Octo,0
2018,DC7,DC73-100-109,Top,Octo,0
2018,DC7,DC73-100-129,Bottom,Octo,0
2018,DC7,DC73-100-129,Top,Octo,0
2018,DC7,DC73-100-196,Bottom,Octo,0
2018,DC7,DC73-100-196,Top,Octo,0
2018,DC7,DC73-500-059,Bottom,Octo,0
2018,DC7,DC73-500-059,Top,Octo,1
2018,DC7,DC73-500-083,Bottom,Octo,0
2018,DC7,DC73-500-083,Top,Octo,0
2018,DC7,DC73-500-134,Bottom,Octo,0
2018,DC7,DC73-500-134,Top,Octo,0
2018,DC7,DC73-500-168,Bottom,Octo,0
2018,DC7,DC73-500-168,Top,Octo,0
2018,DC7,DC74-100-000,Bottom,Octo,0
2018,DC7,DC74-100-000,Top,Octo,0
2018,DC7,DC74-100-045,Bottom,Octo,0
2018,DC7,DC74-100-045,Top,Octo,0
2018,DC7,DC74-100-156,Bottom,Octo,0
2018,DC7,DC74-100-156,Top,Octo,0
2018,DC7,DC74-100-186,Bottom,Octo,0
2018,DC7,DC74-100-186,Top,Octo,0
2018,DC7,DC74-500-037,Bottom,Octo,0
2018,DC7,DC74-500-037,Top,Octo,0
2018,DC7,DC74-500-075,Bottom,Octo,0
2018,DC7,DC74-500-075,Top,Octo,0
2018,DC7,DC74-500-136,Bottom,Octo,0
2018,DC7,DC74-500-136,Top,Octo,1
2018,DC7,DC74-500-194,Bottom,Octo,0
2018,DC7,DC74-500-194,Top,Octo,0
2018,DC8,DC81-100-002,Bottom,Octo,0
2018,DC8,DC81-100-002,Top,Octo,0
2018,DC8,DC81-100-029,Bottom,Octo,0
2018,DC8,DC81-100-029,Top,Octo,1
2018,DC8,DC81-100-092,Bottom,Octo,0
2018,DC8,DC81-100-092,Top,Octo,4
2018,DC8,DC81-100-128,Bottom,Octo,0
2018,DC8,DC81-100-128,Top,Octo,9
2018,DC8,DC81-500-002,Bottom,Octo,0
2018,DC8,DC81-500-002,Top,Octo,2
2018,DC8,DC81-500-097,Bottom,Octo,0
2018,DC8,DC81-500-097,Top,Octo,6
2018,DC8,DC81-500-154,Bottom,Octo,0
2018,DC8,DC81-500-154,Top,Octo,10
2018,DC8,DC81-500-186,Bottom,Octo,0
2018,DC8,DC81-500-186,Top,Octo,2
2018,DC8,DC82-100-052,Bottom,Octo,0
2018,DC8,DC82-100-052,Top,Octo,3
2018,DC8,DC82-100-077,Bottom,Octo,0
2018,DC8,DC82-100-077,Top,Octo,18
2018,DC8,DC82-100-108,Bottom,Octo,0
2018,DC8,DC82-100-108,Top,Octo,10
2018,DC8,DC82-100-136,Bottom,Octo,0
2018,DC8,DC82-100-136,Top,Octo,6
2018,DC8,DC82-500-004,Bottom,Octo,0
2018,DC8,DC82-500-004,Top,Octo,5
2018,DC8,DC82-500-104,Bottom,Octo,0
2018,DC8,DC82-500-104,Top,Octo,10
2018,DC8,DC82-500-141,Top,Octo,8
2018,DC8,DC82-500-171,Bottom,Octo,0
2018,DC8,DC82-500-171,Top,Octo,14
2018,DC8,DC83-100-032,Bottom,Octo,0
2018,DC8,DC83-100-032,Top,Octo,6
2018,DC8,DC83-100-106,Bottom,Octo,0
2018,DC8,DC83-100-106,Top,Octo,4
2018,DC8,DC83-100-175,Bottom,Octo,0
2018,DC8,DC83-100-175,Top,Octo,2
2018,DC8,DC83-100-198,Bottom,Octo,0
2018,DC8,DC83-100-198,Top,Octo,2
2018,DC8,DC83-500-019,Bottom,Octo,0
2018,DC8,DC83-500-019,Top,Octo,2
2018,DC8,DC83-500-068,Bottom,Octo,0
2018,DC8,DC83-500-068,Top,Octo,8
2018,DC8,DC83-500-149,Bottom,Octo,0
2018,DC8,DC83-500-149,Top,Octo,5
2018,DC8,DC83-500-192,Bottom,Octo,0
2018,DC8,DC83-500-192,Top,Octo,7
2018,DC8,DC84-100-022,Bottom,Octo,0
2018,DC8,DC84-100-022,Top,Octo,5
2018,DC8,DC84-100-124,Bottom,Octo,0
2018,DC8,DC84-100-124,Top,Octo,5
2018,DC8,DC84-100-157,Bottom,Octo,0
2018,DC8,DC84-100-157,Top,Octo,1
2018,DC8,DC84-100-208,Top,Octo,4
2018,DC8,DC84-500-040,Bottom,Octo,0
2018,DC8,DC84-500-040,Top,Octo,1
2018,DC8,DC84-500-150,Bottom,Octo,0
2018,DC8,DC84-500-150,Top,Octo,3
2018,DC8,DC84-500-176,Bottom,Octo,0
2018,DC8,DC84-500-176,Top,Octo,8
2018,DC8,DC84-500-210,Bottom,Octo,0
2018,DC8,DC84-500-210,Top,Octo,1
2016,Red Dun,261-100-010,Bottom,Octo,0
2016,Red Dun,261-100-010,Top,Octo,0
2016,Red Dun,261-100-069,Bottom,Octo,0
2016,Red Dun,261-100-069,Top,Octo,0
2016,Red Dun,261-100-093,Bottom,Octo,0
2016,Red Dun,261-100-093,Top,Octo,0
2016,Red Dun,261-100-197,Bottom,Octo,0
2016,Red Dun,261-100-197,Top,Octo,0
2016,Red Dun,261-500-066,Bottom,Octo,0
2016,Red Dun,261-500-066,Top,Octo,0
2016,Red Dun,261-500-076,Bottom,Octo,0
2016,Red Dun,261-500-076,Top,Octo,0
2016,Red Dun,261-500-148,Bottom,Octo,0
2016,Red Dun,261-500-148,Top,Octo,0
2016,Red Dun,261-500-196,Bottom,Octo,0
2016,Red Dun,261-500-196,Top,Octo,0
2016,Red Dun,262-100-006,Bottom,Octo,0
2016,Red Dun,262-100-006,Top,Octo,0
2016,Red Dun,262-100-051,Bottom,Octo,0
2016,Red Dun,262-100-051,Top,Octo,0
2016,Red Dun,262-100-088,Bottom,Octo,0
2016,Red Dun,262-100-088,Top,Octo,0
2016,Red Dun,262-100-137,Bottom,Octo,0
2016,Red Dun,262-100-137,Top,Octo,0
2016,Red Dun,262-500-040,Bottom,Octo,0
2016,Red Dun,262-500-040,Top,Octo,0
2016,Red Dun,262-500-069,Bottom,Octo,0
2016,Red Dun,262-500-069,Top,Octo,0
2016,Red Dun,262-500-115,Bottom,Octo,0
2016,Red Dun,262-500-115,Top,Octo,0
2016,Red Dun,262-500-219,Bottom,Octo,0
2016,Red Dun,262-500-219,Top,Octo,0
2016,Red Dun,263-100-000,Bottom,Octo,0
2016,Red Dun,263-100-000,Top,Octo,0
2016,Red Dun,263-100-028,Bottom,Octo,0
2016,Red Dun,263-100-028,Top,Octo,0
2016,Red Dun,263-100-083,Bottom,Octo,0
2016,Red Dun,263-100-083,Top,Octo,0
2016,Red Dun,263-100-181,Bottom,Octo,0
2016,Red Dun,263-100-181,Top,Octo,0
2016,Red Dun,263-500-015,Bottom,Octo,0
2016,Red Dun,263-500-015,Top,Octo,0
2016,Red Dun,263-500-118,Bottom,Octo,0
2016,Red Dun,263-500-118,Top,Octo,0
2016,Red Dun,263-500-137,Bottom,Octo,0
2016,Red Dun,263-500-137,Top,Octo,0
2016,Red Dun,263-500-158,Bottom,Octo,0
2016,Red Dun,263-500-158,Top,Octo,0
2016,Red Dun,264-100-025,Bottom,Octo,0
2016,Red Dun,264-100-025,Top,Octo,0
2016,Red Dun,264-100-069,Bottom,Octo,0
2016,Red Dun,264-100-069,Top,Octo,0
2016,Red Dun,264-100-091,Bottom,Octo,0
2016,Red Dun,264-100-091,Top,Octo,0
2016,Red Dun,264-100-133,Bottom,Octo,0
2016,Red Dun,264-100-133,Top,Octo,0
2016,Red Dun,264-500-016,Bottom,Octo,0
2016,Red Dun,264-500-016,Top,Octo,0
2016,Red Dun,264-500-033,Bottom,Octo,0
2016,Red Dun,264-500-033,Top,Octo,0
2016,Red Dun,264-500-147,Bottom,Octo,0
2016,Red Dun,264-500-147,Top,Octo,0
2016,Red Dun,264-500-172,Bottom,Octo,0
2016,Red Dun,264-500-172,Top,Octo,0
2016,Porter Patch,321-100-017,Bottom,Octo,0
2016,Porter Patch,321-100-017,Top,Octo,0
2016,Porter Patch,321-100-058,Bottom,Octo,0
2016,Porter Patch,321-100-058,Top,Octo,0
2016,Porter Patch,321-100-136,Bottom,Octo,0
2016,Porter Patch,321-100-136,Top,Octo,0
2016,Porter Patch,321-100-163,Bottom,Octo,0
2016,Porter Patch,321-100-163,Top,Octo,0
2016,Porter Patch,321-500-024,Bottom,Octo,0
2016,Porter Patch,321-500-024,Top,Octo,0
2016,Porter Patch,321-500-049,Bottom,Octo,0
2016,Porter Patch,321-500-049,Top,Octo,0
2016,Porter Patch,321-500-085,Bottom,Octo,0
2016,Porter Patch,321-500-085,Top,Octo,0
2016,Porter Patch,321-500-212,Bottom,Octo,0
2016,Porter Patch,321-500-212,Top,Octo,0
2016,Porter Patch,322-100-026,Bottom,Octo,0
2016,Porter Patch,322-100-026,Top,Octo,0
2016,Porter Patch,322-100-068,Bottom,Octo,0
2016,Porter Patch,322-100-068,Top,Octo,0
2016,Porter Patch,322-100-118,Bottom,Octo,0
2016,Porter Patch,322-100-118,Top,Octo,0
2016,Porter Patch,322-100-202,Bottom,Octo,0
2016,Porter Patch,322-100-202,Top,Octo,0
2016,Porter Patch,322-100-223,Bottom,Octo,0
2016,Porter Patch,322-100-223,Top,Octo,0
2016,Porter Patch,322-500-059,Bottom,Octo,0
2016,Porter Patch,322-500-059,Top,Octo,0
2016,Porter Patch,322-500-070,Bottom,Octo,0
2016,Porter Patch,322-500-070,Top,Octo,0
2016,Porter Patch,322-500-091,Bottom,Octo,0
2016,Porter Patch,322-500-091,Top,Octo,0
2016,Porter Patch,323-100-021,Bottom,Octo,0
2016,Porter Patch,323-100-021,Top,Octo,0
2016,Porter Patch,323-100-072,Bottom,Octo,0
2016,Porter Patch,323-100-072,Top,Octo,0
2016,Porter Patch,323-100-115,Bottom,Octo,0
2016,Porter Patch,323-100-115,Top,Octo,0
2016,Porter Patch,323-100-126,Bottom,Octo,0
2016,Porter Patch,323-100-126,Top,Octo,0
2016,Porter Patch,323-100-223,Bottom,Octo,0
2016,Porter Patch,323-100-223,Top,Octo,0
2016,Porter Patch,323-500-064,Bottom,Octo,0
2016,Porter Patch,323-500-064,Top,Octo,0
2016,Porter Patch,323-500-144,Bottom,Octo,0
2016,Porter Patch,323-500-144,Top,Octo,0
2016,Porter Patch,323-500-156,Bottom,Octo,0
2016,Porter Patch,323-500-156,Top,Octo,0
2016,Porter Patch,324-100-022,Bottom,Octo,0
2016,Porter Patch,324-100-022,Top,Octo,0
2016,Porter Patch,324-100-046,Bottom,Octo,0
2016,Porter Patch,324-100-046,Top,Octo,0
2016,Porter Patch,324-100-095,Bottom,Octo,0
2016,Porter Patch,324-100-095,Top,Octo,0
2016,Porter Patch,324-100-199,Bottom,Octo,0
2016,Porter Patch,324-100-199,Top,Octo,0
2016,Porter Patch,324-500-035,Bottom,Octo,0
2016,Porter Patch,324-500-035,Top,Octo,0
2016,Porter Patch,324-500-064,Bottom,Octo,0
2016,Porter Patch,324-500-064,Top,Octo,0
2016,Porter Patch,324-500-158,Bottom,Octo,0
2016,Porter Patch,324-500-158,Top,Octo,0
2016,Porter Patch,324-500-209,Bottom,Octo,0
2016,Porter Patch,324-500-209,Top,Octo,0
2016,Admiral Patch,331-100-098,Bottom,Octo,0
2016,Admiral Patch,331-100-098,Top,Octo,0
2016,Admiral Patch,331-100-139,Bottom,Octo,0
2016,Admiral Patch,331-100-139,Top,Octo,0
2016,Admiral Patch,331-100-183,Bottom,Octo,0
2016,Admiral Patch,331-100-183,Top,Octo,0
2016,Admiral Patch,331-500-012,Bottom,Octo,0
2016,Admiral Patch,331-500-012,Top,Octo,0
2016,Admiral Patch,331-500-033,Bottom,Octo,0
2016,Admiral Patch,331-500-033,Top,Octo,0
2016,Admiral Patch,331-500-104,Bottom,Octo,0
2016,Admiral Patch,331-500-104,Top,Octo,0
2016,Admiral Patch,331-500-180,Bottom,Octo,0
2016,Admiral Patch,331-500-180,Top,Octo,0
2016,Admiral Patch,331-500-221,Bottom,Octo,0
2016,Admiral Patch,331-500-221,Top,Octo,0
2016,Admiral Patch,332-100-024,Bottom,Octo,0
2016,Admiral Patch,332-100-024,Top,Octo,0
2016,Admiral Patch,332-100-094,Bottom,Octo,0
2016,Admiral Patch,332-100-094,Top,Octo,0
2016,Admiral Patch,332-100-102,Bottom,Octo,0
2016,Admiral Patch,332-100-102,Top,Octo,0
2016,Admiral Patch,332-100-177,Bottom,Octo,0
2016,Admiral Patch,332-100-177,Top,Octo,0
2016,Admiral Patch,332-500-017,Bottom,Octo,0
2016,Admiral Patch,332-500-017,Top,Octo,0
2016,Admiral Patch,332-500-081,Bottom,Octo,0
2016,Admiral Patch,332-500-081,Top,Octo,0
2016,Admiral Patch,332-500-094,Bottom,Octo,0
2016,Admiral Patch,332-500-094,Top,Octo,0
2016,Admiral Patch,332-500-154,Bottom,Octo,0
2016,Admiral Patch,332-500-154,Top,Octo,0
2016,Admiral Patch,333-100-060,Bottom,Octo,0
2016,Admiral Patch,333-100-060,Top,Octo,0
2016,Admiral Patch,333-100-084,Bottom,Octo,0
2016,Admiral Patch,333-100-084,Top,Octo,0
2016,Admiral Patch,333-100-091,Bottom,Octo,0
2016,Admiral Patch,333-100-091,Top,Octo,0
2016,Admiral Patch,333-100-192,Bottom,Octo,0
2016,Admiral Patch,333-100-192,Top,Octo,0
2016,Admiral Patch,333-500-022,Bottom,Octo,0
2016,Admiral Patch,333-500-022,Top,Octo,0
2016,Admiral Patch,333-500-111,Bottom,Octo,0
2016,Admiral Patch,333-500-111,Top,Octo,0
2016,Admiral Patch,333-500-154,Bottom,Octo,0
2016,Admiral Patch,333-500-154,Top,Octo,0
2016,Admiral Patch,333-500-195,Bottom,Octo,0
2016,Admiral Patch,333-500-195,Top,Octo,0
2016,Admiral Patch,334-100-034,Bottom,Octo,0
2016,Admiral Patch,334-100-034,Top,Octo,0
2016,Admiral Patch,334-100-067,Bottom,Octo,0
2016,Admiral Patch,334-100-067,Top,Octo,0
2016,Admiral Patch,334-100-139,Bottom,Octo,0
2016,Admiral Patch,334-100-139,Top,Octo,0
2016,Admiral Patch,334-100-194,Bottom,Octo,0
2016,Admiral Patch,334-100-194,Top,Octo,0
2016,Admiral Patch,334-500-021,Bottom,Octo,0
2016,Admiral Patch,334-500-021,Top,Octo,0
2016,Admiral Patch,334-500-067,Bottom,Octo,0
2016,Admiral Patch,334-500-067,Top,Octo,0
2016,Admiral Patch,334-500-134,Bottom,Octo,0
2016,Admiral Patch,334-500-134,Top,Octo,0
2016,Admiral Patch,334-500-222,Bottom,Octo,0
2016,Admiral Patch,334-500-222,Top,Octo,0
2016,West Turtle Shoals,341-100-062,Bottom,Octo,0
2016,West Turtle Shoals,341-100-062,Top,Octo,0
2016,West Turtle Shoals,341-100-096,Bottom,Octo,0
2016,West Turtle Shoals,341-100-096,Top,Octo,0
2016,West Turtle Shoals,341-100-116,Bottom,Octo,0
2016,West Turtle Shoals,341-100-116,Top,Octo,0
2016,West Turtle Shoals,341-100-162,Bottom,Octo,0
2016,West Turtle Shoals,341-100-162,Top,Octo,0
2016,West Turtle Shoals,341-500-049,Bottom,Octo,0
2016,West Turtle Shoals,341-500-049,Top,Octo,0
2016,West Turtle Shoals,341-500-078,Bottom,Octo,0
2016,West Turtle Shoals,341-500-078,Top,Octo,0
2016,West Turtle Shoals,341-500-088,Bottom,Octo,0
2016,West Turtle Shoals,341-500-088,Top,Octo,0
2016,West Turtle Shoals,341-500-230,Bottom,Octo,0
2016,West Turtle Shoals,341-500-230,Top,Octo,0
2016,West Turtle Shoals,342-100-003,Bottom,Octo,0
2016,West Turtle Shoals,342-100-003,Top,Octo,0
2016,West Turtle Shoals,342-100-033,Bottom,Octo,0
2016,West Turtle Shoals,342-100-033,Top,Octo,0
2016,West Turtle Shoals,342-100-156,Bottom,Octo,0
2016,West Turtle Shoals,342-100-156,Top,Octo,0
2016,West Turtle Shoals,342-100-199,Bottom,Octo,0
2016,West Turtle Shoals,342-100-199,Top,Octo,0
2016,West Turtle Shoals,342-500-023,Bottom,Octo,0
2016,West Turtle Shoals,342-500-023,Top,Octo,0
2016,West Turtle Shoals,342-500-061,Bottom,Octo,0
2016,West Turtle Shoals,342-500-061,Top,Octo,0
2016,West Turtle Shoals,342-500-134,Bottom,Octo,0
2016,West Turtle Shoals,342-500-134,Top,Octo,0
2016,West Turtle Shoals,342-500-205,Bottom,Octo,0
2016,West Turtle Shoals,342-500-205,Top,Octo,0
2016,West Turtle Shoals,343-100-008,Bottom,Octo,0
2016,West Turtle Shoals,343-100-008,Top,Octo,0
2016,West Turtle Shoals,343-100-023,Bottom,Octo,0
2016,West Turtle Shoals,343-100-023,Top,Octo,0
2016,West Turtle Shoals,343-100-146,Bottom,Octo,0
2016,West Turtle Shoals,343-100-146,Top,Octo,0
2016,West Turtle Shoals,343-100-193,Bottom,Octo,0
2016,West Turtle Shoals,343-100-193,Top,Octo,0
2016,West Turtle Shoals,343-500-008,Bottom,Octo,0
2016,West Turtle Shoals,343-500-008,Top,Octo,0
2016,West Turtle Shoals,343-500-045,Bottom,Octo,0
2016,West Turtle Shoals,343-500-045,Top,Octo,0
2016,West Turtle Shoals,343-500-094,Bottom,Octo,0
2016,West Turtle Shoals,343-500-094,Top,Octo,0
2016,West Turtle Shoals,343-500-201,Bottom,Octo,0
2016,West Turtle Shoals,343-500-201,Top,Octo,0
2016,West Turtle Shoals,344-100-060,Bottom,Octo,0
2016,West Turtle Shoals,344-100-060,Top,Octo,0
2016,West Turtle Shoals,344-100-116,Bottom,Octo,0
2016,West Turtle Shoals,344-100-116,Top,Octo,0
2016,West Turtle Shoals,344-100-132,Bottom,Octo,0
2016,West Turtle Shoals,344-100-132,Top,Octo,0
2016,West Turtle Shoals,344-100-180,Bottom,Octo,0
2016,West Turtle Shoals,344-100-180,Top,Octo,0
2016,West Turtle Shoals,344-500-035,Bottom,Octo,0
2016,West Turtle Shoals,344-500-035,Top,Octo,0
2016,West Turtle Shoals,344-500-076,Bottom,Octo,0
2016,West Turtle Shoals,344-500-076,Top,Octo,0
2016,West Turtle Shoals,344-500-103,Bottom,Octo,0
2016,West Turtle Shoals,344-500-103,Top,Octo,0
2016,West Turtle Shoals,344-500-187,Bottom,Octo,0
2016,West Turtle Shoals,344-500-187,Top,Octo,0
2016,Dustan Rocks,351-100-055,Bottom,Octo,0
2016,Dustan Rocks,351-100-055,Top,Octo,0
2016,Dustan Rocks,351-100-112,Bottom,Octo,0
2016,Dustan Rocks,351-100-112,Top,Octo,0
2016,Dustan Rocks,351-100-157,Bottom,Octo,0
2016,Dustan Rocks,351-100-157,Top,Octo,0
2016,Dustan Rocks,351-100-192,Bottom,Octo,0
2016,Dustan Rocks,351-100-192,Top,Octo,0
2016,Dustan Rocks,351-500-011,Bottom,Octo,0
2016,Dustan Rocks,351-500-011,Top,Octo,0
2016,Dustan Rocks,351-500-083,Bottom,Octo,0
2016,Dustan Rocks,351-500-083,Top,Octo,0
2016,Dustan Rocks,351-500-139,Bottom,Octo,0
2016,Dustan Rocks,351-500-139,Top,Octo,0
2016,Dustan Rocks,351-500-154,Bottom,Octo,0
2016,Dustan Rocks,351-500-154,Top,Octo,0
2016,Dustan Rocks,352-100-027,Bottom,Octo,0
2016,Dustan Rocks,352-100-027,Top,Octo,0
2016,Dustan Rocks,352-100-120,Bottom,Octo,0
2016,Dustan Rocks,352-100-120,Top,Octo,0
2016,Dustan Rocks,352-100-139,Bottom,Octo,0
2016,Dustan Rocks,352-100-139,Top,Octo,0
2016,Dustan Rocks,352-100-208,Bottom,Octo,0
2016,Dustan Rocks,352-100-208,Top,Octo,0
2016,Dustan Rocks,352-500-035,Bottom,Octo,0
2016,Dustan Rocks,352-500-035,Top,Octo,0
2016,Dustan Rocks,352-500-117,Bottom,Octo,0
2016,Dustan Rocks,352-500-117,Top,Octo,0
2016,Dustan Rocks,352-500-150,Bottom,Octo,0
2016,Dustan Rocks,352-500-150,Top,Octo,0
2016,Dustan Rocks,352-500-218,Bottom,Octo,0
2016,Dustan Rocks,352-500-218,Top,Octo,0
2016,Dustan Rocks,353-100-016,Bottom,Octo,0
2016,Dustan Rocks,353-100-016,Top,Octo,0
2016,Dustan Rocks,353-100-071,Bottom,Octo,0
2016,Dustan Rocks,353-100-071,Top,Octo,0
2016,Dustan Rocks,353-100-185,Bottom,Octo,0
2016,Dustan Rocks,353-100-185,Top,Octo,0
2016,Dustan Rocks,353-100-206,Bottom,Octo,0
2016,Dustan Rocks,353-100-206,Top,Octo,0
2016,Dustan Rocks,353-500-000,Bottom,Octo,0
2016,Dustan Rocks,353-500-000,Top,Octo,0
2016,Dustan Rocks,353-500-047,Bottom,Octo,0
2016,Dustan Rocks,353-500-047,Top,Octo,0
2016,Dustan Rocks,353-500-083,Bottom,Octo,0
2016,Dustan Rocks,353-500-083,Top,Octo,0
2016,Dustan Rocks,353-500-194,Bottom,Octo,0
2016,Dustan Rocks,353-500-194,Top,Octo,0
2016,Dustan Rocks,354-100-032,Bottom,Octo,0
2016,Dustan Rocks,354-100-032,Top,Octo,0
2016,Dustan Rocks,354-100-045,Bottom,Octo,0
2016,Dustan Rocks,354-100-045,Top,Octo,0
2016,Dustan Rocks,354-100-103,Bottom,Octo,0
2016,Dustan Rocks,354-100-103,Top,Octo,0
2016,Dustan Rocks,354-100-144,Bottom,Octo,0
2016,Dustan Rocks,354-100-144,Top,Octo,0
2016,Dustan Rocks,354-500-043,Bottom,Octo,0
2016,Dustan Rocks,354-500-043,Top,Octo,0
2016,Dustan Rocks,354-500-054,Bottom,Octo,0
2016,Dustan Rocks,354-500-054,Top,Octo,0
2016,Dustan Rocks,354-500-185,Bottom,Octo,0
2016,Dustan Rocks,354-500-185,Top,Octo,0
2016,Dustan Rocks,354-500-202,Bottom,Octo,0
2016,Dustan Rocks,354-500-202,Top,Octo,0
2016,West Washerwoman,361-100-046,Bottom,Octo,0
2016,West Washerwoman,361-100-046,Top,Octo,0
2016,West Washerwoman,361-100-089,Bottom,Octo,0
2016,West Washerwoman,361-100-089,Top,Octo,0
2016,West Washerwoman,361-100-140,Bottom,Octo,0
2016,West Washerwoman,361-100-140,Top,Octo,0
2016,West Washerwoman,361-100-188,Bottom,Octo,0
2016,West Washerwoman,361-100-188,Top,Octo,0
2016,West Washerwoman,361-500-019,Bottom,Octo,0
2016,West Washerwoman,361-500-019,Top,Octo,0
2016,West Washerwoman,361-500-073,Bottom,Octo,0
2016,West Washerwoman,361-500-073,Top,Octo,0
2016,West Washerwoman,361-500-159,Bottom,Octo,0
2016,West Washerwoman,361-500-159,Top,Octo,0
2016,West Washerwoman,361-500-169,Bottom,Octo,0
2016,West Washerwoman,361-500-169,Top,Octo,0
2016,West Washerwoman,362-100-059,Bottom,Octo,0
2016,West Washerwoman,362-100-059,Top,Octo,0
2016,West Washerwoman,362-100-091,Bottom,Octo,0
2016,West Washerwoman,362-100-091,Top,Octo,0
2016,West Washerwoman,362-100-109,Bottom,Octo,0
2016,West Washerwoman,362-100-109,Top,Octo,0
2016,West Washerwoman,362-100-130,Bottom,Octo,0
2016,West Washerwoman,362-100-130,Top,Octo,0
2016,West Washerwoman,362-500-058,Bottom,Octo,0
2016,West Washerwoman,362-500-058,Top,Octo,0
2016,West Washerwoman,362-500-145,Bottom,Octo,0
2016,West Washerwoman,362-500-145,Top,Octo,0
2016,West Washerwoman,362-500-157,Bottom,Octo,0
2016,West Washerwoman,362-500-157,Top,Octo,0
2016,West Washerwoman,362-500-213,Bottom,Octo,0
2016,West Washerwoman,362-500-213,Top,Octo,0
2016,West Washerwoman,363-100-055,Bottom,Octo,0
2016,West Washerwoman,363-100-055,Top,Octo,0
2016,West Washerwoman,363-100-072,Bottom,Octo,0
2016,West Washerwoman,363-100-072,Top,Octo,0
2016,West Washerwoman,363-100-137,Bottom,Octo,0
2016,West Washerwoman,363-100-137,Top,Octo,0
2016,West Washerwoman,363-100-167,Bottom,Octo,0
2016,West Washerwoman,363-100-167,Top,Octo,0
2016,West Washerwoman,363-500-032,Bottom,Octo,0
2016,West Washerwoman,363-500-032,Top,Octo,0
2016,West Washerwoman,363-500-115,Bottom,Octo,0
2016,West Washerwoman,363-500-115,Top,Octo,0
2016,West Washerwoman,363-500-152,Bottom,Octo,0
2016,West Washerwoman,363-500-152,Top,Octo,0
2016,West Washerwoman,363-500-207,Bottom,Octo,0
2016,West Washerwoman,363-500-207,Top,Octo,0
2016,West Washerwoman,364-100-027,Bottom,Octo,0
2016,West Washerwoman,364-100-027,Top,Octo,0
2016,West Washerwoman,364-100-091,Bottom,Octo,0
2016,West Washerwoman,364-100-091,Top,Octo,0
2016,West Washerwoman,364-100-125,Bottom,Octo,0
2016,West Washerwoman,364-100-125,Top,Octo,0
2016,West Washerwoman,364-100-194,Bottom,Octo,0
2016,West Washerwoman,364-100-194,Top,Octo,0
2016,West Washerwoman,364-500-104,Bottom,Octo,0
2016,West Washerwoman,364-500-104,Top,Octo,0
2016,West Washerwoman,364-500-120,Bottom,Octo,0
2016,West Washerwoman,364-500-120,Top,Octo,0
2016,West Washerwoman,364-500-170,Bottom,Octo,0
2016,West Washerwoman,364-500-170,Top,Octo,0
2016,West Washerwoman,364-500-198,Bottom,Octo,0
2016,West Washerwoman,364-500-198,Top,Octo,0
2016,Carysfort Shallow,501-100-010,Bottom,Octo,0
2016,Carysfort Shallow,501-100-010,Top,Octo,0
2016,Carysfort Shallow,501-100-038,Bottom,Octo,0
2016,Carysfort Shallow,501-100-038,Top,Octo,0
2016,Carysfort Shallow,501-100-137,Bottom,Octo,0
2016,Carysfort Shallow,501-100-137,Top,Octo,0
2016,Carysfort Shallow,501-100-159,Bottom,Octo,0
2016,Carysfort Shallow,501-100-159,Top,Octo,0
2016,Carysfort Shallow,501-500-016,Bottom,Octo,0
2016,Carysfort Shallow,501-500-016,Top,Octo,0
2016,Carysfort Shallow,501-500-034,Bottom,Octo,0
2016,Carysfort Shallow,501-500-034,Top,Octo,0
2016,Carysfort Shallow,501-500-084,Bottom,Octo,0
2016,Carysfort Shallow,501-500-084,Top,Octo,0
2016,Carysfort Shallow,501-500-108,Bottom,Octo,0
2016,Carysfort Shallow,501-500-108,Top,Octo,0
2016,Carysfort Shallow,502-100-044,Bottom,Octo,0
2016,Carysfort Shallow,502-100-044,Top,Octo,0
2016,Carysfort Shallow,502-100-126,Bottom,Octo,0
2016,Carysfort Shallow,502-100-126,Top,Octo,0
2016,Carysfort Shallow,502-100-144,Bottom,Octo,0
2016,Carysfort Shallow,502-100-144,Top,Octo,0
2016,Carysfort Shallow,502-100-181,Bottom,Octo,0
2016,Carysfort Shallow,502-100-181,Top,Octo,0
2016,Carysfort Shallow,502-500-028,Bottom,Octo,0
2016,Carysfort Shallow,502-500-028,Top,Octo,0
2016,Carysfort Shallow,502-500-045,Bottom,Octo,0
2016,Carysfort Shallow,502-500-045,Top,Octo,0
2016,Carysfort Shallow,502-500-115,Bottom,Octo,0
2016,Carysfort Shallow,502-500-115,Top,Octo,0
2016,Carysfort Shallow,502-500-160,Bottom,Octo,0
2016,Carysfort Shallow,502-500-160,Top,Octo,0
2016,Carysfort Shallow,503-100-044,Bottom,Octo,0
2016,Carysfort Shallow,503-100-044,Top,Octo,0
2016,Carysfort Shallow,503-100-070,Bottom,Octo,0
2016,Carysfort Shallow,503-100-070,Top,Octo,0
2016,Carysfort Shallow,503-100-089,Bottom,Octo,0
2016,Carysfort Shallow,503-100-089,Top,Octo,0
2016,Carysfort Shallow,503-100-183,Bottom,Octo,0
2016,Carysfort Shallow,503-100-183,Top,Octo,0
2016,Carysfort Shallow,503-500-063,Bottom,Octo,0
2016,Carysfort Shallow,503-500-063,Top,Octo,0
2016,Carysfort Shallow,503-500-092,Bottom,Octo,0
2016,Carysfort Shallow,503-500-092,Top,Octo,0
2016,Carysfort Shallow,503-500-118,Bottom,Octo,0
2016,Carysfort Shallow,503-500-118,Top,Octo,0
2016,Carysfort Shallow,503-500-145,Bottom,Octo,0
2016,Carysfort Shallow,503-500-145,Top,Octo,0
2016,Carysfort Shallow,504-100-019,Bottom,Octo,0
2016,Carysfort Shallow,504-100-019,Top,Octo,0
2016,Carysfort Shallow,504-100-138,Bottom,Octo,0
2016,Carysfort Shallow,504-100-138,Top,Octo,0
2016,Carysfort Shallow,504-100-171,Bottom,Octo,0
2016,Carysfort Shallow,504-100-171,Top,Octo,0
2016,Carysfort Shallow,504-100-184,Bottom,Octo,0
2016,Carysfort Shallow,504-100-184,Top,Octo,0
2016,Carysfort Shallow,504-500-021,Bottom,Octo,0
2016,Carysfort Shallow,504-500-021,Top,Octo,0
2016,Carysfort Shallow,504-500-060,Bottom,Octo,0
2016,Carysfort Shallow,504-500-060,Top,Octo,0
2016,Carysfort Shallow,504-500-159,Bottom,Octo,0
2016,Carysfort Shallow,504-500-159,Top,Octo,0
2016,Carysfort Shallow,504-500-210,Bottom,Octo,0
2016,Carysfort Shallow,504-500-210,Top,Octo,0
2016,Molasses Shallow,521-100-011,Bottom,Octo,0
2016,Molasses Shallow,521-100-011,Top,Octo,0
2016,Molasses Shallow,521-100-027,Bottom,Octo,0
2016,Molasses Shallow,521-100-027,Top,Octo,0
2016,Molasses Shallow,521-100-088,Bottom,Octo,0
2016,Molasses Shallow,521-100-088,Top,Octo,0
2016,Molasses Shallow,521-100-174,Bottom,Octo,0
2016,Molasses Shallow,521-100-174,Top,Octo,0
2016,Molasses Shallow,521-500-025,Bottom,Octo,0
2016,Molasses Shallow,521-500-025,Top,Octo,0
2016,Molasses Shallow,521-500-061,Bottom,Octo,0
2016,Molasses Shallow,521-500-061,Top,Octo,0
2016,Molasses Shallow,521-500-137,Bottom,Octo,0
2016,Molasses Shallow,521-500-137,Top,Octo,0
2016,Molasses Shallow,521-500-205,Bottom,Octo,0
2016,Molasses Shallow,521-500-205,Top,Octo,0
2016,Molasses Shallow,522-100-025,Bottom,Octo,0
2016,Molasses Shallow,522-100-025,Top,Octo,0
2016,Molasses Shallow,522-100-091,Bottom,Octo,0
2016,Molasses Shallow,522-100-091,Top,Octo,0
2016,Molasses Shallow,522-100-139,Bottom,Octo,0
2016,Molasses Shallow,522-100-139,Top,Octo,0
2016,Molasses Shallow,522-500-033,Bottom,Octo,0
2016,Molasses Shallow,522-500-033,Top,Octo,0
2016,Molasses Shallow,522-500-063,Bottom,Octo,0
2016,Molasses Shallow,522-500-063,Top,Octo,0
2016,Molasses Shallow,522-500-138,Bottom,Octo,0
2016,Molasses Shallow,522-500-138,Top,Octo,0
2016,Molasses Shallow,522-500-200,Bottom,Octo,0
2016,Molasses Shallow,522-500-200,Top,Octo,0
2016,Molasses Shallow,523-100-003,Bottom,Octo,0
2016,Molasses Shallow,523-100-003,Top,Octo,0
2016,Molasses Shallow,523-100-036,Bottom,Octo,0
2016,Molasses Shallow,523-100-036,Top,Octo,0
2016,Molasses Shallow,523-100-107,Bottom,Octo,0
2016,Molasses Shallow,523-100-107,Top,Octo,0
2016,Molasses Shallow,523-100-157,Bottom,Octo,0
2016,Molasses Shallow,523-100-157,Top,Octo,0
2016,Molasses Shallow,523-500-023,Bottom,Octo,0
2016,Molasses Shallow,523-500-023,Top,Octo,0
2016,Molasses Shallow,523-500-063,Bottom,Octo,0
2016,Molasses Shallow,523-500-063,Top,Octo,0
2016,Molasses Shallow,523-500-101,Bottom,Octo,0
2016,Molasses Shallow,523-500-101,Top,Octo,0
2016,Molasses Shallow,523-500-167,Bottom,Octo,0
2016,Molasses Shallow,523-500-167,Top,Octo,0
2016,Molasses Shallow,524-100-019,Bottom,Octo,0
2016,Molasses Shallow,524-100-019,Top,Octo,0
2016,Molasses Shallow,524-100-051,Bottom,Octo,0
2016,Molasses Shallow,524-100-051,Top,Octo,0
2016,Molasses Shallow,524-100-132,Bottom,Octo,0
2016,Molasses Shallow,524-100-132,Top,Octo,0
2016,Molasses Shallow,524-100-163,Bottom,Octo,0
2016,Molasses Shallow,524-100-163,Top,Octo,0
2016,Molasses Shallow,524-500-019,Bottom,Octo,0
2016,Molasses Shallow,524-500-019,Top,Octo,0
2016,Molasses Shallow,524-500-036,Bottom,Octo,0
2016,Molasses Shallow,524-500-036,Top,Octo,0
2016,Molasses Shallow,524-500-089,Bottom,Octo,0
2016,Molasses Shallow,524-500-089,Top,Octo,0
2016,Molasses Shallow,524-500-165,Bottom,Octo,0
2016,Molasses Shallow,524-500-165,Top,Octo,0
2016,Tennessee Shallow,551-100-012,Bottom,Octo,0
2016,Tennessee Shallow,551-100-012,Top,Octo,0
2016,Tennessee Shallow,551-100-073,Bottom,Octo,0
2016,Tennessee Shallow,551-100-073,Top,Octo,0
2016,Tennessee Shallow,551-100-133,Bottom,Octo,0
2016,Tennessee Shallow,551-100-133,Top,Octo,0
2016,Tennessee Shallow,551-100-192,Bottom,Octo,0
2016,Tennessee Shallow,551-100-192,Top,Octo,0
2016,Tennessee Shallow,551-500-020,Bottom,Octo,0
2016,Tennessee Shallow,551-500-020,Top,Octo,0
2016,Tennessee Shallow,551-500-088,Bottom,Octo,0
2016,Tennessee Shallow,551-500-088,Top,Octo,0
2016,Tennessee Shallow,551-500-140,Bottom,Octo,0
2016,Tennessee Shallow,551-500-140,Top,Octo,0
2016,Tennessee Shallow,551-500-198,Bottom,Octo,0
2016,Tennessee Shallow,551-500-198,Top,Octo,0
2016,Tennessee Shallow,552-100-012,Bottom,Octo,0
2016,Tennessee Shallow,552-100-012,Top,Octo,0
2016,Tennessee Shallow,552-100-094,Bottom,Octo,0
2016,Tennessee Shallow,552-100-094,Top,Octo,0
2016,Tennessee Shallow,552-100-169,Bottom,Octo,0
2016,Tennessee Shallow,552-100-169,Top,Octo,0
2016,Tennessee Shallow,552-100-217,Bottom,Octo,0
2016,Tennessee Shallow,552-100-217,Top,Octo,0
2016,Tennessee Shallow,552-500-028,Bottom,Octo,0
2016,Tennessee Shallow,552-500-028,Top,Octo,0
2016,Tennessee Shallow,552-500-083,Bottom,Octo,0
2016,Tennessee Shallow,552-500-083,Top,Octo,0
2016,Tennessee Shallow,552-500-106,Bottom,Octo,0
2016,Tennessee Shallow,552-500-106,Top,Octo,0
2016,Tennessee Shallow,552-500-132,Bottom,Octo,0
2016,Tennessee Shallow,552-500-132,Top,Octo,0
2016,Tennessee Shallow,553-100-089,Bottom,Octo,0
2016,Tennessee Shallow,553-100-089,Top,Octo,0
2016,Tennessee Shallow,553-100-133,Bottom,Octo,0
2016,Tennessee Shallow,553-100-133,Top,Octo,0
2016,Tennessee Shallow,553-100-154,Bottom,Octo,0
2016,Tennessee Shallow,553-100-154,Top,Octo,0
2016,Tennessee Shallow,553-100-176,Bottom,Octo,0
2016,Tennessee Shallow,553-100-176,Top,Octo,0
2016,Tennessee Shallow,553-500-030,Bottom,Octo,0
2016,Tennessee Shallow,553-500-030,Top,Octo,0
2016,Tennessee Shallow,553-500-087,Bottom,Octo,0
2016,Tennessee Shallow,553-500-087,Top,Octo,0
2016,Tennessee Shallow,553-500-121,Bottom,Octo,0
2016,Tennessee Shallow,553-500-121,Top,Octo,0
2016,Tennessee Shallow,553-500-160,Bottom,Octo,0
2016,Tennessee Shallow,553-500-160,Top,Octo,0
2016,Tennessee Shallow,554-100-014,Bottom,Octo,0
2016,Tennessee Shallow,554-100-014,Top,Octo,0
2016,Tennessee Shallow,554-100-053,Bottom,Octo,0
2016,Tennessee Shallow,554-100-053,Top,Octo,0
2016,Tennessee Shallow,554-100-102,Bottom,Octo,0
2016,Tennessee Shallow,554-100-102,Top,Octo,0
2016,Tennessee Shallow,554-100-179,Bottom,Octo,0
2016,Tennessee Shallow,554-100-179,Top,Octo,0
2016,Tennessee Shallow,554-500-016,Bottom,Octo,0
2016,Tennessee Shallow,554-500-016,Top,Octo,0
2016,Tennessee Shallow,554-500-049,Bottom,Octo,0
2016,Tennessee Shallow,554-500-049,Top,Octo,0
2016,Tennessee Shallow,554-500-114,Bottom,Octo,0
2016,Tennessee Shallow,554-500-114,Top,Octo,0
2016,Tennessee Shallow,554-500-171,Bottom,Octo,0
2016,Tennessee Shallow,554-500-171,Top,Octo,0
2016,Sombrero Shallow,561-100-028,Bottom,Octo,0
2016,Sombrero Shallow,561-100-028,Top,Octo,0
2016,Sombrero Shallow,561-100-083,Bottom,Octo,0
2016,Sombrero Shallow,561-100-083,Top,Octo,0
2016,Sombrero Shallow,561-100-097,Bottom,Octo,0
2016,Sombrero Shallow,561-100-097,Top,Octo,0
2016,Sombrero Shallow,561-100-139,Bottom,Octo,0
2016,Sombrero Shallow,561-100-139,Top,Octo,0
2016,Sombrero Shallow,561-500-083,Bottom,Octo,0
2016,Sombrero Shallow,561-500-083,Top,Octo,0
2016,Sombrero Shallow,561-500-108,Bottom,Octo,0
2016,Sombrero Shallow,561-500-108,Top,Octo,0
2016,Sombrero Shallow,561-500-154,Bottom,Octo,0
2016,Sombrero Shallow,561-500-154,Top,Octo,0
2016,Sombrero Shallow,561-500-195,Bottom,Octo,0
2016,Sombrero Shallow,561-500-195,Top,Octo,0
2016,Sombrero Shallow,562-100-060,Bottom,Octo,0
2016,Sombrero Shallow,562-100-060,Top,Octo,0
2016,Sombrero Shallow,562-100-080,Bottom,Octo,0
2016,Sombrero Shallow,562-100-080,Top,Octo,0
2016,Sombrero Shallow,562-100-117,Bottom,Octo,0
2016,Sombrero Shallow,562-100-117,Top,Octo,0
2016,Sombrero Shallow,562-100-140,Bottom,Octo,0
2016,Sombrero Shallow,562-100-140,Top,Octo,0
2016,Sombrero Shallow,562-500-039,Bottom,Octo,0
2016,Sombrero Shallow,562-500-039,Top,Octo,0
2016,Sombrero Shallow,562-500-077,Bottom,Octo,0
2016,Sombrero Shallow,562-500-077,Top,Octo,0
2016,Sombrero Shallow,562-500-126,Bottom,Octo,0
2016,Sombrero Shallow,562-500-126,Top,Octo,0
2016,Sombrero Shallow,562-500-164,Bottom,Octo,0
2016,Sombrero Shallow,562-500-164,Top,Octo,0
2016,Sombrero Shallow,563-100-013,Bottom,Octo,0
2016,Sombrero Shallow,563-100-013,Top,Octo,0
2016,Sombrero Shallow,563-100-073,Bottom,Octo,0
2016,Sombrero Shallow,563-100-073,Top,Octo,0
2016,Sombrero Shallow,563-100-107,Bottom,Octo,0
2016,Sombrero Shallow,563-100-107,Top,Octo,0
2016,Sombrero Shallow,563-100-179,Bottom,Octo,0
2016,Sombrero Shallow,563-100-179,Top,Octo,0
2016,Sombrero Shallow,563-500-047,Bottom,Octo,0
2016,Sombrero Shallow,563-500-047,Top,Octo,0
2016,Sombrero Shallow,563-500-081,Bottom,Octo,0
2016,Sombrero Shallow,563-500-081,Top,Octo,0
2016,Sombrero Shallow,563-500-125,Bottom,Octo,0
2016,Sombrero Shallow,563-500-125,Top,Octo,0
2016,Sombrero Shallow,563-500-188,Bottom,Octo,0
2016,Sombrero Shallow,563-500-188,Top,Octo,0
2016,Sombrero Shallow,564-100-047,Bottom,Octo,0
2016,Sombrero Shallow,564-100-047,Top,Octo,0
2016,Sombrero Shallow,564-100-071,Bottom,Octo,0
2016,Sombrero Shallow,564-100-071,Top,Octo,0
2016,Sombrero Shallow,564-100-110,Bottom,Octo,0
2016,Sombrero Shallow,564-100-110,Top,Octo,0
2016,Sombrero Shallow,564-100-162,Bottom,Octo,0
2016,Sombrero Shallow,564-100-162,Top,Octo,0
2016,Sombrero Shallow,564-500-067,Bottom,Octo,0
2016,Sombrero Shallow,564-500-067,Top,Octo,0
2016,Sombrero Shallow,564-500-092,Bottom,Octo,0
2016,Sombrero Shallow,564-500-092,Top,Octo,0
2016,Sombrero Shallow,564-500-160,Bottom,Octo,0
2016,Sombrero Shallow,564-500-160,Top,Octo,0
2016,Sombrero Shallow,564-500-177,Bottom,Octo,0
2016,Sombrero Shallow,564-500-177,Top,Octo,0
2016,Western Sambo Shallow,591-100-031,Bottom,Octo,0
2016,Western Sambo Shallow,591-100-031,Top,Octo,0
2016,Western Sambo Shallow,591-100-052,Bottom,Octo,0
2016,Western Sambo Shallow,591-100-052,Top,Octo,0
2016,Western Sambo Shallow,591-100-154,Bottom,Octo,0
2016,Western Sambo Shallow,591-100-154,Top,Octo,0
2016,Western Sambo Shallow,591-100-202,Bottom,Octo,0
2016,Western Sambo Shallow,591-100-202,Top,Octo,0
2016,Western Sambo Shallow,591-500-019,Bottom,Octo,0
2016,Western Sambo Shallow,591-500-019,Top,Octo,0
2016,Western Sambo Shallow,591-500-072,Bottom,Octo,0
2016,Western Sambo Shallow,591-500-072,Top,Octo,0
2016,Western Sambo Shallow,591-500-157,Bottom,Octo,0
2016,Western Sambo Shallow,591-500-157,Top,Octo,0
2016,Western Sambo Shallow,591-500-195,Bottom,Octo,0
2016,Western Sambo Shallow,591-500-195,Top,Octo,0
2016,Western Sambo Shallow,592-100-039,Bottom,Octo,0
2016,Western Sambo Shallow,592-100-039,Top,Octo,0
2016,Western Sambo Shallow,592-100-115,Bottom,Octo,0
2016,Western Sambo Shallow,592-100-115,Top,Octo,0
2016,Western Sambo Shallow,592-100-162,Bottom,Octo,0
2016,Western Sambo Shallow,592-100-162,Top,Octo,0
2016,Western Sambo Shallow,592-100-199,Bottom,Octo,0
2016,Western Sambo Shallow,592-100-199,Top,Octo,0
2016,Western Sambo Shallow,592-500-053,Bottom,Octo,0
2016,Western Sambo Shallow,592-500-053,Top,Octo,0
2016,Western Sambo Shallow,592-500-112,Bottom,Octo,0
2016,Western Sambo Shallow,592-500-112,Top,Octo,0
2016,Western Sambo Shallow,592-500-148,Bottom,Octo,0
2016,Western Sambo Shallow,592-500-148,Top,Octo,0
2016,Western Sambo Shallow,593-100-015,Bottom,Octo,0
2016,Western Sambo Shallow,593-100-015,Top,Octo,0
2016,Western Sambo Shallow,593-100-063,Bottom,Octo,0
2016,Western Sambo Shallow,593-100-063,Top,Octo,0
2016,Western Sambo Shallow,593-100-109,Bottom,Octo,0
2016,Western Sambo Shallow,593-100-109,Top,Octo,0
2016,Western Sambo Shallow,593-100-231,Bottom,Octo,0
2016,Western Sambo Shallow,593-100-231,Top,Octo,0
2016,Western Sambo Shallow,593-500-022,Bottom,Octo,0
2016,Western Sambo Shallow,593-500-022,Top,Octo,0
2016,Western Sambo Shallow,593-500-060,Bottom,Octo,0
2016,Western Sambo Shallow,593-500-060,Top,Octo,0
2016,Western Sambo Shallow,593-500-134,Bottom,Octo,0
2016,Western Sambo Shallow,593-500-134,Top,Octo,0
2016,Western Sambo Shallow,593-500-223,Bottom,Octo,0
2016,Western Sambo Shallow,593-500-223,Top,Octo,0
2016,Western Sambo Shallow,594-100-021,Bottom,Octo,0
2016,Western Sambo Shallow,594-100-021,Top,Octo,0
2016,Western Sambo Shallow,594-100-073,Bottom,Octo,0
2016,Western Sambo Shallow,594-100-073,Top,Octo,0
2016,Western Sambo Shallow,594-100-124,Bottom,Octo,0
2016,Western Sambo Shallow,594-100-124,Top,Octo,0
2016,Western Sambo Shallow,594-500-011,Bottom,Octo,0
2016,Western Sambo Shallow,594-500-011,Top,Octo,0
2016,Western Sambo Shallow,594-500-035,Bottom,Octo,0
2016,Western Sambo Shallow,594-500-035,Top,Octo,0
2016,Western Sambo Shallow,594-500-149,Bottom,Octo,0
2016,Western Sambo Shallow,594-500-149,Top,Octo,0
2016,Western Sambo Shallow,594-500-189,Bottom,Octo,0
2016,Western Sambo Shallow,594-500-189,Top,Octo,0
2016,Sand Key Shallow,611-100-006,Bottom,Octo,0
2016,Sand Key Shallow,611-100-006,Top,Octo,0
2016,Sand Key Shallow,611-100-057,Bottom,Octo,0
2016,Sand Key Shallow,611-100-057,Top,Octo,0
2016,Sand Key Shallow,611-100-155,Bottom,Octo,0
2016,Sand Key Shallow,611-100-155,Top,Octo,0
2016,Sand Key Shallow,611-100-205,Bottom,Octo,0
2016,Sand Key Shallow,611-100-205,Top,Octo,0
2016,Sand Key Shallow,611-500-026,Bottom,Octo,0
2016,Sand Key Shallow,611-500-026,Top,Octo,0
2016,Sand Key Shallow,611-500-142,Bottom,Octo,0
2016,Sand Key Shallow,611-500-142,Top,Octo,0
2016,Sand Key Shallow,611-500-169,Bottom,Octo,0
2016,Sand Key Shallow,611-500-169,Top,Octo,0
2016,Sand Key Shallow,611-500-202,Bottom,Octo,0
2016,Sand Key Shallow,611-500-202,Top,Octo,0
2016,Sand Key Shallow,612-100-023,Bottom,Octo,0
2016,Sand Key Shallow,612-100-023,Top,Octo,0
2016,Sand Key Shallow,612-100-060,Bottom,Octo,0
2016,Sand Key Shallow,612-100-060,Top,Octo,0
2016,Sand Key Shallow,612-100-101,Bottom,Octo,0
2016,Sand Key Shallow,612-100-101,Top,Octo,0
2016,Sand Key Shallow,612-100-172,Bottom,Octo,0
2016,Sand Key Shallow,612-100-172,Top,Octo,0
2016,Sand Key Shallow,612-500-036,Bottom,Octo,0
2016,Sand Key Shallow,612-500-036,Top,Octo,0
2016,Sand Key Shallow,612-500-105,Bottom,Octo,0
2016,Sand Key Shallow,612-500-105,Top,Octo,0
2016,Sand Key Shallow,612-500-145,Bottom,Octo,0
2016,Sand Key Shallow,612-500-145,Top,Octo,0
2016,Sand Key Shallow,612-500-187,Bottom,Octo,0
2016,Sand Key Shallow,612-500-187,Top,Octo,0
2016,Sand Key Shallow,613-100-020,Bottom,Octo,0
2016,Sand Key Shallow,613-100-020,Top,Octo,0
2016,Sand Key Shallow,613-100-045,Bottom,Octo,0
2016,Sand Key Shallow,613-100-045,Top,Octo,0
2016,Sand Key Shallow,613-100-097,Bottom,Octo,0
2016,Sand Key Shallow,613-100-097,Top,Octo,0
2016,Sand Key Shallow,613-500-057,Bottom,Octo,0
2016,Sand Key Shallow,613-500-057,Top,Octo,0
2016,Sand Key Shallow,613-500-101,Bottom,Octo,0
2016,Sand Key Shallow,613-500-101,Top,Octo,0
2016,Sand Key Shallow,613-500-168,Bottom,Octo,0
2016,Sand Key Shallow,613-500-168,Top,Octo,0
2016,Sand Key Shallow,614-100-010,Bottom,Octo,0
2016,Sand Key Shallow,614-100-010,Top,Octo,0
2016,Sand Key Shallow,614-100-069,Bottom,Octo,0
2016,Sand Key Shallow,614-100-069,Top,Octo,0
2016,Sand Key Shallow,614-100-149,Bottom,Octo,0
2016,Sand Key Shallow,614-100-149,Top,Octo,0
2016,Sand Key Shallow,614-100-203,Bottom,Octo,0
2016,Sand Key Shallow,614-100-203,Top,Octo,0
2016,Sand Key Shallow,614-500-018,Bottom,Octo,0
2016,Sand Key Shallow,614-500-018,Top,Octo,0
2016,Sand Key Shallow,614-500-075,Bottom,Octo,0
2016,Sand Key Shallow,614-500-075,Top,Octo,0
2016,Sand Key Shallow,614-500-189,Bottom,Octo,0
2016,Sand Key Shallow,614-500-189,Top,Octo,0
2016,Carysfort Deep,701-100-007,Bottom,Octo,0
2016,Carysfort Deep,701-100-007,Top,Octo,0
2016,Carysfort Deep,701-100-055,Bottom,Octo,0
2016,Carysfort Deep,701-100-055,Top,Octo,0
2016,Carysfort Deep,701-100-106,Bottom,Octo,0
2016,Carysfort Deep,701-100-106,Top,Octo,0
2016,Carysfort Deep,701-100-197,Bottom,Octo,0
2016,Carysfort Deep,701-100-197,Top,Octo,0
2016,Carysfort Deep,701-500-011,Bottom,Octo,0
2016,Carysfort Deep,701-500-011,Top,Octo,0
2016,Carysfort Deep,701-500-075,Bottom,Octo,0
2016,Carysfort Deep,701-500-075,Top,Octo,0
2016,Carysfort Deep,701-500-105,Bottom,Octo,0
2016,Carysfort Deep,701-500-105,Top,Octo,0
2016,Carysfort Deep,701-500-157,Bottom,Octo,0
2016,Carysfort Deep,701-500-157,Top,Octo,0
2016,Carysfort Deep,702-100-032,Bottom,Octo,0
2016,Carysfort Deep,702-100-032,Top,Octo,0
2016,Carysfort Deep,702-100-137,Bottom,Octo,0
2016,Carysfort Deep,702-100-137,Top,Octo,0
2016,Carysfort Deep,702-100-174,Bottom,Octo,0
2016,Carysfort Deep,702-100-174,Top,Octo,0
2016,Carysfort Deep,702-100-206,Bottom,Octo,0
2016,Carysfort Deep,702-100-206,Top,Octo,0
2016,Carysfort Deep,702-500-035,Bottom,Octo,0
2016,Carysfort Deep,702-500-035,Top,Octo,0
2016,Carysfort Deep,702-500-077,Bottom,Octo,0
2016,Carysfort Deep,702-500-077,Top,Octo,0
2016,Carysfort Deep,702-500-101,Bottom,Octo,0
2016,Carysfort Deep,702-500-101,Top,Octo,0
2016,Carysfort Deep,702-500-120,Bottom,Octo,0
2016,Carysfort Deep,702-500-120,Top,Octo,0
2016,Carysfort Deep,703-100-032,Bottom,Octo,0
2016,Carysfort Deep,703-100-032,Top,Octo,0
2016,Carysfort Deep,703-100-073,Bottom,Octo,0
2016,Carysfort Deep,703-100-073,Top,Octo,0
2016,Carysfort Deep,703-100-146,Bottom,Octo,0
2016,Carysfort Deep,703-100-146,Top,Octo,0
2016,Carysfort Deep,703-100-175,Bottom,Octo,0
2016,Carysfort Deep,703-100-175,Top,Octo,0
2016,Carysfort Deep,703-500-029,Bottom,Octo,0
2016,Carysfort Deep,703-500-029,Top,Octo,0
2016,Carysfort Deep,703-500-100,Bottom,Octo,0
2016,Carysfort Deep,703-500-100,Top,Octo,0
2016,Carysfort Deep,703-500-123,Bottom,Octo,0
2016,Carysfort Deep,703-500-123,Top,Octo,0
2016,Carysfort Deep,703-500-172,Bottom,Octo,0
2016,Carysfort Deep,703-500-172,Top,Octo,0
2016,Carysfort Deep,704-100-009,Bottom,Octo,0
2016,Carysfort Deep,704-100-009,Top,Octo,0
2016,Carysfort Deep,704-100-111,Bottom,Octo,0
2016,Carysfort Deep,704-100-111,Top,Octo,0
2016,Carysfort Deep,704-100-169,Bottom,Octo,0
2016,Carysfort Deep,704-100-169,Top,Octo,0
2016,Carysfort Deep,704-100-221,Bottom,Octo,0
2016,Carysfort Deep,704-100-221,Top,Octo,0
2016,Carysfort Deep,704-500-016,Bottom,Octo,0
2016,Carysfort Deep,704-500-016,Top,Octo,0
2016,Carysfort Deep,704-500-135,Bottom,Octo,0
2016,Carysfort Deep,704-500-135,Top,Octo,0
2016,Carysfort Deep,704-500-156,Bottom,Octo,0
2016,Carysfort Deep,704-500-156,Top,Octo,0
2016,Carysfort Deep,704-500-172,Bottom,Octo,0
2016,Carysfort Deep,704-500-172,Top,Octo,0
2016,Molasses Deep,721-100-024,Bottom,Octo,0
2016,Molasses Deep,721-100-024,Top,Octo,0
2016,Molasses Deep,721-100-061,Bottom,Octo,0
2016,Molasses Deep,721-100-061,Top,Octo,0
2016,Molasses Deep,721-100-138,Bottom,Octo,0
2016,Molasses Deep,721-100-138,Top,Octo,0
2016,Molasses Deep,721-100-186,Bottom,Octo,0
2016,Molasses Deep,721-100-186,Top,Octo,0
2016,Molasses Deep,721-500-025,Bottom,Octo,0
2016,Molasses Deep,721-500-025,Top,Octo,0
2016,Molasses Deep,721-500-064,Bottom,Octo,0
2016,Molasses Deep,721-500-064,Top,Octo,0
2016,Molasses Deep,721-500-114,Bottom,Octo,0
2016,Molasses Deep,721-500-114,Top,Octo,0
2016,Molasses Deep,721-500-183,Bottom,Octo,0
2016,Molasses Deep,721-500-183,Top,Octo,0
2016,Molasses Deep,722-100-045,Bottom,Octo,0
2016,Molasses Deep,722-100-045,Top,Octo,0
2016,Molasses Deep,722-100-076,Bottom,Octo,0
2016,Molasses Deep,722-100-076,Top,Octo,0
2016,Molasses Deep,722-100-173,Bottom,Octo,0
2016,Molasses Deep,722-100-173,Top,Octo,0
2016,Molasses Deep,722-100-215,Bottom,Octo,0
2016,Molasses Deep,722-100-215,Top,Octo,0
2016,Molasses Deep,722-500-032,Bottom,Octo,0
2016,Molasses Deep,722-500-032,Top,Octo,0
2016,Molasses Deep,722-500-094,Bottom,Octo,0
2016,Molasses Deep,722-500-094,Top,Octo,0
2016,Molasses Deep,722-500-111,Bottom,Octo,0
2016,Molasses Deep,722-500-111,Top,Octo,0
2016,Molasses Deep,722-500-182,Bottom,Octo,0
2016,Molasses Deep,722-500-182,Top,Octo,0
2016,Molasses Deep,723-100-052,Bottom,Octo,0
2016,Molasses Deep,723-100-052,Top,Octo,0
2016,Molasses Deep,723-100-064,Bottom,Octo,0
2016,Molasses Deep,723-100-064,Top,Octo,0
2016,Molasses Deep,723-100-134,Bottom,Octo,0
2016,Molasses Deep,723-100-134,Top,Octo,0
2016,Molasses Deep,723-100-154,Bottom,Octo,0
2016,Molasses Deep,723-100-154,Top,Octo,0
2016,Molasses Deep,723-500-030,Bottom,Octo,0
2016,Molasses Deep,723-500-030,Top,Octo,0
2016,Molasses Deep,723-500-064,Bottom,Octo,0
2016,Molasses Deep,723-500-064,Top,Octo,0
2016,Molasses Deep,723-500-090,Bottom,Octo,0
2016,Molasses Deep,723-500-090,Top,Octo,0
2016,Molasses Deep,723-500-103,Bottom,Octo,0
2016,Molasses Deep,723-500-103,Top,Octo,0
2016,Molasses Deep,724-100-048,Bottom,Octo,0
2016,Molasses Deep,724-100-048,Top,Octo,0
2016,Molasses Deep,724-100-089,Bottom,Octo,0
2016,Molasses Deep,724-100-089,Top,Octo,0
2016,Molasses Deep,724-100-151,Bottom,Octo,0
2016,Molasses Deep,724-100-151,Top,Octo,0
2016,Molasses Deep,724-100-177,Bottom,Octo,0
2016,Molasses Deep,724-100-177,Top,Octo,0
2016,Molasses Deep,724-500-032,Bottom,Octo,0
2016,Molasses Deep,724-500-032,Top,Octo,0
2016,Molasses Deep,724-500-061,Bottom,Octo,0
2016,Molasses Deep,724-500-061,Top,Octo,0
2016,Molasses Deep,724-500-094,Bottom,Octo,0
2016,Molasses Deep,724-500-094,Top,Octo,0
2016,Molasses Deep,724-500-192,Bottom,Octo,0
2016,Molasses Deep,724-500-192,Top,Octo,0
2016,Tennessee Deep,751-100-026,Bottom,Octo,0
2016,Tennessee Deep,751-100-026,Top,Octo,0
2016,Tennessee Deep,751-100-045,Bottom,Octo,0
2016,Tennessee Deep,751-100-045,Top,Octo,0
2016,Tennessee Deep,751-100-118,Bottom,Octo,0
2016,Tennessee Deep,751-100-118,Top,Octo,0
2016,Tennessee Deep,751-100-203,Bottom,Octo,0
2016,Tennessee Deep,751-100-203,Top,Octo,0
2016,Tennessee Deep,751-500-029,Bottom,Octo,0
2016,Tennessee Deep,751-500-029,Top,Octo,0
2016,Tennessee Deep,751-500-105,Bottom,Octo,0
2016,Tennessee Deep,751-500-105,Top,Octo,0
2016,Tennessee Deep,751-500-123,Bottom,Octo,0
2016,Tennessee Deep,751-500-123,Top,Octo,0
2016,Tennessee Deep,751-500-226,Bottom,Octo,0
2016,Tennessee Deep,751-500-226,Top,Octo,0
2016,Tennessee Deep,752-100-022,Bottom,Octo,0
2016,Tennessee Deep,752-100-022,Top,Octo,0
2016,Tennessee Deep,752-100-072,Bottom,Octo,0
2016,Tennessee Deep,752-100-072,Top,Octo,0
2016,Tennessee Deep,752-100-135,Bottom,Octo,0
2016,Tennessee Deep,752-100-135,Top,Octo,0
2016,Tennessee Deep,752-100-225,Bottom,Octo,0
2016,Tennessee Deep,752-100-225,Top,Octo,0
2016,Tennessee Deep,752-500-023,Bottom,Octo,0
2016,Tennessee Deep,752-500-023,Top,Octo,0
2016,Tennessee Deep,752-500-056,Bottom,Octo,0
2016,Tennessee Deep,752-500-056,Top,Octo,0
2016,Tennessee Deep,752-500-141,Bottom,Octo,0
2016,Tennessee Deep,752-500-141,Top,Octo,0
2016,Tennessee Deep,752-500-188,Bottom,Octo,0
2016,Tennessee Deep,752-500-188,Top,Octo,0
2016,Tennessee Deep,753-100-028,Bottom,Octo,0
2016,Tennessee Deep,753-100-028,Top,Octo,0
2016,Tennessee Deep,753-100-085,Bottom,Octo,0
2016,Tennessee Deep,753-100-085,Top,Octo,0
2016,Tennessee Deep,753-100-090,Bottom,Octo,0
2016,Tennessee Deep,753-100-090,Top,Octo,0
2016,Tennessee Deep,753-100-141,Bottom,Octo,0
2016,Tennessee Deep,753-100-141,Top,Octo,0
2016,Tennessee Deep,753-500-023,Bottom,Octo,0
2016,Tennessee Deep,753-500-023,Top,Octo,0
2016,Tennessee Deep,753-500-049,Bottom,Octo,0
2016,Tennessee Deep,753-500-049,Top,Octo,0
2016,Tennessee Deep,753-500-105,Bottom,Octo,0
2016,Tennessee Deep,753-500-105,Top,Octo,0
2016,Tennessee Deep,753-500-197,Bottom,Octo,0
2016,Tennessee Deep,753-500-197,Top,Octo,0
2016,Tennessee Deep,754-100-051,Bottom,Octo,0
2016,Tennessee Deep,754-100-051,Top,Octo,0
2016,Tennessee Deep,754-100-100,Bottom,Octo,0
2016,Tennessee Deep,754-100-100,Top,Octo,0
2016,Tennessee Deep,754-100-136,Bottom,Octo,0
2016,Tennessee Deep,754-100-136,Top,Octo,0
2016,Tennessee Deep,754-100-191,Bottom,Octo,0
2016,Tennessee Deep,754-100-191,Top,Octo,0
2016,Tennessee Deep,754-500-045,Bottom,Octo,0
2016,Tennessee Deep,754-500-045,Top,Octo,0
2016,Tennessee Deep,754-500-092,Bottom,Octo,0
2016,Tennessee Deep,754-500-092,Top,Octo,0
2016,Tennessee Deep,754-500-139,Bottom,Octo,0
2016,Tennessee Deep,754-500-139,Top,Octo,0
2016,Tennessee Deep,754-500-180,Bottom,Octo,0
2016,Tennessee Deep,754-500-180,Top,Octo,0
2016,Sombrero Deep,761-100-009,Bottom,Octo,0
2016,Sombrero Deep,761-100-009,Top,Octo,0
2016,Sombrero Deep,761-100-028,Bottom,Octo,0
2016,Sombrero Deep,761-100-028,Top,Octo,0
2016,Sombrero Deep,761-100-081,Bottom,Octo,0
2016,Sombrero Deep,761-100-081,Top,Octo,0
2016,Sombrero Deep,761-100-139,Bottom,Octo,0
2016,Sombrero Deep,761-100-139,Top,Octo,0
2016,Sombrero Deep,761-500-048,Bottom,Octo,0
2016,Sombrero Deep,761-500-048,Top,Octo,0
2016,Sombrero Deep,761-500-072,Bottom,Octo,0
2016,Sombrero Deep,761-500-072,Top,Octo,0
2016,Sombrero Deep,761-500-101,Bottom,Octo,0
2016,Sombrero Deep,761-500-101,Top,Octo,0
2016,Sombrero Deep,761-500-147,Bottom,Octo,0
2016,Sombrero Deep,761-500-147,Top,Octo,0
2016,Sombrero Deep,762-100-056,Bottom,Octo,0
2016,Sombrero Deep,762-100-056,Top,Octo,0
2016,Sombrero Deep,762-100-067,Bottom,Octo,0
2016,Sombrero Deep,762-100-067,Top,Octo,0
2016,Sombrero Deep,762-100-158,Bottom,Octo,0
2016,Sombrero Deep,762-100-158,Top,Octo,0
2016,Sombrero Deep,762-100-178,Bottom,Octo,0
2016,Sombrero Deep,762-100-178,Top,Octo,0
2016,Sombrero Deep,762-500-005,Bottom,Octo,0
2016,Sombrero Deep,762-500-005,Top,Octo,0
2016,Sombrero Deep,762-500-066,Bottom,Octo,0
2016,Sombrero Deep,762-500-066,Top,Octo,0
2016,Sombrero Deep,762-500-110,Bottom,Octo,0
2016,Sombrero Deep,762-500-110,Top,Octo,0
2016,Sombrero Deep,762-500-153,Bottom,Octo,0
2016,Sombrero Deep,762-500-153,Top,Octo,0
2016,Sombrero Deep,763-100-085,Bottom,Octo,0
2016,Sombrero Deep,763-100-085,Top,Octo,0
2016,Sombrero Deep,763-100-108,Bottom,Octo,0
2016,Sombrero Deep,763-100-108,Top,Octo,0
2016,Sombrero Deep,763-100-174,Bottom,Octo,0
2016,Sombrero Deep,763-100-174,Top,Octo,0
2016,Sombrero Deep,763-100-202,Bottom,Octo,0
2016,Sombrero Deep,763-100-202,Top,Octo,0
2016,Sombrero Deep,763-500-085,Bottom,Octo,0
2016,Sombrero Deep,763-500-085,Top,Octo,0
2016,Sombrero Deep,763-500-109,Bottom,Octo,0
2016,Sombrero Deep,763-500-109,Top,Octo,0
2016,Sombrero Deep,763-500-160,Bottom,Octo,0
2016,Sombrero Deep,763-500-160,Top,Octo,0
2016,Sombrero Deep,763-500-198,Bottom,Octo,0
2016,Sombrero Deep,763-500-198,Top,Octo,0
2016,Sombrero Deep,764-100-017,Bottom,Octo,0
2016,Sombrero Deep,764-100-017,Top,Octo,0
2016,Sombrero Deep,764-100-081,Bottom,Octo,0
2016,Sombrero Deep,764-100-081,Top,Octo,0
2016,Sombrero Deep,764-100-137,Bottom,Octo,0
2016,Sombrero Deep,764-100-137,Top,Octo,0
2016,Sombrero Deep,764-100-185,Bottom,Octo,0
2016,Sombrero Deep,764-100-185,Top,Octo,0
2016,Sombrero Deep,764-500-012,Bottom,Octo,0
2016,Sombrero Deep,764-500-012,Top,Octo,0
2016,Sombrero Deep,764-500-092,Bottom,Octo,0
2016,Sombrero Deep,764-500-092,Top,Octo,0
2016,Sombrero Deep,764-500-111,Bottom,Octo,0
2016,Sombrero Deep,764-500-111,Top,Octo,0
2016,Sombrero Deep,764-500-188,Bottom,Octo,0
2016,Sombrero Deep,764-500-188,Top,Octo,0
2016,Western Sambo Deep,791-100-012,Bottom,Octo,0
2016,Western Sambo Deep,791-100-012,Top,Octo,0
2016,Western Sambo Deep,791-100-047,Bottom,Octo,0
2016,Western Sambo Deep,791-100-047,Top,Octo,0
2016,Western Sambo Deep,791-100-122,Bottom,Octo,0
2016,Western Sambo Deep,791-100-122,Top,Octo,0
2016,Western Sambo Deep,791-100-197,Bottom,Octo,0
2016,Western Sambo Deep,791-100-197,Top,Octo,0
2016,Western Sambo Deep,791-500-013,Bottom,Octo,0
2016,Western Sambo Deep,791-500-013,Top,Octo,0
2016,Western Sambo Deep,791-500-038,Bottom,Octo,0
2016,Western Sambo Deep,791-500-038,Top,Octo,0
2016,Western Sambo Deep,791-500-156,Bottom,Octo,0
2016,Western Sambo Deep,791-500-156,Top,Octo,0
2016,Western Sambo Deep,791-500-199,Bottom,Octo,0
2016,Western Sambo Deep,791-500-199,Top,Octo,0
2016,Western Sambo Deep,792-100-028,Bottom,Octo,0
2016,Western Sambo Deep,792-100-028,Top,Octo,0
2016,Western Sambo Deep,792-100-039,Bottom,Octo,0
2016,Western Sambo Deep,792-100-039,Top,Octo,0
2016,Western Sambo Deep,792-100-106,Bottom,Octo,0
2016,Western Sambo Deep,792-100-106,Top,Octo,0
2016,Western Sambo Deep,792-100-142,Bottom,Octo,0
2016,Western Sambo Deep,792-100-142,Top,Octo,0
2016,Western Sambo Deep,792-500-051,Bottom,Octo,0
2016,Western Sambo Deep,792-500-051,Top,Octo,0
2016,Western Sambo Deep,792-500-079,Bottom,Octo,0
2016,Western Sambo Deep,792-500-079,Top,Octo,0
2016,Western Sambo Deep,792-500-102,Bottom,Octo,0
2016,Western Sambo Deep,792-500-102,Top,Octo,0
2016,Western Sambo Deep,792-500-190,Bottom,Octo,0
2016,Western Sambo Deep,792-500-190,Top,Octo,0
2016,Western Sambo Deep,793-100-019,Bottom,Octo,0
2016,Western Sambo Deep,793-100-019,Top,Octo,0
2016,Western Sambo Deep,793-100-048,Bottom,Octo,0
2016,Western Sambo Deep,793-100-048,Top,Octo,0
2016,Western Sambo Deep,793-100-066,Bottom,Octo,0
2016,Western Sambo Deep,793-100-066,Top,Octo,0
2016,Western Sambo Deep,793-100-140,Bottom,Octo,0
2016,Western Sambo Deep,793-100-140,Top,Octo,0
2016,Western Sambo Deep,793-500-078,Bottom,Octo,0
2016,Western Sambo Deep,793-500-078,Top,Octo,0
2016,Western Sambo Deep,793-500-098,Bottom,Octo,0
2016,Western Sambo Deep,793-500-098,Top,Octo,0
2016,Western Sambo Deep,793-500-172,Bottom,Octo,0
2016,Western Sambo Deep,793-500-172,Top,Octo,0
2016,Western Sambo Deep,793-500-210,Bottom,Octo,0
2016,Western Sambo Deep,793-500-210,Top,Octo,0
2016,Western Sambo Deep,794-100-008,Bottom,Octo,0
2016,Western Sambo Deep,794-100-008,Top,Octo,0
2016,Western Sambo Deep,794-100-061,Bottom,Octo,0
2016,Western Sambo Deep,794-100-061,Top,Octo,0
2016,Western Sambo Deep,794-100-156,Bottom,Octo,0
2016,Western Sambo Deep,794-100-156,Top,Octo,0
2016,Western Sambo Deep,794-100-199,Bottom,Octo,0
2016,Western Sambo Deep,794-100-199,Top,Octo,0
2016,Western Sambo Deep,794-500-058,Bottom,Octo,0
2016,Western Sambo Deep,794-500-058,Top,Octo,0
2016,Western Sambo Deep,794-500-122,Bottom,Octo,0
2016,Western Sambo Deep,794-500-122,Top,Octo,0
2016,Western Sambo Deep,794-500-136,Bottom,Octo,0
2016,Western Sambo Deep,794-500-136,Top,Octo,0
2016,Western Sambo Deep,794-500-199,Bottom,Octo,0
2016,Western Sambo Deep,794-500-199,Top,Octo,0
2016,Sand Key Deep,811-100-019,Bottom,Octo,0
2016,Sand Key Deep,811-100-019,Top,Octo,0
2016,Sand Key Deep,811-100-103,Bottom,Octo,0
2016,Sand Key Deep,811-100-103,Top,Octo,0
2016,Sand Key Deep,811-100-119,Bottom,Octo,0
2016,Sand Key Deep,811-100-119,Top,Octo,0
2016,Sand Key Deep,811-100-197,Bottom,Octo,0
2016,Sand Key Deep,811-100-197,Top,Octo,0
2016,Sand Key Deep,811-500-074,Bottom,Octo,0
2016,Sand Key Deep,811-500-074,Top,Octo,0
2016,Sand Key Deep,811-500-114,Bottom,Octo,0
2016,Sand Key Deep,811-500-114,Top,Octo,0
2016,Sand Key Deep,811-500-155,Bottom,Octo,0
2016,Sand Key Deep,811-500-155,Top,Octo,0
2016,Sand Key Deep,811-500-197,Bottom,Octo,0
2016,Sand Key Deep,811-500-197,Top,Octo,0
2016,Sand Key Deep,812-100-018,Bottom,Octo,0
2016,Sand Key Deep,812-100-018,Top,Octo,0
2016,Sand Key Deep,812-100-041,Bottom,Octo,0
2016,Sand Key Deep,812-100-041,Top,Octo,0
2016,Sand Key Deep,812-100-112,Bottom,Octo,0
2016,Sand Key Deep,812-100-112,Top,Octo,0
2016,Sand Key Deep,812-100-168,Bottom,Octo,0
2016,Sand Key Deep,812-100-168,Top,Octo,0
2016,Sand Key Deep,812-500-029,Bottom,Octo,0
2016,Sand Key Deep,812-500-029,Top,Octo,0
2016,Sand Key Deep,812-500-132,Bottom,Octo,0
2016,Sand Key Deep,812-500-132,Top,Octo,0
2016,Sand Key Deep,812-500-180,Bottom,Octo,0
2016,Sand Key Deep,812-500-180,Top,Octo,0
2016,Sand Key Deep,812-500-212,Bottom,Octo,0
2016,Sand Key Deep,812-500-212,Top,Octo,0
2016,Sand Key Deep,813-100-030,Bottom,Octo,0
2016,Sand Key Deep,813-100-030,Top,Octo,0
2016,Sand Key Deep,813-100-063,Bottom,Octo,0
2016,Sand Key Deep,813-100-063,Top,Octo,0
2016,Sand Key Deep,813-100-132,Bottom,Octo,0
2016,Sand Key Deep,813-100-132,Top,Octo,0
2016,Sand Key Deep,813-100-169,Bottom,Octo,0
2016,Sand Key Deep,813-100-169,Top,Octo,0
2016,Sand Key Deep,813-500-041,Bottom,Octo,0
2016,Sand Key Deep,813-500-041,Top,Octo,0
2016,Sand Key Deep,813-500-085,Bottom,Octo,0
2016,Sand Key Deep,813-500-085,Top,Octo,0
2016,Sand Key Deep,813-500-156,Bottom,Octo,0
2016,Sand Key Deep,813-500-156,Top,Octo,0
2016,Sand Key Deep,813-500-218,Bottom,Octo,0
2016,Sand Key Deep,813-500-218,Top,Octo,0
2016,Sand Key Deep,814-100-016,Bottom,Octo,0
2016,Sand Key Deep,814-100-016,Top,Octo,0
2016,Sand Key Deep,814-100-044,Bottom,Octo,0
2016,Sand Key Deep,814-100-044,Top,Octo,0
2016,Sand Key Deep,814-100-099,Bottom,Octo,0
2016,Sand Key Deep,814-100-099,Top,Octo,0
2016,Sand Key Deep,814-100-178,Bottom,Octo,0
2016,Sand Key Deep,814-100-178,Top,Octo,0
2016,Sand Key Deep,814-500-027,Bottom,Octo,0
2016,Sand Key Deep,814-500-027,Top,Octo,0
2016,Sand Key Deep,814-500-054,Bottom,Octo,0
2016,Sand Key Deep,814-500-054,Top,Octo,0
2016,Sand Key Deep,814-500-117,Bottom,Octo,0
2016,Sand Key Deep,814-500-117,Top,Octo,0
2016,Sand Key Deep,814-500-178,Bottom,Octo,0
2016,Sand Key Deep,814-500-178,Top,Octo,0
2016,Sand Key Shallow,SKS3-500-7,Bottom,Octo,0
2016,Sand Key Shallow,SKS3-500-7,Top,Octo,0
2016,Sand Key Shallow,SKS4-500-7,Bottom,Octo,0
2016,Sand Key Shallow,SKS4-500-7,Top,Octo,0
2017,Red Dun,261-100-010,Top,Octo,0
2017,Red Dun,261-100-010,Bottom,Octo,0
2017,Red Dun,261-100-069,Top,Octo,0
2017,Red Dun,261-100-069,Bottom,Octo,0
2017,Red Dun,261-100-093,Top,Octo,0
2017,Red Dun,261-100-093,Bottom,Octo,0
2017,Red Dun,261-100-197,Top,Octo,0
2017,Red Dun,261-100-197,Bottom,Octo,0
2017,Red Dun,261-500-066,Top,Octo,0
2017,Red Dun,261-500-066,Bottom,Octo,0
2017,Red Dun,261-500-076,Top,Octo,0
2017,Red Dun,261-500-076,Bottom,Octo,0
2017,Red Dun,261-500-148,Top,Octo,0
2017,Red Dun,261-500-148,Bottom,Octo,0
2017,Red Dun,261-500-196,Top,Octo,0
2017,Red Dun,261-500-196,Bottom,Octo,0
2017,Red Dun,262-100-006,Top,Octo,0
2017,Red Dun,262-100-006,Bottom,Octo,0
2017,Red Dun,262-100-051,Top,Octo,0
2017,Red Dun,262-100-051,Bottom,Octo,0
2017,Red Dun,262-100-088,Top,Octo,0
2017,Red Dun,262-100-088,Bottom,Octo,0
2017,Red Dun,262-100-137,Top,Octo,0
2017,Red Dun,262-100-137,Bottom,Octo,0
2017,Red Dun,262-500-040,Top,Octo,0
2017,Red Dun,262-500-040,Bottom,Octo,0
2017,Red Dun,262-500-069,Top,Octo,0
2017,Red Dun,262-500-069,Bottom,Octo,0
2017,Red Dun,262-500-115,Top,Octo,0
2017,Red Dun,262-500-115,Bottom,Octo,0
2017,Red Dun,262-500-219,Top,Octo,0
2017,Red Dun,262-500-219,Bottom,Octo,0
2017,Red Dun,263-100-000,Top,Octo,0
2017,Red Dun,263-100-000,Bottom,Octo,0
2017,Red Dun,263-100-028,Top,Octo,0
2017,Red Dun,263-100-028,Bottom,Octo,0
2017,Red Dun,263-100-083,Top,Octo,0
2017,Red Dun,263-100-083,Bottom,Octo,0
2017,Red Dun,263-100-181,Top,Octo,0
2017,Red Dun,263-100-181,Bottom,Octo,0
2017,Red Dun,263-500-015,Top,Octo,0
2017,Red Dun,263-500-015,Bottom,Octo,0
2017,Red Dun,263-500-118,Top,Octo,0
2017,Red Dun,263-500-118,Bottom,Octo,0
2017,Red Dun,263-500-137,Top,Octo,0
2017,Red Dun,263-500-137,Bottom,Octo,0
2017,Red Dun,263-500-158,Top,Octo,0
2017,Red Dun,263-500-158,Bottom,Octo,0
2017,Red Dun,264-100-025,Top,Octo,0
2017,Red Dun,264-100-025,Bottom,Octo,0
2017,Red Dun,264-100-069,Top,Octo,0
2017,Red Dun,264-100-069,Bottom,Octo,0
2017,Red Dun,264-100-091,Top,Octo,0
2017,Red Dun,264-100-091,Bottom,Octo,0
2017,Red Dun,264-100-133,Top,Octo,0
2017,Red Dun,264-100-133,Bottom,Octo,0
2017,Red Dun,264-500-016,Top,Octo,0
2017,Red Dun,264-500-016,Bottom,Octo,0
2017,Red Dun,264-500-033,Top,Octo,0
2017,Red Dun,264-500-033,Bottom,Octo,0
2017,Red Dun,264-500-147,Top,Octo,0
2017,Red Dun,264-500-147,Bottom,Octo,0
2017,Red Dun,264-500-172,Top,Octo,0
2017,Red Dun,264-500-172,Bottom,Octo,0
2017,Porter Patch,321-100-017,Top,Octo,0
2017,Porter Patch,321-100-017,Bottom,Octo,0
2017,Porter Patch,321-100-058,Top,Octo,0
2017,Porter Patch,321-100-058,Bottom,Octo,0
2017,Porter Patch,321-100-136,Top,Octo,0
2017,Porter Patch,321-100-136,Bottom,Octo,0
2017,Porter Patch,321-100-163,Top,Octo,0
2017,Porter Patch,321-100-163,Bottom,Octo,0
2017,Porter Patch,321-500-024,Top,Octo,0
2017,Porter Patch,321-500-024,Bottom,Octo,0
2017,Porter Patch,321-500-049,Top,Octo,0
2017,Porter Patch,321-500-049,Bottom,Octo,0
2017,Porter Patch,321-500-085,Top,Octo,0
2017,Porter Patch,321-500-085,Bottom,Octo,0
2017,Porter Patch,321-500-212,Top,Octo,0
2017,Porter Patch,321-500-212,Bottom,Octo,0
2017,Porter Patch,322-100-026,Bottom,Octo,0
2017,Porter Patch,322-100-026,Top,Octo,0
2017,Porter Patch,322-100-068,Bottom,Octo,0
2017,Porter Patch,322-100-068,Top,Octo,0
2017,Porter Patch,322-100-118,Top,Octo,0
2017,Porter Patch,322-100-118,Bottom,Octo,0
2017,Porter Patch,322-100-202,Top,Octo,0
2017,Porter Patch,322-100-202,Bottom,Octo,0
2017,Porter Patch,322-100-223,Top,Octo,0
2017,Porter Patch,322-100-223,Bottom,Octo,0
2017,Porter Patch,322-500-059,Top,Octo,0
2017,Porter Patch,322-500-059,Bottom,Octo,0
2017,Porter Patch,322-500-070,Top,Octo,0
2017,Porter Patch,322-500-070,Bottom,Octo,0
2017,Porter Patch,322-500-091,Top,Octo,0
2017,Porter Patch,322-500-091,Bottom,Octo,0
2017,Porter Patch,323-100-021,Top,Octo,0
2017,Porter Patch,323-100-021,Bottom,Octo,0
2017,Porter Patch,323-100-072,Bottom,Octo,1
2017,Porter Patch,323-100-072,Top,Octo,0
2017,Porter Patch,323-100-115,Top,Octo,0
2017,Porter Patch,323-100-115,Bottom,Octo,0
2017,Porter Patch,323-100-126,Top,Octo,0
2017,Porter Patch,323-100-126,Bottom,Octo,0
2017,Porter Patch,323-100-223,Top,Octo,0
2017,Porter Patch,323-100-223,Bottom,Octo,0
2017,Porter Patch,323-500-064,Top,Octo,0
2017,Porter Patch,323-500-064,Bottom,Octo,0
2017,Porter Patch,323-500-144,Top,Octo,0
2017,Porter Patch,323-500-144,Bottom,Octo,0
2017,Porter Patch,323-500-156,Top,Octo,0
2017,Porter Patch,323-500-156,Bottom,Octo,0
2017,Porter Patch,324-100-022,Bottom,Octo,0
2017,Porter Patch,324-100-022,Top,Octo,0
2017,Porter Patch,324-100-046,Bottom,Octo,0
2017,Porter Patch,324-100-046,Top,Octo,0
2017,Porter Patch,324-100-095,Top,Octo,0
2017,Porter Patch,324-100-095,Bottom,Octo,0
2017,Porter Patch,324-100-199,Top,Octo,0
2017,Porter Patch,324-100-199,Bottom,Octo,0
2017,Porter Patch,324-500-035,Top,Octo,0
2017,Porter Patch,324-500-035,Bottom,Octo,0
2017,Porter Patch,324-500-064,Top,Octo,0
2017,Porter Patch,324-500-064,Bottom,Octo,0
2017,Porter Patch,324-500-158,Top,Octo,0
2017,Porter Patch,324-500-158,Bottom,Octo,0
2017,Porter Patch,324-500-209,Top,Octo,0
2017,Porter Patch,324-500-209,Bottom,Octo,0
2017,Admiral Patch,331-100-098,Top,Octo,0
2017,Admiral Patch,331-100-098,Bottom,Octo,0
2017,Admiral Patch,331-100-139,Top,Octo,0
2017,Admiral Patch,331-100-139,Bottom,Octo,0
2017,Admiral Patch,331-100-183,Top,Octo,0
2017,Admiral Patch,331-100-183,Bottom,Octo,0
2017,Admiral Patch,331-500-012,Top,Octo,0
2017,Admiral Patch,331-500-012,Bottom,Octo,0
2017,Admiral Patch,331-500-033,Top,Octo,0
2017,Admiral Patch,331-500-033,Bottom,Octo,0
2017,Admiral Patch,331-500-104,Top,Octo,0
2017,Admiral Patch,331-500-104,Bottom,Octo,0
2017,Admiral Patch,331-500-180,Top,Octo,0
2017,Admiral Patch,331-500-180,Bottom,Octo,0
2017,Admiral Patch,331-500-221,Top,Octo,1
2017,Admiral Patch,331-500-221,Bottom,Octo,0
2017,Admiral Patch,332-100-024,Top,Octo,0
2017,Admiral Patch,332-100-024,Bottom,Octo,0
2017,Admiral Patch,332-100-094,Top,Octo,0
2017,Admiral Patch,332-100-094,Bottom,Octo,0
2017,Admiral Patch,332-100-102,Top,Octo,0
2017,Admiral Patch,332-100-102,Bottom,Octo,0
2017,Admiral Patch,332-100-177,Top,Octo,0
2017,Admiral Patch,332-100-177,Bottom,Octo,0
2017,Admiral Patch,332-500-017,Top,Octo,0
2017,Admiral Patch,332-500-017,Bottom,Octo,0
2017,Admiral Patch,332-500-081,Bottom,Octo,0
2017,Admiral Patch,332-500-081,Top,Octo,0
2017,Admiral Patch,332-500-094,Top,Octo,0
2017,Admiral Patch,332-500-094,Bottom,Octo,0
2017,Admiral Patch,332-500-154,Top,Octo,0
2017,Admiral Patch,332-500-154,Bottom,Octo,0
2017,Admiral Patch,333-100-060,Top,Octo,0
2017,Admiral Patch,333-100-060,Bottom,Octo,0
2017,Admiral Patch,333-100-084,Top,Octo,0
2017,Admiral Patch,333-100-084,Bottom,Octo,0
2017,Admiral Patch,333-100-091,Top,Octo,0
2017,Admiral Patch,333-100-091,Bottom,Octo,0
2017,Admiral Patch,333-100-192,Top,Octo,0
2017,Admiral Patch,333-100-192,Bottom,Octo,0
2017,Admiral Patch,333-500-022,Top,Octo,0
2017,Admiral Patch,333-500-022,Bottom,Octo,0
2017,Admiral Patch,333-500-111,Top,Octo,0
2017,Admiral Patch,333-500-111,Bottom,Octo,0
2017,Admiral Patch,333-500-154,Top,Octo,0
2017,Admiral Patch,333-500-154,Bottom,Octo,0
2017,Admiral Patch,333-500-195,Top,Octo,0
2017,Admiral Patch,333-500-195,Bottom,Octo,0
2017,Admiral Patch,334-100-034,Top,Octo,0
2017,Admiral Patch,334-100-034,Bottom,Octo,0
2017,Admiral Patch,334-100-067,Top,Octo,0
2017,Admiral Patch,334-100-067,Bottom,Octo,0
2017,Admiral Patch,334-100-139,Top,Octo,0
2017,Admiral Patch,334-100-139,Bottom,Octo,0
2017,Admiral Patch,334-100-194,Top,Octo,0
2017,Admiral Patch,334-100-194,Bottom,Octo,0
2017,Admiral Patch,334-500-021,Top,Octo,0
2017,Admiral Patch,334-500-021,Bottom,Octo,0
2017,Admiral Patch,334-500-067,Top,Octo,0
2017,Admiral Patch,334-500-067,Bottom,Octo,0
2017,Admiral Patch,334-500-134,Top,Octo,0
2017,Admiral Patch,334-500-134,Bottom,Octo,0
2017,Admiral Patch,334-500-222,Top,Octo,0
2017,Admiral Patch,334-500-222,Bottom,Octo,0
2017,West Turtle Shoals,341-100-062,Bottom,Octo,0
2017,West Turtle Shoals,341-100-062,Top,Octo,0
2017,West Turtle Shoals,341-100-096,Top,Octo,0
2017,West Turtle Shoals,341-100-096,Bottom,Octo,0
2017,West Turtle Shoals,341-100-116,Top,Octo,0
2017,West Turtle Shoals,341-100-116,Bottom,Octo,0
2017,West Turtle Shoals,341-100-162,Top,Octo,0
2017,West Turtle Shoals,341-100-162,Bottom,Octo,0
2017,West Turtle Shoals,341-500-049,Top,Octo,0
2017,West Turtle Shoals,341-500-049,Bottom,Octo,0
2017,West Turtle Shoals,341-500-078,Top,Octo,0
2017,West Turtle Shoals,341-500-078,Bottom,Octo,0
2017,West Turtle Shoals,341-500-088,Top,Octo,0
2017,West Turtle Shoals,341-500-088,Bottom,Octo,0
2017,West Turtle Shoals,341-500-230,Bottom,Octo,0
2017,West Turtle Shoals,341-500-230,Top,Octo,0
2017,West Turtle Shoals,342-100-003,Top,Octo,0
2017,West Turtle Shoals,342-100-003,Bottom,Octo,0
2017,West Turtle Shoals,342-100-033,Top,Octo,0
2017,West Turtle Shoals,342-100-033,Bottom,Octo,0
2017,West Turtle Shoals,342-100-156,Top,Octo,0
2017,West Turtle Shoals,342-100-156,Bottom,Octo,0
2017,West Turtle Shoals,342-100-199,Top,Octo,0
2017,West Turtle Shoals,342-100-199,Bottom,Octo,0
2017,West Turtle Shoals,342-500-023,Bottom,Octo,0
2017,West Turtle Shoals,342-500-023,Top,Octo,0
2017,West Turtle Shoals,342-500-061,Top,Octo,2
2017,West Turtle Shoals,342-500-061,Bottom,Octo,0
2017,West Turtle Shoals,342-500-134,Top,Octo,0
2017,West Turtle Shoals,342-500-134,Bottom,Octo,0
2017,West Turtle Shoals,342-500-205,Top,Octo,0
2017,West Turtle Shoals,342-500-205,Bottom,Octo,0
2017,West Turtle Shoals,343-100-008,Top,Octo,0
2017,West Turtle Shoals,343-100-008,Bottom,Octo,0
2017,West Turtle Shoals,343-100-023,Top,Octo,0
2017,West Turtle Shoals,343-100-023,Bottom,Octo,0
2017,West Turtle Shoals,343-100-146,Top,Octo,0
2017,West Turtle Shoals,343-100-146,Bottom,Octo,0
2017,West Turtle Shoals,343-100-193,Top,Octo,0
2017,West Turtle Shoals,343-100-193,Bottom,Octo,0
2017,West Turtle Shoals,343-500-008,Top,Octo,0
2017,West Turtle Shoals,343-500-008,Bottom,Octo,0
2017,West Turtle Shoals,343-500-045,Top,Octo,1
2017,West Turtle Shoals,343-500-045,Bottom,Octo,0
2017,West Turtle Shoals,343-500-094,Bottom,Octo,0
2017,West Turtle Shoals,343-500-094,Top,Octo,0
2017,West Turtle Shoals,343-500-201,Bottom,Octo,0
2017,West Turtle Shoals,343-500-201,Top,Octo,0
2017,West Turtle Shoals,344-100-060,Top,Octo,0
2017,West Turtle Shoals,344-100-060,Bottom,Octo,0
2017,West Turtle Shoals,344-100-116,Top,Octo,0
2017,West Turtle Shoals,344-100-116,Bottom,Octo,0
2017,West Turtle Shoals,344-100-132,Top,Octo,0
2017,West Turtle Shoals,344-100-132,Bottom,Octo,0
2017,West Turtle Shoals,344-100-180,Top,Octo,0
2017,West Turtle Shoals,344-100-180,Bottom,Octo,0
2017,West Turtle Shoals,344-500-035,Bottom,Octo,5
2017,West Turtle Shoals,344-500-035,Top,Octo,0
2017,West Turtle Shoals,344-500-076,Top,Octo,0
2017,West Turtle Shoals,344-500-076,Bottom,Octo,0
2017,West Turtle Shoals,344-500-103,Top,Octo,1
2017,West Turtle Shoals,344-500-103,Bottom,Octo,0
2017,West Turtle Shoals,344-500-187,Top,Octo,0
2017,West Turtle Shoals,344-500-187,Bottom,Octo,0
2017,Dustan Rocks,351-100-112,Top,Octo,0
2017,Dustan Rocks,351-100-112,Bottom,Octo,0
2017,Dustan Rocks,351-100-157,Top,Octo,0
2017,Dustan Rocks,351-100-157,Bottom,Octo,0
2017,Dustan Rocks,351-100-192,Top,Octo,0
2017,Dustan Rocks,351-100-192,Bottom,Octo,0
2017,Dustan Rocks,351-500-011,Top,Octo,0
2017,Dustan Rocks,351-500-011,Bottom,Octo,0
2017,Dustan Rocks,351-500-083,Top,Octo,0
2017,Dustan Rocks,351-500-083,Bottom,Octo,0
2017,Dustan Rocks,351-500-139,Top,Octo,0
2017,Dustan Rocks,351-500-139,Bottom,Octo,0
2017,Dustan Rocks,351-500-154,Top,Octo,0
2017,Dustan Rocks,351-500-154,Bottom,Octo,0
2017,Dustan Rocks,352-100-027,Top,Octo,0
2017,Dustan Rocks,352-100-027,Bottom,Octo,0
2017,Dustan Rocks,352-100-120,Top,Octo,0
2017,Dustan Rocks,352-100-120,Bottom,Octo,0
2017,Dustan Rocks,352-100-139,Top,Octo,0
2017,Dustan Rocks,352-100-139,Bottom,Octo,0
2017,Dustan Rocks,352-100-208,Top,Octo,0
2017,Dustan Rocks,352-100-208,Bottom,Octo,0
2017,Dustan Rocks,352-500-035,Top,Octo,0
2017,Dustan Rocks,352-500-035,Bottom,Octo,0
2017,Dustan Rocks,352-500-117,Top,Octo,0
2017,Dustan Rocks,352-500-117,Bottom,Octo,0
2017,Dustan Rocks,352-500-150,Top,Octo,0
2017,Dustan Rocks,352-500-150,Bottom,Octo,0
2017,Dustan Rocks,352-500-218,Top,Octo,0
2017,Dustan Rocks,352-500-218,Bottom,Octo,0
2017,Dustan Rocks,353-100-016,Top,Octo,0
2017,Dustan Rocks,353-100-016,Bottom,Octo,0
2017,Dustan Rocks,353-100-071,Top,Octo,1
2017,Dustan Rocks,353-100-071,Bottom,Octo,0
2017,Dustan Rocks,353-100-185,Top,Octo,0
2017,Dustan Rocks,353-100-185,Bottom,Octo,0
2017,Dustan Rocks,353-100-206,Top,Octo,0
2017,Dustan Rocks,353-100-206,Bottom,Octo,0
2017,Dustan Rocks,353-500-000,Top,Octo,0
2017,Dustan Rocks,353-500-000,Bottom,Octo,0
2017,Dustan Rocks,353-500-047,Top,Octo,0
2017,Dustan Rocks,353-500-047,Bottom,Octo,0
2017,Dustan Rocks,353-500-083,Top,Octo,0
2017,Dustan Rocks,353-500-083,Bottom,Octo,0
2017,Dustan Rocks,353-500-194,Top,Octo,0
2017,Dustan Rocks,353-500-194,Bottom,Octo,0
2017,Dustan Rocks,354-100-032,Top,Octo,0
2017,Dustan Rocks,354-100-032,Bottom,Octo,0
2017,Dustan Rocks,354-100-045,Bottom,Octo,0
2017,Dustan Rocks,354-100-103,Top,Octo,0
2017,Dustan Rocks,354-100-103,Bottom,Octo,0
2017,Dustan Rocks,354-100-144,Top,Octo,0
2017,Dustan Rocks,354-100-144,Bottom,Octo,0
2017,Dustan Rocks,354-500-043,Top,Octo,0
2017,Dustan Rocks,354-500-043,Bottom,Octo,0
2017,Dustan Rocks,354-500-054,Top,Octo,0
2017,Dustan Rocks,354-500-054,Bottom,Octo,0
2017,Dustan Rocks,354-500-185,Top,Octo,0
2017,Dustan Rocks,354-500-185,Bottom,Octo,0
2017,Dustan Rocks,354-500-202,Top,Octo,0
2017,Dustan Rocks,354-500-202,Bottom,Octo,0
2017,West Washerwoman,361-100-046,Top,Octo,0
2017,West Washerwoman,361-100-046,Bottom,Octo,0
2017,West Washerwoman,361-100-089,Top,Octo,0
2017,West Washerwoman,361-100-089,Bottom,Octo,0
2017,West Washerwoman,361-100-140,Top,Octo,0
2017,West Washerwoman,361-100-140,Bottom,Octo,0
2017,West Washerwoman,361-100-188,Top,Octo,0
2017,West Washerwoman,361-100-188,Bottom,Octo,0
2017,West Washerwoman,361-500-019,Top,Octo,0
2017,West Washerwoman,361-500-019,Bottom,Octo,0
2017,West Washerwoman,361-500-073,Top,Octo,0
2017,West Washerwoman,361-500-073,Bottom,Octo,0
2017,West Washerwoman,361-500-159,Top,Octo,0
2017,West Washerwoman,361-500-159,Bottom,Octo,0
2017,West Washerwoman,361-500-169,Top,Octo,0
2017,West Washerwoman,361-500-169,Bottom,Octo,0
2017,West Washerwoman,362-100-059,Top,Octo,0
2017,West Washerwoman,362-100-059,Bottom,Octo,0
2017,West Washerwoman,362-100-091,Top,Octo,0
2017,West Washerwoman,362-100-091,Bottom,Octo,0
2017,West Washerwoman,362-100-109,Top,Octo,0
2017,West Washerwoman,362-100-109,Bottom,Octo,0
2017,West Washerwoman,362-100-130,Top,Octo,0
2017,West Washerwoman,362-100-130,Bottom,Octo,0
2017,West Washerwoman,362-500-058,Top,Octo,0
2017,West Washerwoman,362-500-058,Bottom,Octo,0
2017,West Washerwoman,362-500-145,Top,Octo,0
2017,West Washerwoman,362-500-145,Bottom,Octo,0
2017,West Washerwoman,362-500-157,Top,Octo,0
2017,West Washerwoman,362-500-157,Bottom,Octo,0
2017,West Washerwoman,362-500-213,Top,Octo,0
2017,West Washerwoman,362-500-213,Bottom,Octo,0
2017,West Washerwoman,363-100-055,Top,Octo,0
2017,West Washerwoman,363-100-055,Bottom,Octo,0
2017,West Washerwoman,363-100-072,Top,Octo,0
2017,West Washerwoman,363-100-072,Bottom,Octo,0
2017,West Washerwoman,363-100-137,Top,Octo,0
2017,West Washerwoman,363-100-137,Bottom,Octo,0
2017,West Washerwoman,363-100-167,Top,Octo,0
2017,West Washerwoman,363-100-167,Bottom,Octo,0
2017,West Washerwoman,363-500-032,Top,Octo,0
2017,West Washerwoman,363-500-032,Bottom,Octo,0
2017,West Washerwoman,363-500-115,Top,Octo,0
2017,West Washerwoman,363-500-115,Bottom,Octo,0
2017,West Washerwoman,363-500-152,Top,Octo,0
2017,West Washerwoman,363-500-152,Bottom,Octo,0
2017,West Washerwoman,363-500-207,Top,Octo,0
2017,West Washerwoman,363-500-207,Bottom,Octo,0
2017,West Washerwoman,364-100-027,Top,Octo,0
2017,West Washerwoman,364-100-027,Bottom,Octo,0
2017,West Washerwoman,364-100-091,Top,Octo,0
2017,West Washerwoman,364-100-091,Bottom,Octo,0
2017,West Washerwoman,364-100-125,Top,Octo,0
2017,West Washerwoman,364-100-125,Bottom,Octo,0
2017,West Washerwoman,364-100-194,Top,Octo,0
2017,West Washerwoman,364-100-194,Bottom,Octo,0
2017,West Washerwoman,364-500-104,Top,Octo,0
2017,West Washerwoman,364-500-104,Bottom,Octo,0
2017,West Washerwoman,364-500-120,Top,Octo,0
2017,West Washerwoman,364-500-120,Bottom,Octo,0
2017,West Washerwoman,364-500-170,Top,Octo,0
2017,West Washerwoman,364-500-170,Bottom,Octo,0
2017,West Washerwoman,364-500-198,Top,Octo,0
2017,West Washerwoman,364-500-198,Bottom,Octo,0
2017,Carysfort Shallow,501-100-010,Bottom,Octo,4
2017,Carysfort Shallow,501-100-010,Top,Octo,0
2017,Carysfort Shallow,501-100-038,Top,Octo,0
2017,Carysfort Shallow,501-100-038,Bottom,Octo,0
2017,Carysfort Shallow,501-100-137,Top,Octo,0
2017,Carysfort Shallow,501-100-137,Bottom,Octo,0
2017,Carysfort Shallow,501-100-159,Top,Octo,0
2017,Carysfort Shallow,501-100-159,Bottom,Octo,0
2017,Carysfort Shallow,501-500-016,Bottom,Octo,0
2017,Carysfort Shallow,501-500-016,Top,Octo,0
2017,Carysfort Shallow,501-500-034,Bottom,Octo,0
2017,Carysfort Shallow,501-500-034,Top,Octo,0
2017,Carysfort Shallow,501-500-084,Top,Octo,0
2017,Carysfort Shallow,501-500-084,Bottom,Octo,0
2017,Carysfort Shallow,501-500-108,Top,Octo,0
2017,Carysfort Shallow,501-500-108,Bottom,Octo,0
2017,Carysfort Shallow,502-100-044,Top,Octo,0
2017,Carysfort Shallow,502-100-044,Bottom,Octo,0
2017,Carysfort Shallow,502-100-126,Top,Octo,0
2017,Carysfort Shallow,502-100-126,Bottom,Octo,0
2017,Carysfort Shallow,502-100-144,Top,Octo,0
2017,Carysfort Shallow,502-100-144,Bottom,Octo,0
2017,Carysfort Shallow,502-100-181,Top,Octo,0
2017,Carysfort Shallow,502-100-181,Bottom,Octo,0
2017,Carysfort Shallow,502-500-028,Top,Octo,0
2017,Carysfort Shallow,502-500-028,Bottom,Octo,0
2017,Carysfort Shallow,502-500-045,Top,Octo,0
2017,Carysfort Shallow,502-500-045,Bottom,Octo,0
2017,Carysfort Shallow,502-500-115,Top,Octo,0
2017,Carysfort Shallow,502-500-115,Bottom,Octo,0
2017,Carysfort Shallow,502-500-160,Top,Octo,0
2017,Carysfort Shallow,502-500-160,Bottom,Octo,0
2017,Carysfort Shallow,503-100-044,Top,Octo,0
2017,Carysfort Shallow,503-100-044,Bottom,Octo,0
2017,Carysfort Shallow,503-100-070,Top,Octo,0
2017,Carysfort Shallow,503-100-070,Bottom,Octo,0
2017,Carysfort Shallow,503-100-089,Top,Octo,0
2017,Carysfort Shallow,503-100-089,Bottom,Octo,0
2017,Carysfort Shallow,503-100-183,Top,Octo,0
2017,Carysfort Shallow,503-100-183,Bottom,Octo,0
2017,Carysfort Shallow,503-500-063,Bottom,Octo,1
2017,Carysfort Shallow,503-500-063,Top,Octo,0
2017,Carysfort Shallow,503-500-092,Top,Octo,0
2017,Carysfort Shallow,503-500-092,Bottom,Octo,0
2017,Carysfort Shallow,503-500-118,Bottom,Octo,1
2017,Carysfort Shallow,503-500-118,Top,Octo,0
2017,Carysfort Shallow,503-500-145,Top,Octo,0
2017,Carysfort Shallow,503-500-145,Bottom,Octo,0
2017,Carysfort Shallow,504-100-019,Top,Octo,0
2017,Carysfort Shallow,504-100-019,Bottom,Octo,0
2017,Carysfort Shallow,504-100-138,Top,Octo,0
2017,Carysfort Shallow,504-100-138,Bottom,Octo,0
2017,Carysfort Shallow,504-100-171,Top,Octo,0
2017,Carysfort Shallow,504-100-171,Bottom,Octo,0
2017,Carysfort Shallow,504-100-184,Top,Octo,0
2017,Carysfort Shallow,504-100-184,Bottom,Octo,0
2017,Carysfort Shallow,504-500-021,Bottom,Octo,4
2017,Carysfort Shallow,504-500-021,Top,Octo,0
2017,Carysfort Shallow,504-500-060,Top,Octo,0
2017,Carysfort Shallow,504-500-060,Bottom,Octo,0
2017,Carysfort Shallow,504-500-159,Top,Octo,0
2017,Carysfort Shallow,504-500-159,Bottom,Octo,0
2017,Carysfort Shallow,504-500-210,Top,Octo,0
2017,Carysfort Shallow,504-500-210,Bottom,Octo,0
2017,Molasses Shallow,521-100-011,Top,Octo,0
2017,Molasses Shallow,521-100-011,Bottom,Octo,0
2017,Molasses Shallow,521-100-027,Top,Octo,0
2017,Molasses Shallow,521-100-027,Bottom,Octo,0
2017,Molasses Shallow,521-100-088,Top,Octo,0
2017,Molasses Shallow,521-100-088,Bottom,Octo,0
2017,Molasses Shallow,521-100-174,Top,Octo,0
2017,Molasses Shallow,521-100-174,Bottom,Octo,0
2017,Molasses Shallow,521-500-025,Top,Octo,0
2017,Molasses Shallow,521-500-025,Bottom,Octo,0
2017,Molasses Shallow,521-500-061,Top,Octo,0
2017,Molasses Shallow,521-500-061,Bottom,Octo,0
2017,Molasses Shallow,521-500-137,Top,Octo,0
2017,Molasses Shallow,521-500-137,Bottom,Octo,0
2017,Molasses Shallow,521-500-205,Top,Octo,0
2017,Molasses Shallow,521-500-205,Bottom,Octo,0
2017,Molasses Shallow,522-100-025,Top,Octo,0
2017,Molasses Shallow,522-100-025,Bottom,Octo,0
2017,Molasses Shallow,522-100-058,Top,Octo,0
2017,Molasses Shallow,522-100-058,Bottom,Octo,0
2017,Molasses Shallow,522-100-091,Bottom,Octo,0
2017,Molasses Shallow,522-100-091,Top,Octo,0
2017,Molasses Shallow,522-100-139,Top,Octo,0
2017,Molasses Shallow,522-100-139,Bottom,Octo,0
2017,Molasses Shallow,522-500-033,Bottom,Octo,0
2017,Molasses Shallow,522-500-033,Top,Octo,0
2017,Molasses Shallow,522-500-063,Top,Octo,0
2017,Molasses Shallow,522-500-063,Bottom,Octo,0
2017,Molasses Shallow,522-500-138,Top,Octo,0
2017,Molasses Shallow,522-500-138,Bottom,Octo,0
2017,Molasses Shallow,522-500-200,Bottom,Octo,0
2017,Molasses Shallow,522-500-200,Top,Octo,0
2017,Molasses Shallow,523-100-003,Bottom,Octo,3
2017,Molasses Shallow,523-100-003,Top,Octo,0
2017,Molasses Shallow,523-100-107,Top,Octo,0
2017,Molasses Shallow,523-100-107,Bottom,Octo,0
2017,Molasses Shallow,523-100-157,Top,Octo,0
2017,Molasses Shallow,523-100-157,Bottom,Octo,0
2017,Molasses Shallow,523-500-023,Bottom,Octo,0
2017,Molasses Shallow,523-500-023,Top,Octo,0
2017,Molasses Shallow,523-500-063,Top,Octo,0
2017,Molasses Shallow,523-500-063,Bottom,Octo,0
2017,Molasses Shallow,523-500-101,Bottom,Octo,2
2017,Molasses Shallow,523-500-101,Top,Octo,0
2017,Molasses Shallow,523-500-167,Top,Octo,0
2017,Molasses Shallow,523-500-167,Bottom,Octo,0
2017,Molasses Shallow,524-100-019,Top,Octo,0
2017,Molasses Shallow,524-100-019,Bottom,Octo,0
2017,Molasses Shallow,524-100-051,Top,Octo,0
2017,Molasses Shallow,524-100-051,Bottom,Octo,0
2017,Molasses Shallow,524-100-132,Bottom,Octo,0
2017,Molasses Shallow,524-100-132,Top,Octo,0
2017,Molasses Shallow,524-100-163,Top,Octo,0
2017,Molasses Shallow,524-100-163,Bottom,Octo,0
2017,Molasses Shallow,524-500-019,Bottom,Octo,2
2017,Molasses Shallow,524-500-019,Top,Octo,0
2017,Molasses Shallow,524-500-036,Top,Octo,0
2017,Molasses Shallow,524-500-036,Bottom,Octo,0
2017,Molasses Shallow,524-500-089,Top,Octo,0
2017,Molasses Shallow,524-500-089,Bottom,Octo,0
2017,Molasses Shallow,524-500-165,Top,Octo,0
2017,Molasses Shallow,524-500-165,Bottom,Octo,0
2017,Tennessee Shallow,551-100-012,Top,Octo,0
2017,Tennessee Shallow,551-100-012,Bottom,Octo,0
2017,Tennessee Shallow,551-100-073,Top,Octo,1
2017,Tennessee Shallow,551-100-073,Bottom,Octo,0
2017,Tennessee Shallow,551-100-133,Top,Octo,0
2017,Tennessee Shallow,551-100-133,Bottom,Octo,0
2017,Tennessee Shallow,551-100-192,Top,Octo,0
2017,Tennessee Shallow,551-100-192,Bottom,Octo,0
2017,Tennessee Shallow,551-500-020,Top,Octo,0
2017,Tennessee Shallow,551-500-020,Bottom,Octo,0
2017,Tennessee Shallow,551-500-088,Top,Octo,0
2017,Tennessee Shallow,551-500-088,Bottom,Octo,0
2017,Tennessee Shallow,551-500-140,Top,Octo,0
2017,Tennessee Shallow,551-500-140,Bottom,Octo,0
2017,Tennessee Shallow,551-500-198,Top,Octo,0
2017,Tennessee Shallow,551-500-198,Bottom,Octo,0
2017,Tennessee Shallow,552-100-012,Top,Octo,0
2017,Tennessee Shallow,552-100-012,Bottom,Octo,0
2017,Tennessee Shallow,552-100-094,Top,Octo,0
2017,Tennessee Shallow,552-100-094,Bottom,Octo,0
2017,Tennessee Shallow,552-100-169,Bottom,Octo,0
2017,Tennessee Shallow,552-100-169,Top,Octo,0
2017,Tennessee Shallow,552-100-217,Bottom,Octo,0
2017,Tennessee Shallow,552-100-217,Top,Octo,0
2017,Tennessee Shallow,552-500-028,Top,Octo,0
2017,Tennessee Shallow,552-500-028,Bottom,Octo,0
2017,Tennessee Shallow,552-500-083,Top,Octo,0
2017,Tennessee Shallow,552-500-083,Bottom,Octo,0
2017,Tennessee Shallow,552-500-106,Top,Octo,0
2017,Tennessee Shallow,552-500-106,Bottom,Octo,0
2017,Tennessee Shallow,552-500-132,Bottom,Octo,0
2017,Tennessee Shallow,552-500-132,Top,Octo,0
2017,Tennessee Shallow,553-100-089,Top,Octo,0
2017,Tennessee Shallow,553-100-089,Bottom,Octo,0
2017,Tennessee Shallow,553-100-133,Top,Octo,0
2017,Tennessee Shallow,553-100-133,Bottom,Octo,0
2017,Tennessee Shallow,553-100-154,Top,Octo,0
2017,Tennessee Shallow,553-100-154,Bottom,Octo,0
2017,Tennessee Shallow,553-100-176,Top,Octo,0
2017,Tennessee Shallow,553-100-176,Bottom,Octo,0
2017,Tennessee Shallow,553-500-030,Top,Octo,0
2017,Tennessee Shallow,553-500-030,Bottom,Octo,0
2017,Tennessee Shallow,553-500-030,Top,Octo,0
2017,Tennessee Shallow,553-500-087,Bottom,Octo,0
2017,Tennessee Shallow,553-500-121,Top,Octo,0
2017,Tennessee Shallow,553-500-121,Bottom,Octo,0
2017,Tennessee Shallow,553-500-160,Top,Octo,0
2017,Tennessee Shallow,553-500-160,Bottom,Octo,0
2017,Tennessee Shallow,554-100-014,Bottom,Octo,1
2017,Tennessee Shallow,554-100-014,Top,Octo,0
2017,Tennessee Shallow,554-100-053,Top,Octo,0
2017,Tennessee Shallow,554-100-053,Bottom,Octo,0
2017,Tennessee Shallow,554-100-102,Top,Octo,0
2017,Tennessee Shallow,554-100-102,Bottom,Octo,0
2017,Tennessee Shallow,554-100-179,Top,Octo,0
2017,Tennessee Shallow,554-100-179,Bottom,Octo,0
2017,Tennessee Shallow,554-500-016,Top,Octo,0
2017,Tennessee Shallow,554-500-016,Bottom,Octo,0
2017,Tennessee Shallow,554-500-049,Top,Octo,0
2017,Tennessee Shallow,554-500-049,Bottom,Octo,0
2017,Tennessee Shallow,554-500-114,Top,Octo,0
2017,Tennessee Shallow,554-500-114,Bottom,Octo,0
2017,Tennessee Shallow,554-500-171,Top,Octo,0
2017,Tennessee Shallow,554-500-171,Bottom,Octo,0
2017,Sombrero Shallow,561-100-028,Top,Octo,0
2017,Sombrero Shallow,561-100-028,Bottom,Octo,0
2017,Sombrero Shallow,561-100-083,Bottom,Octo,0
2017,Sombrero Shallow,561-100-083,Top,Octo,0
2017,Sombrero Shallow,561-100-097,Top,Octo,0
2017,Sombrero Shallow,561-100-097,Bottom,Octo,0
2017,Sombrero Shallow,561-500-083,Top,Octo,0
2017,Sombrero Shallow,561-500-083,Bottom,Octo,0
2017,Sombrero Shallow,561-500-108,Top,Octo,0
2017,Sombrero Shallow,561-500-108,Bottom,Octo,0
2017,Sombrero Shallow,561-500-154,Top,Octo,0
2017,Sombrero Shallow,561-500-154,Bottom,Octo,0
2017,Sombrero Shallow,561-500-195,Top,Octo,0
2017,Sombrero Shallow,561-500-195,Bottom,Octo,0
2017,Sombrero Shallow,562-100-060,Top,Octo,0
2017,Sombrero Shallow,562-100-060,Bottom,Octo,0
2017,Sombrero Shallow,562-100-080,Bottom,Octo,0
2017,Sombrero Shallow,562-100-080,Top,Octo,0
2017,Sombrero Shallow,562-100-117,Top,Octo,0
2017,Sombrero Shallow,562-100-117,Bottom,Octo,0
2017,Sombrero Shallow,562-100-140,Top,Octo,0
2017,Sombrero Shallow,562-100-140,Bottom,Octo,0
2017,Sombrero Shallow,562-500-039,Top,Octo,0
2017,Sombrero Shallow,562-500-039,Bottom,Octo,0
2017,Sombrero Shallow,562-500-077,Top,Octo,0
2017,Sombrero Shallow,562-500-077,Bottom,Octo,0
2017,Sombrero Shallow,562-500-126,Top,Octo,0
2017,Sombrero Shallow,562-500-126,Bottom,Octo,0
2017,Sombrero Shallow,562-500-164,Top,Octo,0
2017,Sombrero Shallow,562-500-164,Bottom,Octo,0
2017,Sombrero Shallow,563-100-013,Top,Octo,0
2017,Sombrero Shallow,563-100-013,Bottom,Octo,0
2017,Sombrero Shallow,563-100-073,Top,Octo,0
2017,Sombrero Shallow,563-100-073,Bottom,Octo,0
2017,Sombrero Shallow,563-100-107,Top,Octo,0
2017,Sombrero Shallow,563-100-107,Bottom,Octo,0
2017,Sombrero Shallow,563-100-179,Top,Octo,0
2017,Sombrero Shallow,563-100-179,Bottom,Octo,0
2017,Sombrero Shallow,563-500-047,Top,Octo,0
2017,Sombrero Shallow,563-500-047,Bottom,Octo,0
2017,Sombrero Shallow,563-500-081,Top,Octo,0
2017,Sombrero Shallow,563-500-081,Bottom,Octo,0
2017,Sombrero Shallow,563-500-125,Top,Octo,0
2017,Sombrero Shallow,563-500-125,Bottom,Octo,0
2017,Sombrero Shallow,563-500-188,Top,Octo,0
2017,Sombrero Shallow,563-500-188,Bottom,Octo,0
2017,Sombrero Shallow,564-100-047,Top,Octo,0
2017,Sombrero Shallow,564-100-047,Bottom,Octo,0
2017,Sombrero Shallow,564-100-071,Top,Octo,0
2017,Sombrero Shallow,564-100-071,Bottom,Octo,0
2017,Sombrero Shallow,564-100-110,Top,Octo,0
2017,Sombrero Shallow,564-100-110,Bottom,Octo,0
2017,Sombrero Shallow,564-100-162,Top,Octo,0
2017,Sombrero Shallow,564-100-162,Bottom,Octo,0
2017,Sombrero Shallow,564-500-067,Top,Octo,0
2017,Sombrero Shallow,564-500-067,Bottom,Octo,0
2017,Sombrero Shallow,564-500-092,Top,Octo,0
2017,Sombrero Shallow,564-500-092,Bottom,Octo,0
2017,Sombrero Shallow,564-500-160,Top,Octo,0
2017,Sombrero Shallow,564-500-160,Bottom,Octo,0
2017,Sombrero Shallow,564-500-177,Top,Octo,0
2017,Sombrero Shallow,564-500-177,Bottom,Octo,0
2017,Western Sambo Shallow,591-100-031,Top,Octo,0
2017,Western Sambo Shallow,591-100-031,Bottom,Octo,0
2017,Western Sambo Shallow,591-100-052,Top,Octo,0
2017,Western Sambo Shallow,591-100-052,Bottom,Octo,0
2017,Western Sambo Shallow,591-100-154,Top,Octo,0
2017,Western Sambo Shallow,591-100-154,Bottom,Octo,0
2017,Western Sambo Shallow,591-500-019,Bottom,Octo,0
2017,Western Sambo Shallow,591-500-019,Top,Octo,0
2017,Western Sambo Shallow,591-500-072,Top,Octo,0
2017,Western Sambo Shallow,591-500-072,Bottom,Octo,0
2017,Western Sambo Shallow,591-500-157,Top,Octo,0
2017,Western Sambo Shallow,591-500-157,Bottom,Octo,0
2017,Western Sambo Shallow,591-500-195,Top,Octo,0
2017,Western Sambo Shallow,591-500-195,Bottom,Octo,0
2017,Western Sambo Shallow,592-100-039,Top,Octo,0
2017,Western Sambo Shallow,592-100-039,Bottom,Octo,0
2017,Western Sambo Shallow,592-100-115,Top,Octo,0
2017,Western Sambo Shallow,592-100-115,Bottom,Octo,0
2017,Western Sambo Shallow,592-100-162,Bottom,Octo,0
2017,Western Sambo Shallow,592-100-162,Top,Octo,0
2017,Western Sambo Shallow,592-100-199,Top,Octo,0
2017,Western Sambo Shallow,592-100-199,Bottom,Octo,0
2017,Western Sambo Shallow,592-500-053,Top,Octo,0
2017,Western Sambo Shallow,592-500-053,Bottom,Octo,0
2017,Western Sambo Shallow,592-500-112,Top,Octo,0
2017,Western Sambo Shallow,592-500-112,Bottom,Octo,0
2017,Western Sambo Shallow,592-500-148,Top,Octo,0
2017,Western Sambo Shallow,592-500-148,Bottom,Octo,0
2017,Western Sambo Shallow,592-500-243,Top,Octo,0
2017,Western Sambo Shallow,592-500-243,Bottom,Octo,0
2017,Western Sambo Shallow,593-100-015,Top,Octo,0
2017,Western Sambo Shallow,593-100-015,Bottom,Octo,0
2017,Western Sambo Shallow,593-100-063,Top,Octo,0
2017,Western Sambo Shallow,593-100-063,Bottom,Octo,0
2017,Western Sambo Shallow,593-100-109,Top,Octo,0
2017,Western Sambo Shallow,593-100-109,Bottom,Octo,0
2017,Western Sambo Shallow,593-100-231,Top,Octo,0
2017,Western Sambo Shallow,593-100-231,Bottom,Octo,0
2017,Western Sambo Shallow,593-500-022,Top,Octo,0
2017,Western Sambo Shallow,593-500-022,Bottom,Octo,0
2017,Western Sambo Shallow,593-500-060,Top,Octo,0
2017,Western Sambo Shallow,593-500-060,Bottom,Octo,0
2017,Western Sambo Shallow,593-500-134,Top,Octo,0
2017,Western Sambo Shallow,593-500-134,Bottom,Octo,0
2017,Western Sambo Shallow,593-500-223,Top,Octo,0
2017,Western Sambo Shallow,593-500-223,Bottom,Octo,0
2017,Western Sambo Shallow,594-100-021,Top,Octo,0
2017,Western Sambo Shallow,594-100-021,Bottom,Octo,0
2017,Western Sambo Shallow,594-100-073,Top,Octo,0
2017,Western Sambo Shallow,594-100-073,Bottom,Octo,0
2017,Western Sambo Shallow,594-100-124,Top,Octo,0
2017,Western Sambo Shallow,594-100-124,Bottom,Octo,0
2017,Western Sambo Shallow,594-100-174,Top,Octo,0
2017,Western Sambo Shallow,594-100-174,Bottom,Octo,0
2017,Western Sambo Shallow,594-500-011,Top,Octo,0
2017,Western Sambo Shallow,594-500-011,Bottom,Octo,0
2017,Western Sambo Shallow,594-500-035,Bottom,Octo,0
2017,Western Sambo Shallow,594-500-035,Top,Octo,0
2017,Western Sambo Shallow,594-500-149,Top,Octo,0
2017,Western Sambo Shallow,594-500-149,Bottom,Octo,0
2017,Western Sambo Shallow,594-500-189,Top,Octo,0
2017,Western Sambo Shallow,594-500-189,Bottom,Octo,0
2017,Sand Key Shallow,611-100-006,Top,Octo,0
2017,Sand Key Shallow,611-100-006,Bottom,Octo,0
2017,Sand Key Shallow,611-100-057,Top,Octo,0
2017,Sand Key Shallow,611-100-057,Bottom,Octo,0
2017,Sand Key Shallow,611-100-155,Bottom,Octo,1
2017,Sand Key Shallow,611-100-155,Top,Octo,0
2017,Sand Key Shallow,611-100-205,Top,Octo,0
2017,Sand Key Shallow,611-100-205,Bottom,Octo,0
2017,Sand Key Shallow,611-500-026,Top,Octo,0
2017,Sand Key Shallow,611-500-026,Bottom,Octo,0
2017,Sand Key Shallow,611-500-142,Top,Octo,0
2017,Sand Key Shallow,611-500-142,Bottom,Octo,0
2017,Sand Key Shallow,611-500-169,Top,Octo,0
2017,Sand Key Shallow,611-500-169,Bottom,Octo,0
2017,Sand Key Shallow,611-500-202,Top,Octo,0
2017,Sand Key Shallow,611-500-202,Bottom,Octo,0
2017,Sand Key Shallow,612-100-023,Top,Octo,0
2017,Sand Key Shallow,612-100-023,Bottom,Octo,0
2017,Sand Key Shallow,612-100-060,Top,Octo,0
2017,Sand Key Shallow,612-100-060,Bottom,Octo,0
2017,Sand Key Shallow,612-100-101,Top,Octo,0
2017,Sand Key Shallow,612-100-101,Bottom,Octo,0
2017,Sand Key Shallow,612-100-172,Top,Octo,0
2017,Sand Key Shallow,612-100-172,Bottom,Octo,0
2017,Sand Key Shallow,612-500-036,Top,Octo,0
2017,Sand Key Shallow,612-500-036,Bottom,Octo,0
2017,Sand Key Shallow,612-500-105,Bottom,Octo,0
2017,Sand Key Shallow,612-500-105,Top,Octo,0
2017,Sand Key Shallow,612-500-145,Top,Octo,0
2017,Sand Key Shallow,612-500-145,Bottom,Octo,0
2017,Sand Key Shallow,612-500-187,Bottom,Octo,0
2017,Sand Key Shallow,612-500-187,Top,Octo,0
2017,Sand Key Shallow,613-100-020,Top,Octo,0
2017,Sand Key Shallow,613-100-020,Bottom,Octo,0
2017,Sand Key Shallow,613-100-045,Top,Octo,0
2017,Sand Key Shallow,613-100-045,Bottom,Octo,0
2017,Sand Key Shallow,613-100-097,Top,Octo,0
2017,Sand Key Shallow,613-100-097,Bottom,Octo,0
2017,Sand Key Shallow,613-100-176,Top,Octo,0
2017,Sand Key Shallow,613-100-176,Bottom,Octo,0
2017,Sand Key Shallow,613-500-057,Bottom,Octo,0
2017,Sand Key Shallow,613-500-057,Top,Octo,0
2017,Sand Key Shallow,613-500-101,Top,Octo,0
2017,Sand Key Shallow,613-500-101,Bottom,Octo,0
2017,Sand Key Shallow,613-500-168,Top,Octo,0
2017,Sand Key Shallow,613-500-168,Bottom,Octo,0
2017,Sand Key Shallow,614-100-010,Bottom,Octo,0
2017,Sand Key Shallow,614-100-010,Top,Octo,0
2017,Sand Key Shallow,614-100-069,Top,Octo,0
2017,Sand Key Shallow,614-100-069,Bottom,Octo,0
2017,Sand Key Shallow,614-100-149,Bottom,Octo,0
2017,Sand Key Shallow,614-100-149,Top,Octo,0
2017,Sand Key Shallow,614-100-203,Bottom,Octo,0
2017,Sand Key Shallow,614-100-203,Top,Octo,1
2017,Sand Key Shallow,614-500-018,Top,Octo,0
2017,Sand Key Shallow,614-500-018,Bottom,Octo,0
2017,Sand Key Shallow,614-500-075,Top,Octo,0
2017,Sand Key Shallow,614-500-075,Bottom,Octo,0
2017,Sand Key Shallow,614-500-189,Top,Octo,0
2017,Sand Key Shallow,614-500-189,Bottom,Octo,0
2017,Carysfort Deep,701-100-007,Bottom,Octo,1
2017,Carysfort Deep,701-100-007,Top,Octo,0
2017,Carysfort Deep,701-100-055,Top,Octo,0
2017,Carysfort Deep,701-100-055,Bottom,Octo,0
2017,Carysfort Deep,701-100-106,Top,Octo,0
2017,Carysfort Deep,701-100-106,Bottom,Octo,0
2017,Carysfort Deep,701-100-197,Bottom,Octo,11
2017,Carysfort Deep,701-100-197,Top,Octo,0
2017,Carysfort Deep,701-500-011,Top,Octo,0
2017,Carysfort Deep,701-500-011,Bottom,Octo,0
2017,Carysfort Deep,701-500-075,Bottom,Octo,2
2017,Carysfort Deep,701-500-075,Top,Octo,2
2017,Carysfort Deep,701-500-105,Bottom,Octo,1
2017,Carysfort Deep,701-500-105,Top,Octo,0
2017,Carysfort Deep,701-500-157,Top,Octo,0
2017,Carysfort Deep,701-500-157,Bottom,Octo,0
2017,Carysfort Deep,702-100-032,Top,Octo,0
2017,Carysfort Deep,702-100-032,Bottom,Octo,0
2017,Carysfort Deep,702-100-137,Bottom,Octo,1
2017,Carysfort Deep,702-100-137,Top,Octo,1
2017,Carysfort Deep,702-100-174,Top,Octo,0
2017,Carysfort Deep,702-100-174,Bottom,Octo,0
2017,Carysfort Deep,702-100-206,Top,Octo,0
2017,Carysfort Deep,702-100-206,Bottom,Octo,0
2017,Carysfort Deep,702-500-035,Bottom,Octo,0
2017,Carysfort Deep,702-500-035,Top,Octo,0
2017,Carysfort Deep,702-500-077,Bottom,Octo,1
2017,Carysfort Deep,702-500-077,Top,Octo,0
2017,Carysfort Deep,702-500-101,Bottom,Octo,3
2017,Carysfort Deep,702-500-101,Top,Octo,1
2017,Carysfort Deep,702-500-120,Top,Octo,0
2017,Carysfort Deep,702-500-120,Bottom,Octo,0
2017,Carysfort Deep,703-100-032,Top,Octo,0
2017,Carysfort Deep,703-100-032,Bottom,Octo,0
2017,Carysfort Deep,703-100-073,Top,Octo,0
2017,Carysfort Deep,703-100-073,Bottom,Octo,0
2017,Carysfort Deep,703-100-146,Top,Octo,0
2017,Carysfort Deep,703-100-146,Bottom,Octo,0
2017,Carysfort Deep,703-100-175,Top,Octo,0
2017,Carysfort Deep,703-100-175,Bottom,Octo,0
2017,Carysfort Deep,703-500-029,Bottom,Octo,3
2017,Carysfort Deep,703-500-029,Top,Octo,0
2017,Carysfort Deep,703-500-100,Bottom,Octo,4
2017,Carysfort Deep,703-500-100,Top,Octo,0
2017,Carysfort Deep,703-500-123,Bottom,Octo,1
2017,Carysfort Deep,703-500-123,Top,Octo,0
2017,Carysfort Deep,703-500-172,Bottom,Octo,0
2017,Carysfort Deep,703-500-172,Top,Octo,0
2017,Carysfort Deep,704-100-009,Bottom,Octo,2
2017,Carysfort Deep,704-100-009,Top,Octo,1
2017,Carysfort Deep,704-100-111,Top,Octo,0
2017,Carysfort Deep,704-100-111,Bottom,Octo,0
2017,Carysfort Deep,704-100-169,Bottom,Octo,7
2017,Carysfort Deep,704-100-169,Top,Octo,1
2017,Carysfort Deep,704-100-221,Top,Octo,4
2017,Carysfort Deep,704-100-221,Bottom,Octo,0
2017,Carysfort Deep,704-500-016,Top,Octo,2
2017,Carysfort Deep,704-500-016,Bottom,Octo,0
2017,Carysfort Deep,704-500-135,Top,Octo,0
2017,Carysfort Deep,704-500-135,Bottom,Octo,0
2017,Carysfort Deep,704-500-156,Bottom,Octo,3
2017,Carysfort Deep,704-500-156,Top,Octo,0
2017,Carysfort Deep,704-500-172,Bottom,Octo,0
2017,Carysfort Deep,704-500-172,Top,Octo,0
2017,Molasses Deep,721-100-024,Bottom,Octo,2
2017,Molasses Deep,721-100-024,Top,Octo,0
2017,Molasses Deep,721-100-061,Top,Octo,0
2017,Molasses Deep,721-100-061,Bottom,Octo,0
2017,Molasses Deep,721-100-138,Top,Octo,0
2017,Molasses Deep,721-100-138,Bottom,Octo,0
2017,Molasses Deep,721-100-186,Bottom,Octo,0
2017,Molasses Deep,721-100-186,Top,Octo,0
2017,Molasses Deep,721-500-025,Bottom,Octo,2
2017,Molasses Deep,721-500-025,Top,Octo,0
2017,Molasses Deep,721-500-064,Bottom,Octo,1
2017,Molasses Deep,721-500-064,Top,Octo,0
2017,Molasses Deep,721-500-114,Bottom,Octo,1
2017,Molasses Deep,721-500-114,Top,Octo,0
2017,Molasses Deep,721-500-183,Top,Octo,0
2017,Molasses Deep,721-500-183,Bottom,Octo,0
2017,Molasses Deep,722-100-045,Bottom,Octo,1
2017,Molasses Deep,722-100-045,Top,Octo,1
2017,Molasses Deep,722-100-076,Bottom,Octo,5
2017,Molasses Deep,722-100-076,Top,Octo,0
2017,Molasses Deep,722-100-173,Bottom,Octo,1
2017,Molasses Deep,722-100-173,Top,Octo,0
2017,Molasses Deep,722-100-215,Bottom,Octo,6
2017,Molasses Deep,722-100-215,Top,Octo,0
2017,Molasses Deep,722-500-032,Bottom,Octo,2
2017,Molasses Deep,722-500-032,Top,Octo,0
2017,Molasses Deep,722-500-094,Bottom,Octo,1
2017,Molasses Deep,722-500-094,Top,Octo,0
2017,Molasses Deep,722-500-111,Bottom,Octo,2
2017,Molasses Deep,722-500-111,Top,Octo,0
2017,Molasses Deep,722-500-182,Bottom,Octo,0
2017,Molasses Deep,722-500-182,Top,Octo,0
2017,Molasses Deep,723-100-052,Bottom,Octo,6
2017,Molasses Deep,723-100-052,Top,Octo,0
2017,Molasses Deep,723-100-064,Bottom,Octo,5
2017,Molasses Deep,723-100-064,Top,Octo,1
2017,Molasses Deep,723-100-134,Bottom,Octo,4
2017,Molasses Deep,723-100-134,Top,Octo,0
2017,Molasses Deep,723-100-154,Top,Octo,0
2017,Molasses Deep,723-100-154,Bottom,Octo,0
2017,Molasses Deep,723-500-030,Bottom,Octo,0
2017,Molasses Deep,723-500-030,Top,Octo,0
2017,Molasses Deep,723-500-064,Bottom,Octo,6
2017,Molasses Deep,723-500-064,Top,Octo,0
2017,Molasses Deep,723-500-090,Bottom,Octo,0
2017,Molasses Deep,723-500-090,Top,Octo,0
2017,Molasses Deep,723-500-103,Bottom,Octo,18
2017,Molasses Deep,723-500-103,Top,Octo,0
2017,Molasses Deep,724-100-048,Bottom,Octo,8
2017,Molasses Deep,724-100-048,Top,Octo,0
2017,Molasses Deep,724-100-089,Bottom,Octo,2
2017,Molasses Deep,724-100-089,Top,Octo,0
2017,Molasses Deep,724-100-151,Top,Octo,0
2017,Molasses Deep,724-100-151,Bottom,Octo,0
2017,Molasses Deep,724-100-177,Bottom,Octo,4
2017,Molasses Deep,724-100-177,Top,Octo,0
2017,Molasses Deep,724-500-032,Bottom,Octo,0
2017,Molasses Deep,724-500-032,Top,Octo,0
2017,Molasses Deep,724-500-061,Bottom,Octo,6
2017,Molasses Deep,724-500-061,Top,Octo,0
2017,Molasses Deep,724-500-094,Bottom,Octo,3
2017,Molasses Deep,724-500-094,Top,Octo,1
2017,Molasses Deep,724-500-192,Bottom,Octo,2
2017,Molasses Deep,724-500-192,Top,Octo,2
2017,Tennessee Deep,751-100-026,Bottom,Octo,5
2017,Tennessee Deep,751-100-026,Top,Octo,0
2017,Tennessee Deep,751-100-045,Bottom,Octo,0
2017,Tennessee Deep,751-100-045,Top,Octo,0
2017,Tennessee Deep,751-100-118,Bottom,Octo,2
2017,Tennessee Deep,751-100-118,Top,Octo,0
2017,Tennessee Deep,751-100-203,Top,Octo,0
2017,Tennessee Deep,751-100-203,Bottom,Octo,0
2017,Tennessee Deep,751-500-029,Bottom,Octo,0
2017,Tennessee Deep,751-500-029,Top,Octo,0
2017,Tennessee Deep,751-500-105,Bottom,Octo,2
2017,Tennessee Deep,751-500-105,Top,Octo,0
2017,Tennessee Deep,751-500-123,Top,Octo,0
2017,Tennessee Deep,751-500-123,Bottom,Octo,0
2017,Tennessee Deep,751-500-226,Bottom,Octo,1
2017,Tennessee Deep,751-500-226,Top,Octo,0
2017,Tennessee Deep,752-100-022,Bottom,Octo,0
2017,Tennessee Deep,752-100-022,Top,Octo,2
2017,Tennessee Deep,752-100-072,Bottom,Octo,0
2017,Tennessee Deep,752-100-072,Top,Octo,0
2017,Tennessee Deep,752-100-135,Bottom,Octo,0
2017,Tennessee Deep,752-100-135,Top,Octo,0
2017,Tennessee Deep,752-100-225,Top,Octo,0
2017,Tennessee Deep,752-100-225,Bottom,Octo,0
2017,Tennessee Deep,752-500-023,Top,Octo,0
2017,Tennessee Deep,752-500-023,Bottom,Octo,0
2017,Tennessee Deep,752-500-056,Top,Octo,0
2017,Tennessee Deep,752-500-056,Bottom,Octo,0
2017,Tennessee Deep,752-500-141,Bottom,Octo,0
2017,Tennessee Deep,752-500-141,Top,Octo,0
2017,Tennessee Deep,752-500-188,Bottom,Octo,0
2017,Tennessee Deep,752-500-188,Top,Octo,1
2017,Tennessee Deep,753-100-028,Top,Octo,0
2017,Tennessee Deep,753-100-028,Bottom,Octo,0
2017,Tennessee Deep,753-100-085,Bottom,Octo,12
2017,Tennessee Deep,753-100-085,Top,Octo,0
2017,Tennessee Deep,753-100-090,Top,Octo,0
2017,Tennessee Deep,753-100-090,Bottom,Octo,0
2017,Tennessee Deep,753-100-141,Top,Octo,5
2017,Tennessee Deep,753-100-141,Bottom,Octo,0
2017,Tennessee Deep,753-500-023,Top,Octo,0
2017,Tennessee Deep,753-500-023,Bottom,Octo,0
2017,Tennessee Deep,753-500-049,Bottom,Octo,2
2017,Tennessee Deep,753-500-049,Top,Octo,0
2017,Tennessee Deep,753-500-105,Bottom,Octo,0
2017,Tennessee Deep,753-500-105,Top,Octo,0
2017,Tennessee Deep,753-500-197,Bottom,Octo,0
2017,Tennessee Deep,753-500-197,Top,Octo,0
2017,Tennessee Deep,754-100-051,Top,Octo,0
2017,Tennessee Deep,754-100-051,Bottom,Octo,0
2017,Tennessee Deep,754-100-100,Bottom,Octo,1
2017,Tennessee Deep,754-100-100,Top,Octo,0
2017,Tennessee Deep,754-100-136,Bottom,Octo,0
2017,Tennessee Deep,754-100-136,Top,Octo,0
2017,Tennessee Deep,754-100-191,Bottom,Octo,0
2017,Tennessee Deep,754-100-191,Top,Octo,0
2017,Tennessee Deep,754-500-045,Top,Octo,0
2017,Tennessee Deep,754-500-045,Bottom,Octo,0
2017,Tennessee Deep,754-500-092,Bottom,Octo,0
2017,Tennessee Deep,754-500-092,Top,Octo,0
2017,Tennessee Deep,754-500-139,Top,Octo,0
2017,Tennessee Deep,754-500-139,Bottom,Octo,0
2017,Tennessee Deep,754-500-180,Bottom,Octo,2
2017,Tennessee Deep,754-500-180,Top,Octo,0
2017,Sombrero Deep,761-100-009,Top,Octo,0
2017,Sombrero Deep,761-100-009,Bottom,Octo,0
2017,Sombrero Deep,761-100-028,Top,Octo,0
2017,Sombrero Deep,761-100-028,Bottom,Octo,0
2017,Sombrero Deep,761-100-081,Bottom,Octo,11
2017,Sombrero Deep,761-100-081,Top,Octo,0
2017,Sombrero Deep,761-100-139,Bottom,Octo,10
2017,Sombrero Deep,761-100-139,Top,Octo,0
2017,Sombrero Deep,761-500-048,Bottom,Octo,2
2017,Sombrero Deep,761-500-048,Top,Octo,0
2017,Sombrero Deep,761-500-072,Bottom,Octo,6
2017,Sombrero Deep,761-500-072,Top,Octo,0
2017,Sombrero Deep,761-500-101,Bottom,Octo,4
2017,Sombrero Deep,761-500-101,Top,Octo,1
2017,Sombrero Deep,761-500-147,Bottom,Octo,0
2017,Sombrero Deep,761-500-147,Top,Octo,0
2017,Sombrero Deep,762-100-056,Bottom,Octo,1
2017,Sombrero Deep,762-100-056,Top,Octo,0
2017,Sombrero Deep,762-100-067,Top,Octo,0
2017,Sombrero Deep,762-100-067,Bottom,Octo,0
2017,Sombrero Deep,762-100-158,Top,Octo,0
2017,Sombrero Deep,762-100-158,Bottom,Octo,0
2017,Sombrero Deep,762-100-178,Bottom,Octo,12
2017,Sombrero Deep,762-100-178,Top,Octo,4
2017,Sombrero Deep,762-500-005,Top,Octo,0
2017,Sombrero Deep,762-500-005,Bottom,Octo,0
2017,Sombrero Deep,762-500-066,Bottom,Octo,3
2017,Sombrero Deep,762-500-066,Top,Octo,0
2017,Sombrero Deep,762-500-110,Bottom,Octo,0
2017,Sombrero Deep,762-500-110,Top,Octo,0
2017,Sombrero Deep,762-500-153,Top,Octo,0
2017,Sombrero Deep,762-500-153,Bottom,Octo,0
2017,Sombrero Deep,763-100-085,Top,Octo,0
2017,Sombrero Deep,763-100-085,Bottom,Octo,0
2017,Sombrero Deep,763-100-108,Bottom,Octo,1
2017,Sombrero Deep,763-100-108,Top,Octo,0
2017,Sombrero Deep,763-100-174,Bottom,Octo,2
2017,Sombrero Deep,763-100-174,Top,Octo,14
2017,Sombrero Deep,763-100-202,Bottom,Octo,2
2017,Sombrero Deep,763-100-202,Top,Octo,0
2017,Sombrero Deep,763-500-085,Top,Octo,0
2017,Sombrero Deep,763-500-085,Bottom,Octo,0
2017,Sombrero Deep,763-500-109,Bottom,Octo,1
2017,Sombrero Deep,763-500-109,Top,Octo,0
2017,Sombrero Deep,763-500-160,Bottom,Octo,12
2017,Sombrero Deep,763-500-160,Top,Octo,2
2017,Sombrero Deep,763-500-198,Bottom,Octo,0
2017,Sombrero Deep,763-500-198,Top,Octo,0
2017,Sombrero Deep,764-100-017,Bottom,Octo,0
2017,Sombrero Deep,764-100-017,Top,Octo,0
2017,Sombrero Deep,764-100-081,Bottom,Octo,0
2017,Sombrero Deep,764-100-081,Top,Octo,0
2017,Sombrero Deep,764-100-137,Top,Octo,0
2017,Sombrero Deep,764-100-137,Bottom,Octo,0
2017,Sombrero Deep,764-100-185,Bottom,Octo,0
2017,Sombrero Deep,764-100-185,Top,Octo,0
2017,Sombrero Deep,764-500-012,Bottom,Octo,4
2017,Sombrero Deep,764-500-012,Top,Octo,0
2017,Sombrero Deep,764-500-092,Top,Octo,0
2017,Sombrero Deep,764-500-092,Bottom,Octo,0
2017,Sombrero Deep,764-500-111,Bottom,Octo,6
2017,Sombrero Deep,764-500-111,Top,Octo,2
2017,Sombrero Deep,764-500-188,Bottom,Octo,6
2017,Sombrero Deep,764-500-188,Top,Octo,0
2017,Western Sambo Deep,791-100-012,Bottom,Octo,0
2017,Western Sambo Deep,791-100-012,Top,Octo,0
2017,Western Sambo Deep,791-100-047,Top,Octo,1
2017,Western Sambo Deep,791-100-047,Bottom,Octo,0
2017,Western Sambo Deep,791-100-122,Top,Octo,0
2017,Western Sambo Deep,791-100-122,Bottom,Octo,0
2017,Western Sambo Deep,791-100-197,Top,Octo,0
2017,Western Sambo Deep,791-100-197,Bottom,Octo,0
2017,Western Sambo Deep,791-500-013,Bottom,Octo,1
2017,Western Sambo Deep,791-500-013,Top,Octo,0
2017,Western Sambo Deep,791-500-038,Top,Octo,4
2017,Western Sambo Deep,791-500-038,Bottom,Octo,0
2017,Western Sambo Deep,791-500-156,Top,Octo,4
2017,Western Sambo Deep,791-500-156,Bottom,Octo,0
2017,Western Sambo Deep,791-500-199,Top,Octo,1
2017,Western Sambo Deep,791-500-199,Bottom,Octo,0
2017,Western Sambo Deep,792-100-028,Top,Octo,0
2017,Western Sambo Deep,792-100-028,Bottom,Octo,0
2017,Western Sambo Deep,792-100-039,Top,Octo,3
2017,Western Sambo Deep,792-100-039,Bottom,Octo,0
2017,Western Sambo Deep,792-100-106,Top,Octo,6
2017,Western Sambo Deep,792-100-106,Bottom,Octo,0
2017,Western Sambo Deep,792-100-142,Top,Octo,2
2017,Western Sambo Deep,792-100-142,Bottom,Octo,0
2017,Western Sambo Deep,792-500-051,Top,Octo,0
2017,Western Sambo Deep,792-500-051,Bottom,Octo,0
2017,Western Sambo Deep,792-500-079,Bottom,Octo,0
2017,Western Sambo Deep,792-500-079,Top,Octo,3
2017,Western Sambo Deep,792-500-102,Top,Octo,0
2017,Western Sambo Deep,792-500-102,Bottom,Octo,0
2017,Western Sambo Deep,792-500-190,Top,Octo,0
2017,Western Sambo Deep,792-500-190,Bottom,Octo,0
2017,Western Sambo Deep,793-100-019,Bottom,Octo,0
2017,Western Sambo Deep,793-100-019,Top,Octo,0
2017,Western Sambo Deep,793-100-048,Top,Octo,0
2017,Western Sambo Deep,793-100-048,Bottom,Octo,0
2017,Western Sambo Deep,793-100-066,Top,Octo,0
2017,Western Sambo Deep,793-100-066,Bottom,Octo,0
2017,Western Sambo Deep,793-100-140,Top,Octo,0
2017,Western Sambo Deep,793-100-140,Bottom,Octo,0
2017,Western Sambo Deep,793-500-078,Bottom,Octo,0
2017,Western Sambo Deep,793-500-078,Top,Octo,0
2017,Western Sambo Deep,793-500-098,Bottom,Octo,2
2017,Western Sambo Deep,793-500-098,Top,Octo,0
2017,Western Sambo Deep,793-500-172,Top,Octo,0
2017,Western Sambo Deep,793-500-172,Bottom,Octo,0
2017,Western Sambo Deep,793-500-210,Top,Octo,0
2017,Western Sambo Deep,793-500-210,Bottom,Octo,0
2017,Western Sambo Deep,794-100-008,Top,Octo,0
2017,Western Sambo Deep,794-100-008,Bottom,Octo,0
2017,Western Sambo Deep,794-100-061,Top,Octo,1
2017,Western Sambo Deep,794-100-061,Bottom,Octo,0
2017,Western Sambo Deep,794-100-156,Bottom,Octo,0
2017,Western Sambo Deep,794-100-156,Top,Octo,0
2017,Western Sambo Deep,794-100-199,Top,Octo,0
2017,Western Sambo Deep,794-100-199,Bottom,Octo,0
2017,Western Sambo Deep,794-500-058,Top,Octo,0
2017,Western Sambo Deep,794-500-058,Bottom,Octo,0
2017,Western Sambo Deep,794-500-122,Top,Octo,0
2017,Western Sambo Deep,794-500-122,Bottom,Octo,0
2017,Western Sambo Deep,794-500-136,Top,Octo,1
2017,Western Sambo Deep,794-500-136,Bottom,Octo,0
2017,Western Sambo Deep,794-500-199,Top,Octo,0
2017,Western Sambo Deep,794-500-199,Bottom,Octo,0
2017,Sand Key Deep,811-100-019,Top,Octo,0
2017,Sand Key Deep,811-100-019,Bottom,Octo,0
2017,Sand Key Deep,811-100-103,Bottom,Octo,2
2017,Sand Key Deep,811-100-103,Top,Octo,4
2017,Sand Key Deep,811-100-119,Top,Octo,1
2017,Sand Key Deep,811-100-119,Bottom,Octo,0
2017,Sand Key Deep,811-100-197,Bottom,Octo,2
2017,Sand Key Deep,811-100-197,Top,Octo,0
2017,Sand Key Deep,811-500-074,Bottom,Octo,0
2017,Sand Key Deep,811-500-074,Top,Octo,3
2017,Sand Key Deep,811-500-114,Bottom,Octo,4
2017,Sand Key Deep,811-500-114,Top,Octo,2
2017,Sand Key Deep,811-500-155,Bottom,Octo,0
2017,Sand Key Deep,811-500-155,Top,Octo,0
2017,Sand Key Deep,811-500-197,Bottom,Octo,1
2017,Sand Key Deep,811-500-197,Top,Octo,0
2017,Sand Key Deep,812-100-018,Top,Octo,6
2017,Sand Key Deep,812-100-018,Bottom,Octo,0
2017,Sand Key Deep,812-100-041,Top,Octo,0
2017,Sand Key Deep,812-100-041,Bottom,Octo,0
2017,Sand Key Deep,812-100-112,Bottom,Octo,4
2017,Sand Key Deep,812-100-112,Top,Octo,0
2017,Sand Key Deep,812-100-168,Bottom,Octo,0
2017,Sand Key Deep,812-100-168,Top,Octo,0
2017,Sand Key Deep,812-500-029,Top,Octo,2
2017,Sand Key Deep,812-500-029,Bottom,Octo,0
2017,Sand Key Deep,812-500-132,Top,Octo,1
2017,Sand Key Deep,812-500-132,Bottom,Octo,0
2017,Sand Key Deep,812-500-180,Top,Octo,0
2017,Sand Key Deep,812-500-180,Bottom,Octo,0
2017,Sand Key Deep,812-500-212,Bottom,Octo,0
2017,Sand Key Deep,812-500-212,Top,Octo,3
2017,Sand Key Deep,813-100-030,Bottom,Octo,0
2017,Sand Key Deep,813-100-030,Top,Octo,0
2017,Sand Key Deep,813-100-063,Bottom,Octo,1
2017,Sand Key Deep,813-100-063,Top,Octo,0
2017,Sand Key Deep,813-100-132,Top,Octo,0
2017,Sand Key Deep,813-100-132,Bottom,Octo,0
2017,Sand Key Deep,813-100-169,Bottom,Octo,1
2017,Sand Key Deep,813-100-169,Top,Octo,0
2017,Sand Key Deep,813-500-041,Bottom,Octo,2
2017,Sand Key Deep,813-500-041,Top,Octo,4
2017,Sand Key Deep,813-500-085,Bottom,Octo,1
2017,Sand Key Deep,813-500-085,Top,Octo,0
2017,Sand Key Deep,813-500-156,Bottom,Octo,2
2017,Sand Key Deep,813-500-156,Top,Octo,4
2017,Sand Key Deep,813-500-218,Bottom,Octo,0
2017,Sand Key Deep,813-500-218,Top,Octo,0
2017,Sand Key Deep,814-100-016,Bottom,Octo,0
2017,Sand Key Deep,814-100-016,Top,Octo,6
2017,Sand Key Deep,814-100-044,Bottom,Octo,0
2017,Sand Key Deep,814-100-044,Top,Octo,3
2017,Sand Key Deep,814-100-099,Bottom,Octo,0
2017,Sand Key Deep,814-100-099,Top,Octo,0
2017,Sand Key Deep,814-100-178,Bottom,Octo,1
2017,Sand Key Deep,814-100-178,Top,Octo,0
2017,Sand Key Deep,814-500-027,Top,Octo,2
2017,Sand Key Deep,814-500-027,Bottom,Octo,0
2017,Sand Key Deep,814-500-054,Bottom,Octo,2
2017,Sand Key Deep,814-500-054,Top,Octo,0
2017,Sand Key Deep,814-500-117,Bottom,Octo,2
2017,Sand Key Deep,814-500-117,Top,Octo,0
2017,Sand Key Deep,814-500-178,Bottom,Octo,1
2017,Sand Key Deep,814-500-178,Top,Octo,0
2017,Sand Key Shallow,SKS3-500-3,Top,Octo,0
2017,Sand Key Shallow,SKS3-500-3,Bottom,Octo,0
2017,Sand Key Shallow,SKS4-500-3,Top,Octo,0
2017,Sand Key Shallow,SKS4-500-3,Bottom,Octo,0
2018,Red Dun,261-100-010,Top,Octo,0
2018,Red Dun,261-100-010,Bottom,Octo,0
2018,Red Dun,261-100-069,Top,Octo,0
2018,Red Dun,261-100-069,Bottom,Octo,0
2018,Red Dun,261-100-093,Top,Octo,0
2018,Red Dun,261-100-093,Bottom,Octo,0
2018,Red Dun,261-100-197,Top,Octo,0
2018,Red Dun,261-100-197,Bottom,Octo,1
2018,Red Dun,261-500-066,Top,Octo,0
2018,Red Dun,261-500-066,Bottom,Octo,0
2018,Red Dun,261-500-076,Top,Octo,0
2018,Red Dun,261-500-076,Bottom,Octo,0
2018,Red Dun,261-500-148,Top,Octo,2
2018,Red Dun,261-500-148,Bottom,Octo,0
2018,Red Dun,261-500-196,Top,Octo,0
2018,Red Dun,261-500-196,Bottom,Octo,0
2018,Red Dun,262-100-006,Top,Octo,0
2018,Red Dun,262-100-006,Bottom,Octo,0
2018,Red Dun,262-100-051,Top,Octo,1
2018,Red Dun,262-100-051,Bottom,Octo,0
2018,Red Dun,262-100-088,Top,Octo,0
2018,Red Dun,262-100-088,Bottom,Octo,0
2018,Red Dun,262-100-137,Top,Octo,0
2018,Red Dun,262-100-137,Bottom,Octo,0
2018,Red Dun,262-500-040,Top,Octo,0
2018,Red Dun,262-500-040,Bottom,Octo,0
2018,Red Dun,262-500-069,Top,Octo,0
2018,Red Dun,262-500-069,Bottom,Octo,0
2018,Red Dun,262-500-115,Top,Octo,0
2018,Red Dun,262-500-115,Bottom,Octo,0
2018,Red Dun,262-500-219,Top,Octo,0
2018,Red Dun,262-500-219,Bottom,Octo,0
2018,Red Dun,263-100-000,Top,Octo,0
2018,Red Dun,263-100-000,Bottom,Octo,0
2018,Red Dun,263-100-028,Top,Octo,0
2018,Red Dun,263-100-028,Bottom,Octo,0
2018,Red Dun,263-100-083,Top,Octo,3
2018,Red Dun,263-100-083,Bottom,Octo,0
2018,Red Dun,263-100-181,Top,Octo,1
2018,Red Dun,263-100-181,Bottom,Octo,0
2018,Red Dun,263-500-015,Top,Octo,0
2018,Red Dun,263-500-015,Bottom,Octo,0
2018,Red Dun,263-500-118,Bottom,Octo,0
2018,Red Dun,263-500-118,Top,Octo,0
2018,Red Dun,263-500-137,Top,Octo,0
2018,Red Dun,263-500-137,Bottom,Octo,0
2018,Red Dun,263-500-158,Top,Octo,0
2018,Red Dun,263-500-158,Bottom,Octo,0
2018,Red Dun,264-100-025,Top,Octo,0
2018,Red Dun,264-100-025,Bottom,Octo,0
2018,Red Dun,264-100-069,Bottom,Octo,2
2018,Red Dun,264-100-069,Top,Octo,0
2018,Red Dun,264-100-091,Top,Octo,0
2018,Red Dun,264-100-091,Bottom,Octo,0
2018,Red Dun,264-100-133,Top,Octo,0
2018,Red Dun,264-100-133,Bottom,Octo,0
2018,Red Dun,264-500-016,Top,Octo,0
2018,Red Dun,264-500-016,Bottom,Octo,0
2018,Red Dun,264-500-033,Top,Octo,0
2018,Red Dun,264-500-033,Bottom,Octo,0
2018,Red Dun,264-500-147,Top,Octo,0
2018,Red Dun,264-500-147,Bottom,Octo,0
2018,Red Dun,264-500-172,Top,Octo,0
2018,Red Dun,264-500-172,Bottom,Octo,0
2018,Porter Patch,321-100-012,Top,Octo,0
2018,Porter Patch,321-100-012,Bottom,Octo,0
2018,Porter Patch,321-100-058,Top,Octo,0
2018,Porter Patch,321-100-058,Bottom,Octo,0
2018,Porter Patch,321-100-136,Top,Octo,0
2018,Porter Patch,321-100-136,Bottom,Octo,0
2018,Porter Patch,321-100-163,Top,Octo,0
2018,Porter Patch,321-100-163,Bottom,Octo,0
2018,Porter Patch,321-500-024,Top,Octo,0
2018,Porter Patch,321-500-024,Bottom,Octo,0
2018,Porter Patch,321-500-049,Top,Octo,0
2018,Porter Patch,321-500-049,Bottom,Octo,0
2018,Porter Patch,321-500-212,Top,Octo,0
2018,Porter Patch,321-500-212,Bottom,Octo,0
2018,Porter Patch,322-100-026,Top,Octo,0
2018,Porter Patch,322-100-026,Bottom,Octo,0
2018,Porter Patch,322-100-069,Top,Octo,0
2018,Porter Patch,322-100-069,Bottom,Octo,0
2018,Porter Patch,322-100-118,Top,Octo,0
2018,Porter Patch,322-100-118,Bottom,Octo,0
2018,Porter Patch,322-100-202,Top,Octo,0
2018,Porter Patch,322-100-202,Bottom,Octo,0
2018,Porter Patch,322-100-223,Top,Octo,0
2018,Porter Patch,322-100-223,Bottom,Octo,0
2018,Porter Patch,322-500-059,Top,Octo,0
2018,Porter Patch,322-500-059,Bottom,Octo,0
2018,Porter Patch,322-500-070,Top,Octo,0
2018,Porter Patch,322-500-070,Bottom,Octo,0
2018,Porter Patch,322-500-091,Top,Octo,0
2018,Porter Patch,322-500-091,Bottom,Octo,0
2018,Porter Patch,323-100-021,Top,Octo,0
2018,Porter Patch,323-100-021,Bottom,Octo,0
2018,Porter Patch,323-100-072,Top,Octo,0
2018,Porter Patch,323-100-072,Bottom,Octo,0
2018,Porter Patch,323-100-115,Top,Octo,0
2018,Porter Patch,323-100-115,Bottom,Octo,0
2018,Porter Patch,323-100-126,Top,Octo,0
2018,Porter Patch,323-100-126,Bottom,Octo,0
2018,Porter Patch,323-100-223,Top,Octo,0
2018,Porter Patch,323-100-223,Bottom,Octo,0
2018,Porter Patch,323-500-064,Top,Octo,0
2018,Porter Patch,323-500-064,Bottom,Octo,0
2018,Porter Patch,323-500-144,Top,Octo,1
2018,Porter Patch,323-500-144,Bottom,Octo,0
2018,Porter Patch,323-500-156,Top,Octo,0
2018,Porter Patch,323-500-156,Bottom,Octo,0
2018,Porter Patch,324-100-022,Top,Octo,0
2018,Porter Patch,324-100-022,Bottom,Octo,0
2018,Porter Patch,324-100-046,Top,Octo,0
2018,Porter Patch,324-100-046,Bottom,Octo,0
2018,Porter Patch,324-100-095,Top,Octo,0
2018,Porter Patch,324-100-095,Bottom,Octo,0
2018,Porter Patch,324-100-199,Top,Octo,0
2018,Porter Patch,324-100-199,Bottom,Octo,0
2018,Porter Patch,324-500-036,Top,Octo,0
2018,Porter Patch,324-500-036,Bottom,Octo,0
2018,Porter Patch,324-500-064,Bottom,Octo,0
2018,Porter Patch,324-500-064,Top,Octo,0
2018,Porter Patch,324-500-158,Bottom,Octo,0
2018,Porter Patch,324-500-158,Top,Octo,0
2018,Porter Patch,324-500-209,Top,Octo,0
2018,Porter Patch,324-500-209,Bottom,Octo,0
2018,Admiral Patch,331-100-098,Top,Octo,0
2018,Admiral Patch,331-100-098,Bottom,Octo,0
2018,Admiral Patch,331-100-139,Top,Octo,0
2018,Admiral Patch,331-100-139,Bottom,Octo,0
2018,Admiral Patch,331-100-183,Top,Octo,0
2018,Admiral Patch,331-100-183,Bottom,Octo,0
2018,Admiral Patch,331-500-012,Top,Octo,0
2018,Admiral Patch,331-500-012,Bottom,Octo,0
2018,Admiral Patch,331-500-033,Top,Octo,0
2018,Admiral Patch,331-500-033,Bottom,Octo,0
2018,Admiral Patch,331-500-104,Top,Octo,0
2018,Admiral Patch,331-500-104,Bottom,Octo,0
2018,Admiral Patch,331-500-180,Top,Octo,0
2018,Admiral Patch,331-500-180,Bottom,Octo,0
2018,Admiral Patch,331-500-221,Top,Octo,0
2018,Admiral Patch,331-500-221,Bottom,Octo,0
2018,Admiral Patch,332-100-024,Top,Octo,0
2018,Admiral Patch,332-100-024,Bottom,Octo,0
2018,Admiral Patch,332-100-094,Top,Octo,0
2018,Admiral Patch,332-100-094,Bottom,Octo,0
2018,Admiral Patch,332-100-102,Top,Octo,0
2018,Admiral Patch,332-100-102,Bottom,Octo,0
2018,Admiral Patch,332-100-177,Top,Octo,0
2018,Admiral Patch,332-100-177,Bottom,Octo,0
2018,Admiral Patch,332-500-081,Top,Octo,0
2018,Admiral Patch,332-500-081,Bottom,Octo,0
2018,Admiral Patch,332-500-094,Top,Octo,0
2018,Admiral Patch,332-500-094,Bottom,Octo,0
2018,Admiral Patch,332-500-154,Top,Octo,0
2018,Admiral Patch,332-500-154,Bottom,Octo,0
2018,Admiral Patch,333-100-060,Top,Octo,0
2018,Admiral Patch,333-100-060,Bottom,Octo,0
2018,Admiral Patch,333-100-084,Top,Octo,0
2018,Admiral Patch,333-100-084,Bottom,Octo,0
2018,Admiral Patch,333-100-091,Top,Octo,0
2018,Admiral Patch,333-100-091,Bottom,Octo,0
2018,Admiral Patch,333-100-192,Top,Octo,0
2018,Admiral Patch,333-100-192,Bottom,Octo,0
2018,Admiral Patch,333-500-022,Top,Octo,0
2018,Admiral Patch,333-500-022,Bottom,Octo,0
2018,Admiral Patch,333-500-111,Top,Octo,0
2018,Admiral Patch,333-500-111,Bottom,Octo,0
2018,Admiral Patch,333-500-154,Top,Octo,0
2018,Admiral Patch,333-500-154,Bottom,Octo,0
2018,Admiral Patch,333-500-195,Top,Octo,0
2018,Admiral Patch,333-500-195,Bottom,Octo,0
2018,Admiral Patch,334-100-035,Top,Octo,0
2018,Admiral Patch,334-100-035,Bottom,Octo,0
2018,Admiral Patch,334-100-067,Top,Octo,0
2018,Admiral Patch,334-100-067,Bottom,Octo,0
2018,Admiral Patch,334-100-194,Top,Octo,0
2018,Admiral Patch,334-100-194,Bottom,Octo,1
2018,Admiral Patch,334-500-021,Top,Octo,0
2018,Admiral Patch,334-500-021,Bottom,Octo,0
2018,Admiral Patch,334-500-067,Top,Octo,0
2018,Admiral Patch,334-500-067,Bottom,Octo,0
2018,Admiral Patch,334-500-134,Top,Octo,0
2018,Admiral Patch,334-500-134,Bottom,Octo,0
2018,Admiral Patch,334-500-222,Top,Octo,0
2018,Admiral Patch,334-500-222,Bottom,Octo,0
2018,West Turtle Shoals,341-100-062,Top,Octo,0
2018,West Turtle Shoals,341-100-062,Bottom,Octo,0
2018,West Turtle Shoals,341-100-096,Bottom,Octo,0
2018,West Turtle Shoals,341-100-096,Top,Octo,0
2018,West Turtle Shoals,341-100-116,Top,Octo,0
2018,West Turtle Shoals,341-100-116,Bottom,Octo,0
2018,West Turtle Shoals,341-100-162,Top,Octo,0
2018,West Turtle Shoals,341-100-162,Bottom,Octo,0
2018,West Turtle Shoals,341-500-049,Top,Octo,0
2018,West Turtle Shoals,341-500-049,Bottom,Octo,0
2018,West Turtle Shoals,341-500-078,Top,Octo,0
2018,West Turtle Shoals,341-500-078,Bottom,Octo,0
2018,West Turtle Shoals,341-500-088,Top,Octo,0
2018,West Turtle Shoals,341-500-088,Bottom,Octo,0
2018,West Turtle Shoals,341-500-230,Top,Octo,0
2018,West Turtle Shoals,341-500-230,Bottom,Octo,0
2018,West Turtle Shoals,342-100-003,Top,Octo,0
2018,West Turtle Shoals,342-100-003,Bottom,Octo,0
2018,West Turtle Shoals,342-100-033,Top,Octo,0
2018,West Turtle Shoals,342-100-033,Bottom,Octo,0
2018,West Turtle Shoals,342-100-156,Top,Octo,0
2018,West Turtle Shoals,342-100-156,Bottom,Octo,0
2018,West Turtle Shoals,342-100-199,Top,Octo,0
2018,West Turtle Shoals,342-100-199,Bottom,Octo,0
2018,West Turtle Shoals,342-500-023,Bottom,Octo,0
2018,West Turtle Shoals,342-500-023,Top,Octo,0
2018,West Turtle Shoals,342-500-061,Top,Octo,0
2018,West Turtle Shoals,342-500-061,Bottom,Octo,0
2018,West Turtle Shoals,342-500-134,Top,Octo,0
2018,West Turtle Shoals,342-500-134,Bottom,Octo,0
2018,West Turtle Shoals,342-500-205,Top,Octo,0
2018,West Turtle Shoals,342-500-205,Bottom,Octo,0
2018,West Turtle Shoals,343-100-008,Bottom,Octo,0
2018,West Turtle Shoals,343-100-008,Top,Octo,2
2018,West Turtle Shoals,343-100-023,Top,Octo,0
2018,West Turtle Shoals,343-100-023,Bottom,Octo,0
2018,West Turtle Shoals,343-100-146,Bottom,Octo,0
2018,West Turtle Shoals,343-100-146,Top,Octo,0
2018,West Turtle Shoals,343-100-193,Top,Octo,0
2018,West Turtle Shoals,343-100-193,Bottom,Octo,0
2018,West Turtle Shoals,343-500-008,Top,Octo,1
2018,West Turtle Shoals,343-500-008,Bottom,Octo,0
2018,West Turtle Shoals,343-500-045,Bottom,Octo,0
2018,West Turtle Shoals,343-500-045,Top,Octo,0
2018,West Turtle Shoals,343-500-094,Bottom,Octo,0
2018,West Turtle Shoals,343-500-094,Top,Octo,0
2018,West Turtle Shoals,344-100-060,Top,Octo,2
2018,West Turtle Shoals,344-100-060,Bottom,Octo,0
2018,West Turtle Shoals,344-100-116,Bottom,Octo,0
2018,West Turtle Shoals,344-100-116,Top,Octo,0
2018,West Turtle Shoals,344-100-132,Top,Octo,1
2018,West Turtle Shoals,344-100-132,Bottom,Octo,0
2018,West Turtle Shoals,344-100-180,Top,Octo,0
2018,West Turtle Shoals,344-100-180,Bottom,Octo,0
2018,West Turtle Shoals,344-500-035,Top,Octo,0
2018,West Turtle Shoals,344-500-035,Bottom,Octo,0
2018,West Turtle Shoals,344-500-076,Top,Octo,0
2018,West Turtle Shoals,344-500-076,Bottom,Octo,0
2018,West Turtle Shoals,344-500-103,Top,Octo,2
2018,West Turtle Shoals,344-500-103,Bottom,Octo,0
2018,West Turtle Shoals,344-500-187,Top,Octo,0
2018,West Turtle Shoals,344-500-187,Bottom,Octo,0
2018,Dustan Rocks,351-100-055,Top,Octo,0
2018,Dustan Rocks,351-100-055,Bottom,Octo,0
2018,Dustan Rocks,351-100-112,Top,Octo,0
2018,Dustan Rocks,351-100-112,Bottom,Octo,0
2018,Dustan Rocks,351-100-157,Top,Octo,0
2018,Dustan Rocks,351-100-157,Bottom,Octo,0
2018,Dustan Rocks,351-100-192,Top,Octo,0
2018,Dustan Rocks,351-100-192,Bottom,Octo,0
2018,Dustan Rocks,351-500-083,Top,Octo,0
2018,Dustan Rocks,351-500-083,Bottom,Octo,0
2018,Dustan Rocks,351-500-139,Top,Octo,0
2018,Dustan Rocks,351-500-139,Bottom,Octo,0
2018,Dustan Rocks,351-500-154,Top,Octo,0
2018,Dustan Rocks,351-500-154,Bottom,Octo,0
2018,Dustan Rocks,352-100-027,Top,Octo,0
2018,Dustan Rocks,352-100-027,Bottom,Octo,0
2018,Dustan Rocks,352-100-120,Top,Octo,1
2018,Dustan Rocks,352-100-120,Bottom,Octo,0
2018,Dustan Rocks,352-100-139,Top,Octo,0
2018,Dustan Rocks,352-500-035,Top,Octo,1
2018,Dustan Rocks,352-500-035,Bottom,Octo,0
2018,Dustan Rocks,352-500-117,Top,Octo,1
2018,Dustan Rocks,352-500-117,Bottom,Octo,0
2018,Dustan Rocks,352-500-150,Top,Octo,0
2018,Dustan Rocks,352-500-150,Bottom,Octo,0
2018,Dustan Rocks,352-500-218,Top,Octo,0
2018,Dustan Rocks,352-500-218,Bottom,Octo,0
2018,Dustan Rocks,353-100-016,Top,Octo,0
2018,Dustan Rocks,353-100-016,Bottom,Octo,0
2018,Dustan Rocks,353-100-071,Top,Octo,0
2018,Dustan Rocks,353-100-071,Bottom,Octo,0
2018,Dustan Rocks,353-100-185,Top,Octo,2
2018,Dustan Rocks,353-100-185,Bottom,Octo,0
2018,Dustan Rocks,353-100-206,Top,Octo,0
2018,Dustan Rocks,353-100-206,Bottom,Octo,0
2018,Dustan Rocks,353-500-000,Top,Octo,0
2018,Dustan Rocks,353-500-000,Bottom,Octo,0
2018,Dustan Rocks,353-500-047,Top,Octo,1
2018,Dustan Rocks,353-500-047,Bottom,Octo,0
2018,Dustan Rocks,353-500-083,Top,Octo,0
2018,Dustan Rocks,353-500-083,Bottom,Octo,0
2018,Dustan Rocks,353-500-194,Bottom,Octo,0
2018,Dustan Rocks,353-500-194,Top,Octo,0
2018,Dustan Rocks,354-100-032,Top,Octo,1
2018,Dustan Rocks,354-100-032,Bottom,Octo,0
2018,Dustan Rocks,354-100-045,Bottom,Octo,0
2018,Dustan Rocks,354-100-045,Top,Octo,0
2018,Dustan Rocks,354-100-103,Top,Octo,0
2018,Dustan Rocks,354-100-103,Bottom,Octo,0
2018,Dustan Rocks,354-100-144,Top,Octo,0
2018,Dustan Rocks,354-100-144,Bottom,Octo,0
2018,Dustan Rocks,354-500-043,Top,Octo,0
2018,Dustan Rocks,354-500-043,Bottom,Octo,0
2018,Dustan Rocks,354-500-054,Top,Octo,0
2018,Dustan Rocks,354-500-054,Bottom,Octo,0
2018,Dustan Rocks,354-500-185,Top,Octo,0
2018,Dustan Rocks,354-500-185,Bottom,Octo,0
2018,Dustan Rocks,354-500-202,Top,Octo,0
2018,Dustan Rocks,354-500-202,Bottom,Octo,0
2018,West Washerwoman,361-100-046,Top,Octo,0
2018,West Washerwoman,361-100-046,Bottom,Octo,0
2018,West Washerwoman,361-100-089,Top,Octo,0
2018,West Washerwoman,361-100-089,Bottom,Octo,0
2018,West Washerwoman,361-100-140,Top,Octo,0
2018,West Washerwoman,361-100-140,Bottom,Octo,0
2018,West Washerwoman,361-100-188,Top,Octo,0
2018,West Washerwoman,361-100-188,Bottom,Octo,0
2018,West Washerwoman,361-500-019,Top,Octo,0
2018,West Washerwoman,361-500-019,Bottom,Octo,0
2018,West Washerwoman,361-500-073,Top,Octo,0
2018,West Washerwoman,361-500-073,Bottom,Octo,0
2018,West Washerwoman,361-500-159,Top,Octo,0
2018,West Washerwoman,361-500-159,Bottom,Octo,0
2018,West Washerwoman,361-500-169,Top,Octo,0
2018,West Washerwoman,361-500-169,Bottom,Octo,0
2018,West Washerwoman,362-100-059,Bottom,Octo,0
2018,West Washerwoman,362-100-059,Top,Octo,1
2018,West Washerwoman,362-100-091,Top,Octo,0
2018,West Washerwoman,362-100-091,Bottom,Octo,0
2018,West Washerwoman,362-100-109,Top,Octo,0
2018,West Washerwoman,362-100-109,Bottom,Octo,0
2018,West Washerwoman,362-100-130,Top,Octo,0
2018,West Washerwoman,362-100-130,Bottom,Octo,0
2018,West Washerwoman,362-500-058,Top,Octo,0
2018,West Washerwoman,362-500-058,Bottom,Octo,0
2018,West Washerwoman,362-500-145,Top,Octo,0
2018,West Washerwoman,362-500-145,Bottom,Octo,0
2018,West Washerwoman,362-500-157,Top,Octo,0
2018,West Washerwoman,362-500-157,Bottom,Octo,0
2018,West Washerwoman,362-500-213,Top,Octo,0
2018,West Washerwoman,362-500-213,Bottom,Octo,0
2018,West Washerwoman,363-100-055,Top,Octo,0
2018,West Washerwoman,363-100-055,Bottom,Octo,0
2018,West Washerwoman,363-100-072,Top,Octo,0
2018,West Washerwoman,363-100-072,Bottom,Octo,0
2018,West Washerwoman,363-100-137,Top,Octo,1
2018,West Washerwoman,363-100-137,Bottom,Octo,0
2018,West Washerwoman,363-100-167,Top,Octo,0
2018,West Washerwoman,363-100-167,Bottom,Octo,0
2018,West Washerwoman,363-500-032,Top,Octo,0
2018,West Washerwoman,363-500-032,Bottom,Octo,0
2018,West Washerwoman,363-500-115,Top,Octo,0
2018,West Washerwoman,363-500-115,Bottom,Octo,0
2018,West Washerwoman,363-500-152,Top,Octo,0
2018,West Washerwoman,363-500-152,Bottom,Octo,0
2018,West Washerwoman,363-500-207,Top,Octo,0
2018,West Washerwoman,363-500-207,Bottom,Octo,0
2018,West Washerwoman,364-100-027,Top,Octo,0
2018,West Washerwoman,364-100-027,Bottom,Octo,0
2018,West Washerwoman,364-100-091,Top,Octo,0
2018,West Washerwoman,364-100-091,Bottom,Octo,0
2018,West Washerwoman,364-100-125,Top,Octo,0
2018,West Washerwoman,364-100-125,Bottom,Octo,0
2018,West Washerwoman,364-100-194,Top,Octo,0
2018,West Washerwoman,364-100-194,Bottom,Octo,0
2018,West Washerwoman,364-500-104,Top,Octo,0
2018,West Washerwoman,364-500-104,Bottom,Octo,0
2018,West Washerwoman,364-500-120,Top,Octo,0
2018,West Washerwoman,364-500-120,Bottom,Octo,0
2018,West Washerwoman,364-500-170,Top,Octo,0
2018,West Washerwoman,364-500-170,Bottom,Octo,0
2018,West Washerwoman,364-500-198,Top,Octo,0
2018,West Washerwoman,364-500-198,Bottom,Octo,0
2018,Carysfort Shallow,501-100-010,Top,Octo,0
2018,Carysfort Shallow,501-100-010,Bottom,Octo,0
2018,Carysfort Shallow,501-100-159,Top,Octo,0
2018,Carysfort Shallow,501-100-159,Bottom,Octo,0
2018,Carysfort Shallow,501-500-016,Top,Octo,0
2018,Carysfort Shallow,501-500-016,Bottom,Octo,0
2018,Carysfort Shallow,501-500-034,Top,Octo,0
2018,Carysfort Shallow,501-500-084,Top,Octo,0
2018,Carysfort Shallow,501-500-084,Bottom,Octo,0
2018,Carysfort Shallow,502-100-144,Top,Octo,0
2018,Carysfort Shallow,502-100-144,Bottom,Octo,0
2018,Carysfort Shallow,502-100-181,Bottom,Octo,0
2018,Carysfort Shallow,502-500-028,Top,Octo,0
2018,Carysfort Shallow,502-500-028,Bottom,Octo,0
2018,Carysfort Shallow,502-500-045,Bottom,Octo,0
2018,Carysfort Shallow,502-500-045,Top,Octo,0
2018,Carysfort Shallow,502-500-115,Top,Octo,0
2018,Carysfort Shallow,502-500-115,Bottom,Octo,0
2018,Carysfort Shallow,503-100-044,Top,Octo,0
2018,Carysfort Shallow,503-100-044,Bottom,Octo,0
2018,Carysfort Shallow,503-100-070,Top,Octo,0
2018,Carysfort Shallow,503-100-070,Bottom,Octo,0
2018,Carysfort Shallow,503-100-089,Top,Octo,0
2018,Carysfort Shallow,503-100-089,Bottom,Octo,0
2018,Carysfort Shallow,503-100-183,Top,Octo,0
2018,Carysfort Shallow,503-100-183,Bottom,Octo,0
2018,Carysfort Shallow,503-500-063,Bottom,Octo,1
2018,Carysfort Shallow,503-500-063,Top,Octo,0
2018,Carysfort Shallow,503-500-092,Top,Octo,0
2018,Carysfort Shallow,503-500-092,Bottom,Octo,0
2018,Carysfort Shallow,503-500-118,Top,Octo,0
2018,Carysfort Shallow,503-500-118,Bottom,Octo,1
2018,Carysfort Shallow,503-500-145,Top,Octo,0
2018,Carysfort Shallow,503-500-145,Bottom,Octo,0
2018,Carysfort Shallow,504-100-019,Top,Octo,0
2018,Carysfort Shallow,504-100-019,Bottom,Octo,0
2018,Carysfort Shallow,504-100-138,Top,Octo,0
2018,Carysfort Shallow,504-100-138,Bottom,Octo,0
2018,Carysfort Shallow,504-100-171,Top,Octo,0
2018,Carysfort Shallow,504-100-171,Bottom,Octo,0
2018,Carysfort Shallow,504-100-184,Top,Octo,0
2018,Carysfort Shallow,504-100-184,Bottom,Octo,0
2018,Carysfort Shallow,504-500-021,Top,Octo,0
2018,Carysfort Shallow,504-500-021,Bottom,Octo,0
2018,Carysfort Shallow,504-500-060,Top,Octo,0
2018,Carysfort Shallow,504-500-060,Bottom,Octo,0
2018,Carysfort Shallow,504-500-159,Top,Octo,0
2018,Carysfort Shallow,504-500-159,Bottom,Octo,0
2018,Carysfort Shallow,504-500-210,Top,Octo,0
2018,Carysfort Shallow,504-500-210,Bottom,Octo,0
2018,Molasses Shallow,521-100-011,Bottom,Octo,0
2018,Molasses Shallow,521-100-011,Top,Octo,0
2018,Molasses Shallow,521-100-027,Top,Octo,0
2018,Molasses Shallow,521-100-027,Bottom,Octo,1
2018,Molasses Shallow,521-100-088,Top,Octo,0
2018,Molasses Shallow,521-100-088,Bottom,Octo,0
2018,Molasses Shallow,521-100-174,Top,Octo,0
2018,Molasses Shallow,521-100-174,Bottom,Octo,0
2018,Molasses Shallow,521-500-061,Bottom,Octo,0
2018,Molasses Shallow,521-500-061,Top,Octo,0
2018,Molasses Shallow,521-500-137,Top,Octo,0
2018,Molasses Shallow,521-500-137,Bottom,Octo,0
2018,Molasses Shallow,521-500-205,Bottom,Octo,0
2018,Molasses Shallow,521-500-205,Top,Octo,0
2018,Molasses Shallow,522-100-058,Top,Octo,0
2018,Molasses Shallow,522-100-058,Bottom,Octo,0
2018,Molasses Shallow,522-100-091,Top,Octo,0
2018,Molasses Shallow,522-100-091,Bottom,Octo,0
2018,Molasses Shallow,522-100-139,Top,Octo,0
2018,Molasses Shallow,522-100-139,Bottom,Octo,0
2018,Molasses Shallow,522-500-033,Top,Octo,0
2018,Molasses Shallow,522-500-033,Bottom,Octo,0
2018,Molasses Shallow,522-500-063,Bottom,Octo,0
2018,Molasses Shallow,522-500-063,Top,Octo,1
2018,Molasses Shallow,522-500-138,Top,Octo,0
2018,Molasses Shallow,522-500-138,Bottom,Octo,0
2018,Molasses Shallow,522-500-200,Bottom,Octo,1
2018,Molasses Shallow,522-500-200,Top,Octo,0
2018,Molasses Shallow,523-100-157,Top,Octo,0
2018,Molasses Shallow,523-500-063,Top,Octo,0
2018,Molasses Shallow,523-500-063,Bottom,Octo,0
2018,Molasses Shallow,523-500-101,Bottom,Octo,0
2018,Molasses Shallow,523-500-101,Top,Octo,0
2018,Molasses Shallow,523-500-167,Bottom,Octo,0
2018,Molasses Shallow,523-500-167,Top,Octo,0
2018,Molasses Shallow,524-100-019,Bottom,Octo,0
2018,Molasses Shallow,524-100-019,Top,Octo,0
2018,Molasses Shallow,524-100-051,Bottom,Octo,1
2018,Molasses Shallow,524-100-051,Top,Octo,0
2018,Molasses Shallow,524-100-132,Bottom,Octo,0
2018,Molasses Shallow,524-100-132,Top,Octo,0
2018,Molasses Shallow,524-100-163,Bottom,Octo,0
2018,Molasses Shallow,524-100-163,Top,Octo,0
2018,Molasses Shallow,524-500-019,Bottom,Octo,0
2018,Molasses Shallow,524-500-019,Top,Octo,0
2018,Molasses Shallow,524-500-036,Bottom,Octo,0
2018,Molasses Shallow,524-500-036,Top,Octo,0
2018,Molasses Shallow,524-500-089,Bottom,Octo,1
2018,Molasses Shallow,524-500-089,Top,Octo,0
2018,Molasses Shallow,524-500-165,Top,Octo,0
2018,Molasses Shallow,524-500-165,Bottom,Octo,0
2018,Tennessee Shallow,551-100-012,Top,Octo,0
2018,Tennessee Shallow,551-100-012,Bottom,Octo,0
2018,Tennessee Shallow,551-100-073,Top,Octo,1
2018,Tennessee Shallow,551-100-073,Bottom,Octo,0
2018,Tennessee Shallow,551-100-192,Bottom,Octo,0
2018,Tennessee Shallow,551-500-088,Top,Octo,0
2018,Tennessee Shallow,551-500-088,Bottom,Octo,0
2018,Tennessee Shallow,552-100-012,Top,Octo,0
2018,Tennessee Shallow,552-100-012,Bottom,Octo,0
2018,Tennessee Shallow,552-500-028,Bottom,Octo,0
2018,Tennessee Shallow,552-500-083,Top,Octo,0
2018,Tennessee Shallow,552-500-083,Bottom,Octo,0
2018,Tennessee Shallow,552-500-106,Bottom,Octo,0
2018,Tennessee Shallow,552-500-106,Top,Octo,0
2018,Tennessee Shallow,553-100-133,Top,Octo,0
2018,Tennessee Shallow,553-100-133,Bottom,Octo,0
2018,Tennessee Shallow,553-100-154,Top,Octo,0
2018,Tennessee Shallow,553-100-154,Bottom,Octo,1
2018,Tennessee Shallow,553-100-176,Top,Octo,0
2018,Tennessee Shallow,553-100-176,Bottom,Octo,0
2018,Tennessee Shallow,553-500-030,Top,Octo,1
2018,Tennessee Shallow,553-500-030,Bottom,Octo,0
2018,Tennessee Shallow,553-500-087,Bottom,Octo,0
2018,Tennessee Shallow,553-500-087,Top,Octo,0
2018,Tennessee Shallow,553-500-121,Top,Octo,0
2018,Tennessee Shallow,553-500-121,Bottom,Octo,0
2018,Tennessee Shallow,553-500-160,Top,Octo,1
2018,Tennessee Shallow,553-500-160,Bottom,Octo,0
2018,Tennessee Shallow,554-100-014,Top,Octo,0
2018,Tennessee Shallow,554-100-014,Bottom,Octo,0
2018,Tennessee Shallow,554-100-179,Top,Octo,0
2018,Tennessee Shallow,554-100-179,Bottom,Octo,0
2018,Tennessee Shallow,554-500-049,Top,Octo,0
2018,Tennessee Shallow,554-500-049,Bottom,Octo,0
2018,Tennessee Shallow,554-500-114,Top,Octo,0
2018,Tennessee Shallow,554-500-114,Bottom,Octo,0
2018,Tennessee Shallow,554-500-171,Top,Octo,0
2018,Tennessee Shallow,554-500-171,Bottom,Octo,0
2018,Sombrero Shallow,561-100-028,Bottom,Octo,0
2018,Sombrero Shallow,561-100-028,Top,Octo,0
2018,Sombrero Shallow,561-100-083,Top,Octo,0
2018,Sombrero Shallow,561-100-083,Bottom,Octo,0
2018,Sombrero Shallow,561-100-097,Top,Octo,0
2018,Sombrero Shallow,561-100-097,Bottom,Octo,0
2018,Sombrero Shallow,561-100-139,Top,Octo,0
2018,Sombrero Shallow,561-100-139,Bottom,Octo,0
2018,Sombrero Shallow,561-500-083,Bottom,Octo,0
2018,Sombrero Shallow,561-500-083,Top,Octo,0
2018,Sombrero Shallow,561-500-108,Bottom,Octo,0
2018,Sombrero Shallow,561-500-108,Top,Octo,0
2018,Sombrero Shallow,561-500-154,Bottom,Octo,0
2018,Sombrero Shallow,561-500-154,Top,Octo,0
2018,Sombrero Shallow,561-500-195,Bottom,Octo,0
2018,Sombrero Shallow,561-500-195,Top,Octo,0
2018,Sombrero Shallow,562-100-060,Top,Octo,0
2018,Sombrero Shallow,562-100-060,Bottom,Octo,0
2018,Sombrero Shallow,562-500-039,Top,Octo,0
2018,Sombrero Shallow,562-500-039,Bottom,Octo,0
2018,Sombrero Shallow,562-500-077,Top,Octo,0
2018,Sombrero Shallow,562-500-077,Bottom,Octo,0
2018,Sombrero Shallow,562-500-126,Top,Octo,0
2018,Sombrero Shallow,562-500-126,Bottom,Octo,0
2018,Sombrero Shallow,562-500-164,Top,Octo,0
2018,Sombrero Shallow,562-500-164,Bottom,Octo,0
2018,Sombrero Shallow,563-100-013,Top,Octo,0
2018,Sombrero Shallow,563-100-013,Bottom,Octo,0
2018,Sombrero Shallow,563-100-073,Top,Octo,0
2018,Sombrero Shallow,563-100-073,Bottom,Octo,0
2018,Sombrero Shallow,563-100-107,Top,Octo,0
2018,Sombrero Shallow,563-100-107,Bottom,Octo,0
2018,Sombrero Shallow,563-100-179,Top,Octo,0
2018,Sombrero Shallow,563-100-179,Bottom,Octo,0
2018,Sombrero Shallow,563-500-047,Top,Octo,0
2018,Sombrero Shallow,563-500-047,Bottom,Octo,0
2018,Sombrero Shallow,563-500-081,Top,Octo,0
2018,Sombrero Shallow,563-500-081,Bottom,Octo,0
2018,Sombrero Shallow,563-500-125,Top,Octo,0
2018,Sombrero Shallow,563-500-125,Bottom,Octo,0
2018,Sombrero Shallow,563-500-188,Top,Octo,0
2018,Sombrero Shallow,563-500-188,Bottom,Octo,0
2018,Sombrero Shallow,564-100-071,Bottom,Octo,0
2018,Sombrero Shallow,564-100-071,Top,Octo,0
2018,Sombrero Shallow,564-100-110,Bottom,Octo,0
2018,Sombrero Shallow,564-100-110,Top,Octo,0
2018,Sombrero Shallow,564-100-162,Top,Octo,0
2018,Sombrero Shallow,564-100-162,Bottom,Octo,0
2018,Sombrero Shallow,564-500-067,Top,Octo,0
2018,Sombrero Shallow,564-500-067,Bottom,Octo,0
2018,Sombrero Shallow,564-500-092,Top,Octo,0
2018,Sombrero Shallow,564-500-092,Bottom,Octo,0
2018,Sombrero Shallow,564-500-160,Top,Octo,0
2018,Sombrero Shallow,564-500-160,Bottom,Octo,0
2018,Sombrero Shallow,564-500-177,Top,Octo,0
2018,Sombrero Shallow,564-500-177,Bottom,Octo,0
2018,Western Sambo Shallow,591-100-031,Top,Octo,0
2018,Western Sambo Shallow,591-100-031,Bottom,Octo,0
2018,Western Sambo Shallow,591-100-052,Top,Octo,0
2018,Western Sambo Shallow,591-100-052,Bottom,Octo,0
2018,Western Sambo Shallow,591-100-154,Top,Octo,1
2018,Western Sambo Shallow,591-100-154,Bottom,Octo,0
2018,Western Sambo Shallow,591-500-019,Top,Octo,0
2018,Western Sambo Shallow,591-500-019,Bottom,Octo,0
2018,Western Sambo Shallow,591-500-157,Top,Octo,0
2018,Western Sambo Shallow,591-500-157,Bottom,Octo,0
2018,Western Sambo Shallow,592-100-039,Top,Octo,0
2018,Western Sambo Shallow,592-100-039,Bottom,Octo,0
2018,Western Sambo Shallow,592-100-115,Top,Octo,0
2018,Western Sambo Shallow,592-100-115,Bottom,Octo,0
2018,Western Sambo Shallow,592-100-162,Top,Octo,0
2018,Western Sambo Shallow,592-100-162,Bottom,Octo,0
2018,Western Sambo Shallow,592-100-199,Top,Octo,0
2018,Western Sambo Shallow,592-100-199,Bottom,Octo,0
2018,Western Sambo Shallow,592-500-053,Bottom,Octo,0
2018,Western Sambo Shallow,592-500-053,Top,Octo,0
2018,Western Sambo Shallow,592-500-112,Top,Octo,0
2018,Western Sambo Shallow,592-500-112,Bottom,Octo,0
2018,Western Sambo Shallow,592-500-148,Top,Octo,0
2018,Western Sambo Shallow,592-500-148,Bottom,Octo,0
2018,Western Sambo Shallow,592-500-243,Bottom,Octo,0
2018,Western Sambo Shallow,592-500-243,Top,Octo,0
2018,Western Sambo Shallow,593-100-015,Top,Octo,0
2018,Western Sambo Shallow,593-100-015,Bottom,Octo,0
2018,Western Sambo Shallow,593-100-063,Top,Octo,0
2018,Western Sambo Shallow,593-100-063,Bottom,Octo,0
2018,Western Sambo Shallow,593-100-109,Top,Octo,0
2018,Western Sambo Shallow,593-100-109,Bottom,Octo,0
2018,Western Sambo Shallow,593-500-022,Bottom,Octo,0
2018,Western Sambo Shallow,593-500-060,Bottom,Octo,0
2018,Western Sambo Shallow,593-500-134,Top,Octo,0
2018,Western Sambo Shallow,593-500-134,Bottom,Octo,0
2018,Western Sambo Shallow,594-100-021,Top,Octo,0
2018,Western Sambo Shallow,594-100-021,Bottom,Octo,0
2018,Western Sambo Shallow,594-100-073,Top,Octo,0
2018,Western Sambo Shallow,594-100-073,Bottom,Octo,0
2018,Western Sambo Shallow,594-100-124,Top,Octo,0
2018,Western Sambo Shallow,594-100-124,Bottom,Octo,0
2018,Western Sambo Shallow,594-100-174,Top,Octo,0
2018,Western Sambo Shallow,594-100-174,Bottom,Octo,0
2018,Western Sambo Shallow,594-500-011,Top,Octo,0
2018,Western Sambo Shallow,594-500-011,Bottom,Octo,0
2018,Western Sambo Shallow,594-500-035,Bottom,Octo,0
2018,Western Sambo Shallow,594-500-035,Top,Octo,0
2018,Western Sambo Shallow,594-500-149,Top,Octo,0
2018,Western Sambo Shallow,594-500-149,Bottom,Octo,0
2018,Western Sambo Shallow,594-500-189,Top,Octo,0
2018,Western Sambo Shallow,594-500-189,Bottom,Octo,0
2018,Sand Key Shallow,611-100-006,Top,Octo,0
2018,Sand Key Shallow,611-100-006,Bottom,Octo,0
2018,Sand Key Shallow,611-100-057,Bottom,Octo,0
2018,Sand Key Shallow,611-100-057,Top,Octo,0
2018,Sand Key Shallow,611-100-155,Top,Octo,0
2018,Sand Key Shallow,611-100-155,Bottom,Octo,0
2018,Sand Key Shallow,611-100-205,Top,Octo,0
2018,Sand Key Shallow,611-100-205,Bottom,Octo,0
2018,Sand Key Shallow,611-500-026,Top,Octo,0
2018,Sand Key Shallow,611-500-026,Bottom,Octo,0
2018,Sand Key Shallow,611-500-142,Top,Octo,0
2018,Sand Key Shallow,611-500-142,Bottom,Octo,0
2018,Sand Key Shallow,611-500-169,Top,Octo,0
2018,Sand Key Shallow,611-500-169,Bottom,Octo,0
2018,Sand Key Shallow,611-500-202,Top,Octo,0
2018,Sand Key Shallow,611-500-202,Bottom,Octo,0
2018,Sand Key Shallow,612-100-023,Top,Octo,0
2018,Sand Key Shallow,612-100-023,Bottom,Octo,1
2018,Sand Key Shallow,612-100-060,Top,Octo,0
2018,Sand Key Shallow,612-100-060,Bottom,Octo,0
2018,Sand Key Shallow,612-100-101,Top,Octo,0
2018,Sand Key Shallow,612-100-101,Bottom,Octo,0
2018,Sand Key Shallow,612-100-172,Top,Octo,0
2018,Sand Key Shallow,612-100-172,Bottom,Octo,0
2018,Sand Key Shallow,612-500-036,Bottom,Octo,0
2018,Sand Key Shallow,612-500-036,Top,Octo,0
2018,Sand Key Shallow,612-500-105,Bottom,Octo,0
2018,Sand Key Shallow,612-500-105,Top,Octo,0
2018,Sand Key Shallow,612-500-145,Top,Octo,0
2018,Sand Key Shallow,612-500-145,Bottom,Octo,0
2018,Sand Key Shallow,612-500-187,Bottom,Octo,0
2018,Sand Key Shallow,612-500-187,Top,Octo,0
2018,Sand Key Shallow,613-100-020,Top,Octo,0
2018,Sand Key Shallow,613-100-020,Bottom,Octo,0
2018,Sand Key Shallow,613-100-045,Top,Octo,0
2018,Sand Key Shallow,613-100-045,Bottom,Octo,0
2018,Sand Key Shallow,613-100-097,Top,Octo,0
2018,Sand Key Shallow,613-100-097,Bottom,Octo,0
2018,Sand Key Shallow,613-100-176,Top,Octo,0
2018,Sand Key Shallow,613-100-176,Bottom,Octo,0
2018,Sand Key Shallow,613-500-057,Bottom,Octo,0
2018,Sand Key Shallow,613-500-057,Top,Octo,0
2018,Sand Key Shallow,613-500-101,Bottom,Octo,0
2018,Sand Key Shallow,613-500-101,Top,Octo,0
2018,Sand Key Shallow,613-500-153,Top,Octo,0
2018,Sand Key Shallow,613-500-153,Bottom,Octo,0
2018,Sand Key Shallow,613-500-168,Top,Octo,0
2018,Sand Key Shallow,613-500-168,Bottom,Octo,0
2018,Sand Key Shallow,614-100-010,Bottom,Octo,0
2018,Sand Key Shallow,614-100-010,Top,Octo,0
2018,Sand Key Shallow,614-100-069,Top,Octo,0
2018,Sand Key Shallow,614-100-069,Bottom,Octo,0
2018,Sand Key Shallow,614-100-149,Top,Octo,0
2018,Sand Key Shallow,614-100-149,Bottom,Octo,0
2018,Sand Key Shallow,614-500-018,Top,Octo,0
2018,Sand Key Shallow,614-500-018,Bottom,Octo,0
2018,Sand Key Shallow,614-500-107,Top,Octo,0
2018,Sand Key Shallow,614-500-107,Bottom,Octo,0
2018,Carysfort Deep,701-100-007,Top,Octo,0
2018,Carysfort Deep,701-100-007,Bottom,Octo,2
2018,Carysfort Deep,701-100-055,Top,Octo,3
2018,Carysfort Deep,701-100-055,Bottom,Octo,0
2018,Carysfort Deep,701-100-106,Top,Octo,0
2018,Carysfort Deep,701-100-106,Bottom,Octo,2
2018,Carysfort Deep,701-100-197,Top,Octo,0
2018,Carysfort Deep,701-100-197,Bottom,Octo,0
2018,Carysfort Deep,701-500-011,Bottom,Octo,0
2018,Carysfort Deep,701-500-011,Top,Octo,1
2018,Carysfort Deep,701-500-075,Bottom,Octo,0
2018,Carysfort Deep,701-500-075,Top,Octo,0
2018,Carysfort Deep,701-500-105,Bottom,Octo,0
2018,Carysfort Deep,701-500-105,Top,Octo,0
2018,Carysfort Deep,701-500-157,Bottom,Octo,0
2018,Carysfort Deep,701-500-157,Top,Octo,0
2018,Carysfort Deep,702-100-032,Bottom,Octo,0
2018,Carysfort Deep,702-100-032,Top,Octo,0
2018,Carysfort Deep,702-100-137,Top,Octo,0
2018,Carysfort Deep,702-100-137,Bottom,Octo,1
2018,Carysfort Deep,702-100-174,Top,Octo,0
2018,Carysfort Deep,702-100-174,Bottom,Octo,1
2018,Carysfort Deep,702-100-206,Bottom,Octo,0
2018,Carysfort Deep,702-100-206,Top,Octo,0
2018,Carysfort Deep,702-500-035,Top,Octo,0
2018,Carysfort Deep,702-500-035,Bottom,Octo,0
2018,Carysfort Deep,702-500-077,Top,Octo,0
2018,Carysfort Deep,702-500-077,Bottom,Octo,0
2018,Carysfort Deep,702-500-101,Top,Octo,0
2018,Carysfort Deep,702-500-101,Bottom,Octo,0
2018,Carysfort Deep,703-100-032,Top,Octo,0
2018,Carysfort Deep,703-100-032,Bottom,Octo,1
2018,Carysfort Deep,703-100-073,Bottom,Octo,0
2018,Carysfort Deep,703-100-073,Top,Octo,0
2018,Carysfort Deep,703-100-146,Bottom,Octo,0
2018,Carysfort Deep,703-100-146,Top,Octo,0
2018,Carysfort Deep,703-100-175,Bottom,Octo,0
2018,Carysfort Deep,703-100-175,Top,Octo,0
2018,Carysfort Deep,703-500-029,Top,Octo,0
2018,Carysfort Deep,703-500-029,Bottom,Octo,0
2018,Carysfort Deep,703-500-100,Bottom,Octo,0
2018,Carysfort Deep,703-500-100,Top,Octo,0
2018,Carysfort Deep,703-500-123,Bottom,Octo,0
2018,Carysfort Deep,703-500-123,Top,Octo,0
2018,Carysfort Deep,703-500-172,Bottom,Octo,0
2018,Carysfort Deep,703-500-172,Top,Octo,1
2018,Carysfort Deep,704-100-009,Top,Octo,0
2018,Carysfort Deep,704-100-009,Bottom,Octo,0
2018,Carysfort Deep,704-100-111,Top,Octo,0
2018,Carysfort Deep,704-100-111,Bottom,Octo,0
2018,Carysfort Deep,704-100-169,Bottom,Octo,1
2018,Carysfort Deep,704-100-169,Top,Octo,0
2018,Carysfort Deep,704-100-221,Bottom,Octo,0
2018,Carysfort Deep,704-100-221,Top,Octo,0
2018,Carysfort Deep,704-500-016,Top,Octo,0
2018,Carysfort Deep,704-500-016,Bottom,Octo,1
2018,Carysfort Deep,704-500-135,Bottom,Octo,1
2018,Carysfort Deep,704-500-135,Top,Octo,0
2018,Carysfort Deep,704-500-156,Top,Octo,0
2018,Carysfort Deep,704-500-156,Bottom,Octo,0
2018,Carysfort Deep,704-500-172,Bottom,Octo,0
2018,Carysfort Deep,704-500-172,Top,Octo,0
2018,Molasses Deep,721-100-024,Bottom,Octo,0
2018,Molasses Deep,721-100-061,Bottom,Octo,0
2018,Molasses Deep,721-100-061,Top,Octo,0
2018,Molasses Deep,721-100-138,Top,Octo,0
2018,Molasses Deep,721-100-138,Bottom,Octo,0
2018,Molasses Deep,721-100-186,Bottom,Octo,0
2018,Molasses Deep,721-100-186,Top,Octo,0
2018,Molasses Deep,721-500-025,Top,Octo,0
2018,Molasses Deep,721-500-025,Bottom,Octo,1
2018,Molasses Deep,721-500-064,Top,Octo,0
2018,Molasses Deep,721-500-064,Bottom,Octo,0
2018,Molasses Deep,721-500-114,Bottom,Octo,0
2018,Molasses Deep,721-500-114,Top,Octo,0
2018,Molasses Deep,721-500-183,Top,Octo,0
2018,Molasses Deep,721-500-183,Bottom,Octo,0
2018,Molasses Deep,722-100-045,Top,Octo,0
2018,Molasses Deep,722-100-045,Bottom,Octo,0
2018,Molasses Deep,722-100-076,Bottom,Octo,0
2018,Molasses Deep,722-100-076,Top,Octo,0
2018,Molasses Deep,722-100-173,Bottom,Octo,0
2018,Molasses Deep,722-100-215,Top,Octo,0
2018,Molasses Deep,722-100-215,Bottom,Octo,0
2018,Molasses Deep,722-500-182,Top,Octo,1
2018,Molasses Deep,722-500-182,Bottom,Octo,0
2018,Molasses Deep,723-100-052,Top,Octo,1
2018,Molasses Deep,723-100-052,Bottom,Octo,0
2018,Molasses Deep,723-100-064,Top,Octo,0
2018,Molasses Deep,723-100-064,Bottom,Octo,0
2018,Molasses Deep,723-100-154,Bottom,Octo,1
2018,Molasses Deep,723-500-030,Bottom,Octo,0
2018,Molasses Deep,723-500-030,Top,Octo,0
2018,Molasses Deep,723-500-064,Top,Octo,0
2018,Molasses Deep,723-500-064,Bottom,Octo,0
2018,Molasses Deep,723-500-090,Top,Octo,0
2018,Molasses Deep,723-500-090,Bottom,Octo,0
2018,Molasses Deep,723-500-103,Top,Octo,0
2018,Molasses Deep,723-500-103,Bottom,Octo,0
2018,Molasses Deep,724-100-048,Top,Octo,0
2018,Molasses Deep,724-100-048,Bottom,Octo,3
2018,Molasses Deep,724-100-089,Bottom,Octo,0
2018,Molasses Deep,724-100-089,Top,Octo,0
2018,Molasses Deep,724-100-151,Top,Octo,0
2018,Molasses Deep,724-100-151,Bottom,Octo,0
2018,Molasses Deep,724-100-177,Top,Octo,0
2018,Molasses Deep,724-100-177,Bottom,Octo,0
2018,Molasses Deep,724-500-032,Top,Octo,0
2018,Molasses Deep,724-500-032,Bottom,Octo,0
2018,Molasses Deep,724-500-061,Top,Octo,0
2018,Molasses Deep,724-500-061,Bottom,Octo,0
2018,Molasses Deep,724-500-192,Top,Octo,0
2018,Molasses Deep,724-500-192,Bottom,Octo,0
2018,Tennessee Deep,751-100-118,Top,Octo,0
2018,Tennessee Deep,751-100-118,Bottom,Octo,0
2018,Tennessee Deep,751-500-105,Top,Octo,0
2018,Tennessee Deep,751-500-105,Bottom,Octo,0
2018,Tennessee Deep,752-100-072,Top,Octo,0
2018,Tennessee Deep,752-100-072,Bottom,Octo,0
2018,Tennessee Deep,752-100-135,Top,Octo,0
2018,Tennessee Deep,752-100-135,Bottom,Octo,0
2018,Tennessee Deep,752-100-225,Top,Octo,0
2018,Tennessee Deep,752-100-225,Bottom,Octo,0
2018,Tennessee Deep,752-500-023,Bottom,Octo,0
2018,Tennessee Deep,752-500-023,Top,Octo,0
2018,Tennessee Deep,752-500-141,Top,Octo,0
2018,Tennessee Deep,752-500-141,Bottom,Octo,0
2018,Tennessee Deep,752-500-188,Top,Octo,0
2018,Tennessee Deep,752-500-188,Bottom,Octo,0
2018,Tennessee Deep,753-100-085,Top,Octo,0
2018,Tennessee Deep,753-100-141,Top,Octo,0
2018,Tennessee Deep,753-100-141,Bottom,Octo,0
2018,Tennessee Deep,753-500-049,Bottom,Octo,0
2018,Tennessee Deep,753-500-049,Top,Octo,0
2018,Tennessee Deep,753-500-105,Bottom,Octo,0
2018,Tennessee Deep,753-500-105,Top,Octo,0
2018,Tennessee Deep,753-500-197,Bottom,Octo,0
2018,Tennessee Deep,753-500-197,Top,Octo,0
2018,Tennessee Deep,754-100-051,Top,Octo,0
2018,Tennessee Deep,754-100-051,Bottom,Octo,0
2018,Tennessee Deep,754-100-100,Bottom,Octo,0
2018,Tennessee Deep,754-100-100,Top,Octo,0
2018,Tennessee Deep,754-500-045,Bottom,Octo,0
2018,Tennessee Deep,754-500-092,Bottom,Octo,0
2018,Tennessee Deep,754-500-092,Top,Octo,0
2018,Sombrero Deep,761-100-009,Top,Octo,0
2018,Sombrero Deep,761-100-009,Bottom,Octo,0
2018,Sombrero Deep,761-100-028,Top,Octo,0
2018,Sombrero Deep,761-100-028,Bottom,Octo,0
2018,Sombrero Deep,761-100-081,Bottom,Octo,1
2018,Sombrero Deep,761-100-081,Top,Octo,2
2018,Sombrero Deep,761-100-139,Top,Octo,0
2018,Sombrero Deep,761-100-139,Bottom,Octo,0
2018,Sombrero Deep,761-500-101,Top,Octo,0
2018,Sombrero Deep,761-500-101,Bottom,Octo,0
2018,Sombrero Deep,761-500-147,Bottom,Octo,0
2018,Sombrero Deep,761-500-147,Top,Octo,1
2018,Sombrero Deep,762-100-056,Bottom,Octo,0
2018,Sombrero Deep,762-100-056,Top,Octo,0
2018,Sombrero Deep,762-100-067,Bottom,Octo,0
2018,Sombrero Deep,762-100-067,Top,Octo,0
2018,Sombrero Deep,762-100-158,Bottom,Octo,0
2018,Sombrero Deep,762-100-158,Top,Octo,0
2018,Sombrero Deep,762-500-005,Top,Octo,0
2018,Sombrero Deep,762-500-005,Bottom,Octo,0
2018,Sombrero Deep,762-500-066,Bottom,Octo,0
2018,Sombrero Deep,762-500-066,Top,Octo,0
2018,Sombrero Deep,762-500-110,Bottom,Octo,0
2018,Sombrero Deep,762-500-110,Top,Octo,1
2018,Sombrero Deep,763-100-085,Bottom,Octo,0
2018,Sombrero Deep,763-100-085,Top,Octo,0
2018,Sombrero Deep,763-100-108,Bottom,Octo,0
2018,Sombrero Deep,763-100-108,Top,Octo,0
2018,Sombrero Deep,763-100-174,Top,Octo,0
2018,Sombrero Deep,763-100-174,Bottom,Octo,0
2018,Sombrero Deep,763-500-085,Top,Octo,0
2018,Sombrero Deep,763-500-085,Bottom,Octo,0
2018,Sombrero Deep,763-500-109,Top,Octo,0
2018,Sombrero Deep,763-500-109,Bottom,Octo,0
2018,Sombrero Deep,763-500-198,Bottom,Octo,0
2018,Sombrero Deep,763-500-198,Top,Octo,0
2018,Sombrero Deep,764-100-017,Top,Octo,0
2018,Sombrero Deep,764-100-017,Bottom,Octo,0
2018,Sombrero Deep,764-100-137,Top,Octo,0
2018,Sombrero Deep,764-100-137,Bottom,Octo,0
2018,Sombrero Deep,764-100-185,Bottom,Octo,0
2018,Sombrero Deep,764-100-185,Top,Octo,0
2018,Sombrero Deep,764-500-012,Top,Octo,0
2018,Sombrero Deep,764-500-012,Bottom,Octo,0
2018,Sombrero Deep,764-500-092,Top,Octo,0
2018,Sombrero Deep,764-500-092,Bottom,Octo,0
2018,Sombrero Deep,764-500-111,Bottom,Octo,0
2018,Sombrero Deep,764-500-111,Top,Octo,0
2018,Sombrero Deep,764-500-188,Top,Octo,0
2018,Sombrero Deep,764-500-188,Bottom,Octo,0
2018,Western Sambo Deep,791-100-012,Top,Octo,1
2018,Western Sambo Deep,791-100-012,Bottom,Octo,0
2018,Western Sambo Deep,791-100-047,Top,Octo,0
2018,Western Sambo Deep,791-100-047,Bottom,Octo,0
2018,Western Sambo Deep,791-100-122,Top,Octo,3
2018,Western Sambo Deep,791-100-122,Bottom,Octo,0
2018,Western Sambo Deep,791-100-197,Top,Octo,1
2018,Western Sambo Deep,791-100-197,Bottom,Octo,1
2018,Western Sambo Deep,791-500-038,Top,Octo,0
2018,Western Sambo Deep,791-500-038,Bottom,Octo,0
2018,Western Sambo Deep,791-500-156,Top,Octo,0
2018,Western Sambo Deep,791-500-156,Bottom,Octo,0
2018,Western Sambo Deep,791-500-199,Top,Octo,0
2018,Western Sambo Deep,791-500-199,Bottom,Octo,0
2018,Western Sambo Deep,792-100-028,Top,Octo,0
2018,Western Sambo Deep,792-100-028,Bottom,Octo,0
2018,Western Sambo Deep,792-100-039,Top,Octo,0
2018,Western Sambo Deep,792-100-039,Bottom,Octo,0
2018,Western Sambo Deep,792-100-106,Top,Octo,0
2018,Western Sambo Deep,792-100-106,Bottom,Octo,0
2018,Western Sambo Deep,792-100-142,Bottom,Octo,0
2018,Western Sambo Deep,792-100-142,Top,Octo,1
2018,Western Sambo Deep,792-500-051,Top,Octo,2
2018,Western Sambo Deep,792-500-051,Bottom,Octo,0
2018,Western Sambo Deep,792-500-079,Bottom,Octo,0
2018,Western Sambo Deep,792-500-079,Top,Octo,0
2018,Western Sambo Deep,792-500-102,Top,Octo,0
2018,Western Sambo Deep,792-500-102,Bottom,Octo,0
2018,Western Sambo Deep,792-500-190,Bottom,Octo,0
2018,Western Sambo Deep,792-500-190,Top,Octo,0
2018,Western Sambo Deep,793-100-019,Top,Octo,0
2018,Western Sambo Deep,793-100-019,Bottom,Octo,0
2018,Western Sambo Deep,793-100-048,Top,Octo,0
2018,Western Sambo Deep,793-100-048,Bottom,Octo,0
2018,Western Sambo Deep,793-100-066,Top,Octo,0
2018,Western Sambo Deep,793-100-066,Bottom,Octo,0
2018,Western Sambo Deep,793-100-140,Bottom,Octo,0
2018,Western Sambo Deep,793-100-140,Top,Octo,0
2018,Western Sambo Deep,793-500-078,Bottom,Octo,0
2018,Western Sambo Deep,793-500-078,Top,Octo,0
2018,Western Sambo Deep,793-500-098,Top,Octo,0
2018,Western Sambo Deep,793-500-098,Bottom,Octo,0
2018,Western Sambo Deep,793-500-172,Bottom,Octo,0
2018,Western Sambo Deep,793-500-172,Top,Octo,1
2018,Western Sambo Deep,793-500-210,Bottom,Octo,0
2018,Western Sambo Deep,793-500-210,Top,Octo,1
2018,Western Sambo Deep,794-100-008,Top,Octo,1
2018,Western Sambo Deep,794-100-008,Bottom,Octo,0
2018,Western Sambo Deep,794-100-156,Bottom,Octo,0
2018,Western Sambo Deep,794-100-156,Top,Octo,0
2018,Western Sambo Deep,794-100-199,Top,Octo,0
2018,Western Sambo Deep,794-100-199,Bottom,Octo,0
2018,Western Sambo Deep,794-500-058,Top,Octo,0
2018,Western Sambo Deep,794-500-058,Bottom,Octo,0
2018,Western Sambo Deep,794-500-122,Top,Octo,1
2018,Western Sambo Deep,794-500-122,Bottom,Octo,0
2018,Western Sambo Deep,794-500-199,Top,Octo,3
2018,Western Sambo Deep,794-500-199,Bottom,Octo,2
2018,Sand Key Deep,811-100-019,Bottom,Octo,0
2018,Sand Key Deep,811-100-019,Top,Octo,0
2018,Sand Key Deep,811-100-103,Top,Octo,1
2018,Sand Key Deep,811-100-103,Bottom,Octo,0
2018,Sand Key Deep,811-100-119,Bottom,Octo,0
2018,Sand Key Deep,811-100-119,Top,Octo,1
2018,Sand Key Deep,811-100-197,Top,Octo,1
2018,Sand Key Deep,811-100-197,Bottom,Octo,0
2018,Sand Key Deep,811-500-074,Top,Octo,0
2018,Sand Key Deep,811-500-074,Bottom,Octo,0
2018,Sand Key Deep,811-500-114,Top,Octo,2
2018,Sand Key Deep,811-500-114,Bottom,Octo,0
2018,Sand Key Deep,811-500-155,Bottom,Octo,0
2018,Sand Key Deep,811-500-155,Top,Octo,0
2018,Sand Key Deep,811-500-197,Top,Octo,0
2018,Sand Key Deep,811-500-197,Bottom,Octo,0
2018,Sand Key Deep,812-100-018,Bottom,Octo,0
2018,Sand Key Deep,812-100-018,Top,Octo,0
2018,Sand Key Deep,812-100-041,Top,Octo,0
2018,Sand Key Deep,812-100-041,Bottom,Octo,0
2018,Sand Key Deep,812-100-112,Top,Octo,0
2018,Sand Key Deep,812-100-112,Bottom,Octo,0
2018,Sand Key Deep,812-100-168,Top,Octo,0
2018,Sand Key Deep,812-100-168,Bottom,Octo,0
2018,Sand Key Deep,812-500-029,Top,Octo,0
2018,Sand Key Deep,812-500-029,Bottom,Octo,0
2018,Sand Key Deep,812-500-132,Top,Octo,0
2018,Sand Key Deep,812-500-132,Bottom,Octo,0
2018,Sand Key Deep,812-500-180,Top,Octo,1
2018,Sand Key Deep,812-500-180,Bottom,Octo,0
2018,Sand Key Deep,812-500-212,Top,Octo,0
2018,Sand Key Deep,812-500-212,Bottom,Octo,0
2018,Sand Key Deep,813-100-030,Bottom,Octo,0
2018,Sand Key Deep,813-100-030,Top,Octo,0
2018,Sand Key Deep,813-100-132,Top,Octo,0
2018,Sand Key Deep,813-100-132,Bottom,Octo,0
2018,Sand Key Deep,813-100-169,Bottom,Octo,0
2018,Sand Key Deep,813-100-169,Top,Octo,0
2018,Sand Key Deep,813-500-041,Top,Octo,1
2018,Sand Key Deep,813-500-041,Bottom,Octo,0
2018,Sand Key Deep,813-500-085,Top,Octo,1
2018,Sand Key Deep,813-500-085,Bottom,Octo,0
2018,Sand Key Deep,813-500-156,Top,Octo,0
2018,Sand Key Deep,813-500-156,Bottom,Octo,0
2018,Sand Key Deep,813-500-218,Top,Octo,0
2018,Sand Key Deep,813-500-218,Bottom,Octo,0
2018,Sand Key Deep,814-100-016,Top,Octo,2
2018,Sand Key Deep,814-100-016,Bottom,Octo,0
2018,Sand Key Deep,814-100-044,Top,Octo,0
2018,Sand Key Deep,814-100-044,Bottom,Octo,0
2018,Sand Key Deep,814-100-099,Bottom,Octo,0
2018,Sand Key Deep,814-100-099,Top,Octo,0
2018,Sand Key Deep,814-100-178,Top,Octo,0
2018,Sand Key Deep,814-100-178,Bottom,Octo,0
2018,Sand Key Deep,814-500-027,Top,Octo,0
2018,Sand Key Deep,814-500-027,Bottom,Octo,0
2018,Sand Key Deep,814-500-054,Top,Octo,0
2018,Sand Key Deep,814-500-054,Bottom,Octo,0
2018,Sand Key Deep,814-500-117,Bottom,Octo,0
2018,Sand Key Deep,814-500-117,Top,Octo,0
2018,Sand Key Deep,814-500-178,Top,Octo,0
2018,Sand Key Deep,814-500-178,Bottom,Octo,0