Project_Year,Survey_Year,Survey_Month,Survey_Date,Region,Habitat,Site_Name,Station,Quadrat,Octo,Colony_Type,ID,Genus,Height
2015,2015,Sept,9/25/2015,LK,P,Red Dun Reef,261,261-100-010,0,NA,NA,NA,NA
2015,2015,Sept,9/25/2015,LK,P,Red Dun Reef,261,261-100-069,0,NA,NA,NA,NA
2015,2015,Sept,9/25/2015,LK,P,Red Dun Reef,261,261-100-093,1,Juv,EUNI,EUNI,21
2015,2015,Sept,9/25/2015,LK,P,Red Dun Reef,261,261-100-093,1,Juv,EUNI,EUNI,22
2015,2015,Sept,9/25/2015,LK,P,Red Dun Reef,261,261-100-093,1,Juv,EUNI,EUNI,29
2015,2015,Sept,9/25/2015,LK,P,Red Dun Reef,261,261-100-093,1,Juv,EUNI,EUNI,30
2015,2015,Sept,9/25/2015,LK,P,Red Dun Reef,261,261-100-093,1,Juv,PLEX,PLEX,28
2015,2015,Sept,9/25/2015,LK,P,Red Dun Reef,261,261-100-093,1,Juv,PLEX,PLEX,30
2015,2015,Sept,9/25/2015,LK,P,Red Dun Reef,261,261-100-093,1,Juv,PLEX,PLEX,15
2015,2015,Sept,9/25/2015,LK,P,Red Dun Reef,261,261-100-093,1,Juv,PLEX,PLEX,17
2015,2015,Sept,9/25/2015,LK,P,Red Dun Reef,261,261-100-197,1,Juv,PLEX,PLEX,13
2015,2015,Sept,9/25/2015,LK,P,Red Dun Reef,261,261-500-066,0,NA,NA,NA,NA
2015,2015,Sept,9/25/2015,LK,P,Red Dun Reef,261,261-500-076,0,NA,NA,NA,NA
2015,2015,Sept,9/25/2015,LK,P,Red Dun Reef,261,261-500-148,0,NA,NA,NA,NA
2015,2015,Sept,9/25/2015,LK,P,Red Dun Reef,261,261-500-196,0,NA,NA,NA,NA
2015,2015,Sept,9/26/2015,LK,P,Red Dun Reef,262,262-100-006,0,NA,NA,NA,NA
2015,2015,Sept,9/26/2015,LK,P,Red Dun Reef,262,262-100-051,0,NA,NA,NA,NA
2015,2015,Sept,9/26/2015,LK,P,Red Dun Reef,262,262-100-088,1,Juv,EUNI,EUNI,10
2015,2015,Sept,9/26/2015,LK,P,Red Dun Reef,262,262-100-088,1,Juv,PPOR,PSEU,33
2015,2015,Sept,9/26/2015,LK,P,Red Dun Reef,262,262-100-137,0,NA,NA,NA,NA
2015,2015,Sept,9/26/2015,LK,P,Red Dun Reef,262,262-500-040,0,NA,NA,NA,NA
2015,2015,Sept,9/26/2015,LK,P,Red Dun Reef,262,262-500-069,0,NA,NA,NA,NA
2015,2015,Sept,9/26/2015,LK,P,Red Dun Reef,262,262-500-115,0,NA,NA,NA,NA
2015,2015,Sept,9/25/2015,LK,P,Red Dun Reef,262,262-500-219,1,Juv,EUNI,EUNI,31
2015,2015,Sept,9/25/2015,LK,P,Red Dun Reef,262,262-500-219,1,Juv,PLEX,PLEX,14
2015,2015,Sept,9/25/2015,LK,P,Red Dun Reef,263,263-100-000,0,NA,NA,NA,NA
2015,2015,Sept,9/25/2015,LK,P,Red Dun Reef,263,263-100-028,0,NA,NA,NA,NA
2015,2015,Sept,9/25/2015,LK,P,Red Dun Reef,263,263-100-083,1,Juv,EUNI,EUNI,20
2015,2015,Sept,9/25/2015,LK,P,Red Dun Reef,263,263-100-181,0,NA,NA,NA,NA
2015,2015,Sept,9/25/2015,LK,P,Red Dun Reef,263,263-500-015,0,NA,NA,NA,NA
2015,2015,Sept,9/25/2015,LK,P,Red Dun Reef,263,263-500-118,1,Juv,PLEX,PLEX,18
2015,2015,Sept,9/25/2015,LK,P,Red Dun Reef,263,263-500-118,1,Juv,PSEU,PSEU,17
2015,2015,Sept,9/25/2015,LK,P,Red Dun Reef,263,263-500-118,1,Juv,UNKO,UNKO,1
2015,2015,Sept,9/25/2015,LK,P,Red Dun Reef,263,263-500-137,0,NA,NA,NA,NA
2015,2015,Sept,9/25/2015,LK,P,Red Dun Reef,263,263-500-158,0,NA,NA,NA,NA
2015,2015,Sept,9/25/2015,LK,P,Red Dun Reef,264,264-100-025,0,NA,NA,NA,NA
2015,2015,Sept,9/25/2015,LK,P,Red Dun Reef,264,264-100-069,0,NA,NA,NA,NA
2015,2015,Sept,9/25/2015,LK,P,Red Dun Reef,264,264-100-091,0,NA,NA,NA,NA
2015,2015,Sept,9/25/2015,LK,P,Red Dun Reef,264,264-100-133,1,Juv,EUNI,EUNI,5
2015,2015,Sept,9/25/2015,LK,P,Red Dun Reef,264,264-500-016,0,NA,NA,NA,NA
2015,2015,Sept,9/25/2015,LK,P,Red Dun Reef,264,264-500-033,0,NA,NA,NA,NA
2015,2015,Sept,9/25/2015,LK,P,Red Dun Reef,264,264-500-147,1,Juv,ANTI,ANTI,5
2015,2015,Sept,9/25/2015,LK,P,Red Dun Reef,264,264-500-147,1,Juv,PPOR,PSEU,22
2015,2015,Sept,9/25/2015,LK,P,Red Dun Reef,264,264-500-172,0,NA,NA,NA,NA
2015,2015,July,7/16/2015,UK,P,Porter Patch,321,321-100-017,1,Juv,PAME,ANTI,32
2015,2015,July,7/16/2015,UK,P,Porter Patch,321,321-100-017,1,Juv,EUNI,EUNI,14
2015,2015,July,7/16/2015,UK,P,Porter Patch,321,321-100-017,1,Juv,GVEN,GVEN,15
2015,2015,July,7/16/2015,UK,P,Porter Patch,321,321-100-017,1,Juv,GVEN,GVEN,34
2015,2015,July,7/16/2015,UK,P,Porter Patch,321,321-100-017,1,Juv,GVEN,GVEN,12
2015,2015,July,7/16/2015,UK,P,Porter Patch,321,321-100-017,1,Juv,GVEN,GVEN,39
2015,2015,July,7/16/2015,UK,P,Porter Patch,321,321-100-017,1,Juv,GVEN,GVEN,4
2015,2015,July,7/16/2015,UK,P,Porter Patch,321,321-100-017,1,Juv,MURO,MURO,14
2015,2015,July,7/16/2015,UK,P,Porter Patch,321,321-100-017,1,Juv,MURO,MURO,15
2015,2015,July,7/16/2015,UK,P,Porter Patch,321,321-100-017,1,Juv,PLEL,PLEL,12
2015,2015,July,7/16/2015,UK,P,Porter Patch,321,321-100-017,1,Juv,PLEX,PLEX,39
2015,2015,July,7/16/2015,UK,P,Porter Patch,321,321-100-017,1,Juv,UNKO,UNKO,3
2015,2015,July,7/16/2015,UK,P,Porter Patch,321,321-100-058,1,Juv,GVEN,GVEN,19
2015,2015,July,7/16/2015,UK,P,Porter Patch,321,321-100-058,1,Juv,GVEN,GVEN,8
2015,2015,July,7/16/2015,UK,P,Porter Patch,321,321-100-058,1,Juv,GVEN,GVEN,9
2015,2015,Sept,9/1/2015,UK,P,Porter Patch,321,321-100-136,1,Juv,PFLE,EUNI,7
2015,2015,Sept,9/1/2015,UK,P,Porter Patch,321,321-100-136,1,Juv,PFLE,EUNI,11
2015,2015,Sept,9/1/2015,UK,P,Porter Patch,321,321-100-136,1,Juv,MURI,MURI,7
2015,2015,Sept,9/1/2015,UK,P,Porter Patch,321,321-100-163,1,Juv,ANTI/GVEN,AG,6
2015,2015,Sept,9/1/2015,UK,P,Porter Patch,321,321-100-163,1,Juv,ANTI,ANTI,8
2015,2015,Sept,9/1/2015,UK,P,Porter Patch,321,321-100-163,1,Juv,PFLE,EUNI,13
2015,2015,Sept,9/1/2015,UK,P,Porter Patch,321,321-100-163,1,Juv,GVEN,GVEN,39
2015,2015,Sept,9/1/2015,UK,P,Porter Patch,321,321-100-163,1,Juv,UNKO,UNKO,3
2015,2015,Sept,9/1/2015,UK,P,Porter Patch,321,321-100-163,1,Juv,UNKO,UNKO,3
2015,2015,July,7/16/2015,UK,P,Porter Patch,321,321-500-024,1,Juv,ANTI,ANTI,17
2015,2015,July,7/16/2015,UK,P,Porter Patch,321,321-500-024,1,Juv,EUNI,EUNI,11
2015,2015,July,7/16/2015,UK,P,Porter Patch,321,321-500-024,1,Juv,EUNI,EUNI,18
2015,2015,July,7/16/2015,UK,P,Porter Patch,321,321-500-024,1,Juv,GVEN,GVEN,24
2015,2015,July,7/16/2015,UK,P,Porter Patch,321,321-500-024,1,Juv,GVEN,GVEN,35
2015,2015,July,7/16/2015,UK,P,Porter Patch,321,321-500-024,1,Juv,GVEN,GVEN,15
2015,2015,July,7/16/2015,UK,P,Porter Patch,321,321-500-024,1,Juv,GVEN,GVEN,19
2015,2015,July,7/16/2015,UK,P,Porter Patch,321,321-500-024,1,Juv,PSEU,PSEU,22
2015,2015,July,7/16/2015,UK,P,Porter Patch,321,321-500-049,1,Juv,PAME,ANTI,35
2015,2015,July,7/16/2015,UK,P,Porter Patch,321,321-500-085,1,Juv,PAME,ANTI,14
2015,2015,July,7/16/2015,UK,P,Porter Patch,321,321-500-085,1,Juv,BRIA,BRIA,20
2015,2015,July,7/16/2015,UK,P,Porter Patch,321,321-500-085,1,Juv,GVEN,GVEN,19
2015,2015,July,7/16/2015,UK,P,Porter Patch,321,321-500-085,1,Juv,GVEN,GVEN,26
2015,2015,July,7/16/2015,UK,P,Porter Patch,321,321-500-085,1,Juv,GVEN,GVEN,39
2015,2015,July,7/16/2015,UK,P,Porter Patch,321,321-500-085,1,Juv,GVEN,GVEN,9
2015,2015,July,7/16/2015,UK,P,Porter Patch,321,321-500-085,1,Juv,GVEN,GVEN,29
2015,2015,July,7/16/2015,UK,P,Porter Patch,321,321-500-085,1,Juv,GVEN,GVEN,21
2015,2015,July,7/16/2015,UK,P,Porter Patch,321,321-500-085,1,Juv,MURO,MURO,12
2015,2015,July,7/16/2015,UK,P,Porter Patch,321,321-500-085,1,Juv,PLEX,PLEX,11
2015,2015,July,7/16/2015,UK,P,Porter Patch,321,321-500-212,1,Juv,EUNI,EUNI,14
2015,2015,July,7/16/2015,UK,P,Porter Patch,321,321-500-212,1,Juv,EUNI,EUNI,7
2015,2015,July,7/16/2015,UK,P,Porter Patch,321,321-500-212,1,Juv,EUNI,EUNI,21
2015,2015,July,7/16/2015,UK,P,Porter Patch,321,321-500-212,1,Juv,UNKO,UNKO,16
2015,2015,July,7/17/2015,UK,P,Porter Patch,322,322-100-026,1,Juv,ANTI,ANTI,21
2015,2015,July,7/17/2015,UK,P,Porter Patch,322,322-100-026,1,Juv,PAME,ANTI,12
2015,2015,July,7/17/2015,UK,P,Porter Patch,322,322-100-026,1,Juv,EUNI,EUNI,22
2015,2015,July,7/17/2015,UK,P,Porter Patch,322,322-100-026,1,Juv,EUNI,EUNI,14
2015,2015,July,7/17/2015,UK,P,Porter Patch,322,322-100-026,1,Juv,EUNI,EUNI,28
2015,2015,July,7/17/2015,UK,P,Porter Patch,322,322-100-026,1,Juv,EUNI,EUNI,12
2015,2015,July,7/17/2015,UK,P,Porter Patch,322,322-100-069,1,Juv,GVEN,GVEN,31
2015,2015,July,7/17/2015,UK,P,Porter Patch,322,322-100-118,1,Juv,PAME,ANTI,10
2015,2015,July,7/17/2015,UK,P,Porter Patch,322,322-100-118,1,Juv,PSEU,PSEU,22
2015,2015,July,7/17/2015,UK,P,Porter Patch,322,322-100-202,1,Juv,PLEX,PLEX,26
2015,2015,July,7/17/2015,UK,P,Porter Patch,322,322-100-223,0,NA,NA,NA,NA
2015,2015,July,7/17/2015,UK,P,Porter Patch,322,322-500-059,1,Juv,PAME,ANTI,16
2015,2015,July,7/17/2015,UK,P,Porter Patch,322,322-500-059,1,Juv,PAME,ANTI,34
2015,2015,July,7/17/2015,UK,P,Porter Patch,322,322-500-059,1,Juv,EUNI,EUNI,11
2015,2015,July,7/17/2015,UK,P,Porter Patch,322,322-500-059,1,Juv,EUNI,EUNI,5
2015,2015,July,7/17/2015,UK,P,Porter Patch,322,322-500-059,1,Juv,GVEN,GVEN,20
2015,2015,July,7/17/2015,UK,P,Porter Patch,322,322-500-059,1,Juv,MURO,MURO,16
2015,2015,July,7/17/2015,UK,P,Porter Patch,322,322-500-059,1,Juv,PLEX,PLEX,17
2015,2015,July,7/17/2015,UK,P,Porter Patch,322,322-500-059,1,Juv,PLEX,PLEX,24
2015,2015,July,7/17/2015,UK,P,Porter Patch,322,322-500-059,1,Juv,PLEX,PLEX,6
2015,2015,July,7/17/2015,UK,P,Porter Patch,322,322-500-059,1,Juv,PSEU,PSEU,38
2015,2015,July,7/17/2015,UK,P,Porter Patch,322,322-500-070,1,Juv,PAME,ANTI,6
2015,2015,July,7/17/2015,UK,P,Porter Patch,322,322-500-070,1,Juv,PAME,ANTI,29
2015,2015,July,7/17/2015,UK,P,Porter Patch,322,322-500-070,1,Juv,BRIA,BRIA,21
2015,2015,July,7/17/2015,UK,P,Porter Patch,322,322-500-070,1,Juv,EUNI,EUNI,9
2015,2015,July,7/17/2015,UK,P,Porter Patch,322,322-500-070,1,Juv,PFLE,EUNI,27
2015,2015,July,7/17/2015,UK,P,Porter Patch,322,322-500-070,1,Juv,GVEN,GVEN,25
2015,2015,July,7/17/2015,UK,P,Porter Patch,322,322-500-070,1,Juv,PLEX,PLEX,28
2015,2015,July,7/17/2015,UK,P,Porter Patch,322,322-500-091,1,Juv,GVEN,GVEN,35
2015,2015,July,7/17/2015,UK,P,Porter Patch,323,323-100-021,1,Juv,PAME,ANTI,22
2015,2015,July,7/17/2015,UK,P,Porter Patch,323,323-100-021,1,Juv,PAME,ANTI,14
2015,2015,July,7/17/2015,UK,P,Porter Patch,323,323-100-021,1,Juv,EUNI,EUNI,25
2015,2015,July,7/17/2015,UK,P,Porter Patch,323,323-100-021,1,Juv,GVEN,GVEN,25
2015,2015,July,7/17/2015,UK,P,Porter Patch,323,323-100-021,1,Juv,PLEL,PLEL,12
2015,2015,July,7/17/2015,UK,P,Porter Patch,323,323-100-072,1,Juv,PAME,ANTI,22
2015,2015,July,7/17/2015,UK,P,Porter Patch,323,323-100-072,1,Juv,PAME,ANTI,33
2015,2015,July,7/17/2015,UK,P,Porter Patch,323,323-100-072,1,Juv,GVEN,GVEN,37
2015,2015,July,7/17/2015,UK,P,Porter Patch,323,323-100-072,1,Juv,GVEN,GVEN,34
2015,2015,July,7/17/2015,UK,P,Porter Patch,323,323-100-115,1,Juv,ANTI/GVEN,AG,22
2015,2015,July,7/17/2015,UK,P,Porter Patch,323,323-100-115,1,Juv,PAME,ANTI,11
2015,2015,July,7/17/2015,UK,P,Porter Patch,323,323-100-115,1,Juv,EUNI,EUNI,17
2015,2015,July,7/17/2015,UK,P,Porter Patch,323,323-100-115,1,Juv,EUNI,EUNI,39
2015,2015,July,7/17/2015,UK,P,Porter Patch,323,323-100-115,1,Juv,EUNI,EUNI,21
2015,2015,July,7/17/2015,UK,P,Porter Patch,323,323-100-115,1,Juv,EUNI,EUNI,17
2015,2015,July,7/17/2015,UK,P,Porter Patch,323,323-100-115,1,Juv,EUNI,EUNI,5
2015,2015,July,7/17/2015,UK,P,Porter Patch,323,323-100-115,1,Juv,GVEN,GVEN,25
2015,2015,July,7/17/2015,UK,P,Porter Patch,323,323-100-115,1,Juv,GVEN,GVEN,31
2015,2015,July,7/17/2015,UK,P,Porter Patch,323,323-100-115,1,Juv,GVEN,GVEN,21
2015,2015,July,7/17/2015,UK,P,Porter Patch,323,323-100-115,1,Juv,GVEN,GVEN,24
2015,2015,July,7/17/2015,UK,P,Porter Patch,323,323-100-115,1,Juv,PLEL,PLEL,18
2015,2015,July,7/17/2015,UK,P,Porter Patch,323,323-100-115,1,Juv,PLEL,PLEL,6
2015,2015,July,7/17/2015,UK,P,Porter Patch,323,323-100-115,1,Juv,UNKO,UNKO,6
2015,2015,July,7/17/2015,UK,P,Porter Patch,323,323-100-126,1,Juv,ANTI/GVEN,AG,9
2015,2015,July,7/17/2015,UK,P,Porter Patch,323,323-100-126,1,Juv,EUNI,EUNI,12
2015,2015,July,7/17/2015,UK,P,Porter Patch,323,323-100-126,1,Juv,EUNI,EUNI,9
2015,2015,July,7/17/2015,UK,P,Porter Patch,323,323-100-126,1,Juv,EUNI,EUNI,10
2015,2015,July,7/17/2015,UK,P,Porter Patch,323,323-100-126,1,Juv,PFLE,EUNI,12
2015,2015,July,7/17/2015,UK,P,Porter Patch,323,323-100-126,1,Juv,PFLE,EUNI,17
2015,2015,July,7/17/2015,UK,P,Porter Patch,323,323-100-126,1,Juv,GVEN,GVEN,38
2015,2015,July,7/17/2015,UK,P,Porter Patch,323,323-100-126,1,Juv,UNKO,UNKO,6
2015,2015,Sept,9/1/2015,UK,P,Porter Patch,323,323-100-223,1,Juv,GVEN,GVEN,25
2015,2015,Sept,9/1/2015,UK,P,Porter Patch,323,323-100-223,1,Juv,PLEX,PLEX,16
2015,2015,Sept,9/1/2015,UK,P,Porter Patch,323,323-500-064,1,Juv,EUNI,EUNI,17
2015,2015,Sept,9/1/2015,UK,P,Porter Patch,323,323-500-064,1,Juv,EUNI,EUNI,5
2015,2015,Sept,9/1/2015,UK,P,Porter Patch,323,323-500-064,1,Juv,EUNI,EUNI,7
2015,2015,Sept,9/1/2015,UK,P,Porter Patch,323,323-500-064,1,Juv,PFLE,EUNI,12
2015,2015,Sept,9/1/2015,UK,P,Porter Patch,323,323-500-064,1,Juv,MURO,MURO,10
2015,2015,Sept,9/1/2015,UK,P,Porter Patch,323,323-500-064,1,Juv,PPOR,PSEU,13
2015,2015,Sept,9/1/2015,UK,P,Porter Patch,323,323-500-144,1,Juv,ANTI,ANTI,29
2015,2015,Sept,9/1/2015,UK,P,Porter Patch,323,323-500-144,1,Juv,BRIA,BRIA,10
2015,2015,Sept,9/1/2015,UK,P,Porter Patch,323,323-500-156,1,Juv,ANTI/GVEN,AG,17
2015,2015,Sept,9/1/2015,UK,P,Porter Patch,323,323-500-156,1,Juv,ANTI,ANTI,16
2015,2015,Sept,9/1/2015,UK,P,Porter Patch,323,323-500-156,1,Juv,PAME,ANTI,18
2015,2015,Sept,9/1/2015,UK,P,Porter Patch,323,323-500-156,1,Juv,PAME,ANTI,23
2015,2015,Sept,9/1/2015,UK,P,Porter Patch,323,323-500-156,1,Juv,PFLE,EUNI,19
2015,2015,Sept,9/1/2015,UK,P,Porter Patch,323,323-500-156,1,Juv,GVEN,GVEN,20
2015,2015,Sept,9/1/2015,UK,P,Porter Patch,323,323-500-156,1,Juv,GVEN,GVEN,20
2015,2015,Sept,9/1/2015,UK,P,Porter Patch,323,323-500-156,1,Juv,PLEX,PLEX,7
2015,2015,July,7/17/2015,UK,P,Porter Patch,324,324-100-022,1,Juv,ANTI,ANTI,22
2015,2015,July,7/17/2015,UK,P,Porter Patch,324,324-100-022,1,Juv,EUNI,EUNI,18
2015,2015,July,7/17/2015,UK,P,Porter Patch,324,324-100-022,1,Juv,PFLE,EUNI,17
2015,2015,July,7/17/2015,UK,P,Porter Patch,324,324-100-022,1,Juv,GVEN,GVEN,33
2015,2015,July,7/17/2015,UK,P,Porter Patch,324,324-100-022,1,Juv,GVEN,GVEN,25
2015,2015,July,7/17/2015,UK,P,Porter Patch,324,324-100-022,1,Juv,PPOR,PSEU,11
2015,2015,July,7/16/2015,UK,P,Porter Patch,324,324-100-046,1,Juv,EUNI,EUNI,6
2015,2015,July,7/16/2015,UK,P,Porter Patch,324,324-100-046,1,Juv,GVEN,GVEN,14
2015,2015,July,7/16/2015,UK,P,Porter Patch,324,324-100-046,1,Juv,GVEN,GVEN,28
2015,2015,July,7/16/2015,UK,P,Porter Patch,324,324-100-046,1,Juv,GVEN,GVEN,9
2015,2015,July,7/16/2015,UK,P,Porter Patch,324,324-100-046,1,Juv,GVEN,GVEN,3
2015,2015,July,7/17/2015,UK,P,Porter Patch,324,324-100-095,1,Juv,EUNI,EUNI,9
2015,2015,July,7/17/2015,UK,P,Porter Patch,324,324-100-095,1,Juv,GVEN,GVEN,11
2015,2015,July,7/17/2015,UK,P,Porter Patch,324,324-100-095,1,Juv,GVEN,GVEN,35
2015,2015,July,7/17/2015,UK,P,Porter Patch,324,324-100-095,1,Juv,GVEN,GVEN,17
2015,2015,Sept,9/1/2015,UK,P,Porter Patch,324,324-100-199,0,NA,NA,NA,NA
2015,2015,Sept,9/1/2015,UK,P,Porter Patch,324,324-500-036,1,Juv,PSEU,PSEU,11
2015,2015,Sept,9/1/2015,UK,P,Porter Patch,324,324-500-064,1,Juv,PAME,ANTI,25
2015,2015,Sept,9/1/2015,UK,P,Porter Patch,324,324-500-064,1,Juv,PFLE,EUNI,11
2015,2015,Sept,9/1/2015,UK,P,Porter Patch,324,324-500-158,1,Juv,ANTI/GVEN,AG,6
2015,2015,Sept,9/1/2015,UK,P,Porter Patch,324,324-500-158,1,Juv,BRIA,BRIA,12
2015,2015,Sept,9/1/2015,UK,P,Porter Patch,324,324-500-158,1,Juv,EUNI,EUNI,8
2015,2015,Sept,9/1/2015,UK,P,Porter Patch,324,324-500-158,1,Juv,EUNI,EUNI,18
2015,2015,Sept,9/1/2015,UK,P,Porter Patch,324,324-500-158,1,Juv,EUNI,EUNI,3
2015,2015,Sept,9/1/2015,UK,P,Porter Patch,324,324-500-158,1,Juv,PFLE,EUNI,9
2015,2015,Sept,9/1/2015,UK,P,Porter Patch,324,324-500-158,1,Juv,PLEX,PLEX,34
2015,2015,Sept,9/1/2015,UK,P,Porter Patch,324,324-500-158,1,Juv,PLEX,PLEX,19
2015,2015,Sept,9/1/2015,UK,P,Porter Patch,324,324-500-158,1,Juv,UNKO,UNKO,2
2015,2015,July,7/16/2015,UK,P,Porter Patch,324,324-500-209,1,Juv,PAME,ANTI,36
2015,2015,July,7/16/2015,UK,P,Porter Patch,324,324-500-209,1,Juv,EUNI,EUNI,12
2015,2015,July,7/16/2015,UK,P,Porter Patch,324,324-500-209,1,Juv,EUNI,EUNI,22
2015,2015,July,7/16/2015,UK,P,Porter Patch,324,324-500-209,1,Juv,PFLE,EUNI,28
2015,2015,Sept,9/24/2015,UK,P,Admiral,331,331-100-098,1,Juv,EUNI,EUNI,5
2015,2015,Sept,9/24/2015,UK,P,Admiral,331,331-100-098,1,Juv,GVEN,GVEN,28
2015,2015,Sept,9/24/2015,UK,P,Admiral,331,331-100-098,1,Juv,GVEN,GVEN,12
2015,2015,Sept,9/24/2015,UK,P,Admiral,331,331-100-098,1,Juv,GVEN,GVEN,36
2015,2015,Sept,9/24/2015,UK,P,Admiral,331,331-100-098,1,Juv,GVEN,GVEN,22
2015,2015,Sept,9/24/2015,UK,P,Admiral,331,331-100-098,1,Juv,GVEN,GVEN,26
2015,2015,Sept,9/24/2015,UK,P,Admiral,331,331-100-098,1,Juv,GVEN,GVEN,39
2015,2015,Sept,9/24/2015,UK,P,Admiral,331,331-100-098,1,Juv,GVEN,GVEN,15
2015,2015,Sept,9/24/2015,UK,P,Admiral,331,331-100-098,1,Juv,GVEN,GVEN,28
2015,2015,Sept,9/24/2015,UK,P,Admiral,331,331-100-098,1,Juv,GVEN,GVEN,26
2015,2015,Sept,9/24/2015,UK,P,Admiral,331,331-100-139,1,Juv,PAME,ANTI,25
2015,2015,Sept,9/24/2015,UK,P,Admiral,331,331-100-183,1,Juv,GVEN,GVEN,19
2015,2015,Sept,9/24/2015,UK,P,Admiral,331,331-100-183,1,Juv,GVEN,GVEN,31
2015,2015,Sept,9/24/2015,UK,P,Admiral,331,331-100-183,1,Juv,GVEN,GVEN,11
2015,2015,Sept,9/24/2015,UK,P,Admiral,331,331-100-183,1,Juv,GVEN,GVEN,16
2015,2015,Sept,9/24/2015,UK,P,Admiral,331,331-100-183,1,Juv,GVEN,GVEN,10
2015,2015,Sept,9/24/2015,UK,P,Admiral,331,331-100-183,1,Juv,PLEL,PLEL,4
2015,2015,Sept,9/24/2015,UK,P,Admiral,331,331-100-183,1,Juv,PLEL,PLEL,5
2015,2015,Sept,9/24/2015,UK,P,Admiral,331,331-500-012,1,Juv,PAME,ANTI,20
2015,2015,Sept,9/24/2015,UK,P,Admiral,331,331-500-012,1,Juv,PAME,ANTI,38
2015,2015,Sept,9/24/2015,UK,P,Admiral,331,331-500-012,1,Juv,EUNI,EUNI,15
2015,2015,Sept,9/24/2015,UK,P,Admiral,331,331-500-012,1,Juv,GVEN,GVEN,25
2015,2015,Sept,9/24/2015,UK,P,Admiral,331,331-500-012,1,Juv,GVEN,GVEN,20
2015,2015,Sept,9/24/2015,UK,P,Admiral,331,331-500-012,1,Juv,GVEN,GVEN,7
2015,2015,Sept,9/24/2015,UK,P,Admiral,331,331-500-012,1,Juv,GVEN,GVEN,32
2015,2015,Sept,9/24/2015,UK,P,Admiral,331,331-500-012,1,Juv,GVEN,GVEN,35
2015,2015,Sept,9/24/2015,UK,P,Admiral,331,331-500-012,1,Juv,GVEN,GVEN,21
2015,2015,Sept,9/24/2015,UK,P,Admiral,331,331-500-012,1,Juv,GVEN,GVEN,10
2015,2015,Sept,9/24/2015,UK,P,Admiral,331,331-500-012,1,Juv,GVEN,GVEN,31
2015,2015,Sept,9/24/2015,UK,P,Admiral,331,331-500-012,1,Juv,GVEN,GVEN,20
2015,2015,Sept,9/24/2015,UK,P,Admiral,331,331-500-033,1,Juv,GVEN,GVEN,16
2015,2015,Sept,9/24/2015,UK,P,Admiral,331,331-500-033,1,Juv,GVEN,GVEN,16
2015,2015,Sept,9/24/2015,UK,P,Admiral,331,331-500-104,1,Juv,PAME,ANTI,10
2015,2015,Sept,9/24/2015,UK,P,Admiral,331,331-500-104,1,Juv,PAME,ANTI,10
2015,2015,Sept,9/24/2015,UK,P,Admiral,331,331-500-104,1,Juv,EUNI,EUNI,18
2015,2015,Sept,9/24/2015,UK,P,Admiral,331,331-500-104,1,Juv,GVEN,GVEN,30
2015,2015,Sept,9/24/2015,UK,P,Admiral,331,331-500-104,1,Juv,GVEN,GVEN,39
2015,2015,Sept,9/24/2015,UK,P,Admiral,331,331-500-104,1,Juv,GVEN,GVEN,23
2015,2015,Sept,9/24/2015,UK,P,Admiral,331,331-500-104,1,Juv,GVEN,GVEN,21
2015,2015,Sept,9/24/2015,UK,P,Admiral,331,331-500-104,1,Juv,GVEN,GVEN,25
2015,2015,Sept,9/24/2015,UK,P,Admiral,331,331-500-180,1,Juv,PAME,ANTI,20
2015,2015,Sept,9/24/2015,UK,P,Admiral,331,331-500-180,1,Juv,GVEN,GVEN,15
2015,2015,Sept,9/24/2015,UK,P,Admiral,331,331-500-180,1,Juv,GVEN,GVEN,18
2015,2015,Sept,9/24/2015,UK,P,Admiral,331,331-500-180,1,Juv,GVEN,GVEN,25
2015,2015,Sept,9/24/2015,UK,P,Admiral,331,331-500-180,1,Juv,GVEN,GVEN,18
2015,2015,Sept,9/24/2015,UK,P,Admiral,331,331-500-180,1,Juv,GVEN,GVEN,32
2015,2015,Sept,9/24/2015,UK,P,Admiral,331,331-500-180,1,Juv,GVEN,GVEN,30
2015,2015,Sept,9/24/2015,UK,P,Admiral,331,331-500-180,1,Juv,GVEN,GVEN,25
2015,2015,Sept,9/24/2015,UK,P,Admiral,331,331-500-180,1,Juv,GVEN,GVEN,25
2015,2015,Sept,9/24/2015,UK,P,Admiral,331,331-500-180,1,Juv,GVEN,GVEN,30
2015,2015,Sept,9/24/2015,UK,P,Admiral,331,331-500-180,1,Juv,GVEN,GVEN,16
2015,2015,Sept,9/24/2015,UK,P,Admiral,331,331-500-180,1,Juv,GVEN,GVEN,20
2015,2015,Sept,9/24/2015,UK,P,Admiral,331,331-500-180,1,Juv,GVEN,GVEN,20
2015,2015,Sept,9/24/2015,UK,P,Admiral,331,331-500-180,1,Juv,PPOR,PSEU,37
2015,2015,Sept,9/24/2015,UK,P,Admiral,331,331-500-221,1,Juv,GVEN,GVEN,20
2015,2015,Sept,9/24/2015,UK,P,Admiral,332,332-100-024,0,NA,NA,NA,NA
2015,2015,Sept,9/24/2015,UK,P,Admiral,332,332-100-094,1,Juv,GVEN,GVEN,31
2015,2015,Sept,9/24/2015,UK,P,Admiral,332,332-100-102,1,Juv,ANTI/GVEN,AG,15
2015,2015,Sept,9/24/2015,UK,P,Admiral,332,332-100-102,1,Juv,ANTI/GVEN,AG,8
2015,2015,Sept,9/24/2015,UK,P,Admiral,332,332-100-102,1,Juv,EUNI,EUNI,25
2015,2015,Sept,9/24/2015,UK,P,Admiral,332,332-100-102,1,Juv,EUNI,EUNI,32
2015,2015,Sept,9/24/2015,UK,P,Admiral,332,332-100-102,1,Juv,EUNI,EUNI,19
2015,2015,Sept,9/24/2015,UK,P,Admiral,332,332-100-102,1,Juv,EUNI,EUNI,14
2015,2015,Sept,9/24/2015,UK,P,Admiral,332,332-100-102,1,Juv,GVEN,GVEN,31
2015,2015,Sept,9/24/2015,UK,P,Admiral,332,332-100-102,1,Juv,GVEN,GVEN,16
2015,2015,Sept,9/24/2015,UK,P,Admiral,332,332-100-102,1,Juv,GVEN,GVEN,38
2015,2015,Sept,9/24/2015,UK,P,Admiral,332,332-100-102,1,Juv,GVEN,GVEN,25
2015,2015,Sept,9/24/2015,UK,P,Admiral,332,332-100-102,1,Juv,GVEN,GVEN,28
2015,2015,Sept,9/24/2015,UK,P,Admiral,332,332-100-102,1,Juv,GVEN,GVEN,34
2015,2015,Sept,9/24/2015,UK,P,Admiral,332,332-100-102,1,Juv,MURI,MURI,10
2015,2015,Sept,9/24/2015,UK,P,Admiral,332,332-100-177,0,NA,NA,NA,NA
2015,2015,Sept,9/24/2015,UK,P,Admiral,332,332-500-017,0,NA,NA,NA,NA
2015,2015,Sept,9/24/2015,UK,P,Admiral,332,332-500-081,1,Juv,GVEN,GVEN,34
2015,2015,Sept,9/24/2015,UK,P,Admiral,332,332-500-094,1,Juv,PAME,ANTI,32
2015,2015,Sept,9/24/2015,UK,P,Admiral,332,332-500-094,1,Juv,GVEN,GVEN,18
2015,2015,Sept,9/24/2015,UK,P,Admiral,332,332-500-094,1,Juv,MURI,MURI,27
2015,2015,Sept,9/24/2015,UK,P,Admiral,332,332-500-154,1,Juv,GVEN,GVEN,23
2015,2015,Sept,9/24/2015,UK,P,Admiral,333,333-100-060,1,Juv,PAME,ANTI,35
2015,2015,Sept,9/24/2015,UK,P,Admiral,333,333-100-060,1,Juv,EUNI,EUNI,35
2015,2015,Sept,9/24/2015,UK,P,Admiral,333,333-100-060,1,Juv,EUNI,EUNI,15
2015,2015,Sept,9/24/2015,UK,P,Admiral,333,333-100-060,1,Juv,GVEN,GVEN,29
2015,2015,Sept,9/24/2015,UK,P,Admiral,333,333-100-060,1,Juv,GVEN,GVEN,33
2015,2015,Sept,9/24/2015,UK,P,Admiral,333,333-100-084,1,Juv,EUNI,EUNI,35
2015,2015,Sept,9/24/2015,UK,P,Admiral,333,333-100-084,1,Juv,GVEN,GVEN,38
2015,2015,Sept,9/24/2015,UK,P,Admiral,333,333-100-084,1,Juv,GVEN,GVEN,31
2015,2015,Sept,9/24/2015,UK,P,Admiral,333,333-100-091,0,NA,NA,NA,NA
2015,2015,Sept,9/24/2015,UK,P,Admiral,333,333-100-192,1,Juv,PAME,ANTI,30
2015,2015,Sept,9/24/2015,UK,P,Admiral,333,333-100-192,1,Juv,PAME,ANTI,12
2015,2015,Sept,9/24/2015,UK,P,Admiral,333,333-100-192,1,Juv,ECAL,EUNI,14
2015,2015,Sept,9/24/2015,UK,P,Admiral,333,333-100-192,1,Juv,GVEN,GVEN,25
2015,2015,Sept,9/24/2015,UK,P,Admiral,333,333-100-192,1,Juv,GVEN,GVEN,10
2015,2015,Sept,9/24/2015,UK,P,Admiral,333,333-100-192,1,Juv,GVEN,GVEN,24
2015,2015,Sept,9/24/2015,UK,P,Admiral,333,333-500-022,0,NA,NA,NA,NA
2015,2015,Sept,9/24/2015,UK,P,Admiral,333,333-500-111,0,NA,NA,NA,NA
2015,2015,Sept,9/24/2015,UK,P,Admiral,333,333-500-154,1,Juv,EUNI,EUNI,6
2015,2015,Sept,9/24/2015,UK,P,Admiral,333,333-500-195,0,NA,NA,NA,NA
2015,2015,Sept,9/24/2015,UK,P,Admiral,334,334-100-035,1,Juv,PAME,ANTI,21
2015,2015,Sept,9/24/2015,UK,P,Admiral,334,334-100-035,1,Juv,GVEN,GVEN,26
2015,2015,Sept,9/24/2015,UK,P,Admiral,334,334-100-067,1,Juv,EUNI,EUNI,27
2015,2015,Sept,9/24/2015,UK,P,Admiral,334,334-100-139,1,Juv,PAME,ANTI,13
2015,2015,Sept,9/24/2015,UK,P,Admiral,334,334-100-139,1,Juv,EUNI,EUNI,11
2015,2015,Sept,9/24/2015,UK,P,Admiral,334,334-100-139,1,Juv,EUNI,EUNI,27
2015,2015,Sept,9/24/2015,UK,P,Admiral,334,334-100-139,1,Juv,EUNI,EUNI,10
2015,2015,Sept,9/24/2015,UK,P,Admiral,334,334-100-139,1,Juv,GVEN,GVEN,20
2015,2015,Sept,9/24/2015,UK,P,Admiral,334,334-100-139,1,Juv,GVEN,GVEN,39
2015,2015,Sept,9/24/2015,UK,P,Admiral,334,334-100-139,1,Juv,MURI,MURI,32
2015,2015,Sept,9/24/2015,UK,P,Admiral,334,334-100-194,1,Juv,EUNI,EUNI,11
2015,2015,Sept,9/24/2015,UK,P,Admiral,334,334-500-021,1,Juv,ANTI/GVEN,AG,9
2015,2015,Sept,9/24/2015,UK,P,Admiral,334,334-500-021,1,Juv,GVEN,GVEN,30
2015,2015,Sept,9/24/2015,UK,P,Admiral,334,334-500-021,1,Juv,PPOR,PSEU,25
2015,2015,Sept,9/24/2015,UK,P,Admiral,334,334-500-067,1,Juv,GVEN,GVEN,13
2015,2015,Sept,9/24/2015,UK,P,Admiral,334,334-500-067,1,Juv,PPOR,PSEU,25
2015,2015,Sept,9/24/2015,UK,P,Admiral,334,334-500-134,1,Juv,PAME,ANTI,34
2015,2015,Sept,9/24/2015,UK,P,Admiral,334,334-500-134,1,Juv,PAME,ANTI,13
2015,2015,Sept,9/24/2015,UK,P,Admiral,334,334-500-134,1,Juv,EUNI,EUNI,10
2015,2015,Sept,9/24/2015,UK,P,Admiral,334,334-500-134,1,Juv,GVEN,GVEN,21
2015,2015,Sept,9/24/2015,UK,P,Admiral,334,334-500-134,1,Juv,GVEN,GVEN,8
2015,2015,Sept,9/24/2015,UK,P,Admiral,334,334-500-134,1,Juv,GVEN,GVEN,5
2015,2015,Sept,9/24/2015,UK,P,Admiral,334,334-500-222,1,Juv,EUNI,EUNI,18
2015,2015,Sept,9/24/2015,UK,P,Admiral,334,334-500-222,1,Juv,EUNI,EUNI,7
2015,2015,Sept,9/24/2015,UK,P,Admiral,334,334-500-222,1,Juv,GVEN,GVEN,18
2015,2015,Sept,9/24/2015,UK,P,Admiral,334,334-500-222,1,Juv,GVEN,GVEN,28
2015,2015,Sept,9/24/2015,UK,P,Admiral,334,334-500-222,1,Juv,MURO,MURO,7
2015,2015,Sept,9/2/2015,MK,P,West Turtle Shoal,341,341-100-062,1,Juv,ANTI,ANTI,3
2015,2015,Sept,9/2/2015,MK,P,West Turtle Shoal,341,341-100-062,1,Juv,GVEN,GVEN,33
2015,2015,Sept,9/2/2015,MK,P,West Turtle Shoal,341,341-100-062,1,Juv,GVEN,GVEN,32
2015,2015,Sept,9/2/2015,MK,P,West Turtle Shoal,341,341-100-096,1,Juv,EUNI,EUNI,22
2015,2015,Sept,9/2/2015,MK,P,West Turtle Shoal,341,341-100-116,1,Juv,PAME,ANTI,10
2015,2015,Sept,9/2/2015,MK,P,West Turtle Shoal,341,341-100-116,1,Juv,PAME,ANTI,6
2015,2015,Sept,9/2/2015,MK,P,West Turtle Shoal,341,341-100-116,1,Juv,EUNI,EUNI,7
2015,2015,Sept,9/2/2015,MK,P,West Turtle Shoal,341,341-100-116,1,Juv,MURO,MURO,14
2015,2015,Sept,9/2/2015,MK,P,West Turtle Shoal,341,341-100-162,1,Juv,ANTI,ANTI,9
2015,2015,Sept,9/2/2015,MK,P,West Turtle Shoal,341,341-100-162,1,Juv,GVEN,GVEN,14
2015,2015,Sept,9/2/2015,MK,P,West Turtle Shoal,341,341-500-049,0,NA,NA,NA,NA
2015,2015,Sept,9/2/2015,MK,P,West Turtle Shoal,341,341-500-078,0,NA,NA,NA,NA
2015,2015,Sept,9/2/2015,MK,P,West Turtle Shoal,341,341-500-088,0,NA,NA,NA,NA
2015,2015,Sept,9/2/2015,MK,P,West Turtle Shoal,341,341-500-230,1,Juv,EUNI,EUNI,11
2015,2015,Sept,9/2/2015,MK,P,West Turtle Shoal,341,341-500-230,1,Juv,EUNI,EUNI,20
2015,2015,Sept,9/2/2015,MK,P,West Turtle Shoal,341,341-500-230,1,Juv,GVEN,GVEN,6
2015,2015,Sept,9/2/2015,MK,P,West Turtle Shoal,342,342-100-003,1,Juv,MURO,MURO,39
2015,2015,Sept,9/2/2015,MK,P,West Turtle Shoal,342,342-100-033,0,NA,NA,NA,NA
2015,2015,Sept,9/2/2015,MK,P,West Turtle Shoal,342,342-100-156,1,Juv,PLEL,PLEL,39
2015,2015,Sept,9/2/2015,MK,P,West Turtle Shoal,342,342-100-199,1,Juv,PFLE,EUNI,18
2015,2015,Sept,9/2/2015,MK,P,West Turtle Shoal,342,342-500-023,1,Juv,ANTI,ANTI,13
2015,2015,Sept,9/2/2015,MK,P,West Turtle Shoal,342,342-500-061,1,Juv,EUNI,EUNI,25
2015,2015,Sept,9/2/2015,MK,P,West Turtle Shoal,342,342-500-061,1,Juv,GVEN,GVEN,22
2015,2015,Sept,9/2/2015,MK,P,West Turtle Shoal,342,342-500-061,1,Juv,GVEN,GVEN,31
2015,2015,Sept,9/2/2015,MK,P,West Turtle Shoal,342,342-500-061,1,Juv,GVEN,GVEN,21
2015,2015,Sept,9/2/2015,MK,P,West Turtle Shoal,342,342-500-061,1,Juv,MURI,MURI,13
2015,2015,Sept,9/2/2015,MK,P,West Turtle Shoal,342,342-500-061,1,Juv,PPOR,PSEU,20
2015,2015,Sept,9/2/2015,MK,P,West Turtle Shoal,342,342-500-134,1,Juv,GVEN,GVEN,5
2015,2015,Sept,9/2/2015,MK,P,West Turtle Shoal,342,342-500-134,1,Juv,GVEN,GVEN,7
2015,2015,Sept,9/2/2015,MK,P,West Turtle Shoal,342,342-500-205,1,Juv,PAME,ANTI,25
2015,2015,Sept,9/2/2015,MK,P,West Turtle Shoal,342,342-500-205,1,Juv,GVEN,GVEN,16
2015,2015,Sept,9/2/2015,MK,P,West Turtle Shoal,343,343-100-008,0,NA,NA,NA,NA
2015,2015,Sept,9/2/2015,MK,P,West Turtle Shoal,343,343-100-023,1,Juv,GVEN,GVEN,19
2015,2015,Sept,9/2/2015,MK,P,West Turtle Shoal,343,343-100-023,1,Juv,UNKO,UNKO,12
2015,2015,Sept,9/2/2015,MK,P,West Turtle Shoal,343,343-100-146,1,Juv,EUNI,EUNI,8
2015,2015,Sept,9/2/2015,MK,P,West Turtle Shoal,343,343-100-193,0,NA,NA,NA,NA
2015,2015,Sept,9/2/2015,MK,P,West Turtle Shoal,343,343-500-008,1,Juv,EUNI,EUNI,7
2015,2015,Sept,9/2/2015,MK,P,West Turtle Shoal,343,343-500-045,0,NA,NA,NA,NA
2015,2015,Sept,9/2/2015,MK,P,West Turtle Shoal,343,343-500-094,1,Juv,EUNI,EUNI,19
2015,2015,Sept,9/2/2015,MK,P,West Turtle Shoal,343,343-500-094,1,Juv,MURI,MURI,32
2015,2015,Sept,9/2/2015,MK,P,West Turtle Shoal,343,343-500-201,0,NA,NA,NA,NA
2015,2015,Sept,9/2/2015,MK,P,West Turtle Shoal,344,344-100-060,1,Juv,PAME,ANTI,30
2015,2015,Sept,9/2/2015,MK,P,West Turtle Shoal,344,344-100-060,1,Juv,PAME,ANTI,30
2015,2015,Sept,9/2/2015,MK,P,West Turtle Shoal,344,344-100-060,1,Juv,PAME,ANTI,28
2015,2015,Sept,9/2/2015,MK,P,West Turtle Shoal,344,344-100-060,1,Juv,GVEN,GVEN,21
2015,2015,Sept,9/2/2015,MK,P,West Turtle Shoal,344,344-100-060,1,Juv,GVEN,GVEN,13
2015,2015,Sept,9/2/2015,MK,P,West Turtle Shoal,344,344-100-116,1,Juv,PAME,ANTI,28
2015,2015,Sept,9/2/2015,MK,P,West Turtle Shoal,344,344-100-116,1,Juv,PAME,ANTI,22
2015,2015,Sept,9/2/2015,MK,P,West Turtle Shoal,344,344-100-116,1,Juv,PAME,ANTI,13
2015,2015,Sept,9/2/2015,MK,P,West Turtle Shoal,344,344-100-116,1,Juv,EUNI,EUNI,8
2015,2015,Sept,9/2/2015,MK,P,West Turtle Shoal,344,344-100-116,1,Juv,EUNI,EUNI,5
2015,2015,Sept,9/2/2015,MK,P,West Turtle Shoal,344,344-100-116,1,Juv,EUNI,EUNI,12
2015,2015,Sept,9/2/2015,MK,P,West Turtle Shoal,344,344-100-116,1,Juv,GVEN,GVEN,39
2015,2015,Sept,9/2/2015,MK,P,West Turtle Shoal,344,344-100-116,1,Juv,GVEN,GVEN,21
2015,2015,Sept,9/2/2015,MK,P,West Turtle Shoal,344,344-100-116,1,Juv,PSEU,PSEU,9
2015,2015,Sept,9/2/2015,MK,P,West Turtle Shoal,344,344-100-132,1,Juv,EUNI,EUNI,7
2015,2015,Sept,9/2/2015,MK,P,West Turtle Shoal,344,344-100-132,1,Juv,GVEN,GVEN,39
2015,2015,Sept,9/2/2015,MK,P,West Turtle Shoal,344,344-100-180,1,Juv,EUNI,EUNI,4
2015,2015,Sept,9/2/2015,MK,P,West Turtle Shoal,344,344-100-180,1,Juv,PSEU,PSEU,24
2015,2015,Sept,9/2/2015,MK,P,West Turtle Shoal,344,344-500-035,0,NA,NA,NA,NA
2015,2015,Sept,9/2/2015,MK,P,West Turtle Shoal,344,344-500-076,1,Juv,PAME,ANTI,24
2015,2015,Sept,9/2/2015,MK,P,West Turtle Shoal,344,344-500-076,1,Juv,GVEN,GVEN,28
2015,2015,Sept,9/2/2015,MK,P,West Turtle Shoal,344,344-500-076,1,Juv,GVEN,GVEN,25
2015,2015,Sept,9/2/2015,MK,P,West Turtle Shoal,344,344-500-076,1,Juv,GVEN,GVEN,21
2015,2015,Sept,9/2/2015,MK,P,West Turtle Shoal,344,344-500-076,1,Juv,GVEN,GVEN,8
2015,2015,Sept,9/2/2015,MK,P,West Turtle Shoal,344,344-500-076,1,Juv,GVEN,GVEN,9
2015,2015,Sept,9/2/2015,MK,P,West Turtle Shoal,344,344-500-076,1,Juv,GVEN,GVEN,31
2015,2015,Sept,9/2/2015,MK,P,West Turtle Shoal,344,344-500-076,1,Juv,PLEX,PLEX,21
2015,2015,Sept,9/2/2015,MK,P,West Turtle Shoal,344,344-500-103,0,NA,NA,NA,NA
2015,2015,Sept,9/2/2015,MK,P,West Turtle Shoal,344,344-500-187,1,Juv,GVEN,GVEN,29
2015,2015,Sept,9/1/2015,MK,P,Dustan Rocks,351,351-100-055,1,Juv,ANTI,ANTI,28
2015,2015,Sept,9/1/2015,MK,P,Dustan Rocks,351,351-100-055,1,Juv,ANTI,ANTI,16
2015,2015,Sept,9/1/2015,MK,P,Dustan Rocks,351,351-100-055,1,Juv,PAME,ANTI,20
2015,2015,Sept,9/1/2015,MK,P,Dustan Rocks,351,351-100-055,1,Juv,GVEN,GVEN,17
2015,2015,Sept,9/1/2015,MK,P,Dustan Rocks,351,351-100-055,1,Juv,MURO,MURO,14
2015,2015,Sept,9/1/2015,MK,P,Dustan Rocks,351,351-100-112,1,Juv,ANTI,ANTI,13
2015,2015,Sept,9/1/2015,MK,P,Dustan Rocks,351,351-100-112,1,Juv,PAME,ANTI,22
2015,2015,Sept,9/1/2015,MK,P,Dustan Rocks,351,351-100-157,1,Juv,GVEN,GVEN,21
2015,2015,Sept,9/1/2015,MK,P,Dustan Rocks,351,351-100-192,0,NA,NA,NA,NA
2015,2015,Sept,9/1/2015,MK,P,Dustan Rocks,351,351-500-011,1,Juv,MURI,MURI,20
2015,2015,Sept,9/1/2015,MK,P,Dustan Rocks,351,351-500-083,0,NA,NA,NA,NA
2015,2015,Sept,9/1/2015,MK,P,Dustan Rocks,351,351-500-139,1,Juv,ANTI/GVEN,AG,25
2015,2015,Sept,9/1/2015,MK,P,Dustan Rocks,351,351-500-139,1,Juv,PAME,ANTI,19
2015,2015,Sept,9/1/2015,MK,P,Dustan Rocks,351,351-500-139,1,Juv,PAME,ANTI,18
2015,2015,Sept,9/1/2015,MK,P,Dustan Rocks,351,351-500-139,1,Juv,PFLE,EUNI,30
2015,2015,Sept,9/1/2015,MK,P,Dustan Rocks,351,351-500-154,1,Juv,ANTI,ANTI,27
2015,2015,Sept,9/1/2015,MK,P,Dustan Rocks,351,351-500-154,1,Juv,PAME,ANTI,25
2015,2015,Sept,9/1/2015,MK,P,Dustan Rocks,351,351-500-154,1,Juv,EUNI,EUNI,3
2015,2015,Sept,9/1/2015,MK,P,Dustan Rocks,351,351-500-154,1,Juv,MURI,MURI,28
2015,2015,Sept,9/1/2015,MK,P,Dustan Rocks,351,351-500-154,1,Juv,PSEU,PSEU,30
2015,2015,Sept,9/1/2015,MK,P,Dustan Rocks,351,351-500-154,1,Juv,UNKO,UNKO,5
2015,2015,Sept,9/1/2015,MK,P,Dustan Rocks,352,352-100-027,1,Juv,PAME,ANTI,18
2015,2015,Sept,9/1/2015,MK,P,Dustan Rocks,352,352-100-120,1,Juv,PAME,ANTI,35
2015,2015,Sept,9/1/2015,MK,P,Dustan Rocks,352,352-100-120,1,Juv,PAME,ANTI,31
2015,2015,Sept,9/1/2015,MK,P,Dustan Rocks,352,352-100-120,1,Juv,GVEN,GVEN,5
2015,2015,Sept,9/1/2015,MK,P,Dustan Rocks,352,352-100-120,1,Juv,PPOR,PSEU,25
2015,2015,Sept,9/1/2015,MK,P,Dustan Rocks,352,352-100-120,1,Juv,PPOR,PSEU,13
2015,2015,Sept,9/1/2015,MK,P,Dustan Rocks,352,352-100-139,1,Juv,EUNI,EUNI,20
2015,2015,Sept,9/1/2015,MK,P,Dustan Rocks,352,352-100-208,0,NA,NA,NA,NA
2015,2015,Sept,9/1/2015,MK,P,Dustan Rocks,352,352-500-035,1,Juv,MURI,MURI,11
2015,2015,Sept,9/1/2015,MK,P,Dustan Rocks,352,352-500-117,1,Juv,ANTI/GVEN,AG,2
2015,2015,Sept,9/1/2015,MK,P,Dustan Rocks,352,352-500-117,1,Juv,ANTI,ANTI,15
2015,2015,Sept,9/1/2015,MK,P,Dustan Rocks,352,352-500-117,1,Juv,GVEN,GVEN,20
2015,2015,Sept,9/1/2015,MK,P,Dustan Rocks,352,352-500-117,1,Juv,GVEN,GVEN,35
2015,2015,Sept,9/1/2015,MK,P,Dustan Rocks,352,352-500-117,1,Juv,PPOR,PSEU,15
2015,2015,Sept,9/1/2015,MK,P,Dustan Rocks,352,352-500-117,1,Juv,UNKO,UNKO,2
2015,2015,Sept,9/1/2015,MK,P,Dustan Rocks,352,352-500-150,0,NA,NA,NA,NA
2015,2015,Sept,9/1/2015,MK,P,Dustan Rocks,352,352-500-218,1,Juv,EUNI,EUNI,7
2015,2015,Sept,9/1/2015,MK,P,Dustan Rocks,352,352-500-218,1,Juv,EUNI,EUNI,23
2015,2015,Sept,9/1/2015,MK,P,Dustan Rocks,352,352-500-218,1,Juv,MURI,MURI,21
2015,2015,Sept,9/1/2015,MK,P,Dustan Rocks,353,353-100-016,0,NA,NA,NA,NA
2015,2015,Sept,9/1/2015,MK,P,Dustan Rocks,353,353-100-071,0,NA,NA,NA,NA
2015,2015,Sept,9/1/2015,MK,P,Dustan Rocks,353,353-100-185,1,Juv,EUNI,EUNI,17
2015,2015,Sept,9/1/2015,MK,P,Dustan Rocks,353,353-100-185,1,Juv,UNKO,UNKO,3
2015,2015,Sept,9/1/2015,MK,P,Dustan Rocks,353,353-100-206,1,Juv,PAME,ANTI,18
2015,2015,Sept,9/1/2015,MK,P,Dustan Rocks,353,353-100-206,1,Juv,PAME,ANTI,14
2015,2015,Sept,9/1/2015,MK,P,Dustan Rocks,353,353-100-206,1,Juv,GVEN,GVEN,16
2015,2015,Sept,9/1/2015,MK,P,Dustan Rocks,353,353-100-206,1,Juv,MURI,MURI,27
2015,2015,Sept,9/1/2015,MK,P,Dustan Rocks,353,353-100-206,1,Juv,UNKO,UNKO,3
2015,2015,Sept,9/1/2015,MK,P,Dustan Rocks,353,353-500-000,1,Juv,ANTI,ANTI,4
2015,2015,Sept,9/1/2015,MK,P,Dustan Rocks,353,353-500-000,1,Juv,PAME,ANTI,34
2015,2015,Sept,9/1/2015,MK,P,Dustan Rocks,353,353-500-000,1,Juv,GVEN,GVEN,36
2015,2015,Sept,9/1/2015,MK,P,Dustan Rocks,353,353-500-000,1,Juv,GVEN,GVEN,15
2015,2015,Sept,9/1/2015,MK,P,Dustan Rocks,353,353-500-000,1,Juv,GVEN,GVEN,5
2015,2015,Sept,9/1/2015,MK,P,Dustan Rocks,353,353-500-047,1,Juv,ANTI/GVEN,AG,4
2015,2015,Sept,9/1/2015,MK,P,Dustan Rocks,353,353-500-047,1,Juv,GVEN,GVEN,28
2015,2015,Sept,9/1/2015,MK,P,Dustan Rocks,353,353-500-083,1,Juv,EUNI,EUNI,10
2015,2015,Sept,9/1/2015,MK,P,Dustan Rocks,353,353-500-083,1,Juv,MURI,MURI,10
2015,2015,Sept,9/1/2015,MK,P,Dustan Rocks,353,353-500-194,1,Juv,ANTI/GVEN,AG,4
2015,2015,Sept,9/1/2015,MK,P,Dustan Rocks,353,353-500-194,1,Juv,PAME,ANTI,6
2015,2015,Sept,9/1/2015,MK,P,Dustan Rocks,353,353-500-194,1,Juv,PAME,ANTI,6
2015,2015,Sept,9/1/2015,MK,P,Dustan Rocks,353,353-500-194,1,Juv,GVEN,GVEN,2
2015,2015,Sept,9/1/2015,MK,P,Dustan Rocks,353,353-500-194,1,Juv,GVEN,GVEN,33
2015,2015,Sept,9/1/2015,MK,P,Dustan Rocks,354,354-100-032,1,Juv,ANTI,ANTI,5
2015,2015,Sept,9/1/2015,MK,P,Dustan Rocks,354,354-100-032,1,Juv,PAME,ANTI,32
2015,2015,Sept,9/1/2015,MK,P,Dustan Rocks,354,354-100-032,1,Juv,EUNI,EUNI,13
2015,2015,Sept,9/1/2015,MK,P,Dustan Rocks,354,354-100-032,1,Juv,PFLE,EUNI,13
2015,2015,Sept,9/1/2015,MK,P,Dustan Rocks,354,354-100-032,1,Juv,GVEN,GVEN,8
2015,2015,Sept,9/1/2015,MK,P,Dustan Rocks,354,354-100-032,1,Juv,GVEN,GVEN,32
2015,2015,Sept,9/1/2015,MK,P,Dustan Rocks,354,354-100-032,1,Juv,GVEN,GVEN,36
2015,2015,Sept,9/1/2015,MK,P,Dustan Rocks,354,354-100-032,1,Juv,GVEN,GVEN,27
2015,2015,Sept,9/1/2015,MK,P,Dustan Rocks,354,354-100-032,1,Juv,GVEN,GVEN,10
2015,2015,Sept,9/1/2015,MK,P,Dustan Rocks,354,354-100-032,1,Juv,GVEN,GVEN,13
2015,2015,Sept,9/1/2015,MK,P,Dustan Rocks,354,354-100-032,1,Juv,GVEN,GVEN,18
2015,2015,Sept,9/1/2015,MK,P,Dustan Rocks,354,354-100-045,0,NA,NA,NA,NA
2015,2015,Sept,9/1/2015,MK,P,Dustan Rocks,354,354-100-103,1,Juv,PAME,ANTI,39
2015,2015,Sept,9/1/2015,MK,P,Dustan Rocks,354,354-100-144,1,Juv,PAME,ANTI,39
2015,2015,Sept,9/1/2015,MK,P,Dustan Rocks,354,354-500-043,1,Juv,GVEN,GVEN,30
2015,2015,Sept,9/1/2015,MK,P,Dustan Rocks,354,354-500-043,1,Juv,MURI,MURI,15
2015,2015,Sept,9/1/2015,MK,P,Dustan Rocks,354,354-500-054,0,NA,NA,NA,NA
2015,2015,Sept,9/1/2015,MK,P,Dustan Rocks,354,354-500-185,0,NA,NA,NA,NA
2015,2015,Sept,9/1/2015,MK,P,Dustan Rocks,354,354-500-202,1,Juv,PAME,ANTI,6
2015,2015,Sept,9/1/2015,MK,P,Dustan Rocks,354,354-500-202,1,Juv,PAME,ANTI,17
2015,2015,Sept,9/1/2015,MK,P,Dustan Rocks,354,354-500-202,1,Juv,PAME,ANTI,6
2015,2015,Sept,9/1/2015,MK,P,Dustan Rocks,354,354-500-202,1,Juv,EUNI,EUNI,8
2015,2015,Sept,9/1/2015,MK,P,Dustan Rocks,354,354-500-202,1,Juv,EUNI,EUNI,9
2015,2015,Sept,9/1/2015,MK,P,Dustan Rocks,354,354-500-202,1,Juv,GVEN,GVEN,7
2015,2015,Sept,9/1/2015,MK,P,Dustan Rocks,354,354-500-202,1,Juv,GVEN,GVEN,27
2015,2015,Aug,8/14/2015,LK,P,West Washerwoman,361,361-100-046,0,NA,NA,NA,NA
2015,2015,Aug,8/14/2015,LK,P,West Washerwoman,361,361-100-089,0,NA,NA,NA,NA
2015,2015,Aug,8/14/2015,LK,P,West Washerwoman,361,361-100-140,0,NA,NA,NA,NA
2015,2015,Aug,8/14/2015,LK,P,West Washerwoman,361,361-100-188,0,NA,NA,NA,NA
2015,2015,Aug,8/14/2015,LK,P,West Washerwoman,361,361-500-019,1,Juv,MURI,MURI,23
2015,2015,Aug,8/14/2015,LK,P,West Washerwoman,361,361-500-073,0,NA,NA,NA,NA
2015,2015,Aug,8/14/2015,LK,P,West Washerwoman,361,361-500-159,1,Juv,PFLE,EUNI,20
2015,2015,Aug,8/14/2015,LK,P,West Washerwoman,361,361-500-169,0,NA,NA,NA,NA
2015,2015,Aug,8/14/2015,LK,P,West Washerwoman,362,362-100-059,0,NA,NA,NA,NA
2015,2015,Aug,8/14/2015,LK,P,West Washerwoman,362,362-100-091,1,Juv,PAME,ANTI,7
2015,2015,Aug,8/14/2015,LK,P,West Washerwoman,362,362-100-091,1,Juv,MURO,MURO,6
2015,2015,Aug,8/14/2015,LK,P,West Washerwoman,362,362-100-109,0,NA,NA,NA,NA
2015,2015,Aug,8/14/2015,LK,P,West Washerwoman,362,362-100-130,1,Juv,PLEL,PLEL,36
2015,2015,Aug,8/14/2015,LK,P,West Washerwoman,362,362-500-058,0,NA,NA,NA,NA
2015,2015,Aug,8/14/2015,LK,P,West Washerwoman,362,362-500-145,0,NA,NA,NA,NA
2015,2015,Aug,8/14/2015,LK,P,West Washerwoman,362,362-500-157,0,NA,NA,NA,NA
2015,2015,Aug,8/14/2015,LK,P,West Washerwoman,362,362-500-213,0,NA,NA,NA,NA
2015,2015,Aug,8/14/2015,LK,P,West Washerwoman,363,363-100-055,0,NA,NA,NA,NA
2015,2015,Aug,8/14/2015,LK,P,West Washerwoman,363,363-100-072,0,NA,NA,NA,NA
2015,2015,Aug,8/14/2015,LK,P,West Washerwoman,363,363-100-137,0,NA,NA,NA,NA
2015,2015,Aug,8/14/2015,LK,P,West Washerwoman,363,363-100-167,1,Juv,EUNI,EUNI,4
2015,2015,Aug,8/14/2015,LK,P,West Washerwoman,363,363-100-167,1,Juv,EUNI,EUNI,16
2015,2015,Aug,8/14/2015,LK,P,West Washerwoman,363,363-100-167,1,Juv,MURI,MURI,8
2015,2015,Aug,8/14/2015,LK,P,West Washerwoman,363,363-500-032,0,NA,NA,NA,NA
2015,2015,Aug,8/14/2015,LK,P,West Washerwoman,363,363-500-115,1,Juv,EUNI,EUNI,15
2015,2015,Aug,8/14/2015,LK,P,West Washerwoman,363,363-500-152,0,NA,NA,NA,NA
2015,2015,Aug,8/14/2015,LK,P,West Washerwoman,363,363-500-207,1,Juv,EUNI,EUNI,4
2015,2015,Aug,8/14/2015,LK,P,West Washerwoman,363,363-500-207,1,Juv,UNKO,UNKO,2
2015,2015,Aug,8/14/2015,LK,P,West Washerwoman,364,364-100-027,0,NA,NA,NA,NA
2015,2015,Aug,8/14/2015,LK,P,West Washerwoman,364,364-100-091,1,Juv,UNKO,UNKO,2
2015,2015,Aug,8/14/2015,LK,P,West Washerwoman,364,364-100-125,1,Juv,ANTI,ANTI,15
2015,2015,Aug,8/14/2015,LK,P,West Washerwoman,364,364-100-125,1,Juv,GVEN,GVEN,13
2015,2015,Aug,8/14/2015,LK,P,West Washerwoman,364,364-100-194,0,NA,NA,NA,NA
2015,2015,Aug,8/14/2015,LK,P,West Washerwoman,364,364-500-104,0,NA,NA,NA,NA
2015,2015,Aug,8/14/2015,LK,P,West Washerwoman,364,364-500-120,0,NA,NA,NA,NA
2015,2015,Aug,8/14/2015,LK,P,West Washerwoman,364,364-500-170,0,NA,NA,NA,NA
2015,2015,Aug,8/14/2015,LK,P,West Washerwoman,364,364-500-198,0,NA,NA,NA,NA
2015,2015,Sept,9/3/2015,UK,OS,Carysfort Shallow,501,501-100-010,1,Juv,ANTI/GVEN,AG,7
2015,2015,Sept,9/3/2015,UK,OS,Carysfort Shallow,501,501-100-010,1,Juv,ANTI/GVEN,AG,5
2015,2015,Sept,9/3/2015,UK,OS,Carysfort Shallow,501,501-100-010,1,Juv,ANTI/GVEN,AG,5
2015,2015,Sept,9/3/2015,UK,OS,Carysfort Shallow,501,501-100-010,1,Juv,ANTI,ANTI,3
2015,2015,Sept,9/3/2015,UK,OS,Carysfort Shallow,501,501-100-010,1,Juv,ANTI,ANTI,4
2015,2015,Sept,9/3/2015,UK,OS,Carysfort Shallow,501,501-100-038,1,Juv,ANTI/GVEN,AG,5
2015,2015,Sept,9/3/2015,UK,OS,Carysfort Shallow,501,501-100-137,1,Juv,ANTI/GVEN,AG,5
2015,2015,Sept,9/3/2015,UK,OS,Carysfort Shallow,501,501-100-159,1,Juv,ANTI/GVEN,AG,7
2015,2015,Sept,9/3/2015,UK,OS,Carysfort Shallow,501,501-100-159,1,Juv,GVEN,GVEN,23
2015,2015,Sept,9/3/2015,UK,OS,Carysfort Shallow,501,501-100-159,1,Juv,GVEN,GVEN,23
2015,2015,Sept,9/3/2015,UK,OS,Carysfort Shallow,501,501-500-016,1,Juv,ANTI,ANTI,12
2015,2015,Sept,9/3/2015,UK,OS,Carysfort Shallow,501,501-500-016,1,Juv,ANTI,ANTI,35
2015,2015,Sept,9/3/2015,UK,OS,Carysfort Shallow,501,501-500-016,1,Juv,ANTI,ANTI,17
2015,2015,Sept,9/3/2015,UK,OS,Carysfort Shallow,501,501-500-034,1,Juv,ANTI/GVEN,AG,4
2015,2015,Sept,9/3/2015,UK,OS,Carysfort Shallow,501,501-500-034,1,Juv,ANTI,ANTI,10
2015,2015,Sept,9/3/2015,UK,OS,Carysfort Shallow,501,501-500-084,0,NA,NA,NA,NA
2015,2015,Sept,9/3/2015,UK,OS,Carysfort Shallow,501,501-500-108,1,Juv,ANTI/GVEN,AG,6
2015,2015,Sept,9/3/2015,UK,OS,Carysfort Shallow,502,502-100-044,0,NA,NA,NA,NA
2015,2015,Sept,9/3/2015,UK,OS,Carysfort Shallow,502,502-100-126,1,Juv,ANTI,ANTI,10
2015,2015,Sept,9/3/2015,UK,OS,Carysfort Shallow,502,502-100-126,1,Juv,ANTI,ANTI,5
2015,2015,Sept,9/3/2015,UK,OS,Carysfort Shallow,502,502-100-126,1,Juv,ANTI,ANTI,5
2015,2015,Sept,9/3/2015,UK,OS,Carysfort Shallow,502,502-100-126,1,Juv,EUNI,EUNI,10
2015,2015,Sept,9/3/2015,UK,OS,Carysfort Shallow,502,502-100-126,1,Juv,GVEN,GVEN,7
2015,2015,Sept,9/3/2015,UK,OS,Carysfort Shallow,502,502-100-126,1,Juv,UNKO,UNKO,7
2015,2015,Sept,9/3/2015,UK,OS,Carysfort Shallow,502,502-100-144,0,NA,NA,NA,NA
2015,2015,Sept,9/3/2015,UK,OS,Carysfort Shallow,502,502-100-181,0,NA,NA,NA,NA
2015,2015,Sept,9/3/2015,UK,OS,Carysfort Shallow,502,502-500-028,1,Juv,GVEN,GVEN,5
2015,2015,Sept,9/3/2015,UK,OS,Carysfort Shallow,502,502-500-045,0,NA,NA,NA,NA
2015,2015,Sept,9/3/2015,UK,OS,Carysfort Shallow,502,502-500-115,0,NA,NA,NA,NA
2015,2015,Sept,9/3/2015,UK,OS,Carysfort Shallow,502,502-500-160,0,NA,NA,NA,NA
2015,2015,Sept,9/4/2015,UK,OS,Carysfort Shallow,503,503-100-044,1,Juv,ANTI,ANTI,8
2015,2015,Sept,9/4/2015,UK,OS,Carysfort Shallow,503,503-100-044,1,Juv,ANTI,ANTI,17
2015,2015,Sept,9/4/2015,UK,OS,Carysfort Shallow,503,503-100-044,1,Juv,EUNI,EUNI,6
2015,2015,Sept,9/4/2015,UK,OS,Carysfort Shallow,503,503-100-044,1,Juv,EUNI,EUNI,4
2015,2015,Sept,9/4/2015,UK,OS,Carysfort Shallow,503,503-100-044,1,Juv,EUNI,EUNI,8
2015,2015,Sept,9/4/2015,UK,OS,Carysfort Shallow,503,503-100-044,1,Juv,GVEN,GVEN,38
2015,2015,Sept,9/4/2015,UK,OS,Carysfort Shallow,503,503-100-044,1,Juv,UNKO,UNKO,2
2015,2015,Sept,9/4/2015,UK,OS,Carysfort Shallow,503,503-100-070,1,Juv,ANTI/GVEN,AG,8
2015,2015,Sept,9/4/2015,UK,OS,Carysfort Shallow,503,503-100-070,1,Juv,ANTI/GVEN,AG,12
2015,2015,Sept,9/4/2015,UK,OS,Carysfort Shallow,503,503-100-070,1,Juv,ANTI/GVEN,AG,33
2015,2015,Sept,9/4/2015,UK,OS,Carysfort Shallow,503,503-100-070,1,Juv,ANTI/GVEN,AG,23
2015,2015,Sept,9/4/2015,UK,OS,Carysfort Shallow,503,503-100-070,1,Juv,ANTI/GVEN,AG,5
2015,2015,Sept,9/4/2015,UK,OS,Carysfort Shallow,503,503-100-070,1,Juv,ANTI/GVEN,AG,13
2015,2015,Sept,9/4/2015,UK,OS,Carysfort Shallow,503,503-100-070,1,Juv,ANTI/GVEN,AG,9
2015,2015,Sept,9/4/2015,UK,OS,Carysfort Shallow,503,503-100-070,1,Juv,ANTI/GVEN,AG,7
2015,2015,Sept,9/4/2015,UK,OS,Carysfort Shallow,503,503-100-070,1,Juv,ANTI/GVEN,AG,16
2015,2015,Sept,9/4/2015,UK,OS,Carysfort Shallow,503,503-100-070,1,Juv,ANTI/GVEN,AG,24
2015,2015,Sept,9/4/2015,UK,OS,Carysfort Shallow,503,503-100-070,1,Juv,ANTI/GVEN,AG,23
2015,2015,Sept,9/4/2015,UK,OS,Carysfort Shallow,503,503-100-070,1,Juv,ANTI,ANTI,7
2015,2015,Sept,9/4/2015,UK,OS,Carysfort Shallow,503,503-100-070,1,Juv,ANTI,ANTI,9
2015,2015,Sept,9/4/2015,UK,OS,Carysfort Shallow,503,503-100-070,1,Juv,ANTI,ANTI,10
2015,2015,Sept,9/4/2015,UK,OS,Carysfort Shallow,503,503-100-070,1,Juv,ANTI,ANTI,23
2015,2015,Sept,9/4/2015,UK,OS,Carysfort Shallow,503,503-100-070,1,Juv,ANTI,ANTI,12
2015,2015,Sept,9/4/2015,UK,OS,Carysfort Shallow,503,503-100-070,1,Juv,ANTI,ANTI,3
2015,2015,Sept,9/4/2015,UK,OS,Carysfort Shallow,503,503-100-070,1,Juv,ANTI,ANTI,3
2015,2015,Sept,9/4/2015,UK,OS,Carysfort Shallow,503,503-100-070,1,Juv,ANTI,ANTI,17
2015,2015,Sept,9/4/2015,UK,OS,Carysfort Shallow,503,503-100-070,1,Juv,EUNI,EUNI,7
2015,2015,Sept,9/4/2015,UK,OS,Carysfort Shallow,503,503-100-070,1,Juv,EUNI,EUNI,5
2015,2015,Sept,9/4/2015,UK,OS,Carysfort Shallow,503,503-100-070,1,Juv,EUNI,EUNI,7
2015,2015,Sept,9/4/2015,UK,OS,Carysfort Shallow,503,503-100-070,1,Juv,EUNI,EUNI,6
2015,2015,Sept,9/4/2015,UK,OS,Carysfort Shallow,503,503-100-070,1,Juv,EUNI,EUNI,8
2015,2015,Sept,9/4/2015,UK,OS,Carysfort Shallow,503,503-100-070,1,Juv,EUNI,EUNI,3
2015,2015,Sept,9/4/2015,UK,OS,Carysfort Shallow,503,503-100-070,1,Juv,EUNI,EUNI,3
2015,2015,Sept,9/4/2015,UK,OS,Carysfort Shallow,503,503-100-070,1,Juv,EUNI,EUNI,4
2015,2015,Sept,9/4/2015,UK,OS,Carysfort Shallow,503,503-100-070,1,Juv,EUNI,EUNI,5
2015,2015,Sept,9/4/2015,UK,OS,Carysfort Shallow,503,503-100-070,1,Juv,EUNI,EUNI,7
2015,2015,Sept,9/4/2015,UK,OS,Carysfort Shallow,503,503-100-070,1,Juv,EUNI,EUNI,7
2015,2015,Sept,9/4/2015,UK,OS,Carysfort Shallow,503,503-100-070,1,Juv,EUNI,EUNI,7
2015,2015,Sept,9/4/2015,UK,OS,Carysfort Shallow,503,503-100-070,1,Juv,EUNI,EUNI,5
2015,2015,Sept,9/4/2015,UK,OS,Carysfort Shallow,503,503-100-070,1,Juv,GVEN,GVEN,31
2015,2015,Sept,9/4/2015,UK,OS,Carysfort Shallow,503,503-100-070,1,Juv,GVEN,GVEN,15
2015,2015,Sept,9/4/2015,UK,OS,Carysfort Shallow,503,503-100-070,1,Juv,GVEN,GVEN,38
2015,2015,Sept,9/4/2015,UK,OS,Carysfort Shallow,503,503-100-070,1,Juv,GVEN,GVEN,25
2015,2015,Sept,9/4/2015,UK,OS,Carysfort Shallow,503,503-100-070,1,Juv,GVEN,GVEN,12
2015,2015,Sept,9/4/2015,UK,OS,Carysfort Shallow,503,503-100-070,1,Juv,GVEN,GVEN,21
2015,2015,Sept,9/4/2015,UK,OS,Carysfort Shallow,503,503-100-070,1,Juv,GVEN,GVEN,18
2015,2015,Sept,9/4/2015,UK,OS,Carysfort Shallow,503,503-100-070,1,Juv,UNKO,UNKO,2
2015,2015,Sept,9/4/2015,UK,OS,Carysfort Shallow,503,503-100-089,1,Juv,ANTI/GVEN,AG,13
2015,2015,Sept,9/4/2015,UK,OS,Carysfort Shallow,503,503-100-089,1,Juv,ANTI/GVEN,AG,15
2015,2015,Sept,9/4/2015,UK,OS,Carysfort Shallow,503,503-100-089,1,Juv,ANTI/GVEN,AG,9
2015,2015,Sept,9/4/2015,UK,OS,Carysfort Shallow,503,503-100-089,1,Juv,ANTI,ANTI,33
2015,2015,Sept,9/4/2015,UK,OS,Carysfort Shallow,503,503-100-089,1,Juv,EUNI,EUNI,3
2015,2015,Sept,9/4/2015,UK,OS,Carysfort Shallow,503,503-100-089,1,Juv,EUNI,EUNI,6
2015,2015,Sept,9/4/2015,UK,OS,Carysfort Shallow,503,503-100-089,1,Juv,GVEN,GVEN,20
2015,2015,Sept,9/4/2015,UK,OS,Carysfort Shallow,503,503-100-183,1,Juv,ANTI/GVEN,AG,10
2015,2015,Sept,9/4/2015,UK,OS,Carysfort Shallow,503,503-100-183,1,Juv,ANTI/GVEN,AG,5
2015,2015,Sept,9/4/2015,UK,OS,Carysfort Shallow,503,503-100-183,1,Juv,ANTI/GVEN,AG,3
2015,2015,Sept,9/4/2015,UK,OS,Carysfort Shallow,503,503-100-183,1,Juv,PAME,ANTI,8
2015,2015,Sept,9/4/2015,UK,OS,Carysfort Shallow,503,503-100-183,1,Juv,PAME,ANTI,5
2015,2015,Sept,9/4/2015,UK,OS,Carysfort Shallow,503,503-100-183,1,Juv,PAME,ANTI,4
2015,2015,Sept,9/4/2015,UK,OS,Carysfort Shallow,503,503-100-183,1,Juv,PAME,ANTI,4
2015,2015,Sept,9/4/2015,UK,OS,Carysfort Shallow,503,503-100-183,1,Juv,PAME,ANTI,5
2015,2015,Sept,9/4/2015,UK,OS,Carysfort Shallow,503,503-100-183,1,Juv,PAME,ANTI,4
2015,2015,Sept,9/4/2015,UK,OS,Carysfort Shallow,503,503-500-063,1,Juv,ANTI/GVEN,AG,4
2015,2015,Sept,9/4/2015,UK,OS,Carysfort Shallow,503,503-500-063,1,Juv,ANTI/GVEN,AG,8
2015,2015,Sept,9/4/2015,UK,OS,Carysfort Shallow,503,503-500-063,1,Juv,ANTI,ANTI,5
2015,2015,Sept,9/4/2015,UK,OS,Carysfort Shallow,503,503-500-063,1,Juv,ANTI,ANTI,12
2015,2015,Sept,9/4/2015,UK,OS,Carysfort Shallow,503,503-500-063,1,Juv,ANTI,ANTI,7
2015,2015,Sept,9/4/2015,UK,OS,Carysfort Shallow,503,503-500-063,1,Juv,ANTI,ANTI,8
2015,2015,Sept,9/4/2015,UK,OS,Carysfort Shallow,503,503-500-063,1,Juv,ANTI,ANTI,5
2015,2015,Sept,9/4/2015,UK,OS,Carysfort Shallow,503,503-500-063,1,Juv,EUNI,EUNI,18
2015,2015,Sept,9/4/2015,UK,OS,Carysfort Shallow,503,503-500-063,1,Juv,EUNI,EUNI,32
2015,2015,Sept,9/4/2015,UK,OS,Carysfort Shallow,503,503-500-063,1,Juv,EUNI,EUNI,4
2015,2015,Sept,9/4/2015,UK,OS,Carysfort Shallow,503,503-500-063,1,Juv,EUNI,EUNI,5
2015,2015,Sept,9/4/2015,UK,OS,Carysfort Shallow,503,503-500-092,1,Juv,ANTI/GVEN,AG,5
2015,2015,Sept,9/4/2015,UK,OS,Carysfort Shallow,503,503-500-092,1,Juv,EUNI,EUNI,4
2015,2015,Sept,9/4/2015,UK,OS,Carysfort Shallow,503,503-500-092,1,Juv,EUNI,EUNI,4
2015,2015,Sept,9/4/2015,UK,OS,Carysfort Shallow,503,503-500-118,1,Juv,ANTI,ANTI,19
2015,2015,Sept,9/4/2015,UK,OS,Carysfort Shallow,503,503-500-118,1,Juv,PAME,ANTI,26
2015,2015,Sept,9/4/2015,UK,OS,Carysfort Shallow,503,503-500-118,1,Juv,EUNI,EUNI,2
2015,2015,Sept,9/4/2015,UK,OS,Carysfort Shallow,503,503-500-118,1,Juv,EUNI,EUNI,8
2015,2015,Sept,9/4/2015,UK,OS,Carysfort Shallow,503,503-500-118,1,Juv,EUNI,EUNI,4
2015,2015,Sept,9/4/2015,UK,OS,Carysfort Shallow,503,503-500-118,1,Juv,MURO,MURO,22
2015,2015,Sept,9/4/2015,UK,OS,Carysfort Shallow,503,503-500-145,1,Juv,ANTI/GVEN,AG,4
2015,2015,Sept,9/4/2015,UK,OS,Carysfort Shallow,503,503-500-145,1,Juv,ANTI,ANTI,15
2015,2015,Sept,9/4/2015,UK,OS,Carysfort Shallow,503,503-500-145,1,Juv,PAME,ANTI,5
2015,2015,Sept,9/4/2015,UK,OS,Carysfort Shallow,503,503-500-145,1,Juv,PAME,ANTI,5
2015,2015,Sept,9/4/2015,UK,OS,Carysfort Shallow,503,503-500-145,1,Juv,PAME,ANTI,3
2015,2015,Sept,9/4/2015,UK,OS,Carysfort Shallow,503,503-500-145,1,Juv,PAME,ANTI,6
2015,2015,Sept,9/4/2015,UK,OS,Carysfort Shallow,504,504-100-019,1,Juv,ANTI/GVEN,AG,4
2015,2015,Sept,9/4/2015,UK,OS,Carysfort Shallow,504,504-100-019,1,Juv,ANTI/GVEN,AG,13
2015,2015,Sept,9/4/2015,UK,OS,Carysfort Shallow,504,504-100-019,1,Juv,ANTI/GVEN,AG,3
2015,2015,Sept,9/4/2015,UK,OS,Carysfort Shallow,504,504-100-019,1,Juv,ANTI,ANTI,11
2015,2015,Sept,9/4/2015,UK,OS,Carysfort Shallow,504,504-100-019,1,Juv,ANTI,ANTI,9
2015,2015,Sept,9/4/2015,UK,OS,Carysfort Shallow,504,504-100-019,1,Juv,ANTI,ANTI,8
2015,2015,Sept,9/4/2015,UK,OS,Carysfort Shallow,504,504-100-019,1,Juv,ANTI,ANTI,5
2015,2015,Sept,9/4/2015,UK,OS,Carysfort Shallow,504,504-100-019,1,Juv,ANTI,ANTI,10
2015,2015,Sept,9/4/2015,UK,OS,Carysfort Shallow,504,504-100-138,1,Juv,ANTI,ANTI,13
2015,2015,Sept,9/4/2015,UK,OS,Carysfort Shallow,504,504-100-171,0,NA,NA,NA,NA
2015,2015,Sept,9/4/2015,UK,OS,Carysfort Shallow,504,504-100-184,1,Juv,EUNI,EUNI,16
2015,2015,Sept,9/4/2015,UK,OS,Carysfort Shallow,504,504-100-184,1,Juv,EUNI,EUNI,12
2015,2015,Sept,9/4/2015,UK,OS,Carysfort Shallow,504,504-500-021,1,Juv,GVEN,GVEN,35
2015,2015,Sept,9/4/2015,UK,OS,Carysfort Shallow,504,504-500-060,1,Juv,ANTI/GVEN,AG,10
2015,2015,Sept,9/4/2015,UK,OS,Carysfort Shallow,504,504-500-060,1,Juv,ANTI/GVEN,AG,12
2015,2015,Sept,9/4/2015,UK,OS,Carysfort Shallow,504,504-500-060,1,Juv,EUNI,EUNI,5
2015,2015,Sept,9/4/2015,UK,OS,Carysfort Shallow,504,504-500-060,1,Juv,EUNI,EUNI,10
2015,2015,Sept,9/4/2015,UK,OS,Carysfort Shallow,504,504-500-060,1,Juv,EUNI,EUNI,3
2015,2015,Sept,9/4/2015,UK,OS,Carysfort Shallow,504,504-500-060,1,Juv,EUNI,EUNI,5
2015,2015,Sept,9/4/2015,UK,OS,Carysfort Shallow,504,504-500-060,1,Juv,GVEN,GVEN,13
2015,2015,Sept,9/4/2015,UK,OS,Carysfort Shallow,504,504-500-060,1,Juv,GVEN,GVEN,7
2015,2015,Sept,9/4/2015,UK,OS,Carysfort Shallow,504,504-500-159,1,Juv,ANTI/GVEN,AG,5
2015,2015,Sept,9/4/2015,UK,OS,Carysfort Shallow,504,504-500-159,1,Juv,ANTI/GVEN,AG,4
2015,2015,Sept,9/4/2015,UK,OS,Carysfort Shallow,504,504-500-159,1,Juv,ANTI/GVEN,AG,3
2015,2015,Sept,9/4/2015,UK,OS,Carysfort Shallow,504,504-500-159,1,Juv,ANTI/GVEN,AG,6
2015,2015,Sept,9/4/2015,UK,OS,Carysfort Shallow,504,504-500-159,1,Juv,EUNI,EUNI,7
2015,2015,Sept,9/4/2015,UK,OS,Carysfort Shallow,504,504-500-159,1,Juv,EUNI,EUNI,4
2015,2015,Sept,9/4/2015,UK,OS,Carysfort Shallow,504,504-500-159,1,Juv,GVEN,GVEN,15
2015,2015,Sept,9/4/2015,UK,OS,Carysfort Shallow,504,504-500-159,1,Juv,GVEN,GVEN,30
2015,2015,Sept,9/4/2015,UK,OS,Carysfort Shallow,504,504-500-210,1,Juv,EUNI,EUNI,5
2015,2015,July,7/16/2015,UK,OS,Molasses Shallow,521,521-100-011,1,Juv,ANTI,ANTI,5
2015,2015,July,7/16/2015,UK,OS,Molasses Shallow,521,521-100-027,0,NA,NA,NA,NA
2015,2015,July,7/16/2015,UK,OS,Molasses Shallow,521,521-100-088,1,Juv,ANTI,ANTI,15
2015,2015,July,7/16/2015,UK,OS,Molasses Shallow,521,521-100-088,1,Juv,ANTI,ANTI,26
2015,2015,July,7/16/2015,UK,OS,Molasses Shallow,521,521-100-088,1,Juv,ANTI,ANTI,31
2015,2015,July,7/16/2015,UK,OS,Molasses Shallow,521,521-100-088,1,Juv,ANTI,ANTI,24
2015,2015,July,7/16/2015,UK,OS,Molasses Shallow,521,521-100-088,1,Juv,ANTI,ANTI,17
2015,2015,July,7/16/2015,UK,OS,Molasses Shallow,521,521-100-088,1,Juv,PAME,ANTI,16
2015,2015,July,7/16/2015,UK,OS,Molasses Shallow,521,521-100-088,1,Juv,MURO,MURO,36
2015,2015,July,7/16/2015,UK,OS,Molasses Shallow,521,521-100-174,1,Juv,ANTI,ANTI,3
2015,2015,July,7/16/2015,UK,OS,Molasses Shallow,521,521-100-174,1,Juv,ANTI,ANTI,5
2015,2015,July,7/16/2015,UK,OS,Molasses Shallow,521,521-100-174,1,Juv,ANTI,ANTI,5
2015,2015,July,7/16/2015,UK,OS,Molasses Shallow,521,521-100-174,1,Juv,ANTI,ANTI,5
2015,2015,July,7/16/2015,UK,OS,Molasses Shallow,521,521-100-174,1,Juv,ANTI,ANTI,8
2015,2015,July,7/16/2015,UK,OS,Molasses Shallow,521,521-100-174,1,Juv,ANTI,ANTI,13
2015,2015,July,7/16/2015,UK,OS,Molasses Shallow,521,521-100-174,1,Juv,MURO,MURO,18
2015,2015,July,7/16/2015,UK,OS,Molasses Shallow,521,521-500-025,1,Juv,ANTI,ANTI,17
2015,2015,July,7/16/2015,UK,OS,Molasses Shallow,521,521-500-025,1,Juv,ANTI,ANTI,22
2015,2015,July,7/16/2015,UK,OS,Molasses Shallow,521,521-500-025,1,Juv,ANTI,ANTI,16
2015,2015,July,7/16/2015,UK,OS,Molasses Shallow,521,521-500-025,1,Juv,ANTI,ANTI,20
2015,2015,July,7/16/2015,UK,OS,Molasses Shallow,521,521-500-025,1,Juv,ANTI,ANTI,30
2015,2015,July,7/16/2015,UK,OS,Molasses Shallow,521,521-500-025,1,Juv,ANTI,ANTI,10
2015,2015,July,7/16/2015,UK,OS,Molasses Shallow,521,521-500-025,1,Juv,ANTI,ANTI,26
2015,2015,July,7/16/2015,UK,OS,Molasses Shallow,521,521-500-025,1,Juv,ANTI,ANTI,30
2015,2015,July,7/16/2015,UK,OS,Molasses Shallow,521,521-500-025,1,Juv,ANTI,ANTI,6
2015,2015,July,7/16/2015,UK,OS,Molasses Shallow,521,521-500-025,1,Juv,PAME,ANTI,3
2015,2015,July,7/16/2015,UK,OS,Molasses Shallow,521,521-500-025,1,Juv,EUNI,EUNI,12
2015,2015,July,7/16/2015,UK,OS,Molasses Shallow,521,521-500-025,1,Juv,GVEN,GVEN,6
2015,2015,July,7/16/2015,UK,OS,Molasses Shallow,521,521-500-025,1,Juv,MURO,MURO,30
2015,2015,July,7/16/2015,UK,OS,Molasses Shallow,521,521-500-025,1,Juv,UNKO,UNKO,7
2015,2015,July,7/16/2015,UK,OS,Molasses Shallow,521,521-500-061,1,Juv,ANTI,ANTI,23
2015,2015,July,7/16/2015,UK,OS,Molasses Shallow,521,521-500-137,1,Juv,ANTI,ANTI,3
2015,2015,July,7/16/2015,UK,OS,Molasses Shallow,521,521-500-137,1,Juv,ANTI,ANTI,3
2015,2015,July,7/16/2015,UK,OS,Molasses Shallow,521,521-500-137,1,Juv,ANTI,ANTI,3
2015,2015,July,7/16/2015,UK,OS,Molasses Shallow,521,521-500-137,1,Juv,ANTI,ANTI,5
2015,2015,July,7/16/2015,UK,OS,Molasses Shallow,521,521-500-137,1,Juv,ANTI,ANTI,5
2015,2015,July,7/16/2015,UK,OS,Molasses Shallow,521,521-500-137,1,Juv,GVEN,GVEN,38
2015,2015,July,7/16/2015,UK,OS,Molasses Shallow,521,521-500-137,1,Juv,MURO,MURO,20
2015,2015,July,7/16/2015,UK,OS,Molasses Shallow,521,521-500-205,0,NA,NA,NA,NA
2015,2015,Sept,9/1/2015,UK,OS,Molasses Shallow,522,522-100-025,1,Juv,ANTI/GVEN,AG,22
2015,2015,Sept,9/1/2015,UK,OS,Molasses Shallow,522,522-100-025,1,Juv,ANTI/GVEN,AG,8
2015,2015,Sept,9/1/2015,UK,OS,Molasses Shallow,522,522-100-025,1,Juv,ANTI/GVEN,AG,5
2015,2015,Sept,9/1/2015,UK,OS,Molasses Shallow,522,522-100-025,1,Juv,ANTI/GVEN,AG,8
2015,2015,Sept,9/1/2015,UK,OS,Molasses Shallow,522,522-100-025,1,Juv,ANTI,ANTI,22
2015,2015,Sept,9/1/2015,UK,OS,Molasses Shallow,522,522-100-025,1,Juv,GVEN,GVEN,12
2015,2015,Sept,9/1/2015,UK,OS,Molasses Shallow,522,522-100-025,1,Juv,MURO,MURO,19
2015,2015,Sept,9/1/2015,UK,OS,Molasses Shallow,522,522-100-025,1,Juv,UNKO,UNKO,8
2015,2015,Sept,9/1/2015,UK,OS,Molasses Shallow,522,522-100-058,1,Juv,ANTI/GVEN,AG,13
2015,2015,Sept,9/1/2015,UK,OS,Molasses Shallow,522,522-100-058,1,Juv,ANTI/GVEN,AG,7
2015,2015,Sept,9/1/2015,UK,OS,Molasses Shallow,522,522-100-058,1,Juv,ANTI,ANTI,38
2015,2015,Sept,9/1/2015,UK,OS,Molasses Shallow,522,522-100-058,1,Juv,ANTI,ANTI,30
2015,2015,Sept,9/1/2015,UK,OS,Molasses Shallow,522,522-100-091,1,Juv,ANTI/GVEN,AG,8
2015,2015,Sept,9/1/2015,UK,OS,Molasses Shallow,522,522-100-091,1,Juv,ANTI,ANTI,14
2015,2015,Sept,9/1/2015,UK,OS,Molasses Shallow,522,522-100-091,1,Juv,ANTI,ANTI,18
2015,2015,Sept,9/1/2015,UK,OS,Molasses Shallow,522,522-100-091,1,Juv,EUNI,EUNI,3
2015,2015,Sept,9/1/2015,UK,OS,Molasses Shallow,522,522-100-139,0,NA,NA,NA,NA
2015,2015,Sept,9/1/2015,UK,OS,Molasses Shallow,522,522-500-033,1,Juv,ANTI/GVEN,AG,7
2015,2015,Sept,9/1/2015,UK,OS,Molasses Shallow,522,522-500-033,1,Juv,ANTI/GVEN,AG,3
2015,2015,Sept,9/1/2015,UK,OS,Molasses Shallow,522,522-500-063,1,Juv,ANTI,ANTI,37
2015,2015,Sept,9/1/2015,UK,OS,Molasses Shallow,522,522-500-063,1,Juv,ANTI,ANTI,17
2015,2015,Sept,9/1/2015,UK,OS,Molasses Shallow,522,522-500-063,1,Juv,ANTI,ANTI,39
2015,2015,Sept,9/1/2015,UK,OS,Molasses Shallow,522,522-500-063,1,Juv,ANTI,ANTI,33
2015,2015,Sept,9/1/2015,UK,OS,Molasses Shallow,522,522-500-063,1,Juv,ANTI,ANTI,10
2015,2015,Sept,9/1/2015,UK,OS,Molasses Shallow,522,522-500-063,1,Juv,ANTI,ANTI,10
2015,2015,Sept,9/1/2015,UK,OS,Molasses Shallow,522,522-500-138,1,Juv,ANTI/GVEN,AG,13
2015,2015,Sept,9/1/2015,UK,OS,Molasses Shallow,522,522-500-138,1,Juv,ANTI/GVEN,AG,16
2015,2015,Sept,9/1/2015,UK,OS,Molasses Shallow,522,522-500-138,1,Juv,ANTI/GVEN,AG,9
2015,2015,Sept,9/1/2015,UK,OS,Molasses Shallow,522,522-500-138,1,Juv,ANTI/GVEN,AG,7
2015,2015,Sept,9/1/2015,UK,OS,Molasses Shallow,522,522-500-138,1,Juv,ANTI,ANTI,29
2015,2015,Sept,9/1/2015,UK,OS,Molasses Shallow,522,522-500-138,1,Juv,ANTI,ANTI,26
2015,2015,Sept,9/1/2015,UK,OS,Molasses Shallow,522,522-500-138,1,Juv,ANTI,ANTI,23
2015,2015,Sept,9/1/2015,UK,OS,Molasses Shallow,522,522-500-138,1,Juv,EUNI,EUNI,5
2015,2015,Sept,9/1/2015,UK,OS,Molasses Shallow,522,522-500-138,1,Juv,GVEN,GVEN,20
2015,2015,Sept,9/1/2015,UK,OS,Molasses Shallow,522,522-500-138,1,Juv,GVEN,GVEN,9
2015,2015,Sept,9/1/2015,UK,OS,Molasses Shallow,522,522-500-138,1,Juv,MURO,MURO,22
2015,2015,Sept,9/1/2015,UK,OS,Molasses Shallow,522,522-500-200,1,Juv,ANTI/GVEN,AG,16
2015,2015,Sept,9/1/2015,UK,OS,Molasses Shallow,522,522-500-200,1,Juv,ANTI,ANTI,16
2015,2015,Sept,9/1/2015,UK,OS,Molasses Shallow,522,522-500-200,1,Juv,ANTI,ANTI,30
2015,2015,Sept,9/1/2015,UK,OS,Molasses Shallow,522,522-500-200,1,Juv,ANTI,ANTI,15
2015,2015,Sept,9/1/2015,UK,OS,Molasses Shallow,522,522-500-200,1,Juv,ANTI,ANTI,23
2015,2015,Sept,9/1/2015,UK,OS,Molasses Shallow,522,522-500-200,1,Juv,ANTI,ANTI,6
2015,2015,Sept,9/1/2015,UK,OS,Molasses Shallow,522,522-500-200,1,Juv,ANTI,ANTI,10
2015,2015,Sept,9/1/2015,UK,OS,Molasses Shallow,522,522-500-200,1,Juv,MURI,MURI,15
2015,2015,Sept,9/2/2015,UK,OS,Molasses Shallow,523,523-100-003,1,Juv,ANTI,ANTI,30
2015,2015,Sept,9/2/2015,UK,OS,Molasses Shallow,523,523-100-003,1,Juv,ANTI,ANTI,22
2015,2015,Sept,9/2/2015,UK,OS,Molasses Shallow,523,523-100-003,1,Juv,EUNI,EUNI,4
2015,2015,Sept,9/2/2015,UK,OS,Molasses Shallow,523,523-100-036,1,Juv,ANTI,ANTI,27
2015,2015,Sept,9/2/2015,UK,OS,Molasses Shallow,523,523-100-107,1,Juv,ANTI,ANTI,16
2015,2015,Sept,9/2/2015,UK,OS,Molasses Shallow,523,523-100-107,1,Juv,ANTI,ANTI,7
2015,2015,Sept,9/2/2015,UK,OS,Molasses Shallow,523,523-100-107,1,Juv,ANTI,ANTI,34
2015,2015,Sept,9/2/2015,UK,OS,Molasses Shallow,523,523-100-107,1,Juv,ANTI,ANTI,6
2015,2015,Sept,9/2/2015,UK,OS,Molasses Shallow,523,523-100-107,1,Juv,ANTI,ANTI,34
2015,2015,Sept,9/2/2015,UK,OS,Molasses Shallow,523,523-100-107,1,Juv,ANTI,ANTI,15
2015,2015,Sept,9/2/2015,UK,OS,Molasses Shallow,523,523-100-107,1,Juv,ANTI,ANTI,5
2015,2015,Sept,9/2/2015,UK,OS,Molasses Shallow,523,523-100-107,1,Juv,ANTI,ANTI,15
2015,2015,Sept,9/2/2015,UK,OS,Molasses Shallow,523,523-100-107,1,Juv,ANTI,ANTI,4
2015,2015,Sept,9/2/2015,UK,OS,Molasses Shallow,523,523-100-107,1,Juv,ANTI,ANTI,8
2015,2015,Sept,9/2/2015,UK,OS,Molasses Shallow,523,523-100-107,1,Juv,ANTI,ANTI,8
2015,2015,Sept,9/2/2015,UK,OS,Molasses Shallow,523,523-100-107,1,Juv,PFLE,EUNI,30
2015,2015,Sept,9/2/2015,UK,OS,Molasses Shallow,523,523-100-157,1,Juv,ANTI,ANTI,22
2015,2015,Sept,9/2/2015,UK,OS,Molasses Shallow,523,523-100-157,1,Juv,ANTI,ANTI,17
2015,2015,Sept,9/2/2015,UK,OS,Molasses Shallow,523,523-100-157,1,Juv,ANTI,ANTI,12
2015,2015,Sept,9/2/2015,UK,OS,Molasses Shallow,523,523-100-157,1,Juv,MURO,MURO,26
2015,2015,Sept,9/2/2015,UK,OS,Molasses Shallow,523,523-500-023,1,Juv,ANTI,ANTI,10
2015,2015,Sept,9/2/2015,UK,OS,Molasses Shallow,523,523-500-023,1,Juv,ANTI,ANTI,17
2015,2015,Sept,9/2/2015,UK,OS,Molasses Shallow,523,523-500-023,1,Juv,ANTI,ANTI,27
2015,2015,Sept,9/2/2015,UK,OS,Molasses Shallow,523,523-500-023,1,Juv,ANTI,ANTI,10
2015,2015,Sept,9/2/2015,UK,OS,Molasses Shallow,523,523-500-023,1,Juv,ANTI,ANTI,16
2015,2015,Sept,9/2/2015,UK,OS,Molasses Shallow,523,523-500-023,1,Juv,ANTI,ANTI,17
2015,2015,Sept,9/2/2015,UK,OS,Molasses Shallow,523,523-500-023,1,Juv,PAME,ANTI,5
2015,2015,Sept,9/2/2015,UK,OS,Molasses Shallow,523,523-500-023,1,Juv,GVEN,GVEN,18
2015,2015,Sept,9/2/2015,UK,OS,Molasses Shallow,523,523-500-063,1,Juv,ANTI,ANTI,20
2015,2015,Sept,9/2/2015,UK,OS,Molasses Shallow,523,523-500-063,1,Juv,ANTI,ANTI,5
2015,2015,Sept,9/2/2015,UK,OS,Molasses Shallow,523,523-500-063,1,Juv,ANTI,ANTI,5
2015,2015,Sept,9/2/2015,UK,OS,Molasses Shallow,523,523-500-063,1,Juv,ANTI,ANTI,2
2015,2015,Sept,9/2/2015,UK,OS,Molasses Shallow,523,523-500-063,1,Juv,ANTI,ANTI,2
2015,2015,Sept,9/2/2015,UK,OS,Molasses Shallow,523,523-500-101,1,Juv,ANTI,ANTI,14
2015,2015,Sept,9/2/2015,UK,OS,Molasses Shallow,523,523-500-101,1,Juv,ANTI,ANTI,16
2015,2015,Sept,9/2/2015,UK,OS,Molasses Shallow,523,523-500-101,1,Juv,UNKO,UNKO,3
2015,2015,Sept,9/2/2015,UK,OS,Molasses Shallow,523,523-500-101,1,Juv,UNKO,UNKO,2
2015,2015,Sept,9/2/2015,UK,OS,Molasses Shallow,523,523-500-167,1,Juv,ANTI,ANTI,15
2015,2015,Sept,9/2/2015,UK,OS,Molasses Shallow,523,523-500-167,1,Juv,ANTI,ANTI,25
2015,2015,Sept,9/2/2015,UK,OS,Molasses Shallow,523,523-500-167,1,Juv,ANTI,ANTI,7
2015,2015,Sept,9/2/2015,UK,OS,Molasses Shallow,523,523-500-167,1,Juv,ANTI,ANTI,9
2015,2015,Sept,9/2/2015,UK,OS,Molasses Shallow,523,523-500-167,1,Juv,ANTI,ANTI,10
2015,2015,Sept,9/2/2015,UK,OS,Molasses Shallow,523,523-500-167,1,Juv,ANTI,ANTI,25
2015,2015,Sept,9/2/2015,UK,OS,Molasses Shallow,523,523-500-167,1,Juv,UNKO,UNKO,2
2015,2015,Sept,9/4/2015,UK,OS,Molasses Shallow,524,524-100-019,1,Juv,ANTI/GVEN,AG,19
2015,2015,Sept,9/4/2015,UK,OS,Molasses Shallow,524,524-100-019,1,Juv,ANTI/GVEN,AG,10
2015,2015,Sept,9/4/2015,UK,OS,Molasses Shallow,524,524-100-019,1,Juv,ANTI,ANTI,3
2015,2015,Sept,9/4/2015,UK,OS,Molasses Shallow,524,524-100-019,1,Juv,ANTI,ANTI,4
2015,2015,Sept,9/4/2015,UK,OS,Molasses Shallow,524,524-100-019,1,Juv,ANTI,ANTI,4
2015,2015,Sept,9/4/2015,UK,OS,Molasses Shallow,524,524-100-019,1,Juv,ANTI,ANTI,15
2015,2015,Sept,9/4/2015,UK,OS,Molasses Shallow,524,524-100-019,1,Juv,EUNI,EUNI,5
2015,2015,Sept,9/4/2015,UK,OS,Molasses Shallow,524,524-100-019,1,Juv,MURO,MURO,29
2015,2015,Sept,9/4/2015,UK,OS,Molasses Shallow,524,524-100-051,1,Juv,ANTI/GVEN,AG,3
2015,2015,Sept,9/4/2015,UK,OS,Molasses Shallow,524,524-100-051,1,Juv,UNKO,UNKO,2
2015,2015,Sept,9/4/2015,UK,OS,Molasses Shallow,524,524-100-132,1,Juv,ANTI/GVEN,AG,3
2015,2015,Sept,9/4/2015,UK,OS,Molasses Shallow,524,524-100-132,1,Juv,ANTI/GVEN,AG,10
2015,2015,Sept,9/4/2015,UK,OS,Molasses Shallow,524,524-100-132,1,Juv,ANTI/GVEN,AG,3
2015,2015,Sept,9/4/2015,UK,OS,Molasses Shallow,524,524-100-132,1,Juv,ANTI/GVEN,AG,4
2015,2015,Sept,9/4/2015,UK,OS,Molasses Shallow,524,524-100-132,1,Juv,ANTI,ANTI,24
2015,2015,Sept,9/4/2015,UK,OS,Molasses Shallow,524,524-100-132,1,Juv,ANTI,ANTI,35
2015,2015,Sept,9/4/2015,UK,OS,Molasses Shallow,524,524-100-132,1,Juv,ANTI,ANTI,18
2015,2015,Sept,9/4/2015,UK,OS,Molasses Shallow,524,524-100-132,1,Juv,ANTI,ANTI,16
2015,2015,Sept,9/4/2015,UK,OS,Molasses Shallow,524,524-100-132,1,Juv,ANTI,ANTI,28
2015,2015,Sept,9/4/2015,UK,OS,Molasses Shallow,524,524-100-132,1,Juv,PAME,ANTI,16
2015,2015,Sept,9/4/2015,UK,OS,Molasses Shallow,524,524-100-163,1,Juv,ANTI/GVEN,AG,7
2015,2015,Sept,9/4/2015,UK,OS,Molasses Shallow,524,524-100-163,1,Juv,ANTI,ANTI,20
2015,2015,Sept,9/4/2015,UK,OS,Molasses Shallow,524,524-100-163,1,Juv,PAME,ANTI,3
2015,2015,Sept,9/4/2015,UK,OS,Molasses Shallow,524,524-100-163,1,Juv,PAME,ANTI,20
2015,2015,Sept,9/4/2015,UK,OS,Molasses Shallow,524,524-100-163,1,Juv,PAME,ANTI,20
2015,2015,Sept,9/4/2015,UK,OS,Molasses Shallow,524,524-100-163,1,Juv,PAME,ANTI,8
2015,2015,Sept,9/4/2015,UK,OS,Molasses Shallow,524,524-100-163,1,Juv,PAME,ANTI,17
2015,2015,Sept,9/4/2015,UK,OS,Molasses Shallow,524,524-500-019,1,Juv,GVEN,GVEN,7
2015,2015,Sept,9/4/2015,UK,OS,Molasses Shallow,524,524-500-019,1,Juv,GVEN,GVEN,7
2015,2015,Sept,9/4/2015,UK,OS,Molasses Shallow,524,524-500-019,1,Juv,GVEN,GVEN,7
2015,2015,Sept,9/4/2015,UK,OS,Molasses Shallow,524,524-500-036,1,Juv,ANTI/GVEN,AG,3
2015,2015,Sept,9/4/2015,UK,OS,Molasses Shallow,524,524-500-089,1,Juv,ANTI/GVEN,AG,8
2015,2015,Sept,9/4/2015,UK,OS,Molasses Shallow,524,524-500-089,1,Juv,ANTI/GVEN,AG,7
2015,2015,Sept,9/4/2015,UK,OS,Molasses Shallow,524,524-500-089,1,Juv,ANTI/GVEN,AG,5
2015,2015,Sept,9/4/2015,UK,OS,Molasses Shallow,524,524-500-089,1,Juv,ANTI/GVEN,AG,5
2015,2015,Sept,9/4/2015,UK,OS,Molasses Shallow,524,524-500-089,1,Juv,ANTI,ANTI,20
2015,2015,Sept,9/4/2015,UK,OS,Molasses Shallow,524,524-500-089,1,Juv,ANTI,ANTI,17
2015,2015,Sept,9/4/2015,UK,OS,Molasses Shallow,524,524-500-089,1,Juv,ANTI,ANTI,33
2015,2015,Sept,9/4/2015,UK,OS,Molasses Shallow,524,524-500-089,1,Juv,EUNI,EUNI,7
2015,2015,Sept,9/4/2015,UK,OS,Molasses Shallow,524,524-500-089,1,Juv,MURI,MURI,24
2015,2015,Sept,9/4/2015,UK,OS,Molasses Shallow,524,524-500-165,1,Juv,ANTI/GVEN,AG,5
2015,2015,Sept,9/4/2015,UK,OS,Molasses Shallow,524,524-500-165,1,Juv,ANTI/GVEN,AG,23
2015,2015,Sept,9/4/2015,UK,OS,Molasses Shallow,524,524-500-165,1,Juv,ANTI,ANTI,20
2015,2015,Sept,9/4/2015,UK,OS,Molasses Shallow,524,524-500-165,1,Juv,ANTI,ANTI,25
2015,2015,Sept,9/4/2015,UK,OS,Molasses Shallow,524,524-500-165,1,Juv,ANTI,ANTI,17
2015,2015,Sept,9/4/2015,UK,OS,Molasses Shallow,524,524-500-165,1,Juv,ANTI,ANTI,25
2015,2015,Sept,9/4/2015,UK,OS,Molasses Shallow,524,524-500-165,1,Juv,ANTI,ANTI,15
2015,2015,Sept,9/4/2015,UK,OS,Molasses Shallow,524,524-500-165,1,Juv,ANTI,ANTI,25
2015,2015,Sept,9/4/2015,UK,OS,Molasses Shallow,524,524-500-165,1,Juv,ANTI,ANTI,15
2015,2015,Sept,9/4/2015,UK,OS,Molasses Shallow,524,524-500-165,1,Juv,PAME,ANTI,10
2015,2015,Sept,9/21/2015,MK,OS,Tennessee Shallow,551,551-100-012,1,Juv,PAME,ANTI,35
2015,2015,Sept,9/21/2015,MK,OS,Tennessee Shallow,551,551-100-012,1,Juv,GVEN,GVEN,25
2015,2015,Sept,9/21/2015,MK,OS,Tennessee Shallow,551,551-100-012,1,Juv,GVEN,GVEN,28
2015,2015,Sept,9/21/2015,MK,OS,Tennessee Shallow,551,551-100-012,1,Juv,GVEN,GVEN,25
2015,2015,Sept,9/21/2015,MK,OS,Tennessee Shallow,551,551-100-012,1,Juv,PTER,PTER,5
2015,2015,Sept,9/21/2015,MK,OS,Tennessee Shallow,551,551-100-073,1,Juv,PAME,ANTI,29
2015,2015,Sept,9/21/2015,MK,OS,Tennessee Shallow,551,551-100-073,1,Juv,PAME,ANTI,25
2015,2015,Sept,9/21/2015,MK,OS,Tennessee Shallow,551,551-100-073,1,Juv,PAME,ANTI,28
2015,2015,Sept,9/21/2015,MK,OS,Tennessee Shallow,551,551-100-073,1,Juv,EUNI,EUNI,10
2015,2015,Sept,9/21/2015,MK,OS,Tennessee Shallow,551,551-100-073,1,Juv,GVEN,GVEN,5
2015,2015,Sept,9/21/2015,MK,OS,Tennessee Shallow,551,551-100-073,1,Juv,PPOR,PSEU,39
2015,2015,Sept,9/21/2015,MK,OS,Tennessee Shallow,551,551-100-133,1,Juv,PAME,ANTI,14
2015,2015,Sept,9/21/2015,MK,OS,Tennessee Shallow,551,551-100-133,1,Juv,EUNI,EUNI,13
2015,2015,Sept,9/21/2015,MK,OS,Tennessee Shallow,551,551-100-133,1,Juv,GVEN,GVEN,10
2015,2015,Sept,9/21/2015,MK,OS,Tennessee Shallow,551,551-100-133,1,Juv,MURO,MURO,5
2015,2015,Sept,9/21/2015,MK,OS,Tennessee Shallow,551,551-100-133,1,Juv,MURO,MURO,35
2015,2015,Sept,9/21/2015,MK,OS,Tennessee Shallow,551,551-100-133,1,Juv,PPOR,PSEU,25
2015,2015,Sept,9/21/2015,MK,OS,Tennessee Shallow,551,551-100-133,1,Juv,PTER,PTER,10
2015,2015,Sept,9/21/2015,MK,OS,Tennessee Shallow,551,551-100-192,1,Juv,PAME,ANTI,10
2015,2015,Sept,9/21/2015,MK,OS,Tennessee Shallow,551,551-100-192,1,Juv,PFLE,EUNI,10
2015,2015,Sept,9/21/2015,MK,OS,Tennessee Shallow,551,551-100-192,1,Juv,PFLE,EUNI,13
2015,2015,Sept,9/21/2015,MK,OS,Tennessee Shallow,551,551-100-192,1,Juv,PFLE,EUNI,8
2015,2015,Sept,9/21/2015,MK,OS,Tennessee Shallow,551,551-100-192,1,Juv,PFLE,EUNI,39
2015,2015,Sept,9/21/2015,MK,OS,Tennessee Shallow,551,551-100-192,1,Juv,GVEN,GVEN,30
2015,2015,Sept,9/21/2015,MK,OS,Tennessee Shallow,551,551-100-192,1,Juv,GVEN,GVEN,3
2015,2015,Sept,9/21/2015,MK,OS,Tennessee Shallow,551,551-100-192,1,Juv,GVEN,GVEN,30
2015,2015,Sept,9/21/2015,MK,OS,Tennessee Shallow,551,551-100-192,1,Juv,GVEN,GVEN,34
2015,2015,Sept,9/21/2015,MK,OS,Tennessee Shallow,551,551-500-020,1,Juv,PAME,ANTI,39
2015,2015,Sept,9/21/2015,MK,OS,Tennessee Shallow,551,551-500-020,1,Juv,GVEN,GVEN,35
2015,2015,Sept,9/21/2015,MK,OS,Tennessee Shallow,551,551-500-020,1,Juv,GVEN,GVEN,35
2015,2015,Sept,9/21/2015,MK,OS,Tennessee Shallow,551,551-500-020,1,Juv,GVEN,GVEN,27
2015,2015,Sept,9/21/2015,MK,OS,Tennessee Shallow,551,551-500-020,1,Juv,GVEN,GVEN,32
2015,2015,Sept,9/21/2015,MK,OS,Tennessee Shallow,551,551-500-088,1,Juv,ANTI,ANTI,22
2015,2015,Sept,9/21/2015,MK,OS,Tennessee Shallow,551,551-500-088,1,Juv,EUNI,EUNI,12
2015,2015,Sept,9/21/2015,MK,OS,Tennessee Shallow,551,551-500-088,1,Juv,EUNI,EUNI,7
2015,2015,Sept,9/21/2015,MK,OS,Tennessee Shallow,551,551-500-088,1,Juv,GVEN,GVEN,35
2015,2015,Sept,9/21/2015,MK,OS,Tennessee Shallow,551,551-500-088,1,Juv,GVEN,GVEN,31
2015,2015,Sept,9/21/2015,MK,OS,Tennessee Shallow,551,551-500-140,1,Juv,ANTI,ANTI,23
2015,2015,Sept,9/21/2015,MK,OS,Tennessee Shallow,551,551-500-140,1,Juv,EUNI,EUNI,5
2015,2015,Sept,9/21/2015,MK,OS,Tennessee Shallow,551,551-500-140,1,Juv,GVEN,GVEN,15
2015,2015,Sept,9/21/2015,MK,OS,Tennessee Shallow,551,551-500-198,1,Juv,ANTI,ANTI,32
2015,2015,Sept,9/21/2015,MK,OS,Tennessee Shallow,552,552-100-012,1,Juv,ANTI/GVEN,AG,34
2015,2015,Sept,9/21/2015,MK,OS,Tennessee Shallow,552,552-100-012,1,Juv,BRIA,BRIA,6
2015,2015,Sept,9/21/2015,MK,OS,Tennessee Shallow,552,552-100-012,1,Juv,BRIA,BRIA,9
2015,2015,Sept,9/21/2015,MK,OS,Tennessee Shallow,552,552-100-012,1,Juv,EUNI,EUNI,34
2015,2015,Sept,9/21/2015,MK,OS,Tennessee Shallow,552,552-100-012,1,Juv,EUNI,EUNI,30
2015,2015,Sept,9/21/2015,MK,OS,Tennessee Shallow,552,552-100-012,1,Juv,GVEN,GVEN,39
2015,2015,Sept,9/21/2015,MK,OS,Tennessee Shallow,552,552-100-012,1,Juv,GVEN,GVEN,37
2015,2015,Sept,9/21/2015,MK,OS,Tennessee Shallow,552,552-100-012,1,Juv,GVEN,GVEN,19
2015,2015,Sept,9/21/2015,MK,OS,Tennessee Shallow,552,552-100-012,1,Juv,GVEN,GVEN,18
2015,2015,Sept,9/21/2015,MK,OS,Tennessee Shallow,552,552-100-012,1,Juv,GVEN,GVEN,29
2015,2015,Sept,9/21/2015,MK,OS,Tennessee Shallow,552,552-100-012,1,Juv,GVEN,GVEN,38
2015,2015,Sept,9/21/2015,MK,OS,Tennessee Shallow,552,552-100-012,1,Juv,MURO,MURO,15
2015,2015,Sept,9/21/2015,MK,OS,Tennessee Shallow,552,552-100-094,0,NA,NA,NA,NA
2015,2015,Sept,9/21/2015,MK,OS,Tennessee Shallow,552,552-100-169,1,Juv,EUNI,EUNI,12
2015,2015,Sept,9/21/2015,MK,OS,Tennessee Shallow,552,552-100-169,1,Juv,GVEN,GVEN,28
2015,2015,Sept,9/21/2015,MK,OS,Tennessee Shallow,552,552-100-169,1,Juv,PTER,PTER,22
2015,2015,Sept,9/21/2015,MK,OS,Tennessee Shallow,552,552-100-169,1,Juv,PTER,PTER,23
2015,2015,Sept,9/21/2015,MK,OS,Tennessee Shallow,552,552-100-217,1,Juv,MURI,MURI,32
2015,2015,Sept,9/21/2015,MK,OS,Tennessee Shallow,552,552-500-028,1,Juv,ECAL,EUNI,15
2015,2015,Sept,9/21/2015,MK,OS,Tennessee Shallow,552,552-500-028,1,Juv,PFLE,EUNI,17
2015,2015,Sept,9/21/2015,MK,OS,Tennessee Shallow,552,552-500-028,1,Juv,UNKO,UNKO,9
2015,2015,Sept,9/21/2015,MK,OS,Tennessee Shallow,552,552-500-083,1,Juv,GVEN,GVEN,30
2015,2015,Sept,9/21/2015,MK,OS,Tennessee Shallow,552,552-500-106,1,Juv,ANTI,ANTI,31
2015,2015,Sept,9/21/2015,MK,OS,Tennessee Shallow,552,552-500-106,1,Juv,EUNI,EUNI,7
2015,2015,Sept,9/21/2015,MK,OS,Tennessee Shallow,552,552-500-106,1,Juv,EUNI,EUNI,31
2015,2015,Sept,9/21/2015,MK,OS,Tennessee Shallow,552,552-500-106,1,Juv,PFLE,EUNI,9
2015,2015,Sept,9/21/2015,MK,OS,Tennessee Shallow,552,552-500-106,1,Juv,GVEN,GVEN,30
2015,2015,Sept,9/21/2015,MK,OS,Tennessee Shallow,552,552-500-106,1,Juv,GVEN,GVEN,22
2015,2015,Sept,9/21/2015,MK,OS,Tennessee Shallow,552,552-500-132,0,NA,NA,NA,NA
2015,2015,Sept,9/21/2015,MK,OS,Tennessee Shallow,553,553-100-089,1,Juv,PAME,ANTI,25
2015,2015,Sept,9/21/2015,MK,OS,Tennessee Shallow,553,553-100-089,1,Juv,EUNI,EUNI,8
2015,2015,Sept,9/21/2015,MK,OS,Tennessee Shallow,553,553-100-089,1,Juv,PFLE,EUNI,21
2015,2015,Sept,9/21/2015,MK,OS,Tennessee Shallow,553,553-100-089,1,Juv,GVEN,GVEN,35
2015,2015,Sept,9/21/2015,MK,OS,Tennessee Shallow,553,553-100-089,1,Juv,GVEN,GVEN,35
2015,2015,Sept,9/21/2015,MK,OS,Tennessee Shallow,553,553-100-089,1,Juv,GVEN,GVEN,30
2015,2015,Sept,9/21/2015,MK,OS,Tennessee Shallow,553,553-100-089,1,Juv,GVEN,GVEN,27
2015,2015,Sept,9/21/2015,MK,OS,Tennessee Shallow,553,553-100-089,1,Juv,GVEN,GVEN,32
2015,2015,Sept,9/21/2015,MK,OS,Tennessee Shallow,553,553-100-089,1,Juv,GVEN,GVEN,39
2015,2015,Sept,9/21/2015,MK,OS,Tennessee Shallow,553,553-100-089,1,Juv,GVEN,GVEN,37
2015,2015,Sept,9/21/2015,MK,OS,Tennessee Shallow,553,553-100-089,1,Juv,GVEN,GVEN,32
2015,2015,Sept,9/21/2015,MK,OS,Tennessee Shallow,553,553-100-089,1,Juv,MURI,MURI,15
2015,2015,Sept,9/21/2015,MK,OS,Tennessee Shallow,553,553-100-089,1,Juv,PLEL,PLEL,12
2015,2015,Sept,9/21/2015,MK,OS,Tennessee Shallow,553,553-100-089,1,Juv,PTER,PTER,39
2015,2015,Sept,9/21/2015,MK,OS,Tennessee Shallow,553,553-100-133,1,Juv,GVEN,GVEN,32
2015,2015,Sept,9/21/2015,MK,OS,Tennessee Shallow,553,553-100-133,1,Juv,GVEN,GVEN,35
2015,2015,Sept,9/21/2015,MK,OS,Tennessee Shallow,553,553-100-133,1,Juv,GVEN,GVEN,6
2015,2015,Sept,9/21/2015,MK,OS,Tennessee Shallow,553,553-100-154,1,Juv,PAME,ANTI,38
2015,2015,Sept,9/21/2015,MK,OS,Tennessee Shallow,553,553-100-154,1,Juv,PAME,ANTI,23
2015,2015,Sept,9/21/2015,MK,OS,Tennessee Shallow,553,553-100-154,1,Juv,EUNI,EUNI,14
2015,2015,Sept,9/21/2015,MK,OS,Tennessee Shallow,553,553-100-154,1,Juv,GVEN,GVEN,18
2015,2015,Sept,9/21/2015,MK,OS,Tennessee Shallow,553,553-100-154,1,Juv,GVEN,GVEN,20
2015,2015,Sept,9/21/2015,MK,OS,Tennessee Shallow,553,553-100-154,1,Juv,GVEN,GVEN,32
2015,2015,Sept,9/21/2015,MK,OS,Tennessee Shallow,553,553-100-154,1,Juv,GVEN,GVEN,36
2015,2015,Sept,9/21/2015,MK,OS,Tennessee Shallow,553,553-100-154,1,Juv,GVEN,GVEN,26
2015,2015,Sept,9/21/2015,MK,OS,Tennessee Shallow,553,553-100-154,1,Juv,GVEN,GVEN,22
2015,2015,Sept,9/21/2015,MK,OS,Tennessee Shallow,553,553-100-154,1,Juv,PLEX,PLEX,30
2015,2015,Sept,9/23/2015,MK,OS,Tennessee Shallow,553,553-100-176,1,Juv,PAME,ANTI,22
2015,2015,Sept,9/23/2015,MK,OS,Tennessee Shallow,553,553-100-176,1,Juv,EUNI,EUNI,15
2015,2015,Sept,9/23/2015,MK,OS,Tennessee Shallow,553,553-100-176,1,Juv,EUNI,EUNI,34
2015,2015,Sept,9/23/2015,MK,OS,Tennessee Shallow,553,553-100-176,1,Juv,GVEN,GVEN,32
2015,2015,Sept,9/23/2015,MK,OS,Tennessee Shallow,553,553-100-176,1,Juv,GVEN,GVEN,22
2015,2015,Sept,9/23/2015,MK,OS,Tennessee Shallow,553,553-100-176,1,Juv,GVEN,GVEN,23
2015,2015,Sept,9/21/2015,MK,OS,Tennessee Shallow,553,553-500-030,1,Juv,EUNI,EUNI,8
2015,2015,Sept,9/21/2015,MK,OS,Tennessee Shallow,553,553-500-087,1,Juv,ANTI,ANTI,30
2015,2015,Sept,9/21/2015,MK,OS,Tennessee Shallow,553,553-500-087,1,Juv,EUNI,EUNI,38
2015,2015,Sept,9/21/2015,MK,OS,Tennessee Shallow,553,553-500-087,1,Juv,MURO,MURO,9
2015,2015,Sept,9/21/2015,MK,OS,Tennessee Shallow,553,553-500-087,1,Juv,PLEL,PLEL,35
2015,2015,Sept,9/23/2015,MK,OS,Tennessee Shallow,553,553-500-121,1,Juv,ANTI,ANTI,11
2015,2015,Sept,9/23/2015,MK,OS,Tennessee Shallow,553,553-500-121,1,Juv,PAME,ANTI,35
2015,2015,Sept,9/23/2015,MK,OS,Tennessee Shallow,553,553-500-121,1,Juv,ECAL,EUNI,7
2015,2015,Sept,9/23/2015,MK,OS,Tennessee Shallow,553,553-500-121,1,Juv,ECAL,EUNI,4
2015,2015,Sept,9/23/2015,MK,OS,Tennessee Shallow,553,553-500-121,1,Juv,GVEN,GVEN,18
2015,2015,Sept,9/23/2015,MK,OS,Tennessee Shallow,553,553-500-160,1,Juv,PAME,ANTI,18
2015,2015,Sept,9/23/2015,MK,OS,Tennessee Shallow,553,553-500-160,1,Juv,PAME,ANTI,13
2015,2015,Sept,9/23/2015,MK,OS,Tennessee Shallow,553,553-500-160,1,Juv,PAME,ANTI,17
2015,2015,Sept,9/23/2015,MK,OS,Tennessee Shallow,553,553-500-160,1,Juv,GVEN,GVEN,7
2015,2015,Sept,9/23/2015,MK,OS,Tennessee Shallow,553,553-500-160,1,Juv,GVEN,GVEN,12
2015,2015,Sept,9/23/2015,MK,OS,Tennessee Shallow,553,553-500-160,1,Juv,GVEN,GVEN,13
2015,2015,Sept,9/23/2015,MK,OS,Tennessee Shallow,553,553-500-160,1,Juv,GVEN,GVEN,27
2015,2015,Sept,9/23/2015,MK,OS,Tennessee Shallow,553,553-500-160,1,Juv,GVEN,GVEN,25
2015,2015,Sept,9/23/2015,MK,OS,Tennessee Shallow,553,553-500-160,1,Juv,GVEN,GVEN,22
2015,2015,Sept,9/23/2015,MK,OS,Tennessee Shallow,553,553-500-160,1,Juv,GVEN,GVEN,30
2015,2015,Sept,9/23/2015,MK,OS,Tennessee Shallow,553,553-500-160,1,Juv,GVEN,GVEN,22
2015,2015,Sept,9/21/2015,MK,OS,Tennessee Shallow,554,554-100-014,1,Juv,ANTI,ANTI,39
2015,2015,Sept,9/21/2015,MK,OS,Tennessee Shallow,554,554-100-014,1,Juv,PAME,ANTI,37
2015,2015,Sept,9/21/2015,MK,OS,Tennessee Shallow,554,554-100-014,1,Juv,GVEN,GVEN,29
2015,2015,Sept,9/21/2015,MK,OS,Tennessee Shallow,554,554-100-053,1,Juv,EUNI,EUNI,6
2015,2015,Sept,9/21/2015,MK,OS,Tennessee Shallow,554,554-100-053,1,Juv,MURO,MURO,22
2015,2015,Sept,9/21/2015,MK,OS,Tennessee Shallow,554,554-100-053,1,Juv,UNKO,UNKO,15
2015,2015,Sept,9/23/2015,MK,OS,Tennessee Shallow,554,554-100-102,1,Juv,EUNI,EUNI,28
2015,2015,Sept,9/23/2015,MK,OS,Tennessee Shallow,554,554-100-102,1,Juv,GVEN,GVEN,16
2015,2015,Sept,9/23/2015,MK,OS,Tennessee Shallow,554,554-100-179,1,Juv,ANTI,ANTI,12
2015,2015,Sept,9/23/2015,MK,OS,Tennessee Shallow,554,554-100-179,1,Juv,ECAL,EUNI,19
2015,2015,Sept,9/23/2015,MK,OS,Tennessee Shallow,554,554-100-179,1,Juv,UNKO,UNKO,7
2015,2015,Sept,9/21/2015,MK,OS,Tennessee Shallow,554,554-500-016,1,Juv,ANTI,ANTI,27
2015,2015,Sept,9/21/2015,MK,OS,Tennessee Shallow,554,554-500-016,1,Juv,ANTI,ANTI,11
2015,2015,Sept,9/21/2015,MK,OS,Tennessee Shallow,554,554-500-016,1,Juv,ANTI,ANTI,20
2015,2015,Sept,9/21/2015,MK,OS,Tennessee Shallow,554,554-500-016,1,Juv,EUNI,EUNI,12
2015,2015,Sept,9/21/2015,MK,OS,Tennessee Shallow,554,554-500-016,1,Juv,EUNI,EUNI,5
2015,2015,Sept,9/21/2015,MK,OS,Tennessee Shallow,554,554-500-016,1,Juv,GVEN,GVEN,35
2015,2015,Sept,9/21/2015,MK,OS,Tennessee Shallow,554,554-500-016,1,Juv,GVEN,GVEN,28
2015,2015,Sept,9/21/2015,MK,OS,Tennessee Shallow,554,554-500-016,1,Juv,GVEN,GVEN,35
2015,2015,Sept,9/21/2015,MK,OS,Tennessee Shallow,554,554-500-016,1,Juv,GVEN,GVEN,33
2015,2015,Sept,9/21/2015,MK,OS,Tennessee Shallow,554,554-500-016,1,Juv,MURI,MURI,18
2015,2015,Sept,9/21/2015,MK,OS,Tennessee Shallow,554,554-500-016,1,Juv,PSEU,PSEU,26
2015,2015,Sept,9/21/2015,MK,OS,Tennessee Shallow,554,554-500-049,1,Juv,ANTI,ANTI,20
2015,2015,Sept,9/21/2015,MK,OS,Tennessee Shallow,554,554-500-049,1,Juv,PAME,ANTI,7
2015,2015,Sept,9/21/2015,MK,OS,Tennessee Shallow,554,554-500-049,1,Juv,PAME,ANTI,12
2015,2015,Sept,9/21/2015,MK,OS,Tennessee Shallow,554,554-500-049,1,Juv,EUNI,EUNI,10
2015,2015,Sept,9/21/2015,MK,OS,Tennessee Shallow,554,554-500-049,1,Juv,EUNI,EUNI,10
2015,2015,Sept,9/21/2015,MK,OS,Tennessee Shallow,554,554-500-049,1,Juv,EUNI,EUNI,12
2015,2015,Sept,9/21/2015,MK,OS,Tennessee Shallow,554,554-500-049,1,Juv,MURO,MURO,17
2015,2015,Sept,9/21/2015,MK,OS,Tennessee Shallow,554,554-500-049,1,Juv,PSEU,PSEU,20
2015,2015,Sept,9/21/2015,MK,OS,Tennessee Shallow,554,554-500-049,1,Juv,PTER,PTER,15
2015,2015,Sept,9/21/2015,MK,OS,Tennessee Shallow,554,554-500-114,1,Juv,ANTI,ANTI,20
2015,2015,Sept,9/21/2015,MK,OS,Tennessee Shallow,554,554-500-114,1,Juv,PFLE,EUNI,12
2015,2015,Sept,9/21/2015,MK,OS,Tennessee Shallow,554,554-500-114,1,Juv,GVEN,GVEN,32
2015,2015,Sept,9/23/2015,MK,OS,Tennessee Shallow,554,554-500-171,1,Juv,ANTI/GVEN,AG,9
2015,2015,Sept,9/23/2015,MK,OS,Tennessee Shallow,554,554-500-171,1,Juv,ANTI/GVEN,AG,7
2015,2015,Sept,9/23/2015,MK,OS,Tennessee Shallow,554,554-500-171,1,Juv,ANTI,ANTI,32
2015,2015,Sept,9/23/2015,MK,OS,Tennessee Shallow,554,554-500-171,1,Juv,PAME,ANTI,22
2015,2015,Sept,9/23/2015,MK,OS,Tennessee Shallow,554,554-500-171,1,Juv,ECAL,EUNI,3
2015,2015,Sept,9/23/2015,MK,OS,Tennessee Shallow,554,554-500-171,1,Juv,ECAL,EUNI,8
2015,2015,Sept,9/23/2015,MK,OS,Tennessee Shallow,554,554-500-171,1,Juv,ECAL,EUNI,6
2015,2015,Sept,9/23/2015,MK,OS,Tennessee Shallow,554,554-500-171,1,Juv,GVEN,GVEN,39
2015,2015,Sept,9/3/2015,MK,OS,Sombrero Shallow,561,561-100-028,1,Juv,EUNI,EUNI,5
2015,2015,Sept,9/3/2015,MK,OS,Sombrero Shallow,561,561-100-028,1,Juv,MURO,MURO,16
2015,2015,Sept,9/3/2015,MK,OS,Sombrero Shallow,561,561-100-028,1,Juv,MURO,MURO,6
2015,2015,Sept,9/3/2015,MK,OS,Sombrero Shallow,561,561-100-083,1,Juv,ANTI/GVEN,AG,2
2015,2015,Sept,9/3/2015,MK,OS,Sombrero Shallow,561,561-100-083,1,Juv,EUNI,EUNI,5
2015,2015,Sept,9/3/2015,MK,OS,Sombrero Shallow,561,561-100-097,1,Juv,PFLE,EUNI,30
2015,2015,Sept,9/3/2015,MK,OS,Sombrero Shallow,561,561-100-097,1,Juv,PFLE,EUNI,14
2015,2015,Sept,9/3/2015,MK,OS,Sombrero Shallow,561,561-100-139,0,NA,NA,NA,NA
2015,2015,Sept,9/3/2015,MK,OS,Sombrero Shallow,561,561-500-083,0,NA,NA,NA,NA
2015,2015,Sept,9/3/2015,MK,OS,Sombrero Shallow,561,561-500-108,1,Juv,EUNI,EUNI,38
2015,2015,Sept,9/3/2015,MK,OS,Sombrero Shallow,561,561-500-108,1,Juv,PFLE,EUNI,8
2015,2015,Sept,9/3/2015,MK,OS,Sombrero Shallow,561,561-500-154,1,Juv,GVEN,GVEN,36
2015,2015,Sept,9/3/2015,MK,OS,Sombrero Shallow,561,561-500-195,0,NA,NA,NA,NA
2015,2015,Sept,9/3/2015,MK,OS,Sombrero Shallow,562,562-100-060,0,NA,NA,NA,NA
2015,2015,Sept,9/3/2015,MK,OS,Sombrero Shallow,562,562-100-080,0,NA,NA,NA,NA
2015,2015,Sept,9/3/2015,MK,OS,Sombrero Shallow,562,562-100-117,0,NA,NA,NA,NA
2015,2015,Sept,9/3/2015,MK,OS,Sombrero Shallow,562,562-100-140,1,Juv,EUNI,EUNI,15
2015,2015,Sept,9/3/2015,MK,OS,Sombrero Shallow,562,562-100-140,1,Juv,PLEX,PLEX,9
2015,2015,Sept,9/3/2015,MK,OS,Sombrero Shallow,562,562-500-039,0,NA,NA,NA,NA
2015,2015,Sept,9/3/2015,MK,OS,Sombrero Shallow,562,562-500-077,1,Juv,EUNI,EUNI,15
2015,2015,Sept,9/3/2015,MK,OS,Sombrero Shallow,562,562-500-077,1,Juv,EUNI,EUNI,13
2015,2015,Sept,9/3/2015,MK,OS,Sombrero Shallow,562,562-500-077,1,Juv,EUNI,EUNI,14
2015,2015,Sept,9/3/2015,MK,OS,Sombrero Shallow,562,562-500-126,0,NA,NA,NA,NA
2015,2015,Sept,9/3/2015,MK,OS,Sombrero Shallow,562,562-500-164,1,Juv,PAME,ANTI,7
2015,2015,Sept,9/3/2015,MK,OS,Sombrero Shallow,562,562-500-164,1,Juv,PAME,ANTI,25
2015,2015,Sept,9/3/2015,MK,OS,Sombrero Shallow,562,562-500-164,1,Juv,PAME,ANTI,9
2015,2015,Sept,9/3/2015,MK,OS,Sombrero Shallow,562,562-500-164,1,Juv,GVEN,GVEN,4
2015,2015,Sept,9/3/2015,MK,OS,Sombrero Shallow,562,562-500-164,1,Juv,GVEN,GVEN,21
2015,2015,Sept,9/3/2015,MK,OS,Sombrero Shallow,562,562-500-164,1,Juv,GVEN,GVEN,11
2015,2015,Sept,9/3/2015,MK,OS,Sombrero Shallow,562,562-500-164,1,Juv,MURO,MURO,12
2015,2015,Sept,9/3/2015,MK,OS,Sombrero Shallow,562,562-500-164,1,Juv,PLEX,PLEX,8
2015,2015,Sept,9/3/2015,MK,OS,Sombrero Shallow,563,563-100-013,1,Juv,PAME,ANTI,30
2015,2015,Sept,9/3/2015,MK,OS,Sombrero Shallow,563,563-100-073,1,Juv,ANTI,ANTI,19
2015,2015,Sept,9/3/2015,MK,OS,Sombrero Shallow,563,563-100-073,1,Juv,ANTI,ANTI,13
2015,2015,Sept,9/3/2015,MK,OS,Sombrero Shallow,563,563-100-073,1,Juv,PAME,ANTI,10
2015,2015,Sept,9/3/2015,MK,OS,Sombrero Shallow,563,563-100-073,1,Juv,GVEN,GVEN,28
2015,2015,Sept,9/3/2015,MK,OS,Sombrero Shallow,563,563-100-107,1,Juv,MURI,MURI,21
2015,2015,Sept,9/3/2015,MK,OS,Sombrero Shallow,563,563-100-179,0,NA,NA,NA,NA
2015,2015,Sept,9/3/2015,MK,OS,Sombrero Shallow,563,563-500-047,0,NA,NA,NA,NA
2015,2015,Sept,9/3/2015,MK,OS,Sombrero Shallow,563,563-500-081,1,Juv,PAME,ANTI,18
2015,2015,Sept,9/3/2015,MK,OS,Sombrero Shallow,563,563-500-081,1,Juv,PAME,ANTI,6
2015,2015,Sept,9/3/2015,MK,OS,Sombrero Shallow,563,563-500-125,1,Juv,PFLE,EUNI,34
2015,2015,Sept,9/3/2015,MK,OS,Sombrero Shallow,563,563-500-125,1,Juv,PFLE,EUNI,38
2015,2015,Sept,9/3/2015,MK,OS,Sombrero Shallow,563,563-500-188,0,NA,NA,NA,NA
2015,2015,Sept,9/3/2015,MK,OS,Sombrero Shallow,564,564-100-047,0,NA,NA,NA,NA
2015,2015,Sept,9/3/2015,MK,OS,Sombrero Shallow,564,564-100-071,0,NA,NA,NA,NA
2015,2015,Sept,9/3/2015,MK,OS,Sombrero Shallow,564,564-100-110,0,NA,NA,NA,NA
2015,2015,Sept,9/3/2015,MK,OS,Sombrero Shallow,564,564-100-162,1,Juv,GVEN,GVEN,9
2015,2015,Sept,9/3/2015,MK,OS,Sombrero Shallow,564,564-500-067,0,NA,NA,NA,NA
2015,2015,Sept,9/3/2015,MK,OS,Sombrero Shallow,564,564-500-092,0,NA,NA,NA,NA
2015,2015,Sept,9/3/2015,MK,OS,Sombrero Shallow,564,564-500-160,0,NA,NA,NA,NA
2015,2015,Sept,9/3/2015,MK,OS,Sombrero Shallow,564,564-500-177,0,NA,NA,NA,NA
2015,2015,Aug,8/12/2015,LK,OS,Western Sambo Shallow,591,591-100-031,0,NA,NA,NA,NA
2015,2015,Aug,8/12/2015,LK,OS,Western Sambo Shallow,591,591-100-052,0,NA,NA,NA,NA
2015,2015,Aug,8/12/2015,LK,OS,Western Sambo Shallow,591,591-100-154,0,NA,NA,NA,NA
2015,2015,Aug,8/12/2015,LK,OS,Western Sambo Shallow,591,591-100-202,1,Juv,GVEN,GVEN,15
2015,2015,Aug,8/12/2015,LK,OS,Western Sambo Shallow,591,591-500-019,1,Juv,MURI,MURI,9
2015,2015,Aug,8/12/2015,LK,OS,Western Sambo Shallow,591,591-500-072,1,Juv,GVEN,GVEN,34
2015,2015,Aug,8/12/2015,LK,OS,Western Sambo Shallow,591,591-500-072,1,Juv,GVEN,GVEN,35
2015,2015,Aug,8/12/2015,LK,OS,Western Sambo Shallow,591,591-500-157,0,NA,NA,NA,NA
2015,2015,Aug,8/12/2015,LK,OS,Western Sambo Shallow,591,591-500-195,1,Juv,EUNI,EUNI,12
2015,2015,Aug,8/12/2015,LK,OS,Western Sambo Shallow,592,592-100-039,0,NA,NA,NA,NA
2015,2015,Aug,8/12/2015,LK,OS,Western Sambo Shallow,592,592-100-115,0,NA,NA,NA,NA
2015,2015,Aug,8/12/2015,LK,OS,Western Sambo Shallow,592,592-100-162,0,NA,NA,NA,NA
2015,2015,Aug,8/12/2015,LK,OS,Western Sambo Shallow,592,592-100-199,0,NA,NA,NA,NA
2015,2015,Aug,8/12/2015,LK,OS,Western Sambo Shallow,592,592-500-053,0,NA,NA,NA,NA
2015,2015,Aug,8/12/2015,LK,OS,Western Sambo Shallow,592,592-500-112,1,Juv,GVEN,GVEN,16
2015,2015,Aug,8/12/2015,LK,OS,Western Sambo Shallow,592,592-500-148,1,Juv,PAME,ANTI,14
2015,2015,Aug,8/12/2015,LK,OS,Western Sambo Shallow,592,592-500-148,1,Juv,PLEX,PLEX,6
2015,2015,Aug,8/12/2015,LK,OS,Western Sambo Shallow,592,592-500-243,1,Juv,GVEN,GVEN,20
2015,2015,Aug,8/12/2015,LK,OS,Western Sambo Shallow,593,593-100-015,1,Juv,GVEN,GVEN,4
2015,2015,Aug,8/12/2015,LK,OS,Western Sambo Shallow,593,593-100-063,1,Juv,GVEN,GVEN,7
2015,2015,Aug,8/12/2015,LK,OS,Western Sambo Shallow,593,593-100-109,0,NA,NA,NA,NA
2015,2015,Aug,8/12/2015,LK,OS,Western Sambo Shallow,593,593-100-231,0,NA,NA,NA,NA
2015,2015,Aug,8/12/2015,LK,OS,Western Sambo Shallow,593,593-500-022,0,NA,NA,NA,NA
2015,2015,Aug,8/12/2015,LK,OS,Western Sambo Shallow,593,593-500-060,1,Juv,ANTI,ANTI,11
2015,2015,Aug,8/12/2015,LK,OS,Western Sambo Shallow,593,593-500-134,1,Juv,ANTI/GVEN,AG,5
2015,2015,Aug,8/12/2015,LK,OS,Western Sambo Shallow,593,593-500-223,0,NA,NA,NA,NA
2015,2015,Aug,8/12/2015,LK,OS,Western Sambo Shallow,594,594-100-021,0,NA,NA,NA,NA
2015,2015,Aug,8/12/2015,LK,OS,Western Sambo Shallow,594,594-100-073,1,Juv,GVEN,GVEN,7
2015,2015,Aug,8/12/2015,LK,OS,Western Sambo Shallow,594,594-100-124,0,NA,NA,NA,NA
2015,2015,Aug,8/12/2015,LK,OS,Western Sambo Shallow,594,594-100-174,0,NA,NA,NA,NA
2015,2015,Aug,8/12/2015,LK,OS,Western Sambo Shallow,594,594-500-011,0,NA,NA,NA,NA
2015,2015,Aug,8/12/2015,LK,OS,Western Sambo Shallow,594,594-500-035,1,Juv,EUNI,EUNI,4
2015,2015,Aug,8/12/2015,LK,OS,Western Sambo Shallow,594,594-500-149,0,NA,NA,NA,NA
2015,2015,Aug,8/12/2015,LK,OS,Western Sambo Shallow,594,594-500-189,0,NA,NA,NA,NA
2015,2015,Aug,8/13/2015,LK,OS,Sand Key Shallow,611,611-100-006,1,Juv,GVEN,GVEN,24
2015,2015,Aug,8/13/2015,LK,OS,Sand Key Shallow,611,611-100-006,1,Juv,GVEN,GVEN,25
2015,2015,Aug,8/13/2015,LK,OS,Sand Key Shallow,611,611-100-057,1,Juv,GVEN,GVEN,30
2015,2015,Aug,8/13/2015,LK,OS,Sand Key Shallow,611,611-100-155,0,NA,NA,NA,NA
2015,2015,Aug,8/13/2015,LK,OS,Sand Key Shallow,611,611-100-205,0,NA,NA,NA,NA
2015,2015,Aug,8/13/2015,LK,OS,Sand Key Shallow,611,611-500-026,1,Juv,PAME,ANTI,12
2015,2015,Aug,8/13/2015,LK,OS,Sand Key Shallow,611,611-500-026,1,Juv,EUNI,EUNI,6
2015,2015,Aug,8/13/2015,LK,OS,Sand Key Shallow,611,611-500-026,1,Juv,EUNI,EUNI,5
2015,2015,Aug,8/13/2015,LK,OS,Sand Key Shallow,611,611-500-142,1,Juv,ANTI,ANTI,9
2015,2015,Aug,8/13/2015,LK,OS,Sand Key Shallow,611,611-500-169,1,Juv,ANTI/GVEN,AG,16
2015,2015,Aug,8/13/2015,LK,OS,Sand Key Shallow,611,611-500-169,1,Juv,ANTI/GVEN,AG,18
2015,2015,Aug,8/13/2015,LK,OS,Sand Key Shallow,611,611-500-169,1,Juv,ANTI,ANTI,4
2015,2015,Aug,8/13/2015,LK,OS,Sand Key Shallow,611,611-500-169,1,Juv,PAME,ANTI,8
2015,2015,Aug,8/13/2015,LK,OS,Sand Key Shallow,611,611-500-202,0,NA,NA,NA,NA
2015,2015,Aug,8/13/2015,LK,OS,Sand Key Shallow,612,612-100-023,1,Juv,GVEN,GVEN,20
2015,2015,Aug,8/13/2015,LK,OS,Sand Key Shallow,612,612-100-060,0,NA,NA,NA,NA
2015,2015,Aug,8/13/2015,LK,OS,Sand Key Shallow,612,612-100-101,1,Juv,GVEN,GVEN,5
2015,2015,Aug,8/13/2015,LK,OS,Sand Key Shallow,612,612-100-172,1,Juv,GVEN,GVEN,13
2015,2015,Aug,8/13/2015,LK,OS,Sand Key Shallow,612,612-100-172,1,Juv,GVEN,GVEN,10
2015,2015,Aug,8/13/2015,LK,OS,Sand Key Shallow,612,612-100-172,1,Juv,GVEN,GVEN,6
2015,2015,Aug,8/13/2015,LK,OS,Sand Key Shallow,612,612-500-036,1,Juv,GVEN,GVEN,33
2015,2015,Aug,8/13/2015,LK,OS,Sand Key Shallow,612,612-500-036,1,Juv,GVEN,GVEN,24
2015,2015,Aug,8/13/2015,LK,OS,Sand Key Shallow,612,612-500-036,1,Juv,GVEN,GVEN,16
2015,2015,Aug,8/13/2015,LK,OS,Sand Key Shallow,612,612-500-036,1,Juv,UNKO,UNKO,2
2015,2015,Aug,8/13/2015,LK,OS,Sand Key Shallow,612,612-500-105,0,NA,NA,NA,NA
2015,2015,Aug,8/13/2015,LK,OS,Sand Key Shallow,612,612-500-145,0,NA,NA,NA,NA
2015,2015,Aug,8/13/2015,LK,OS,Sand Key Shallow,612,612-500-187,1,Juv,EUNI,EUNI,30
2015,2015,Aug,8/12/2015,LK,OS,Sand Key Shallow,613,613-100-020,1,Juv,ANTI,ANTI,4
2015,2015,Aug,8/12/2015,LK,OS,Sand Key Shallow,613,613-100-020,1,Juv,ANTI,ANTI,11
2015,2015,Aug,8/12/2015,LK,OS,Sand Key Shallow,613,613-100-020,1,Juv,GVEN,GVEN,5
2015,2015,Aug,8/12/2015,LK,OS,Sand Key Shallow,613,613-100-020,1,Juv,GVEN,GVEN,25
2015,2015,Aug,8/12/2015,LK,OS,Sand Key Shallow,613,613-100-045,1,Juv,ANTI/GVEN,AG,3
2015,2015,Aug,8/12/2015,LK,OS,Sand Key Shallow,613,613-100-045,1,Juv,ANTI,ANTI,9
2015,2015,Aug,8/12/2015,LK,OS,Sand Key Shallow,613,613-100-045,1,Juv,GVEN,GVEN,28
2015,2015,Aug,8/12/2015,LK,OS,Sand Key Shallow,613,613-100-097,1,Juv,ANTI,ANTI,18
2015,2015,Aug,8/12/2015,LK,OS,Sand Key Shallow,613,613-100-097,1,Juv,GVEN,GVEN,25
2015,2015,Aug,8/12/2015,LK,OS,Sand Key Shallow,613,613-100-176,0,NA,NA,NA,NA
2015,2015,Aug,8/13/2015,LK,OS,Sand Key Shallow,613,613-500-057,0,NA,NA,NA,NA
2015,2015,Aug,8/13/2015,LK,OS,Sand Key Shallow,613,613-500-101,0,NA,NA,NA,NA
2015,2015,Aug,8/13/2015,LK,OS,Sand Key Shallow,613,613-500-153,1,Juv,ANTI/GVEN,AG,4
2015,2015,Aug,8/13/2015,LK,OS,Sand Key Shallow,613,613-500-153,1,Juv,ANTI/GVEN,AG,7
2015,2015,Aug,8/13/2015,LK,OS,Sand Key Shallow,613,613-500-153,1,Juv,ANTI,ANTI,8
2015,2015,Aug,8/13/2015,LK,OS,Sand Key Shallow,613,613-500-168,1,Juv,GVEN,GVEN,4
2015,2015,Aug,8/13/2015,LK,OS,Sand Key Shallow,613,613-500-168,1,Juv,GVEN,GVEN,12
2015,2015,Aug,8/13/2015,LK,OS,Sand Key Shallow,613,613-500-168,1,Juv,GVEN,GVEN,10
2015,2015,Aug,8/13/2015,LK,OS,Sand Key Shallow,613,613-500-168,1,Juv,GVEN,GVEN,10
2015,2015,Aug,8/13/2015,LK,OS,Sand Key Shallow,614,614-100-010,1,Juv,EUNI,EUNI,4
2015,2015,Aug,8/13/2015,LK,OS,Sand Key Shallow,614,614-100-010,1,Juv,PFLE,EUNI,13
2015,2015,Aug,8/13/2015,LK,OS,Sand Key Shallow,614,614-100-010,1,Juv,GVEN,GVEN,12
2015,2015,Aug,8/13/2015,LK,OS,Sand Key Shallow,614,614-100-010,1,Juv,GVEN,GVEN,7
2015,2015,Aug,8/13/2015,LK,OS,Sand Key Shallow,614,614-100-069,1,Juv,GVEN,GVEN,31
2015,2015,Aug,8/13/2015,LK,OS,Sand Key Shallow,614,614-100-069,1,Juv,GVEN,GVEN,18
2015,2015,Aug,8/13/2015,LK,OS,Sand Key Shallow,614,614-100-149,1,Juv,EUNI,EUNI,3
2015,2015,Aug,8/13/2015,LK,OS,Sand Key Shallow,614,614-100-203,1,Juv,ANTI/GVEN,AG,2
2015,2015,Aug,8/13/2015,LK,OS,Sand Key Shallow,614,614-100-203,1,Juv,GVEN,GVEN,33
2015,2015,Aug,8/13/2015,LK,OS,Sand Key Shallow,614,614-100-203,1,Juv,GVEN,GVEN,9
2015,2015,Aug,8/13/2015,LK,OS,Sand Key Shallow,614,614-100-203,1,Juv,GVEN,GVEN,10
2015,2015,Aug,8/12/2015,LK,OS,Sand Key Shallow,614,614-500-018,1,Juv,EUNI,EUNI,4
2015,2015,Aug,8/12/2015,LK,OS,Sand Key Shallow,614,614-500-018,1,Juv,GVEN,GVEN,39
2015,2015,Aug,8/12/2015,LK,OS,Sand Key Shallow,614,614-500-018,1,Juv,GVEN,GVEN,29
2015,2015,Aug,8/12/2015,LK,OS,Sand Key Shallow,614,614-500-075,1,Juv,GVEN,GVEN,11
2015,2015,Aug,8/12/2015,LK,OS,Sand Key Shallow,614,614-500-075,1,Juv,UNKO,UNKO,4
2015,2015,Aug,8/12/2015,LK,OS,Sand Key Shallow,614,614-500-107,1,Juv,ANTI/GVEN,AG,16
2015,2015,Aug,8/12/2015,LK,OS,Sand Key Shallow,614,614-500-107,1,Juv,GVEN,GVEN,37
2015,2015,Aug,8/12/2015,LK,OS,Sand Key Shallow,614,614-500-107,1,Juv,PLEX,PLEX,29
2015,2015,Aug,8/12/2015,LK,OS,Sand Key Shallow,614,614-500-107,1,Juv,UNKO,UNKO,6
2015,2015,Aug,8/12/2015,LK,OS,Sand Key Shallow,614,614-500-189,1,Juv,GVEN,GVEN,39
2015,2015,Aug,8/12/2015,LK,OS,Sand Key Shallow,614,614-500-189,1,Juv,GVEN,GVEN,39
2015,2015,Aug,8/12/2015,LK,OS,Sand Key Shallow,614,614-500-189,1,Juv,GVEN,GVEN,39
2015,2015,Sept,9/3/2015,UK,OD,Carysfort Deep,701,701-100-007,1,Juv,ANTI,ANTI,39
2015,2015,Sept,9/3/2015,UK,OD,Carysfort Deep,701,701-100-007,1,Juv,ANTI,ANTI,35
2015,2015,Sept,9/3/2015,UK,OD,Carysfort Deep,701,701-100-055,0,NA,NA,NA,NA
2015,2015,Sept,9/3/2015,UK,OD,Carysfort Deep,701,701-100-106,1,Juv,BRIA,BRIA,23
2015,2015,Sept,9/3/2015,UK,OD,Carysfort Deep,701,701-100-106,1,Juv,UNKO,UNKO,3
2015,2015,Sept,9/3/2015,UK,OD,Carysfort Deep,701,701-100-106,1,Juv,UNKO,UNKO,3
2015,2015,Sept,9/3/2015,UK,OD,Carysfort Deep,701,701-100-197,0,NA,NA,NA,NA
2015,2015,Sept,9/3/2015,UK,OD,Carysfort Deep,701,701-500-011,1,Juv,BRIA,BRIA,27
2015,2015,Sept,9/3/2015,UK,OD,Carysfort Deep,701,701-500-075,1,Juv,UNKO,UNKO,4
2015,2015,Sept,9/3/2015,UK,OD,Carysfort Deep,701,701-500-105,1,Juv,ANTI,ANTI,32
2015,2015,Sept,9/3/2015,UK,OD,Carysfort Deep,701,701-500-157,0,NA,NA,NA,NA
2015,2015,Sept,9/3/2015,UK,OD,Carysfort Deep,702,702-100-032,0,NA,NA,NA,NA
2015,2015,Sept,9/3/2015,UK,OD,Carysfort Deep,702,702-100-137,0,NA,NA,NA,NA
2015,2015,Sept,9/3/2015,UK,OD,Carysfort Deep,702,702-100-174,1,Juv,MURO,MURO,33
2015,2015,Sept,9/3/2015,UK,OD,Carysfort Deep,702,702-100-206,1,Juv,ANTI,ANTI,25
2015,2015,Sept,9/3/2015,UK,OD,Carysfort Deep,702,702-500-035,0,NA,NA,NA,NA
2015,2015,Sept,9/3/2015,UK,OD,Carysfort Deep,702,702-500-077,1,Juv,ANTI,ANTI,25
2015,2015,Sept,9/3/2015,UK,OD,Carysfort Deep,702,702-500-101,0,NA,NA,NA,NA
2015,2015,Sept,9/3/2015,UK,OD,Carysfort Deep,702,702-500-120,1,Juv,EUNI,EUNI,10
2015,2015,Sept,9/3/2015,UK,OD,Carysfort Deep,702,702-500-120,1,Juv,UNKO,UNKO,4
2015,2015,Sept,9/4/2015,UK,OD,Carysfort Deep,703,703-100-032,1,Juv,ANTI,ANTI,24
2015,2015,Sept,9/4/2015,UK,OD,Carysfort Deep,703,703-100-073,1,Juv,ANTI,ANTI,33
2015,2015,Sept,9/4/2015,UK,OD,Carysfort Deep,703,703-100-073,1,Juv,GVEN,GVEN,21
2015,2015,Sept,9/4/2015,UK,OD,Carysfort Deep,703,703-100-073,1,Juv,UNKO,UNKO,3
2015,2015,Sept,9/4/2015,UK,OD,Carysfort Deep,703,703-100-073,1,Juv,UNKO,UNKO,2
2015,2015,Sept,9/4/2015,UK,OD,Carysfort Deep,703,703-100-146,1,Juv,ANTI,ANTI,26
2015,2015,Sept,9/4/2015,UK,OD,Carysfort Deep,703,703-100-146,1,Juv,ANTI,ANTI,10
2015,2015,Sept,9/4/2015,UK,OD,Carysfort Deep,703,703-100-146,1,Juv,PAME,ANTI,36
2015,2015,Sept,9/4/2015,UK,OD,Carysfort Deep,703,703-100-175,1,Juv,EUNI,EUNI,5
2015,2015,Sept,9/4/2015,UK,OD,Carysfort Deep,703,703-500-029,0,NA,NA,NA,NA
2015,2015,Sept,9/4/2015,UK,OD,Carysfort Deep,703,703-500-100,1,Juv,ANTI,ANTI,20
2015,2015,Sept,9/4/2015,UK,OD,Carysfort Deep,703,703-500-100,1,Juv,ANTI,ANTI,31
2015,2015,Sept,9/4/2015,UK,OD,Carysfort Deep,703,703-500-100,1,Juv,ANTI,ANTI,29
2015,2015,Sept,9/4/2015,UK,OD,Carysfort Deep,703,703-500-100,1,Juv,UNKO,UNKO,4
2015,2015,Sept,9/4/2015,UK,OD,Carysfort Deep,703,703-500-123,0,NA,NA,NA,NA
2015,2015,Sept,9/4/2015,UK,OD,Carysfort Deep,703,703-500-172,1,Juv,PAME,ANTI,23
2015,2015,Sept,9/4/2015,UK,OD,Carysfort Deep,704,704-100-009,0,NA,NA,NA,NA
2015,2015,Sept,9/4/2015,UK,OD,Carysfort Deep,704,704-100-111,1,Juv,PBIP,ANTI,35
2015,2015,Sept,9/4/2015,UK,OD,Carysfort Deep,704,704-100-111,1,Juv,PBIP,ANTI,27
2015,2015,Sept,9/4/2015,UK,OD,Carysfort Deep,704,704-100-111,1,Juv,PBIP,ANTI,23
2015,2015,Sept,9/4/2015,UK,OD,Carysfort Deep,704,704-100-111,1,Juv,PBIP,ANTI,22
2015,2015,Sept,9/4/2015,UK,OD,Carysfort Deep,704,704-100-111,1,Juv,PBIP,ANTI,25
2015,2015,Sept,9/4/2015,UK,OD,Carysfort Deep,704,704-100-169,1,Juv,ANTI,ANTI,34
2015,2015,Sept,9/4/2015,UK,OD,Carysfort Deep,704,704-100-169,1,Juv,ANTI,ANTI,39
2015,2015,Sept,9/4/2015,UK,OD,Carysfort Deep,704,704-100-169,1,Juv,ANTI,ANTI,27
2015,2015,Sept,9/4/2015,UK,OD,Carysfort Deep,704,704-100-221,0,NA,NA,NA,NA
2015,2015,Sept,9/4/2015,UK,OD,Carysfort Deep,704,704-500-016,0,NA,NA,NA,NA
2015,2015,Sept,9/4/2015,UK,OD,Carysfort Deep,704,704-500-135,0,NA,NA,NA,NA
2015,2015,Sept,9/4/2015,UK,OD,Carysfort Deep,704,704-500-156,1,Juv,ANTI,ANTI,34
2015,2015,Sept,9/4/2015,UK,OD,Carysfort Deep,704,704-500-156,1,Juv,ANTI,ANTI,14
2015,2015,Sept,9/4/2015,UK,OD,Carysfort Deep,704,704-500-156,1,Juv,ANTI,ANTI,30
2015,2015,Sept,9/4/2015,UK,OD,Carysfort Deep,704,704-500-156,1,Juv,ANTI,ANTI,23
2015,2015,Sept,9/4/2015,UK,OD,Carysfort Deep,704,704-500-172,1,Juv,PAME,ANTI,38
2015,2015,Sept,9/4/2015,UK,OD,Carysfort Deep,704,704-500-172,1,Juv,PAME,ANTI,35
2015,2015,Sept,9/4/2015,UK,OD,Carysfort Deep,704,704-500-172,1,Juv,PAME,ANTI,33
2015,2015,Sept,9/4/2015,UK,OD,Carysfort Deep,704,704-500-172,1,Juv,GVEN,GVEN,39
2015,2015,Sept,9/2/2015,UK,OD,Molasses Deep,721,721-100-024,1,Juv,EUNI,EUNI,5
2015,2015,Sept,9/2/2015,UK,OD,Molasses Deep,721,721-100-061,1,Juv,EUNI,EUNI,11
2015,2015,Sept,9/2/2015,UK,OD,Molasses Deep,721,721-100-138,1,Juv,ANTI,ANTI,4
2015,2015,Sept,9/2/2015,UK,OD,Molasses Deep,721,721-100-138,1,Juv,ANTI,ANTI,8
2015,2015,Sept,9/2/2015,UK,OD,Molasses Deep,721,721-100-186,0,NA,NA,NA,NA
2015,2015,Sept,9/2/2015,UK,OD,Molasses Deep,721,721-500-025,1,Juv,ANTI,ANTI,12
2015,2015,Sept,9/2/2015,UK,OD,Molasses Deep,721,721-500-025,1,Juv,PAME,ANTI,19
2015,2015,Sept,9/2/2015,UK,OD,Molasses Deep,721,721-500-064,1,Juv,ANTI,ANTI,20
2015,2015,Sept,9/2/2015,UK,OD,Molasses Deep,721,721-500-064,1,Juv,ANTI,ANTI,13
2015,2015,Sept,9/2/2015,UK,OD,Molasses Deep,721,721-500-114,0,NA,NA,NA,NA
2015,2015,Sept,9/2/2015,UK,OD,Molasses Deep,721,721-500-183,1,Juv,ANTI,ANTI,39
2015,2015,Sept,9/2/2015,UK,OD,Molasses Deep,721,721-500-183,1,Juv,MURI,MURI,28
2015,2015,Sept,9/2/2015,UK,OD,Molasses Deep,722,722-100-045,1,Juv,ANTI/GVEN,AG,14
2015,2015,Sept,9/2/2015,UK,OD,Molasses Deep,722,722-100-045,1,Juv,ANTI,ANTI,9
2015,2015,Sept,9/2/2015,UK,OD,Molasses Deep,722,722-100-045,1,Juv,ANTI,ANTI,30
2015,2015,Sept,9/2/2015,UK,OD,Molasses Deep,722,722-100-045,1,Juv,PAME,ANTI,30
2015,2015,Sept,9/2/2015,UK,OD,Molasses Deep,722,722-100-045,1,Juv,GVEN,GVEN,13
2015,2015,Sept,9/2/2015,UK,OD,Molasses Deep,722,722-100-045,1,Juv,UNKO,UNKO,21
2015,2015,Sept,9/2/2015,UK,OD,Molasses Deep,722,722-100-076,1,Juv,ANTI/GVEN,AG,10
2015,2015,Sept,9/2/2015,UK,OD,Molasses Deep,722,722-100-076,1,Juv,ANTI/GVEN,AG,17
2015,2015,Sept,9/2/2015,UK,OD,Molasses Deep,722,722-100-076,1,Juv,ANTI,ANTI,33
2015,2015,Sept,9/2/2015,UK,OD,Molasses Deep,722,722-100-076,1,Juv,ANTI,ANTI,15
2015,2015,Sept,9/2/2015,UK,OD,Molasses Deep,722,722-100-076,1,Juv,ANTI,ANTI,21
2015,2015,Sept,9/2/2015,UK,OD,Molasses Deep,722,722-100-076,1,Juv,ANTI,ANTI,20
2015,2015,Sept,9/2/2015,UK,OD,Molasses Deep,722,722-100-076,1,Juv,ANTI,ANTI,8
2015,2015,Sept,9/2/2015,UK,OD,Molasses Deep,722,722-100-076,1,Juv,EUNI,EUNI,13
2015,2015,Sept,9/2/2015,UK,OD,Molasses Deep,722,722-100-076,1,Juv,GVEN,GVEN,27
2015,2015,Sept,9/2/2015,UK,OD,Molasses Deep,722,722-100-076,1,Juv,GVEN,GVEN,9
2015,2015,Sept,9/2/2015,UK,OD,Molasses Deep,722,722-100-076,1,Juv,MURI,MURI,22
2015,2015,Sept,9/2/2015,UK,OD,Molasses Deep,722,722-100-173,1,Juv,ANTI,ANTI,28
2015,2015,Sept,9/2/2015,UK,OD,Molasses Deep,722,722-100-173,1,Juv,ANTI,ANTI,19
2015,2015,Sept,9/2/2015,UK,OD,Molasses Deep,722,722-100-173,1,Juv,EUNI,EUNI,12
2015,2015,Sept,9/2/2015,UK,OD,Molasses Deep,722,722-100-173,1,Juv,MURO,MURO,7
2015,2015,Sept,9/2/2015,UK,OD,Molasses Deep,722,722-100-173,1,Juv,PLEX,PLEX,17
2015,2015,Sept,9/2/2015,UK,OD,Molasses Deep,722,722-100-215,1,Juv,ANTI/GVEN,AG,19
2015,2015,Sept,9/2/2015,UK,OD,Molasses Deep,722,722-100-215,1,Juv,ANTI/GVEN,AG,9
2015,2015,Sept,9/2/2015,UK,OD,Molasses Deep,722,722-100-215,1,Juv,ANTI,ANTI,10
2015,2015,Sept,9/2/2015,UK,OD,Molasses Deep,722,722-100-215,1,Juv,ANTI,ANTI,5
2015,2015,Sept,9/2/2015,UK,OD,Molasses Deep,722,722-100-215,1,Juv,ANTI,ANTI,3
2015,2015,Sept,9/2/2015,UK,OD,Molasses Deep,722,722-100-215,1,Juv,PAME,ANTI,30
2015,2015,Sept,9/2/2015,UK,OD,Molasses Deep,722,722-100-215,1,Juv,UNKO,UNKO,2
2015,2015,Sept,9/2/2015,UK,OD,Molasses Deep,722,722-500-032,1,Juv,ANTI,ANTI,22
2015,2015,Sept,9/2/2015,UK,OD,Molasses Deep,722,722-500-032,1,Juv,ANTI,ANTI,31
2015,2015,Sept,9/2/2015,UK,OD,Molasses Deep,722,722-500-032,1,Juv,ANTI,ANTI,31
2015,2015,Sept,9/2/2015,UK,OD,Molasses Deep,722,722-500-032,1,Juv,ANTI,ANTI,6
2015,2015,Sept,9/2/2015,UK,OD,Molasses Deep,722,722-500-032,1,Juv,ANTI,ANTI,8
2015,2015,Sept,9/2/2015,UK,OD,Molasses Deep,722,722-500-032,1,Juv,ANTI,ANTI,17
2015,2015,Sept,9/2/2015,UK,OD,Molasses Deep,722,722-500-032,1,Juv,EUNI,EUNI,7
2015,2015,Sept,9/2/2015,UK,OD,Molasses Deep,722,722-500-032,1,Juv,MURO,MURO,18
2015,2015,Sept,9/2/2015,UK,OD,Molasses Deep,722,722-500-094,1,Juv,ANTI,ANTI,9
2015,2015,Sept,9/2/2015,UK,OD,Molasses Deep,722,722-500-094,1,Juv,ANTI,ANTI,9
2015,2015,Sept,9/2/2015,UK,OD,Molasses Deep,722,722-500-094,1,Juv,ANTI,ANTI,7
2015,2015,Sept,9/2/2015,UK,OD,Molasses Deep,722,722-500-111,1,Juv,ANTI,ANTI,3
2015,2015,Sept,9/2/2015,UK,OD,Molasses Deep,722,722-500-111,1,Juv,ANTI,ANTI,20
2015,2015,Sept,9/2/2015,UK,OD,Molasses Deep,722,722-500-111,1,Juv,ANTI,ANTI,17
2015,2015,Sept,9/2/2015,UK,OD,Molasses Deep,722,722-500-111,1,Juv,ANTI,ANTI,20
2015,2015,Sept,9/2/2015,UK,OD,Molasses Deep,722,722-500-111,1,Juv,ANTI,ANTI,6
2015,2015,Sept,9/2/2015,UK,OD,Molasses Deep,722,722-500-111,1,Juv,PAME,ANTI,30
2015,2015,Sept,9/2/2015,UK,OD,Molasses Deep,722,722-500-111,1,Juv,EUNI,EUNI,5
2015,2015,Sept,9/2/2015,UK,OD,Molasses Deep,722,722-500-182,1,Juv,ANTI/GVEN,AG,10
2015,2015,Sept,9/2/2015,UK,OD,Molasses Deep,722,722-500-182,1,Juv,ANTI,ANTI,2
2015,2015,Sept,9/2/2015,UK,OD,Molasses Deep,722,722-500-182,1,Juv,ANTI,ANTI,13
2015,2015,Sept,9/2/2015,UK,OD,Molasses Deep,722,722-500-182,1,Juv,ANTI,ANTI,20
2015,2015,Sept,9/2/2015,UK,OD,Molasses Deep,722,722-500-182,1,Juv,ANTI,ANTI,8
2015,2015,Sept,9/2/2015,UK,OD,Molasses Deep,722,722-500-182,1,Juv,ANTI,ANTI,13
2015,2015,Sept,9/2/2015,UK,OD,Molasses Deep,722,722-500-182,1,Juv,ANTI,ANTI,10
2015,2015,Sept,9/2/2015,UK,OD,Molasses Deep,722,722-500-182,1,Juv,ANTI,ANTI,16
2015,2015,Sept,9/2/2015,UK,OD,Molasses Deep,722,722-500-182,1,Juv,PAME,ANTI,28
2015,2015,Sept,9/2/2015,UK,OD,Molasses Deep,722,722-500-182,1,Juv,UNKO,UNKO,12
2015,2015,Sept,9/5/2015,UK,OD,Molasses Deep,723,723-100-052,1,Juv,ANTI,ANTI,33
2015,2015,Sept,9/5/2015,UK,OD,Molasses Deep,723,723-100-064,1,Juv,ANTI/GVEN,AG,21
2015,2015,Sept,9/5/2015,UK,OD,Molasses Deep,723,723-100-064,1,Juv,ANTI,ANTI,31
2015,2015,Sept,9/5/2015,UK,OD,Molasses Deep,723,723-100-064,1,Juv,ANTI,ANTI,29
2015,2015,Sept,9/5/2015,UK,OD,Molasses Deep,723,723-100-134,1,Juv,ANTI,ANTI,28
2015,2015,Sept,9/5/2015,UK,OD,Molasses Deep,723,723-100-134,1,Juv,PAME,ANTI,22
2015,2015,Sept,9/5/2015,UK,OD,Molasses Deep,723,723-100-134,1,Juv,MURO,MURO,15
2015,2015,Sept,9/5/2015,UK,OD,Molasses Deep,723,723-100-154,1,Juv,ANTI/GVEN,AG,12
2015,2015,Sept,9/5/2015,UK,OD,Molasses Deep,723,723-100-154,1,Juv,ANTI/GVEN,AG,7
2015,2015,Sept,9/5/2015,UK,OD,Molasses Deep,723,723-100-154,1,Juv,ANTI/GVEN,AG,15
2015,2015,Sept,9/5/2015,UK,OD,Molasses Deep,723,723-100-154,1,Juv,PAME,ANTI,9
2015,2015,Sept,9/5/2015,UK,OD,Molasses Deep,723,723-100-154,1,Juv,PAME,ANTI,19
2015,2015,Sept,9/5/2015,UK,OD,Molasses Deep,723,723-100-154,1,Juv,PLEX,PLEX,9
2015,2015,Sept,9/5/2015,UK,OD,Molasses Deep,723,723-500-030,1,Juv,ANTI/GVEN,AG,31
2015,2015,Sept,9/5/2015,UK,OD,Molasses Deep,723,723-500-030,1,Juv,ANTI,ANTI,11
2015,2015,Sept,9/5/2015,UK,OD,Molasses Deep,723,723-500-030,1,Juv,GVEN,GVEN,30
2015,2015,Sept,9/5/2015,UK,OD,Molasses Deep,723,723-500-064,1,Juv,ANTI/GVEN,AG,18
2015,2015,Sept,9/5/2015,UK,OD,Molasses Deep,723,723-500-064,1,Juv,ANTI/GVEN,AG,9
2015,2015,Sept,9/5/2015,UK,OD,Molasses Deep,723,723-500-064,1,Juv,ANTI/GVEN,AG,12
2015,2015,Sept,9/5/2015,UK,OD,Molasses Deep,723,723-500-064,1,Juv,ANTI/GVEN,AG,15
2015,2015,Sept,9/5/2015,UK,OD,Molasses Deep,723,723-500-064,1,Juv,ANTI/GVEN,AG,7
2015,2015,Sept,9/5/2015,UK,OD,Molasses Deep,723,723-500-064,1,Juv,ANTI,ANTI,14
2015,2015,Sept,9/5/2015,UK,OD,Molasses Deep,723,723-500-064,1,Juv,ANTI,ANTI,11
2015,2015,Sept,9/5/2015,UK,OD,Molasses Deep,723,723-500-064,1,Juv,PAME,ANTI,22
2015,2015,Sept,9/5/2015,UK,OD,Molasses Deep,723,723-500-064,1,Juv,PAME,ANTI,26
2015,2015,Sept,9/5/2015,UK,OD,Molasses Deep,723,723-500-064,1,Juv,GVEN,GVEN,19
2015,2015,Sept,9/5/2015,UK,OD,Molasses Deep,723,723-500-064,1,Juv,GVEN,GVEN,18
2015,2015,Sept,9/5/2015,UK,OD,Molasses Deep,723,723-500-064,1,Juv,MURO,MURO,7
2015,2015,Sept,9/5/2015,UK,OD,Molasses Deep,723,723-500-090,0,NA,NA,NA,NA
2015,2015,Sept,9/5/2015,UK,OD,Molasses Deep,723,723-500-103,0,NA,NA,NA,NA
2015,2015,Sept,9/5/2015,UK,OD,Molasses Deep,724,724-100-048,1,Juv,ANTI,ANTI,30
2015,2015,Sept,9/5/2015,UK,OD,Molasses Deep,724,724-100-048,1,Juv,ANTI,ANTI,20
2015,2015,Sept,9/5/2015,UK,OD,Molasses Deep,724,724-100-048,1,Juv,EUNI,EUNI,15
2015,2015,Sept,9/5/2015,UK,OD,Molasses Deep,724,724-100-048,1,Juv,MURI,MURI,13
2015,2015,Sept,9/5/2015,UK,OD,Molasses Deep,724,724-100-089,1,Juv,ANTI,ANTI,12
2015,2015,Sept,9/5/2015,UK,OD,Molasses Deep,724,724-100-089,1,Juv,EUNI,EUNI,15
2015,2015,Sept,9/5/2015,UK,OD,Molasses Deep,724,724-100-151,1,Juv,ANTI/GVEN,AG,19
2015,2015,Sept,9/5/2015,UK,OD,Molasses Deep,724,724-100-151,1,Juv,ANTI,ANTI,36
2015,2015,Sept,9/5/2015,UK,OD,Molasses Deep,724,724-100-151,1,Juv,ANTI,ANTI,21
2015,2015,Sept,9/5/2015,UK,OD,Molasses Deep,724,724-100-151,1,Juv,ANTI,ANTI,11
2015,2015,Sept,9/5/2015,UK,OD,Molasses Deep,724,724-100-151,1,Juv,ANTI,ANTI,32
2015,2015,Sept,9/5/2015,UK,OD,Molasses Deep,724,724-100-151,1,Juv,ANTI,ANTI,26
2015,2015,Sept,9/5/2015,UK,OD,Molasses Deep,724,724-100-151,1,Juv,PAME,ANTI,12
2015,2015,Sept,9/5/2015,UK,OD,Molasses Deep,724,724-100-151,1,Juv,PAME,ANTI,12
2015,2015,Sept,9/5/2015,UK,OD,Molasses Deep,724,724-100-151,1,Juv,EUNI,EUNI,2
2015,2015,Sept,9/5/2015,UK,OD,Molasses Deep,724,724-100-151,1,Juv,UNKO,UNKO,8
2015,2015,Sept,9/5/2015,UK,OD,Molasses Deep,724,724-100-177,1,Juv,ANTI/GVEN,AG,4
2015,2015,Sept,9/5/2015,UK,OD,Molasses Deep,724,724-100-177,1,Juv,PFLE,EUNI,16
2015,2015,Sept,9/5/2015,UK,OD,Molasses Deep,724,724-500-032,0,NA,NA,NA,NA
2015,2015,Sept,9/5/2015,UK,OD,Molasses Deep,724,724-500-061,1,Juv,ANTI,ANTI,27
2015,2015,Sept,9/5/2015,UK,OD,Molasses Deep,724,724-500-061,1,Juv,PAME,ANTI,34
2015,2015,Sept,9/5/2015,UK,OD,Molasses Deep,724,724-500-061,1,Juv,EUNI,EUNI,35
2015,2015,Sept,9/5/2015,UK,OD,Molasses Deep,724,724-500-094,1,Juv,ANTI,ANTI,27
2015,2015,Sept,9/5/2015,UK,OD,Molasses Deep,724,724-500-192,1,Juv,ANTI,ANTI,18
2015,2015,Sept,9/5/2015,UK,OD,Molasses Deep,724,724-500-192,1,Juv,ANTI,ANTI,18
2015,2015,Sept,9/5/2015,UK,OD,Molasses Deep,724,724-500-192,1,Juv,ANTI,ANTI,20
2015,2015,Sept,9/5/2015,UK,OD,Molasses Deep,724,724-500-192,1,Juv,ANTI,ANTI,26
2015,2015,Sept,9/5/2015,UK,OD,Molasses Deep,724,724-500-192,1,Juv,GVEN,GVEN,30
2015,2015,Sept,9/21/2015,MK,OD,Tennessee Deep,751,751-100-026,1,Juv,PBIP,ANTI,27
2015,2015,Sept,9/21/2015,MK,OD,Tennessee Deep,751,751-100-026,1,Juv,EUNI,EUNI,8
2015,2015,Sept,9/21/2015,MK,OD,Tennessee Deep,751,751-100-045,1,Juv,PAME,ANTI,28
2015,2015,Sept,9/21/2015,MK,OD,Tennessee Deep,751,751-100-045,1,Juv,PBIP,ANTI,7
2015,2015,Sept,9/21/2015,MK,OD,Tennessee Deep,751,751-100-118,1,Juv,PBIP,ANTI,30
2015,2015,Sept,9/21/2015,MK,OD,Tennessee Deep,751,751-100-203,1,Juv,EUNI,EUNI,5
2015,2015,Sept,9/21/2015,MK,OD,Tennessee Deep,751,751-500-029,1,Juv,EUNI,EUNI,39
2015,2015,Sept,9/21/2015,MK,OD,Tennessee Deep,751,751-500-105,1,Juv,EUNI,EUNI,5
2015,2015,Sept,9/21/2015,MK,OD,Tennessee Deep,751,751-500-105,1,Juv,GVEN,GVEN,30
2015,2015,Sept,9/21/2015,MK,OD,Tennessee Deep,751,751-500-123,1,Juv,ANTI/GVEN,AG,9
2015,2015,Sept,9/21/2015,MK,OD,Tennessee Deep,751,751-500-226,1,Juv,ANTI,ANTI,15
2015,2015,Sept,9/21/2015,MK,OD,Tennessee Deep,752,752-100-022,1,Juv,GVEN,GVEN,37
2015,2015,Sept,9/21/2015,MK,OD,Tennessee Deep,752,752-100-072,0,NA,NA,NA,NA
2015,2015,Sept,9/21/2015,MK,OD,Tennessee Deep,752,752-100-135,1,Juv,GVEN,GVEN,35
2015,2015,Sept,9/21/2015,MK,OD,Tennessee Deep,752,752-100-135,1,Juv,GVEN,GVEN,9
2015,2015,Sept,9/21/2015,MK,OD,Tennessee Deep,752,752-100-225,1,Juv,GVEN,GVEN,31
2015,2015,Sept,9/21/2015,MK,OD,Tennessee Deep,752,752-500-023,1,Juv,ANTI,ANTI,39
2015,2015,Sept,9/21/2015,MK,OD,Tennessee Deep,752,752-500-023,1,Juv,ANTI,ANTI,20
2015,2015,Sept,9/21/2015,MK,OD,Tennessee Deep,752,752-500-023,1,Juv,ANTI,ANTI,22
2015,2015,Sept,9/21/2015,MK,OD,Tennessee Deep,752,752-500-023,1,Juv,ANTI,ANTI,28
2015,2015,Sept,9/21/2015,MK,OD,Tennessee Deep,752,752-500-023,1,Juv,ANTI,ANTI,17
2015,2015,Sept,9/21/2015,MK,OD,Tennessee Deep,752,752-500-023,1,Juv,ANTI,ANTI,16
2015,2015,Sept,9/21/2015,MK,OD,Tennessee Deep,752,752-500-023,1,Juv,ANTI,ANTI,29
2015,2015,Sept,9/21/2015,MK,OD,Tennessee Deep,752,752-500-056,1,Juv,PAME,ANTI,19
2015,2015,Sept,9/21/2015,MK,OD,Tennessee Deep,752,752-500-141,1,Juv,ANTI,ANTI,25
2015,2015,Sept,9/21/2015,MK,OD,Tennessee Deep,752,752-500-188,1,Juv,ANTI,ANTI,39
2015,2015,Sept,9/21/2015,MK,OD,Tennessee Deep,752,752-500-188,1,Juv,ANTI,ANTI,18
2015,2015,Sept,9/21/2015,MK,OD,Tennessee Deep,753,753-100-028,0,NA,NA,NA,NA
2015,2015,Sept,9/21/2015,MK,OD,Tennessee Deep,753,753-100-085,1,Juv,PBIP,ANTI,39
2015,2015,Sept,9/23/2015,MK,OD,Tennessee Deep,753,753-100-090,0,NA,NA,NA,NA
2015,2015,Sept,9/23/2015,MK,OD,Tennessee Deep,753,753-100-141,1,Juv,ANTI,ANTI,20
2015,2015,Sept,9/23/2015,MK,OD,Tennessee Deep,753,753-100-141,1,Juv,PAME,ANTI,12
2015,2015,Sept,9/21/2015,MK,OD,Tennessee Deep,753,753-500-023,1,Juv,ANTI,ANTI,32
2015,2015,Sept,9/21/2015,MK,OD,Tennessee Deep,753,753-500-023,1,Juv,ANTI,ANTI,21
2015,2015,Sept,9/21/2015,MK,OD,Tennessee Deep,753,753-500-023,1,Juv,PLEL,PLEL,12
2015,2015,Sept,9/21/2015,MK,OD,Tennessee Deep,753,753-500-049,1,Juv,ANTI,ANTI,35
2015,2015,Sept,9/21/2015,MK,OD,Tennessee Deep,753,753-500-049,1,Juv,EUNI,EUNI,10
2015,2015,Sept,9/21/2015,MK,OD,Tennessee Deep,753,753-500-049,1,Juv,GVEN,GVEN,32
2015,2015,Sept,9/23/2015,MK,OD,Tennessee Deep,753,753-500-105,1,Juv,EUNI,EUNI,16
2015,2015,Sept,9/23/2015,MK,OD,Tennessee Deep,753,753-500-197,1,Juv,PAME,ANTI,25
2015,2015,Sept,9/23/2015,MK,OD,Tennessee Deep,753,753-500-197,1,Juv,PBIP,ANTI,26
2015,2015,Sept,9/23/2015,MK,OD,Tennessee Deep,753,753-500-197,1,Juv,EUNI,EUNI,10
2015,2015,Sept,9/23/2015,MK,OD,Tennessee Deep,754,754-100-051,1,Juv,PAME,ANTI,37
2015,2015,Sept,9/23/2015,MK,OD,Tennessee Deep,754,754-100-051,1,Juv,PBIP,ANTI,34
2015,2015,Sept,9/23/2015,MK,OD,Tennessee Deep,754,754-100-100,1,Juv,ANTI/GVEN,AG,16
2015,2015,Sept,9/23/2015,MK,OD,Tennessee Deep,754,754-100-100,1,Juv,ANTI/GVEN,AG,22
2015,2015,Sept,9/23/2015,MK,OD,Tennessee Deep,754,754-100-100,1,Juv,PPOR,PSEU,27
2015,2015,Sept,9/23/2015,MK,OD,Tennessee Deep,754,754-100-136,0,NA,NA,NA,NA
2015,2015,Sept,9/23/2015,MK,OD,Tennessee Deep,754,754-100-191,1,Juv,ANTI/GVEN,AG,15
2015,2015,Sept,9/23/2015,MK,OD,Tennessee Deep,754,754-100-191,1,Juv,ANTI/GVEN,AG,20
2015,2015,Sept,9/23/2015,MK,OD,Tennessee Deep,754,754-100-191,1,Juv,ANTI,ANTI,15
2015,2015,Sept,9/23/2015,MK,OD,Tennessee Deep,754,754-100-191,1,Juv,PAME,ANTI,7
2015,2015,Sept,9/23/2015,MK,OD,Tennessee Deep,754,754-500-045,1,Juv,ANTI,ANTI,23
2015,2015,Sept,9/23/2015,MK,OD,Tennessee Deep,754,754-500-045,1,Juv,ANTI,ANTI,28
2015,2015,Sept,9/23/2015,MK,OD,Tennessee Deep,754,754-500-092,0,NA,NA,NA,NA
2015,2015,Sept,9/23/2015,MK,OD,Tennessee Deep,754,754-500-139,0,NA,NA,NA,NA
2015,2015,Sept,9/23/2015,MK,OD,Tennessee Deep,754,754-500-180,1,Juv,ANTI/GVEN,AG,25
2015,2015,Sept,9/22/2015,MK,OD,Sombrero Deep,761,761-100-009,1,Juv,ANTI,ANTI,16
2015,2015,Sept,9/22/2015,MK,OD,Sombrero Deep,761,761-100-009,1,Juv,ANTI,ANTI,11
2015,2015,Sept,9/22/2015,MK,OD,Sombrero Deep,761,761-100-009,1,Juv,ANTI,ANTI,16
2015,2015,Sept,9/22/2015,MK,OD,Sombrero Deep,761,761-100-009,1,Juv,ANTI,ANTI,20
2015,2015,Sept,9/22/2015,MK,OD,Sombrero Deep,761,761-100-009,1,Juv,ANTI,ANTI,10
2015,2015,Sept,9/22/2015,MK,OD,Sombrero Deep,761,761-100-009,1,Juv,ANTI,ANTI,16
2015,2015,Sept,9/22/2015,MK,OD,Sombrero Deep,761,761-100-009,1,Juv,ANTI,ANTI,25
2015,2015,Sept,9/22/2015,MK,OD,Sombrero Deep,761,761-100-009,1,Juv,ANTI,ANTI,30
2015,2015,Sept,9/22/2015,MK,OD,Sombrero Deep,761,761-100-009,1,Juv,ANTI,ANTI,32
2015,2015,Sept,9/22/2015,MK,OD,Sombrero Deep,761,761-100-009,1,Juv,ANTI,ANTI,12
2015,2015,Sept,9/22/2015,MK,OD,Sombrero Deep,761,761-100-028,1,Juv,ANTI,ANTI,31
2015,2015,Sept,9/22/2015,MK,OD,Sombrero Deep,761,761-100-028,1,Juv,ANTI,ANTI,24
2015,2015,Sept,9/22/2015,MK,OD,Sombrero Deep,761,761-100-028,1,Juv,ANTI,ANTI,28
2015,2015,Sept,9/22/2015,MK,OD,Sombrero Deep,761,761-100-081,0,NA,NA,NA,NA
2015,2015,Sept,9/22/2015,MK,OD,Sombrero Deep,761,761-100-139,1,Juv,ANTI,ANTI,22
2015,2015,Sept,9/22/2015,MK,OD,Sombrero Deep,761,761-100-139,1,Juv,ANTI,ANTI,23
2015,2015,Sept,9/22/2015,MK,OD,Sombrero Deep,761,761-100-139,1,Juv,PAME,ANTI,23
2015,2015,Sept,9/22/2015,MK,OD,Sombrero Deep,761,761-500-048,1,Juv,ANTI,ANTI,20
2015,2015,Sept,9/22/2015,MK,OD,Sombrero Deep,761,761-500-048,1,Juv,ANTI,ANTI,15
2015,2015,Sept,9/22/2015,MK,OD,Sombrero Deep,761,761-500-048,1,Juv,ANTI,ANTI,9
2015,2015,Sept,9/22/2015,MK,OD,Sombrero Deep,761,761-500-048,1,Juv,ANTI,ANTI,12
2015,2015,Sept,9/22/2015,MK,OD,Sombrero Deep,761,761-500-048,1,Juv,EUNI,EUNI,13
2015,2015,Sept,9/22/2015,MK,OD,Sombrero Deep,761,761-500-048,1,Juv,EUNI,EUNI,10
2015,2015,Sept,9/22/2015,MK,OD,Sombrero Deep,761,761-500-048,1,Juv,EUNI,EUNI,7
2015,2015,Sept,9/22/2015,MK,OD,Sombrero Deep,761,761-500-048,1,Juv,PLEX,PLEX,5
2015,2015,Sept,9/22/2015,MK,OD,Sombrero Deep,761,761-500-072,1,Juv,ANTI/GVEN,AG,16
2015,2015,Sept,9/22/2015,MK,OD,Sombrero Deep,761,761-500-072,1,Juv,ECAL,EUNI,8
2015,2015,Sept,9/22/2015,MK,OD,Sombrero Deep,761,761-500-072,1,Juv,PPOR,PSEU,39
2015,2015,Sept,9/22/2015,MK,OD,Sombrero Deep,761,761-500-101,0,NA,NA,NA,NA
2015,2015,Sept,9/22/2015,MK,OD,Sombrero Deep,761,761-500-147,1,Juv,ANTI/GVEN,AG,10
2015,2015,Sept,9/22/2015,MK,OD,Sombrero Deep,762,762-100-056,1,Juv,PBIP,ANTI,24
2015,2015,Sept,9/22/2015,MK,OD,Sombrero Deep,762,762-100-067,1,Juv,GVEN,GVEN,17
2015,2015,Sept,9/22/2015,MK,OD,Sombrero Deep,762,762-100-158,1,Juv,PBIP,ANTI,35
2015,2015,Sept,9/22/2015,MK,OD,Sombrero Deep,762,762-100-158,1,Juv,PBIP,ANTI,37
2015,2015,Sept,9/22/2015,MK,OD,Sombrero Deep,762,762-100-158,1,Juv,PBIP,ANTI,25
2015,2015,Sept,9/22/2015,MK,OD,Sombrero Deep,762,762-100-158,1,Juv,PBIP,ANTI,15
2015,2015,Sept,9/22/2015,MK,OD,Sombrero Deep,762,762-100-158,1,Juv,PBIP,ANTI,15
2015,2015,Sept,9/22/2015,MK,OD,Sombrero Deep,762,762-100-158,1,Juv,ECAL,EUNI,10
2015,2015,Sept,9/22/2015,MK,OD,Sombrero Deep,762,762-100-158,1,Juv,ECAL,EUNI,17
2015,2015,Sept,9/22/2015,MK,OD,Sombrero Deep,762,762-100-158,1,Juv,EUNI,EUNI,7
2015,2015,Sept,9/22/2015,MK,OD,Sombrero Deep,762,762-100-178,1,Juv,PBIP,ANTI,39
2015,2015,Sept,9/22/2015,MK,OD,Sombrero Deep,762,762-100-178,1,Juv,MURO,MURO,3
2015,2015,Sept,9/22/2015,MK,OD,Sombrero Deep,762,762-500-005,0,NA,NA,NA,NA
2015,2015,Sept,9/22/2015,MK,OD,Sombrero Deep,762,762-500-066,0,NA,NA,NA,NA
2015,2015,Sept,9/22/2015,MK,OD,Sombrero Deep,762,762-500-110,1,Juv,ANTI,ANTI,17
2015,2015,Sept,9/22/2015,MK,OD,Sombrero Deep,762,762-500-110,1,Juv,EUNI,EUNI,30
2015,2015,Sept,9/22/2015,MK,OD,Sombrero Deep,762,762-500-153,1,Juv,ANTI/GVEN,AG,10
2015,2015,Sept,9/22/2015,MK,OD,Sombrero Deep,762,762-500-153,1,Juv,ANTI/GVEN,AG,10
2015,2015,Sept,9/22/2015,MK,OD,Sombrero Deep,762,762-500-153,1,Juv,ANTI,ANTI,38
2015,2015,Sept,9/22/2015,MK,OD,Sombrero Deep,762,762-500-153,1,Juv,EUNI,EUNI,8
2015,2015,Sept,9/22/2015,MK,OD,Sombrero Deep,763,763-100-085,1,Juv,PBIP,ANTI,25
2015,2015,Sept,9/22/2015,MK,OD,Sombrero Deep,763,763-100-085,1,Juv,PBIP,ANTI,31
2015,2015,Sept,9/22/2015,MK,OD,Sombrero Deep,763,763-100-108,1,Juv,PBIP,ANTI,16
2015,2015,Sept,9/22/2015,MK,OD,Sombrero Deep,763,763-100-108,1,Juv,PFLE,EUNI,17
2015,2015,Sept,9/22/2015,MK,OD,Sombrero Deep,763,763-100-108,1,Juv,GVEN,GVEN,5
2015,2015,Sept,9/22/2015,MK,OD,Sombrero Deep,763,763-100-108,1,Juv,MURO,MURO,22
2015,2015,Sept,9/22/2015,MK,OD,Sombrero Deep,763,763-100-108,1,Juv,PLEL,PLEL,7
2015,2015,Sept,9/22/2015,MK,OD,Sombrero Deep,763,763-100-174,1,Juv,GVEN,GVEN,39
2015,2015,Sept,9/22/2015,MK,OD,Sombrero Deep,763,763-100-174,1,Juv,GVEN,GVEN,25
2015,2015,Sept,9/22/2015,MK,OD,Sombrero Deep,763,763-100-202,0,NA,NA,NA,NA
2015,2015,Sept,9/22/2015,MK,OD,Sombrero Deep,763,763-500-085,1,Juv,ANTI,ANTI,29
2015,2015,Sept,9/22/2015,MK,OD,Sombrero Deep,763,763-500-085,1,Juv,EUNI,EUNI,25
2015,2015,Sept,9/22/2015,MK,OD,Sombrero Deep,763,763-500-109,1,Juv,EUNI,EUNI,6
2015,2015,Sept,9/22/2015,MK,OD,Sombrero Deep,763,763-500-160,0,NA,NA,NA,NA
2015,2015,Sept,9/22/2015,MK,OD,Sombrero Deep,763,763-500-198,0,NA,NA,NA,NA
2015,2015,Sept,9/22/2015,MK,OD,Sombrero Deep,764,764-100-017,1,Juv,GVEN,GVEN,20
2015,2015,Sept,9/22/2015,MK,OD,Sombrero Deep,764,764-100-017,1,Juv,PLEX,PLEX,14
2015,2015,Sept,9/22/2015,MK,OD,Sombrero Deep,764,764-100-017,1,Juv,UNKO,UNKO,3
2015,2015,Sept,9/22/2015,MK,OD,Sombrero Deep,764,764-100-081,1,Juv,EUNI,EUNI,15
2015,2015,Sept,9/22/2015,MK,OD,Sombrero Deep,764,764-100-081,1,Juv,EUNI,EUNI,11
2015,2015,Sept,9/22/2015,MK,OD,Sombrero Deep,764,764-100-081,1,Juv,GVEN,GVEN,39
2015,2015,Sept,9/22/2015,MK,OD,Sombrero Deep,764,764-100-081,1,Juv,UNKO,UNKO,11
2015,2015,Sept,9/22/2015,MK,OD,Sombrero Deep,764,764-100-137,1,Juv,ANTI,ANTI,32
2015,2015,Sept,9/22/2015,MK,OD,Sombrero Deep,764,764-100-137,1,Juv,GVEN,GVEN,39
2015,2015,Sept,9/22/2015,MK,OD,Sombrero Deep,764,764-100-185,1,Juv,GVEN,GVEN,26
2015,2015,Sept,9/22/2015,MK,OD,Sombrero Deep,764,764-500-012,1,Juv,PAME,ANTI,23
2015,2015,Sept,9/22/2015,MK,OD,Sombrero Deep,764,764-500-012,1,Juv,GVEN,GVEN,39
2015,2015,Sept,9/22/2015,MK,OD,Sombrero Deep,764,764-500-092,1,Juv,EUNI,EUNI,5
2015,2015,Sept,9/22/2015,MK,OD,Sombrero Deep,764,764-500-092,1,Juv,MURO,MURO,8
2015,2015,Sept,9/22/2015,MK,OD,Sombrero Deep,764,764-500-092,1,Juv,MURO,MURO,10
2015,2015,Sept,9/22/2015,MK,OD,Sombrero Deep,764,764-500-092,1,Juv,MURO,MURO,5
2015,2015,Sept,9/22/2015,MK,OD,Sombrero Deep,764,764-500-092,1,Juv,MURO,MURO,36
2015,2015,Sept,9/22/2015,MK,OD,Sombrero Deep,764,764-500-111,1,Juv,PAME,ANTI,30
2015,2015,Sept,9/22/2015,MK,OD,Sombrero Deep,764,764-500-111,1,Juv,PAME,ANTI,13
2015,2015,Sept,9/22/2015,MK,OD,Sombrero Deep,764,764-500-111,1,Juv,EUNI,EUNI,13
2015,2015,Sept,9/22/2015,MK,OD,Sombrero Deep,764,764-500-111,1,Juv,EUNI,EUNI,4
2015,2015,Sept,9/22/2015,MK,OD,Sombrero Deep,764,764-500-111,1,Juv,MURO,MURO,20
2015,2015,Sept,9/22/2015,MK,OD,Sombrero Deep,764,764-500-111,1,Juv,MURO,MURO,10
2015,2015,Sept,9/22/2015,MK,OD,Sombrero Deep,764,764-500-188,1,Juv,ANTI,ANTI,20
2015,2015,Sept,9/22/2015,MK,OD,Sombrero Deep,764,764-500-188,1,Juv,ANTI,ANTI,21
2015,2015,Sept,9/22/2015,MK,OD,Sombrero Deep,764,764-500-188,1,Juv,ANTI,ANTI,18
2015,2015,Sept,9/22/2015,MK,OD,Sombrero Deep,764,764-500-188,1,Juv,EUNI,EUNI,12
2015,2015,Sept,9/22/2015,MK,OD,Sombrero Deep,764,764-500-188,1,Juv,EUNI,EUNI,12
2015,2015,Sept,9/22/2015,MK,OD,Sombrero Deep,764,764-500-188,1,Juv,EUNI,EUNI,5
2015,2015,Aug,8/12/2015,LK,OD,Western Sambo Deep,791,791-100-012,0,NA,NA,NA,NA
2015,2015,Aug,8/12/2015,LK,OD,Western Sambo Deep,791,791-100-047,1,Juv,ANTI,ANTI,33
2015,2015,Aug,8/12/2015,LK,OD,Western Sambo Deep,791,791-100-047,1,Juv,ANTI,ANTI,10
2015,2015,Aug,8/12/2015,LK,OD,Western Sambo Deep,791,791-100-047,1,Juv,ANTI,ANTI,6
2015,2015,Aug,8/12/2015,LK,OD,Western Sambo Deep,791,791-100-122,1,Juv,ANTI,ANTI,5
2015,2015,Aug,8/12/2015,LK,OD,Western Sambo Deep,791,791-100-122,1,Juv,PAME,ANTI,21
2015,2015,Aug,8/12/2015,LK,OD,Western Sambo Deep,791,791-100-197,1,Juv,EUNI,EUNI,4
2015,2015,Aug,8/12/2015,LK,OD,Western Sambo Deep,791,791-500-013,0,NA,NA,NA,NA
2015,2015,Aug,8/12/2015,LK,OD,Western Sambo Deep,791,791-500-038,1,Juv,ANTI,ANTI,2
2015,2015,Aug,8/12/2015,LK,OD,Western Sambo Deep,791,791-500-038,1,Juv,PAME,ANTI,7
2015,2015,Aug,8/12/2015,LK,OD,Western Sambo Deep,791,791-500-038,1,Juv,EUNI,EUNI,5
2015,2015,Aug,8/12/2015,LK,OD,Western Sambo Deep,791,791-500-038,1,Juv,MURI,MURI,35
2015,2015,Aug,8/12/2015,LK,OD,Western Sambo Deep,791,791-500-156,1,Juv,ANTI/GVEN,AG,7
2015,2015,Aug,8/12/2015,LK,OD,Western Sambo Deep,791,791-500-199,1,Juv,PBIP,ANTI,7
2015,2015,Aug,8/12/2015,LK,OD,Western Sambo Deep,791,791-500-199,1,Juv,PBIP,ANTI,39
2015,2015,Aug,8/12/2015,LK,OD,Western Sambo Deep,791,791-500-199,1,Juv,EUNI,EUNI,7
2015,2015,Aug,8/12/2015,LK,OD,Western Sambo Deep,791,791-500-199,1,Juv,GVEN,GVEN,30
2015,2015,Aug,8/12/2015,LK,OD,Western Sambo Deep,792,792-100-028,1,Juv,GVEN,GVEN,21
2015,2015,Aug,8/12/2015,LK,OD,Western Sambo Deep,792,792-100-028,1,Juv,GVEN,GVEN,35
2015,2015,Aug,8/12/2015,LK,OD,Western Sambo Deep,792,792-100-028,1,Juv,GVEN,GVEN,21
2015,2015,Aug,8/12/2015,LK,OD,Western Sambo Deep,792,792-100-039,1,Juv,EUNI,EUNI,32
2015,2015,Aug,8/12/2015,LK,OD,Western Sambo Deep,792,792-100-039,1,Juv,EUNI,EUNI,30
2015,2015,Aug,8/12/2015,LK,OD,Western Sambo Deep,792,792-100-039,1,Juv,GVEN,GVEN,22
2015,2015,Aug,8/12/2015,LK,OD,Western Sambo Deep,792,792-100-039,1,Juv,GVEN,GVEN,29
2015,2015,Aug,8/12/2015,LK,OD,Western Sambo Deep,792,792-100-106,1,Juv,ANTI,ANTI,13
2015,2015,Aug,8/12/2015,LK,OD,Western Sambo Deep,792,792-100-106,1,Juv,PAME,ANTI,26
2015,2015,Aug,8/12/2015,LK,OD,Western Sambo Deep,792,792-100-106,1,Juv,PAME,ANTI,21
2015,2015,Aug,8/12/2015,LK,OD,Western Sambo Deep,792,792-100-142,1,Juv,ANTI,ANTI,14
2015,2015,Aug,8/12/2015,LK,OD,Western Sambo Deep,792,792-100-142,1,Juv,ANTI,ANTI,22
2015,2015,Aug,8/12/2015,LK,OD,Western Sambo Deep,792,792-100-142,1,Juv,PBIP,ANTI,35
2015,2015,Aug,8/12/2015,LK,OD,Western Sambo Deep,792,792-100-142,1,Juv,EUNI,EUNI,20
2015,2015,Aug,8/12/2015,LK,OD,Western Sambo Deep,792,792-100-142,1,Juv,EUNI,EUNI,29
2015,2015,Aug,8/12/2015,LK,OD,Western Sambo Deep,792,792-500-051,1,Juv,ANTI,ANTI,16
2015,2015,Aug,8/12/2015,LK,OD,Western Sambo Deep,792,792-500-051,1,Juv,ANTI,ANTI,21
2015,2015,Aug,8/12/2015,LK,OD,Western Sambo Deep,792,792-500-051,1,Juv,UNKO,UNKO,3
2015,2015,Aug,8/12/2015,LK,OD,Western Sambo Deep,792,792-500-079,1,Juv,EUNI,EUNI,8
2015,2015,Aug,8/12/2015,LK,OD,Western Sambo Deep,792,792-500-079,1,Juv,PPOR,PSEU,6
2015,2015,Aug,8/12/2015,LK,OD,Western Sambo Deep,792,792-500-102,1,Juv,ANTI,ANTI,15
2015,2015,Aug,8/12/2015,LK,OD,Western Sambo Deep,792,792-500-102,1,Juv,ANTI,ANTI,30
2015,2015,Aug,8/12/2015,LK,OD,Western Sambo Deep,792,792-500-102,1,Juv,EUNI,EUNI,7
2015,2015,Aug,8/12/2015,LK,OD,Western Sambo Deep,792,792-500-102,1,Juv,MURI,MURI,3
2015,2015,Aug,8/12/2015,LK,OD,Western Sambo Deep,792,792-500-190,1,Juv,ANTI/GVEN,AG,19
2015,2015,Aug,8/12/2015,LK,OD,Western Sambo Deep,792,792-500-190,1,Juv,ANTI,ANTI,21
2015,2015,Aug,8/12/2015,LK,OD,Western Sambo Deep,792,792-500-190,1,Juv,EUNI,EUNI,9
2015,2015,Aug,8/12/2015,LK,OD,Western Sambo Deep,792,792-500-190,1,Juv,EUNI,EUNI,11
2015,2015,Aug,8/12/2015,LK,OD,Western Sambo Deep,792,792-500-190,1,Juv,GVEN,GVEN,26
2015,2015,Aug,8/12/2015,LK,OD,Western Sambo Deep,793,793-100-019,1,Juv,EUNI,EUNI,12
2015,2015,Aug,8/12/2015,LK,OD,Western Sambo Deep,793,793-100-048,1,Juv,ANTI/GVEN,AG,10
2015,2015,Aug,8/12/2015,LK,OD,Western Sambo Deep,793,793-100-048,1,Juv,ANTI/GVEN,AG,6
2015,2015,Aug,8/12/2015,LK,OD,Western Sambo Deep,793,793-100-048,1,Juv,BRIA,BRIA,16
2015,2015,Aug,8/12/2015,LK,OD,Western Sambo Deep,793,793-100-048,1,Juv,GVEN,GVEN,25
2015,2015,Aug,8/12/2015,LK,OD,Western Sambo Deep,793,793-100-066,1,Juv,ANTI,ANTI,24
2015,2015,Aug,8/12/2015,LK,OD,Western Sambo Deep,793,793-100-140,1,Juv,ANTI,ANTI,25
2015,2015,Aug,8/12/2015,LK,OD,Western Sambo Deep,793,793-100-140,1,Juv,ANTI,ANTI,38
2015,2015,Aug,8/12/2015,LK,OD,Western Sambo Deep,793,793-100-140,1,Juv,ANTI,ANTI,12
2015,2015,Aug,8/12/2015,LK,OD,Western Sambo Deep,793,793-100-140,1,Juv,PFLE,EUNI,8
2015,2015,Aug,8/12/2015,LK,OD,Western Sambo Deep,793,793-500-078,1,Juv,UNKO,UNKO,27
2015,2015,Aug,8/12/2015,LK,OD,Western Sambo Deep,793,793-500-098,0,NA,NA,NA,NA
2015,2015,Aug,8/12/2015,LK,OD,Western Sambo Deep,793,793-500-172,1,Juv,ANTI/GVEN,AG,8
2015,2015,Aug,8/12/2015,LK,OD,Western Sambo Deep,793,793-500-172,1,Juv,ANTI/GVEN,AG,6
2015,2015,Aug,8/12/2015,LK,OD,Western Sambo Deep,793,793-500-172,1,Juv,EUNI,EUNI,5
2015,2015,Aug,8/12/2015,LK,OD,Western Sambo Deep,793,793-500-172,1,Juv,EUNI,EUNI,2
2015,2015,Aug,8/12/2015,LK,OD,Western Sambo Deep,793,793-500-210,1,Juv,GVEN,GVEN,31
2015,2015,Aug,8/12/2015,LK,OD,Western Sambo Deep,794,794-100-008,0,NA,NA,NA,NA
2015,2015,Aug,8/12/2015,LK,OD,Western Sambo Deep,794,794-100-061,1,Juv,ANTI/GVEN,AG,8
2015,2015,Aug,8/12/2015,LK,OD,Western Sambo Deep,794,794-100-061,1,Juv,ANTI,ANTI,4
2015,2015,Aug,8/12/2015,LK,OD,Western Sambo Deep,794,794-100-061,1,Juv,ANTI,ANTI,18
2015,2015,Aug,8/12/2015,LK,OD,Western Sambo Deep,794,794-100-061,1,Juv,ANTI,ANTI,37
2015,2015,Aug,8/12/2015,LK,OD,Western Sambo Deep,794,794-100-061,1,Juv,EUNI,EUNI,4
2015,2015,Aug,8/12/2015,LK,OD,Western Sambo Deep,794,794-100-061,1,Juv,EUNI,EUNI,10
2015,2015,Aug,8/12/2015,LK,OD,Western Sambo Deep,794,794-100-061,1,Juv,GVEN,GVEN,35
2015,2015,Aug,8/12/2015,LK,OD,Western Sambo Deep,794,794-100-156,1,Juv,ANTI,ANTI,22
2015,2015,Aug,8/12/2015,LK,OD,Western Sambo Deep,794,794-100-156,1,Juv,EUNI,EUNI,6
2015,2015,Aug,8/12/2015,LK,OD,Western Sambo Deep,794,794-100-199,1,Juv,ANTI/GVEN,AG,8
2015,2015,Aug,8/12/2015,LK,OD,Western Sambo Deep,794,794-100-199,1,Juv,ANTI/GVEN,AG,6
2015,2015,Aug,8/12/2015,LK,OD,Western Sambo Deep,794,794-100-199,1,Juv,ANTI/GVEN,AG,11
2015,2015,Aug,8/12/2015,LK,OD,Western Sambo Deep,794,794-100-199,1,Juv,ANTI/GVEN,AG,17
2015,2015,Aug,8/12/2015,LK,OD,Western Sambo Deep,794,794-100-199,1,Juv,PAME,ANTI,12
2015,2015,Aug,8/12/2015,LK,OD,Western Sambo Deep,794,794-100-199,1,Juv,EUNI,EUNI,7
2015,2015,Aug,8/12/2015,LK,OD,Western Sambo Deep,794,794-100-199,1,Juv,PFLE,EUNI,4
2015,2015,Aug,8/12/2015,LK,OD,Western Sambo Deep,794,794-100-199,1,Juv,GVEN,GVEN,32
2015,2015,Aug,8/12/2015,LK,OD,Western Sambo Deep,794,794-500-058,1,Juv,PAME,ANTI,35
2015,2015,Aug,8/12/2015,LK,OD,Western Sambo Deep,794,794-500-058,1,Juv,GVEN,GVEN,31
2015,2015,Aug,8/12/2015,LK,OD,Western Sambo Deep,794,794-500-058,1,Juv,GVEN,GVEN,15
2015,2015,Aug,8/12/2015,LK,OD,Western Sambo Deep,794,794-500-058,1,Juv,UNKO,UNKO,5
2015,2015,Aug,8/12/2015,LK,OD,Western Sambo Deep,794,794-500-122,0,NA,NA,NA,NA
2015,2015,Aug,8/12/2015,LK,OD,Western Sambo Deep,794,794-500-136,0,NA,NA,NA,NA
2015,2015,Aug,8/12/2015,LK,OD,Western Sambo Deep,794,794-500-199,1,Juv,EUNI,EUNI,9
2015,2015,Aug,8/13/2015,LK,OD,Sand Key Deep,811,811-100-019,1,Juv,ANTI,ANTI,20
2015,2015,Aug,8/13/2015,LK,OD,Sand Key Deep,811,811-100-019,1,Juv,PLEX,PLEX,29
2015,2015,Aug,8/13/2015,LK,OD,Sand Key Deep,811,811-100-103,1,Juv,ANTI,ANTI,39
2015,2015,Aug,8/13/2015,LK,OD,Sand Key Deep,811,811-100-103,1,Juv,EUNI,EUNI,22
2015,2015,Aug,8/13/2015,LK,OD,Sand Key Deep,811,811-100-103,1,Juv,GVEN,GVEN,38
2015,2015,Aug,8/13/2015,LK,OD,Sand Key Deep,811,811-100-119,1,Juv,ANTI,ANTI,39
2015,2015,Aug,8/13/2015,LK,OD,Sand Key Deep,811,811-100-119,1,Juv,ANTI,ANTI,28
2015,2015,Aug,8/13/2015,LK,OD,Sand Key Deep,811,811-100-119,1,Juv,PAME,ANTI,39
2015,2015,Aug,8/13/2015,LK,OD,Sand Key Deep,811,811-100-119,1,Juv,EUNI,EUNI,36
2015,2015,Aug,8/13/2015,LK,OD,Sand Key Deep,811,811-100-119,1,Juv,EUNI,EUNI,34
2015,2015,Aug,8/13/2015,LK,OD,Sand Key Deep,811,811-100-119,1,Juv,EUNI,EUNI,28
2015,2015,Aug,8/13/2015,LK,OD,Sand Key Deep,811,811-100-119,1,Juv,EUNI,EUNI,29
2015,2015,Aug,8/13/2015,LK,OD,Sand Key Deep,811,811-100-119,1,Juv,GVEN,GVEN,31
2015,2015,Aug,8/13/2015,LK,OD,Sand Key Deep,811,811-100-119,1,Juv,GVEN,GVEN,20
2015,2015,Aug,8/13/2015,LK,OD,Sand Key Deep,811,811-100-119,1,Juv,GVEN,GVEN,15
2015,2015,Aug,8/13/2015,LK,OD,Sand Key Deep,811,811-100-119,1,Juv,GVEN,GVEN,14
2015,2015,Aug,8/13/2015,LK,OD,Sand Key Deep,811,811-100-197,1,Juv,PAME,ANTI,28
2015,2015,Aug,8/13/2015,LK,OD,Sand Key Deep,811,811-100-197,1,Juv,EUNI,EUNI,22
2015,2015,Aug,8/13/2015,LK,OD,Sand Key Deep,811,811-500-074,1,Juv,ANTI,ANTI,16
2015,2015,Aug,8/13/2015,LK,OD,Sand Key Deep,811,811-500-074,1,Juv,EUNI,EUNI,14
2015,2015,Aug,8/13/2015,LK,OD,Sand Key Deep,811,811-500-074,1,Juv,EUNI,EUNI,29
2015,2015,Aug,8/13/2015,LK,OD,Sand Key Deep,811,811-500-074,1,Juv,EUNI,EUNI,9
2015,2015,Aug,8/13/2015,LK,OD,Sand Key Deep,811,811-500-074,1,Juv,UNKO,UNKO,2
2015,2015,Aug,8/13/2015,LK,OD,Sand Key Deep,811,811-500-114,1,Juv,EUNI,EUNI,38
2015,2015,Aug,8/13/2015,LK,OD,Sand Key Deep,811,811-500-114,1,Juv,EUNI,EUNI,28
2015,2015,Aug,8/13/2015,LK,OD,Sand Key Deep,811,811-500-114,1,Juv,EUNI,EUNI,9
2015,2015,Aug,8/13/2015,LK,OD,Sand Key Deep,811,811-500-114,1,Juv,EUNI,EUNI,8
2015,2015,Aug,8/13/2015,LK,OD,Sand Key Deep,811,811-500-114,1,Juv,GVEN,GVEN,29
2015,2015,Aug,8/13/2015,LK,OD,Sand Key Deep,811,811-500-114,1,Juv,GVEN,GVEN,25
2015,2015,Aug,8/13/2015,LK,OD,Sand Key Deep,811,811-500-155,1,Juv,ANTI,ANTI,4
2015,2015,Aug,8/13/2015,LK,OD,Sand Key Deep,811,811-500-155,1,Juv,PAME,ANTI,21
2015,2015,Aug,8/13/2015,LK,OD,Sand Key Deep,811,811-500-155,1,Juv,EUNI,EUNI,20
2015,2015,Aug,8/13/2015,LK,OD,Sand Key Deep,811,811-500-155,1,Juv,EUNI,EUNI,4
2015,2015,Aug,8/13/2015,LK,OD,Sand Key Deep,811,811-500-155,1,Juv,EUNI,EUNI,10
2015,2015,Aug,8/13/2015,LK,OD,Sand Key Deep,811,811-500-155,1,Juv,PLEX,PLEX,12
2015,2015,Aug,8/13/2015,LK,OD,Sand Key Deep,811,811-500-197,1,Juv,EUNI,EUNI,7
2015,2015,Aug,8/13/2015,LK,OD,Sand Key Deep,811,811-500-197,1,Juv,EUNI,EUNI,24
2015,2015,Aug,8/13/2015,LK,OD,Sand Key Deep,811,811-500-197,1,Juv,EUNI,EUNI,18
2015,2015,Aug,8/13/2015,LK,OD,Sand Key Deep,811,811-500-197,1,Juv,PLEL,PLEL,27
2015,2015,Aug,8/13/2015,LK,OD,Sand Key Deep,812,812-100-018,1,Juv,PAME,ANTI,8
2015,2015,Aug,8/13/2015,LK,OD,Sand Key Deep,812,812-100-018,1,Juv,PBIP,ANTI,17
2015,2015,Aug,8/13/2015,LK,OD,Sand Key Deep,812,812-100-018,1,Juv,EUNI,EUNI,16
2015,2015,Aug,8/13/2015,LK,OD,Sand Key Deep,812,812-100-018,1,Juv,GVEN,GVEN,27
2015,2015,Aug,8/13/2015,LK,OD,Sand Key Deep,812,812-100-018,1,Juv,GVEN,GVEN,14
2015,2015,Aug,8/13/2015,LK,OD,Sand Key Deep,812,812-100-041,1,Juv,EUNI,EUNI,25
2015,2015,Aug,8/13/2015,LK,OD,Sand Key Deep,812,812-100-041,1,Juv,GVEN,GVEN,19
2015,2015,Aug,8/13/2015,LK,OD,Sand Key Deep,812,812-100-041,1,Juv,GVEN,GVEN,23
2015,2015,Aug,8/13/2015,LK,OD,Sand Key Deep,812,812-100-112,1,Juv,ANTI/GVEN,AG,15
2015,2015,Aug,8/13/2015,LK,OD,Sand Key Deep,812,812-100-112,1,Juv,PAME,ANTI,21
2015,2015,Aug,8/13/2015,LK,OD,Sand Key Deep,812,812-100-112,1,Juv,PAME,ANTI,6
2015,2015,Aug,8/13/2015,LK,OD,Sand Key Deep,812,812-100-112,1,Juv,EUNI,EUNI,2
2015,2015,Aug,8/13/2015,LK,OD,Sand Key Deep,812,812-100-112,1,Juv,MURI,MURI,18
2015,2015,Aug,8/13/2015,LK,OD,Sand Key Deep,812,812-100-112,1,Juv,PSEU,PSEU,15
2015,2015,Aug,8/13/2015,LK,OD,Sand Key Deep,812,812-100-168,1,Juv,ANTI,ANTI,26
2015,2015,Aug,8/13/2015,LK,OD,Sand Key Deep,812,812-100-168,1,Juv,PAME,ANTI,38
2015,2015,Aug,8/13/2015,LK,OD,Sand Key Deep,812,812-100-168,1,Juv,EUNI,EUNI,5
2015,2015,Aug,8/13/2015,LK,OD,Sand Key Deep,812,812-100-168,1,Juv,GVEN,GVEN,18
2015,2015,Aug,8/13/2015,LK,OD,Sand Key Deep,812,812-100-168,1,Juv,GVEN,GVEN,35
2015,2015,Aug,8/13/2015,LK,OD,Sand Key Deep,812,812-100-168,1,Juv,MURO,MURO,11
2015,2015,Aug,8/13/2015,LK,OD,Sand Key Deep,812,812-500-029,1,Juv,EUNI,EUNI,9
2015,2015,Aug,8/13/2015,LK,OD,Sand Key Deep,812,812-500-029,1,Juv,EUNI,EUNI,10
2015,2015,Aug,8/13/2015,LK,OD,Sand Key Deep,812,812-500-029,1,Juv,GVEN,GVEN,31
2015,2015,Aug,8/13/2015,LK,OD,Sand Key Deep,812,812-500-029,1,Juv,GVEN,GVEN,25
2015,2015,Aug,8/13/2015,LK,OD,Sand Key Deep,812,812-500-029,1,Juv,GVEN,GVEN,17
2015,2015,Aug,8/13/2015,LK,OD,Sand Key Deep,812,812-500-029,1,Juv,GVEN,GVEN,29
2015,2015,Aug,8/13/2015,LK,OD,Sand Key Deep,812,812-500-029,1,Juv,GVEN,GVEN,9
2015,2015,Aug,8/13/2015,LK,OD,Sand Key Deep,812,812-500-029,1,Juv,GVEN,GVEN,6
2015,2015,Aug,8/13/2015,LK,OD,Sand Key Deep,812,812-500-029,1,Juv,PLEX,PLEX,14
2015,2015,Aug,8/13/2015,LK,OD,Sand Key Deep,812,812-500-132,1,Juv,PBIP,ANTI,18
2015,2015,Aug,8/13/2015,LK,OD,Sand Key Deep,812,812-500-132,1,Juv,PFLE,EUNI,13
2015,2015,Aug,8/13/2015,LK,OD,Sand Key Deep,812,812-500-132,1,Juv,PFLE,EUNI,24
2015,2015,Aug,8/13/2015,LK,OD,Sand Key Deep,812,812-500-132,1,Juv,GVEN,GVEN,14
2015,2015,Aug,8/13/2015,LK,OD,Sand Key Deep,812,812-500-132,1,Juv,GVEN,GVEN,28
2015,2015,Aug,8/13/2015,LK,OD,Sand Key Deep,812,812-500-132,1,Juv,GVEN,GVEN,23
2015,2015,Aug,8/13/2015,LK,OD,Sand Key Deep,812,812-500-132,1,Juv,GVEN,GVEN,25
2015,2015,Aug,8/13/2015,LK,OD,Sand Key Deep,812,812-500-132,1,Juv,GVEN,GVEN,27
2015,2015,Aug,8/13/2015,LK,OD,Sand Key Deep,812,812-500-132,1,Juv,MURI,MURI,36
2015,2015,Aug,8/13/2015,LK,OD,Sand Key Deep,812,812-500-180,1,Juv,ANTI/GVEN,AG,18
2015,2015,Aug,8/13/2015,LK,OD,Sand Key Deep,812,812-500-180,1,Juv,PAME,ANTI,28
2015,2015,Aug,8/13/2015,LK,OD,Sand Key Deep,812,812-500-180,1,Juv,EUNI,EUNI,6
2015,2015,Aug,8/13/2015,LK,OD,Sand Key Deep,812,812-500-180,1,Juv,GVEN,GVEN,28
2015,2015,Aug,8/13/2015,LK,OD,Sand Key Deep,812,812-500-180,1,Juv,GVEN,GVEN,29
2015,2015,Aug,8/13/2015,LK,OD,Sand Key Deep,812,812-500-180,1,Juv,GVEN,GVEN,35
2015,2015,Aug,8/13/2015,LK,OD,Sand Key Deep,812,812-500-180,1,Juv,GVEN,GVEN,24
2015,2015,Aug,8/13/2015,LK,OD,Sand Key Deep,812,812-500-180,1,Juv,MURI,MURI,7
2015,2015,Aug,8/13/2015,LK,OD,Sand Key Deep,812,812-500-212,1,Juv,ANTI/GVEN,AG,16
2015,2015,Aug,8/13/2015,LK,OD,Sand Key Deep,812,812-500-212,1,Juv,ANTI/GVEN,AG,29
2015,2015,Aug,8/13/2015,LK,OD,Sand Key Deep,812,812-500-212,1,Juv,ANTI/GVEN,AG,10
2015,2015,Aug,8/13/2015,LK,OD,Sand Key Deep,812,812-500-212,1,Juv,PAME,ANTI,28
2015,2015,Aug,8/13/2015,LK,OD,Sand Key Deep,812,812-500-212,1,Juv,PAME,ANTI,9
2015,2015,Aug,8/13/2015,LK,OD,Sand Key Deep,812,812-500-212,1,Juv,EUNI,EUNI,9
2015,2015,Aug,8/13/2015,LK,OD,Sand Key Deep,812,812-500-212,1,Juv,EUNI,EUNI,12
2015,2015,Aug,8/13/2015,LK,OD,Sand Key Deep,812,812-500-212,1,Juv,EUNI,EUNI,10
2015,2015,Aug,8/13/2015,LK,OD,Sand Key Deep,812,812-500-212,1,Juv,MURI,MURI,20
2015,2015,Aug,8/13/2015,LK,OD,Sand Key Deep,812,812-500-212,1,Juv,MURO,MURO,36
2015,2015,Aug,8/13/2015,LK,OD,Sand Key Deep,812,812-500-212,1,Juv,MURO,MURO,32
2015,2015,Aug,8/13/2015,LK,OD,Sand Key Deep,812,812-500-212,1,Juv,MURO,MURO,14
2015,2015,Aug,8/13/2015,LK,OD,Sand Key Deep,813,813-100-030,1,Juv,EUNI,EUNI,5
2015,2015,Aug,8/13/2015,LK,OD,Sand Key Deep,813,813-100-030,1,Juv,UNKO,UNKO,7
2015,2015,Aug,8/13/2015,LK,OD,Sand Key Deep,813,813-100-063,1,Juv,ANTI/GVEN,AG,31
2015,2015,Aug,8/13/2015,LK,OD,Sand Key Deep,813,813-100-063,1,Juv,PAME,ANTI,35
2015,2015,Aug,8/13/2015,LK,OD,Sand Key Deep,813,813-100-063,1,Juv,EUNI,EUNI,3
2015,2015,Aug,8/13/2015,LK,OD,Sand Key Deep,813,813-100-063,1,Juv,EUNI,EUNI,22
2015,2015,Aug,8/13/2015,LK,OD,Sand Key Deep,813,813-100-063,1,Juv,EUNI,EUNI,33
2015,2015,Aug,8/13/2015,LK,OD,Sand Key Deep,813,813-100-063,1,Juv,EUNI,EUNI,4
2015,2015,Aug,8/13/2015,LK,OD,Sand Key Deep,813,813-100-063,1,Juv,EUNI,EUNI,3
2015,2015,Aug,8/13/2015,LK,OD,Sand Key Deep,813,813-100-063,1,Juv,PFLE,EUNI,29
2015,2015,Aug,8/13/2015,LK,OD,Sand Key Deep,813,813-100-063,1,Juv,GVEN,GVEN,16
2015,2015,Aug,8/13/2015,LK,OD,Sand Key Deep,813,813-100-063,1,Juv,GVEN,GVEN,12
2015,2015,Aug,8/13/2015,LK,OD,Sand Key Deep,813,813-100-063,1,Juv,UNKO,UNKO,4
2015,2015,Aug,8/13/2015,LK,OD,Sand Key Deep,813,813-100-132,1,Juv,ANTI,ANTI,5
2015,2015,Aug,8/13/2015,LK,OD,Sand Key Deep,813,813-100-132,1,Juv,PAME,ANTI,17
2015,2015,Aug,8/13/2015,LK,OD,Sand Key Deep,813,813-100-132,1,Juv,EUNI,EUNI,35
2015,2015,Aug,8/13/2015,LK,OD,Sand Key Deep,813,813-100-132,1,Juv,EUNI,EUNI,8
2015,2015,Aug,8/13/2015,LK,OD,Sand Key Deep,813,813-100-132,1,Juv,GVEN,GVEN,20
2015,2015,Aug,8/13/2015,LK,OD,Sand Key Deep,813,813-100-132,1,Juv,PLEX,PLEX,9
2015,2015,Aug,8/13/2015,LK,OD,Sand Key Deep,813,813-100-132,1,Juv,PPOR,PSEU,33
2015,2015,Aug,8/13/2015,LK,OD,Sand Key Deep,813,813-100-132,1,Juv,PPOR,PSEU,39
2015,2015,Aug,8/13/2015,LK,OD,Sand Key Deep,813,813-100-169,1,Juv,ANTI,ANTI,20
2015,2015,Aug,8/13/2015,LK,OD,Sand Key Deep,813,813-100-169,1,Juv,ANTI,ANTI,4
2015,2015,Aug,8/13/2015,LK,OD,Sand Key Deep,813,813-100-169,1,Juv,PAME,ANTI,17
2015,2015,Aug,8/13/2015,LK,OD,Sand Key Deep,813,813-100-169,1,Juv,EUNI,EUNI,39
2015,2015,Aug,8/13/2015,LK,OD,Sand Key Deep,813,813-100-169,1,Juv,EUNI,EUNI,2
2015,2015,Aug,8/13/2015,LK,OD,Sand Key Deep,813,813-100-169,1,Juv,PFLE,EUNI,20
2015,2015,Aug,8/13/2015,LK,OD,Sand Key Deep,813,813-100-169,1,Juv,PFLE,EUNI,13
2015,2015,Aug,8/13/2015,LK,OD,Sand Key Deep,813,813-100-169,1,Juv,GVEN,GVEN,27
2015,2015,Aug,8/13/2015,LK,OD,Sand Key Deep,813,813-100-169,1,Juv,GVEN,GVEN,23
2015,2015,Aug,8/13/2015,LK,OD,Sand Key Deep,813,813-100-169,1,Juv,GVEN,GVEN,22
2015,2015,Aug,8/13/2015,LK,OD,Sand Key Deep,813,813-100-169,1,Juv,PPOR,PSEU,10
2015,2015,Aug,8/13/2015,LK,OD,Sand Key Deep,813,813-500-041,1,Juv,BRIA,BRIA,3
2015,2015,Aug,8/13/2015,LK,OD,Sand Key Deep,813,813-500-041,1,Juv,EUNI,EUNI,20
2015,2015,Aug,8/13/2015,LK,OD,Sand Key Deep,813,813-500-041,1,Juv,GVEN,GVEN,19
2015,2015,Aug,8/13/2015,LK,OD,Sand Key Deep,813,813-500-041,1,Juv,GVEN,GVEN,16
2015,2015,Aug,8/13/2015,LK,OD,Sand Key Deep,813,813-500-041,1,Juv,GVEN,GVEN,21
2015,2015,Aug,8/13/2015,LK,OD,Sand Key Deep,813,813-500-041,1,Juv,PLEX,PLEX,10
2015,2015,Aug,8/13/2015,LK,OD,Sand Key Deep,813,813-500-041,1,Juv,PLEX,PLEX,5
2015,2015,Aug,8/13/2015,LK,OD,Sand Key Deep,813,813-500-041,1,Juv,UNKO,UNKO,3
2015,2015,Aug,8/13/2015,LK,OD,Sand Key Deep,813,813-500-085,1,Juv,PAME,ANTI,30
2015,2015,Aug,8/13/2015,LK,OD,Sand Key Deep,813,813-500-085,1,Juv,PAME,ANTI,23
2015,2015,Aug,8/13/2015,LK,OD,Sand Key Deep,813,813-500-085,1,Juv,EUNI,EUNI,9
2015,2015,Aug,8/13/2015,LK,OD,Sand Key Deep,813,813-500-085,1,Juv,EUNI,EUNI,7
2015,2015,Aug,8/13/2015,LK,OD,Sand Key Deep,813,813-500-085,1,Juv,GVEN,GVEN,20
2015,2015,Aug,8/13/2015,LK,OD,Sand Key Deep,813,813-500-085,1,Juv,GVEN,GVEN,34
2015,2015,Aug,8/13/2015,LK,OD,Sand Key Deep,813,813-500-085,1,Juv,PLEX,PLEX,11
2015,2015,Aug,8/13/2015,LK,OD,Sand Key Deep,813,813-500-085,1,Juv,PPOR,PSEU,6
2015,2015,Aug,8/13/2015,LK,OD,Sand Key Deep,813,813-500-085,1,Juv,UNKO,UNKO,3
2015,2015,Aug,8/13/2015,LK,OD,Sand Key Deep,813,813-500-156,1,Juv,EUNI,EUNI,39
2015,2015,Aug,8/13/2015,LK,OD,Sand Key Deep,813,813-500-156,1,Juv,EUNI,EUNI,34
2015,2015,Aug,8/13/2015,LK,OD,Sand Key Deep,813,813-500-156,1,Juv,EUNI,EUNI,19
2015,2015,Aug,8/13/2015,LK,OD,Sand Key Deep,813,813-500-156,1,Juv,EUNI,EUNI,19
2015,2015,Aug,8/13/2015,LK,OD,Sand Key Deep,813,813-500-156,1,Juv,EUNI,EUNI,16
2015,2015,Aug,8/13/2015,LK,OD,Sand Key Deep,813,813-500-156,1,Juv,EUNI,EUNI,19
2015,2015,Aug,8/13/2015,LK,OD,Sand Key Deep,813,813-500-156,1,Juv,EUNI,EUNI,12
2015,2015,Aug,8/13/2015,LK,OD,Sand Key Deep,813,813-500-156,1,Juv,EUNI,EUNI,2
2015,2015,Aug,8/13/2015,LK,OD,Sand Key Deep,813,813-500-156,1,Juv,EUNI,EUNI,9
2015,2015,Aug,8/13/2015,LK,OD,Sand Key Deep,813,813-500-156,1,Juv,EUNI,EUNI,15
2015,2015,Aug,8/13/2015,LK,OD,Sand Key Deep,813,813-500-156,1,Juv,GVEN,GVEN,37
2015,2015,Aug,8/13/2015,LK,OD,Sand Key Deep,813,813-500-156,1,Juv,GVEN,GVEN,7
2015,2015,Aug,8/13/2015,LK,OD,Sand Key Deep,813,813-500-156,1,Juv,GVEN,GVEN,12
2015,2015,Aug,8/13/2015,LK,OD,Sand Key Deep,813,813-500-156,1,Juv,GVEN,GVEN,22
2015,2015,Aug,8/13/2015,LK,OD,Sand Key Deep,813,813-500-156,1,Juv,GVEN,GVEN,16
2015,2015,Aug,8/13/2015,LK,OD,Sand Key Deep,813,813-500-156,1,Juv,GVEN,GVEN,35
2015,2015,Aug,8/13/2015,LK,OD,Sand Key Deep,813,813-500-156,1,Juv,GVEN,GVEN,33
2015,2015,Aug,8/13/2015,LK,OD,Sand Key Deep,813,813-500-218,1,Juv,ANTI,ANTI,3
2015,2015,Aug,8/13/2015,LK,OD,Sand Key Deep,813,813-500-218,1,Juv,ANTI,ANTI,7
2015,2015,Aug,8/13/2015,LK,OD,Sand Key Deep,813,813-500-218,1,Juv,PAME,ANTI,29
2015,2015,Aug,8/13/2015,LK,OD,Sand Key Deep,813,813-500-218,1,Juv,PFLE,EUNI,7
2015,2015,Aug,8/13/2015,LK,OD,Sand Key Deep,813,813-500-218,1,Juv,PFLE,EUNI,14
2015,2015,Aug,8/13/2015,LK,OD,Sand Key Deep,813,813-500-218,1,Juv,GVEN,GVEN,37
2015,2015,Aug,8/13/2015,LK,OD,Sand Key Deep,813,813-500-218,1,Juv,GVEN,GVEN,31
2015,2015,Aug,8/13/2015,LK,OD,Sand Key Deep,813,813-500-218,1,Juv,PPOR,PSEU,21
2015,2015,Aug,8/13/2015,LK,OD,Sand Key Deep,813,813-500-218,1,Juv,PPOR,PSEU,27
2015,2015,Aug,8/13/2015,LK,OD,Sand Key Deep,814,814-100-016,1,Juv,ANTI,ANTI,31
2015,2015,Aug,8/13/2015,LK,OD,Sand Key Deep,814,814-100-016,1,Juv,PAME,ANTI,19
2015,2015,Aug,8/13/2015,LK,OD,Sand Key Deep,814,814-100-016,1,Juv,ECAL,EUNI,30
2015,2015,Aug,8/13/2015,LK,OD,Sand Key Deep,814,814-100-016,1,Juv,EUNI,EUNI,35
2015,2015,Aug,8/13/2015,LK,OD,Sand Key Deep,814,814-100-016,1,Juv,EUNI,EUNI,36
2015,2015,Aug,8/13/2015,LK,OD,Sand Key Deep,814,814-100-016,1,Juv,GVEN,GVEN,29
2015,2015,Aug,8/13/2015,LK,OD,Sand Key Deep,814,814-100-016,1,Juv,GVEN,GVEN,33
2015,2015,Aug,8/13/2015,LK,OD,Sand Key Deep,814,814-100-016,1,Juv,PSEU,PSEU,23
2015,2015,Aug,8/13/2015,LK,OD,Sand Key Deep,814,814-100-044,1,Juv,ANTI,ANTI,3
2015,2015,Aug,8/13/2015,LK,OD,Sand Key Deep,814,814-100-044,1,Juv,MURI,MURI,7
2015,2015,Aug,8/13/2015,LK,OD,Sand Key Deep,814,814-100-099,1,Juv,ANTI,ANTI,20
2015,2015,Aug,8/13/2015,LK,OD,Sand Key Deep,814,814-100-099,1,Juv,EUNI,EUNI,18
2015,2015,Aug,8/13/2015,LK,OD,Sand Key Deep,814,814-100-099,1,Juv,EUNI,EUNI,29
2015,2015,Aug,8/13/2015,LK,OD,Sand Key Deep,814,814-100-099,1,Juv,EUNI,EUNI,7
2015,2015,Aug,8/13/2015,LK,OD,Sand Key Deep,814,814-100-099,1,Juv,GVEN,GVEN,27
2015,2015,Aug,8/13/2015,LK,OD,Sand Key Deep,814,814-100-099,1,Juv,PLEL,PLEL,14
2015,2015,Aug,8/13/2015,LK,OD,Sand Key Deep,814,814-100-178,1,Juv,PAME,ANTI,16
2015,2015,Aug,8/13/2015,LK,OD,Sand Key Deep,814,814-100-178,1,Juv,PLEX,PLEX,19
2015,2015,Aug,8/13/2015,LK,OD,Sand Key Deep,814,814-500-027,1,Juv,ANTI,ANTI,30
2015,2015,Aug,8/13/2015,LK,OD,Sand Key Deep,814,814-500-054,1,Juv,ANTI/GVEN,AG,23
2015,2015,Aug,8/13/2015,LK,OD,Sand Key Deep,814,814-500-054,1,Juv,ANTI/GVEN,AG,7
2015,2015,Aug,8/13/2015,LK,OD,Sand Key Deep,814,814-500-054,1,Juv,ANTI/GVEN,AG,15
2015,2015,Aug,8/13/2015,LK,OD,Sand Key Deep,814,814-500-054,1,Juv,ANTI,ANTI,25
2015,2015,Aug,8/13/2015,LK,OD,Sand Key Deep,814,814-500-054,1,Juv,ANTI,ANTI,25
2015,2015,Aug,8/13/2015,LK,OD,Sand Key Deep,814,814-500-054,1,Juv,ANTI,ANTI,21
2015,2015,Aug,8/13/2015,LK,OD,Sand Key Deep,814,814-500-054,1,Juv,EUNI,EUNI,17
2015,2015,Aug,8/13/2015,LK,OD,Sand Key Deep,814,814-500-054,1,Juv,PFLE,EUNI,21
2015,2015,Aug,8/13/2015,LK,OD,Sand Key Deep,814,814-500-054,1,Juv,PFLE,EUNI,17
2015,2015,Aug,8/13/2015,LK,OD,Sand Key Deep,814,814-500-054,1,Juv,GVEN,GVEN,32
2015,2015,Aug,8/13/2015,LK,OD,Sand Key Deep,814,814-500-117,1,Juv,EUNI,EUNI,26
2015,2015,Aug,8/13/2015,LK,OD,Sand Key Deep,814,814-500-117,1,Juv,PPOR,PSEU,30
2015,2015,Aug,8/13/2015,LK,OD,Sand Key Deep,814,814-500-178,1,Juv,EUNI,EUNI,15
2015,2015,Aug,8/13/2015,LK,OD,Sand Key Deep,814,814-500-178,1,Juv,EUNI,EUNI,4
2015,2015,Aug,8/13/2015,LK,OD,Sand Key Deep,814,814-500-178,1,Juv,EUNI,EUNI,4
2015,2015,Aug,8/13/2015,LK,OD,Sand Key Deep,814,814-500-178,1,Juv,EUNI,EUNI,5
2015,2015,Aug,8/13/2015,LK,OD,Sand Key Deep,814,814-500-178,1,Juv,GVEN,GVEN,28
2015,2015,Sept,9/26/2015,SEFL,Nearshore,BC1,BC11,BC11-100-035,1,Juv,EUNI,EUNI,5
2015,2015,Sept,9/26/2015,SEFL,Nearshore,BC1,BC11,BC11-100-035,1,Juv,EUNI,EUNI,1
2015,2015,Sept,9/26/2015,SEFL,Nearshore,BC1,BC11,BC11-100-035,1,Juv,PFLE,EUNI,10
2015,2015,Sept,9/26/2015,SEFL,Nearshore,BC1,BC11,BC11-100-044,0,NA,NA,NA,NA
2015,2015,Sept,9/26/2015,SEFL,Nearshore,BC1,BC11,BC11-100-096,1,Juv,EUNI,EUNI,8
2015,2015,Sept,9/26/2015,SEFL,Nearshore,BC1,BC11,BC11-500-008,1,Juv,BRIA,BRIA,3
2015,2015,Sept,9/26/2015,SEFL,Nearshore,BC1,BC11,BC11-500-008,1,Juv,EUNI,EUNI,3
2015,2015,Sept,9/26/2015,SEFL,Nearshore,BC1,BC11,BC11-500-008,1,Juv,EUNI,EUNI,34
2015,2015,Sept,9/26/2015,SEFL,Nearshore,BC1,BC11,BC11-500-018,1,Juv,BRIA,BRIA,25
2015,2015,Sept,9/26/2015,SEFL,Nearshore,BC1,BC11,BC11-500-018,1,Juv,EUNI,EUNI,39
2015,2015,Sept,9/26/2015,SEFL,Nearshore,BC1,BC11,BC11-500-018,1,Juv,EUNI,EUNI,17
2015,2015,Sept,9/26/2015,SEFL,Nearshore,BC1,BC11,BC11-500-018,1,Juv,MURI,MURI,21
2015,2015,Sept,9/26/2015,SEFL,Nearshore,BC1,BC11,BC11-500-049,1,Juv,BRIA,BRIA,4
2015,2015,Sept,9/26/2015,SEFL,Nearshore,BC1,BC11,BC11-500-049,1,Juv,BRIA,BRIA,3
2015,2015,Sept,9/26/2015,SEFL,Nearshore,BC1,BC11,BC11-500-049,1,Juv,EUNI,EUNI,4
2015,2015,Sept,9/26/2015,SEFL,Nearshore,BC1,BC11,BC11-500-075,0,NA,NA,NA,NA
2015,2015,Dec,12/3/2015,SEFL,Nearshore,BC1,BC11,BC11-500-090,0,NA,NA,NA,NA
2015,2015,Sept,9/26/2015,SEFL,Nearshore,BC1,BC12,BC12-100-043,1,Juv,EUNI,EUNI,10
2015,2015,Sept,9/26/2015,SEFL,Nearshore,BC1,BC12,BC12-100-053,0,NA,NA,NA,NA
2015,2015,Sept,9/26/2015,SEFL,Nearshore,BC1,BC12,BC12-100-142,0,NA,NA,NA,NA
2015,2015,Sept,9/26/2015,SEFL,Nearshore,BC1,BC12,BC12-100-221,0,NA,NA,NA,NA
2015,2015,Sept,9/26/2015,SEFL,Nearshore,BC1,BC12,BC12-500-014,1,Juv,EUNI,EUNI,29
2015,2015,Sept,9/26/2015,SEFL,Nearshore,BC1,BC12,BC12-500-043,1,Juv,EUNI,EUNI,35
2015,2015,Sept,9/26/2015,SEFL,Nearshore,BC1,BC12,BC12-500-043,1,Juv,EUNI,EUNI,28
2015,2015,Sept,9/26/2015,SEFL,Nearshore,BC1,BC12,BC12-500-129,1,Juv,BRIA,BRIA,11
2015,2015,Sept,9/26/2015,SEFL,Nearshore,BC1,BC12,BC12-500-171,1,Juv,ECAL,EUNI,25
2015,2015,Sept,9/26/2015,SEFL,Nearshore,BC1,BC12,BC12-500-171,1,Juv,EUNI,EUNI,25
2015,2015,Sept,9/26/2015,SEFL,Nearshore,BC1,BC12,BC12-500-171,1,Juv,EUNI,EUNI,7
2015,2015,Sept,9/26/2015,SEFL,Nearshore,BC1,BC12,BC12-500-171,1,Juv,EUNI,EUNI,12
2015,2015,Sept,9/26/2015,SEFL,Nearshore,BC1,BC12,BC12-500-171,1,Juv,EUNI,EUNI,34
2015,2015,Sept,9/26/2015,SEFL,Nearshore,BC1,BC12,BC12-500-171,1,Juv,EUNI,EUNI,25
2015,2015,Sept,9/26/2015,SEFL,Nearshore,BC1,BC12,BC12-500-171,1,Juv,EUNI,EUNI,20
2015,2015,Sept,9/26/2015,SEFL,Nearshore,BC1,BC12,BC12-500-171,1,Juv,EUNI,EUNI,15
2015,2015,Oct,10/5/2015,SEFL,Nearshore,BC1,BC13,BC13-100-090,1,Juv,EUNI,EUNI,25
2015,2015,Oct,10/5/2015,SEFL,Nearshore,BC1,BC13,BC13-100-151,0,NA,NA,NA,NA
2015,2015,Oct,10/5/2015,SEFL,Nearshore,BC1,BC13,BC13-100-187,0,NA,NA,NA,NA
2015,2015,Oct,10/5/2015,SEFL,Nearshore,BC1,BC13,BC13-100-208,1,Juv,UNKO,UNKO,1
2015,2015,Oct,10/5/2015,SEFL,Nearshore,BC1,BC13,BC13-500-040,1,Juv,EUNI,EUNI,31
2015,2015,Oct,10/5/2015,SEFL,Nearshore,BC1,BC13,BC13-500-040,1,Juv,EUNI,EUNI,28
2015,2015,Oct,10/5/2015,SEFL,Nearshore,BC1,BC13,BC13-500-089,1,Juv,EUNI,EUNI,5
2015,2015,Oct,10/5/2015,SEFL,Nearshore,BC1,BC13,BC13-500-089,1,Juv,EUNI,EUNI,4
2015,2015,Oct,10/5/2015,SEFL,Nearshore,BC1,BC13,BC13-500-089,1,Juv,UNKO,UNKO,2
2015,2015,Oct,10/5/2015,SEFL,Nearshore,BC1,BC13,BC13-500-162,1,Juv,UNKO,UNKO,2
2015,2015,Oct,10/5/2015,SEFL,Nearshore,BC1,BC13,BC13-500-198,1,Juv,EUNI,EUNI,36
2015,2015,Oct,10/5/2015,SEFL,Nearshore,BC1,BC14,BC14-100-049,1,Juv,EUNI,EUNI,5
2015,2015,Oct,10/5/2015,SEFL,Nearshore,BC1,BC14,BC14-100-049,1,Juv,EUNI,EUNI,5
2015,2015,Oct,10/5/2015,SEFL,Nearshore,BC1,BC14,BC14-100-081,1,Juv,EUNI,EUNI,39
2015,2015,Oct,10/5/2015,SEFL,Nearshore,BC1,BC14,BC14-100-185,1,Juv,EUNI,EUNI,15
2015,2015,Oct,10/5/2015,SEFL,Nearshore,BC1,BC14,BC14-100-185,1,Juv,EUNI,EUNI,4
2015,2015,Oct,10/5/2015,SEFL,Nearshore,BC1,BC14,BC14-100-185,1,Juv,EUNI,EUNI,15
2015,2015,Oct,10/5/2015,SEFL,Nearshore,BC1,BC14,BC14-100-209,0,NA,NA,NA,NA
2015,2015,Oct,10/5/2015,SEFL,Nearshore,BC1,BC14,BC14-500-026,1,Juv,BRIA,BRIA,9
2015,2015,Oct,10/5/2015,SEFL,Nearshore,BC1,BC14,BC14-500-026,1,Juv,EUNI,EUNI,4
2015,2015,Oct,10/5/2015,SEFL,Nearshore,BC1,BC14,BC14-500-026,1,Juv,PFLE,EUNI,20
2015,2015,Oct,10/5/2015,SEFL,Nearshore,BC1,BC14,BC14-500-082,1,Juv,BRIA,BRIA,22
2015,2015,Oct,10/5/2015,SEFL,Nearshore,BC1,BC14,BC14-500-082,1,Juv,EUNI,EUNI,4
2015,2015,Oct,10/5/2015,SEFL,Nearshore,BC1,BC14,BC14-500-082,1,Juv,PFLE,EUNI,37
2015,2015,Oct,10/5/2015,SEFL,Nearshore,BC1,BC14,BC14-500-104,1,Juv,BRIA,BRIA,34
2015,2015,Oct,10/5/2015,SEFL,Nearshore,BC1,BC14,BC14-500-104,1,Juv,BRIA,BRIA,6
2015,2015,Oct,10/5/2015,SEFL,Nearshore,BC1,BC14,BC14-500-104,1,Juv,EUNI,EUNI,31
2015,2015,Oct,10/5/2015,SEFL,Nearshore,BC1,BC14,BC14-500-104,1,Juv,EUNI,EUNI,4
2015,2015,Oct,10/5/2015,SEFL,Nearshore,BC1,BC14,BC14-500-104,1,Juv,EUNI,EUNI,3
2015,2015,Oct,10/5/2015,SEFL,Nearshore,BC1,BC14,BC14-500-155,1,Juv,EUNI,EUNI,17
2015,2015,Oct,10/5/2015,SEFL,Nearshore,BC1,BC14,BC14-500-155,1,Juv,EUNI,EUNI,31
2015,2015,Oct,10/5/2015,SEFL,Nearshore,BC1,BC14,BC14-500-155,1,Juv,EUNI,EUNI,7
2015,2015,Oct,10/5/2015,SEFL,Middle,BC2,BC21,BC21-100-015,1,Juv,EUNI,EUNI,38
2015,2015,Oct,10/5/2015,SEFL,Middle,BC2,BC21,BC21-100-070,1,Juv,BRIA,BRIA,4
2015,2015,Oct,10/5/2015,SEFL,Middle,BC2,BC21,BC21-100-070,1,Juv,BRIA,BRIA,9
2015,2015,Oct,10/5/2015,SEFL,Middle,BC2,BC21,BC21-100-070,1,Juv,BRIA,BRIA,26
2015,2015,Oct,10/5/2015,SEFL,Middle,BC2,BC21,BC21-100-088,1,Juv,BRIA,BRIA,22
2015,2015,Oct,10/5/2015,SEFL,Middle,BC2,BC21,BC21-100-088,1,Juv,EUNI,EUNI,8
2015,2015,Oct,10/5/2015,SEFL,Middle,BC2,BC21,BC21-100-151,1,Juv,PAME,ANTI,38
2015,2015,Oct,10/5/2015,SEFL,Middle,BC2,BC21,BC21-100-151,1,Juv,BRIA,BRIA,9
2015,2015,Oct,10/5/2015,SEFL,Middle,BC2,BC21,BC21-100-151,1,Juv,EUNI,EUNI,39
2015,2015,Oct,10/5/2015,SEFL,Middle,BC2,BC21,BC21-100-151,1,Juv,EUNI,EUNI,25
2015,2015,Oct,10/5/2015,SEFL,Middle,BC2,BC21,BC21-100-151,1,Juv,PFLE,EUNI,24
2015,2015,Oct,10/5/2015,SEFL,Middle,BC2,BC21,BC21-100-151,1,Juv,PSEU,PSEU,11
2015,2015,Oct,10/5/2015,SEFL,Middle,BC2,BC21,BC21-500-028,1,Juv,UNKO,UNKO,2
2015,2015,Oct,10/5/2015,SEFL,Middle,BC2,BC21,BC21-500-074,1,Juv,PAME,ANTI,21
2015,2015,Oct,10/5/2015,SEFL,Middle,BC2,BC21,BC21-500-074,1,Juv,EUNI,EUNI,15
2015,2015,Oct,10/5/2015,SEFL,Middle,BC2,BC21,BC21-500-074,1,Juv,EUNI,EUNI,14
2015,2015,Oct,10/5/2015,SEFL,Middle,BC2,BC21,BC21-500-074,1,Juv,EUNI,EUNI,9
2015,2015,Oct,10/5/2015,SEFL,Middle,BC2,BC21,BC21-500-174,1,Juv,EUNI,EUNI,32
2015,2015,Oct,10/5/2015,SEFL,Middle,BC2,BC21,BC21-500-174,1,Juv,EUNI,EUNI,35
2015,2015,Oct,10/5/2015,SEFL,Middle,BC2,BC21,BC21-500-206,1,Juv,EUNI,EUNI,21
2015,2015,Oct,10/5/2015,SEFL,Middle,BC2,BC22,BC22-100-034,0,NA,NA,NA,NA
2015,2015,Oct,10/5/2015,SEFL,Middle,BC2,BC22,BC22-100-064,1,Juv,EUNI,EUNI,23
2015,2015,Oct,10/5/2015,SEFL,Middle,BC2,BC22,BC22-100-064,1,Juv,EUNI,EUNI,7
2015,2015,Oct,10/5/2015,SEFL,Middle,BC2,BC22,BC22-100-064,1,Juv,EUNI,EUNI,11
2015,2015,Oct,10/5/2015,SEFL,Middle,BC2,BC22,BC22-100-064,1,Juv,EUNI,EUNI,8
2015,2015,Oct,10/5/2015,SEFL,Middle,BC2,BC22,BC22-100-064,1,Juv,UNKO,UNKO,5
2015,2015,Oct,10/5/2015,SEFL,Middle,BC2,BC22,BC22-100-137,0,NA,NA,NA,NA
2015,2015,Oct,10/5/2015,SEFL,Middle,BC2,BC22,BC22-100-188,1,Juv,ANTI,ANTI,16
2015,2015,Oct,10/5/2015,SEFL,Middle,BC2,BC22,BC22-100-188,1,Juv,ANTI,ANTI,10
2015,2015,Oct,10/5/2015,SEFL,Middle,BC2,BC22,BC22-100-188,1,Juv,EUNI,EUNI,16
2015,2015,Oct,10/5/2015,SEFL,Middle,BC2,BC22,BC22-100-188,1,Juv,EUNI,EUNI,12
2015,2015,Oct,10/5/2015,SEFL,Middle,BC2,BC22,BC22-100-188,1,Juv,UNKO,UNKO,37
2015,2015,Oct,10/5/2015,SEFL,Middle,BC2,BC22,BC22-500-041,1,Juv,ANTI,ANTI,19
2015,2015,Oct,10/5/2015,SEFL,Middle,BC2,BC22,BC22-500-041,1,Juv,EUNI,EUNI,7
2015,2015,Oct,10/5/2015,SEFL,Middle,BC2,BC22,BC22-500-041,1,Juv,EUNI,EUNI,5
2015,2015,Oct,10/5/2015,SEFL,Middle,BC2,BC22,BC22-500-041,1,Juv,EUNI,EUNI,10
2015,2015,Oct,10/5/2015,SEFL,Middle,BC2,BC22,BC22-500-041,1,Juv,EUNI,EUNI,5
2015,2015,Oct,10/5/2015,SEFL,Middle,BC2,BC22,BC22-500-041,1,Juv,EUNI,EUNI,16
2015,2015,Oct,10/5/2015,SEFL,Middle,BC2,BC22,BC22-500-041,1,Juv,PSEU,PSEU,26
2015,2015,Oct,10/5/2015,SEFL,Middle,BC2,BC22,BC22-500-041,1,Juv,UNKO,UNKO,4
2015,2015,Oct,10/5/2015,SEFL,Middle,BC2,BC22,BC22-500-111,1,Juv,EUNI,EUNI,11
2015,2015,Oct,10/5/2015,SEFL,Middle,BC2,BC22,BC22-500-135,1,Juv,ANTI,ANTI,6
2015,2015,Oct,10/5/2015,SEFL,Middle,BC2,BC22,BC22-500-135,1,Juv,EUNI,EUNI,5
2015,2015,Oct,10/5/2015,SEFL,Middle,BC2,BC22,BC22-500-135,1,Juv,EUNI,EUNI,10
2015,2015,Oct,10/5/2015,SEFL,Middle,BC2,BC22,BC22-500-135,1,Juv,EUNI,EUNI,7
2015,2015,Oct,10/5/2015,SEFL,Middle,BC2,BC22,BC22-500-193,0,NA,NA,NA,NA
2015,2015,Oct,10/5/2015,SEFL,Middle,BC2,BC23,BC23-100-060,1,Juv,BRIA,BRIA,9
2015,2015,Oct,10/5/2015,SEFL,Middle,BC2,BC23,BC23-100-060,1,Juv,BRIA,BRIA,10
2015,2015,Oct,10/5/2015,SEFL,Middle,BC2,BC23,BC23-100-060,1,Juv,ECAL,EUNI,12
2015,2015,Oct,10/5/2015,SEFL,Middle,BC2,BC23,BC23-100-060,1,Juv,ECAL,EUNI,30
2015,2015,Oct,10/5/2015,SEFL,Middle,BC2,BC23,BC23-100-126,1,Juv,BRIA,BRIA,9
2015,2015,Oct,10/5/2015,SEFL,Middle,BC2,BC23,BC23-100-126,1,Juv,EUNI,EUNI,8
2015,2015,Oct,10/5/2015,SEFL,Middle,BC2,BC23,BC23-100-165,1,Juv,ECAL,EUNI,10
2015,2015,Oct,10/5/2015,SEFL,Middle,BC2,BC23,BC23-100-165,1,Juv,ECAL,EUNI,9
2015,2015,Oct,10/5/2015,SEFL,Middle,BC2,BC23,BC23-100-165,1,Juv,EUNI,EUNI,23
2015,2015,Oct,10/5/2015,SEFL,Middle,BC2,BC23,BC23-100-165,1,Juv,PFLE,EUNI,24
2015,2015,Oct,10/5/2015,SEFL,Middle,BC2,BC23,BC23-100-165,1,Juv,PFLE,EUNI,7
2015,2015,Oct,10/5/2015,SEFL,Middle,BC2,BC23,BC23-100-165,1,Juv,MURO,MURO,30
2015,2015,Oct,10/5/2015,SEFL,Middle,BC2,BC23,BC23-100-202,0,NA,NA,NA,NA
2015,2015,Oct,10/5/2015,SEFL,Middle,BC2,BC23,BC23-500-012,1,Juv,ANTI,ANTI,12
2015,2015,Oct,10/5/2015,SEFL,Middle,BC2,BC23,BC23-500-012,1,Juv,EUNI,EUNI,14
2015,2015,Oct,10/5/2015,SEFL,Middle,BC2,BC23,BC23-500-012,1,Juv,PFLE,EUNI,35
2015,2015,Oct,10/5/2015,SEFL,Middle,BC2,BC23,BC23-500-104,1,Juv,EUNI,EUNI,7
2015,2015,Oct,10/5/2015,SEFL,Middle,BC2,BC23,BC23-500-167,0,NA,NA,NA,NA
2015,2015,Oct,10/5/2015,SEFL,Middle,BC2,BC23,BC23-500-206,1,Juv,ANTI,ANTI,28
2015,2015,Oct,10/5/2015,SEFL,Middle,BC2,BC23,BC23-500-206,1,Juv,EUNI,EUNI,6
2015,2015,Oct,10/5/2015,SEFL,Middle,BC2,BC24,BC24-100-024,1,Juv,EUNI,EUNI,14
2015,2015,Oct,10/5/2015,SEFL,Middle,BC2,BC24,BC24-100-090,1,Juv,ANTI,ANTI,12
2015,2015,Oct,10/5/2015,SEFL,Middle,BC2,BC24,BC24-100-090,1,Juv,PAME,ANTI,38
2015,2015,Oct,10/5/2015,SEFL,Middle,BC2,BC24,BC24-100-119,1,Juv,PAME,ANTI,28
2015,2015,Oct,10/5/2015,SEFL,Middle,BC2,BC24,BC24-100-207,1,Juv,BRIA,BRIA,18
2015,2015,Oct,10/5/2015,SEFL,Middle,BC2,BC24,BC24-500-017,1,Juv,EUNI,EUNI,3
2015,2015,Oct,10/5/2015,SEFL,Middle,BC2,BC24,BC24-500-070,1,Juv,BRIA,BRIA,29
2015,2015,Oct,10/5/2015,SEFL,Middle,BC2,BC24,BC24-500-070,1,Juv,EUNI,EUNI,31
2015,2015,Oct,10/5/2015,SEFL,Middle,BC2,BC24,BC24-500-070,1,Juv,EUNI,EUNI,14
2015,2015,Oct,10/5/2015,SEFL,Middle,BC2,BC24,BC24-500-136,1,Juv,ECAL,EUNI,21
2015,2015,Oct,10/5/2015,SEFL,Middle,BC2,BC24,BC24-500-136,1,Juv,EUNI,EUNI,13
2015,2015,Oct,10/5/2015,SEFL,Middle,BC2,BC24,BC24-500-168,1,Juv,PSEU,PSEU,28
2015,2015,Oct,10/8/2015,SEFL,Outer,BC3,BC31,BC31-100-015,1,Juv,EUNI,EUNI,18
2015,2015,Oct,10/8/2015,SEFL,Outer,BC3,BC31,BC31-100-015,1,Juv,UNKO,UNKO,1
2015,2015,Oct,10/8/2015,SEFL,Outer,BC3,BC31,BC31-100-050,1,Juv,BRIA,BRIA,7
2015,2015,Oct,10/8/2015,SEFL,Outer,BC3,BC31,BC31-100-050,1,Juv,EUNI,EUNI,34
2015,2015,Oct,10/8/2015,SEFL,Outer,BC3,BC31,BC31-100-092,1,Juv,BRIA,BRIA,14
2015,2015,Oct,10/8/2015,SEFL,Outer,BC3,BC31,BC31-100-092,1,Juv,EUNI,EUNI,27
2015,2015,Oct,10/8/2015,SEFL,Outer,BC3,BC31,BC31-100-092,1,Juv,EUNI,EUNI,36
2015,2015,Oct,10/8/2015,SEFL,Outer,BC3,BC31,BC31-100-092,1,Juv,EUNI,EUNI,30
2015,2015,Oct,10/8/2015,SEFL,Outer,BC3,BC31,BC31-100-125,1,Uns,ANTI,ANTI,37
2015,2015,Oct,10/8/2015,SEFL,Outer,BC3,BC31,BC31-100-125,1,Juv,BRIA,BRIA,5
2015,2015,Oct,10/8/2015,SEFL,Outer,BC3,BC31,BC31-100-125,1,Juv,BRIA,BRIA,15
2015,2015,Oct,10/8/2015,SEFL,Outer,BC3,BC31,BC31-100-125,1,Juv,EUNI,EUNI,10
2015,2015,Oct,10/8/2015,SEFL,Outer,BC3,BC31,BC31-100-125,1,Juv,EUNI,EUNI,19
2015,2015,Oct,10/8/2015,SEFL,Outer,BC3,BC31,BC31-100-125,1,Juv,EUNI,EUNI,8
2015,2015,Oct,10/8/2015,SEFL,Outer,BC3,BC31,BC31-100-125,1,Juv,EUNI,EUNI,16
2015,2015,Oct,10/8/2015,SEFL,Outer,BC3,BC31,BC31-100-125,1,Juv,EUNI,EUNI,31
2015,2015,Oct,10/8/2015,SEFL,Outer,BC3,BC31,BC31-100-125,1,Juv,EUNI,EUNI,37
2015,2015,Oct,10/8/2015,SEFL,Outer,BC3,BC31,BC31-100-125,1,Juv,UNKO,UNKO,7
2015,2015,Oct,10/8/2015,SEFL,Outer,BC3,BC31,BC31-500-070,1,Juv,PFLE,EUNI,37
2015,2015,Oct,10/8/2015,SEFL,Outer,BC3,BC31,BC31-500-095,1,Juv,EUNI,EUNI,19
2015,2015,Oct,10/8/2015,SEFL,Outer,BC3,BC31,BC31-500-095,1,Juv,EUNI,EUNI,28
2015,2015,Oct,10/8/2015,SEFL,Outer,BC3,BC31,BC31-500-095,1,Juv,EUNI,EUNI,27
2015,2015,Oct,10/8/2015,SEFL,Outer,BC3,BC31,BC31-500-095,1,Juv,EUNI,EUNI,23
2015,2015,Oct,10/8/2015,SEFL,Outer,BC3,BC31,BC31-500-095,1,Juv,EUNI,EUNI,9
2015,2015,Oct,10/8/2015,SEFL,Outer,BC3,BC31,BC31-500-095,1,Juv,EUNI,EUNI,10
2015,2015,Oct,10/8/2015,SEFL,Outer,BC3,BC31,BC31-500-095,1,Juv,EUNI,EUNI,15
2015,2015,Oct,10/8/2015,SEFL,Outer,BC3,BC31,BC31-500-095,1,Juv,PFLE,EUNI,31
2015,2015,Oct,10/8/2015,SEFL,Outer,BC3,BC31,BC31-500-095,1,Juv,PFLE,EUNI,25
2015,2015,Oct,10/8/2015,SEFL,Outer,BC3,BC31,BC31-500-095,1,Juv,PFLE,EUNI,39
2015,2015,Oct,10/8/2015,SEFL,Outer,BC3,BC31,BC31-500-095,1,Juv,PFLE,EUNI,29
2015,2015,Oct,10/8/2015,SEFL,Outer,BC3,BC31,BC31-500-137,1,Juv,EUNI,EUNI,20
2015,2015,Oct,10/8/2015,SEFL,Outer,BC3,BC31,BC31-500-137,1,Juv,EUNI,EUNI,15
2015,2015,Oct,10/8/2015,SEFL,Outer,BC3,BC31,BC31-500-185,0,NA,NA,NA,NA
2015,2015,Oct,10/8/2015,SEFL,Outer,BC3,BC32,BC32-100-014,1,Juv,BRIA,BRIA,9
2015,2015,Oct,10/8/2015,SEFL,Outer,BC3,BC32,BC32-100-014,1,Juv,EUNI,EUNI,6
2015,2015,Oct,10/8/2015,SEFL,Outer,BC3,BC32,BC32-100-085,1,Juv,EUNI,EUNI,6
2015,2015,Oct,10/8/2015,SEFL,Outer,BC3,BC32,BC32-100-085,1,Juv,EUNI,EUNI,6
2015,2015,Oct,10/8/2015,SEFL,Outer,BC3,BC32,BC32-100-085,1,Juv,EUNI,EUNI,8
2015,2015,Oct,10/8/2015,SEFL,Outer,BC3,BC32,BC32-100-085,1,Juv,PFLE,EUNI,38
2015,2015,Oct,10/8/2015,SEFL,Outer,BC3,BC32,BC32-100-132,1,Juv,BRIA,BRIA,14
2015,2015,Oct,10/8/2015,SEFL,Outer,BC3,BC32,BC32-100-132,1,Juv,EUNI,EUNI,30
2015,2015,Oct,10/8/2015,SEFL,Outer,BC3,BC32,BC32-100-132,1,Juv,EUNI,EUNI,4
2015,2015,Oct,10/8/2015,SEFL,Outer,BC3,BC32,BC32-100-132,1,Juv,PFLE,EUNI,16
2015,2015,Oct,10/8/2015,SEFL,Outer,BC3,BC32,BC32-100-162,1,Juv,ECAL,EUNI,7
2015,2015,Oct,10/8/2015,SEFL,Outer,BC3,BC32,BC32-100-162,1,Juv,EUNI,EUNI,14
2015,2015,Oct,10/8/2015,SEFL,Outer,BC3,BC32,BC32-100-162,1,Juv,EUNI,EUNI,8
2015,2015,Oct,10/8/2015,SEFL,Outer,BC3,BC32,BC32-100-162,1,Juv,MURO,MURO,12
2015,2015,Oct,10/8/2015,SEFL,Outer,BC3,BC32,BC32-500-013,1,Juv,EUNI,EUNI,29
2015,2015,Oct,10/8/2015,SEFL,Outer,BC3,BC32,BC32-500-013,1,Juv,EUNI,EUNI,18
2015,2015,Oct,10/8/2015,SEFL,Outer,BC3,BC32,BC32-500-013,1,Juv,EUNI,EUNI,36
2015,2015,Oct,10/8/2015,SEFL,Outer,BC3,BC32,BC32-500-013,1,Juv,EUNI,EUNI,34
2015,2015,Oct,10/8/2015,SEFL,Outer,BC3,BC32,BC32-500-054,1,Iso,EUNI,EUNI,17
2015,2015,Oct,10/8/2015,SEFL,Outer,BC3,BC32,BC32-500-054,1,Juv,EUNI,EUNI,22
2015,2015,Oct,10/8/2015,SEFL,Outer,BC3,BC32,BC32-500-117,1,Juv,EUNI,EUNI,37
2015,2015,Oct,10/8/2015,SEFL,Outer,BC3,BC32,BC32-500-117,1,Juv,EUNI,EUNI,36
2015,2015,Oct,10/8/2015,SEFL,Outer,BC3,BC32,BC32-500-117,1,Juv,EUNI,EUNI,21
2015,2015,Oct,10/8/2015,SEFL,Outer,BC3,BC32,BC32-500-117,1,Juv,PSEU,PSEU,11
2015,2015,Oct,10/8/2015,SEFL,Outer,BC3,BC32,BC32-500-197,1,Juv,ECAL,EUNI,39
2015,2015,Oct,10/8/2015,SEFL,Outer,BC3,BC32,BC32-500-197,1,Juv,EUNI,EUNI,12
2015,2015,Oct,10/8/2015,SEFL,Outer,BC3,BC32,BC32-500-197,1,Juv,EUNI,EUNI,5
2015,2015,Oct,10/8/2015,SEFL,Outer,BC3,BC32,BC32-500-197,1,Juv,EUNI,EUNI,9
2015,2015,Oct,10/8/2015,SEFL,Outer,BC3,BC32,BC32-500-197,1,Juv,EUNI,EUNI,4
2015,2015,Oct,10/8/2015,SEFL,Outer,BC3,BC32,BC32-500-197,1,Juv,EUNI,EUNI,18
2015,2015,Oct,10/8/2015,SEFL,Outer,BC3,BC33,BC33-100-031,1,Juv,EUNI,EUNI,9
2015,2015,Oct,10/8/2015,SEFL,Outer,BC3,BC33,BC33-100-031,1,Juv,EUNI,EUNI,4
2015,2015,Oct,10/8/2015,SEFL,Outer,BC3,BC33,BC33-100-031,1,Juv,EUNI,EUNI,33
2015,2015,Oct,10/8/2015,SEFL,Outer,BC3,BC33,BC33-100-031,1,Juv,EUNI,EUNI,26
2015,2015,Oct,10/8/2015,SEFL,Outer,BC3,BC33,BC33-100-031,1,Juv,EUNI,EUNI,35
2015,2015,Oct,10/8/2015,SEFL,Outer,BC3,BC33,BC33-100-031,1,Juv,EUNI,EUNI,6
2015,2015,Oct,10/8/2015,SEFL,Outer,BC3,BC33,BC33-100-031,1,Juv,EUNI,EUNI,10
2015,2015,Oct,10/8/2015,SEFL,Outer,BC3,BC33,BC33-100-031,1,Juv,EUNI,EUNI,30
2015,2015,Oct,10/8/2015,SEFL,Outer,BC3,BC33,BC33-100-098,1,Juv,EUNI,EUNI,10
2015,2015,Oct,10/8/2015,SEFL,Outer,BC3,BC33,BC33-100-098,1,Juv,EUNI,EUNI,20
2015,2015,Oct,10/8/2015,SEFL,Outer,BC3,BC33,BC33-100-098,1,Juv,EUNI,EUNI,12
2015,2015,Oct,10/8/2015,SEFL,Outer,BC3,BC33,BC33-100-098,1,Juv,EUNI,EUNI,16
2015,2015,Oct,10/8/2015,SEFL,Outer,BC3,BC33,BC33-100-098,1,Juv,EUNI,EUNI,28
2015,2015,Oct,10/8/2015,SEFL,Outer,BC3,BC33,BC33-100-098,1,Juv,EUNI,EUNI,39
2015,2015,Oct,10/8/2015,SEFL,Outer,BC3,BC33,BC33-100-098,1,Juv,EUNI,EUNI,29
2015,2015,Oct,10/8/2015,SEFL,Outer,BC3,BC33,BC33-100-098,1,Juv,EUNI,EUNI,6
2015,2015,Oct,10/8/2015,SEFL,Outer,BC3,BC33,BC33-100-098,1,Juv,EUNI,EUNI,15
2015,2015,Oct,10/8/2015,SEFL,Outer,BC3,BC33,BC33-100-098,1,Juv,EUNI,EUNI,28
2015,2015,Oct,10/8/2015,SEFL,Outer,BC3,BC33,BC33-100-098,1,Juv,EUNI,EUNI,25
2015,2015,Oct,10/8/2015,SEFL,Outer,BC3,BC33,BC33-100-134,1,Juv,EUNI,EUNI,8
2015,2015,Oct,10/8/2015,SEFL,Outer,BC3,BC33,BC33-100-134,1,Juv,EUNI,EUNI,5
2015,2015,Oct,10/8/2015,SEFL,Outer,BC3,BC33,BC33-100-134,1,Juv,EUNI,EUNI,8
2015,2015,Oct,10/8/2015,SEFL,Outer,BC3,BC33,BC33-100-188,1,Juv,BRIA,BRIA,35
2015,2015,Oct,10/8/2015,SEFL,Outer,BC3,BC33,BC33-100-188,1,Juv,EUNI,EUNI,18
2015,2015,Oct,10/8/2015,SEFL,Outer,BC3,BC33,BC33-100-188,1,Juv,PPOR,PSEU,35
2015,2015,Oct,10/8/2015,SEFL,Outer,BC3,BC33,BC33-500-019,1,Juv,ANTI,ANTI,24
2015,2015,Oct,10/8/2015,SEFL,Outer,BC3,BC33,BC33-500-019,1,Juv,EUNI,EUNI,14
2015,2015,Oct,10/8/2015,SEFL,Outer,BC3,BC33,BC33-500-019,1,Juv,EUNI,EUNI,36
2015,2015,Oct,10/8/2015,SEFL,Outer,BC3,BC33,BC33-500-019,1,Juv,EUNI,EUNI,30
2015,2015,Oct,10/8/2015,SEFL,Outer,BC3,BC33,BC33-500-019,1,Juv,EUNI,EUNI,26
2015,2015,Oct,10/8/2015,SEFL,Outer,BC3,BC33,BC33-500-019,1,Juv,EUNI,EUNI,6
2015,2015,Oct,10/8/2015,SEFL,Outer,BC3,BC33,BC33-500-019,1,Juv,EUNI,EUNI,16
2015,2015,Oct,10/8/2015,SEFL,Outer,BC3,BC33,BC33-500-019,1,Juv,EUNI,EUNI,14
2015,2015,Oct,10/8/2015,SEFL,Outer,BC3,BC33,BC33-500-019,1,Juv,EUNI,EUNI,NA
2015,2015,Oct,10/8/2015,SEFL,Outer,BC3,BC33,BC33-500-019,1,Juv,PLEX,PLEX,16
2015,2015,Oct,10/8/2015,SEFL,Outer,BC3,BC33,BC33-500-019,1,Juv,PLEX,PLEX,13
2015,2015,Oct,10/8/2015,SEFL,Outer,BC3,BC33,BC33-500-019,1,Juv,UNKO,UNKO,14
2015,2015,Oct,10/8/2015,SEFL,Outer,BC3,BC33,BC33-500-074,1,Juv,EUNI,EUNI,9
2015,2015,Oct,10/8/2015,SEFL,Outer,BC3,BC33,BC33-500-074,1,Juv,EUNI,EUNI,13
2015,2015,Oct,10/8/2015,SEFL,Outer,BC3,BC33,BC33-500-074,1,Juv,EUNI,EUNI,16
2015,2015,Oct,10/8/2015,SEFL,Outer,BC3,BC33,BC33-500-074,1,Juv,UNKO,UNKO,20
2015,2015,Oct,10/8/2015,SEFL,Outer,BC3,BC33,BC33-500-129,1,Juv,EUNI,EUNI,7
2015,2015,Oct,10/8/2015,SEFL,Outer,BC3,BC33,BC33-500-129,1,Juv,EUNI,EUNI,28
2015,2015,Oct,10/8/2015,SEFL,Outer,BC3,BC33,BC33-500-129,1,Juv,EUNI,EUNI,7
2015,2015,Oct,10/8/2015,SEFL,Outer,BC3,BC33,BC33-500-129,1,Juv,EUNI,EUNI,8
2015,2015,Oct,10/8/2015,SEFL,Outer,BC3,BC33,BC33-500-189,1,Juv,EUNI,EUNI,17
2015,2015,Oct,10/8/2015,SEFL,Outer,BC3,BC33,BC33-500-189,1,Juv,EUNI,EUNI,37
2015,2015,Oct,10/8/2015,SEFL,Outer,BC3,BC34,BC34-100-041,1,Juv,EUNI,EUNI,18
2015,2015,Oct,10/8/2015,SEFL,Outer,BC3,BC34,BC34-100-041,1,Juv,EUNI,EUNI,12
2015,2015,Oct,10/8/2015,SEFL,Outer,BC3,BC34,BC34-100-041,1,Juv,EUNI,EUNI,23
2015,2015,Oct,10/8/2015,SEFL,Outer,BC3,BC34,BC34-100-041,1,Juv,EUNI,EUNI,30
2015,2015,Oct,10/8/2015,SEFL,Outer,BC3,BC34,BC34-100-041,1,Juv,EUNI,EUNI,9
2015,2015,Oct,10/8/2015,SEFL,Outer,BC3,BC34,BC34-100-109,1,Juv,BRIA,BRIA,5
2015,2015,Oct,10/8/2015,SEFL,Outer,BC3,BC34,BC34-100-109,1,Juv,EUNI,EUNI,12
2015,2015,Oct,10/8/2015,SEFL,Outer,BC3,BC34,BC34-100-109,1,Juv,EUNI,EUNI,12
2015,2015,Oct,10/8/2015,SEFL,Outer,BC3,BC34,BC34-100-109,1,Juv,EUNI,EUNI,36
2015,2015,Oct,10/8/2015,SEFL,Outer,BC3,BC34,BC34-100-182,0,NA,NA,NA,NA
2015,2015,Oct,10/8/2015,SEFL,Outer,BC3,BC34,BC34-100-220,1,Juv,BRIA,BRIA,7
2015,2015,Oct,10/8/2015,SEFL,Outer,BC3,BC34,BC34-100-220,1,Juv,BRIA,BRIA,4
2015,2015,Oct,10/8/2015,SEFL,Outer,BC3,BC34,BC34-100-220,1,Juv,BRIA,BRIA,6
2015,2015,Oct,10/8/2015,SEFL,Outer,BC3,BC34,BC34-100-220,1,Juv,BRIA,BRIA,4
2015,2015,Oct,10/8/2015,SEFL,Outer,BC3,BC34,BC34-100-220,1,Juv,EUNI,EUNI,9
2015,2015,Oct,10/8/2015,SEFL,Outer,BC3,BC34,BC34-500-035,1,Juv,BRIA,BRIA,26
2015,2015,Oct,10/8/2015,SEFL,Outer,BC3,BC34,BC34-500-035,1,Juv,EUNI,EUNI,6
2015,2015,Oct,10/8/2015,SEFL,Outer,BC3,BC34,BC34-500-035,1,Juv,EUNI,EUNI,20
2015,2015,Oct,10/8/2015,SEFL,Outer,BC3,BC34,BC34-500-035,1,Juv,EUNI,EUNI,18
2015,2015,Oct,10/8/2015,SEFL,Outer,BC3,BC34,BC34-500-035,1,Juv,EUNI,EUNI,7
2015,2015,Oct,10/8/2015,SEFL,Outer,BC3,BC34,BC34-500-035,1,Juv,EUNI,EUNI,28
2015,2015,Oct,10/8/2015,SEFL,Outer,BC3,BC34,BC34-500-035,1,Juv,MURI,MURI,21
2015,2015,Oct,10/8/2015,SEFL,Outer,BC3,BC34,BC34-500-086,1,Juv,BRIA,BRIA,23
2015,2015,Oct,10/8/2015,SEFL,Outer,BC3,BC34,BC34-500-086,1,Juv,EUNI,EUNI,11
2015,2015,Oct,10/8/2015,SEFL,Outer,BC3,BC34,BC34-500-086,1,Juv,EUNI,EUNI,23
2015,2015,Oct,10/8/2015,SEFL,Outer,BC3,BC34,BC34-500-086,1,Juv,EUNI,EUNI,28
2015,2015,Oct,10/8/2015,SEFL,Outer,BC3,BC34,BC34-500-086,1,Juv,EUNI,EUNI,12
2015,2015,Oct,10/8/2015,SEFL,Outer,BC3,BC34,BC34-500-156,1,Juv,EUNI,EUNI,11
2015,2015,Oct,10/8/2015,SEFL,Outer,BC3,BC34,BC34-500-156,1,Juv,EUNI,EUNI,12
2015,2015,Oct,10/8/2015,SEFL,Outer,BC3,BC34,BC34-500-156,1,Juv,EUNI,EUNI,9
2015,2015,Oct,10/8/2015,SEFL,Outer,BC3,BC34,BC34-500-156,1,Juv,EUNI,EUNI,7
2015,2015,Oct,10/8/2015,SEFL,Outer,BC3,BC34,BC34-500-206,1,Juv,ANTI,ANTI,17
2015,2015,Oct,10/8/2015,SEFL,Outer,BC3,BC34,BC34-500-206,1,Juv,BRIA,BRIA,5
2015,2015,Oct,10/8/2015,SEFL,Outer,BC3,BC34,BC34-500-206,1,Juv,EUNI,EUNI,37
2015,2015,Oct,10/8/2015,SEFL,Inner,BC4,BC41,BC41-100-023,1,Juv,BRIA,BRIA,7
2015,2015,Oct,10/8/2015,SEFL,Inner,BC4,BC41,BC41-100-023,1,Juv,BRIA,BRIA,14
2015,2015,Oct,10/8/2015,SEFL,Inner,BC4,BC41,BC41-100-076,1,Juv,BRIA,BRIA,17
2015,2015,Oct,10/8/2015,SEFL,Inner,BC4,BC41,BC41-100-076,1,Juv,BRIA,BRIA,5
2015,2015,Oct,10/8/2015,SEFL,Inner,BC4,BC41,BC41-100-076,1,Juv,GVEN,GVEN,18
2015,2015,Oct,10/8/2015,SEFL,Inner,BC4,BC41,BC41-100-076,1,Juv,UNKO,UNKO,1
2015,2015,Oct,10/8/2015,SEFL,Inner,BC4,BC41,BC41-100-093,0,NA,NA,NA,NA
2015,2015,Oct,10/8/2015,SEFL,Inner,BC4,BC41,BC41-100-139,1,Juv,UNKO,UNKO,3
2015,2015,Oct,10/8/2015,SEFL,Inner,BC4,BC41,BC41-500-035,1,Juv,BRIA,BRIA,24
2015,2015,Oct,10/8/2015,SEFL,Inner,BC4,BC41,BC41-500-106,1,Juv,BRIA,BRIA,15
2015,2015,Oct,10/8/2015,SEFL,Inner,BC4,BC41,BC41-500-106,1,Juv,EUNI,EUNI,14
2015,2015,Oct,10/8/2015,SEFL,Inner,BC4,BC41,BC41-500-126,0,NA,NA,NA,NA
2015,2015,Oct,10/8/2015,SEFL,Inner,BC4,BC41,BC41-500-211,1,Juv,BRIA,BRIA,17
2015,2015,Oct,10/8/2015,SEFL,Inner,BC4,BC42,BC42-100-017,1,Juv,BRIA,BRIA,15
2015,2015,Oct,10/8/2015,SEFL,Inner,BC4,BC42,BC42-100-017,1,Juv,BRIA,BRIA,12
2015,2015,Oct,10/8/2015,SEFL,Inner,BC4,BC42,BC42-100-093,1,Juv,PAME,ANTI,40
2015,2015,Oct,10/8/2015,SEFL,Inner,BC4,BC42,BC42-100-093,1,Juv,BRIA,BRIA,28
2015,2015,Oct,10/8/2015,SEFL,Inner,BC4,BC42,BC42-100-093,1,Juv,EUNI,EUNI,10
2015,2015,Oct,10/8/2015,SEFL,Inner,BC4,BC42,BC42-100-119,1,Juv,ANTI,ANTI,20
2015,2015,Oct,10/8/2015,SEFL,Inner,BC4,BC42,BC42-100-119,1,Juv,ANTI,ANTI,16
2015,2015,Oct,10/8/2015,SEFL,Inner,BC4,BC42,BC42-100-119,1,Juv,PAME,ANTI,12
2015,2015,Oct,10/8/2015,SEFL,Inner,BC4,BC42,BC42-100-119,1,Juv,BRIA,BRIA,7
2015,2015,Oct,10/8/2015,SEFL,Inner,BC4,BC42,BC42-100-119,1,Juv,BRIA,BRIA,8
2015,2015,Oct,10/8/2015,SEFL,Inner,BC4,BC42,BC42-100-119,1,Juv,EUNI,EUNI,34
2015,2015,Oct,10/8/2015,SEFL,Inner,BC4,BC42,BC42-100-151,1,Juv,PAME,ANTI,19
2015,2015,Oct,10/8/2015,SEFL,Inner,BC4,BC42,BC42-100-151,1,Juv,BRIA,BRIA,9
2015,2015,Oct,10/8/2015,SEFL,Inner,BC4,BC42,BC42-100-151,1,Juv,BRIA,BRIA,10
2015,2015,Oct,10/8/2015,SEFL,Inner,BC4,BC42,BC42-500-020,1,Juv,ANTI,ANTI,6
2015,2015,Oct,10/8/2015,SEFL,Inner,BC4,BC42,BC42-500-020,1,Juv,BRIA,BRIA,37
2015,2015,Oct,10/8/2015,SEFL,Inner,BC4,BC42,BC42-500-020,1,Juv,UNKO,UNKO,3
2015,2015,Oct,10/8/2015,SEFL,Inner,BC4,BC42,BC42-500-020,1,Juv,UNKO,UNKO,4
2015,2015,Oct,10/8/2015,SEFL,Inner,BC4,BC42,BC42-500-020,1,Juv,UNKO,UNKO,8
2015,2015,Oct,10/8/2015,SEFL,Inner,BC4,BC42,BC42-500-083,1,Juv,BRIA,BRIA,23
2015,2015,Oct,10/8/2015,SEFL,Inner,BC4,BC42,BC42-500-108,1,Juv,ANTI,ANTI,22
2015,2015,Oct,10/8/2015,SEFL,Inner,BC4,BC42,BC42-500-108,1,Juv,PAME,ANTI,4
2015,2015,Oct,10/8/2015,SEFL,Inner,BC4,BC42,BC42-500-108,1,Juv,PAME,ANTI,26
2015,2015,Oct,10/8/2015,SEFL,Inner,BC4,BC42,BC42-500-108,1,Juv,EUNI,EUNI,4
2015,2015,Oct,10/8/2015,SEFL,Inner,BC4,BC42,BC42-500-108,1,Juv,MURO,MURO,29
2015,2015,Oct,10/8/2015,SEFL,Inner,BC4,BC42,BC42-500-155,1,Juv,BRIA,BRIA,19
2015,2015,Oct,10/8/2015,SEFL,Inner,BC4,BC42,BC42-500-155,1,Juv,BRIA,BRIA,31
2015,2015,Oct,10/8/2015,SEFL,Inner,BC4,BC42,BC42-500-155,1,Juv,BRIA,BRIA,22
2015,2015,Oct,10/8/2015,SEFL,Inner,BC4,BC42,BC42-500-155,1,Juv,BRIA,BRIA,13
2015,2015,Oct,10/8/2015,SEFL,Inner,BC4,BC43,BC43-100-117,1,Juv,BRIA,BRIA,4
2015,2015,Oct,10/8/2015,SEFL,Inner,BC4,BC43,BC43-100-117,1,Juv,UNKO,UNKO,3
2015,2015,Oct,10/8/2015,SEFL,Inner,BC4,BC43,BC43-100-132,1,Juv,PAME,ANTI,12
2015,2015,Oct,10/8/2015,SEFL,Inner,BC4,BC43,BC43-100-132,1,Juv,EUNI,EUNI,3
2015,2015,Oct,10/8/2015,SEFL,Inner,BC4,BC43,BC43-100-163,1,Juv,BRIA,BRIA,35
2015,2015,Oct,10/8/2015,SEFL,Inner,BC4,BC43,BC43-100-163,1,Juv,EUNI,EUNI,5
2015,2015,Oct,10/8/2015,SEFL,Inner,BC4,BC43,BC43-100-163,1,Juv,EUNI,EUNI,6
2015,2015,Oct,10/8/2015,SEFL,Inner,BC4,BC43,BC43-100-163,1,Juv,EUNI,EUNI,7
2015,2015,Oct,10/8/2015,SEFL,Inner,BC4,BC43,BC43-100-199,1,Juv,BRIA,BRIA,24
2015,2015,Oct,10/8/2015,SEFL,Inner,BC4,BC43,BC43-100-199,1,Juv,BRIA,BRIA,10
2015,2015,Oct,10/8/2015,SEFL,Inner,BC4,BC43,BC43-100-199,1,Juv,BRIA,BRIA,6
2015,2015,Oct,10/8/2015,SEFL,Inner,BC4,BC43,BC43-100-199,1,Juv,EUNI,EUNI,5
2015,2015,Oct,10/8/2015,SEFL,Inner,BC4,BC43,BC43-500-042,1,Juv,BRIA,BRIA,15
2015,2015,Oct,10/8/2015,SEFL,Inner,BC4,BC43,BC43-500-042,1,Juv,BRIA,BRIA,33
2015,2015,Oct,10/8/2015,SEFL,Inner,BC4,BC43,BC43-500-061,1,Juv,BRIA,BRIA,11
2015,2015,Oct,10/8/2015,SEFL,Inner,BC4,BC43,BC43-500-091,1,Juv,BRIA,BRIA,17
2015,2015,Oct,10/8/2015,SEFL,Inner,BC4,BC43,BC43-500-176,1,Juv,ANTI,ANTI,7
2015,2015,Oct,10/8/2015,SEFL,Inner,BC4,BC43,BC43-500-176,1,Juv,BRIA,BRIA,16
2015,2015,Oct,10/8/2015,SEFL,Inner,BC4,BC44,BC44-100-061,1,Juv,BRIA,BRIA,14
2015,2015,Oct,10/8/2015,SEFL,Inner,BC4,BC44,BC44-100-061,1,Juv,EUNI,EUNI,3
2015,2015,Oct,10/8/2015,SEFL,Inner,BC4,BC44,BC44-100-061,1,Juv,EUNI,EUNI,14
2015,2015,Oct,10/8/2015,SEFL,Inner,BC4,BC44,BC44-100-061,1,Juv,EUNI,EUNI,7
2015,2015,Oct,10/8/2015,SEFL,Inner,BC4,BC44,BC44-100-061,1,Juv,EUNI,EUNI,5
2015,2015,Oct,10/8/2015,SEFL,Inner,BC4,BC44,BC44-100-130,1,Juv,BRIA,BRIA,23
2015,2015,Oct,10/8/2015,SEFL,Inner,BC4,BC44,BC44-100-130,1,Juv,PSEU,PSEU,16
2015,2015,Oct,10/8/2015,SEFL,Inner,BC4,BC44,BC44-100-130,1,Juv,UNKO,UNKO,3
2015,2015,Oct,10/8/2015,SEFL,Inner,BC4,BC44,BC44-100-175,1,Juv,BRIA,BRIA,27
2015,2015,Oct,10/8/2015,SEFL,Inner,BC4,BC44,BC44-100-175,1,Juv,BRIA,BRIA,16
2015,2015,Oct,10/8/2015,SEFL,Inner,BC4,BC44,BC44-100-175,1,Juv,UNKO,UNKO,3
2015,2015,Oct,10/8/2015,SEFL,Inner,BC4,BC44,BC44-100-175,1,Juv,UNKO,UNKO,3
2015,2015,Oct,10/8/2015,SEFL,Inner,BC4,BC44,BC44-100-175,1,Juv,UNKO,UNKO,3
2015,2015,Oct,10/8/2015,SEFL,Inner,BC4,BC44,BC44-100-198,1,Juv,EUNI,EUNI,28
2015,2015,Oct,10/8/2015,SEFL,Inner,BC4,BC44,BC44-100-198,1,Juv,EUNI,EUNI,38
2015,2015,Oct,10/8/2015,SEFL,Inner,BC4,BC44,BC44-100-198,1,Juv,EUNI,EUNI,7
2015,2015,Oct,10/8/2015,SEFL,Inner,BC4,BC44,BC44-100-198,1,Juv,EUNI,EUNI,10
2015,2015,Oct,10/8/2015,SEFL,Inner,BC4,BC44,BC44-100-198,1,Juv,UNKO,UNKO,3
2015,2015,Oct,10/8/2015,SEFL,Inner,BC4,BC44,BC44-500-074,0,NA,NA,NA,NA
2015,2015,Oct,10/8/2015,SEFL,Inner,BC4,BC44,BC44-500-112,1,Juv,BRIA,BRIA,12
2015,2015,Oct,10/8/2015,SEFL,Inner,BC4,BC44,BC44-500-147,1,Juv,UNKO,UNKO,2
2015,2015,Oct,10/8/2015,SEFL,Inner,BC4,BC44,BC44-500-147,1,Juv,UNKO,UNKO,2
2015,2015,Oct,10/8/2015,SEFL,Inner,BC4,BC44,BC44-500-170,1,Juv,PAME,ANTI,36
2015,2015,Oct,10/8/2015,SEFL,Inner,BC4,BC44,BC44-500-170,1,Juv,BRIA,BRIA,27
2015,2015,Oct,10/8/2015,SEFL,Inner,BC4,BC44,BC44-500-170,1,Juv,BRIA,BRIA,21
2015,2015,Oct,10/8/2015,SEFL,Inner,BC4,BC44,BC44-500-170,1,Juv,EUNI,EUNI,11
2015,2015,Oct,10/13/2015,SEFL,Inner,DC1,DC11,DC11-100-048,0,NA,NA,NA,NA
2015,2015,Oct,10/13/2015,SEFL,Inner,DC1,DC11,DC11-100-059,1,Juv,EUNI,EUNI,8
2015,2015,Oct,10/13/2015,SEFL,Inner,DC1,DC11,DC11-100-082,1,Juv,EUNI,EUNI,11
2015,2015,Oct,10/13/2015,SEFL,Inner,DC1,DC11,DC11-100-082,1,Juv,PSEU,PSEU,25
2015,2015,Oct,10/13/2015,SEFL,Inner,DC1,DC11,DC11-100-171,0,NA,NA,NA,NA
2015,2015,Oct,10/13/2015,SEFL,Inner,DC1,DC11,DC11-500-045,1,Juv,EUNI,EUNI,21
2015,2015,Oct,10/13/2015,SEFL,Inner,DC1,DC11,DC11-500-106,1,Juv,EUNI,EUNI,7
2015,2015,Oct,10/13/2015,SEFL,Inner,DC1,DC11,DC11-500-138,1,Juv,PAME,ANTI,36
2015,2015,Oct,10/13/2015,SEFL,Inner,DC1,DC11,DC11-500-138,1,Juv,BRIA,BRIA,12
2015,2015,Oct,10/13/2015,SEFL,Inner,DC1,DC11,DC11-500-138,1,Juv,EUNI,EUNI,39
2015,2015,Oct,10/13/2015,SEFL,Inner,DC1,DC11,DC11-500-204,1,Juv,BRIA,BRIA,15
2015,2015,Oct,10/13/2015,SEFL,Inner,DC1,DC11,DC11-500-204,1,Juv,EUNI,EUNI,13
2015,2015,Oct,10/13/2015,SEFL,Inner,DC1,DC11,DC11-500-204,1,Juv,EUNI,EUNI,25
2015,2015,Oct,10/13/2015,SEFL,Inner,DC1,DC11,DC11-500-204,1,Juv,EUNI,EUNI,19
2015,2015,Oct,10/13/2015,SEFL,Inner,DC1,DC12,DC12-100-027,0,NA,NA,NA,NA
2015,2015,Oct,10/13/2015,SEFL,Inner,DC1,DC12,DC12-100-087,1,Juv,EUNI,EUNI,34
2015,2015,Oct,10/13/2015,SEFL,Inner,DC1,DC12,DC12-100-166,1,Juv,BRIA,BRIA,4
2015,2015,Oct,10/13/2015,SEFL,Inner,DC1,DC12,DC12-100-166,1,Juv,EUNI,EUNI,8
2015,2015,Oct,10/13/2015,SEFL,Inner,DC1,DC12,DC12-100-166,1,Juv,EUNI,EUNI,7
2015,2015,Oct,10/13/2015,SEFL,Inner,DC1,DC12,DC12-100-166,1,Juv,EUNI,EUNI,16
2015,2015,Oct,10/13/2015,SEFL,Inner,DC1,DC12,DC12-100-211,1,Juv,ANTI,ANTI,4
2015,2015,Oct,10/13/2015,SEFL,Inner,DC1,DC12,DC12-100-211,1,Juv,BRIA,BRIA,30
2015,2015,Oct,10/13/2015,SEFL,Inner,DC1,DC12,DC12-100-211,1,Juv,BRIA,BRIA,5
2015,2015,Oct,10/13/2015,SEFL,Inner,DC1,DC12,DC12-100-211,1,Juv,EUNI,EUNI,2
2015,2015,Oct,10/13/2015,SEFL,Inner,DC1,DC12,DC12-500-042,0,NA,NA,NA,NA
2015,2015,Oct,10/13/2015,SEFL,Inner,DC1,DC12,DC12-500-071,1,Juv,PAME,ANTI,38
2015,2015,Oct,10/13/2015,SEFL,Inner,DC1,DC12,DC12-500-071,1,Juv,BRIA,BRIA,10
2015,2015,Oct,10/13/2015,SEFL,Inner,DC1,DC12,DC12-500-071,1,Juv,BRIA,BRIA,10
2015,2015,Oct,10/13/2015,SEFL,Inner,DC1,DC12,DC12-500-071,1,Juv,BRIA,BRIA,35
2015,2015,Oct,10/13/2015,SEFL,Inner,DC1,DC12,DC12-500-071,1,Juv,EUNI,EUNI,8
2015,2015,Oct,10/13/2015,SEFL,Inner,DC1,DC12,DC12-500-071,1,Juv,EUNI,EUNI,31
2015,2015,Oct,10/13/2015,SEFL,Inner,DC1,DC12,DC12-500-166,1,Juv,UNKO,UNKO,1
2015,2015,Oct,10/13/2015,SEFL,Inner,DC1,DC12,DC12-500-166,1,Juv,PAME,ANTI,3
2015,2015,Oct,10/13/2015,SEFL,Inner,DC1,DC12,DC12-500-166,1,Juv,UNKO,UNKO,1
2015,2015,Oct,10/13/2015,SEFL,Inner,DC1,DC12,DC12-500-166,1,Juv,UNKO,UNKO,1
2015,2015,Oct,10/13/2015,SEFL,Inner,DC1,DC12,DC12-500-166,1,Juv,UNKO,UNKO,1
2015,2015,Oct,10/13/2015,SEFL,Inner,DC1,DC12,DC12-500-192,0,NA,NA,NA,NA
2015,2015,Oct,10/13/2015,SEFL,Inner,DC1,DC13,DC13-100-083,1,Juv,BRIA,BRIA,10
2015,2015,Oct,10/13/2015,SEFL,Inner,DC1,DC13,DC13-100-083,1,Juv,BRIA,BRIA,18
2015,2015,Oct,10/13/2015,SEFL,Inner,DC1,DC13,DC13-100-083,1,Juv,EUNI,EUNI,38
2015,2015,Oct,10/13/2015,SEFL,Inner,DC1,DC13,DC13-100-091,1,Juv,BRIA,BRIA,5
2015,2015,Oct,10/13/2015,SEFL,Inner,DC1,DC13,DC13-100-091,1,Juv,EUNI,EUNI,23
2015,2015,Oct,10/13/2015,SEFL,Inner,DC1,DC13,DC13-100-091,1,Juv,MURI,MURI,26
2015,2015,Oct,10/13/2015,SEFL,Inner,DC1,DC13,DC13-100-091,1,Juv,PPOR,PSEU,35
2015,2015,Oct,10/13/2015,SEFL,Inner,DC1,DC13,DC13-100-158,0,NA,NA,NA,NA
2015,2015,Oct,10/13/2015,SEFL,Inner,DC1,DC13,DC13-100-186,0,NA,NA,NA,NA
2015,2015,Oct,10/13/2015,SEFL,Inner,DC1,DC13,DC13-500-036,0,NA,NA,NA,NA
2015,2015,Oct,10/13/2015,SEFL,Inner,DC1,DC13,DC13-500-092,1,Juv,BRIA,BRIA,10
2015,2015,Oct,10/13/2015,SEFL,Inner,DC1,DC13,DC13-500-092,1,Juv,BRIA,BRIA,10
2015,2015,Oct,10/13/2015,SEFL,Inner,DC1,DC13,DC13-500-092,1,Juv,BRIA,BRIA,18
2015,2015,Oct,10/13/2015,SEFL,Inner,DC1,DC13,DC13-500-092,1,Juv,BRIA,BRIA,13
2015,2015,Oct,10/13/2015,SEFL,Inner,DC1,DC13,DC13-500-092,1,Juv,BRIA,BRIA,19
2015,2015,Oct,10/13/2015,SEFL,Inner,DC1,DC13,DC13-500-128,1,Juv,PAME,ANTI,29
2015,2015,Oct,10/13/2015,SEFL,Inner,DC1,DC13,DC13-500-128,1,Juv,PAME,ANTI,21
2015,2015,Oct,10/13/2015,SEFL,Inner,DC1,DC13,DC13-500-128,1,Juv,PFLE,EUNI,11
2015,2015,Oct,10/13/2015,SEFL,Inner,DC1,DC13,DC13-500-192,0,NA,NA,NA,NA
2015,2015,Oct,10/13/2015,SEFL,Inner,DC1,DC14,DC14-100-036,1,Juv,ANTI,ANTI,26
2015,2015,Oct,10/13/2015,SEFL,Inner,DC1,DC14,DC14-100-036,1,Juv,EUNI,EUNI,27
2015,2015,Oct,10/13/2015,SEFL,Inner,DC1,DC14,DC14-100-036,1,Juv,EUNI,EUNI,15
2015,2015,Oct,10/13/2015,SEFL,Inner,DC1,DC14,DC14-100-036,1,Juv,EUNI,EUNI,8
2015,2015,Oct,10/13/2015,SEFL,Inner,DC1,DC14,DC14-100-081,1,Juv,ANTI,ANTI,25
2015,2015,Oct,10/13/2015,SEFL,Inner,DC1,DC14,DC14-100-081,1,Juv,BRIA,BRIA,13
2015,2015,Oct,10/13/2015,SEFL,Inner,DC1,DC14,DC14-100-081,1,Juv,EUNI,EUNI,37
2015,2015,Oct,10/13/2015,SEFL,Inner,DC1,DC14,DC14-100-144,1,Juv,BRIA,BRIA,7
2015,2015,Oct,10/13/2015,SEFL,Inner,DC1,DC14,DC14-100-144,1,Juv,EUNI,EUNI,27
2015,2015,Oct,10/13/2015,SEFL,Inner,DC1,DC14,DC14-100-184,1,Juv,BRIA,BRIA,12
2015,2015,Oct,10/13/2015,SEFL,Inner,DC1,DC14,DC14-100-184,1,Juv,BRIA,BRIA,9
2015,2015,Oct,10/13/2015,SEFL,Inner,DC1,DC14,DC14-500-022,1,Juv,BRIA,BRIA,21
2015,2015,Oct,10/13/2015,SEFL,Inner,DC1,DC14,DC14-500-022,1,Juv,BRIA,BRIA,12
2015,2015,Oct,10/13/2015,SEFL,Inner,DC1,DC14,DC14-500-101,0,NA,NA,NA,NA
2015,2015,Oct,10/13/2015,SEFL,Inner,DC1,DC14,DC14-500-178,0,NA,NA,NA,NA
2015,2015,Oct,10/13/2015,SEFL,Inner,DC1,DC14,DC14-500-205,1,Juv,PAME,ANTI,21
2015,2015,Oct,10/13/2015,SEFL,Inner,DC1,DC14,DC14-500-205,1,Juv,GVEN,GVEN,23
2015,2015,Oct,10/13/2015,SEFL,Middle,DC2,DC21,DC21-100-020,1,Juv,EUNI,EUNI,7
2015,2015,Oct,10/13/2015,SEFL,Middle,DC2,DC21,DC21-100-020,1,Juv,EUNI,EUNI,5
2015,2015,Oct,10/13/2015,SEFL,Middle,DC2,DC21,DC21-100-020,1,Juv,MURO,MURO,7
2015,2015,Oct,10/13/2015,SEFL,Middle,DC2,DC21,DC21-100-087,1,Juv,PAME,ANTI,11
2015,2015,Oct,10/13/2015,SEFL,Middle,DC2,DC21,DC21-100-087,1,Juv,BRIA,BRIA,17
2015,2015,Oct,10/13/2015,SEFL,Middle,DC2,DC21,DC21-100-087,1,Juv,EUNI,EUNI,4
2015,2015,Oct,10/13/2015,SEFL,Middle,DC2,DC21,DC21-100-087,1,Juv,EUNI,EUNI,27
2015,2015,Oct,10/13/2015,SEFL,Middle,DC2,DC21,DC21-100-122,0,NA,NA,NA,NA
2015,2015,Oct,10/13/2015,SEFL,Middle,DC2,DC21,DC21-100-170,1,Juv,EUNI,EUNI,24
2015,2015,Oct,10/13/2015,SEFL,Middle,DC2,DC21,DC21-500-036,0,NA,NA,NA,NA
2015,2015,Oct,10/13/2015,SEFL,Middle,DC2,DC21,DC21-500-066,1,Juv,ANTI,ANTI,34
2015,2015,Oct,10/13/2015,SEFL,Middle,DC2,DC21,DC21-500-084,1,Juv,EUNI,EUNI,11
2015,2015,Oct,10/13/2015,SEFL,Middle,DC2,DC21,DC21-500-084,1,Juv,EUNI,EUNI,28
2015,2015,Oct,10/13/2015,SEFL,Middle,DC2,DC21,DC21-500-106,1,Juv,ANTI,ANTI,36
2015,2015,Oct,10/13/2015,SEFL,Middle,DC2,DC22,DC22-100-040,1,Juv,ANTI,ANTI,6
2015,2015,Oct,10/13/2015,SEFL,Middle,DC2,DC22,DC22-100-040,1,Juv,EUNI,EUNI,24
2015,2015,Oct,10/13/2015,SEFL,Middle,DC2,DC22,DC22-100-040,1,Juv,EUNI,EUNI,5
2015,2015,Oct,10/13/2015,SEFL,Middle,DC2,DC22,DC22-100-040,1,Juv,EUNI,EUNI,6
2015,2015,Oct,10/13/2015,SEFL,Middle,DC2,DC22,DC22-100-094,1,Juv,EUNI,EUNI,5
2015,2015,Oct,10/13/2015,SEFL,Middle,DC2,DC22,DC22-100-157,1,Juv,EUNI,EUNI,27
2015,2015,Oct,10/13/2015,SEFL,Middle,DC2,DC22,DC22-100-157,1,Juv,GVEN,GVEN,30
2015,2015,Oct,10/13/2015,SEFL,Middle,DC2,DC22,DC22-100-193,1,Juv,ANTI/GVEN,AG,5
2015,2015,Oct,10/13/2015,SEFL,Middle,DC2,DC22,DC22-500-002,1,Juv,ANTI,ANTI,21
2015,2015,Oct,10/13/2015,SEFL,Middle,DC2,DC22,DC22-500-078,1,Juv,PAME,ANTI,36
2015,2015,Oct,10/13/2015,SEFL,Middle,DC2,DC22,DC22-500-078,1,Juv,EUNI,EUNI,9
2015,2015,Oct,10/13/2015,SEFL,Middle,DC2,DC22,DC22-500-078,1,Juv,EUNI,EUNI,5
2015,2015,Oct,10/13/2015,SEFL,Middle,DC2,DC22,DC22-500-078,1,Juv,GVEN,GVEN,21
2015,2015,Oct,10/13/2015,SEFL,Middle,DC2,DC22,DC22-500-109,1,Juv,ANTI,ANTI,18
2015,2015,Oct,10/13/2015,SEFL,Middle,DC2,DC22,DC22-500-134,0,NA,NA,NA,NA
2015,2015,Oct,10/13/2015,SEFL,Middle,DC2,DC23,DC23-100-037,1,Juv,UNKO,UNKO,3
2015,2015,Oct,10/13/2015,SEFL,Middle,DC2,DC23,DC23-100-037,1,Juv,UNKO,UNKO,2
2015,2015,Oct,10/13/2015,SEFL,Middle,DC2,DC23,DC23-100-049,1,Juv,PAME,ANTI,39
2015,2015,Oct,10/13/2015,SEFL,Middle,DC2,DC23,DC23-100-049,1,Juv,PAME,ANTI,35
2015,2015,Oct,10/13/2015,SEFL,Middle,DC2,DC23,DC23-100-049,1,Juv,PAME,ANTI,30
2015,2015,Oct,10/13/2015,SEFL,Middle,DC2,DC23,DC23-100-049,1,Juv,EUNI,EUNI,4
2015,2015,Oct,10/13/2015,SEFL,Middle,DC2,DC23,DC23-100-049,1,Juv,EUNI,EUNI,16
2015,2015,Oct,10/13/2015,SEFL,Middle,DC2,DC23,DC23-100-049,1,Juv,EUNI,EUNI,13
2015,2015,Oct,10/13/2015,SEFL,Middle,DC2,DC23,DC23-100-144,0,NA,NA,NA,NA
2015,2015,Oct,10/13/2015,SEFL,Middle,DC2,DC23,DC23-100-169,1,Juv,BRIA,BRIA,13
2015,2015,Oct,10/13/2015,SEFL,Middle,DC2,DC23,DC23-100-169,1,Juv,EUNI,EUNI,6
2015,2015,Oct,10/13/2015,SEFL,Middle,DC2,DC23,DC23-500-007,1,Juv,GVEN,GVEN,29
2015,2015,Oct,10/13/2015,SEFL,Middle,DC2,DC23,DC23-500-007,1,Juv,GVEN,GVEN,24
2015,2015,Oct,10/13/2015,SEFL,Middle,DC2,DC23,DC23-500-034,1,Juv,EUNI,EUNI,8
2015,2015,Oct,10/13/2015,SEFL,Middle,DC2,DC23,DC23-500-034,1,Juv,GVEN,GVEN,21
2015,2015,Oct,10/13/2015,SEFL,Middle,DC2,DC23,DC23-500-034,1,Juv,UNKO,UNKO,1
2015,2015,Oct,10/13/2015,SEFL,Middle,DC2,DC23,DC23-500-125,1,Juv,EUNI,EUNI,6
2015,2015,Oct,10/13/2015,SEFL,Middle,DC2,DC23,DC23-500-125,1,Juv,UNKO,UNKO,1
2015,2015,Oct,10/13/2015,SEFL,Middle,DC2,DC23,DC23-500-172,1,Juv,ANTI,ANTI,20
2015,2015,Oct,10/13/2015,SEFL,Middle,DC2,DC23,DC23-500-172,1,Juv,EUNI,EUNI,7
2015,2015,Oct,10/13/2015,SEFL,Middle,DC2,DC24,DC24-100-067,1,Juv,ANTI,ANTI,12
2015,2015,Oct,10/13/2015,SEFL,Middle,DC2,DC24,DC24-100-067,1,Juv,EUNI,EUNI,36
2015,2015,Oct,10/13/2015,SEFL,Middle,DC2,DC24,DC24-100-067,1,Juv,UNKO,UNKO,2
2015,2015,Oct,10/13/2015,SEFL,Middle,DC2,DC24,DC24-100-089,1,Juv,PAME,ANTI,28
2015,2015,Oct,10/13/2015,SEFL,Middle,DC2,DC24,DC24-100-114,1,Juv,ANTI/GVEN,AG,5
2015,2015,Oct,10/13/2015,SEFL,Middle,DC2,DC24,DC24-100-114,1,Juv,PAME,ANTI,33
2015,2015,Oct,10/13/2015,SEFL,Middle,DC2,DC24,DC24-100-114,1,Juv,EUNI,EUNI,6
2015,2015,Oct,10/13/2015,SEFL,Middle,DC2,DC24,DC24-100-191,0,NA,NA,NA,NA
2015,2015,Oct,10/13/2015,SEFL,Middle,DC2,DC24,DC24-500-045,1,Juv,EUNI,EUNI,11
2015,2015,Oct,10/13/2015,SEFL,Middle,DC2,DC24,DC24-500-045,1,Juv,EUNI,EUNI,7
2015,2015,Oct,10/13/2015,SEFL,Middle,DC2,DC24,DC24-500-045,1,Juv,EUNI,EUNI,23
2015,2015,Oct,10/13/2015,SEFL,Middle,DC2,DC24,DC24-500-120,1,Juv,UNKO,UNKO,10
2015,2015,Oct,10/13/2015,SEFL,Middle,DC2,DC24,DC24-500-120,1,Juv,UNKO,UNKO,27
2015,2015,Oct,10/13/2015,SEFL,Middle,DC2,DC24,DC24-500-120,1,Juv,UNKO,UNKO,2
2015,2015,Oct,10/13/2015,SEFL,Middle,DC2,DC24,DC24-500-154,0,NA,NA,NA,NA
2015,2015,Oct,10/13/2015,SEFL,Middle,DC2,DC24,DC24-500-223,1,Juv,EUNI,EUNI,6
2015,2015,Oct,10/13/2015,SEFL,Middle,DC2,DC24,DC24-500-223,1,Juv,GVEN,GVEN,5
2015,2015,Oct,10/15/2015,SEFL,Outer,DC3,DC31,DC31-100-097,1,Juv,EUNI,EUNI,7
2015,2015,Oct,10/15/2015,SEFL,Outer,DC3,DC31,DC31-100-116,1,Juv,EUNI,EUNI,32
2015,2015,Oct,10/15/2015,SEFL,Outer,DC3,DC31,DC31-100-116,1,Juv,EUNI,EUNI,20
2015,2015,Oct,10/15/2015,SEFL,Outer,DC3,DC31,DC31-100-116,1,Juv,EUNI,EUNI,5
2015,2015,Oct,10/15/2015,SEFL,Outer,DC3,DC31,DC31-100-141,1,Juv,GVEN,GVEN,36
2015,2015,Oct,10/15/2015,SEFL,Outer,DC3,DC31,DC31-100-199,1,Juv,EUNI,EUNI,8
2015,2015,Oct,10/15/2015,SEFL,Outer,DC3,DC31,DC31-500-133,1,Juv,UNKO,UNKO,1
2015,2015,Oct,10/15/2015,SEFL,Outer,DC3,DC31,DC31-500-167,1,Juv,EUNI,EUNI,5
2015,2015,Oct,10/15/2015,SEFL,Outer,DC3,DC31,DC31-500-198,1,Juv,EUNI,EUNI,9
2015,2015,Oct,10/15/2015,SEFL,Outer,DC3,DC31,DC31-500-209,1,Juv,EUNI,EUNI,8
2015,2015,Oct,10/15/2015,SEFL,Outer,DC3,DC31,DC31-500-209,1,Juv,UNKO,UNKO,2
2015,2015,Oct,10/15/2015,SEFL,Outer,DC3,DC32,DC32-100-119,0,NA,NA,NA,NA
2015,2015,Oct,10/15/2015,SEFL,Outer,DC3,DC32,DC32-100-131,0,NA,NA,NA,NA
2015,2015,Oct,10/15/2015,SEFL,Outer,DC3,DC32,DC32-100-170,0,NA,NA,NA,NA
2015,2015,Oct,10/15/2015,SEFL,Outer,DC3,DC32,DC32-100-179,1,Juv,EUNI,EUNI,39
2015,2015,Oct,10/15/2015,SEFL,Outer,DC3,DC32,DC32-100-179,1,Juv,EUNI,EUNI,36
2015,2015,Oct,10/15/2015,SEFL,Outer,DC3,DC32,DC32-500-119,1,Juv,EUNI,EUNI,29
2015,2015,Oct,10/15/2015,SEFL,Outer,DC3,DC32,DC32-500-119,1,Juv,EUNI,EUNI,23
2015,2015,Oct,10/15/2015,SEFL,Outer,DC3,DC32,DC32-500-119,1,Juv,EUNI,EUNI,22
2015,2015,Oct,10/15/2015,SEFL,Outer,DC3,DC32,DC32-500-119,1,Juv,EUNI,EUNI,20
2015,2015,Oct,10/15/2015,SEFL,Outer,DC3,DC32,DC32-500-160,1,Juv,BRIA,BRIA,12
2015,2015,Oct,10/15/2015,SEFL,Outer,DC3,DC32,DC32-500-160,1,Juv,EUNI,EUNI,22
2015,2015,Oct,10/15/2015,SEFL,Outer,DC3,DC32,DC32-500-173,1,Juv,EUNI,EUNI,10
2015,2015,Oct,10/15/2015,SEFL,Outer,DC3,DC32,DC32-500-208,0,NA,NA,NA,NA
2015,2015,Oct,10/15/2015,SEFL,Outer,DC3,DC33,DC33-100-112,1,Juv,ANTI,ANTI,13
2015,2015,Oct,10/15/2015,SEFL,Outer,DC3,DC33,DC33-100-112,1,Juv,ANTI,ANTI,24
2015,2015,Oct,10/15/2015,SEFL,Outer,DC3,DC33,DC33-100-155,1,Juv,ANTI,ANTI,27
2015,2015,Oct,10/15/2015,SEFL,Outer,DC3,DC33,DC33-100-155,1,Juv,EUNI,EUNI,20
2015,2015,Oct,10/15/2015,SEFL,Outer,DC3,DC33,DC33-100-181,1,Juv,MURI,MURI,7
2015,2015,Oct,10/15/2015,SEFL,Outer,DC3,DC33,DC33-100-220,0,NA,NA,NA,NA
2015,2015,Oct,10/15/2015,SEFL,Outer,DC3,DC33,DC33-500-080,1,Juv,BRIA,BRIA,12
2015,2015,Oct,10/15/2015,SEFL,Outer,DC3,DC33,DC33-500-080,1,Juv,EUNI,EUNI,22
2015,2015,Oct,10/15/2015,SEFL,Outer,DC3,DC33,DC33-500-080,1,Juv,PFLE,EUNI,14
2015,2015,Oct,10/15/2015,SEFL,Outer,DC3,DC33,DC33-500-109,1,Juv,ANTI,ANTI,8
2015,2015,Oct,10/15/2015,SEFL,Outer,DC3,DC33,DC33-500-109,1,Juv,PAME,ANTI,25
2015,2015,Oct,10/15/2015,SEFL,Outer,DC3,DC33,DC33-500-109,1,Juv,EUNI,EUNI,35
2015,2015,Oct,10/15/2015,SEFL,Outer,DC3,DC33,DC33-500-109,1,Juv,MURO,MURO,6
2015,2015,Oct,10/15/2015,SEFL,Outer,DC3,DC33,DC33-500-130,1,Juv,PAME,ANTI,38
2015,2015,Oct,10/15/2015,SEFL,Outer,DC3,DC33,DC33-500-130,1,Juv,EUNI,EUNI,14
2015,2015,Oct,10/15/2015,SEFL,Outer,DC3,DC33,DC33-500-130,1,Juv,EUNI,EUNI,10
2015,2015,Oct,10/15/2015,SEFL,Outer,DC3,DC33,DC33-500-130,1,Juv,EUNI,EUNI,6
2015,2015,Oct,10/15/2015,SEFL,Outer,DC3,DC33,DC33-500-130,1,Juv,EUNI,EUNI,12
2015,2015,Oct,10/15/2015,SEFL,Outer,DC3,DC33,DC33-500-199,1,Juv,PAME,ANTI,19
2015,2015,Oct,10/15/2015,SEFL,Outer,DC3,DC34,DC34-100-028,1,Juv,EUNI,EUNI,16
2015,2015,Oct,10/15/2015,SEFL,Outer,DC3,DC34,DC34-100-028,1,Juv,EUNI,EUNI,14
2015,2015,Oct,10/15/2015,SEFL,Outer,DC3,DC34,DC34-100-050,1,Juv,GVEN,GVEN,8
2015,2015,Oct,10/15/2015,SEFL,Outer,DC3,DC34,DC34-100-100,0,NA,NA,NA,NA
2015,2015,Oct,10/15/2015,SEFL,Outer,DC3,DC34,DC34-100-171,0,NA,NA,NA,NA
2015,2015,Oct,10/15/2015,SEFL,Outer,DC3,DC34,DC34-500-099,1,Juv,EUNI,EUNI,38
2015,2015,Oct,10/15/2015,SEFL,Outer,DC3,DC34,DC34-500-131,1,Juv,UNKO,UNKO,5
2015,2015,Oct,10/15/2015,SEFL,Outer,DC3,DC34,DC34-500-131,1,Juv,UNKO,UNKO,3
2015,2015,Oct,10/15/2015,SEFL,Outer,DC3,DC34,DC34-500-153,1,Juv,PAME,ANTI,26
2015,2015,Oct,10/15/2015,SEFL,Outer,DC3,DC34,DC34-500-153,1,Juv,PAME,ANTI,33
2015,2015,Oct,10/15/2015,SEFL,Outer,DC3,DC34,DC34-500-174,1,Juv,EUNI,EUNI,35
2015,2015,Oct,10/6/2015,SEFL,Outer,DC4,DC41,DC41-100-037,1,Juv,EUNI,EUNI,30
2015,2015,Oct,10/6/2015,SEFL,Outer,DC4,DC41,DC41-100-037,1,Juv,EUNI,EUNI,26
2015,2015,Oct,10/6/2015,SEFL,Outer,DC4,DC41,DC41-100-037,1,Juv,GVEN,GVEN,17
2015,2015,Oct,10/6/2015,SEFL,Outer,DC4,DC41,DC41-100-037,1,Juv,GVEN,GVEN,24
2015,2015,Oct,10/6/2015,SEFL,Outer,DC4,DC41,DC41-100-057,1,Juv,BRIA,BRIA,31
2015,2015,Oct,10/6/2015,SEFL,Outer,DC4,DC41,DC41-100-057,1,Juv,GVEN,GVEN,30
2015,2015,Oct,10/6/2015,SEFL,Outer,DC4,DC41,DC41-100-110,1,Iso,PAME,ANTI,9
2015,2015,Oct,10/6/2015,SEFL,Outer,DC4,DC41,DC41-100-110,1,Iso,PAME,ANTI,10
2015,2015,Oct,10/6/2015,SEFL,Outer,DC4,DC41,DC41-100-110,1,Juv,EUNI,EUNI,1
2015,2015,Oct,10/6/2015,SEFL,Outer,DC4,DC41,DC41-100-168,1,Iso,EUNI,EUNI,4
2015,2015,Oct,10/6/2015,SEFL,Outer,DC4,DC41,DC41-500-027,1,Juv,EUNI,EUNI,31
2015,2015,Oct,10/6/2015,SEFL,Outer,DC4,DC41,DC41-500-027,1,Juv,EUNI,EUNI,11
2015,2015,Oct,10/6/2015,SEFL,Outer,DC4,DC41,DC41-500-027,1,Juv,EUNI,EUNI,24
2015,2015,Oct,10/6/2015,SEFL,Outer,DC4,DC41,DC41-500-054,0,NA,NA,NA,NA
2015,2015,Oct,10/6/2015,SEFL,Outer,DC4,DC41,DC41-500-083,0,NA,NA,NA,NA
2015,2015,Oct,10/6/2015,SEFL,Outer,DC4,DC41,DC41-500-162,0,NA,NA,NA,NA
2015,2015,Oct,10/6/2015,SEFL,Outer,DC4,DC42,DC42-100-017,1,Juv,PAME,ANTI,39
2015,2015,Oct,10/6/2015,SEFL,Outer,DC4,DC42,DC42-100-017,1,Juv,EUNI,EUNI,17
2015,2015,Oct,10/6/2015,SEFL,Outer,DC4,DC42,DC42-100-017,1,Juv,UNKO,UNKO,2
2015,2015,Oct,10/6/2015,SEFL,Outer,DC4,DC42,DC42-100-057,1,Juv,PAME,ANTI,30
2015,2015,Oct,10/6/2015,SEFL,Outer,DC4,DC42,DC42-100-057,1,Juv,EUNI,EUNI,5
2015,2015,Oct,10/6/2015,SEFL,Outer,DC4,DC42,DC42-100-139,1,Juv,ECAL,EUNI,24
2015,2015,Oct,10/6/2015,SEFL,Outer,DC4,DC42,DC42-100-139,1,Juv,EUNI,EUNI,7
2015,2015,Oct,10/6/2015,SEFL,Outer,DC4,DC42,DC42-100-139,1,Juv,UNKO,UNKO,2
2015,2015,Oct,10/6/2015,SEFL,Outer,DC4,DC42,DC42-100-174,0,NA,NA,NA,NA
2015,2015,Oct,10/6/2015,SEFL,Outer,DC4,DC42,DC42-500-037,0,NA,NA,NA,NA
2015,2015,Oct,10/6/2015,SEFL,Outer,DC4,DC42,DC42-500-100,1,Juv,PAME,ANTI,18
2015,2015,Oct,10/6/2015,SEFL,Outer,DC4,DC42,DC42-500-100,1,Juv,EUNI,EUNI,29
2015,2015,Oct,10/6/2015,SEFL,Outer,DC4,DC42,DC42-500-133,1,Juv,EUNI,EUNI,10
2015,2015,Oct,10/6/2015,SEFL,Outer,DC4,DC42,DC42-500-186,0,NA,NA,NA,NA
2015,2015,Oct,10/6/2015,SEFL,Outer,DC4,DC43,DC43-100-024,1,Juv,EUNI,EUNI,36
2015,2015,Oct,10/6/2015,SEFL,Outer,DC4,DC43,DC43-100-024,1,Juv,EUNI,EUNI,3
2015,2015,Oct,10/6/2015,SEFL,Outer,DC4,DC43,DC43-100-055,1,Juv,EUNI,EUNI,38
2015,2015,Oct,10/6/2015,SEFL,Outer,DC4,DC43,DC43-100-123,1,Juv,EUNI,EUNI,24
2015,2015,Oct,10/6/2015,SEFL,Outer,DC4,DC43,DC43-100-160,0,NA,NA,NA,NA
2015,2015,Oct,10/6/2015,SEFL,Outer,DC4,DC43,DC43-500-045,1,Juv,ANTI,ANTI,15
2015,2015,Oct,10/6/2015,SEFL,Outer,DC4,DC43,DC43-500-075,0,NA,NA,NA,NA
2015,2015,Oct,10/6/2015,SEFL,Outer,DC4,DC43,DC43-500-099,1,Juv,BRIA,BRIA,11
2015,2015,Oct,10/6/2015,SEFL,Outer,DC4,DC43,DC43-500-099,1,Juv,EUNI,EUNI,30
2015,2015,Oct,10/6/2015,SEFL,Outer,DC4,DC43,DC43-500-134,0,NA,NA,NA,NA
2015,2015,Oct,10/6/2015,SEFL,Outer,DC4,DC44,DC44-100-024,0,NA,NA,NA,NA
2015,2015,Oct,10/6/2015,SEFL,Outer,DC4,DC44,DC44-100-062,1,Juv,EUNI,EUNI,10
2015,2015,Oct,10/6/2015,SEFL,Outer,DC4,DC44,DC44-100-122,1,Juv,EUNI,EUNI,32
2015,2015,Oct,10/6/2015,SEFL,Outer,DC4,DC44,DC44-100-122,1,Juv,EUNI,EUNI,23
2015,2015,Oct,10/6/2015,SEFL,Outer,DC4,DC44,DC44-100-122,1,Juv,EUNI,EUNI,25
2015,2015,Oct,10/6/2015,SEFL,Outer,DC4,DC44,DC44-100-122,1,Juv,EUNI,EUNI,32
2015,2015,Oct,10/6/2015,SEFL,Outer,DC4,DC44,DC44-100-157,1,Juv,UNKO,UNKO,3
2015,2015,Oct,10/6/2015,SEFL,Outer,DC4,DC44,DC44-500-018,1,Juv,ANTI,ANTI,7
2015,2015,Oct,10/6/2015,SEFL,Outer,DC4,DC44,DC44-500-051,0,NA,NA,NA,NA
2015,2015,Oct,10/6/2015,SEFL,Outer,DC4,DC44,DC44-500-117,0,NA,NA,NA,NA
2015,2015,Oct,10/6/2015,SEFL,Outer,DC4,DC44,DC44-500-158,1,Juv,EUNI,EUNI,35
2015,2015,Oct,10/6/2015,SEFL,Outer,DC4,DC44,DC44-500-158,1,Juv,EUNI,EUNI,28
2015,2015,Oct,10/7/2015,SEFL,Inner,DC5,DC51,DC51-100-013,1,Juv,ANTI/GVEN,AG,4
2015,2015,Oct,10/7/2015,SEFL,Inner,DC5,DC51,DC51-100-013,1,Juv,PAME,ANTI,31
2015,2015,Oct,10/7/2015,SEFL,Inner,DC5,DC51,DC51-100-013,1,Juv,EUNI,EUNI,2
2015,2015,Oct,10/7/2015,SEFL,Inner,DC5,DC51,DC51-100-013,1,Juv,GVEN,GVEN,2
2015,2015,Oct,10/7/2015,SEFL,Inner,DC5,DC51,DC51-100-057,1,Juv,GVEN,GVEN,4
2015,2015,Oct,10/7/2015,SEFL,Inner,DC5,DC51,DC51-100-076,0,NA,NA,NA,NA
2015,2015,Oct,10/7/2015,SEFL,Inner,DC5,DC51,DC51-100-127,1,Juv,PAME,ANTI,28
2015,2015,Oct,10/7/2015,SEFL,Inner,DC5,DC51,DC51-500-018,0,NA,NA,NA,NA
2015,2015,Oct,10/7/2015,SEFL,Inner,DC5,DC51,DC51-500-095,0,NA,NA,NA,NA
2015,2015,Oct,10/7/2015,SEFL,Inner,DC5,DC51,DC51-500-145,0,NA,NA,NA,NA
2015,2015,Oct,10/7/2015,SEFL,Inner,DC5,DC51,DC51-500-165,0,NA,NA,NA,NA
2015,2015,Oct,10/7/2015,SEFL,Inner,DC5,DC52,DC52-100-059,1,Juv,ANTI/GVEN,AG,15
2015,2015,Oct,10/7/2015,SEFL,Inner,DC5,DC52,DC52-100-059,1,Juv,PFLE,EUNI,14
2015,2015,Oct,10/7/2015,SEFL,Inner,DC5,DC52,DC52-100-104,1,Juv,ANTI/GVEN,AG,7
2015,2015,Oct,10/7/2015,SEFL,Inner,DC5,DC52,DC52-100-118,1,Juv,ANTI,ANTI,18
2015,2015,Oct,10/7/2015,SEFL,Inner,DC5,DC52,DC52-100-177,1,Juv,EUNI,EUNI,30
2015,2015,Oct,10/7/2015,SEFL,Inner,DC5,DC52,DC52-100-177,1,Juv,EUNI,EUNI,8
2015,2015,Oct,10/7/2015,SEFL,Inner,DC5,DC52,DC52-100-177,1,Juv,EUNI,EUNI,27
2015,2015,Oct,10/7/2015,SEFL,Inner,DC5,DC52,DC52-100-177,1,Juv,EUNI,EUNI,16
2015,2015,Oct,10/7/2015,SEFL,Inner,DC5,DC52,DC52-500-075,0,NA,NA,NA,NA
2015,2015,Oct,10/7/2015,SEFL,Inner,DC5,DC52,DC52-500-104,1,Juv,EUNI,EUNI,5
2015,2015,Oct,10/7/2015,SEFL,Inner,DC5,DC52,DC52-500-104,1,Juv,UNKO,UNKO,22
2015,2015,Oct,10/7/2015,SEFL,Inner,DC5,DC52,DC52-500-104,1,Juv,UNKO,UNKO,6
2015,2015,Oct,10/7/2015,SEFL,Inner,DC5,DC52,DC52-500-104,1,Juv,UNKO,UNKO,20
2015,2015,Oct,10/7/2015,SEFL,Inner,DC5,DC52,DC52-500-104,1,Juv,UNKO,UNKO,23
2015,2015,Oct,10/7/2015,SEFL,Inner,DC5,DC52,DC52-500-104,1,Juv,UNKO,UNKO,15
2015,2015,Oct,10/7/2015,SEFL,Inner,DC5,DC52,DC52-500-140,1,Juv,EUNI,EUNI,26
2015,2015,Oct,10/7/2015,SEFL,Inner,DC5,DC52,DC52-500-140,1,Juv,PSEU,PSEU,26
2015,2015,Oct,10/7/2015,SEFL,Inner,DC5,DC52,DC52-500-140,1,Juv,UNKO,UNKO,4
2015,2015,Oct,10/7/2015,SEFL,Inner,DC5,DC52,DC52-500-161,0,NA,NA,NA,NA
2015,2015,Oct,10/7/2015,SEFL,Inner,DC5,DC53,DC53-100-085,1,Juv,EUNI,EUNI,7
2015,2015,Oct,10/7/2015,SEFL,Inner,DC5,DC53,DC53-100-114,0,NA,NA,NA,NA
2015,2015,Oct,10/7/2015,SEFL,Inner,DC5,DC53,DC53-100-150,1,Juv,EUNI,EUNI,15
2015,2015,Oct,10/7/2015,SEFL,Inner,DC5,DC53,DC53-100-183,0,NA,NA,NA,NA
2015,2015,Oct,10/7/2015,SEFL,Inner,DC5,DC53,DC53-500-004,1,Juv,ANTI,ANTI,32
2015,2015,Oct,10/7/2015,SEFL,Inner,DC5,DC53,DC53-500-004,1,Juv,EUNI,EUNI,29
2015,2015,Oct,10/7/2015,SEFL,Inner,DC5,DC53,DC53-500-084,1,Juv,PAME,ANTI,15
2015,2015,Oct,10/7/2015,SEFL,Inner,DC5,DC53,DC53-500-084,1,Juv,EUNI,EUNI,28
2015,2015,Oct,10/7/2015,SEFL,Inner,DC5,DC53,DC53-500-084,1,Juv,PTER,PTER,29
2015,2015,Oct,10/7/2015,SEFL,Inner,DC5,DC53,DC53-500-136,1,Juv,ANTI,ANTI,12
2015,2015,Oct,10/7/2015,SEFL,Inner,DC5,DC53,DC53-500-136,1,Juv,EUNI,EUNI,8
2015,2015,Oct,10/7/2015,SEFL,Inner,DC5,DC53,DC53-500-136,1,Juv,UNKO,UNKO,4
2015,2015,Oct,10/7/2015,SEFL,Inner,DC5,DC53,DC53-500-178,1,Juv,ANTI,ANTI,3
2015,2015,Oct,10/7/2015,SEFL,Inner,DC5,DC53,DC53-500-178,1,Juv,PAME,ANTI,34
2015,2015,Oct,10/7/2015,SEFL,Inner,DC5,DC53,DC53-500-178,1,Juv,EUNI,EUNI,18
2015,2015,Oct,10/7/2015,SEFL,Inner,DC5,DC54,DC54-100-077,1,Juv,EUNI,EUNI,4
2015,2015,Oct,10/7/2015,SEFL,Inner,DC5,DC54,DC54-100-077,1,Juv,UNKO,UNKO,9
2015,2015,Oct,10/7/2015,SEFL,Inner,DC5,DC54,DC54-100-077,1,Juv,UNKO,UNKO,15
2015,2015,Oct,10/7/2015,SEFL,Inner,DC5,DC54,DC54-100-089,1,Juv,EUNI,EUNI,30
2015,2015,Oct,10/7/2015,SEFL,Inner,DC5,DC54,DC54-100-089,1,Juv,EUNI,EUNI,6
2015,2015,Oct,10/7/2015,SEFL,Inner,DC5,DC54,DC54-100-089,1,Juv,EUNI,EUNI,3
2015,2015,Oct,10/7/2015,SEFL,Inner,DC5,DC54,DC54-100-089,1,Juv,EUNI,EUNI,39
2015,2015,Oct,10/7/2015,SEFL,Inner,DC5,DC54,DC54-100-089,1,Juv,EUNI,EUNI,33
2015,2015,Oct,10/7/2015,SEFL,Inner,DC5,DC54,DC54-100-123,1,Juv,PAME,ANTI,39
2015,2015,Oct,10/7/2015,SEFL,Inner,DC5,DC54,DC54-100-123,1,Juv,PAME,ANTI,22
2015,2015,Oct,10/7/2015,SEFL,Inner,DC5,DC54,DC54-100-123,1,Juv,EUNI,EUNI,17
2015,2015,Oct,10/7/2015,SEFL,Inner,DC5,DC54,DC54-100-138,1,Juv,PAME,ANTI,38
2015,2015,Oct,10/7/2015,SEFL,Inner,DC5,DC54,DC54-100-138,1,Juv,EUNI,EUNI,4
2015,2015,Oct,10/7/2015,SEFL,Inner,DC5,DC54,DC54-100-138,1,Juv,EUNI,EUNI,30
2015,2015,Oct,10/7/2015,SEFL,Inner,DC5,DC54,DC54-100-138,1,Juv,EUNI,EUNI,13
2015,2015,Oct,10/7/2015,SEFL,Inner,DC5,DC54,DC54-500-015,1,Juv,ANTI,ANTI,5
2015,2015,Oct,10/7/2015,SEFL,Inner,DC5,DC54,DC54-500-015,1,Juv,PAME,ANTI,37
2015,2015,Oct,10/7/2015,SEFL,Inner,DC5,DC54,DC54-500-046,1,Juv,ANTI,ANTI,10
2015,2015,Oct,10/7/2015,SEFL,Inner,DC5,DC54,DC54-500-046,1,Juv,PAME,ANTI,34
2015,2015,Oct,10/7/2015,SEFL,Inner,DC5,DC54,DC54-500-046,1,Juv,PAME,ANTI,30
2015,2015,Oct,10/7/2015,SEFL,Inner,DC5,DC54,DC54-500-046,1,Juv,EUNI,EUNI,5
2015,2015,Oct,10/7/2015,SEFL,Inner,DC5,DC54,DC54-500-059,0,NA,NA,NA,NA
2015,2015,Oct,10/7/2015,SEFL,Inner,DC5,DC54,DC54-500-168,0,NA,NA,NA,NA
2015,2015,Oct,10/12/2015,SEFL,Nearshore,DC6,DC61,DC61-100-065,1,Juv,GVEN,GVEN,38
2015,2015,Oct,10/12/2015,SEFL,Nearshore,DC6,DC61,DC61-100-078,1,Juv,ANTI,ANTI,7
2015,2015,Oct,10/12/2015,SEFL,Nearshore,DC6,DC61,DC61-100-137,1,Juv,EUNI,EUNI,9
2015,2015,Oct,10/12/2015,SEFL,Nearshore,DC6,DC61,DC61-100-162,1,Juv,ANTI,ANTI,39
2015,2015,Oct,10/12/2015,SEFL,Nearshore,DC6,DC61,DC61-500-017,1,Juv,BRIA,BRIA,20
2015,2015,Oct,10/12/2015,SEFL,Nearshore,DC6,DC61,DC61-500-091,0,NA,NA,NA,NA
2015,2015,Oct,10/12/2015,SEFL,Nearshore,DC6,DC61,DC61-500-132,0,NA,NA,NA,NA
2015,2015,Oct,10/12/2015,SEFL,Nearshore,DC6,DC61,DC61-500-184,1,Juv,BRIA,BRIA,20
2015,2015,Oct,10/12/2015,SEFL,Nearshore,DC6,DC61,DC61-500-184,1,Juv,BRIA,BRIA,5
2015,2015,Oct,10/12/2015,SEFL,Nearshore,DC6,DC61,DC61-500-184,1,Uns,EUNI,EUNI,30
2015,2015,Oct,10/12/2015,SEFL,Nearshore,DC6,DC62,DC62-100-052,0,NA,NA,NA,NA
2015,2015,Oct,10/12/2015,SEFL,Nearshore,DC6,DC62,DC62-100-084,1,Juv,EUNI,EUNI,5
2015,2015,Oct,10/12/2015,SEFL,Nearshore,DC6,DC62,DC62-100-141,0,NA,NA,NA,NA
2015,2015,Oct,10/12/2015,SEFL,Nearshore,DC6,DC62,DC62-100-163,0,NA,NA,NA,NA
2015,2015,Oct,10/12/2015,SEFL,Nearshore,DC6,DC62,DC62-500-082,1,Juv,BRIA,BRIA,35
2015,2015,Oct,10/12/2015,SEFL,Nearshore,DC6,DC62,DC62-500-114,1,Juv,EUNI,EUNI,15
2015,2015,Oct,10/12/2015,SEFL,Nearshore,DC6,DC62,DC62-500-132,1,Juv,EUNI,EUNI,18
2015,2015,Oct,10/12/2015,SEFL,Nearshore,DC6,DC62,DC62-500-205,1,Juv,BRIA,BRIA,6
2015,2015,Oct,10/12/2015,SEFL,Nearshore,DC6,DC63,DC63-100-060,1,Juv,BRIA,BRIA,25
2015,2015,Oct,10/12/2015,SEFL,Nearshore,DC6,DC63,DC63-100-060,1,Juv,EUNI,EUNI,8
2015,2015,Oct,10/12/2015,SEFL,Nearshore,DC6,DC63,DC63-100-060,1,Juv,UNKO,UNKO,2
2015,2015,Oct,10/12/2015,SEFL,Nearshore,DC6,DC63,DC63-100-108,1,Juv,PAME,ANTI,9
2015,2015,Oct,10/12/2015,SEFL,Nearshore,DC6,DC63,DC63-100-108,1,Juv,BRIA,BRIA,2
2015,2015,Oct,10/12/2015,SEFL,Nearshore,DC6,DC63,DC63-100-108,1,Juv,BRIA,BRIA,8
2015,2015,Oct,10/12/2015,SEFL,Nearshore,DC6,DC63,DC63-100-108,1,Juv,EUNI,EUNI,32
2015,2015,Oct,10/12/2015,SEFL,Nearshore,DC6,DC63,DC63-100-108,1,Juv,EUNI,EUNI,17
2015,2015,Oct,10/12/2015,SEFL,Nearshore,DC6,DC63,DC63-100-108,1,Juv,EUNI,EUNI,18
2015,2015,Oct,10/12/2015,SEFL,Nearshore,DC6,DC63,DC63-100-108,1,Juv,EUNI,EUNI,24
2015,2015,Oct,10/12/2015,SEFL,Nearshore,DC6,DC63,DC63-100-108,1,Juv,EUNI,EUNI,29
2015,2015,Oct,10/12/2015,SEFL,Nearshore,DC6,DC63,DC63-100-165,0,NA,NA,NA,NA
2015,2015,Oct,10/12/2015,SEFL,Nearshore,DC6,DC63,DC63-100-194,1,Juv,PAME,ANTI,13
2015,2015,Oct,10/12/2015,SEFL,Nearshore,DC6,DC63,DC63-100-194,1,Juv,BRIA,BRIA,3
2015,2015,Oct,10/12/2015,SEFL,Nearshore,DC6,DC63,DC63-100-194,1,Juv,EUNI,EUNI,39
2015,2015,Oct,10/12/2015,SEFL,Nearshore,DC6,DC63,DC63-100-194,1,Juv,EUNI,EUNI,30
2015,2015,Oct,10/12/2015,SEFL,Nearshore,DC6,DC63,DC63-500-046,0,NA,NA,NA,NA
2015,2015,Oct,10/12/2015,SEFL,Nearshore,DC6,DC63,DC63-500-091,1,Juv,EUNI,EUNI,12
2015,2015,Oct,10/12/2015,SEFL,Nearshore,DC6,DC63,DC63-500-142,1,Juv,EUNI,EUNI,23
2015,2015,Oct,10/12/2015,SEFL,Nearshore,DC6,DC63,DC63-500-142,1,Juv,EUNI,EUNI,35
2015,2015,Oct,10/12/2015,SEFL,Nearshore,DC6,DC63,DC63-500-195,1,Juv,BRIA,BRIA,39
2015,2015,Oct,10/12/2015,SEFL,Nearshore,DC6,DC64,DC64-100-097,1,Juv,EUNI,EUNI,3
2015,2015,Oct,10/12/2015,SEFL,Nearshore,DC6,DC64,DC64-100-097,1,Juv,EUNI,EUNI,15
2015,2015,Oct,10/12/2015,SEFL,Nearshore,DC6,DC64,DC64-100-097,1,Juv,GVEN,GVEN,21
2015,2015,Oct,10/12/2015,SEFL,Nearshore,DC6,DC64,DC64-100-128,0,NA,NA,NA,NA
2015,2015,Oct,10/12/2015,SEFL,Nearshore,DC6,DC64,DC64-100-176,1,Juv,EUNI,EUNI,31
2015,2015,Oct,10/12/2015,SEFL,Nearshore,DC6,DC64,DC64-100-176,1,Juv,EUNI,EUNI,5
2015,2015,Oct,10/12/2015,SEFL,Nearshore,DC6,DC64,DC64-100-193,1,Juv,EUNI,EUNI,8
2015,2015,Oct,10/12/2015,SEFL,Nearshore,DC6,DC64,DC64-500-017,0,NA,NA,NA,NA
2015,2015,Oct,10/12/2015,SEFL,Nearshore,DC6,DC64,DC64-500-056,1,Juv,PAME,ANTI,18
2015,2015,Oct,10/12/2015,SEFL,Nearshore,DC6,DC64,DC64-500-091,1,Juv,BRIA,BRIA,29
2015,2015,Oct,10/12/2015,SEFL,Nearshore,DC6,DC64,DC64-500-113,1,Juv,BRIA,BRIA,24
2015,2015,Oct,10/12/2015,SEFL,Nearshore,DC6,DC64,DC64-500-113,1,Juv,BRIA,BRIA,37
2015,2015,Oct,10/12/2015,SEFL,Nearshore,DC6,DC64,DC64-500-113,1,Juv,EUNI,EUNI,10
2015,2015,Oct,10/14/2015,SEFL,Middle,DC7,DC71,DC71-100-043,1,Juv,PAME,ANTI,20
2015,2015,Oct,10/14/2015,SEFL,Middle,DC7,DC71,DC71-100-085,1,Juv,EUNI,EUNI,39
2015,2015,Oct,10/14/2015,SEFL,Middle,DC7,DC71,DC71-100-085,1,Juv,EUNI,EUNI,21
2015,2015,Oct,10/14/2015,SEFL,Middle,DC7,DC71,DC71-100-085,1,Juv,EUNI,EUNI,21
2015,2015,Oct,10/14/2015,SEFL,Middle,DC7,DC71,DC71-100-110,0,NA,NA,NA,NA
2015,2015,Oct,10/12/2015,SEFL,Middle,DC7,DC71,DC71-100-155,0,NA,NA,NA,NA
2015,2015,Oct,10/14/2015,SEFL,Middle,DC7,DC71,DC71-500-036,0,NA,NA,NA,NA
2015,2015,Oct,10/14/2015,SEFL,Middle,DC7,DC71,DC71-500-079,1,Juv,EUNI,EUNI,27
2015,2015,Oct,10/14/2015,SEFL,Middle,DC7,DC71,DC71-500-113,0,NA,NA,NA,NA
2015,2015,Oct,10/12/2015,SEFL,Middle,DC7,DC71,DC71-500-175,0,NA,NA,NA,NA
2015,2015,Oct,10/12/2015,SEFL,Middle,DC7,DC72,DC72-100-044,1,Juv,EUNI,EUNI,30
2015,2015,Oct,10/12/2015,SEFL,Middle,DC7,DC72,DC72-100-044,1,Juv,EUNI,EUNI,38
2015,2015,Oct,10/12/2015,SEFL,Middle,DC7,DC72,DC72-100-090,1,Juv,PSEU,PSEU,27
2015,2015,Oct,10/12/2015,SEFL,Middle,DC7,DC72,DC72-100-128,1,Juv,BRIA,BRIA,10
2015,2015,Oct,10/12/2015,SEFL,Middle,DC7,DC72,DC72-100-128,1,Juv,ECAL,EUNI,7
2015,2015,Oct,10/12/2015,SEFL,Middle,DC7,DC72,DC72-100-182,0,NA,NA,NA,NA
2015,2015,Oct,10/12/2015,SEFL,Middle,DC7,DC72,DC72-500-036,1,Juv,EUNI,EUNI,8
2015,2015,Oct,10/12/2015,SEFL,Middle,DC7,DC72,DC72-500-099,0,NA,NA,NA,NA
2015,2015,Oct,10/12/2015,SEFL,Middle,DC7,DC72,DC72-500-153,1,Juv,ANTI,ANTI,26
2015,2015,Oct,10/12/2015,SEFL,Middle,DC7,DC72,DC72-500-153,1,Juv,UNKO,UNKO,3
2015,2015,Oct,10/12/2015,SEFL,Middle,DC7,DC72,DC72-500-169,0,NA,NA,NA,NA
2015,2015,Oct,10/12/2015,SEFL,Middle,DC7,DC73,DC73-100-080,0,NA,NA,NA,NA
2015,2015,Oct,10/12/2015,SEFL,Middle,DC7,DC73,DC73-100-109,1,Juv,UNKO,UNKO,1
2015,2015,Oct,10/12/2015,SEFL,Middle,DC7,DC73,DC73-100-129,1,Juv,EUNI,EUNI,6
2015,2015,Oct,10/12/2015,SEFL,Middle,DC7,DC73,DC73-100-129,1,Juv,UNKO,UNKO,1
2015,2015,Oct,10/12/2015,SEFL,Middle,DC7,DC73,DC73-100-196,1,Juv,EUNI,EUNI,15
2015,2015,Oct,10/12/2015,SEFL,Middle,DC7,DC73,DC73-500-059,0,NA,NA,NA,NA
2015,2015,Oct,10/12/2015,SEFL,Middle,DC7,DC73,DC73-500-083,0,NA,NA,NA,NA
2015,2015,Oct,10/12/2015,SEFL,Middle,DC7,DC73,DC73-500-134,0,NA,NA,NA,NA
2015,2015,Oct,10/12/2015,SEFL,Middle,DC7,DC73,DC73-500-168,0,NA,NA,NA,NA
2015,2015,Oct,10/14/2015,SEFL,Middle,DC7,DC74,DC74-100-000,0,NA,NA,NA,NA
2015,2015,Oct,10/14/2015,SEFL,Middle,DC7,DC74,DC74-100-045,1,Uns,BRIA,BRIA,21
2015,2015,Oct,10/14/2015,SEFL,Middle,DC7,DC74,DC74-100-045,1,Uns,BRIA,BRIA,14
2015,2015,Oct,10/14/2015,SEFL,Middle,DC7,DC74,DC74-100-045,1,Juv,EUNI,EUNI,30
2015,2015,Oct,10/14/2015,SEFL,Middle,DC7,DC74,DC74-100-156,1,Juv,EUNI,EUNI,12
2015,2015,Oct,10/14/2015,SEFL,Middle,DC7,DC74,DC74-100-156,1,Juv,EUNI,EUNI,7
2015,2015,Oct,10/14/2015,SEFL,Middle,DC7,DC74,DC74-100-156,1,Juv,EUNI,EUNI,32
2015,2015,Oct,10/14/2015,SEFL,Middle,DC7,DC74,DC74-100-186,0,NA,NA,NA,NA
2015,2015,Oct,10/14/2015,SEFL,Middle,DC7,DC74,DC74-500-037,0,NA,NA,NA,NA
2015,2015,Oct,10/14/2015,SEFL,Middle,DC7,DC74,DC74-500-075,1,Juv,BRIA,BRIA,7
2015,2015,Oct,10/14/2015,SEFL,Middle,DC7,DC74,DC74-500-136,1,Juv,ANTI,ANTI,7
2015,2015,Oct,10/14/2015,SEFL,Middle,DC7,DC74,DC74-500-136,1,Juv,BRIA,BRIA,9
2015,2015,Oct,10/14/2015,SEFL,Middle,DC7,DC74,DC74-500-136,1,Juv,PFLE,EUNI,25
2015,2015,Oct,10/14/2015,SEFL,Middle,DC7,DC74,DC74-500-194,0,NA,NA,NA,NA
2015,2015,Oct,10/9/2015,SEFL,Nearshore,DC8,DC81,DC81-100-002,1,Juv,BRIA,BRIA,16
2015,2015,Oct,10/9/2015,SEFL,Nearshore,DC8,DC81,DC81-100-002,1,Juv,EUNI,EUNI,35
2015,2015,Oct,10/9/2015,SEFL,Nearshore,DC8,DC81,DC81-100-002,1,Juv,EUNI,EUNI,14
2015,2015,Oct,10/9/2015,SEFL,Nearshore,DC8,DC81,DC81-100-002,1,Juv,EUNI,EUNI,9
2015,2015,Oct,10/9/2015,SEFL,Nearshore,DC8,DC81,DC81-100-002,1,Juv,GVEN,GVEN,22
2015,2015,Oct,10/9/2015,SEFL,Nearshore,DC8,DC81,DC81-100-002,1,Juv,PSEU,PSEU,14
2015,2015,Oct,10/9/2015,SEFL,Nearshore,DC8,DC81,DC81-100-029,1,Juv,EUNI,EUNI,28
2015,2015,Oct,10/9/2015,SEFL,Nearshore,DC8,DC81,DC81-100-029,1,Juv,EUNI,EUNI,17
2015,2015,Oct,10/9/2015,SEFL,Nearshore,DC8,DC81,DC81-100-029,1,Juv,GVEN,GVEN,30
2015,2015,Oct,10/9/2015,SEFL,Nearshore,DC8,DC81,DC81-100-029,1,Juv,GVEN,GVEN,22
2015,2015,Oct,10/9/2015,SEFL,Nearshore,DC8,DC81,DC81-100-029,1,Juv,PLEL,PLEL,34
2015,2015,Oct,10/9/2015,SEFL,Nearshore,DC8,DC81,DC81-100-029,1,Juv,PSEU,PSEU,8
2015,2015,Oct,10/9/2015,SEFL,Nearshore,DC8,DC81,DC81-100-029,1,Juv,PSEU,PSEU,19
2015,2015,Oct,10/9/2015,SEFL,Nearshore,DC8,DC81,DC81-100-092,1,Juv,ECAL,EUNI,17
2015,2015,Oct,10/9/2015,SEFL,Nearshore,DC8,DC81,DC81-100-092,1,Juv,EUNI,EUNI,3
2015,2015,Oct,10/9/2015,SEFL,Nearshore,DC8,DC81,DC81-100-092,1,Juv,EUNI,EUNI,11
2015,2015,Oct,10/9/2015,SEFL,Nearshore,DC8,DC81,DC81-100-092,1,Juv,EUNI,EUNI,7
2015,2015,Oct,10/9/2015,SEFL,Nearshore,DC8,DC81,DC81-100-128,1,Juv,ANTI,ANTI,9
2015,2015,Oct,10/9/2015,SEFL,Nearshore,DC8,DC81,DC81-100-128,1,Juv,EUNI,EUNI,7
2015,2015,Oct,10/9/2015,SEFL,Nearshore,DC8,DC81,DC81-100-128,1,Juv,EUNI,EUNI,32
2015,2015,Oct,10/9/2015,SEFL,Nearshore,DC8,DC81,DC81-100-128,1,Juv,EUNI,EUNI,9
2015,2015,Oct,10/9/2015,SEFL,Nearshore,DC8,DC81,DC81-100-128,1,Juv,EUNI,EUNI,10
2015,2015,Oct,10/9/2015,SEFL,Nearshore,DC8,DC81,DC81-100-128,1,Juv,EUNI,EUNI,16
2015,2015,Oct,10/9/2015,SEFL,Nearshore,DC8,DC81,DC81-100-128,1,Juv,EUNI,EUNI,7
2015,2015,Oct,10/9/2015,SEFL,Nearshore,DC8,DC81,DC81-100-128,1,Juv,PLEL,PLEL,15
2015,2015,Oct,10/9/2015,SEFL,Nearshore,DC8,DC81,DC81-100-128,1,Juv,PLEL,PLEL,20
2015,2015,Oct,10/9/2015,SEFL,Nearshore,DC8,DC81,DC81-100-128,1,Juv,PSEU,PSEU,25
2015,2015,Oct,10/9/2015,SEFL,Nearshore,DC8,DC81,DC81-500-002,1,Juv,EUNI,EUNI,13
2015,2015,Oct,10/9/2015,SEFL,Nearshore,DC8,DC81,DC81-500-002,1,Juv,EUNI,EUNI,13
2015,2015,Oct,10/9/2015,SEFL,Nearshore,DC8,DC81,DC81-500-002,1,Juv,EUNI,EUNI,12
2015,2015,Oct,10/9/2015,SEFL,Nearshore,DC8,DC81,DC81-500-002,1,Juv,EUNI,EUNI,14
2015,2015,Oct,10/9/2015,SEFL,Nearshore,DC8,DC81,DC81-500-002,1,Juv,EUNI,EUNI,7
2015,2015,Oct,10/9/2015,SEFL,Nearshore,DC8,DC81,DC81-500-002,1,Juv,EUNI,EUNI,19
2015,2015,Oct,10/9/2015,SEFL,Nearshore,DC8,DC81,DC81-500-002,1,Juv,EUNI,EUNI,20
2015,2015,Oct,10/9/2015,SEFL,Nearshore,DC8,DC81,DC81-500-002,1,Juv,PPOR,PSEU,30
2015,2015,Oct,10/9/2015,SEFL,Nearshore,DC8,DC81,DC81-500-097,1,Juv,ANTI,ANTI,36
2015,2015,Oct,10/9/2015,SEFL,Nearshore,DC8,DC81,DC81-500-097,1,Juv,EUNI,EUNI,4
2015,2015,Oct,10/9/2015,SEFL,Nearshore,DC8,DC81,DC81-500-097,1,Juv,EUNI,EUNI,10
2015,2015,Oct,10/9/2015,SEFL,Nearshore,DC8,DC81,DC81-500-097,1,Juv,UNKO,UNKO,3
2015,2015,Oct,10/9/2015,SEFL,Nearshore,DC8,DC81,DC81-500-097,1,Juv,UNKO,UNKO,5
2015,2015,Oct,10/9/2015,SEFL,Nearshore,DC8,DC81,DC81-500-154,1,Juv,PAME,ANTI,23
2015,2015,Oct,10/9/2015,SEFL,Nearshore,DC8,DC81,DC81-500-154,1,Juv,PAME,ANTI,32
2015,2015,Oct,10/9/2015,SEFL,Nearshore,DC8,DC81,DC81-500-154,1,Juv,EUNI,EUNI,14
2015,2015,Oct,10/9/2015,SEFL,Nearshore,DC8,DC81,DC81-500-154,1,Juv,EUNI,EUNI,34
2015,2015,Oct,10/9/2015,SEFL,Nearshore,DC8,DC81,DC81-500-186,1,Juv,EUNI,EUNI,23
2015,2015,Oct,10/9/2015,SEFL,Nearshore,DC8,DC81,DC81-500-186,1,Juv,EUNI,EUNI,4
2015,2015,Oct,10/9/2015,SEFL,Nearshore,DC8,DC81,DC81-500-186,1,Juv,PPOR,PSEU,12
2015,2015,Oct,10/9/2015,SEFL,Nearshore,DC8,DC82,DC82-100-052,1,Juv,BRIA,BRIA,18
2015,2015,Oct,10/9/2015,SEFL,Nearshore,DC8,DC82,DC82-100-052,1,Juv,ECAL,EUNI,29
2015,2015,Oct,10/9/2015,SEFL,Nearshore,DC8,DC82,DC82-100-052,1,Juv,EUNI,EUNI,21
2015,2015,Oct,10/9/2015,SEFL,Nearshore,DC8,DC82,DC82-100-052,1,Juv,EUNI,EUNI,39
2015,2015,Oct,10/9/2015,SEFL,Nearshore,DC8,DC82,DC82-100-077,1,Juv,EUNI,EUNI,18
2015,2015,Oct,10/9/2015,SEFL,Nearshore,DC8,DC82,DC82-100-077,1,Juv,EUNI,EUNI,13
2015,2015,Oct,10/9/2015,SEFL,Nearshore,DC8,DC82,DC82-100-077,1,Juv,EUNI,EUNI,16
2015,2015,Oct,10/9/2015,SEFL,Nearshore,DC8,DC82,DC82-100-077,1,Juv,EUNI,EUNI,22
2015,2015,Oct,10/9/2015,SEFL,Nearshore,DC8,DC82,DC82-100-077,1,Juv,EUNI,EUNI,9
2015,2015,Oct,10/9/2015,SEFL,Nearshore,DC8,DC82,DC82-100-077,1,Juv,PPOR,PSEU,24
2015,2015,Oct,10/9/2015,SEFL,Nearshore,DC8,DC82,DC82-100-108,1,Juv,ANTI,ANTI,31
2015,2015,Oct,10/9/2015,SEFL,Nearshore,DC8,DC82,DC82-100-108,1,Juv,EUNI,EUNI,25
2015,2015,Oct,10/9/2015,SEFL,Nearshore,DC8,DC82,DC82-100-108,1,Juv,EUNI,EUNI,28
2015,2015,Oct,10/9/2015,SEFL,Nearshore,DC8,DC82,DC82-100-108,1,Juv,PFLE,EUNI,14
2015,2015,Oct,10/9/2015,SEFL,Nearshore,DC8,DC82,DC82-100-136,1,Juv,MURI,MURI,30
2015,2015,Oct,10/9/2015,SEFL,Nearshore,DC8,DC82,DC82-100-171,1,Juv,EUNI,EUNI,39
2015,2015,Oct,10/9/2015,SEFL,Nearshore,DC8,DC82,DC82-100-171,1,Juv,EUNI,EUNI,35
2015,2015,Oct,10/9/2015,SEFL,Nearshore,DC8,DC82,DC82-500-004,1,Juv,EUNI,EUNI,5
2015,2015,Oct,10/9/2015,SEFL,Nearshore,DC8,DC82,DC82-500-004,1,Juv,EUNI,EUNI,4
2015,2015,Oct,10/9/2015,SEFL,Nearshore,DC8,DC82,DC82-500-004,1,Juv,PPOR,PSEU,33
2015,2015,Oct,10/9/2015,SEFL,Nearshore,DC8,DC82,DC82-500-104,1,Juv,ECAL,EUNI,16
2015,2015,Oct,10/9/2015,SEFL,Nearshore,DC8,DC82,DC82-500-141,1,Juv,EUNI,EUNI,30
2015,2015,Oct,10/9/2015,SEFL,Nearshore,DC8,DC82,DC82-500-141,1,Juv,PPOR,PSEU,20
2015,2015,Oct,10/9/2015,SEFL,Nearshore,DC8,DC83,DC83-100-032,1,Juv,PAME,ANTI,34
2015,2015,Oct,10/9/2015,SEFL,Nearshore,DC8,DC83,DC83-100-032,1,Juv,EUNI,EUNI,17
2015,2015,Oct,10/9/2015,SEFL,Nearshore,DC8,DC83,DC83-100-106,1,Juv,EUNI,EUNI,9
2015,2015,Oct,10/9/2015,SEFL,Nearshore,DC8,DC83,DC83-100-106,1,Juv,EUNI,EUNI,7
2015,2015,Oct,10/9/2015,SEFL,Nearshore,DC8,DC83,DC83-100-106,1,Juv,GVEN,GVEN,6
2015,2015,Oct,10/9/2015,SEFL,Nearshore,DC8,DC83,DC83-100-175,1,Juv,ANTI,ANTI,25
2015,2015,Oct,10/9/2015,SEFL,Nearshore,DC8,DC83,DC83-100-175,1,Juv,PAME,ANTI,26
2015,2015,Oct,10/9/2015,SEFL,Nearshore,DC8,DC83,DC83-100-175,1,Juv,PAME,ANTI,13
2015,2015,Oct,10/9/2015,SEFL,Nearshore,DC8,DC83,DC83-100-175,1,Juv,BRIA,BRIA,20
2015,2015,Oct,10/9/2015,SEFL,Nearshore,DC8,DC83,DC83-100-175,1,Juv,EUNI,EUNI,13
2015,2015,Oct,10/9/2015,SEFL,Nearshore,DC8,DC83,DC83-100-175,1,Juv,EUNI,EUNI,38
2015,2015,Oct,10/9/2015,SEFL,Nearshore,DC8,DC83,DC83-100-175,1,Juv,EUNI,EUNI,31
2015,2015,Oct,10/9/2015,SEFL,Nearshore,DC8,DC83,DC83-100-175,1,Juv,EUNI,EUNI,7
2015,2015,Oct,10/9/2015,SEFL,Nearshore,DC8,DC83,DC83-100-175,1,Juv,EUNI,EUNI,4
2015,2015,Oct,10/9/2015,SEFL,Nearshore,DC8,DC83,DC83-100-175,1,Juv,EUNI,EUNI,17
2015,2015,Oct,10/9/2015,SEFL,Nearshore,DC8,DC83,DC83-100-175,1,Juv,GVEN,GVEN,39
2015,2015,Oct,10/9/2015,SEFL,Nearshore,DC8,DC83,DC83-100-175,1,Juv,GVEN,GVEN,12
2015,2015,Oct,10/9/2015,SEFL,Nearshore,DC8,DC83,DC83-100-198,1,Juv,PAME,ANTI,24
2015,2015,Oct,10/9/2015,SEFL,Nearshore,DC8,DC83,DC83-100-198,1,Juv,EUNI,EUNI,27
2015,2015,Oct,10/9/2015,SEFL,Nearshore,DC8,DC83,DC83-500-019,1,Juv,ANTI,ANTI,39
2015,2015,Oct,10/9/2015,SEFL,Nearshore,DC8,DC83,DC83-500-019,1,Juv,EUNI,EUNI,15
2015,2015,Oct,10/9/2015,SEFL,Nearshore,DC8,DC83,DC83-500-068,1,Juv,MURI,MURI,39
2015,2015,Oct,10/9/2015,SEFL,Nearshore,DC8,DC83,DC83-500-149,1,Juv,ANTI,ANTI,13
2015,2015,Oct,10/9/2015,SEFL,Nearshore,DC8,DC83,DC83-500-149,1,Juv,ANTI,ANTI,28
2015,2015,Oct,10/9/2015,SEFL,Nearshore,DC8,DC83,DC83-500-149,1,Juv,ECAL,EUNI,33
2015,2015,Oct,10/9/2015,SEFL,Nearshore,DC8,DC83,DC83-500-149,1,Juv,EUNI,EUNI,33
2015,2015,Oct,10/9/2015,SEFL,Nearshore,DC8,DC83,DC83-500-149,1,Juv,EUNI,EUNI,4
2015,2015,Oct,10/9/2015,SEFL,Nearshore,DC8,DC83,DC83-500-149,1,Juv,EUNI,EUNI,9
2015,2015,Oct,10/9/2015,SEFL,Nearshore,DC8,DC83,DC83-500-192,1,Juv,ANTI,ANTI,29
2015,2015,Oct,10/9/2015,SEFL,Nearshore,DC8,DC83,DC83-500-192,1,Juv,UNKO,UNKO,3
2015,2015,Oct,10/9/2015,SEFL,Nearshore,DC8,DC84,DC84-100-022,1,Juv,PAME,ANTI,37
2015,2015,Oct,10/9/2015,SEFL,Nearshore,DC8,DC84,DC84-100-022,1,Juv,EUNI,EUNI,8
2015,2015,Oct,10/9/2015,SEFL,Nearshore,DC8,DC84,DC84-100-022,1,Juv,EUNI,EUNI,7
2015,2015,Oct,10/9/2015,SEFL,Nearshore,DC8,DC84,DC84-100-022,1,Juv,EUNI,EUNI,23
2015,2015,Oct,10/9/2015,SEFL,Nearshore,DC8,DC84,DC84-100-022,1,Juv,EUNI,EUNI,10
2015,2015,Oct,10/9/2015,SEFL,Nearshore,DC8,DC84,DC84-100-022,1,Juv,EUNI,EUNI,9
2015,2015,Oct,10/9/2015,SEFL,Nearshore,DC8,DC84,DC84-100-022,1,Juv,PFLE,EUNI,21
2015,2015,Oct,10/9/2015,SEFL,Nearshore,DC8,DC84,DC84-100-124,1,Juv,EUNI,EUNI,24
2015,2015,Oct,10/9/2015,SEFL,Nearshore,DC8,DC84,DC84-100-157,1,Juv,EUNI,EUNI,12
2015,2015,Oct,10/9/2015,SEFL,Nearshore,DC8,DC84,DC84-100-208,1,Juv,ANTI,ANTI,36
2015,2015,Oct,10/9/2015,SEFL,Nearshore,DC8,DC84,DC84-100-208,1,Juv,EUNI,EUNI,10
2015,2015,Oct,10/9/2015,SEFL,Nearshore,DC8,DC84,DC84-100-208,1,Juv,PPOR,PSEU,20
2015,2015,Oct,10/9/2015,SEFL,Nearshore,DC8,DC84,DC84-500-040,1,Juv,ANTI,ANTI,33
2015,2015,Oct,10/9/2015,SEFL,Nearshore,DC8,DC84,DC84-500-150,0,NA,NA,NA,NA
2015,2015,Oct,10/9/2015,SEFL,Nearshore,DC8,DC84,DC84-500-176,1,Juv,EUNI,EUNI,39
2015,2015,Oct,10/9/2015,SEFL,Nearshore,DC8,DC84,DC84-500-210,1,Juv,ANTI,ANTI,20
2015,2015,Oct,10/9/2015,SEFL,Nearshore,DC8,DC84,DC84-500-210,1,Juv,PAME,ANTI,15
2015,2015,Oct,10/9/2015,SEFL,Nearshore,DC8,DC84,DC84-500-210,1,Juv,PAME,ANTI,37
2015,2015,Oct,10/9/2015,SEFL,Nearshore,DC8,DC84,DC84-500-210,1,Juv,EUNI,EUNI,12
2015,2015,Oct,10/9/2015,SEFL,Nearshore,DC8,DC84,DC84-500-210,1,Juv,EUNI,EUNI,7
2015,2015,Oct,10/9/2015,SEFL,Nearshore,DC8,DC84,DC84-500-210,1,Juv,EUNI,EUNI,7
2015,2015,Oct,10/9/2015,SEFL,Nearshore,DC8,DC84,DC84-500-210,1,Juv,MURI,MURI,38
2016,2016,Aug,8/19/2016,LK,P,Red Dun Reef,261,261-100-010,0,NA,NA,NA,NA
2016,2016,Aug,8/19/2016,LK,P,Red Dun Reef,261,261-100-069,1,Juv,PAME,ANTI,8
2016,2016,Aug,8/19/2016,LK,P,Red Dun Reef,261,261-100-069,1,Juv,PPOR,PSEU,22
2016,2016,Aug,8/19/2016,LK,P,Red Dun Reef,261,261-100-093,0,NA,NA,NA,NA
2016,2016,Aug,8/19/2016,LK,P,Red Dun Reef,261,261-100-197,1,Juv,PAME,ANTI,39
2016,2016,Aug,8/19/2016,LK,P,Red Dun Reef,261,261-100-197,1,Juv,EUNI,EUNI,18
2016,2016,Aug,8/19/2016,LK,P,Red Dun Reef,261,261-100-197,1,Juv,EUNI,EUNI,23
2016,2016,Aug,8/19/2016,LK,P,Red Dun Reef,261,261-500-066,0,NA,NA,NA,NA
2016,2016,Aug,8/19/2016,LK,P,Red Dun Reef,261,261-500-076,0,NA,NA,NA,NA
2016,2016,Aug,8/19/2016,LK,P,Red Dun Reef,261,261-500-148,0,NA,NA,NA,NA
2016,2016,Aug,8/19/2016,LK,P,Red Dun Reef,261,261-500-196,1,Juv,ANTI,ANTI,18
2016,2016,Aug,8/19/2016,LK,P,Red Dun Reef,262,262-100-006,1,Juv,ANTI,ANTI,7
2016,2016,Aug,8/19/2016,LK,P,Red Dun Reef,262,262-100-006,1,Juv,UNKO,UNKO,3
2016,2016,Aug,8/19/2016,LK,P,Red Dun Reef,262,262-100-051,0,NA,NA,NA,NA
2016,2016,Aug,8/19/2016,LK,P,Red Dun Reef,262,262-100-088,1,Juv,EUNI,EUNI,9
2016,2016,Aug,8/19/2016,LK,P,Red Dun Reef,262,262-100-137,0,NA,NA,NA,NA
2016,2016,Aug,8/19/2016,LK,P,Red Dun Reef,262,262-500-040,0,NA,NA,NA,NA
2016,2016,Aug,8/19/2016,LK,P,Red Dun Reef,262,262-500-069,0,NA,NA,NA,NA
2016,2016,Aug,8/19/2016,LK,P,Red Dun Reef,262,262-500-115,0,NA,NA,NA,NA
2016,2016,Aug,8/19/2016,LK,P,Red Dun Reef,262,262-500-219,1,Juv,EUNI,EUNI,22
2016,2016,Aug,8/19/2016,LK,P,Red Dun Reef,262,262-500-219,1,Juv,PLEX,PLEX,32
2016,2016,Aug,8/19/2016,LK,P,Red Dun Reef,263,263-100-000,1,Juv,MURI,MURI,6
2016,2016,Aug,8/19/2016,LK,P,Red Dun Reef,263,263-100-028,1,Juv,BRIA,BRIA,21
2016,2016,Aug,8/19/2016,LK,P,Red Dun Reef,263,263-100-028,1,Juv,PPOR,PSEU,7
2016,2016,Aug,8/19/2016,LK,P,Red Dun Reef,263,263-100-083,0,NA,NA,NA,NA
2016,2016,Aug,8/19/2016,LK,P,Red Dun Reef,263,263-100-181,1,Juv,MURI,MURI,25
2016,2016,Aug,8/19/2016,LK,P,Red Dun Reef,263,263-100-181,1,Juv,PPOR,PSEU,24
2016,2016,Aug,8/19/2016,LK,P,Red Dun Reef,263,263-100-181,1,Juv,PPOR,PSEU,30
2016,2016,Aug,8/19/2016,LK,P,Red Dun Reef,263,263-100-181,1,Juv,PPOR,PSEU,35
2016,2016,Aug,8/19/2016,LK,P,Red Dun Reef,263,263-100-181,1,Juv,UNKO,UNKO,2
2016,2016,Aug,8/19/2016,LK,P,Red Dun Reef,263,263-500-015,0,NA,NA,NA,NA
2016,2016,Aug,8/19/2016,LK,P,Red Dun Reef,263,263-500-118,1,Juv,PLEX,PLEX,8
2016,2016,Aug,8/19/2016,LK,P,Red Dun Reef,263,263-500-118,1,Juv,PPOR,PSEU,28
2016,2016,Aug,8/19/2016,LK,P,Red Dun Reef,263,263-500-137,0,NA,NA,NA,NA
2016,2016,Aug,8/19/2016,LK,P,Red Dun Reef,263,263-500-158,0,NA,NA,NA,NA
2016,2016,Aug,8/19/2016,LK,P,Red Dun Reef,264,264-100-025,0,NA,NA,NA,NA
2016,2016,Aug,8/19/2016,LK,P,Red Dun Reef,264,264-100-069,0,NA,NA,NA,NA
2016,2016,Aug,8/19/2016,LK,P,Red Dun Reef,264,264-100-091,1,Juv,ANTI,ANTI,22
2016,2016,Aug,8/19/2016,LK,P,Red Dun Reef,264,264-100-133,1,Juv,EUNI,EUNI,3
2016,2016,Aug,8/19/2016,LK,P,Red Dun Reef,264,264-500-016,0,NA,NA,NA,NA
2016,2016,Aug,8/19/2016,LK,P,Red Dun Reef,264,264-500-033,1,Juv,PAME,ANTI,14
2016,2016,Aug,8/19/2016,LK,P,Red Dun Reef,264,264-500-147,0,NA,NA,NA,NA
2016,2016,Aug,8/19/2016,LK,P,Red Dun Reef,264,264-500-172,0,NA,NA,NA,NA
2016,2016,Sept,9/15/2016,UK,P,Porter Patch,321,321-100-017,1,Juv,PAME,ANTI,5
2016,2016,Sept,9/15/2016,UK,P,Porter Patch,321,321-100-017,1,Juv,EUNI,EUNI,8
2016,2016,Sept,9/15/2016,UK,P,Porter Patch,321,321-100-017,1,Juv,EUNI,EUNI,9
2016,2016,Sept,9/15/2016,UK,P,Porter Patch,321,321-100-017,1,Juv,GVEN,GVEN,17
2016,2016,Sept,9/15/2016,UK,P,Porter Patch,321,321-100-017,1,Juv,GVEN,GVEN,11
2016,2016,Sept,9/15/2016,UK,P,Porter Patch,321,321-100-017,1,Juv,PLEX,PLEX,38
2016,2016,Sept,9/15/2016,UK,P,Porter Patch,321,321-100-017,1,Juv,UNKO,UNKO,8
2016,2016,Sept,9/15/2016,UK,P,Porter Patch,321,321-100-058,1,Juv,GVEN,GVEN,37
2016,2016,Sept,9/15/2016,UK,P,Porter Patch,321,321-100-136,0,NA,NA,NA,NA
2016,2016,Sept,9/15/2016,UK,P,Porter Patch,321,321-100-163,1,Juv,ANTI,ANTI,4
2016,2016,Sept,9/15/2016,UK,P,Porter Patch,321,321-100-163,1,Juv,ANTI,ANTI,10
2016,2016,Sept,9/15/2016,UK,P,Porter Patch,321,321-100-163,1,Juv,ANTI,ANTI,5
2016,2016,Sept,9/15/2016,UK,P,Porter Patch,321,321-100-163,1,Juv,ANTI,ANTI,3
2016,2016,Sept,9/15/2016,UK,P,Porter Patch,321,321-100-163,1,Juv,PAME,ANTI,36
2016,2016,Sept,9/15/2016,UK,P,Porter Patch,321,321-100-163,1,Juv,MURI,MURI,35
2016,2016,Sept,9/15/2016,UK,P,Porter Patch,321,321-100-163,1,Juv,PSEU,PSEU,10
2016,2016,Sept,9/15/2016,UK,P,Porter Patch,321,321-500-024,1,Juv,ANTI,ANTI,9
2016,2016,Sept,9/15/2016,UK,P,Porter Patch,321,321-500-024,1,Juv,PAME,ANTI,13
2016,2016,Sept,9/15/2016,UK,P,Porter Patch,321,321-500-024,1,Juv,EUNI,EUNI,26
2016,2016,Sept,9/15/2016,UK,P,Porter Patch,321,321-500-024,1,Juv,GVEN,GVEN,33
2016,2016,Sept,9/15/2016,UK,P,Porter Patch,321,321-500-024,1,Juv,GVEN,GVEN,22
2016,2016,Sept,9/15/2016,UK,P,Porter Patch,321,321-500-024,1,Juv,PSEU,PSEU,13
2016,2016,Sept,9/15/2016,UK,P,Porter Patch,321,321-500-049,1,Juv,ANTI/GVEN,AG,2
2016,2016,Sept,9/15/2016,UK,P,Porter Patch,321,321-500-049,1,Juv,ANTI/GVEN,AG,3
2016,2016,Sept,9/15/2016,UK,P,Porter Patch,321,321-500-085,1,Juv,GVEN,GVEN,32
2016,2016,Sept,9/15/2016,UK,P,Porter Patch,321,321-500-085,1,Juv,GVEN,GVEN,33
2016,2016,Sept,9/15/2016,UK,P,Porter Patch,321,321-500-085,1,Juv,GVEN,GVEN,11
2016,2016,Sept,9/15/2016,UK,P,Porter Patch,321,321-500-212,1,Juv,EUNI,EUNI,10
2016,2016,Sept,9/15/2016,UK,P,Porter Patch,321,321-500-212,1,Juv,EUNI,EUNI,18
2016,2016,Sept,9/15/2016,UK,P,Porter Patch,321,321-500-212,1,Juv,EUNI,EUNI,4
2016,2016,Sept,9/15/2016,UK,P,Porter Patch,321,321-500-212,1,Juv,GVEN,GVEN,32
2016,2016,Sept,9/15/2016,UK,P,Porter Patch,321,321-500-212,1,Juv,GVEN,GVEN,31
2016,2016,Sept,9/15/2016,UK,P,Porter Patch,321,321-500-212,1,Juv,MURO,MURO,22
2016,2016,Sept,9/15/2016,UK,P,Porter Patch,322,322-100-026,1,Juv,PAME,ANTI,25
2016,2016,Sept,9/15/2016,UK,P,Porter Patch,322,322-100-026,1,Juv,MURI,MURI,28
2016,2016,Sept,9/15/2016,UK,P,Porter Patch,322,322-100-026,1,Juv,PLEX,PLEX,24
2016,2016,Sept,9/15/2016,UK,P,Porter Patch,322,322-100-026,1,Juv,PLEX,PLEX,9
2016,2016,Sept,9/15/2016,UK,P,Porter Patch,322,322-100-026,1,Juv,UNKO,UNKO,3
2016,2016,Sept,9/15/2016,UK,P,Porter Patch,322,322-100-069,1,Juv,ECAL,EUNI,11
2016,2016,Sept,9/15/2016,UK,P,Porter Patch,322,322-100-118,1,Juv,PLEX,PLEX,10
2016,2016,Sept,9/15/2016,UK,P,Porter Patch,322,322-100-118,1,Juv,UNKO,UNKO,4
2016,2016,Sept,9/15/2016,UK,P,Porter Patch,322,322-100-202,1,Juv,EUNI,EUNI,17
2016,2016,Sept,9/15/2016,UK,P,Porter Patch,322,322-100-202,1,Juv,GVEN,GVEN,20
2016,2016,Sept,9/15/2016,UK,P,Porter Patch,322,322-100-202,1,Juv,GVEN,GVEN,9
2016,2016,Sept,9/15/2016,UK,P,Porter Patch,322,322-100-202,1,Juv,UNKO,UNKO,3
2016,2016,Sept,9/15/2016,UK,P,Porter Patch,322,322-100-223,1,Juv,EUNI,EUNI,29
2016,2016,Sept,9/15/2016,UK,P,Porter Patch,322,322-100-223,1,Juv,PLEX,PLEX,34
2016,2016,Sept,9/15/2016,UK,P,Porter Patch,322,322-500-059,1,Juv,EUNI,EUNI,8
2016,2016,Sept,9/15/2016,UK,P,Porter Patch,322,322-500-059,1,Juv,EUNI,EUNI,6
2016,2016,Sept,9/15/2016,UK,P,Porter Patch,322,322-500-059,1,Juv,PFLE,EUNI,16
2016,2016,Sept,9/15/2016,UK,P,Porter Patch,322,322-500-059,1,Juv,PLEX,PLEX,9
2016,2016,Sept,9/15/2016,UK,P,Porter Patch,322,322-500-059,1,Juv,PLEX,PLEX,37
2016,2016,Sept,9/15/2016,UK,P,Porter Patch,322,322-500-070,1,Juv,ANTI,ANTI,33
2016,2016,Sept,9/15/2016,UK,P,Porter Patch,322,322-500-070,1,Juv,BRIA,BRIA,25
2016,2016,Sept,9/15/2016,UK,P,Porter Patch,322,322-500-070,1,Juv,EUNI,EUNI,17
2016,2016,Sept,9/15/2016,UK,P,Porter Patch,322,322-500-070,1,Juv,EUNI,EUNI,9
2016,2016,Sept,9/15/2016,UK,P,Porter Patch,322,322-500-070,1,Juv,PFLE,EUNI,18
2016,2016,Sept,9/15/2016,UK,P,Porter Patch,322,322-500-091,1,Juv,ANTI,ANTI,12
2016,2016,Sept,9/15/2016,UK,P,Porter Patch,322,322-500-091,1,Juv,BRIA,BRIA,30
2016,2016,Sept,9/15/2016,UK,P,Porter Patch,322,322-500-091,1,Juv,EUNI,EUNI,18
2016,2016,Sept,9/15/2016,UK,P,Porter Patch,322,322-500-091,1,Juv,GVEN,GVEN,36
2016,2016,Sept,9/15/2016,UK,P,Porter Patch,323,323-100-021,1,Juv,EUNI,EUNI,21
2016,2016,Sept,9/15/2016,UK,P,Porter Patch,323,323-100-072,1,Juv,ANTI,ANTI,17
2016,2016,Sept,9/15/2016,UK,P,Porter Patch,323,323-100-115,1,Juv,EUNI,EUNI,11
2016,2016,Sept,9/15/2016,UK,P,Porter Patch,323,323-100-115,1,Juv,EUNI,EUNI,2
2016,2016,Sept,9/15/2016,UK,P,Porter Patch,323,323-100-115,1,Juv,GVEN,GVEN,31
2016,2016,Sept,9/15/2016,UK,P,Porter Patch,323,323-100-115,1,Juv,GVEN,GVEN,29
2016,2016,Sept,9/15/2016,UK,P,Porter Patch,323,323-100-115,1,Juv,GVEN,GVEN,26
2016,2016,Sept,9/15/2016,UK,P,Porter Patch,323,323-100-126,1,Juv,EUNI,EUNI,14
2016,2016,Sept,9/15/2016,UK,P,Porter Patch,323,323-100-126,1,Juv,EUNI,EUNI,11
2016,2016,Sept,9/15/2016,UK,P,Porter Patch,323,323-100-126,1,Juv,GVEN,GVEN,35
2016,2016,Sept,9/15/2016,UK,P,Porter Patch,323,323-100-223,1,Juv,GVEN,GVEN,17
2016,2016,Sept,9/15/2016,UK,P,Porter Patch,323,323-100-223,1,Juv,GVEN,GVEN,25
2016,2016,Sept,9/15/2016,UK,P,Porter Patch,323,323-500-064,1,Juv,PAME,ANTI,15
2016,2016,Sept,9/15/2016,UK,P,Porter Patch,323,323-500-064,1,Juv,EUNI,EUNI,14
2016,2016,Sept,9/15/2016,UK,P,Porter Patch,323,323-500-144,1,Juv,ANTI,ANTI,23
2016,2016,Sept,9/15/2016,UK,P,Porter Patch,323,323-500-144,1,Juv,PAME,ANTI,8
2016,2016,Sept,9/15/2016,UK,P,Porter Patch,323,323-500-144,1,Juv,UNKO,UNKO,7
2016,2016,Sept,9/15/2016,UK,P,Porter Patch,323,323-500-156,1,Juv,PAME,ANTI,25
2016,2016,Sept,9/15/2016,UK,P,Porter Patch,323,323-500-156,1,Juv,PAME,ANTI,15
2016,2016,Sept,9/15/2016,UK,P,Porter Patch,323,323-500-156,1,Juv,PAME,ANTI,16
2016,2016,Sept,9/15/2016,UK,P,Porter Patch,323,323-500-156,1,Juv,PAME,ANTI,22
2016,2016,Sept,9/15/2016,UK,P,Porter Patch,323,323-500-156,1,Juv,PAME,ANTI,35
2016,2016,Sept,9/15/2016,UK,P,Porter Patch,323,323-500-156,1,Juv,PAME,ANTI,29
2016,2016,Sept,9/15/2016,UK,P,Porter Patch,323,323-500-156,1,Juv,EUNI,EUNI,26
2016,2016,Sept,9/15/2016,UK,P,Porter Patch,323,323-500-156,1,Juv,EUNI,EUNI,16
2016,2016,Sept,9/15/2016,UK,P,Porter Patch,323,323-500-156,1,Juv,EUNI,EUNI,16
2016,2016,Sept,9/15/2016,UK,P,Porter Patch,323,323-500-156,1,Juv,GVEN,GVEN,11
2016,2016,Sept,9/15/2016,UK,P,Porter Patch,323,323-500-156,1,Juv,GVEN,GVEN,22
2016,2016,Sept,9/15/2016,UK,P,Porter Patch,324,324-100-022,1,Juv,BRIA,BRIA,11
2016,2016,Sept,9/15/2016,UK,P,Porter Patch,324,324-100-022,1,Juv,EUNI,EUNI,5
2016,2016,Sept,9/15/2016,UK,P,Porter Patch,324,324-100-022,1,Juv,EUNI,EUNI,7
2016,2016,Sept,9/15/2016,UK,P,Porter Patch,324,324-100-022,1,Juv,GVEN,GVEN,30
2016,2016,Sept,9/15/2016,UK,P,Porter Patch,324,324-100-022,1,Juv,MURI,MURI,32
2016,2016,Sept,9/15/2016,UK,P,Porter Patch,324,324-100-046,0,NA,NA,NA,NA
2016,2016,Sept,9/15/2016,UK,P,Porter Patch,324,324-100-095,1,Juv,EUNI,EUNI,3
2016,2016,Sept,9/15/2016,UK,P,Porter Patch,324,324-100-095,1,Juv,EUNI,EUNI,10
2016,2016,Sept,9/15/2016,UK,P,Porter Patch,324,324-100-095,1,Juv,EUNI,EUNI,22
2016,2016,Sept,9/15/2016,UK,P,Porter Patch,324,324-100-199,1,Juv,UNKO,UNKO,23
2016,2016,Sept,9/15/2016,UK,P,Porter Patch,324,324-500-036,1,Juv,PAME,ANTI,39
2016,2016,Sept,9/15/2016,UK,P,Porter Patch,324,324-500-036,1,Juv,EUNI,EUNI,37
2016,2016,Sept,9/15/2016,UK,P,Porter Patch,324,324-500-036,1,Juv,GVEN,GVEN,27
2016,2016,Sept,9/15/2016,UK,P,Porter Patch,324,324-500-064,0,NA,NA,NA,NA
2016,2016,Sept,9/15/2016,UK,P,Porter Patch,324,324-500-158,1,Juv,EUNI,EUNI,4
2016,2016,Sept,9/15/2016,UK,P,Porter Patch,324,324-500-158,1,Juv,EUNI,EUNI,4
2016,2016,Sept,9/15/2016,UK,P,Porter Patch,324,324-500-158,1,Juv,EUNI,EUNI,12
2016,2016,Sept,9/15/2016,UK,P,Porter Patch,324,324-500-158,1,Juv,EUNI,EUNI,3
2016,2016,Sept,9/15/2016,UK,P,Porter Patch,324,324-500-158,1,Juv,GVEN,GVEN,21
2016,2016,Sept,9/15/2016,UK,P,Porter Patch,324,324-500-209,1,Juv,EUNI,EUNI,5
2016,2016,Sept,9/14/2016,UK,P,Admiral,331,331-100-098,1,Juv,PAME,ANTI,5
2016,2016,Sept,9/14/2016,UK,P,Admiral,331,331-100-098,1,Juv,GVEN,GVEN,30
2016,2016,Sept,9/14/2016,UK,P,Admiral,331,331-100-098,1,Juv,GVEN,GVEN,7
2016,2016,Sept,9/14/2016,UK,P,Admiral,331,331-100-098,1,Juv,GVEN,GVEN,9
2016,2016,Sept,9/14/2016,UK,P,Admiral,331,331-100-139,1,Juv,PAME,ANTI,15
2016,2016,Sept,9/14/2016,UK,P,Admiral,331,331-100-139,1,Juv,GVEN,GVEN,10
2016,2016,Sept,9/14/2016,UK,P,Admiral,331,331-100-183,1,Juv,GVEN,GVEN,30
2016,2016,Sept,9/14/2016,UK,P,Admiral,331,331-100-183,1,Juv,GVEN,GVEN,16
2016,2016,Sept,9/14/2016,UK,P,Admiral,331,331-100-183,1,Juv,GVEN,GVEN,25
2016,2016,Sept,9/14/2016,UK,P,Admiral,331,331-100-183,1,Juv,GVEN,GVEN,21
2016,2016,Sept,9/14/2016,UK,P,Admiral,331,331-100-183,1,Juv,GVEN,GVEN,23
2016,2016,Sept,9/14/2016,UK,P,Admiral,331,331-100-183,1,Juv,GVEN,GVEN,38
2016,2016,Sept,9/14/2016,UK,P,Admiral,331,331-500-012,1,Juv,ANTI,ANTI,22
2016,2016,Sept,9/14/2016,UK,P,Admiral,331,331-500-012,1,Juv,GVEN,GVEN,21
2016,2016,Sept,9/14/2016,UK,P,Admiral,331,331-500-012,1,Juv,GVEN,GVEN,14
2016,2016,Sept,9/14/2016,UK,P,Admiral,331,331-500-012,1,Juv,GVEN,GVEN,32
2016,2016,Sept,9/14/2016,UK,P,Admiral,331,331-500-012,1,Juv,GVEN,GVEN,36
2016,2016,Sept,9/14/2016,UK,P,Admiral,331,331-500-012,1,Juv,GVEN,GVEN,29
2016,2016,Sept,9/14/2016,UK,P,Admiral,331,331-500-033,1,Juv,GVEN,GVEN,25
2016,2016,Sept,9/14/2016,UK,P,Admiral,331,331-500-033,1,Juv,GVEN,GVEN,14
2016,2016,Sept,9/14/2016,UK,P,Admiral,331,331-500-033,1,Juv,GVEN,GVEN,12
2016,2016,Sept,9/14/2016,UK,P,Admiral,331,331-500-104,1,Juv,GVEN,GVEN,36
2016,2016,Sept,9/14/2016,UK,P,Admiral,331,331-500-180,1,Juv,ANTI,ANTI,31
2016,2016,Sept,9/14/2016,UK,P,Admiral,331,331-500-180,1,Juv,GVEN,GVEN,32
2016,2016,Sept,9/14/2016,UK,P,Admiral,331,331-500-180,1,Juv,GVEN,GVEN,32
2016,2016,Sept,9/14/2016,UK,P,Admiral,331,331-500-221,1,Juv,UNKO,UNKO,9
2016,2016,Sept,9/14/2016,UK,P,Admiral,332,332-100-024,0,NA,NA,NA,NA
2016,2016,Sept,9/14/2016,UK,P,Admiral,332,332-100-094,1,Juv,ANTI,ANTI,5
2016,2016,Sept,9/14/2016,UK,P,Admiral,332,332-100-094,1,Juv,PAME,ANTI,30
2016,2016,Sept,9/14/2016,UK,P,Admiral,332,332-100-094,1,Juv,PAME,ANTI,10
2016,2016,Sept,9/14/2016,UK,P,Admiral,332,332-100-094,1,Juv,PPOR,PSEU,20
2016,2016,Sept,9/14/2016,UK,P,Admiral,332,332-100-102,1,Juv,ECAL,EUNI,26
2016,2016,Sept,9/14/2016,UK,P,Admiral,332,332-100-102,1,Juv,ECAL,EUNI,21
2016,2016,Sept,9/14/2016,UK,P,Admiral,332,332-100-102,1,Juv,EUNI,EUNI,22
2016,2016,Sept,9/14/2016,UK,P,Admiral,332,332-100-102,1,Juv,PFLE,EUNI,22
2016,2016,Sept,9/14/2016,UK,P,Admiral,332,332-100-102,1,Juv,PFLE,EUNI,35
2016,2016,Sept,9/14/2016,UK,P,Admiral,332,332-100-102,1,Juv,GVEN,GVEN,32
2016,2016,Sept,9/14/2016,UK,P,Admiral,332,332-100-102,1,Juv,GVEN,GVEN,17
2016,2016,Sept,9/14/2016,UK,P,Admiral,332,332-100-102,1,Juv,GVEN,GVEN,20
2016,2016,Sept,9/14/2016,UK,P,Admiral,332,332-100-102,1,Juv,GVEN,GVEN,14
2016,2016,Sept,9/14/2016,UK,P,Admiral,332,332-100-177,0,NA,NA,NA,NA
2016,2016,Sept,9/14/2016,UK,P,Admiral,332,332-500-017,0,NA,NA,NA,NA
2016,2016,Sept,9/14/2016,UK,P,Admiral,332,332-500-081,0,NA,NA,NA,NA
2016,2016,Sept,9/14/2016,UK,P,Admiral,332,332-500-094,1,Juv,GVEN,GVEN,25
2016,2016,Sept,9/14/2016,UK,P,Admiral,332,332-500-094,1,Juv,GVEN,GVEN,15
2016,2016,Sept,9/14/2016,UK,P,Admiral,332,332-500-094,1,Juv,GVEN,GVEN,39
2016,2016,Sept,9/14/2016,UK,P,Admiral,332,332-500-154,1,Juv,EUNI,EUNI,8
2016,2016,Sept,9/14/2016,UK,P,Admiral,332,332-500-154,1,Juv,GVEN,GVEN,11
2016,2016,Sept,9/14/2016,UK,P,Admiral,332,332-500-154,1,Juv,GVEN,GVEN,10
2016,2016,Sept,9/14/2016,UK,P,Admiral,333,333-100-060,1,Juv,PAME,ANTI,35
2016,2016,Sept,9/14/2016,UK,P,Admiral,333,333-100-060,1,Juv,PAME,ANTI,14
2016,2016,Sept,9/14/2016,UK,P,Admiral,333,333-100-060,1,Juv,GVEN,GVEN,33
2016,2016,Sept,9/14/2016,UK,P,Admiral,333,333-100-060,1,Juv,GVEN,GVEN,25
2016,2016,Sept,9/14/2016,UK,P,Admiral,333,333-100-060,1,Juv,GVEN,GVEN,14
2016,2016,Sept,9/14/2016,UK,P,Admiral,333,333-100-060,1,Juv,MURI,MURI,12
2016,2016,Sept,9/14/2016,UK,P,Admiral,333,333-100-060,1,Juv,MURI,MURI,35
2016,2016,Sept,9/14/2016,UK,P,Admiral,333,333-100-084,1,Juv,GVEN,GVEN,25
2016,2016,Sept,9/14/2016,UK,P,Admiral,333,333-100-084,1,Juv,MURI,MURI,13
2016,2016,Sept,9/14/2016,UK,P,Admiral,333,333-100-091,1,Juv,ANTI,ANTI,22
2016,2016,Sept,9/14/2016,UK,P,Admiral,333,333-100-192,1,Juv,GVEN,GVEN,25
2016,2016,Sept,9/14/2016,UK,P,Admiral,333,333-100-192,1,Juv,GVEN,GVEN,5
2016,2016,Sept,9/14/2016,UK,P,Admiral,333,333-100-192,1,Juv,MURI,MURI,15
2016,2016,Sept,9/14/2016,UK,P,Admiral,333,333-100-192,1,Juv,UNKO,UNKO,6
2016,2016,Sept,9/14/2016,UK,P,Admiral,333,333-500-022,0,NA,NA,NA,NA
2016,2016,Sept,9/14/2016,UK,P,Admiral,333,333-500-111,0,NA,NA,NA,NA
2016,2016,Sept,9/14/2016,UK,P,Admiral,333,333-500-154,0,NA,NA,NA,NA
2016,2016,Sept,9/14/2016,UK,P,Admiral,333,333-500-195,0,NA,NA,NA,NA
2016,2016,Sept,9/14/2016,UK,P,Admiral,334,334-100-035,1,Juv,PAME,ANTI,4
2016,2016,Sept,9/14/2016,UK,P,Admiral,334,334-100-035,1,Juv,PAME,ANTI,5
2016,2016,Sept,9/14/2016,UK,P,Admiral,334,334-100-035,1,Juv,BRIA,BRIA,12
2016,2016,Sept,9/14/2016,UK,P,Admiral,334,334-100-035,1,Juv,GVEN,GVEN,16
2016,2016,Sept,9/14/2016,UK,P,Admiral,334,334-100-035,1,Juv,UNKO,UNKO,4
2016,2016,Sept,9/14/2016,UK,P,Admiral,334,334-100-067,1,Juv,ANTI/GVEN,AG,11
2016,2016,Sept,9/14/2016,UK,P,Admiral,334,334-100-067,1,Juv,ANTI/GVEN,AG,16
2016,2016,Sept,9/14/2016,UK,P,Admiral,334,334-100-067,1,Juv,ANTI/GVEN,AG,5
2016,2016,Sept,9/14/2016,UK,P,Admiral,334,334-100-139,1,Juv,PAME,ANTI,24
2016,2016,Sept,9/14/2016,UK,P,Admiral,334,334-100-139,1,Juv,PAME,ANTI,4
2016,2016,Sept,9/14/2016,UK,P,Admiral,334,334-100-139,1,Juv,ECAL,EUNI,32
2016,2016,Sept,9/14/2016,UK,P,Admiral,334,334-100-139,1,Juv,EUNI,EUNI,35
2016,2016,Sept,9/14/2016,UK,P,Admiral,334,334-100-139,1,Juv,EUNI,EUNI,12
2016,2016,Sept,9/14/2016,UK,P,Admiral,334,334-100-139,1,Juv,GVEN,GVEN,36
2016,2016,Sept,9/14/2016,UK,P,Admiral,334,334-100-194,1,Juv,BRIA,BRIA,25
2016,2016,Sept,9/14/2016,UK,P,Admiral,334,334-100-194,1,Juv,BRIA,BRIA,12
2016,2016,Sept,9/14/2016,UK,P,Admiral,334,334-100-194,1,Juv,ECAL,EUNI,31
2016,2016,Sept,9/14/2016,UK,P,Admiral,334,334-100-194,1,Juv,GVEN,GVEN,15
2016,2016,Sept,9/14/2016,UK,P,Admiral,334,334-500-021,1,Juv,GVEN,GVEN,20
2016,2016,Sept,9/14/2016,UK,P,Admiral,334,334-500-021,1,Juv,GVEN,GVEN,26
2016,2016,Sept,9/14/2016,UK,P,Admiral,334,334-500-021,1,Juv,GVEN,GVEN,15
2016,2016,Sept,9/14/2016,UK,P,Admiral,334,334-500-021,1,Juv,GVEN,GVEN,13
2016,2016,Sept,9/14/2016,UK,P,Admiral,334,334-500-067,1,Juv,EUNI,EUNI,18
2016,2016,Sept,9/14/2016,UK,P,Admiral,334,334-500-067,1,Juv,PPOR,PSEU,25
2016,2016,Sept,9/14/2016,UK,P,Admiral,334,334-500-134,1,Juv,ANTI/GVEN,AG,5
2016,2016,Sept,9/14/2016,UK,P,Admiral,334,334-500-222,1,Juv,ANTI/GVEN,AG,4
2016,2016,Sept,9/14/2016,UK,P,Admiral,334,334-500-222,1,Juv,EUNI,EUNI,17
2016,2016,Sept,9/14/2016,UK,P,Admiral,334,334-500-222,1,Juv,EUNI,EUNI,18
2016,2016,Sept,9/14/2016,UK,P,Admiral,334,334-500-222,1,Juv,PLEL,PLEL,25
2016,2016,May,5/14/2016,MK,P,West Turtle Shoal,341,341-100-062,1,Juv,ANTI,ANTI,3
2016,2016,May,5/14/2016,MK,P,West Turtle Shoal,341,341-100-062,1,Juv,EUNI,EUNI,11
2016,2016,May,5/14/2016,MK,P,West Turtle Shoal,341,341-100-062,1,Juv,GVEN,GVEN,23
2016,2016,May,5/14/2016,MK,P,West Turtle Shoal,341,341-100-062,1,Juv,GVEN,GVEN,30
2016,2016,May,5/14/2016,MK,P,West Turtle Shoal,341,341-100-096,1,Juv,PTER,PTER,18
2016,2016,May,5/14/2016,MK,P,West Turtle Shoal,341,341-100-116,1,Juv,ANTI/GVEN,AG,7
2016,2016,May,5/14/2016,MK,P,West Turtle Shoal,341,341-100-116,1,Juv,ANTI/GVEN,AG,9
2016,2016,May,5/14/2016,MK,P,West Turtle Shoal,341,341-100-116,1,Juv,GVEN,GVEN,14
2016,2016,May,5/14/2016,MK,P,West Turtle Shoal,341,341-100-162,1,Juv,ANTI/GVEN,AG,4
2016,2016,May,5/14/2016,MK,P,West Turtle Shoal,341,341-500-049,1,Juv,MURO,MURO,17
2016,2016,May,5/14/2016,MK,P,West Turtle Shoal,341,341-500-078,1,Juv,EUNI,EUNI,13
2016,2016,May,5/14/2016,MK,P,West Turtle Shoal,341,341-500-078,1,Juv,UNKO,UNKO,1
2016,2016,May,5/14/2016,MK,P,West Turtle Shoal,341,341-500-088,0,NA,NA,NA,NA
2016,2016,May,5/14/2016,MK,P,West Turtle Shoal,341,341-500-230,0,NA,NA,NA,NA
2016,2016,May,5/14/2016,MK,P,West Turtle Shoal,342,342-100-003,1,Juv,GVEN,GVEN,36
2016,2016,May,5/14/2016,MK,P,West Turtle Shoal,342,342-100-003,1,Juv,GVEN,GVEN,21
2016,2016,May,5/14/2016,MK,P,West Turtle Shoal,342,342-100-033,1,Juv,MURI,MURI,38
2016,2016,May,5/14/2016,MK,P,West Turtle Shoal,342,342-100-156,0,NA,NA,NA,NA
2016,2016,May,5/14/2016,MK,P,West Turtle Shoal,342,342-100-199,1,Juv,ANTI,ANTI,9
2016,2016,May,5/14/2016,MK,P,West Turtle Shoal,342,342-100-199,1,Juv,PAME,ANTI,13
2016,2016,May,5/14/2016,MK,P,West Turtle Shoal,342,342-100-199,1,Juv,EUNI,EUNI,16
2016,2016,May,5/14/2016,MK,P,West Turtle Shoal,342,342-500-023,0,NA,NA,NA,NA
2016,2016,May,5/14/2016,MK,P,West Turtle Shoal,342,342-500-061,1,Juv,EUNI,EUNI,22
2016,2016,May,5/14/2016,MK,P,West Turtle Shoal,342,342-500-061,1,Juv,GVEN,GVEN,34
2016,2016,May,5/14/2016,MK,P,West Turtle Shoal,342,342-500-061,1,Juv,GVEN,GVEN,37
2016,2016,May,5/14/2016,MK,P,West Turtle Shoal,342,342-500-061,1,Juv,GVEN,GVEN,38
2016,2016,May,5/14/2016,MK,P,West Turtle Shoal,342,342-500-061,1,Juv,MURI,MURI,9
2016,2016,May,5/14/2016,MK,P,West Turtle Shoal,342,342-500-061,1,Juv,UNKO,UNKO,10
2016,2016,May,5/14/2016,MK,P,West Turtle Shoal,342,342-500-134,1,Juv,EUNI,EUNI,27
2016,2016,May,5/14/2016,MK,P,West Turtle Shoal,342,342-500-134,1,Juv,GVEN,GVEN,38
2016,2016,May,5/14/2016,MK,P,West Turtle Shoal,342,342-500-134,1,Juv,GVEN,GVEN,25
2016,2016,May,5/14/2016,MK,P,West Turtle Shoal,342,342-500-205,1,Juv,EUNI,EUNI,36
2016,2016,May,5/14/2016,MK,P,West Turtle Shoal,343,343-100-008,0,NA,NA,NA,NA
2016,2016,May,5/14/2016,MK,P,West Turtle Shoal,343,343-100-023,1,Juv,GVEN,GVEN,22
2016,2016,May,5/14/2016,MK,P,West Turtle Shoal,343,343-100-023,1,Juv,PSEU,PSEU,14
2016,2016,May,5/14/2016,MK,P,West Turtle Shoal,343,343-100-146,0,NA,NA,NA,NA
2016,2016,May,5/14/2016,MK,P,West Turtle Shoal,343,343-100-193,1,Juv,EUNI,EUNI,6
2016,2016,May,5/14/2016,MK,P,West Turtle Shoal,343,343-500-008,0,NA,NA,NA,NA
2016,2016,May,5/14/2016,MK,P,West Turtle Shoal,343,343-500-045,1,Juv,EUNI,EUNI,20
2016,2016,May,5/14/2016,MK,P,West Turtle Shoal,343,343-500-094,1,Juv,EUNI,EUNI,39
2016,2016,May,5/14/2016,MK,P,West Turtle Shoal,343,343-500-094,1,Juv,EUNI,EUNI,5
2016,2016,May,5/14/2016,MK,P,West Turtle Shoal,343,343-500-201,1,Juv,PFLE,EUNI,20
2016,2016,May,5/14/2016,MK,P,West Turtle Shoal,344,344-100-060,1,Juv,PAME,ANTI,28
2016,2016,May,5/14/2016,MK,P,West Turtle Shoal,344,344-100-060,1,Juv,PAME,ANTI,35
2016,2016,May,5/14/2016,MK,P,West Turtle Shoal,344,344-100-116,1,Juv,ECAL,EUNI,33
2016,2016,May,5/14/2016,MK,P,West Turtle Shoal,344,344-100-116,1,Juv,GVEN,GVEN,28
2016,2016,May,5/14/2016,MK,P,West Turtle Shoal,344,344-100-132,1,Juv,GVEN,GVEN,16
2016,2016,May,5/14/2016,MK,P,West Turtle Shoal,344,344-100-180,1,Juv,EUNI,EUNI,18
2016,2016,May,5/14/2016,MK,P,West Turtle Shoal,344,344-100-180,1,Juv,GVEN,GVEN,37
2016,2016,May,5/14/2016,MK,P,West Turtle Shoal,344,344-100-180,1,Juv,UNKO,UNKO,5
2016,2016,May,5/14/2016,MK,P,West Turtle Shoal,344,344-100-180,1,Juv,UNKO,UNKO,2
2016,2016,May,5/14/2016,MK,P,West Turtle Shoal,344,344-500-035,0,NA,NA,NA,NA
2016,2016,May,5/14/2016,MK,P,West Turtle Shoal,344,344-500-076,1,Juv,EUNI,EUNI,5
2016,2016,May,5/14/2016,MK,P,West Turtle Shoal,344,344-500-076,1,Juv,PFLE,EUNI,15
2016,2016,May,5/14/2016,MK,P,West Turtle Shoal,344,344-500-076,1,Juv,GVEN,GVEN,20
2016,2016,May,5/14/2016,MK,P,West Turtle Shoal,344,344-500-103,1,Juv,ANTI/GVEN,AG,3
2016,2016,May,5/14/2016,MK,P,West Turtle Shoal,344,344-500-103,1,Juv,GVEN,GVEN,5
2016,2016,May,5/14/2016,MK,P,West Turtle Shoal,344,344-500-103,1,Juv,GVEN,GVEN,7
2016,2016,May,5/14/2016,MK,P,West Turtle Shoal,344,344-500-187,0,NA,NA,NA,NA
2016,2016,May,5/14/2016,MK,P,Dustan Rocks,351,351-100-055,1,Juv,PAME,ANTI,10
2016,2016,May,5/14/2016,MK,P,Dustan Rocks,351,351-100-112,0,NA,NA,NA,NA
2016,2016,May,5/14/2016,MK,P,Dustan Rocks,351,351-100-157,1,Juv,EUNI,EUNI,22
2016,2016,May,5/14/2016,MK,P,Dustan Rocks,351,351-100-157,1,Juv,GVEN,GVEN,20
2016,2016,May,5/14/2016,MK,P,Dustan Rocks,351,351-100-192,1,Juv,ANTI,ANTI,14
2016,2016,May,5/14/2016,MK,P,Dustan Rocks,351,351-100-192,1,Juv,ANTI,ANTI,11
2016,2016,May,5/14/2016,MK,P,Dustan Rocks,351,351-100-192,1,Juv,ANTI,ANTI,32
2016,2016,May,5/14/2016,MK,P,Dustan Rocks,351,351-100-192,1,Juv,EUNI,EUNI,37
2016,2016,May,5/14/2016,MK,P,Dustan Rocks,351,351-500-011,0,NA,NA,NA,NA
2016,2016,May,5/14/2016,MK,P,Dustan Rocks,351,351-500-083,0,NA,NA,NA,NA
2016,2016,May,5/14/2016,MK,P,Dustan Rocks,351,351-500-139,1,Juv,ANTI,ANTI,7
2016,2016,May,5/14/2016,MK,P,Dustan Rocks,351,351-500-139,1,Juv,ANTI,ANTI,7
2016,2016,May,5/14/2016,MK,P,Dustan Rocks,351,351-500-139,1,Juv,GVEN,GVEN,10
2016,2016,May,5/14/2016,MK,P,Dustan Rocks,351,351-500-154,1,Juv,ANTI,ANTI,2
2016,2016,May,5/14/2016,MK,P,Dustan Rocks,351,351-500-154,1,Juv,ECAL,EUNI,7
2016,2016,May,5/14/2016,MK,P,Dustan Rocks,351,351-500-154,1,Juv,MURI,MURI,34
2016,2016,May,5/14/2016,MK,P,Dustan Rocks,351,351-500-154,1,Juv,MURI,MURI,31
2016,2016,May,5/14/2016,MK,P,Dustan Rocks,351,351-500-154,1,Juv,MURI,MURI,39
2016,2016,May,5/14/2016,MK,P,Dustan Rocks,352,352-100-027,0,NA,NA,NA,NA
2016,2016,May,5/14/2016,MK,P,Dustan Rocks,352,352-100-120,1,Juv,EUNI,EUNI,38
2016,2016,May,5/14/2016,MK,P,Dustan Rocks,352,352-100-139,1,Juv,PAME,ANTI,10
2016,2016,May,5/14/2016,MK,P,Dustan Rocks,352,352-100-139,1,Juv,EUNI,EUNI,17
2016,2016,May,5/14/2016,MK,P,Dustan Rocks,352,352-100-208,1,Juv,PAME,ANTI,25
2016,2016,May,5/14/2016,MK,P,Dustan Rocks,352,352-100-208,1,Juv,PAME,ANTI,4
2016,2016,May,5/14/2016,MK,P,Dustan Rocks,352,352-100-208,1,Juv,GVEN,GVEN,39
2016,2016,May,5/14/2016,MK,P,Dustan Rocks,352,352-500-035,1,Juv,PAME,ANTI,18
2016,2016,May,5/14/2016,MK,P,Dustan Rocks,352,352-500-035,1,Juv,EUNI,EUNI,17
2016,2016,May,5/14/2016,MK,P,Dustan Rocks,352,352-500-117,1,Juv,GVEN,GVEN,21
2016,2016,May,5/14/2016,MK,P,Dustan Rocks,352,352-500-117,1,Juv,GVEN,GVEN,27
2016,2016,May,5/14/2016,MK,P,Dustan Rocks,352,352-500-117,1,Juv,GVEN,GVEN,6
2016,2016,May,5/14/2016,MK,P,Dustan Rocks,352,352-500-117,1,Juv,GVEN,GVEN,4
2016,2016,May,5/14/2016,MK,P,Dustan Rocks,352,352-500-117,1,Juv,GVEN,GVEN,36
2016,2016,May,5/14/2016,MK,P,Dustan Rocks,352,352-500-150,1,Juv,EUNI,EUNI,3
2016,2016,May,5/14/2016,MK,P,Dustan Rocks,352,352-500-218,1,Juv,ANTI,ANTI,5
2016,2016,May,5/14/2016,MK,P,Dustan Rocks,352,352-500-218,1,Juv,EUNI,EUNI,2
2016,2016,May,5/14/2016,MK,P,Dustan Rocks,352,352-500-218,1,Juv,EUNI,EUNI,10
2016,2016,May,5/14/2016,MK,P,Dustan Rocks,352,352-500-218,1,Juv,EUNI,EUNI,12
2016,2016,May,5/14/2016,MK,P,Dustan Rocks,352,352-500-218,1,Juv,MURI,MURI,11
2016,2016,May,5/14/2016,MK,P,Dustan Rocks,353,353-100-016,0,NA,NA,NA,NA
2016,2016,May,5/14/2016,MK,P,Dustan Rocks,353,353-100-071,0,NA,NA,NA,NA
2016,2016,May,5/14/2016,MK,P,Dustan Rocks,353,353-100-185,1,Juv,ANTI,ANTI,5
2016,2016,May,5/14/2016,MK,P,Dustan Rocks,353,353-100-185,1,Juv,PFLE,EUNI,10
2016,2016,May,5/14/2016,MK,P,Dustan Rocks,353,353-100-185,1,Juv,UNKO,UNKO,2
2016,2016,May,5/14/2016,MK,P,Dustan Rocks,353,353-100-206,1,Juv,MURI,MURI,34
2016,2016,May,5/14/2016,MK,P,Dustan Rocks,353,353-100-206,1,Juv,UNKO,UNKO,4
2016,2016,May,5/14/2016,MK,P,Dustan Rocks,353,353-500-000,1,Juv,ANTI,ANTI,17
2016,2016,May,5/14/2016,MK,P,Dustan Rocks,353,353-500-000,1,Juv,ANTI,ANTI,8
2016,2016,May,5/14/2016,MK,P,Dustan Rocks,353,353-500-000,1,Juv,ANTI,ANTI,8
2016,2016,May,5/14/2016,MK,P,Dustan Rocks,353,353-500-000,1,Juv,EUNI,EUNI,10
2016,2016,May,5/14/2016,MK,P,Dustan Rocks,353,353-500-000,1,Juv,GVEN,GVEN,13
2016,2016,May,5/14/2016,MK,P,Dustan Rocks,353,353-500-047,1,Juv,GVEN,GVEN,25
2016,2016,May,5/14/2016,MK,P,Dustan Rocks,353,353-500-083,1,Juv,PAME,ANTI,7
2016,2016,May,5/14/2016,MK,P,Dustan Rocks,353,353-500-083,1,Juv,ECAL,EUNI,11
2016,2016,May,5/14/2016,MK,P,Dustan Rocks,353,353-500-194,0,NA,NA,NA,NA
2016,2016,May,5/14/2016,MK,P,Dustan Rocks,354,354-100-032,1,Juv,EUNI,EUNI,28
2016,2016,May,5/14/2016,MK,P,Dustan Rocks,354,354-100-045,0,NA,NA,NA,NA
2016,2016,May,5/14/2016,MK,P,Dustan Rocks,354,354-100-103,1,Juv,UNKO,UNKO,3
2016,2016,May,5/14/2016,MK,P,Dustan Rocks,354,354-100-144,0,NA,NA,NA,NA
2016,2016,May,5/14/2016,MK,P,Dustan Rocks,354,354-500-043,1,Juv,GVEN,GVEN,12
2016,2016,May,5/14/2016,MK,P,Dustan Rocks,354,354-500-043,1,Juv,GVEN,GVEN,19
2016,2016,May,5/14/2016,MK,P,Dustan Rocks,354,354-500-054,1,Juv,EUNI,EUNI,31
2016,2016,May,5/14/2016,MK,P,Dustan Rocks,354,354-500-185,1,Juv,PAME,ANTI,19
2016,2016,May,5/14/2016,MK,P,Dustan Rocks,354,354-500-185,1,Juv,PAME,ANTI,26
2016,2016,May,5/14/2016,MK,P,Dustan Rocks,354,354-500-185,1,Juv,PAME,ANTI,18
2016,2016,May,5/14/2016,MK,P,Dustan Rocks,354,354-500-202,1,Juv,ANTI,ANTI,9
2016,2016,May,5/14/2016,MK,P,Dustan Rocks,354,354-500-202,1,Juv,PAME,ANTI,34
2016,2016,May,5/14/2016,MK,P,Dustan Rocks,354,354-500-202,1,Juv,PFLE,EUNI,38
2016,2016,May,5/14/2016,MK,P,Dustan Rocks,354,354-500-202,1,Juv,PPOR,PSEU,16
2016,2016,Aug,8/19/2016,LK,P,West Washerwoman,361,361-100-046,0,NA,NA,NA,NA
2016,2016,Aug,8/19/2016,LK,P,West Washerwoman,361,361-100-089,0,NA,NA,NA,NA
2016,2016,Aug,8/19/2016,LK,P,West Washerwoman,361,361-100-140,0,NA,NA,NA,NA
2016,2016,Aug,8/19/2016,LK,P,West Washerwoman,361,361-100-188,0,NA,NA,NA,NA
2016,2016,Aug,8/19/2016,LK,P,West Washerwoman,361,361-500-019,1,Juv,MURI,MURI,22
2016,2016,Aug,8/19/2016,LK,P,West Washerwoman,361,361-500-073,0,NA,NA,NA,NA
2016,2016,Aug,8/19/2016,LK,P,West Washerwoman,361,361-500-159,1,Juv,BRIA,BRIA,3
2016,2016,Aug,8/19/2016,LK,P,West Washerwoman,361,361-500-169,0,NA,NA,NA,NA
2016,2016,Aug,8/19/2016,LK,P,West Washerwoman,362,362-100-059,1,Juv,MURI,MURI,34
2016,2016,Aug,8/19/2016,LK,P,West Washerwoman,362,362-100-059,1,Juv,UNKO,UNKO,4
2016,2016,Aug,8/19/2016,LK,P,West Washerwoman,362,362-100-091,0,NA,NA,NA,NA
2016,2016,Aug,8/19/2016,LK,P,West Washerwoman,362,362-100-109,0,NA,NA,NA,NA
2016,2016,Aug,8/19/2016,LK,P,West Washerwoman,362,362-100-130,1,Juv,EUNI,EUNI,10
2016,2016,Aug,8/19/2016,LK,P,West Washerwoman,362,362-100-130,1,Juv,EUNI,EUNI,18
2016,2016,Aug,8/19/2016,LK,P,West Washerwoman,362,362-100-130,1,Juv,UNKO,UNKO,4
2016,2016,Aug,8/19/2016,LK,P,West Washerwoman,362,362-500-058,0,NA,NA,NA,NA
2016,2016,Aug,8/19/2016,LK,P,West Washerwoman,362,362-500-145,0,NA,NA,NA,NA
2016,2016,Aug,8/19/2016,LK,P,West Washerwoman,362,362-500-157,0,NA,NA,NA,NA
2016,2016,Aug,8/19/2016,LK,P,West Washerwoman,362,362-500-213,0,NA,NA,NA,NA
2016,2016,Aug,8/19/2016,LK,P,West Washerwoman,363,363-100-055,0,NA,NA,NA,NA
2016,2016,Aug,8/19/2016,LK,P,West Washerwoman,363,363-100-072,0,NA,NA,NA,NA
2016,2016,Aug,8/19/2016,LK,P,West Washerwoman,363,363-100-137,0,NA,NA,NA,NA
2016,2016,Aug,8/19/2016,LK,P,West Washerwoman,363,363-100-167,0,NA,NA,NA,NA
2016,2016,Aug,8/19/2016,LK,P,West Washerwoman,363,363-500-032,0,NA,NA,NA,NA
2016,2016,Aug,8/19/2016,LK,P,West Washerwoman,363,363-500-115,1,Juv,PAME,ANTI,5
2016,2016,Aug,8/19/2016,LK,P,West Washerwoman,363,363-500-115,1,Juv,PAME,ANTI,4
2016,2016,Aug,8/19/2016,LK,P,West Washerwoman,363,363-500-115,1,Juv,PSEU,PSEU,8
2016,2016,Aug,8/19/2016,LK,P,West Washerwoman,363,363-500-152,0,NA,NA,NA,NA
2016,2016,Aug,8/19/2016,LK,P,West Washerwoman,363,363-500-207,0,NA,NA,NA,NA
2016,2016,Aug,8/19/2016,LK,P,West Washerwoman,364,364-100-027,1,Juv,PFLE,EUNI,12
2016,2016,Aug,8/19/2016,LK,P,West Washerwoman,364,364-100-027,1,Juv,PPOR,PSEU,20
2016,2016,Aug,8/19/2016,LK,P,West Washerwoman,364,364-100-027,1,Juv,UNKO,UNKO,2
2016,2016,Aug,8/19/2016,LK,P,West Washerwoman,364,364-100-091,0,NA,NA,NA,NA
2016,2016,Aug,8/19/2016,LK,P,West Washerwoman,364,364-100-125,0,NA,NA,NA,NA
2016,2016,Aug,8/19/2016,LK,P,West Washerwoman,364,364-100-194,0,NA,NA,NA,NA
2016,2016,Aug,8/19/2016,LK,P,West Washerwoman,364,364-500-104,1,Juv,UNKO,UNKO,5
2016,2016,Aug,8/19/2016,LK,P,West Washerwoman,364,364-500-120,0,NA,NA,NA,NA
2016,2016,Aug,8/19/2016,LK,P,West Washerwoman,364,364-500-170,0,NA,NA,NA,NA
2016,2016,Aug,8/19/2016,LK,P,West Washerwoman,364,364-500-198,0,NA,NA,NA,NA
2016,2016,Sept,9/13/2016,UK,OS,Carysfort Shallow,501,501-100-010,1,Juv,GVEN,GVEN,11
2016,2016,Sept,9/13/2016,UK,OS,Carysfort Shallow,501,501-100-038,1,Juv,GVEN,GVEN,10
2016,2016,Sept,9/13/2016,UK,OS,Carysfort Shallow,501,501-100-137,1,Juv,ANTI,ANTI,16
2016,2016,Sept,9/13/2016,UK,OS,Carysfort Shallow,501,501-100-137,1,Juv,ANTI,ANTI,7
2016,2016,Sept,9/13/2016,UK,OS,Carysfort Shallow,501,501-100-159,1,Juv,GVEN,GVEN,14
2016,2016,Sept,9/13/2016,UK,OS,Carysfort Shallow,501,501-100-159,1,Juv,GVEN,GVEN,20
2016,2016,Sept,9/13/2016,UK,OS,Carysfort Shallow,501,501-500-016,1,Juv,GVEN,GVEN,35
2016,2016,Sept,9/13/2016,UK,OS,Carysfort Shallow,501,501-500-034,0,NA,NA,NA,NA
2016,2016,Sept,9/13/2016,UK,OS,Carysfort Shallow,501,501-500-084,0,NA,NA,NA,NA
2016,2016,Sept,9/13/2016,UK,OS,Carysfort Shallow,501,501-500-108,0,NA,NA,NA,NA
2016,2016,Sept,9/13/2016,UK,OS,Carysfort Shallow,502,502-100-044,0,NA,NA,NA,NA
2016,2016,Sept,9/13/2016,UK,OS,Carysfort Shallow,502,502-100-126,0,NA,NA,NA,NA
2016,2016,Sept,9/13/2016,UK,OS,Carysfort Shallow,502,502-100-144,0,NA,NA,NA,NA
2016,2016,Sept,9/13/2016,UK,OS,Carysfort Shallow,502,502-100-181,0,NA,NA,NA,NA
2016,2016,Sept,9/13/2016,UK,OS,Carysfort Shallow,502,502-500-028,1,Juv,GVEN,GVEN,18
2016,2016,Sept,9/13/2016,UK,OS,Carysfort Shallow,502,502-500-045,1,Juv,ANTI,ANTI,8
2016,2016,Sept,9/13/2016,UK,OS,Carysfort Shallow,502,502-500-115,0,NA,NA,NA,NA
2016,2016,Sept,9/13/2016,UK,OS,Carysfort Shallow,502,502-500-160,0,NA,NA,NA,NA
2016,2016,Sept,9/13/2016,UK,OS,Carysfort Shallow,503,503-100-044,1,Juv,PAME,ANTI,39
2016,2016,Sept,9/13/2016,UK,OS,Carysfort Shallow,503,503-100-044,1,Juv,PAME,ANTI,9
2016,2016,Sept,9/13/2016,UK,OS,Carysfort Shallow,503,503-100-044,1,Juv,GVEN,GVEN,26
2016,2016,Sept,9/13/2016,UK,OS,Carysfort Shallow,503,503-100-044,1,Juv,GVEN,GVEN,5
2016,2016,Sept,9/13/2016,UK,OS,Carysfort Shallow,503,503-100-044,1,Juv,GVEN,GVEN,31
2016,2016,Sept,9/13/2016,UK,OS,Carysfort Shallow,503,503-100-070,1,Juv,ANTI,ANTI,25
2016,2016,Sept,9/13/2016,UK,OS,Carysfort Shallow,503,503-100-070,1,Juv,ANTI,ANTI,30
2016,2016,Sept,9/13/2016,UK,OS,Carysfort Shallow,503,503-100-070,1,Juv,PAME,ANTI,36
2016,2016,Sept,9/13/2016,UK,OS,Carysfort Shallow,503,503-100-070,1,Juv,GVEN,GVEN,19
2016,2016,Sept,9/13/2016,UK,OS,Carysfort Shallow,503,503-100-070,1,Juv,GVEN,GVEN,6
2016,2016,Sept,9/13/2016,UK,OS,Carysfort Shallow,503,503-100-070,1,Juv,GVEN,GVEN,6
2016,2016,Sept,9/13/2016,UK,OS,Carysfort Shallow,503,503-100-070,1,Juv,GVEN,GVEN,3
2016,2016,Sept,9/13/2016,UK,OS,Carysfort Shallow,503,503-100-089,1,Juv,ANTI,ANTI,9
2016,2016,Sept,9/13/2016,UK,OS,Carysfort Shallow,503,503-100-183,1,Juv,ANTI/GVEN,AG,3
2016,2016,Sept,9/13/2016,UK,OS,Carysfort Shallow,503,503-100-183,1,Juv,ANTI/GVEN,AG,2
2016,2016,Sept,9/13/2016,UK,OS,Carysfort Shallow,503,503-100-183,1,Juv,ANTI/GVEN,AG,3
2016,2016,Sept,9/13/2016,UK,OS,Carysfort Shallow,503,503-100-183,1,Juv,ANTI,ANTI,11
2016,2016,Sept,9/13/2016,UK,OS,Carysfort Shallow,503,503-100-183,1,Juv,ANTI,ANTI,25
2016,2016,Sept,9/13/2016,UK,OS,Carysfort Shallow,503,503-100-183,1,Juv,ANTI,ANTI,21
2016,2016,Sept,9/13/2016,UK,OS,Carysfort Shallow,503,503-100-183,1,Juv,ANTI,ANTI,16
2016,2016,Sept,9/13/2016,UK,OS,Carysfort Shallow,503,503-100-183,1,Juv,ANTI,ANTI,6
2016,2016,Sept,9/13/2016,UK,OS,Carysfort Shallow,503,503-100-183,1,Juv,ANTI,ANTI,5
2016,2016,Sept,9/13/2016,UK,OS,Carysfort Shallow,503,503-100-183,1,Juv,ANTI,ANTI,10
2016,2016,Sept,9/13/2016,UK,OS,Carysfort Shallow,503,503-100-183,1,Juv,ANTI,ANTI,5
2016,2016,Sept,9/13/2016,UK,OS,Carysfort Shallow,503,503-100-183,1,Juv,BRIA,BRIA,22
2016,2016,Sept,9/13/2016,UK,OS,Carysfort Shallow,503,503-100-183,1,Juv,BRIA,BRIA,14
2016,2016,Sept,9/13/2016,UK,OS,Carysfort Shallow,503,503-100-183,1,Juv,EUNI,EUNI,7
2016,2016,Sept,9/13/2016,UK,OS,Carysfort Shallow,503,503-100-183,1,Juv,GVEN,GVEN,22
2016,2016,Sept,9/13/2016,UK,OS,Carysfort Shallow,503,503-100-183,1,Juv,GVEN,GVEN,12
2016,2016,Sept,9/13/2016,UK,OS,Carysfort Shallow,503,503-100-183,1,Juv,GVEN,GVEN,21
2016,2016,Sept,9/13/2016,UK,OS,Carysfort Shallow,503,503-500-063,1,Juv,ANTI/GVEN,AG,2
2016,2016,Sept,9/13/2016,UK,OS,Carysfort Shallow,503,503-500-063,1,Juv,ANTI,ANTI,3
2016,2016,Sept,9/13/2016,UK,OS,Carysfort Shallow,503,503-500-063,1,Juv,ANTI,ANTI,4
2016,2016,Sept,9/13/2016,UK,OS,Carysfort Shallow,503,503-500-063,1,Juv,ANTI,ANTI,5
2016,2016,Sept,9/13/2016,UK,OS,Carysfort Shallow,503,503-500-063,1,Juv,ANTI,ANTI,6
2016,2016,Sept,9/13/2016,UK,OS,Carysfort Shallow,503,503-500-063,1,Juv,ANTI,ANTI,6
2016,2016,Sept,9/13/2016,UK,OS,Carysfort Shallow,503,503-500-063,1,Juv,EUNI,EUNI,28
2016,2016,Sept,9/13/2016,UK,OS,Carysfort Shallow,503,503-500-063,1,Juv,EUNI,EUNI,4
2016,2016,Sept,9/13/2016,UK,OS,Carysfort Shallow,503,503-500-063,1,Juv,PFLE,EUNI,32
2016,2016,Sept,9/13/2016,UK,OS,Carysfort Shallow,503,503-500-063,1,Juv,GVEN,GVEN,14
2016,2016,Sept,9/13/2016,UK,OS,Carysfort Shallow,503,503-500-063,1,Juv,GVEN,GVEN,23
2016,2016,Sept,9/13/2016,UK,OS,Carysfort Shallow,503,503-500-063,1,Juv,UNKO,UNKO,2
2016,2016,Sept,9/13/2016,UK,OS,Carysfort Shallow,503,503-500-063,1,Juv,UNKO,UNKO,4
2016,2016,Sept,9/13/2016,UK,OS,Carysfort Shallow,503,503-500-092,1,Juv,ANTI,ANTI,7
2016,2016,Sept,9/13/2016,UK,OS,Carysfort Shallow,503,503-500-092,1,Juv,ANTI,ANTI,6
2016,2016,Sept,9/13/2016,UK,OS,Carysfort Shallow,503,503-500-092,1,Juv,ANTI,ANTI,7
2016,2016,Sept,9/13/2016,UK,OS,Carysfort Shallow,503,503-500-092,1,Juv,EUNI,EUNI,4
2016,2016,Sept,9/13/2016,UK,OS,Carysfort Shallow,503,503-500-092,1,Juv,GVEN,GVEN,6
2016,2016,Sept,9/13/2016,UK,OS,Carysfort Shallow,503,503-500-118,1,Juv,ANTI/GVEN,AG,2
2016,2016,Sept,9/13/2016,UK,OS,Carysfort Shallow,503,503-500-118,1,Juv,ANTI/GVEN,AG,3
2016,2016,Sept,9/13/2016,UK,OS,Carysfort Shallow,503,503-500-118,1,Juv,ANTI,ANTI,34
2016,2016,Sept,9/13/2016,UK,OS,Carysfort Shallow,503,503-500-118,1,Juv,ANTI,ANTI,6
2016,2016,Sept,9/13/2016,UK,OS,Carysfort Shallow,503,503-500-118,1,Juv,GVEN,GVEN,14
2016,2016,Sept,9/13/2016,UK,OS,Carysfort Shallow,503,503-500-118,1,Juv,GVEN,GVEN,6
2016,2016,Sept,9/13/2016,UK,OS,Carysfort Shallow,503,503-500-118,1,Juv,GVEN,GVEN,16
2016,2016,Sept,9/13/2016,UK,OS,Carysfort Shallow,503,503-500-118,1,Juv,MURO,MURO,34
2016,2016,Sept,9/13/2016,UK,OS,Carysfort Shallow,503,503-500-145,0,NA,NA,NA,NA
2016,2016,Sept,9/13/2016,UK,OS,Carysfort Shallow,504,504-100-019,1,Juv,ANTI/GVEN,AG,6
2016,2016,Sept,9/13/2016,UK,OS,Carysfort Shallow,504,504-100-019,1,Juv,ANTI/GVEN,AG,2
2016,2016,Sept,9/13/2016,UK,OS,Carysfort Shallow,504,504-100-019,1,Juv,ANTI/GVEN,AG,4
2016,2016,Sept,9/13/2016,UK,OS,Carysfort Shallow,504,504-100-019,1,Juv,ANTI/GVEN,AG,3
2016,2016,Sept,9/13/2016,UK,OS,Carysfort Shallow,504,504-100-019,1,Juv,ANTI/GVEN,AG,2
2016,2016,Sept,9/13/2016,UK,OS,Carysfort Shallow,504,504-100-019,1,Juv,GVEN,GVEN,10
2016,2016,Sept,9/13/2016,UK,OS,Carysfort Shallow,504,504-100-019,1,Juv,GVEN,GVEN,12
2016,2016,Sept,9/13/2016,UK,OS,Carysfort Shallow,504,504-100-019,1,Juv,GVEN,GVEN,10
2016,2016,Sept,9/13/2016,UK,OS,Carysfort Shallow,504,504-100-019,1,Juv,UNKO,UNKO,3
2016,2016,Sept,9/13/2016,UK,OS,Carysfort Shallow,504,504-100-138,0,NA,NA,NA,NA
2016,2016,Sept,9/13/2016,UK,OS,Carysfort Shallow,504,504-100-171,1,Juv,ANTI,ANTI,5
2016,2016,Sept,9/13/2016,UK,OS,Carysfort Shallow,504,504-100-171,1,Juv,ANTI,ANTI,5
2016,2016,Sept,9/13/2016,UK,OS,Carysfort Shallow,504,504-100-184,1,Juv,PBIP,ANTI,26
2016,2016,Sept,9/13/2016,UK,OS,Carysfort Shallow,504,504-100-184,1,Juv,EUNI,EUNI,10
2016,2016,Sept,9/13/2016,UK,OS,Carysfort Shallow,504,504-100-184,1,Juv,GVEN,GVEN,13
2016,2016,Sept,9/13/2016,UK,OS,Carysfort Shallow,504,504-500-021,1,Juv,ANTI,ANTI,4
2016,2016,Sept,9/13/2016,UK,OS,Carysfort Shallow,504,504-500-021,1,Juv,ANTI,ANTI,2
2016,2016,Sept,9/13/2016,UK,OS,Carysfort Shallow,504,504-500-021,1,Juv,EUNI,EUNI,35
2016,2016,Sept,9/13/2016,UK,OS,Carysfort Shallow,504,504-500-021,1,Juv,GVEN,GVEN,26
2016,2016,Sept,9/13/2016,UK,OS,Carysfort Shallow,504,504-500-021,1,Juv,GVEN,GVEN,15
2016,2016,Sept,9/13/2016,UK,OS,Carysfort Shallow,504,504-500-021,1,Juv,GVEN,GVEN,6
2016,2016,Sept,9/13/2016,UK,OS,Carysfort Shallow,504,504-500-021,1,Juv,UNKO,UNKO,2
2016,2016,Sept,9/13/2016,UK,OS,Carysfort Shallow,504,504-500-060,1,Juv,ANTI/GVEN,AG,8
2016,2016,Sept,9/13/2016,UK,OS,Carysfort Shallow,504,504-500-060,1,Juv,ANTI/GVEN,AG,9
2016,2016,Sept,9/13/2016,UK,OS,Carysfort Shallow,504,504-500-060,1,Juv,UNKO,UNKO,2
2016,2016,Sept,9/13/2016,UK,OS,Carysfort Shallow,504,504-500-159,1,Juv,ANTI/GVEN,AG,6
2016,2016,Sept,9/13/2016,UK,OS,Carysfort Shallow,504,504-500-159,1,Juv,ANTI/GVEN,AG,25
2016,2016,Sept,9/13/2016,UK,OS,Carysfort Shallow,504,504-500-159,1,Juv,ANTI,ANTI,31
2016,2016,Sept,9/13/2016,UK,OS,Carysfort Shallow,504,504-500-159,1,Juv,ANTI,ANTI,4
2016,2016,Sept,9/13/2016,UK,OS,Carysfort Shallow,504,504-500-159,1,Juv,ANTI,ANTI,4
2016,2016,Sept,9/13/2016,UK,OS,Carysfort Shallow,504,504-500-159,1,Juv,ANTI,ANTI,9
2016,2016,Sept,9/13/2016,UK,OS,Carysfort Shallow,504,504-500-159,1,Juv,ANTI,ANTI,14
2016,2016,Sept,9/13/2016,UK,OS,Carysfort Shallow,504,504-500-159,1,Juv,ANTI,ANTI,3
2016,2016,Sept,9/13/2016,UK,OS,Carysfort Shallow,504,504-500-159,1,Juv,ANTI,ANTI,19
2016,2016,Sept,9/13/2016,UK,OS,Carysfort Shallow,504,504-500-159,1,Juv,ANTI,ANTI,6
2016,2016,Sept,9/13/2016,UK,OS,Carysfort Shallow,504,504-500-159,1,Juv,ANTI,ANTI,23
2016,2016,Sept,9/13/2016,UK,OS,Carysfort Shallow,504,504-500-159,1,Juv,ANTI,ANTI,11
2016,2016,Sept,9/13/2016,UK,OS,Carysfort Shallow,504,504-500-210,1,Juv,ANTI,ANTI,6
2016,2016,Sept,9/13/2016,UK,OS,Carysfort Shallow,504,504-500-210,1,Juv,ANTI,ANTI,7
2016,2016,Sept,9/13/2016,UK,OS,Carysfort Shallow,504,504-500-210,1,Juv,EUNI,EUNI,5
2016,2016,Sept,9/14/2016,UK,OS,Molasses Shallow,521,521-100-011,1,Juv,GVEN,GVEN,34
2016,2016,Sept,9/14/2016,UK,OS,Molasses Shallow,521,521-100-027,0,NA,NA,NA,NA
2016,2016,Sept,9/14/2016,UK,OS,Molasses Shallow,521,521-100-088,1,Juv,ANTI,ANTI,39
2016,2016,Sept,9/14/2016,UK,OS,Molasses Shallow,521,521-100-088,1,Juv,ANTI,ANTI,35
2016,2016,Sept,9/14/2016,UK,OS,Molasses Shallow,521,521-100-088,1,Juv,ANTI,ANTI,25
2016,2016,Sept,9/14/2016,UK,OS,Molasses Shallow,521,521-100-088,1,Juv,ANTI,ANTI,26
2016,2016,Sept,9/14/2016,UK,OS,Molasses Shallow,521,521-100-088,1,Juv,PAME,ANTI,21
2016,2016,Sept,9/14/2016,UK,OS,Molasses Shallow,521,521-100-088,1,Juv,EUNI,EUNI,6
2016,2016,Sept,9/14/2016,UK,OS,Molasses Shallow,521,521-100-088,1,Juv,GVEN,GVEN,38
2016,2016,Sept,9/14/2016,UK,OS,Molasses Shallow,521,521-100-088,1,Juv,GVEN,GVEN,15
2016,2016,Sept,9/14/2016,UK,OS,Molasses Shallow,521,521-100-088,1,Juv,MURO,MURO,32
2016,2016,Sept,9/14/2016,UK,OS,Molasses Shallow,521,521-100-174,1,Juv,ANTI,ANTI,14
2016,2016,Sept,9/14/2016,UK,OS,Molasses Shallow,521,521-100-174,1,Juv,ANTI,ANTI,20
2016,2016,Sept,9/14/2016,UK,OS,Molasses Shallow,521,521-100-174,1,Juv,GVEN,GVEN,25
2016,2016,Sept,9/14/2016,UK,OS,Molasses Shallow,521,521-500-025,1,Juv,ANTI,ANTI,14
2016,2016,Sept,9/14/2016,UK,OS,Molasses Shallow,521,521-500-025,1,Juv,EUNI,EUNI,19
2016,2016,Sept,9/14/2016,UK,OS,Molasses Shallow,521,521-500-025,1,Juv,GVEN,GVEN,30
2016,2016,Sept,9/14/2016,UK,OS,Molasses Shallow,521,521-500-025,1,Juv,GVEN,GVEN,30
2016,2016,Sept,9/14/2016,UK,OS,Molasses Shallow,521,521-500-025,1,Juv,GVEN,GVEN,23
2016,2016,Sept,9/14/2016,UK,OS,Molasses Shallow,521,521-500-025,1,Juv,GVEN,GVEN,26
2016,2016,Sept,9/14/2016,UK,OS,Molasses Shallow,521,521-500-025,1,Juv,GVEN,GVEN,38
2016,2016,Sept,9/14/2016,UK,OS,Molasses Shallow,521,521-500-025,1,Juv,GVEN,GVEN,18
2016,2016,Sept,9/14/2016,UK,OS,Molasses Shallow,521,521-500-025,1,Juv,GVEN,GVEN,20
2016,2016,Sept,9/14/2016,UK,OS,Molasses Shallow,521,521-500-025,1,Juv,MURO,MURO,18
2016,2016,Sept,9/14/2016,UK,OS,Molasses Shallow,521,521-500-025,1,Juv,UNKO,UNKO,8
2016,2016,Sept,9/14/2016,UK,OS,Molasses Shallow,521,521-500-061,1,Juv,GVEN,GVEN,35
2016,2016,Sept,9/14/2016,UK,OS,Molasses Shallow,521,521-500-137,1,Juv,EUNI,EUNI,11
2016,2016,Sept,9/14/2016,UK,OS,Molasses Shallow,521,521-500-137,1,Juv,GVEN,GVEN,13
2016,2016,Sept,9/14/2016,UK,OS,Molasses Shallow,521,521-500-137,1,Juv,GVEN,GVEN,14
2016,2016,Sept,9/14/2016,UK,OS,Molasses Shallow,521,521-500-137,1,Juv,GVEN,GVEN,9
2016,2016,Sept,9/14/2016,UK,OS,Molasses Shallow,521,521-500-137,1,Juv,GVEN,GVEN,7
2016,2016,Sept,9/14/2016,UK,OS,Molasses Shallow,521,521-500-137,1,Juv,GVEN,GVEN,20
2016,2016,Sept,9/14/2016,UK,OS,Molasses Shallow,521,521-500-137,1,Juv,GVEN,GVEN,23
2016,2016,Sept,9/14/2016,UK,OS,Molasses Shallow,521,521-500-137,1,Juv,GVEN,GVEN,38
2016,2016,Sept,9/14/2016,UK,OS,Molasses Shallow,521,521-500-137,1,Juv,GVEN,GVEN,36
2016,2016,Sept,9/14/2016,UK,OS,Molasses Shallow,521,521-500-137,1,Juv,UNKO,UNKO,12
2016,2016,Sept,9/14/2016,UK,OS,Molasses Shallow,521,521-500-205,1,Juv,ANTI/GVEN,AG,19
2016,2016,Sept,9/14/2016,UK,OS,Molasses Shallow,521,521-500-205,1,Juv,ANTI,ANTI,16
2016,2016,Sept,9/14/2016,UK,OS,Molasses Shallow,521,521-500-205,1,Juv,GVEN,GVEN,15
2016,2016,Sept,9/14/2016,UK,OS,Molasses Shallow,522,522-100-025,1,Juv,GVEN,GVEN,25
2016,2016,Sept,9/14/2016,UK,OS,Molasses Shallow,522,522-100-025,1,Juv,GVEN,GVEN,18
2016,2016,Sept,9/14/2016,UK,OS,Molasses Shallow,522,522-100-058,1,Juv,ANTI,ANTI,8
2016,2016,Sept,9/14/2016,UK,OS,Molasses Shallow,522,522-100-091,0,NA,NA,NA,NA
2016,2016,Sept,9/14/2016,UK,OS,Molasses Shallow,522,522-100-139,1,Juv,ANTI,ANTI,4
2016,2016,Sept,9/14/2016,UK,OS,Molasses Shallow,522,522-100-139,1,Juv,EUNI,EUNI,4
2016,2016,Sept,9/14/2016,UK,OS,Molasses Shallow,522,522-500-033,1,Juv,ANTI,ANTI,31
2016,2016,Sept,9/14/2016,UK,OS,Molasses Shallow,522,522-500-033,1,Juv,ANTI,ANTI,25
2016,2016,Sept,9/14/2016,UK,OS,Molasses Shallow,522,522-500-033,1,Juv,GVEN,GVEN,13
2016,2016,Sept,9/14/2016,UK,OS,Molasses Shallow,522,522-500-033,1,Juv,GVEN,GVEN,15
2016,2016,Sept,9/14/2016,UK,OS,Molasses Shallow,522,522-500-063,1,Juv,ANTI,ANTI,19
2016,2016,Sept,9/14/2016,UK,OS,Molasses Shallow,522,522-500-063,1,Juv,GVEN,GVEN,36
2016,2016,Sept,9/14/2016,UK,OS,Molasses Shallow,522,522-500-063,1,Juv,UNKO,UNKO,31
2016,2016,Sept,9/14/2016,UK,OS,Molasses Shallow,522,522-500-138,1,Juv,ANTI,ANTI,23
2016,2016,Sept,9/14/2016,UK,OS,Molasses Shallow,522,522-500-138,1,Juv,EUNI,EUNI,39
2016,2016,Sept,9/14/2016,UK,OS,Molasses Shallow,522,522-500-200,1,Juv,ANTI,ANTI,17
2016,2016,Sept,9/14/2016,UK,OS,Molasses Shallow,522,522-500-200,1,Juv,GVEN,GVEN,18
2016,2016,Sept,9/14/2016,UK,OS,Molasses Shallow,522,522-500-200,1,Juv,GVEN,GVEN,12
2016,2016,Sept,9/14/2016,UK,OS,Molasses Shallow,522,522-500-200,1,Juv,GVEN,GVEN,17
2016,2016,Sept,9/14/2016,UK,OS,Molasses Shallow,522,522-500-200,1,Juv,GVEN,GVEN,18
2016,2016,Sept,9/14/2016,UK,OS,Molasses Shallow,522,522-500-200,1,Juv,GVEN,GVEN,24
2016,2016,Sept,9/14/2016,UK,OS,Molasses Shallow,522,522-500-200,1,Juv,GVEN,GVEN,16
2016,2016,Sept,9/14/2016,UK,OS,Molasses Shallow,522,522-500-200,1,Juv,MURI,MURI,35
2016,2016,Sept,9/14/2016,UK,OS,Molasses Shallow,523,523-100-003,1,Juv,ANTI,ANTI,6
2016,2016,Sept,9/14/2016,UK,OS,Molasses Shallow,523,523-100-003,1,Juv,ANTI,ANTI,7
2016,2016,Sept,9/14/2016,UK,OS,Molasses Shallow,523,523-100-003,1,Juv,ANTI,ANTI,4
2016,2016,Sept,9/14/2016,UK,OS,Molasses Shallow,523,523-100-003,1,Juv,ANTI,ANTI,4
2016,2016,Sept,9/14/2016,UK,OS,Molasses Shallow,523,523-100-036,1,Juv,ANTI/GVEN,AG,20
2016,2016,Sept,9/14/2016,UK,OS,Molasses Shallow,523,523-100-036,1,Juv,ANTI/GVEN,AG,11
2016,2016,Sept,9/14/2016,UK,OS,Molasses Shallow,523,523-100-036,1,Juv,ANTI,ANTI,16
2016,2016,Sept,9/14/2016,UK,OS,Molasses Shallow,523,523-100-036,1,Juv,ANTI,ANTI,34
2016,2016,Sept,9/14/2016,UK,OS,Molasses Shallow,523,523-100-036,1,Juv,ANTI,ANTI,23
2016,2016,Sept,9/14/2016,UK,OS,Molasses Shallow,523,523-100-036,1,Juv,ANTI,ANTI,19
2016,2016,Sept,9/14/2016,UK,OS,Molasses Shallow,523,523-100-036,1,Juv,ANTI,ANTI,15
2016,2016,Sept,9/14/2016,UK,OS,Molasses Shallow,523,523-100-036,1,Juv,ANTI,ANTI,26
2016,2016,Sept,9/14/2016,UK,OS,Molasses Shallow,523,523-100-036,1,Juv,ANTI,ANTI,3
2016,2016,Sept,9/14/2016,UK,OS,Molasses Shallow,523,523-100-036,1,Juv,UNKO,UNKO,3
2016,2016,Sept,9/14/2016,UK,OS,Molasses Shallow,523,523-100-107,1,Juv,ANTI,ANTI,39
2016,2016,Sept,9/14/2016,UK,OS,Molasses Shallow,523,523-100-107,1,Juv,ANTI,ANTI,18
2016,2016,Sept,9/14/2016,UK,OS,Molasses Shallow,523,523-100-107,1,Juv,ANTI,ANTI,21
2016,2016,Sept,9/14/2016,UK,OS,Molasses Shallow,523,523-100-107,1,Juv,ANTI,ANTI,32
2016,2016,Sept,9/14/2016,UK,OS,Molasses Shallow,523,523-100-107,1,Juv,ANTI,ANTI,19
2016,2016,Sept,9/14/2016,UK,OS,Molasses Shallow,523,523-100-107,1,Juv,ANTI,ANTI,25
2016,2016,Sept,9/14/2016,UK,OS,Molasses Shallow,523,523-100-157,1,Juv,GVEN,GVEN,25
2016,2016,Sept,9/14/2016,UK,OS,Molasses Shallow,523,523-100-157,1,Juv,GVEN,GVEN,10
2016,2016,Sept,9/14/2016,UK,OS,Molasses Shallow,523,523-100-157,1,Juv,GVEN,GVEN,25
2016,2016,Sept,9/14/2016,UK,OS,Molasses Shallow,523,523-500-023,1,Juv,GVEN,GVEN,14
2016,2016,Sept,9/14/2016,UK,OS,Molasses Shallow,523,523-500-023,1,Juv,GVEN,GVEN,20
2016,2016,Sept,9/14/2016,UK,OS,Molasses Shallow,523,523-500-023,1,Juv,GVEN,GVEN,10
2016,2016,Sept,9/14/2016,UK,OS,Molasses Shallow,523,523-500-063,1,Juv,ANTI/GVEN,AG,4
2016,2016,Sept,9/14/2016,UK,OS,Molasses Shallow,523,523-500-063,1,Juv,GVEN,GVEN,26
2016,2016,Sept,9/14/2016,UK,OS,Molasses Shallow,523,523-500-063,1,Juv,GVEN,GVEN,8
2016,2016,Sept,9/14/2016,UK,OS,Molasses Shallow,523,523-500-101,1,Juv,ANTI,ANTI,37
2016,2016,Sept,9/14/2016,UK,OS,Molasses Shallow,523,523-500-101,1,Juv,ANTI,ANTI,8
2016,2016,Sept,9/14/2016,UK,OS,Molasses Shallow,523,523-500-167,1,Juv,GVEN,GVEN,14
2016,2016,Sept,9/14/2016,UK,OS,Molasses Shallow,523,523-500-167,1,Juv,GVEN,GVEN,15
2016,2016,Sept,9/14/2016,UK,OS,Molasses Shallow,523,523-500-167,1,Juv,GVEN,GVEN,19
2016,2016,Sept,9/14/2016,UK,OS,Molasses Shallow,523,523-500-167,1,Juv,GVEN,GVEN,6
2016,2016,Sept,9/14/2016,UK,OS,Molasses Shallow,523,523-500-167,1,Juv,GVEN,GVEN,15
2016,2016,Sept,9/14/2016,UK,OS,Molasses Shallow,524,524-100-019,1,Juv,ANTI,ANTI,28
2016,2016,Sept,9/14/2016,UK,OS,Molasses Shallow,524,524-100-019,1,Juv,ANTI,ANTI,14
2016,2016,Sept,9/14/2016,UK,OS,Molasses Shallow,524,524-100-019,1,Juv,ANTI,ANTI,9
2016,2016,Sept,9/14/2016,UK,OS,Molasses Shallow,524,524-100-019,1,Juv,ANTI,ANTI,5
2016,2016,Sept,9/14/2016,UK,OS,Molasses Shallow,524,524-100-019,1,Juv,ANTI,ANTI,4
2016,2016,Sept,9/14/2016,UK,OS,Molasses Shallow,524,524-100-019,1,Juv,ANTI,ANTI,1
2016,2016,Sept,9/14/2016,UK,OS,Molasses Shallow,524,524-100-019,1,Juv,BRIA,BRIA,5
2016,2016,Sept,9/14/2016,UK,OS,Molasses Shallow,524,524-100-019,1,Juv,GVEN,GVEN,15
2016,2016,Sept,9/14/2016,UK,OS,Molasses Shallow,524,524-100-019,1,Juv,GVEN,GVEN,21
2016,2016,Sept,9/14/2016,UK,OS,Molasses Shallow,524,524-100-051,0,NA,NA,NA,NA
2016,2016,Sept,9/14/2016,UK,OS,Molasses Shallow,524,524-100-132,1,Juv,GVEN,GVEN,30
2016,2016,Sept,9/14/2016,UK,OS,Molasses Shallow,524,524-100-132,1,Juv,GVEN,GVEN,15
2016,2016,Sept,9/14/2016,UK,OS,Molasses Shallow,524,524-100-132,1,Juv,GVEN,GVEN,7
2016,2016,Sept,9/14/2016,UK,OS,Molasses Shallow,524,524-100-132,1,Juv,GVEN,GVEN,6
2016,2016,Sept,9/14/2016,UK,OS,Molasses Shallow,524,524-100-132,1,Juv,GVEN,GVEN,3
2016,2016,Sept,9/14/2016,UK,OS,Molasses Shallow,524,524-100-132,1,Juv,UNKO,UNKO,3
2016,2016,Sept,9/14/2016,UK,OS,Molasses Shallow,524,524-100-163,1,Juv,PAME,ANTI,16
2016,2016,Sept,9/14/2016,UK,OS,Molasses Shallow,524,524-100-163,1,Juv,GVEN,GVEN,5
2016,2016,Sept,9/14/2016,UK,OS,Molasses Shallow,524,524-100-163,1,Juv,GVEN,GVEN,22
2016,2016,Sept,9/14/2016,UK,OS,Molasses Shallow,524,524-100-163,1,Juv,GVEN,GVEN,24
2016,2016,Sept,9/14/2016,UK,OS,Molasses Shallow,524,524-100-163,1,Juv,GVEN,GVEN,7
2016,2016,Sept,9/14/2016,UK,OS,Molasses Shallow,524,524-100-163,1,Juv,GVEN,GVEN,30
2016,2016,Sept,9/14/2016,UK,OS,Molasses Shallow,524,524-100-163,1,Juv,GVEN,GVEN,26
2016,2016,Sept,9/14/2016,UK,OS,Molasses Shallow,524,524-100-163,1,Juv,GVEN,GVEN,5
2016,2016,Sept,9/14/2016,UK,OS,Molasses Shallow,524,524-500-019,1,Juv,PAME,ANTI,15
2016,2016,Sept,9/14/2016,UK,OS,Molasses Shallow,524,524-500-019,1,Juv,GVEN,GVEN,10
2016,2016,Sept,9/14/2016,UK,OS,Molasses Shallow,524,524-500-019,1,Juv,GVEN,GVEN,11
2016,2016,Sept,9/14/2016,UK,OS,Molasses Shallow,524,524-500-036,0,NA,NA,NA,NA
2016,2016,Sept,9/14/2016,UK,OS,Molasses Shallow,524,524-500-089,1,Juv,ANTI/GVEN,AG,9
2016,2016,Sept,9/14/2016,UK,OS,Molasses Shallow,524,524-500-089,1,Juv,ANTI,ANTI,25
2016,2016,Sept,9/14/2016,UK,OS,Molasses Shallow,524,524-500-089,1,Juv,GVEN,GVEN,26
2016,2016,Sept,9/14/2016,UK,OS,Molasses Shallow,524,524-500-089,1,Juv,GVEN,GVEN,9
2016,2016,Sept,9/14/2016,UK,OS,Molasses Shallow,524,524-500-089,1,Juv,GVEN,GVEN,15
2016,2016,Sept,9/14/2016,UK,OS,Molasses Shallow,524,524-500-089,1,Juv,GVEN,GVEN,14
2016,2016,Sept,9/14/2016,UK,OS,Molasses Shallow,524,524-500-165,1,Juv,ANTI,ANTI,12
2016,2016,Sept,9/14/2016,UK,OS,Molasses Shallow,524,524-500-165,1,Juv,EUNI,EUNI,3
2016,2016,Sept,9/14/2016,UK,OS,Molasses Shallow,524,524-500-165,1,Juv,GVEN,GVEN,20
2016,2016,Sept,9/14/2016,UK,OS,Molasses Shallow,524,524-500-165,1,Juv,GVEN,GVEN,25
2016,2016,Sept,9/14/2016,UK,OS,Molasses Shallow,524,524-500-165,1,Juv,GVEN,GVEN,7
2016,2016,Sept,9/14/2016,UK,OS,Molasses Shallow,524,524-500-165,1,Juv,GVEN,GVEN,32
2016,2016,Sept,9/14/2016,UK,OS,Molasses Shallow,524,524-500-165,1,Juv,GVEN,GVEN,39
2016,2016,Sept,9/14/2016,UK,OS,Molasses Shallow,524,524-500-165,1,Juv,GVEN,GVEN,14
2016,2016,Sept,9/14/2016,UK,OS,Molasses Shallow,524,524-500-165,1,Juv,GVEN,GVEN,17
2016,2016,Sept,9/14/2016,UK,OS,Molasses Shallow,524,524-500-165,1,Juv,GVEN,GVEN,26
2016,2016,Sept,9/14/2016,UK,OS,Molasses Shallow,524,524-500-165,1,Juv,GVEN,GVEN,6
2016,2016,Sept,9/14/2016,UK,OS,Molasses Shallow,524,524-500-165,1,Juv,GVEN,GVEN,28
2016,2016,Sept,9/14/2016,UK,OS,Molasses Shallow,524,524-500-165,1,Juv,GVEN,GVEN,10
2016,2016,Sept,9/14/2016,UK,OS,Molasses Shallow,524,524-500-165,1,Juv,GVEN,GVEN,6
2016,2016,Sept,9/14/2016,UK,OS,Molasses Shallow,524,524-500-165,1,Juv,MURO,MURO,12
2016,2016,Sept,9/14/2016,UK,OS,Molasses Shallow,524,524-500-165,1,Juv,UNKO,UNKO,2
2016,2016,Sept,9/14/2016,UK,OS,Molasses Shallow,524,524-500-165,1,Juv,UNKO,UNKO,3
2016,2016,May,5/13/2016,MK,OS,Tennessee Shallow,551,551-100-012,1,Juv,PAME,ANTI,24
2016,2016,May,5/13/2016,MK,OS,Tennessee Shallow,551,551-100-012,1,Juv,GVEN,GVEN,16
2016,2016,May,5/13/2016,MK,OS,Tennessee Shallow,551,551-100-012,1,Juv,MURI,MURI,16
2016,2016,May,5/13/2016,MK,OS,Tennessee Shallow,551,551-100-073,1,Juv,PAME,ANTI,33
2016,2016,May,5/13/2016,MK,OS,Tennessee Shallow,551,551-100-073,1,Juv,PAME,ANTI,10
2016,2016,May,5/13/2016,MK,OS,Tennessee Shallow,551,551-100-073,1,Juv,EUNI,EUNI,7
2016,2016,May,5/13/2016,MK,OS,Tennessee Shallow,551,551-100-133,1,Juv,EUNI,EUNI,12
2016,2016,May,5/13/2016,MK,OS,Tennessee Shallow,551,551-100-133,1,Juv,GVEN,GVEN,11
2016,2016,May,5/13/2016,MK,OS,Tennessee Shallow,551,551-100-133,1,Juv,MURO,MURO,31
2016,2016,May,5/13/2016,MK,OS,Tennessee Shallow,551,551-100-192,1,Juv,ANTI,ANTI,12
2016,2016,May,5/13/2016,MK,OS,Tennessee Shallow,551,551-100-192,1,Juv,ANTI,ANTI,10
2016,2016,May,5/13/2016,MK,OS,Tennessee Shallow,551,551-100-192,1,Juv,PAME,ANTI,14
2016,2016,May,5/13/2016,MK,OS,Tennessee Shallow,551,551-100-192,1,Juv,EUNI,EUNI,10
2016,2016,May,5/13/2016,MK,OS,Tennessee Shallow,551,551-100-192,1,Juv,PFLE,EUNI,38
2016,2016,May,5/13/2016,MK,OS,Tennessee Shallow,551,551-500-020,1,Juv,GVEN,GVEN,34
2016,2016,May,5/13/2016,MK,OS,Tennessee Shallow,551,551-500-020,1,Juv,GVEN,GVEN,18
2016,2016,May,5/13/2016,MK,OS,Tennessee Shallow,551,551-500-088,1,Juv,PAME,ANTI,25
2016,2016,May,5/13/2016,MK,OS,Tennessee Shallow,551,551-500-088,1,Juv,PAME,ANTI,4
2016,2016,May,5/13/2016,MK,OS,Tennessee Shallow,551,551-500-088,1,Juv,EUNI,EUNI,8
2016,2016,May,5/13/2016,MK,OS,Tennessee Shallow,551,551-500-088,1,Juv,GVEN,GVEN,22
2016,2016,May,5/13/2016,MK,OS,Tennessee Shallow,551,551-500-088,1,Juv,GVEN,GVEN,8
2016,2016,May,5/13/2016,MK,OS,Tennessee Shallow,551,551-500-088,1,Juv,GVEN,GVEN,38
2016,2016,May,5/13/2016,MK,OS,Tennessee Shallow,551,551-500-088,1,Juv,GVEN,GVEN,35
2016,2016,May,5/13/2016,MK,OS,Tennessee Shallow,551,551-500-088,1,Juv,GVEN,GVEN,24
2016,2016,May,5/13/2016,MK,OS,Tennessee Shallow,551,551-500-088,1,Juv,GVEN,GVEN,22
2016,2016,May,5/13/2016,MK,OS,Tennessee Shallow,551,551-500-140,0,NA,NA,NA,NA
2016,2016,May,5/13/2016,MK,OS,Tennessee Shallow,551,551-500-198,0,NA,NA,NA,NA
2016,2016,May,5/13/2016,MK,OS,Tennessee Shallow,552,552-100-012,1,Juv,ANTI,ANTI,17
2016,2016,May,5/13/2016,MK,OS,Tennessee Shallow,552,552-100-012,1,Juv,ANTI,ANTI,17
2016,2016,May,5/13/2016,MK,OS,Tennessee Shallow,552,552-100-012,1,Juv,ANTI,ANTI,10
2016,2016,May,5/13/2016,MK,OS,Tennessee Shallow,552,552-100-012,1,Juv,EUNI,EUNI,18
2016,2016,May,5/13/2016,MK,OS,Tennessee Shallow,552,552-100-012,1,Juv,PFLE,EUNI,26
2016,2016,May,5/13/2016,MK,OS,Tennessee Shallow,552,552-100-012,1,Juv,GVEN,GVEN,18
2016,2016,May,5/13/2016,MK,OS,Tennessee Shallow,552,552-100-012,1,Juv,GVEN,GVEN,29
2016,2016,May,5/13/2016,MK,OS,Tennessee Shallow,552,552-100-012,1,Juv,GVEN,GVEN,24
2016,2016,May,5/13/2016,MK,OS,Tennessee Shallow,552,552-100-012,1,Juv,MURO,MURO,7
2016,2016,May,5/13/2016,MK,OS,Tennessee Shallow,552,552-100-012,1,Juv,PLEL,PLEL,16
2016,2016,May,5/13/2016,MK,OS,Tennessee Shallow,552,552-100-012,1,Juv,PLEL,PLEL,20
2016,2016,May,5/13/2016,MK,OS,Tennessee Shallow,552,552-100-012,1,Juv,PTER,PTER,37
2016,2016,May,5/13/2016,MK,OS,Tennessee Shallow,552,552-100-094,1,Juv,EUNI,EUNI,35
2016,2016,May,5/13/2016,MK,OS,Tennessee Shallow,552,552-100-094,1,Juv,EUNI,EUNI,12
2016,2016,May,5/13/2016,MK,OS,Tennessee Shallow,552,552-100-094,1,Juv,GVEN,GVEN,39
2016,2016,May,5/13/2016,MK,OS,Tennessee Shallow,552,552-100-094,1,Juv,MURI,MURI,3
2016,2016,May,5/13/2016,MK,OS,Tennessee Shallow,552,552-100-169,1,Juv,EUNI,EUNI,20
2016,2016,May,5/13/2016,MK,OS,Tennessee Shallow,552,552-100-169,1,Juv,PFLE,EUNI,22
2016,2016,May,5/13/2016,MK,OS,Tennessee Shallow,552,552-100-169,1,Juv,PTER,PTER,28
2016,2016,May,5/13/2016,MK,OS,Tennessee Shallow,552,552-100-217,1,Juv,MURI,MURI,17
2016,2016,May,5/13/2016,MK,OS,Tennessee Shallow,552,552-500-028,1,Juv,PAME,ANTI,18
2016,2016,May,5/13/2016,MK,OS,Tennessee Shallow,552,552-500-028,1,Juv,EUNI,EUNI,11
2016,2016,May,5/13/2016,MK,OS,Tennessee Shallow,552,552-500-028,1,Juv,PFLE,EUNI,34
2016,2016,May,5/13/2016,MK,OS,Tennessee Shallow,552,552-500-028,1,Juv,MURI,MURI,24
2016,2016,May,5/13/2016,MK,OS,Tennessee Shallow,552,552-500-083,1,Juv,ANTI,ANTI,7
2016,2016,May,5/13/2016,MK,OS,Tennessee Shallow,552,552-500-083,1,Juv,GVEN,GVEN,10
2016,2016,May,5/13/2016,MK,OS,Tennessee Shallow,552,552-500-083,1,Juv,GVEN,GVEN,15
2016,2016,May,5/13/2016,MK,OS,Tennessee Shallow,552,552-500-106,1,Juv,EUNI,EUNI,13
2016,2016,May,5/13/2016,MK,OS,Tennessee Shallow,552,552-500-106,1,Juv,EUNI,EUNI,13
2016,2016,May,5/13/2016,MK,OS,Tennessee Shallow,552,552-500-106,1,Juv,GVEN,GVEN,39
2016,2016,May,5/13/2016,MK,OS,Tennessee Shallow,552,552-500-132,1,Juv,EUNI,EUNI,38
2016,2016,May,5/13/2016,MK,OS,Tennessee Shallow,553,553-100-089,1,Juv,GVEN,GVEN,11
2016,2016,May,5/13/2016,MK,OS,Tennessee Shallow,553,553-100-089,1,Juv,GVEN,GVEN,10
2016,2016,May,5/13/2016,MK,OS,Tennessee Shallow,553,553-100-089,1,Juv,EUNI,EUNI,4
2016,2016,May,5/13/2016,MK,OS,Tennessee Shallow,553,553-100-089,1,Juv,EUNI,EUNI,10
2016,2016,May,5/13/2016,MK,OS,Tennessee Shallow,553,553-100-089,1,Juv,EUNI,EUNI,6
2016,2016,May,5/13/2016,MK,OS,Tennessee Shallow,553,553-100-089,1,Juv,EUNI,EUNI,9
2016,2016,May,5/13/2016,MK,OS,Tennessee Shallow,553,553-100-089,1,Juv,PFLE,EUNI,19
2016,2016,May,5/13/2016,MK,OS,Tennessee Shallow,553,553-100-089,1,Juv,GVEN,GVEN,36
2016,2016,May,5/13/2016,MK,OS,Tennessee Shallow,553,553-100-089,1,Juv,GVEN,GVEN,39
2016,2016,May,5/13/2016,MK,OS,Tennessee Shallow,553,553-100-089,1,Juv,GVEN,GVEN,33
2016,2016,May,5/13/2016,MK,OS,Tennessee Shallow,553,553-100-089,1,Juv,GVEN,GVEN,31
2016,2016,May,5/13/2016,MK,OS,Tennessee Shallow,553,553-100-089,1,Juv,PLEL,PLEL,16
2016,2016,May,5/13/2016,MK,OS,Tennessee Shallow,553,553-100-089,1,Juv,UNKO,UNKO,2
2016,2016,May,5/13/2016,MK,OS,Tennessee Shallow,553,553-100-089,1,Juv,UNKO,UNKO,4
2016,2016,May,5/13/2016,MK,OS,Tennessee Shallow,553,553-100-089,1,Juv,UNKO,UNKO,3
2016,2016,May,5/13/2016,MK,OS,Tennessee Shallow,553,553-100-133,1,Juv,EUNI,EUNI,9
2016,2016,May,5/13/2016,MK,OS,Tennessee Shallow,553,553-100-133,1,Juv,GVEN,GVEN,37
2016,2016,May,5/13/2016,MK,OS,Tennessee Shallow,553,553-100-133,1,Juv,GVEN,GVEN,36
2016,2016,May,5/13/2016,MK,OS,Tennessee Shallow,553,553-100-154,1,Juv,ANTI/GVEN,AG,9
2016,2016,May,5/13/2016,MK,OS,Tennessee Shallow,553,553-100-154,1,Juv,GVEN,GVEN,38
2016,2016,May,5/13/2016,MK,OS,Tennessee Shallow,553,553-100-154,1,Juv,GVEN,GVEN,22
2016,2016,May,5/13/2016,MK,OS,Tennessee Shallow,553,553-100-154,1,Juv,PLEX,PLEX,31
2016,2016,May,5/13/2016,MK,OS,Tennessee Shallow,553,553-100-154,1,Juv,PTER,PTER,39
2016,2016,May,5/13/2016,MK,OS,Tennessee Shallow,553,553-100-154,1,Juv,UNKO,UNKO,12
2016,2016,May,5/13/2016,MK,OS,Tennessee Shallow,553,553-100-154,1,Juv,UNKO,UNKO,14
2016,2016,May,5/13/2016,MK,OS,Tennessee Shallow,553,553-100-176,1,Juv,ANTI,ANTI,13
2016,2016,May,5/13/2016,MK,OS,Tennessee Shallow,553,553-100-176,1,Juv,ANTI,ANTI,21
2016,2016,May,5/13/2016,MK,OS,Tennessee Shallow,553,553-100-176,1,Juv,PAME,ANTI,35
2016,2016,May,5/13/2016,MK,OS,Tennessee Shallow,553,553-100-176,1,Juv,EUNI,EUNI,15
2016,2016,May,5/13/2016,MK,OS,Tennessee Shallow,553,553-500-030,0,NA,NA,NA,NA
2016,2016,May,5/13/2016,MK,OS,Tennessee Shallow,553,553-500-087,1,Juv,ANTI,ANTI,9
2016,2016,May,5/13/2016,MK,OS,Tennessee Shallow,553,553-500-087,1,Juv,PAME,ANTI,15
2016,2016,May,5/13/2016,MK,OS,Tennessee Shallow,553,553-500-087,1,Juv,GVEN,GVEN,21
2016,2016,May,5/13/2016,MK,OS,Tennessee Shallow,553,553-500-087,1,Juv,GVEN,GVEN,25
2016,2016,May,5/13/2016,MK,OS,Tennessee Shallow,553,553-500-087,1,Juv,GVEN,GVEN,12
2016,2016,May,5/13/2016,MK,OS,Tennessee Shallow,553,553-500-087,1,Juv,UNKO,UNKO,7
2016,2016,May,5/13/2016,MK,OS,Tennessee Shallow,553,553-500-087,1,Juv,UNKO,UNKO,20
2016,2016,May,5/13/2016,MK,OS,Tennessee Shallow,553,553-500-121,1,Juv,ANTI/GVEN,AG,9
2016,2016,May,5/13/2016,MK,OS,Tennessee Shallow,553,553-500-121,1,Juv,PAME,ANTI,27
2016,2016,May,5/13/2016,MK,OS,Tennessee Shallow,553,553-500-121,1,Juv,GVEN,GVEN,15
2016,2016,May,5/13/2016,MK,OS,Tennessee Shallow,553,553-500-121,1,Juv,PPOR,PSEU,9
2016,2016,May,5/13/2016,MK,OS,Tennessee Shallow,553,553-500-160,1,Juv,GVEN,GVEN,25
2016,2016,May,5/13/2016,MK,OS,Tennessee Shallow,553,553-500-160,1,Juv,GVEN,GVEN,25
2016,2016,May,5/13/2016,MK,OS,Tennessee Shallow,553,553-500-160,1,Juv,GVEN,GVEN,19
2016,2016,May,5/13/2016,MK,OS,Tennessee Shallow,554,554-100-014,1,Juv,EUNI,EUNI,6
2016,2016,May,5/13/2016,MK,OS,Tennessee Shallow,554,554-100-014,1,Juv,PTER,PTER,31
2016,2016,May,5/13/2016,MK,OS,Tennessee Shallow,554,554-100-053,1,Juv,EUNI,EUNI,17
2016,2016,May,5/13/2016,MK,OS,Tennessee Shallow,554,554-100-053,1,Juv,EUNI,EUNI,7
2016,2016,May,5/13/2016,MK,OS,Tennessee Shallow,554,554-100-053,1,Juv,PFLE,EUNI,11
2016,2016,May,5/13/2016,MK,OS,Tennessee Shallow,554,554-100-053,1,Juv,PFLE,EUNI,32
2016,2016,May,5/13/2016,MK,OS,Tennessee Shallow,554,554-100-053,1,Juv,GVEN,GVEN,30
2016,2016,May,5/13/2016,MK,OS,Tennessee Shallow,554,554-100-053,1,Juv,GVEN,GVEN,28
2016,2016,May,5/13/2016,MK,OS,Tennessee Shallow,554,554-100-053,1,Juv,GVEN,GVEN,10
2016,2016,May,5/13/2016,MK,OS,Tennessee Shallow,554,554-100-053,1,Juv,GVEN,GVEN,30
2016,2016,May,5/13/2016,MK,OS,Tennessee Shallow,554,554-100-053,1,Juv,MURO,MURO,20
2016,2016,May,5/13/2016,MK,OS,Tennessee Shallow,554,554-100-102,1,Juv,ANTI,ANTI,21
2016,2016,May,5/13/2016,MK,OS,Tennessee Shallow,554,554-100-102,1,Juv,PAME,ANTI,35
2016,2016,May,5/13/2016,MK,OS,Tennessee Shallow,554,554-100-102,1,Juv,EUNI,EUNI,5
2016,2016,May,5/13/2016,MK,OS,Tennessee Shallow,554,554-100-102,1,Juv,PTER,PTER,30
2016,2016,May,5/13/2016,MK,OS,Tennessee Shallow,554,554-100-179,1,Juv,EUNI,EUNI,12
2016,2016,May,5/13/2016,MK,OS,Tennessee Shallow,554,554-100-179,1,Juv,GVEN,GVEN,17
2016,2016,May,5/13/2016,MK,OS,Tennessee Shallow,554,554-100-179,1,Juv,GVEN,GVEN,8
2016,2016,May,5/13/2016,MK,OS,Tennessee Shallow,554,554-500-016,1,Juv,PAME,ANTI,37
2016,2016,May,5/13/2016,MK,OS,Tennessee Shallow,554,554-500-016,1,Juv,ECAL,EUNI,10
2016,2016,May,5/13/2016,MK,OS,Tennessee Shallow,554,554-500-016,1,Juv,ECAL,EUNI,18
2016,2016,May,5/13/2016,MK,OS,Tennessee Shallow,554,554-500-016,1,Juv,EUNI,EUNI,6
2016,2016,May,5/13/2016,MK,OS,Tennessee Shallow,554,554-500-016,1,Juv,EUNI,EUNI,10
2016,2016,May,5/13/2016,MK,OS,Tennessee Shallow,554,554-500-016,1,Juv,EUNI,EUNI,6
2016,2016,May,5/13/2016,MK,OS,Tennessee Shallow,554,554-500-016,1,Juv,EUNI,EUNI,4
2016,2016,May,5/13/2016,MK,OS,Tennessee Shallow,554,554-500-016,1,Juv,EUNI,EUNI,6
2016,2016,May,5/13/2016,MK,OS,Tennessee Shallow,554,554-500-016,1,Juv,GVEN,GVEN,24
2016,2016,May,5/13/2016,MK,OS,Tennessee Shallow,554,554-500-016,1,Juv,GVEN,GVEN,12
2016,2016,May,5/13/2016,MK,OS,Tennessee Shallow,554,554-500-016,1,Juv,GVEN,GVEN,34
2016,2016,May,5/13/2016,MK,OS,Tennessee Shallow,554,554-500-016,1,Juv,GVEN,GVEN,26
2016,2016,May,5/13/2016,MK,OS,Tennessee Shallow,554,554-500-016,1,Juv,GVEN,GVEN,16
2016,2016,May,5/13/2016,MK,OS,Tennessee Shallow,554,554-500-016,1,Juv,GVEN,GVEN,13
2016,2016,May,5/13/2016,MK,OS,Tennessee Shallow,554,554-500-016,1,Juv,GVEN,GVEN,11
2016,2016,May,5/13/2016,MK,OS,Tennessee Shallow,554,554-500-016,1,Juv,GVEN,GVEN,32
2016,2016,May,5/13/2016,MK,OS,Tennessee Shallow,554,554-500-016,1,Juv,MURI,MURI,23
2016,2016,May,5/13/2016,MK,OS,Tennessee Shallow,554,554-500-016,1,Juv,MURO,MURO,12
2016,2016,May,5/13/2016,MK,OS,Tennessee Shallow,554,554-500-016,1,Juv,PTER,PTER,15
2016,2016,May,5/13/2016,MK,OS,Tennessee Shallow,554,554-500-016,1,Juv,PTER,PTER,17
2016,2016,May,5/13/2016,MK,OS,Tennessee Shallow,554,554-500-049,1,Juv,ANTI/GVEN,AG,6
2016,2016,May,5/13/2016,MK,OS,Tennessee Shallow,554,554-500-049,1,Juv,PAME,ANTI,36
2016,2016,May,5/13/2016,MK,OS,Tennessee Shallow,554,554-500-049,1,Juv,ECAL,EUNI,13
2016,2016,May,5/13/2016,MK,OS,Tennessee Shallow,554,554-500-049,1,Juv,EUNI,EUNI,6
2016,2016,May,5/13/2016,MK,OS,Tennessee Shallow,554,554-500-049,1,Juv,EUNI,EUNI,3
2016,2016,May,5/13/2016,MK,OS,Tennessee Shallow,554,554-500-049,1,Juv,EUNI,EUNI,8
2016,2016,May,5/13/2016,MK,OS,Tennessee Shallow,554,554-500-049,1,Juv,GVEN,GVEN,37
2016,2016,May,5/13/2016,MK,OS,Tennessee Shallow,554,554-500-049,1,Juv,MURO,MURO,21
2016,2016,May,5/13/2016,MK,OS,Tennessee Shallow,554,554-500-049,1,Juv,MURO,MURO,11
2016,2016,May,5/13/2016,MK,OS,Tennessee Shallow,554,554-500-049,1,Juv,MURO,MURO,16
2016,2016,May,5/13/2016,MK,OS,Tennessee Shallow,554,554-500-049,1,Juv,PTER,PTER,17
2016,2016,May,5/13/2016,MK,OS,Tennessee Shallow,554,554-500-049,1,Juv,UNKO,UNKO,2
2016,2016,May,5/13/2016,MK,OS,Tennessee Shallow,554,554-500-114,1,Juv,PAME,ANTI,35
2016,2016,May,5/13/2016,MK,OS,Tennessee Shallow,554,554-500-114,1,Juv,EUNI,EUNI,16
2016,2016,May,5/13/2016,MK,OS,Tennessee Shallow,554,554-500-114,1,Juv,GVEN,GVEN,15
2016,2016,May,5/13/2016,MK,OS,Tennessee Shallow,554,554-500-114,1,Juv,MURO,MURO,16
2016,2016,May,5/13/2016,MK,OS,Tennessee Shallow,554,554-500-114,1,Juv,PTER,PTER,25
2016,2016,May,5/13/2016,MK,OS,Tennessee Shallow,554,554-500-171,1,Juv,ANTI,ANTI,13
2016,2016,May,5/13/2016,MK,OS,Tennessee Shallow,554,554-500-171,1,Juv,ANTI,ANTI,32
2016,2016,May,5/13/2016,MK,OS,Tennessee Shallow,554,554-500-171,1,Juv,ANTI,ANTI,35
2016,2016,May,5/13/2016,MK,OS,Tennessee Shallow,554,554-500-171,1,Juv,GVEN,GVEN,30
2016,2016,May,5/12/2016,MK,OS,Sombrero Shallow,561,561-100-028,1,Juv,EUNI,EUNI,10
2016,2016,May,5/12/2016,MK,OS,Sombrero Shallow,561,561-100-028,1,Juv,GVEN,GVEN,7
2016,2016,May,5/12/2016,MK,OS,Sombrero Shallow,561,561-100-028,1,Juv,GVEN,GVEN,4
2016,2016,May,5/12/2016,MK,OS,Sombrero Shallow,561,561-100-028,1,Juv,GVEN,GVEN,7
2016,2016,May,5/12/2016,MK,OS,Sombrero Shallow,561,561-100-028,1,Juv,GVEN,GVEN,7
2016,2016,May,5/12/2016,MK,OS,Sombrero Shallow,561,561-100-028,1,Juv,GVEN,GVEN,4
2016,2016,May,5/12/2016,MK,OS,Sombrero Shallow,561,561-100-083,1,Juv,EUNI,EUNI,3
2016,2016,May,5/12/2016,MK,OS,Sombrero Shallow,561,561-100-097,0,NA,NA,NA,NA
2016,2016,May,5/12/2016,MK,OS,Sombrero Shallow,561,561-100-139,0,NA,NA,NA,NA
2016,2016,May,5/12/2016,MK,OS,Sombrero Shallow,561,561-500-083,1,Juv,ANTI,ANTI,18
2016,2016,May,5/12/2016,MK,OS,Sombrero Shallow,561,561-500-108,1,Juv,EUNI,EUNI,22
2016,2016,May,5/12/2016,MK,OS,Sombrero Shallow,561,561-500-154,1,Juv,ANTI,ANTI,8
2016,2016,May,5/12/2016,MK,OS,Sombrero Shallow,561,561-500-195,1,Juv,ANTI,ANTI,6
2016,2016,May,5/12/2016,MK,OS,Sombrero Shallow,561,561-500-195,1,Juv,PAME,ANTI,3
2016,2016,May,5/12/2016,MK,OS,Sombrero Shallow,562,562-100-060,1,Juv,GVEN,GVEN,6
2016,2016,May,5/12/2016,MK,OS,Sombrero Shallow,562,562-100-080,0,NA,NA,NA,NA
2016,2016,May,5/12/2016,MK,OS,Sombrero Shallow,562,562-100-117,0,NA,NA,NA,NA
2016,2016,May,5/12/2016,MK,OS,Sombrero Shallow,562,562-100-140,1,Juv,PAME,ANTI,24
2016,2016,May,5/12/2016,MK,OS,Sombrero Shallow,562,562-500-039,0,NA,NA,NA,NA
2016,2016,May,5/12/2016,MK,OS,Sombrero Shallow,562,562-500-077,1,Juv,ANTI,ANTI,5
2016,2016,May,5/12/2016,MK,OS,Sombrero Shallow,562,562-500-077,1,Juv,MURI,MURI,22
2016,2016,May,5/12/2016,MK,OS,Sombrero Shallow,562,562-500-126,0,NA,NA,NA,NA
2016,2016,May,5/12/2016,MK,OS,Sombrero Shallow,562,562-500-164,1,Juv,ANTI,ANTI,6
2016,2016,May,5/12/2016,MK,OS,Sombrero Shallow,562,562-500-164,1,Juv,ANTI,ANTI,6
2016,2016,May,5/12/2016,MK,OS,Sombrero Shallow,562,562-500-164,1,Juv,PAME,ANTI,8
2016,2016,May,5/12/2016,MK,OS,Sombrero Shallow,562,562-500-164,1,Juv,MURO,MURO,26
2016,2016,May,5/12/2016,MK,OS,Sombrero Shallow,562,562-500-164,1,Juv,PLEX,PLEX,8
2016,2016,May,5/12/2016,MK,OS,Sombrero Shallow,562,562-500-164,1,Juv,UNKO,UNKO,3
2016,2016,May,5/12/2016,MK,OS,Sombrero Shallow,563,563-100-013,1,Juv,ANTI/GVEN,AG,6
2016,2016,May,5/12/2016,MK,OS,Sombrero Shallow,563,563-100-013,1,Juv,UNKO,UNKO,5
2016,2016,May,5/12/2016,MK,OS,Sombrero Shallow,563,563-100-073,1,Juv,ANTI,ANTI,7
2016,2016,May,5/12/2016,MK,OS,Sombrero Shallow,563,563-100-073,1,Juv,PFLE,EUNI,8
2016,2016,May,5/12/2016,MK,OS,Sombrero Shallow,563,563-100-073,1,Juv,GVEN,GVEN,11
2016,2016,May,5/12/2016,MK,OS,Sombrero Shallow,563,563-100-107,1,Juv,MURI,MURI,31
2016,2016,May,5/12/2016,MK,OS,Sombrero Shallow,563,563-100-179,1,Juv,ANTI/GVEN,AG,4
2016,2016,May,5/12/2016,MK,OS,Sombrero Shallow,563,563-500-047,1,Juv,EUNI,EUNI,7
2016,2016,May,5/12/2016,MK,OS,Sombrero Shallow,563,563-500-081,1,Juv,GVEN,GVEN,38
2016,2016,May,5/12/2016,MK,OS,Sombrero Shallow,563,563-500-125,1,Juv,EUNI,EUNI,31
2016,2016,May,5/12/2016,MK,OS,Sombrero Shallow,563,563-500-125,1,Juv,EUNI,EUNI,28
2016,2016,May,5/12/2016,MK,OS,Sombrero Shallow,563,563-500-188,1,Juv,PAME,ANTI,7
2016,2016,May,5/12/2016,MK,OS,Sombrero Shallow,564,564-100-047,1,Juv,ANTI/GVEN,AG,3
2016,2016,May,5/12/2016,MK,OS,Sombrero Shallow,564,564-100-047,1,Juv,ANTI/GVEN,AG,3
2016,2016,May,5/12/2016,MK,OS,Sombrero Shallow,564,564-100-071,1,Juv,GVEN,GVEN,11
2016,2016,May,5/12/2016,MK,OS,Sombrero Shallow,564,564-100-110,0,NA,NA,NA,NA
2016,2016,May,5/12/2016,MK,OS,Sombrero Shallow,564,564-100-162,1,Juv,ANTI/GVEN,AG,5
2016,2016,May,5/12/2016,MK,OS,Sombrero Shallow,564,564-100-162,1,Juv,GVEN,GVEN,8
2016,2016,May,5/12/2016,MK,OS,Sombrero Shallow,564,564-500-067,1,Juv,ANTI,ANTI,3
2016,2016,May,5/12/2016,MK,OS,Sombrero Shallow,564,564-500-092,1,Juv,ANTI,ANTI,5
2016,2016,May,5/12/2016,MK,OS,Sombrero Shallow,564,564-500-160,0,NA,NA,NA,NA
2016,2016,May,5/12/2016,MK,OS,Sombrero Shallow,564,564-500-177,0,NA,NA,NA,NA
2016,2016,Aug,8/18/2016,LK,OS,Western Sambo Shallow,591,591-100-031,0,NA,NA,NA,NA
2016,2016,Aug,8/18/2016,LK,OS,Western Sambo Shallow,591,591-100-052,1,Juv,ANTI,ANTI,2
2016,2016,Aug,8/18/2016,LK,OS,Western Sambo Shallow,591,591-100-052,1,Juv,ANTI,ANTI,9
2016,2016,Aug,8/18/2016,LK,OS,Western Sambo Shallow,591,591-100-154,0,NA,NA,NA,NA
2016,2016,Aug,8/18/2016,LK,OS,Western Sambo Shallow,591,591-100-202,1,Juv,ANTI,ANTI,8
2016,2016,Aug,8/18/2016,LK,OS,Western Sambo Shallow,591,591-500-019,0,NA,NA,NA,NA
2016,2016,Aug,8/18/2016,LK,OS,Western Sambo Shallow,591,591-500-072,1,Juv,EUNI,EUNI,19
2016,2016,Aug,8/18/2016,LK,OS,Western Sambo Shallow,591,591-500-072,1,Juv,GVEN,GVEN,28
2016,2016,Aug,8/18/2016,LK,OS,Western Sambo Shallow,591,591-500-072,1,Juv,GVEN,GVEN,33
2016,2016,Aug,8/18/2016,LK,OS,Western Sambo Shallow,591,591-500-072,1,Juv,UNKO,UNKO,7
2016,2016,Aug,8/18/2016,LK,OS,Western Sambo Shallow,591,591-500-157,0,NA,NA,NA,NA
2016,2016,Aug,8/18/2016,LK,OS,Western Sambo Shallow,591,591-500-195,0,NA,NA,NA,NA
2016,2016,Aug,8/18/2016,LK,OS,Western Sambo Shallow,592,592-100-039,1,Juv,GVEN,GVEN,9
2016,2016,Aug,8/18/2016,LK,OS,Western Sambo Shallow,592,592-100-115,1,Juv,UNKO,UNKO,2
2016,2016,Aug,8/18/2016,LK,OS,Western Sambo Shallow,592,592-100-162,0,NA,NA,NA,NA
2016,2016,Aug,8/18/2016,LK,OS,Western Sambo Shallow,592,592-100-199,0,NA,NA,NA,NA
2016,2016,Aug,8/18/2016,LK,OS,Western Sambo Shallow,592,592-500-053,0,NA,NA,NA,NA
2016,2016,Aug,8/18/2016,LK,OS,Western Sambo Shallow,592,592-500-112,0,NA,NA,NA,NA
2016,2016,Aug,8/18/2016,LK,OS,Western Sambo Shallow,592,592-500-148,1,Juv,PAME,ANTI,12
2016,2016,Aug,8/18/2016,LK,OS,Western Sambo Shallow,592,592-500-148,1,Juv,PAME,ANTI,5
2016,2016,Aug,8/18/2016,LK,OS,Western Sambo Shallow,592,592-500-148,1,Juv,GVEN,GVEN,26
2016,2016,Aug,8/18/2016,LK,OS,Western Sambo Shallow,592,592-500-243,0,NA,NA,NA,NA
2016,2016,Aug,8/18/2016,LK,OS,Western Sambo Shallow,593,593-100-015,0,NA,NA,NA,NA
2016,2016,Aug,8/18/2016,LK,OS,Western Sambo Shallow,593,593-100-063,1,Juv,ANTI,ANTI,9
2016,2016,Aug,8/18/2016,LK,OS,Western Sambo Shallow,593,593-100-063,1,Juv,PAME,ANTI,14
2016,2016,Aug,8/18/2016,LK,OS,Western Sambo Shallow,593,593-100-063,1,Juv,GVEN,GVEN,6
2016,2016,Aug,8/18/2016,LK,OS,Western Sambo Shallow,593,593-100-063,1,Juv,GVEN,GVEN,4
2016,2016,Aug,8/18/2016,LK,OS,Western Sambo Shallow,593,593-100-109,1,Juv,EUNI,EUNI,3
2016,2016,Aug,8/18/2016,LK,OS,Western Sambo Shallow,593,593-100-231,0,NA,NA,NA,NA
2016,2016,Aug,8/18/2016,LK,OS,Western Sambo Shallow,593,593-500-022,0,NA,NA,NA,NA
2016,2016,Aug,8/18/2016,LK,OS,Western Sambo Shallow,593,593-500-060,0,NA,NA,NA,NA
2016,2016,Aug,8/18/2016,LK,OS,Western Sambo Shallow,593,593-500-134,1,Juv,ANTI/GVEN,AG,3
2016,2016,Aug,8/18/2016,LK,OS,Western Sambo Shallow,593,593-500-134,1,Juv,ANTI/GVEN,AG,2
2016,2016,Aug,8/18/2016,LK,OS,Western Sambo Shallow,593,593-500-223,1,Juv,ANTI/GVEN,AG,4
2016,2016,Aug,8/18/2016,LK,OS,Western Sambo Shallow,593,593-500-223,1,Juv,ANTI/GVEN,AG,3
2016,2016,Aug,8/18/2016,LK,OS,Western Sambo Shallow,594,594-100-021,1,Juv,MURI,MURI,13
2016,2016,Aug,8/18/2016,LK,OS,Western Sambo Shallow,594,594-100-073,1,Juv,UNKO,UNKO,3
2016,2016,Aug,8/18/2016,LK,OS,Western Sambo Shallow,594,594-100-124,0,NA,NA,NA,NA
2016,2016,Aug,8/18/2016,LK,OS,Western Sambo Shallow,594,594-100-174,0,NA,NA,NA,NA
2016,2016,Aug,8/18/2016,LK,OS,Western Sambo Shallow,594,594-500-011,0,NA,NA,NA,NA
2016,2016,Aug,8/18/2016,LK,OS,Western Sambo Shallow,594,594-500-035,0,NA,NA,NA,NA
2016,2016,Aug,8/18/2016,LK,OS,Western Sambo Shallow,594,594-500-149,0,NA,NA,NA,NA
2016,2016,Aug,8/18/2016,LK,OS,Western Sambo Shallow,594,594-500-189,0,NA,NA,NA,NA
2016,2016,Aug,8/17/2016,LK,OS,Sand Key Shallow,611,611-100-006,1,Juv,ANTI,ANTI,16
2016,2016,Aug,8/17/2016,LK,OS,Sand Key Shallow,611,611-100-006,1,Juv,ANTI,ANTI,6
2016,2016,Aug,8/17/2016,LK,OS,Sand Key Shallow,611,611-100-006,1,Juv,PAME,ANTI,21
2016,2016,Aug,8/17/2016,LK,OS,Sand Key Shallow,611,611-100-006,1,Juv,UNKO,UNKO,1
2016,2016,Aug,8/17/2016,LK,OS,Sand Key Shallow,611,611-100-006,1,Juv,UNKO,UNKO,27
2016,2016,Aug,8/17/2016,LK,OS,Sand Key Shallow,611,611-100-057,1,Juv,ANTI,ANTI,6
2016,2016,Aug,8/17/2016,LK,OS,Sand Key Shallow,611,611-100-057,1,Juv,UNKO,UNKO,3
2016,2016,Aug,8/17/2016,LK,OS,Sand Key Shallow,611,611-100-155,1,Juv,ANTI,ANTI,9
2016,2016,Aug,8/17/2016,LK,OS,Sand Key Shallow,611,611-100-205,1,Juv,GVEN,GVEN,9
2016,2016,Aug,8/17/2016,LK,OS,Sand Key Shallow,611,611-500-026,1,Juv,ANTI,ANTI,6
2016,2016,Aug,8/17/2016,LK,OS,Sand Key Shallow,611,611-500-026,1,Juv,ANTI,ANTI,6
2016,2016,Aug,8/17/2016,LK,OS,Sand Key Shallow,611,611-500-026,1,Juv,PPOR,PSEU,8
2016,2016,Aug,8/17/2016,LK,OS,Sand Key Shallow,611,611-500-142,1,Juv,EUNI,EUNI,9
2016,2016,Aug,8/17/2016,LK,OS,Sand Key Shallow,611,611-500-169,0,NA,NA,NA,NA
2016,2016,Aug,8/17/2016,LK,OS,Sand Key Shallow,611,611-500-202,0,NA,NA,NA,NA
2016,2016,Aug,8/17/2016,LK,OS,Sand Key Shallow,612,612-100-023,1,Juv,ANTI,ANTI,8
2016,2016,Aug,8/17/2016,LK,OS,Sand Key Shallow,612,612-100-023,1,Juv,EUNI,EUNI,3
2016,2016,Aug,8/17/2016,LK,OS,Sand Key Shallow,612,612-100-023,1,Juv,GVEN,GVEN,26
2016,2016,Aug,8/17/2016,LK,OS,Sand Key Shallow,612,612-100-060,0,NA,NA,NA,NA
2016,2016,Aug,8/17/2016,LK,OS,Sand Key Shallow,612,612-100-101,0,NA,NA,NA,NA
2016,2016,Aug,8/17/2016,LK,OS,Sand Key Shallow,612,612-100-172,1,Juv,PAME,ANTI,9
2016,2016,Aug,8/17/2016,LK,OS,Sand Key Shallow,612,612-100-172,1,Juv,GVEN,GVEN,16
2016,2016,Aug,8/17/2016,LK,OS,Sand Key Shallow,612,612-100-172,1,Juv,GVEN,GVEN,9
2016,2016,Aug,8/17/2016,LK,OS,Sand Key Shallow,612,612-500-036,1,Juv,PAME,ANTI,37
2016,2016,Aug,8/17/2016,LK,OS,Sand Key Shallow,612,612-500-036,1,Juv,GVEN,GVEN,39
2016,2016,Aug,8/17/2016,LK,OS,Sand Key Shallow,612,612-500-105,0,NA,NA,NA,NA
2016,2016,Aug,8/17/2016,LK,OS,Sand Key Shallow,612,612-500-145,1,Juv,EUNI,EUNI,6
2016,2016,Aug,8/17/2016,LK,OS,Sand Key Shallow,612,612-500-145,1,Juv,GVEN,GVEN,18
2016,2016,Aug,8/17/2016,LK,OS,Sand Key Shallow,612,612-500-145,1,Juv,GVEN,GVEN,15
2016,2016,Aug,8/17/2016,LK,OS,Sand Key Shallow,612,612-500-187,1,Juv,GVEN,GVEN,24
2016,2016,Aug,8/17/2016,LK,OS,Sand Key Shallow,612,612-500-187,1,Juv,GVEN,GVEN,10
2016,2016,Aug,8/17/2016,LK,OS,Sand Key Shallow,613,613-100-020,1,Juv,ANTI,ANTI,2
2016,2016,Aug,8/17/2016,LK,OS,Sand Key Shallow,613,613-100-020,1,Juv,GVEN,GVEN,39
2016,2016,Aug,8/17/2016,LK,OS,Sand Key Shallow,613,613-100-020,1,Juv,GVEN,GVEN,3
2016,2016,Aug,8/17/2016,LK,OS,Sand Key Shallow,613,613-100-020,1,Juv,GVEN,GVEN,22
2016,2016,Aug,8/17/2016,LK,OS,Sand Key Shallow,613,613-100-045,1,Juv,GVEN,GVEN,13
2016,2016,Aug,8/17/2016,LK,OS,Sand Key Shallow,613,613-100-045,1,Juv,GVEN,GVEN,12
2016,2016,Aug,8/17/2016,LK,OS,Sand Key Shallow,613,613-100-045,1,Juv,GVEN,GVEN,5
2016,2016,Aug,8/17/2016,LK,OS,Sand Key Shallow,613,613-100-045,1,Juv,GVEN,GVEN,8
2016,2016,Aug,8/17/2016,LK,OS,Sand Key Shallow,613,613-100-097,1,Juv,ANTI/GVEN,AG,16
2016,2016,Aug,8/17/2016,LK,OS,Sand Key Shallow,613,613-100-097,1,Juv,ANTI,ANTI,6
2016,2016,Aug,8/17/2016,LK,OS,Sand Key Shallow,613,613-100-097,1,Juv,GVEN,GVEN,22
2016,2016,Aug,8/17/2016,LK,OS,Sand Key Shallow,613,613-100-176,1,Juv,PAME,ANTI,5
2016,2016,Aug,8/17/2016,LK,OS,Sand Key Shallow,613,613-100-176,1,Juv,EUNI,EUNI,4
2016,2016,Aug,8/17/2016,LK,OS,Sand Key Shallow,613,613-100-176,1,Juv,GVEN,GVEN,18
2016,2016,Aug,8/17/2016,LK,OS,Sand Key Shallow,613,613-100-176,1,Juv,GVEN,GVEN,37
2016,2016,Aug,8/17/2016,LK,OS,Sand Key Shallow,613,613-100-176,1,Juv,GVEN,GVEN,19
2016,2016,Aug,8/17/2016,LK,OS,Sand Key Shallow,613,613-500-057,1,Juv,ANTI/GVEN,AG,16
2016,2016,Aug,8/17/2016,LK,OS,Sand Key Shallow,613,613-500-101,1,Juv,PAME,ANTI,18
2016,2016,Aug,8/17/2016,LK,OS,Sand Key Shallow,613,613-500-101,1,Juv,GVEN,GVEN,27
2016,2016,Aug,8/17/2016,LK,OS,Sand Key Shallow,613,613-500-101,1,Juv,GVEN,GVEN,22
2016,2016,Aug,8/17/2016,LK,OS,Sand Key Shallow,613,613-500-153,1,Juv,GVEN,GVEN,14
2016,2016,Aug,8/17/2016,LK,OS,Sand Key Shallow,613,613-500-168,0,NA,NA,NA,NA
2016,2016,Aug,8/17/2016,LK,OS,Sand Key Shallow,614,614-100-010,1,Juv,EUNI,EUNI,12
2016,2016,Aug,8/17/2016,LK,OS,Sand Key Shallow,614,614-100-069,1,Juv,UNKO,UNKO,2
2016,2016,Aug,8/17/2016,LK,OS,Sand Key Shallow,614,614-100-149,1,Juv,EUNI,EUNI,5
2016,2016,Aug,8/17/2016,LK,OS,Sand Key Shallow,614,614-100-203,0,NA,NA,NA,NA
2016,2016,Aug,8/17/2016,LK,OS,Sand Key Shallow,614,614-500-018,1,Juv,ANTI,ANTI,15
2016,2016,Aug,8/17/2016,LK,OS,Sand Key Shallow,614,614-500-018,1,Juv,EUNI,EUNI,8
2016,2016,Aug,8/17/2016,LK,OS,Sand Key Shallow,614,614-500-018,1,Juv,GVEN,GVEN,30
2016,2016,Aug,8/17/2016,LK,OS,Sand Key Shallow,614,614-500-018,1,Juv,UNKO,UNKO,2
2016,2016,Aug,8/17/2016,LK,OS,Sand Key Shallow,614,614-500-075,1,Juv,ANTI/GVEN,AG,4
2016,2016,Aug,8/17/2016,LK,OS,Sand Key Shallow,614,614-500-075,1,Juv,MURI,MURI,11
2016,2016,Aug,8/17/2016,LK,OS,Sand Key Shallow,614,614-500-107,1,Juv,ANTI,ANTI,7
2016,2016,Aug,8/17/2016,LK,OS,Sand Key Shallow,614,614-500-107,1,Juv,EUNI,EUNI,5
2016,2016,Aug,8/17/2016,LK,OS,Sand Key Shallow,614,614-500-107,1,Juv,GVEN,GVEN,12
2016,2016,Aug,8/17/2016,LK,OS,Sand Key Shallow,614,614-500-189,1,Juv,ANTI/GVEN,AG,10
2016,2016,Aug,8/17/2016,LK,OS,Sand Key Shallow,614,614-500-189,1,Juv,GVEN,GVEN,31
2016,2016,Aug,8/17/2016,LK,OS,Sand Key Shallow,614,614-500-189,1,Juv,GVEN,GVEN,35
2016,2016,Sept,9/13/2016,UK,OD,Carysfort Deep,701,701-100-007,1,Juv,EUNI,EUNI,5
2016,2016,Sept,9/13/2016,UK,OD,Carysfort Deep,701,701-100-055,0,NA,NA,NA,NA
2016,2016,Sept,9/13/2016,UK,OD,Carysfort Deep,701,701-100-106,0,NA,NA,NA,NA
2016,2016,Sept,9/13/2016,UK,OD,Carysfort Deep,701,701-100-197,1,Juv,PAME,ANTI,11
2016,2016,Sept,9/13/2016,UK,OD,Carysfort Deep,701,701-500-011,0,NA,NA,NA,NA
2016,2016,Sept,9/13/2016,UK,OD,Carysfort Deep,701,701-500-075,0,NA,NA,NA,NA
2016,2016,Sept,9/13/2016,UK,OD,Carysfort Deep,701,701-500-105,1,Juv,EUNI,EUNI,16
2016,2016,Sept,9/13/2016,UK,OD,Carysfort Deep,701,701-500-157,1,Juv,BRIA,BRIA,30
2016,2016,Sept,9/13/2016,UK,OD,Carysfort Deep,702,702-100-032,1,Juv,ANTI,ANTI,22
2016,2016,Sept,9/13/2016,UK,OD,Carysfort Deep,702,702-100-032,1,Juv,ANTI,ANTI,22
2016,2016,Sept,9/13/2016,UK,OD,Carysfort Deep,702,702-100-137,0,NA,NA,NA,NA
2016,2016,Sept,9/13/2016,UK,OD,Carysfort Deep,702,702-100-174,0,NA,NA,NA,NA
2016,2016,Sept,9/13/2016,UK,OD,Carysfort Deep,702,702-100-206,1,Juv,ANTI,ANTI,35
2016,2016,Sept,9/13/2016,UK,OD,Carysfort Deep,702,702-100-206,1,Juv,UNKO,UNKO,2
2016,2016,Sept,9/13/2016,UK,OD,Carysfort Deep,702,702-500-035,1,Juv,ANTI,ANTI,16
2016,2016,Sept,9/13/2016,UK,OD,Carysfort Deep,702,702-500-035,1,Juv,ANTI,ANTI,39
2016,2016,Sept,9/13/2016,UK,OD,Carysfort Deep,702,702-500-077,0,NA,NA,NA,NA
2016,2016,Sept,9/13/2016,UK,OD,Carysfort Deep,702,702-500-101,1,Juv,BRIA,BRIA,23
2016,2016,Sept,9/13/2016,UK,OD,Carysfort Deep,702,702-500-120,1,Juv,EUNI,EUNI,17
2016,2016,Sept,9/13/2016,UK,OD,Carysfort Deep,702,702-500-120,1,Juv,GVEN,GVEN,29
2016,2016,Sept,9/13/2016,UK,OD,Carysfort Deep,703,703-100-032,1,Juv,ANTI,ANTI,5
2016,2016,Sept,9/13/2016,UK,OD,Carysfort Deep,703,703-100-032,1,Juv,UNKO,UNKO,2
2016,2016,Sept,9/13/2016,UK,OD,Carysfort Deep,703,703-100-073,1,Juv,ANTI,ANTI,23
2016,2016,Sept,9/13/2016,UK,OD,Carysfort Deep,703,703-100-073,1,Juv,ANTI,ANTI,7
2016,2016,Sept,9/13/2016,UK,OD,Carysfort Deep,703,703-100-073,1,Juv,ANTI,ANTI,8
2016,2016,Sept,9/13/2016,UK,OD,Carysfort Deep,703,703-100-073,1,Juv,PBIP,ANTI,22
2016,2016,Sept,9/13/2016,UK,OD,Carysfort Deep,703,703-100-146,1,Juv,ANTI,ANTI,12
2016,2016,Sept,9/13/2016,UK,OD,Carysfort Deep,703,703-100-146,1,Juv,ANTI,ANTI,35
2016,2016,Sept,9/13/2016,UK,OD,Carysfort Deep,703,703-100-175,1,Juv,UNKO,UNKO,2
2016,2016,Sept,9/13/2016,UK,OD,Carysfort Deep,703,703-500-029,0,NA,NA,NA,NA
2016,2016,Sept,9/13/2016,UK,OD,Carysfort Deep,703,703-500-100,0,NA,NA,NA,NA
2016,2016,Sept,9/13/2016,UK,OD,Carysfort Deep,703,703-500-123,1,Juv,PBIP,ANTI,22
2016,2016,Sept,9/13/2016,UK,OD,Carysfort Deep,703,703-500-172,1,Juv,ANTI,ANTI,6
2016,2016,Sept,9/13/2016,UK,OD,Carysfort Deep,703,703-500-172,1,Juv,PBIP,ANTI,18
2016,2016,Sept,9/13/2016,UK,OD,Carysfort Deep,704,704-100-009,1,Juv,PBIP,ANTI,29
2016,2016,Sept,9/13/2016,UK,OD,Carysfort Deep,704,704-100-009,1,Juv,PBIP,ANTI,22
2016,2016,Sept,9/13/2016,UK,OD,Carysfort Deep,704,704-100-009,1,Juv,UNKO,UNKO,4
2016,2016,Sept,9/13/2016,UK,OD,Carysfort Deep,704,704-100-009,1,Juv,UNKO,UNKO,2
2016,2016,Sept,9/13/2016,UK,OD,Carysfort Deep,704,704-100-009,1,Juv,UNKO,UNKO,2
2016,2016,Sept,9/13/2016,UK,OD,Carysfort Deep,704,704-100-111,1,Juv,ANTI/GVEN,AG,32
2016,2016,Sept,9/13/2016,UK,OD,Carysfort Deep,704,704-100-111,1,Juv,PBIP,ANTI,29
2016,2016,Sept,9/13/2016,UK,OD,Carysfort Deep,704,704-100-111,1,Juv,PBIP,ANTI,24
2016,2016,Sept,9/13/2016,UK,OD,Carysfort Deep,704,704-100-111,1,Juv,PBIP,ANTI,37
2016,2016,Sept,9/13/2016,UK,OD,Carysfort Deep,704,704-100-111,1,Juv,PBIP,ANTI,32
2016,2016,Sept,9/13/2016,UK,OD,Carysfort Deep,704,704-100-111,1,Juv,BRIA,BRIA,7
2016,2016,Sept,9/13/2016,UK,OD,Carysfort Deep,704,704-100-111,1,Juv,BRIA,BRIA,35
2016,2016,Sept,9/13/2016,UK,OD,Carysfort Deep,704,704-100-111,1,Juv,BRIA,BRIA,38
2016,2016,Sept,9/13/2016,UK,OD,Carysfort Deep,704,704-100-111,1,Juv,UNKO,UNKO,3
2016,2016,Sept,9/13/2016,UK,OD,Carysfort Deep,704,704-100-111,1,Juv,UNKO,UNKO,5
2016,2016,Sept,9/13/2016,UK,OD,Carysfort Deep,704,704-100-169,1,Juv,ANTI/GVEN,AG,6
2016,2016,Sept,9/13/2016,UK,OD,Carysfort Deep,704,704-100-169,1,Juv,BRIA,BRIA,10
2016,2016,Sept,9/13/2016,UK,OD,Carysfort Deep,704,704-100-169,1,Juv,UNKO,UNKO,3
2016,2016,Sept,9/13/2016,UK,OD,Carysfort Deep,704,704-100-221,1,Juv,UNKO,UNKO,4
2016,2016,Sept,9/13/2016,UK,OD,Carysfort Deep,704,704-500-016,1,Juv,UNKO,UNKO,2
2016,2016,Sept,9/13/2016,UK,OD,Carysfort Deep,704,704-500-135,1,Juv,PBIP,ANTI,35
2016,2016,Sept,9/13/2016,UK,OD,Carysfort Deep,704,704-500-135,1,Juv,PBIP,ANTI,19
2016,2016,Sept,9/13/2016,UK,OD,Carysfort Deep,704,704-500-135,1,Juv,BRIA,BRIA,25
2016,2016,Sept,9/13/2016,UK,OD,Carysfort Deep,704,704-500-135,1,Juv,BRIA,BRIA,23
2016,2016,Sept,9/13/2016,UK,OD,Carysfort Deep,704,704-500-135,1,Juv,BRIA,BRIA,27
2016,2016,Sept,9/13/2016,UK,OD,Carysfort Deep,704,704-500-135,1,Juv,BRIA,BRIA,3
2016,2016,Sept,9/13/2016,UK,OD,Carysfort Deep,704,704-500-135,1,Juv,BRIA,BRIA,9
2016,2016,Sept,9/13/2016,UK,OD,Carysfort Deep,704,704-500-156,1,Juv,PBIP,ANTI,32
2016,2016,Sept,9/13/2016,UK,OD,Carysfort Deep,704,704-500-156,1,Juv,PBIP,ANTI,30
2016,2016,Sept,9/13/2016,UK,OD,Carysfort Deep,704,704-500-156,1,Juv,PBIP,ANTI,4
2016,2016,Sept,9/13/2016,UK,OD,Carysfort Deep,704,704-500-156,1,Juv,PBIP,ANTI,21
2016,2016,Sept,9/13/2016,UK,OD,Carysfort Deep,704,704-500-172,1,Juv,PBIP,ANTI,12
2016,2016,Sept,9/13/2016,UK,OD,Carysfort Deep,704,704-500-172,1,Juv,PBIP,ANTI,38
2016,2016,Sept,9/13/2016,UK,OD,Carysfort Deep,704,704-500-172,1,Juv,GVEN,GVEN,26
2016,2016,Sept,9/15/2016,UK,OD,Molasses Deep,721,721-100-024,1,Juv,ANTI,ANTI,12
2016,2016,Sept,9/15/2016,UK,OD,Molasses Deep,721,721-100-024,1,Juv,ANTI,ANTI,23
2016,2016,Sept,9/15/2016,UK,OD,Molasses Deep,721,721-100-024,1,Juv,ANTI,ANTI,3
2016,2016,Sept,9/15/2016,UK,OD,Molasses Deep,721,721-100-024,1,Juv,PBIP,ANTI,16
2016,2016,Sept,9/15/2016,UK,OD,Molasses Deep,721,721-100-024,1,Juv,EUNI,EUNI,39
2016,2016,Sept,9/15/2016,UK,OD,Molasses Deep,721,721-100-024,1,Juv,UNKO,UNKO,4
2016,2016,Sept,9/15/2016,UK,OD,Molasses Deep,721,721-100-061,1,Juv,ANTI,ANTI,13
2016,2016,Sept,9/15/2016,UK,OD,Molasses Deep,721,721-100-138,1,Juv,ANTI,ANTI,14
2016,2016,Sept,9/15/2016,UK,OD,Molasses Deep,721,721-100-138,1,Juv,ANTI,ANTI,2
2016,2016,Sept,9/15/2016,UK,OD,Molasses Deep,721,721-100-138,1,Juv,ANTI,ANTI,2
2016,2016,Sept,9/15/2016,UK,OD,Molasses Deep,721,721-100-138,1,Juv,UNKO,UNKO,1
2016,2016,Sept,9/15/2016,UK,OD,Molasses Deep,721,721-100-138,1,Juv,UNKO,UNKO,3
2016,2016,Sept,9/15/2016,UK,OD,Molasses Deep,721,721-100-186,1,Juv,ANTI,ANTI,3
2016,2016,Sept,9/15/2016,UK,OD,Molasses Deep,721,721-100-186,1,Juv,PAME,ANTI,17
2016,2016,Sept,9/15/2016,UK,OD,Molasses Deep,721,721-100-186,1,Juv,EUNI,EUNI,8
2016,2016,Sept,9/15/2016,UK,OD,Molasses Deep,721,721-500-025,1,Juv,GVEN,GVEN,25
2016,2016,Sept,9/15/2016,UK,OD,Molasses Deep,721,721-500-064,1,Juv,PBIP,ANTI,27
2016,2016,Sept,9/15/2016,UK,OD,Molasses Deep,721,721-500-064,1,Juv,MURO,MURO,21
2016,2016,Sept,9/15/2016,UK,OD,Molasses Deep,721,721-500-064,1,Juv,GVEN,GVEN,29
2016,2016,Sept,9/15/2016,UK,OD,Molasses Deep,721,721-500-114,1,Juv,ANTI/GVEN,AG,19
2016,2016,Sept,9/15/2016,UK,OD,Molasses Deep,721,721-500-114,1,Juv,PBIP,ANTI,38
2016,2016,Sept,9/15/2016,UK,OD,Molasses Deep,721,721-500-183,1,Juv,ANTI,ANTI,9
2016,2016,Sept,9/15/2016,UK,OD,Molasses Deep,722,722-100-045,1,Juv,ANTI,ANTI,27
2016,2016,Sept,9/15/2016,UK,OD,Molasses Deep,722,722-100-045,1,Juv,ANTI,ANTI,25
2016,2016,Sept,9/15/2016,UK,OD,Molasses Deep,722,722-100-045,1,Juv,ANTI,ANTI,35
2016,2016,Sept,9/15/2016,UK,OD,Molasses Deep,722,722-100-076,1,Juv,ANTI,ANTI,24
2016,2016,Sept,9/15/2016,UK,OD,Molasses Deep,722,722-100-076,1,Juv,ANTI,ANTI,21
2016,2016,Sept,9/15/2016,UK,OD,Molasses Deep,722,722-100-076,1,Juv,ANTI,ANTI,25
2016,2016,Sept,9/15/2016,UK,OD,Molasses Deep,722,722-100-076,1,Juv,PBIP,ANTI,36
2016,2016,Sept,9/15/2016,UK,OD,Molasses Deep,722,722-100-076,1,Juv,PBIP,ANTI,30
2016,2016,Sept,9/15/2016,UK,OD,Molasses Deep,722,722-100-173,1,Juv,PAME,ANTI,31
2016,2016,Sept,9/15/2016,UK,OD,Molasses Deep,722,722-100-215,1,Juv,ANTI,ANTI,5
2016,2016,Sept,9/15/2016,UK,OD,Molasses Deep,722,722-100-215,1,Juv,UNKO,UNKO,3
2016,2016,Sept,9/15/2016,UK,OD,Molasses Deep,722,722-500-032,1,Juv,PBIP,ANTI,38
2016,2016,Sept,9/15/2016,UK,OD,Molasses Deep,722,722-500-032,1,Juv,GVEN,GVEN,21
2016,2016,Sept,9/15/2016,UK,OD,Molasses Deep,722,722-500-032,1,Juv,GVEN,GVEN,26
2016,2016,Sept,9/15/2016,UK,OD,Molasses Deep,722,722-500-032,1,Juv,GVEN,GVEN,26
2016,2016,Sept,9/15/2016,UK,OD,Molasses Deep,722,722-500-094,0,NA,NA,NA,NA
2016,2016,Sept,9/15/2016,UK,OD,Molasses Deep,722,722-500-111,1,Juv,ANTI/GVEN,AG,3
2016,2016,Sept,9/15/2016,UK,OD,Molasses Deep,722,722-500-111,1,Juv,ANTI,ANTI,38
2016,2016,Sept,9/15/2016,UK,OD,Molasses Deep,722,722-500-111,1,Juv,GVEN,GVEN,18
2016,2016,Sept,9/15/2016,UK,OD,Molasses Deep,722,722-500-111,1,Juv,GVEN,GVEN,27
2016,2016,Sept,9/15/2016,UK,OD,Molasses Deep,722,722-500-111,1,Juv,GVEN,GVEN,37
2016,2016,Sept,9/15/2016,UK,OD,Molasses Deep,722,722-500-111,1,Juv,MURO,MURO,23
2016,2016,Sept,9/15/2016,UK,OD,Molasses Deep,722,722-500-182,1,Juv,ANTI/GVEN,AG,6
2016,2016,Sept,9/15/2016,UK,OD,Molasses Deep,722,722-500-182,1,Juv,ANTI,ANTI,9
2016,2016,Sept,9/15/2016,UK,OD,Molasses Deep,722,722-500-182,1,Juv,PAME,ANTI,9
2016,2016,Sept,9/15/2016,UK,OD,Molasses Deep,722,722-500-182,1,Juv,PBIP,ANTI,30
2016,2016,Sept,9/15/2016,UK,OD,Molasses Deep,722,722-500-182,1,Juv,PBIP,ANTI,36
2016,2016,Sept,9/15/2016,UK,OD,Molasses Deep,722,722-500-182,1,Juv,GVEN,GVEN,36
2016,2016,Sept,9/15/2016,UK,OD,Molasses Deep,722,722-500-182,1,Juv,MURO,MURO,17
2016,2016,Sept,9/15/2016,UK,OD,Molasses Deep,723,723-100-052,1,Juv,ANTI,ANTI,31
2016,2016,Sept,9/15/2016,UK,OD,Molasses Deep,723,723-100-052,1,Juv,PAME,ANTI,39
2016,2016,Sept,9/15/2016,UK,OD,Molasses Deep,723,723-100-052,1,Juv,GVEN,GVEN,23
2016,2016,Sept,9/15/2016,UK,OD,Molasses Deep,723,723-100-052,1,Juv,GVEN,GVEN,14
2016,2016,Sept,9/15/2016,UK,OD,Molasses Deep,723,723-100-052,1,Juv,MURO,MURO,15
2016,2016,Sept,9/15/2016,UK,OD,Molasses Deep,723,723-100-064,1,Juv,ANTI/GVEN,AG,3
2016,2016,Sept,9/15/2016,UK,OD,Molasses Deep,723,723-100-064,1,Juv,ANTI/GVEN,AG,27
2016,2016,Sept,9/15/2016,UK,OD,Molasses Deep,723,723-100-064,1,Juv,ANTI,ANTI,32
2016,2016,Sept,9/15/2016,UK,OD,Molasses Deep,723,723-100-064,1,Juv,ANTI,ANTI,17
2016,2016,Sept,9/15/2016,UK,OD,Molasses Deep,723,723-100-064,1,Juv,GVEN,GVEN,25
2016,2016,Sept,9/15/2016,UK,OD,Molasses Deep,723,723-100-064,1,Juv,GVEN,GVEN,26
2016,2016,Sept,9/15/2016,UK,OD,Molasses Deep,723,723-100-064,1,Juv,GVEN,GVEN,13
2016,2016,Sept,9/15/2016,UK,OD,Molasses Deep,723,723-100-064,1,Juv,GVEN,GVEN,22
2016,2016,Sept,9/15/2016,UK,OD,Molasses Deep,723,723-100-134,1,Juv,ANTI,ANTI,36
2016,2016,Sept,9/15/2016,UK,OD,Molasses Deep,723,723-100-134,1,Juv,GVEN,GVEN,20
2016,2016,Sept,9/15/2016,UK,OD,Molasses Deep,723,723-100-154,1,Juv,ANTI,ANTI,7
2016,2016,Sept,9/15/2016,UK,OD,Molasses Deep,723,723-100-154,1,Juv,ANTI,ANTI,12
2016,2016,Sept,9/15/2016,UK,OD,Molasses Deep,723,723-100-154,1,Juv,PAME,ANTI,38
2016,2016,Sept,9/15/2016,UK,OD,Molasses Deep,723,723-100-154,1,Juv,EUNI,EUNI,9
2016,2016,Sept,9/15/2016,UK,OD,Molasses Deep,723,723-100-154,1,Juv,GVEN,GVEN,26
2016,2016,Sept,9/15/2016,UK,OD,Molasses Deep,723,723-100-154,1,Juv,GVEN,GVEN,9
2016,2016,Sept,9/15/2016,UK,OD,Molasses Deep,723,723-500-030,1,Juv,ANTI,ANTI,39
2016,2016,Sept,9/15/2016,UK,OD,Molasses Deep,723,723-500-030,1,Juv,ANTI,ANTI,30
2016,2016,Sept,9/15/2016,UK,OD,Molasses Deep,723,723-500-064,1,Juv,GVEN,GVEN,25
2016,2016,Sept,9/15/2016,UK,OD,Molasses Deep,723,723-500-064,1,Juv,GVEN,GVEN,24
2016,2016,Sept,9/15/2016,UK,OD,Molasses Deep,723,723-500-064,1,Juv,GVEN,GVEN,37
2016,2016,Sept,9/15/2016,UK,OD,Molasses Deep,723,723-500-090,1,Juv,ANTI,ANTI,9
2016,2016,Sept,9/15/2016,UK,OD,Molasses Deep,723,723-500-103,0,NA,NA,NA,NA
2016,2016,Sept,9/15/2016,UK,OD,Molasses Deep,724,724-100-048,1,Juv,ANTI,ANTI,39
2016,2016,Sept,9/15/2016,UK,OD,Molasses Deep,724,724-100-089,1,Juv,ANTI/GVEN,AG,28
2016,2016,Sept,9/15/2016,UK,OD,Molasses Deep,724,724-100-089,1,Juv,ANTI/GVEN,AG,30
2016,2016,Sept,9/15/2016,UK,OD,Molasses Deep,724,724-100-089,1,Juv,ANTI,ANTI,14
2016,2016,Sept,9/15/2016,UK,OD,Molasses Deep,724,724-100-151,1,Juv,ANTI,ANTI,28
2016,2016,Sept,9/15/2016,UK,OD,Molasses Deep,724,724-100-151,1,Juv,ANTI,ANTI,17
2016,2016,Sept,9/15/2016,UK,OD,Molasses Deep,724,724-100-151,1,Juv,ANTI,ANTI,36
2016,2016,Sept,9/15/2016,UK,OD,Molasses Deep,724,724-100-151,1,Juv,PAME,ANTI,8
2016,2016,Sept,9/15/2016,UK,OD,Molasses Deep,724,724-100-151,1,Juv,EUNI,EUNI,11
2016,2016,Sept,9/15/2016,UK,OD,Molasses Deep,724,724-100-177,1,Juv,ANTI,ANTI,6
2016,2016,Sept,9/15/2016,UK,OD,Molasses Deep,724,724-100-177,1,Juv,PAME,ANTI,33
2016,2016,Sept,9/15/2016,UK,OD,Molasses Deep,724,724-100-177,1,Juv,GVEN,GVEN,9
2016,2016,Sept,9/15/2016,UK,OD,Molasses Deep,724,724-100-177,1,Juv,GVEN,GVEN,10
2016,2016,Sept,9/15/2016,UK,OD,Molasses Deep,724,724-100-177,1,Juv,UNKO,UNKO,7
2016,2016,Sept,9/15/2016,UK,OD,Molasses Deep,724,724-500-032,1,Juv,ANTI,ANTI,11
2016,2016,Sept,9/15/2016,UK,OD,Molasses Deep,724,724-500-032,1,Juv,PAME,ANTI,11
2016,2016,Sept,9/15/2016,UK,OD,Molasses Deep,724,724-500-032,1,Juv,UNKO,UNKO,2
2016,2016,Sept,9/15/2016,UK,OD,Molasses Deep,724,724-500-061,1,Juv,ANTI,ANTI,20
2016,2016,Sept,9/15/2016,UK,OD,Molasses Deep,724,724-500-061,1,Juv,ANTI,ANTI,20
2016,2016,Sept,9/15/2016,UK,OD,Molasses Deep,724,724-500-061,1,Juv,PAME,ANTI,11
2016,2016,Sept,9/15/2016,UK,OD,Molasses Deep,724,724-500-061,1,Juv,PAME,ANTI,25
2016,2016,Sept,9/15/2016,UK,OD,Molasses Deep,724,724-500-094,1,Juv,ANTI,ANTI,18
2016,2016,Sept,9/15/2016,UK,OD,Molasses Deep,724,724-500-094,1,Juv,ANTI,ANTI,22
2016,2016,Sept,9/15/2016,UK,OD,Molasses Deep,724,724-500-094,1,Juv,PAME,ANTI,21
2016,2016,Sept,9/15/2016,UK,OD,Molasses Deep,724,724-500-094,1,Juv,UNKO,UNKO,6
2016,2016,Sept,9/15/2016,UK,OD,Molasses Deep,724,724-500-192,1,Juv,GVEN,GVEN,32
2016,2016,Sept,9/15/2016,UK,OD,Molasses Deep,724,724-500-192,1,Juv,GVEN,GVEN,33
2016,2016,Sept,9/15/2016,UK,OD,Molasses Deep,724,724-500-192,1,Juv,GVEN,GVEN,16
2016,2016,May,5/13/2016,MK,OD,Tennessee Deep,751,751-100-026,1,Juv,GVEN,GVEN,18
2016,2016,May,5/13/2016,MK,OD,Tennessee Deep,751,751-100-045,1,Juv,ANTI,ANTI,6
2016,2016,May,5/13/2016,MK,OD,Tennessee Deep,751,751-100-118,1,Juv,GVEN,GVEN,39
2016,2016,May,5/13/2016,MK,OD,Tennessee Deep,751,751-100-118,1,Juv,PLEX,PLEX,11
2016,2016,May,5/13/2016,MK,OD,Tennessee Deep,751,751-100-203,1,Juv,GVEN,GVEN,30
2016,2016,May,5/13/2016,MK,OD,Tennessee Deep,751,751-500-029,1,Juv,EUNI,EUNI,26
2016,2016,May,5/13/2016,MK,OD,Tennessee Deep,751,751-500-105,0,NA,NA,NA,NA
2016,2016,May,5/13/2016,MK,OD,Tennessee Deep,751,751-500-123,0,NA,NA,NA,NA
2016,2016,May,5/13/2016,MK,OD,Tennessee Deep,751,751-500-226,1,Juv,GVEN,GVEN,18
2016,2016,May,5/13/2016,MK,OD,Tennessee Deep,751,751-500-226,1,Juv,GVEN,GVEN,33
2016,2016,May,5/13/2016,MK,OD,Tennessee Deep,752,752-100-022,0,NA,NA,NA,NA
2016,2016,May,5/13/2016,MK,OD,Tennessee Deep,752,752-100-072,1,Juv,PBIP,ANTI,17
2016,2016,May,5/13/2016,MK,OD,Tennessee Deep,752,752-100-135,1,Juv,PBIP,ANTI,39
2016,2016,May,5/13/2016,MK,OD,Tennessee Deep,752,752-100-135,1,Juv,UNKO,UNKO,4
2016,2016,May,5/13/2016,MK,OD,Tennessee Deep,752,752-100-225,0,NA,NA,NA,NA
2016,2016,May,5/13/2016,MK,OD,Tennessee Deep,752,752-500-023,0,NA,NA,NA,NA
2016,2016,May,5/13/2016,MK,OD,Tennessee Deep,752,752-500-056,1,Juv,PAME,ANTI,24
2016,2016,May,5/13/2016,MK,OD,Tennessee Deep,752,752-500-141,0,NA,NA,NA,NA
2016,2016,May,5/13/2016,MK,OD,Tennessee Deep,752,752-500-188,1,Juv,EUNI,EUNI,15
2016,2016,May,5/13/2016,MK,OD,Tennessee Deep,753,753-100-028,0,NA,NA,NA,NA
2016,2016,May,5/13/2016,MK,OD,Tennessee Deep,753,753-100-085,1,Juv,ANTI,ANTI,16
2016,2016,May,5/13/2016,MK,OD,Tennessee Deep,753,753-100-090,1,Juv,ANTI/GVEN,AG,6
2016,2016,May,5/13/2016,MK,OD,Tennessee Deep,753,753-100-090,1,Juv,PBIP,ANTI,37
2016,2016,May,5/13/2016,MK,OD,Tennessee Deep,753,753-100-141,0,NA,NA,NA,NA
2016,2016,May,5/13/2016,MK,OD,Tennessee Deep,753,753-500-023,1,Juv,ANTI,ANTI,8
2016,2016,May,5/13/2016,MK,OD,Tennessee Deep,753,753-500-023,1,Juv,ANTI,ANTI,13
2016,2016,May,5/13/2016,MK,OD,Tennessee Deep,753,753-500-023,1,Juv,PBIP,ANTI,39
2016,2016,May,5/13/2016,MK,OD,Tennessee Deep,753,753-500-023,1,Juv,PLEL,PLEL,21
2016,2016,May,5/13/2016,MK,OD,Tennessee Deep,753,753-500-023,1,Juv,UNKO,UNKO,4
2016,2016,May,5/13/2016,MK,OD,Tennessee Deep,753,753-500-049,0,NA,NA,NA,NA
2016,2016,May,5/13/2016,MK,OD,Tennessee Deep,753,753-500-105,1,Juv,ANTI,ANTI,18
2016,2016,May,5/13/2016,MK,OD,Tennessee Deep,753,753-500-105,1,Juv,PBIP,ANTI,36
2016,2016,May,5/13/2016,MK,OD,Tennessee Deep,753,753-500-105,1,Juv,EUNI,EUNI,29
2016,2016,May,5/13/2016,MK,OD,Tennessee Deep,753,753-500-197,1,Juv,ANTI,ANTI,16
2016,2016,May,5/13/2016,MK,OD,Tennessee Deep,753,753-500-197,1,Juv,ANTI,ANTI,16
2016,2016,May,5/13/2016,MK,OD,Tennessee Deep,753,753-500-197,1,Juv,ANTI,ANTI,11
2016,2016,May,5/13/2016,MK,OD,Tennessee Deep,754,754-100-051,0,NA,NA,NA,NA
2016,2016,May,5/13/2016,MK,OD,Tennessee Deep,754,754-100-100,1,Juv,ANTI,ANTI,13
2016,2016,May,5/13/2016,MK,OD,Tennessee Deep,754,754-100-100,1,Juv,EUNI,EUNI,22
2016,2016,May,5/13/2016,MK,OD,Tennessee Deep,754,754-100-100,1,Juv,GVEN,GVEN,30
2016,2016,May,5/13/2016,MK,OD,Tennessee Deep,754,754-100-136,0,NA,NA,NA,NA
2016,2016,May,5/13/2016,MK,OD,Tennessee Deep,754,754-100-191,1,Juv,ANTI,ANTI,17
2016,2016,May,5/13/2016,MK,OD,Tennessee Deep,754,754-500-045,1,Juv,PAME,ANTI,5
2016,2016,May,5/13/2016,MK,OD,Tennessee Deep,754,754-500-045,1,Juv,PAME,ANTI,10
2016,2016,May,5/13/2016,MK,OD,Tennessee Deep,754,754-500-092,1,Juv,PAME,ANTI,15
2016,2016,May,5/13/2016,MK,OD,Tennessee Deep,754,754-500-139,0,NA,NA,NA,NA
2016,2016,May,5/13/2016,MK,OD,Tennessee Deep,754,754-500-180,1,Juv,ANTI/GVEN,AG,14
2016,2016,May,5/12/2016,MK,OD,Sombrero Deep,761,761-100-009,1,Juv,PBIP,ANTI,31
2016,2016,May,5/12/2016,MK,OD,Sombrero Deep,761,761-100-009,1,Juv,PBIP,ANTI,19
2016,2016,May,5/12/2016,MK,OD,Sombrero Deep,761,761-100-009,1,Juv,PBIP,ANTI,25
2016,2016,May,5/12/2016,MK,OD,Sombrero Deep,761,761-100-009,1,Juv,PBIP,ANTI,6
2016,2016,May,5/12/2016,MK,OD,Sombrero Deep,761,761-100-009,1,Juv,PBIP,ANTI,27
2016,2016,May,5/12/2016,MK,OD,Sombrero Deep,761,761-100-028,1,Juv,ANTI,ANTI,12
2016,2016,May,5/12/2016,MK,OD,Sombrero Deep,761,761-100-028,1,Juv,ANTI,ANTI,24
2016,2016,May,5/12/2016,MK,OD,Sombrero Deep,761,761-100-081,1,Juv,ANTI,ANTI,6
2016,2016,May,5/12/2016,MK,OD,Sombrero Deep,761,761-100-139,0,NA,NA,NA,NA
2016,2016,May,5/12/2016,MK,OD,Sombrero Deep,761,761-500-048,1,Juv,ANTI/GVEN,AG,23
2016,2016,May,5/12/2016,MK,OD,Sombrero Deep,761,761-500-048,1,Juv,ANTI,ANTI,20
2016,2016,May,5/12/2016,MK,OD,Sombrero Deep,761,761-500-048,1,Juv,ANTI,ANTI,19
2016,2016,May,5/12/2016,MK,OD,Sombrero Deep,761,761-500-048,1,Juv,ANTI,ANTI,8
2016,2016,May,5/12/2016,MK,OD,Sombrero Deep,761,761-500-048,1,Juv,ANTI,ANTI,14
2016,2016,May,5/12/2016,MK,OD,Sombrero Deep,761,761-500-048,1,Juv,EUNI,EUNI,34
2016,2016,May,5/12/2016,MK,OD,Sombrero Deep,761,761-500-048,1,Juv,GVEN,GVEN,15
2016,2016,May,5/12/2016,MK,OD,Sombrero Deep,761,761-500-048,1,Juv,GVEN,GVEN,13
2016,2016,May,5/12/2016,MK,OD,Sombrero Deep,761,761-500-072,1,Juv,ANTI,ANTI,21
2016,2016,May,5/12/2016,MK,OD,Sombrero Deep,761,761-500-072,1,Juv,EUNI,EUNI,9
2016,2016,May,5/12/2016,MK,OD,Sombrero Deep,761,761-500-101,0,NA,NA,NA,NA
2016,2016,May,5/12/2016,MK,OD,Sombrero Deep,761,761-500-147,0,NA,NA,NA,NA
2016,2016,May,5/12/2016,MK,OD,Sombrero Deep,762,762-100-056,1,Juv,EUNI,EUNI,18
2016,2016,May,5/12/2016,MK,OD,Sombrero Deep,762,762-100-056,1,Juv,MURO,MURO,27
2016,2016,May,5/12/2016,MK,OD,Sombrero Deep,762,762-100-067,1,Juv,PBIP,ANTI,6
2016,2016,May,5/12/2016,MK,OD,Sombrero Deep,762,762-100-158,1,Juv,PAME,ANTI,20
2016,2016,May,5/12/2016,MK,OD,Sombrero Deep,762,762-100-158,1,Juv,PBIP,ANTI,9
2016,2016,May,5/12/2016,MK,OD,Sombrero Deep,762,762-100-158,1,Juv,PBIP,ANTI,5
2016,2016,May,5/12/2016,MK,OD,Sombrero Deep,762,762-100-158,1,Juv,MURO,MURO,11
2016,2016,May,5/12/2016,MK,OD,Sombrero Deep,762,762-100-158,1,Juv,MURO,MURO,7
2016,2016,May,5/12/2016,MK,OD,Sombrero Deep,762,762-100-178,1,Juv,ANTI,ANTI,3
2016,2016,May,5/12/2016,MK,OD,Sombrero Deep,762,762-100-178,1,Juv,EUNI,EUNI,28
2016,2016,May,5/12/2016,MK,OD,Sombrero Deep,762,762-500-005,1,Juv,EUNI,EUNI,3
2016,2016,May,5/12/2016,MK,OD,Sombrero Deep,762,762-500-005,1,Juv,EUNI,EUNI,12
2016,2016,May,5/12/2016,MK,OD,Sombrero Deep,762,762-500-066,0,NA,NA,NA,NA
2016,2016,May,5/12/2016,MK,OD,Sombrero Deep,762,762-500-110,1,Juv,EUNI,EUNI,35
2016,2016,May,5/12/2016,MK,OD,Sombrero Deep,762,762-500-110,1,Juv,EUNI,EUNI,21
2016,2016,May,5/12/2016,MK,OD,Sombrero Deep,762,762-500-153,1,Juv,PBIP,ANTI,20
2016,2016,May,5/12/2016,MK,OD,Sombrero Deep,762,762-500-153,1,Juv,EUNI,EUNI,18
2016,2016,May,5/12/2016,MK,OD,Sombrero Deep,762,762-500-153,1,Juv,UNKO,UNKO,1
2016,2016,May,5/12/2016,MK,OD,Sombrero Deep,763,763-100-085,1,Juv,PBIP,ANTI,25
2016,2016,May,5/12/2016,MK,OD,Sombrero Deep,763,763-100-085,1,Juv,EUNI,EUNI,8
2016,2016,May,5/12/2016,MK,OD,Sombrero Deep,763,763-100-108,1,Juv,ANTI/GVEN,AG,11
2016,2016,May,5/12/2016,MK,OD,Sombrero Deep,763,763-100-108,1,Juv,ANTI,ANTI,7
2016,2016,May,5/12/2016,MK,OD,Sombrero Deep,763,763-100-108,1,Juv,ANTI,ANTI,11
2016,2016,May,5/12/2016,MK,OD,Sombrero Deep,763,763-100-108,1,Juv,PPOR,PSEU,13
2016,2016,May,5/12/2016,MK,OD,Sombrero Deep,763,763-100-108,1,Juv,UNKO,UNKO,9
2016,2016,May,5/12/2016,MK,OD,Sombrero Deep,763,763-100-174,1,Juv,GVEN,GVEN,14
2016,2016,May,5/12/2016,MK,OD,Sombrero Deep,763,763-100-174,1,Juv,GVEN,GVEN,36
2016,2016,May,5/12/2016,MK,OD,Sombrero Deep,763,763-100-202,1,Juv,ANTI,ANTI,7
2016,2016,May,5/12/2016,MK,OD,Sombrero Deep,763,763-100-202,1,Juv,EUNI,EUNI,25
2016,2016,May,5/12/2016,MK,OD,Sombrero Deep,763,763-500-085,1,Juv,PAME,ANTI,27
2016,2016,May,5/12/2016,MK,OD,Sombrero Deep,763,763-500-085,1,Juv,PSEU,PSEU,38
2016,2016,May,5/12/2016,MK,OD,Sombrero Deep,763,763-500-085,1,Juv,UNKO,UNKO,6
2016,2016,May,5/12/2016,MK,OD,Sombrero Deep,763,763-500-109,1,Juv,BRIA,BRIA,2
2016,2016,May,5/12/2016,MK,OD,Sombrero Deep,763,763-500-109,1,Juv,BRIA,BRIA,4
2016,2016,May,5/12/2016,MK,OD,Sombrero Deep,763,763-500-109,1,Juv,BRIA,BRIA,4
2016,2016,May,5/12/2016,MK,OD,Sombrero Deep,763,763-500-109,1,Juv,BRIA,BRIA,9
2016,2016,May,5/12/2016,MK,OD,Sombrero Deep,763,763-500-109,1,Juv,EUNI,EUNI,9
2016,2016,May,5/12/2016,MK,OD,Sombrero Deep,763,763-500-109,1,Juv,MURI,MURI,20
2016,2016,May,5/12/2016,MK,OD,Sombrero Deep,763,763-500-109,1,Juv,UNKO,UNKO,17
2016,2016,May,5/12/2016,MK,OD,Sombrero Deep,763,763-500-160,1,Juv,GVEN,GVEN,21
2016,2016,May,5/12/2016,MK,OD,Sombrero Deep,763,763-500-160,1,Juv,GVEN,GVEN,5
2016,2016,May,5/12/2016,MK,OD,Sombrero Deep,763,763-500-198,1,Juv,ANTI,ANTI,3
2016,2016,May,5/12/2016,MK,OD,Sombrero Deep,763,763-500-198,1,Juv,ANTI,ANTI,7
2016,2016,May,5/12/2016,MK,OD,Sombrero Deep,764,764-100-017,1,Juv,PAME,ANTI,2
2016,2016,May,5/12/2016,MK,OD,Sombrero Deep,764,764-100-017,1,Juv,EUNI,EUNI,20
2016,2016,May,5/12/2016,MK,OD,Sombrero Deep,764,764-100-017,1,Juv,GVEN,GVEN,16
2016,2016,May,5/12/2016,MK,OD,Sombrero Deep,764,764-100-017,1,Juv,GVEN,GVEN,28
2016,2016,May,5/12/2016,MK,OD,Sombrero Deep,764,764-100-017,1,Juv,MURO,MURO,10
2016,2016,May,5/12/2016,MK,OD,Sombrero Deep,764,764-100-081,1,Juv,EUNI,EUNI,16
2016,2016,May,5/12/2016,MK,OD,Sombrero Deep,764,764-100-081,1,Juv,EUNI,EUNI,12
2016,2016,May,5/12/2016,MK,OD,Sombrero Deep,764,764-100-081,1,Juv,EUNI,EUNI,11
2016,2016,May,5/12/2016,MK,OD,Sombrero Deep,764,764-100-081,1,Juv,EUNI,EUNI,22
2016,2016,May,5/12/2016,MK,OD,Sombrero Deep,764,764-100-081,1,Juv,MURO,MURO,14
2016,2016,May,5/12/2016,MK,OD,Sombrero Deep,764,764-100-081,1,Juv,UNKO,UNKO,10
2016,2016,May,5/12/2016,MK,OD,Sombrero Deep,764,764-100-137,1,Juv,PAME,ANTI,3
2016,2016,May,5/12/2016,MK,OD,Sombrero Deep,764,764-100-137,1,Juv,EUNI,EUNI,4
2016,2016,May,5/12/2016,MK,OD,Sombrero Deep,764,764-100-137,1,Juv,EUNI,EUNI,5
2016,2016,May,5/12/2016,MK,OD,Sombrero Deep,764,764-100-137,1,Juv,EUNI,EUNI,7
2016,2016,May,5/12/2016,MK,OD,Sombrero Deep,764,764-100-137,1,Juv,MURI,MURI,38
2016,2016,May,5/12/2016,MK,OD,Sombrero Deep,764,764-100-137,1,Juv,MURO,MURO,7
2016,2016,May,5/12/2016,MK,OD,Sombrero Deep,764,764-100-185,1,Juv,ANTI/GVEN,AG,17
2016,2016,May,5/12/2016,MK,OD,Sombrero Deep,764,764-100-185,1,Juv,PAME,ANTI,8
2016,2016,May,5/12/2016,MK,OD,Sombrero Deep,764,764-100-185,1,Juv,EUNI,EUNI,14
2016,2016,May,5/12/2016,MK,OD,Sombrero Deep,764,764-100-185,1,Juv,UNKO,UNKO,6
2016,2016,May,5/12/2016,MK,OD,Sombrero Deep,764,764-500-012,0,NA,NA,NA,NA
2016,2016,May,5/12/2016,MK,OD,Sombrero Deep,764,764-500-092,1,Juv,ANTI,ANTI,14
2016,2016,May,5/12/2016,MK,OD,Sombrero Deep,764,764-500-092,1,Juv,UNKO,UNKO,15
2016,2016,May,5/12/2016,MK,OD,Sombrero Deep,764,764-500-111,1,Juv,ANTI,ANTI,8
2016,2016,May,5/12/2016,MK,OD,Sombrero Deep,764,764-500-111,1,Juv,ANTI,ANTI,5
2016,2016,May,5/12/2016,MK,OD,Sombrero Deep,764,764-500-111,1,Juv,PAME,ANTI,22
2016,2016,May,5/12/2016,MK,OD,Sombrero Deep,764,764-500-111,1,Juv,EUNI,EUNI,10
2016,2016,May,5/12/2016,MK,OD,Sombrero Deep,764,764-500-111,1,Juv,GVEN,GVEN,25
2016,2016,May,5/12/2016,MK,OD,Sombrero Deep,764,764-500-111,1,Juv,GVEN,GVEN,20
2016,2016,May,5/12/2016,MK,OD,Sombrero Deep,764,764-500-111,1,Juv,GVEN,GVEN,26
2016,2016,May,5/12/2016,MK,OD,Sombrero Deep,764,764-500-111,1,Juv,MURO,MURO,10
2016,2016,May,5/12/2016,MK,OD,Sombrero Deep,764,764-500-111,1,Juv,UNKO,UNKO,2
2016,2016,May,5/12/2016,MK,OD,Sombrero Deep,764,764-500-188,1,Juv,EUNI,EUNI,21
2016,2016,May,5/12/2016,MK,OD,Sombrero Deep,764,764-500-188,1,Juv,GVEN,GVEN,32
2016,2016,May,5/12/2016,MK,OD,Sombrero Deep,764,764-500-188,1,Juv,GVEN,GVEN,30
2016,2016,May,5/12/2016,MK,OD,Sombrero Deep,764,764-500-188,1,Juv,PSEU,PSEU,27
2016,2016,Aug,8/18/2016,LK,OD,Western Sambo Deep,791,791-100-012,1,Juv,ANTI,ANTI,32
2016,2016,Aug,8/18/2016,LK,OD,Western Sambo Deep,791,791-100-047,1,Juv,ANTI,ANTI,20
2016,2016,Aug,8/18/2016,LK,OD,Western Sambo Deep,791,791-100-047,1,Juv,ANTI,ANTI,16
2016,2016,Aug,8/18/2016,LK,OD,Western Sambo Deep,791,791-100-122,1,Juv,ANTI,ANTI,21
2016,2016,Aug,8/18/2016,LK,OD,Western Sambo Deep,791,791-100-197,1,Juv,EUNI,EUNI,3
2016,2016,Aug,8/18/2016,LK,OD,Western Sambo Deep,791,791-500-013,0,NA,NA,NA,NA
2016,2016,Aug,8/18/2016,LK,OD,Western Sambo Deep,791,791-500-038,1,Juv,ANTI,ANTI,20
2016,2016,Aug,8/18/2016,LK,OD,Western Sambo Deep,791,791-500-038,1,Juv,ANTI,ANTI,8
2016,2016,Aug,8/18/2016,LK,OD,Western Sambo Deep,791,791-500-038,1,Juv,PAME,ANTI,26
2016,2016,Aug,8/18/2016,LK,OD,Western Sambo Deep,791,791-500-156,0,NA,NA,NA,NA
2016,2016,Aug,8/18/2016,LK,OD,Western Sambo Deep,791,791-500-199,1,Juv,ANTI,ANTI,9
2016,2016,Aug,8/18/2016,LK,OD,Western Sambo Deep,791,791-500-199,1,Juv,PAME,ANTI,22
2016,2016,Aug,8/18/2016,LK,OD,Western Sambo Deep,791,791-500-199,1,Juv,PAME,ANTI,26
2016,2016,Aug,8/18/2016,LK,OD,Western Sambo Deep,791,791-500-199,1,Juv,PAME,ANTI,16
2016,2016,Aug,8/18/2016,LK,OD,Western Sambo Deep,791,791-500-199,1,Juv,MURI,MURI,16
2016,2016,Aug,8/18/2016,LK,OD,Western Sambo Deep,791,791-500-199,1,Juv,EUNI,EUNI,6
2016,2016,Aug,8/18/2016,LK,OD,Western Sambo Deep,792,792-100-028,1,Juv,GVEN,GVEN,32
2016,2016,Aug,8/18/2016,LK,OD,Western Sambo Deep,792,792-100-028,1,Juv,GVEN,GVEN,23
2016,2016,Aug,8/18/2016,LK,OD,Western Sambo Deep,792,792-100-039,1,Juv,ANTI,ANTI,26
2016,2016,Aug,8/18/2016,LK,OD,Western Sambo Deep,792,792-100-039,1,Juv,EUNI,EUNI,26
2016,2016,Aug,8/18/2016,LK,OD,Western Sambo Deep,792,792-100-039,1,Juv,EUNI,EUNI,19
2016,2016,Aug,8/18/2016,LK,OD,Western Sambo Deep,792,792-100-106,1,Juv,PBIP,ANTI,25
2016,2016,Aug,8/18/2016,LK,OD,Western Sambo Deep,792,792-100-142,1,Juv,BRIA,BRIA,12
2016,2016,Aug,8/18/2016,LK,OD,Western Sambo Deep,792,792-100-142,1,Juv,EUNI,EUNI,17
2016,2016,Aug,8/18/2016,LK,OD,Western Sambo Deep,792,792-100-142,1,Juv,GVEN,GVEN,30
2016,2016,Aug,8/18/2016,LK,OD,Western Sambo Deep,792,792-100-142,1,Juv,GVEN,GVEN,25
2016,2016,Aug,8/18/2016,LK,OD,Western Sambo Deep,792,792-100-142,1,Juv,UNKO,UNKO,2
2016,2016,Aug,8/18/2016,LK,OD,Western Sambo Deep,792,792-500-051,0,NA,NA,NA,NA
2016,2016,Aug,8/18/2016,LK,OD,Western Sambo Deep,792,792-500-079,1,Juv,EUNI,EUNI,17
2016,2016,Aug,8/18/2016,LK,OD,Western Sambo Deep,792,792-500-079,1,Juv,EUNI,EUNI,7
2016,2016,Aug,8/18/2016,LK,OD,Western Sambo Deep,792,792-500-079,1,Juv,UNKO,UNKO,5
2016,2016,Aug,8/18/2016,LK,OD,Western Sambo Deep,792,792-500-079,1,Juv,UNKO,UNKO,4
2016,2016,Aug,8/18/2016,LK,OD,Western Sambo Deep,792,792-500-102,1,Juv,ANTI,ANTI,16
2016,2016,Aug,8/18/2016,LK,OD,Western Sambo Deep,792,792-500-102,1,Juv,PAME,ANTI,32
2016,2016,Aug,8/18/2016,LK,OD,Western Sambo Deep,792,792-500-102,1,Juv,PAME,ANTI,39
2016,2016,Aug,8/18/2016,LK,OD,Western Sambo Deep,792,792-500-190,1,Juv,ANTI,ANTI,34
2016,2016,Aug,8/18/2016,LK,OD,Western Sambo Deep,792,792-500-190,1,Juv,ANTI,ANTI,24
2016,2016,Aug,8/18/2016,LK,OD,Western Sambo Deep,792,792-500-190,1,Juv,EUNI,EUNI,9
2016,2016,Aug,8/18/2016,LK,OD,Western Sambo Deep,792,792-500-190,1,Juv,GVEN,GVEN,30
2016,2016,Aug,8/18/2016,LK,OD,Western Sambo Deep,793,793-100-019,1,Juv,ANTI,ANTI,5
2016,2016,Aug,8/18/2016,LK,OD,Western Sambo Deep,793,793-100-019,1,Juv,GVEN,GVEN,23
2016,2016,Aug,8/18/2016,LK,OD,Western Sambo Deep,793,793-100-048,1,Juv,BRIA,BRIA,12
2016,2016,Aug,8/18/2016,LK,OD,Western Sambo Deep,793,793-100-048,1,Juv,EUNI,EUNI,34
2016,2016,Aug,8/18/2016,LK,OD,Western Sambo Deep,793,793-100-048,1,Juv,EUNI,EUNI,3
2016,2016,Aug,8/18/2016,LK,OD,Western Sambo Deep,793,793-100-048,1,Juv,EUNI,EUNI,27
2016,2016,Aug,8/18/2016,LK,OD,Western Sambo Deep,793,793-100-048,1,Juv,GVEN,GVEN,25
2016,2016,Aug,8/18/2016,LK,OD,Western Sambo Deep,793,793-100-048,1,Juv,UNKO,UNKO,8
2016,2016,Aug,8/18/2016,LK,OD,Western Sambo Deep,793,793-100-048,1,Juv,UNKO,UNKO,2
2016,2016,Aug,8/18/2016,LK,OD,Western Sambo Deep,793,793-100-066,1,Juv,ANTI,ANTI,30
2016,2016,Aug,8/18/2016,LK,OD,Western Sambo Deep,793,793-100-066,1,Juv,GVEN,GVEN,25
2016,2016,Aug,8/18/2016,LK,OD,Western Sambo Deep,793,793-100-066,1,Juv,GVEN,GVEN,10
2016,2016,Aug,8/18/2016,LK,OD,Western Sambo Deep,793,793-100-066,1,Juv,UNKO,UNKO,2
2016,2016,Aug,8/18/2016,LK,OD,Western Sambo Deep,793,793-100-140,1,Juv,ANTI,ANTI,2
2016,2016,Aug,8/18/2016,LK,OD,Western Sambo Deep,793,793-100-140,1,Juv,PAME,ANTI,23
2016,2016,Aug,8/18/2016,LK,OD,Western Sambo Deep,793,793-100-140,1,Juv,EUNI,EUNI,8
2016,2016,Aug,8/18/2016,LK,OD,Western Sambo Deep,793,793-100-140,1,Juv,EUNI,EUNI,7
2016,2016,Aug,8/18/2016,LK,OD,Western Sambo Deep,793,793-500-078,1,Juv,ANTI,ANTI,34
2016,2016,Aug,8/18/2016,LK,OD,Western Sambo Deep,793,793-500-078,1,Juv,EUNI,EUNI,34
2016,2016,Aug,8/18/2016,LK,OD,Western Sambo Deep,793,793-500-078,1,Juv,EUNI,EUNI,4
2016,2016,Aug,8/18/2016,LK,OD,Western Sambo Deep,793,793-500-078,1,Juv,GVEN,GVEN,29
2016,2016,Aug,8/18/2016,LK,OD,Western Sambo Deep,793,793-500-078,1,Juv,GVEN,GVEN,3
2016,2016,Aug,8/18/2016,LK,OD,Western Sambo Deep,793,793-500-078,1,Juv,GVEN,GVEN,9
2016,2016,Aug,8/18/2016,LK,OD,Western Sambo Deep,793,793-500-078,1,Juv,UNKO,UNKO,1
2016,2016,Aug,8/18/2016,LK,OD,Western Sambo Deep,793,793-500-098,1,Juv,ANTI/GVEN,AG,5
2016,2016,Aug,8/18/2016,LK,OD,Western Sambo Deep,793,793-500-098,1,Juv,UNKO,UNKO,2
2016,2016,Aug,8/18/2016,LK,OD,Western Sambo Deep,793,793-500-172,1,Juv,ANTI/GVEN,AG,11
2016,2016,Aug,8/18/2016,LK,OD,Western Sambo Deep,793,793-500-210,0,NA,NA,NA,NA
2016,2016,Aug,8/18/2016,LK,OD,Western Sambo Deep,794,794-100-008,0,NA,NA,NA,NA
2016,2016,Aug,8/18/2016,LK,OD,Western Sambo Deep,794,794-100-061,0,NA,NA,NA,NA
2016,2016,Aug,8/18/2016,LK,OD,Western Sambo Deep,794,794-100-156,1,Juv,ANTI,ANTI,6
2016,2016,Aug,8/18/2016,LK,OD,Western Sambo Deep,794,794-100-156,1,Juv,GVEN,GVEN,18
2016,2016,Aug,8/18/2016,LK,OD,Western Sambo Deep,794,794-100-199,1,Juv,GVEN,GVEN,29
2016,2016,Aug,8/18/2016,LK,OD,Western Sambo Deep,794,794-100-199,1,Juv,GVEN,GVEN,16
2016,2016,Aug,8/18/2016,LK,OD,Western Sambo Deep,794,794-500-058,1,Juv,PAME,ANTI,26
2016,2016,Aug,8/18/2016,LK,OD,Western Sambo Deep,794,794-500-058,1,Juv,GVEN,GVEN,23
2016,2016,Aug,8/18/2016,LK,OD,Western Sambo Deep,794,794-500-058,1,Juv,GVEN,GVEN,32
2016,2016,Aug,8/18/2016,LK,OD,Western Sambo Deep,794,794-500-122,1,Juv,ANTI/GVEN,AG,6
2016,2016,Aug,8/18/2016,LK,OD,Western Sambo Deep,794,794-500-122,1,Juv,GVEN,GVEN,26
2016,2016,Aug,8/18/2016,LK,OD,Western Sambo Deep,794,794-500-136,1,Juv,EUNI,EUNI,22
2016,2016,Aug,8/18/2016,LK,OD,Western Sambo Deep,794,794-500-136,1,Juv,EUNI,EUNI,4
2016,2016,Aug,8/18/2016,LK,OD,Western Sambo Deep,794,794-500-136,1,Juv,EUNI,EUNI,4
2016,2016,Aug,8/18/2016,LK,OD,Western Sambo Deep,794,794-500-136,1,Juv,EUNI,EUNI,16
2016,2016,Aug,8/18/2016,LK,OD,Western Sambo Deep,794,794-500-199,1,Juv,EUNI,EUNI,12
2016,2016,Aug,8/17/2016,LK,OD,Sand Key Deep,811,811-100-019,1,Juv,ANTI,ANTI,10
2016,2016,Aug,8/17/2016,LK,OD,Sand Key Deep,811,811-100-019,1,Juv,UNKO,UNKO,11
2016,2016,Aug,8/17/2016,LK,OD,Sand Key Deep,811,811-100-103,1,Juv,ANTI,ANTI,28
2016,2016,Aug,8/17/2016,LK,OD,Sand Key Deep,811,811-100-103,1,Juv,ANTI,ANTI,6
2016,2016,Aug,8/17/2016,LK,OD,Sand Key Deep,811,811-100-103,1,Juv,ANTI,ANTI,14
2016,2016,Aug,8/17/2016,LK,OD,Sand Key Deep,811,811-100-103,1,Juv,PAME,ANTI,31
2016,2016,Aug,8/17/2016,LK,OD,Sand Key Deep,811,811-100-103,1,Juv,EUNI,EUNI,39
2016,2016,Aug,8/17/2016,LK,OD,Sand Key Deep,811,811-100-103,1,Juv,PFLE,EUNI,17
2016,2016,Aug,8/17/2016,LK,OD,Sand Key Deep,811,811-100-103,1,Juv,UNKO,UNKO,9
2016,2016,Aug,8/17/2016,LK,OD,Sand Key Deep,811,811-100-103,1,Juv,UNKO,UNKO,33
2016,2016,Aug,8/17/2016,LK,OD,Sand Key Deep,811,811-100-103,1,Juv,UNKO,UNKO,31
2016,2016,Aug,8/17/2016,LK,OD,Sand Key Deep,811,811-100-103,1,Juv,UNKO,UNKO,9
2016,2016,Aug,8/17/2016,LK,OD,Sand Key Deep,811,811-100-119,1,Juv,ANTI,ANTI,11
2016,2016,Aug,8/17/2016,LK,OD,Sand Key Deep,811,811-100-119,1,Juv,ANTI,ANTI,12
2016,2016,Aug,8/17/2016,LK,OD,Sand Key Deep,811,811-100-119,1,Juv,ANTI,ANTI,29
2016,2016,Aug,8/17/2016,LK,OD,Sand Key Deep,811,811-100-119,1,Juv,ANTI,ANTI,16
2016,2016,Aug,8/17/2016,LK,OD,Sand Key Deep,811,811-100-119,1,Juv,EUNI,EUNI,3
2016,2016,Aug,8/17/2016,LK,OD,Sand Key Deep,811,811-100-119,1,Juv,EUNI,EUNI,21
2016,2016,Aug,8/17/2016,LK,OD,Sand Key Deep,811,811-100-119,1,Juv,EUNI,EUNI,9
2016,2016,Aug,8/17/2016,LK,OD,Sand Key Deep,811,811-100-119,1,Juv,EUNI,EUNI,6
2016,2016,Aug,8/17/2016,LK,OD,Sand Key Deep,811,811-100-119,1,Juv,GVEN,GVEN,27
2016,2016,Aug,8/17/2016,LK,OD,Sand Key Deep,811,811-100-119,1,Juv,GVEN,GVEN,33
2016,2016,Aug,8/17/2016,LK,OD,Sand Key Deep,811,811-100-197,1,Juv,EUNI,EUNI,38
2016,2016,Aug,8/17/2016,LK,OD,Sand Key Deep,811,811-500-074,1,Juv,ANTI/GVEN,AG,3
2016,2016,Aug,8/17/2016,LK,OD,Sand Key Deep,811,811-500-074,1,Juv,ANTI/GVEN,AG,8
2016,2016,Aug,8/17/2016,LK,OD,Sand Key Deep,811,811-500-074,1,Juv,ANTI/GVEN,AG,2
2016,2016,Aug,8/17/2016,LK,OD,Sand Key Deep,811,811-500-074,1,Juv,ANTI/GVEN,AG,2
2016,2016,Aug,8/17/2016,LK,OD,Sand Key Deep,811,811-500-074,1,Juv,ANTI/GVEN,AG,1
2016,2016,Aug,8/17/2016,LK,OD,Sand Key Deep,811,811-500-074,1,Juv,ANTI,ANTI,2
2016,2016,Aug,8/17/2016,LK,OD,Sand Key Deep,811,811-500-074,1,Juv,ECAL,EUNI,20
2016,2016,Aug,8/17/2016,LK,OD,Sand Key Deep,811,811-500-074,1,Juv,EUNI,EUNI,12
2016,2016,Aug,8/17/2016,LK,OD,Sand Key Deep,811,811-500-074,1,Juv,GVEN,GVEN,25
2016,2016,Aug,8/17/2016,LK,OD,Sand Key Deep,811,811-500-074,1,Juv,MURI,MURI,39
2016,2016,Aug,8/17/2016,LK,OD,Sand Key Deep,811,811-500-074,1,Juv,MURI,MURI,6
2016,2016,Aug,8/17/2016,LK,OD,Sand Key Deep,811,811-500-074,1,Juv,UNKO,UNKO,2
2016,2016,Aug,8/17/2016,LK,OD,Sand Key Deep,811,811-500-114,1,Juv,ANTI,ANTI,19
2016,2016,Aug,8/17/2016,LK,OD,Sand Key Deep,811,811-500-114,1,Juv,ANTI,ANTI,35
2016,2016,Aug,8/17/2016,LK,OD,Sand Key Deep,811,811-500-114,1,Juv,ANTI,ANTI,10
2016,2016,Aug,8/17/2016,LK,OD,Sand Key Deep,811,811-500-114,1,Juv,ANTI,ANTI,14
2016,2016,Aug,8/17/2016,LK,OD,Sand Key Deep,811,811-500-114,1,Juv,ANTI,ANTI,18
2016,2016,Aug,8/17/2016,LK,OD,Sand Key Deep,811,811-500-114,1,Juv,ANTI,ANTI,7
2016,2016,Aug,8/17/2016,LK,OD,Sand Key Deep,811,811-500-114,1,Juv,EUNI,EUNI,39
2016,2016,Aug,8/17/2016,LK,OD,Sand Key Deep,811,811-500-114,1,Juv,EUNI,EUNI,32
2016,2016,Aug,8/17/2016,LK,OD,Sand Key Deep,811,811-500-114,1,Juv,EUNI,EUNI,21
2016,2016,Aug,8/17/2016,LK,OD,Sand Key Deep,811,811-500-114,1,Juv,EUNI,EUNI,6
2016,2016,Aug,8/17/2016,LK,OD,Sand Key Deep,811,811-500-114,1,Juv,EUNI,EUNI,15
2016,2016,Aug,8/17/2016,LK,OD,Sand Key Deep,811,811-500-114,1,Juv,GVEN,GVEN,35
2016,2016,Aug,8/17/2016,LK,OD,Sand Key Deep,811,811-500-114,1,Juv,GVEN,GVEN,7
2016,2016,Aug,8/17/2016,LK,OD,Sand Key Deep,811,811-500-114,1,Juv,MURI,MURI,18
2016,2016,Aug,8/17/2016,LK,OD,Sand Key Deep,811,811-500-155,1,Juv,ANTI,ANTI,29
2016,2016,Aug,8/17/2016,LK,OD,Sand Key Deep,811,811-500-155,1,Juv,ECAL,EUNI,9
2016,2016,Aug,8/17/2016,LK,OD,Sand Key Deep,811,811-500-155,1,Juv,GVEN,GVEN,35
2016,2016,Aug,8/17/2016,LK,OD,Sand Key Deep,811,811-500-155,1,Juv,UNKO,UNKO,1
2016,2016,Aug,8/17/2016,LK,OD,Sand Key Deep,811,811-500-197,1,Juv,PFLE,EUNI,28
2016,2016,Aug,8/17/2016,LK,OD,Sand Key Deep,811,811-500-197,1,Juv,PLEL,PLEL,26
2016,2016,Aug,8/17/2016,LK,OD,Sand Key Deep,811,811-500-197,1,Juv,UNKO,UNKO,8
2016,2016,Aug,8/17/2016,LK,OD,Sand Key Deep,812,812-100-018,1,Juv,PBIP,ANTI,38
2016,2016,Aug,8/17/2016,LK,OD,Sand Key Deep,812,812-100-018,1,Juv,GVEN,GVEN,21
2016,2016,Aug,8/17/2016,LK,OD,Sand Key Deep,812,812-100-041,1,Juv,ANTI,ANTI,35
2016,2016,Aug,8/17/2016,LK,OD,Sand Key Deep,812,812-100-041,1,Juv,ECAL,EUNI,8
2016,2016,Aug,8/17/2016,LK,OD,Sand Key Deep,812,812-100-112,1,Juv,ANTI,ANTI,13
2016,2016,Aug,8/17/2016,LK,OD,Sand Key Deep,812,812-100-112,1,Juv,ANTI,ANTI,26
2016,2016,Aug,8/17/2016,LK,OD,Sand Key Deep,812,812-100-112,1,Juv,GVEN,GVEN,24
2016,2016,Aug,8/17/2016,LK,OD,Sand Key Deep,812,812-100-112,1,Juv,GVEN,GVEN,31
2016,2016,Aug,8/17/2016,LK,OD,Sand Key Deep,812,812-100-112,1,Juv,GVEN,GVEN,9
2016,2016,Aug,8/17/2016,LK,OD,Sand Key Deep,812,812-100-112,1,Juv,PLEX,PLEX,14
2016,2016,Aug,8/17/2016,LK,OD,Sand Key Deep,812,812-100-112,1,Juv,PSEU,PSEU,28
2016,2016,Aug,8/17/2016,LK,OD,Sand Key Deep,812,812-100-168,0,NA,NA,NA,NA
2016,2016,Aug,8/17/2016,LK,OD,Sand Key Deep,812,812-500-029,1,Juv,GVEN,GVEN,35
2016,2016,Aug,8/17/2016,LK,OD,Sand Key Deep,812,812-500-029,1,Juv,UNKO,UNKO,8
2016,2016,Aug,8/17/2016,LK,OD,Sand Key Deep,812,812-500-132,1,Juv,ANTI,ANTI,7
2016,2016,Aug,8/17/2016,LK,OD,Sand Key Deep,812,812-500-132,1,Juv,ANTI,ANTI,10
2016,2016,Aug,8/17/2016,LK,OD,Sand Key Deep,812,812-500-132,1,Juv,EUNI,EUNI,13
2016,2016,Aug,8/17/2016,LK,OD,Sand Key Deep,812,812-500-132,1,Juv,EUNI,EUNI,23
2016,2016,Aug,8/17/2016,LK,OD,Sand Key Deep,812,812-500-132,1,Juv,GVEN,GVEN,34
2016,2016,Aug,8/17/2016,LK,OD,Sand Key Deep,812,812-500-132,1,Juv,GVEN,GVEN,32
2016,2016,Aug,8/17/2016,LK,OD,Sand Key Deep,812,812-500-132,1,Juv,GVEN,GVEN,22
2016,2016,Aug,8/17/2016,LK,OD,Sand Key Deep,812,812-500-132,1,Juv,UNKO,UNKO,2
2016,2016,Aug,8/17/2016,LK,OD,Sand Key Deep,812,812-500-180,1,Juv,ANTI/GVEN,AG,7
2016,2016,Aug,8/17/2016,LK,OD,Sand Key Deep,812,812-500-180,1,Juv,PAME,ANTI,26
2016,2016,Aug,8/17/2016,LK,OD,Sand Key Deep,812,812-500-180,1,Juv,EUNI,EUNI,9
2016,2016,Aug,8/17/2016,LK,OD,Sand Key Deep,812,812-500-180,1,Juv,GVEN,GVEN,14
2016,2016,Aug,8/17/2016,LK,OD,Sand Key Deep,812,812-500-180,1,Juv,GVEN,GVEN,24
2016,2016,Aug,8/17/2016,LK,OD,Sand Key Deep,812,812-500-180,1,Juv,GVEN,GVEN,24
2016,2016,Aug,8/17/2016,LK,OD,Sand Key Deep,812,812-500-180,1,Juv,GVEN,GVEN,28
2016,2016,Aug,8/17/2016,LK,OD,Sand Key Deep,812,812-500-180,1,Juv,PPOR,PSEU,34
2016,2016,Aug,8/17/2016,LK,OD,Sand Key Deep,812,812-500-180,1,Juv,UNKO,UNKO,1
2016,2016,Aug,8/17/2016,LK,OD,Sand Key Deep,812,812-500-212,1,Juv,ANTI/GVEN,AG,17
2016,2016,Aug,8/17/2016,LK,OD,Sand Key Deep,812,812-500-212,1,Juv,EUNI,EUNI,5
2016,2016,Aug,8/17/2016,LK,OD,Sand Key Deep,812,812-500-212,1,Juv,GVEN,GVEN,10
2016,2016,Aug,8/17/2016,LK,OD,Sand Key Deep,813,813-100-030,1,Juv,PAME,ANTI,9
2016,2016,Aug,8/17/2016,LK,OD,Sand Key Deep,813,813-100-030,1,Juv,PAME,ANTI,3
2016,2016,Aug,8/17/2016,LK,OD,Sand Key Deep,813,813-100-030,1,Juv,EUNI,EUNI,37
2016,2016,Aug,8/17/2016,LK,OD,Sand Key Deep,813,813-100-030,1,Juv,EUNI,EUNI,37
2016,2016,Aug,8/17/2016,LK,OD,Sand Key Deep,813,813-100-030,1,Juv,EUNI,EUNI,6
2016,2016,Aug,8/17/2016,LK,OD,Sand Key Deep,813,813-100-030,1,Juv,PFLE,EUNI,3
2016,2016,Aug,8/17/2016,LK,OD,Sand Key Deep,813,813-100-063,1,Juv,PAME,ANTI,15
2016,2016,Aug,8/17/2016,LK,OD,Sand Key Deep,813,813-100-063,1,Juv,EUNI,EUNI,39
2016,2016,Aug,8/17/2016,LK,OD,Sand Key Deep,813,813-100-063,1,Juv,EUNI,EUNI,2
2016,2016,Aug,8/17/2016,LK,OD,Sand Key Deep,813,813-100-063,1,Juv,GVEN,GVEN,30
2016,2016,Aug,8/17/2016,LK,OD,Sand Key Deep,813,813-100-063,1,Juv,PLEL,PLEL,24
2016,2016,Aug,8/17/2016,LK,OD,Sand Key Deep,813,813-100-132,1,Juv,EUNI,EUNI,13
2016,2016,Aug,8/17/2016,LK,OD,Sand Key Deep,813,813-100-132,1,Juv,PPOR,PSEU,27
2016,2016,Aug,8/17/2016,LK,OD,Sand Key Deep,813,813-100-169,1,Juv,ANTI,ANTI,28
2016,2016,Aug,8/17/2016,LK,OD,Sand Key Deep,813,813-100-169,1,Juv,EUNI,EUNI,23
2016,2016,Aug,8/17/2016,LK,OD,Sand Key Deep,813,813-100-169,1,Juv,GVEN,GVEN,39
2016,2016,Aug,8/17/2016,LK,OD,Sand Key Deep,813,813-500-041,1,Juv,ANTI,ANTI,9
2016,2016,Aug,8/17/2016,LK,OD,Sand Key Deep,813,813-500-041,1,Juv,PAME,ANTI,28
2016,2016,Aug,8/17/2016,LK,OD,Sand Key Deep,813,813-500-041,1,Juv,EUNI,EUNI,14
2016,2016,Aug,8/17/2016,LK,OD,Sand Key Deep,813,813-500-041,1,Juv,GVEN,GVEN,37
2016,2016,Aug,8/17/2016,LK,OD,Sand Key Deep,813,813-500-041,1,Juv,GVEN,GVEN,24
2016,2016,Aug,8/17/2016,LK,OD,Sand Key Deep,813,813-500-041,1,Juv,GVEN,GVEN,26
2016,2016,Aug,8/17/2016,LK,OD,Sand Key Deep,813,813-500-085,1,Juv,ANTI/GVEN,AG,17
2016,2016,Aug,8/17/2016,LK,OD,Sand Key Deep,813,813-500-085,1,Juv,ANTI,ANTI,11
2016,2016,Aug,8/17/2016,LK,OD,Sand Key Deep,813,813-500-085,1,Juv,ANTI,ANTI,18
2016,2016,Aug,8/17/2016,LK,OD,Sand Key Deep,813,813-500-085,1,Juv,PAME,ANTI,23
2016,2016,Aug,8/17/2016,LK,OD,Sand Key Deep,813,813-500-085,1,Juv,PAME,ANTI,23
2016,2016,Aug,8/17/2016,LK,OD,Sand Key Deep,813,813-500-085,1,Juv,PAME,ANTI,31
2016,2016,Aug,8/17/2016,LK,OD,Sand Key Deep,813,813-500-085,1,Juv,EUNI,EUNI,11
2016,2016,Aug,8/17/2016,LK,OD,Sand Key Deep,813,813-500-085,1,Juv,EUNI,EUNI,8
2016,2016,Aug,8/17/2016,LK,OD,Sand Key Deep,813,813-500-085,1,Juv,UNKO,UNKO,13
2016,2016,Aug,8/17/2016,LK,OD,Sand Key Deep,813,813-500-156,1,Juv,ANTI,ANTI,14
2016,2016,Aug,8/17/2016,LK,OD,Sand Key Deep,813,813-500-156,1,Juv,ANTI,ANTI,13
2016,2016,Aug,8/17/2016,LK,OD,Sand Key Deep,813,813-500-156,1,Juv,PAME,ANTI,36
2016,2016,Aug,8/17/2016,LK,OD,Sand Key Deep,813,813-500-156,1,Juv,EUNI,EUNI,27
2016,2016,Aug,8/17/2016,LK,OD,Sand Key Deep,813,813-500-156,1,Juv,EUNI,EUNI,10
2016,2016,Aug,8/17/2016,LK,OD,Sand Key Deep,813,813-500-156,1,Juv,EUNI,EUNI,35
2016,2016,Aug,8/17/2016,LK,OD,Sand Key Deep,813,813-500-156,1,Juv,EUNI,EUNI,25
2016,2016,Aug,8/17/2016,LK,OD,Sand Key Deep,813,813-500-156,1,Juv,EUNI,EUNI,8
2016,2016,Aug,8/17/2016,LK,OD,Sand Key Deep,813,813-500-156,1,Juv,EUNI,EUNI,39
2016,2016,Aug,8/17/2016,LK,OD,Sand Key Deep,813,813-500-156,1,Juv,GVEN,GVEN,29
2016,2016,Aug,8/17/2016,LK,OD,Sand Key Deep,813,813-500-156,1,Juv,GVEN,GVEN,31
2016,2016,Aug,8/17/2016,LK,OD,Sand Key Deep,813,813-500-156,1,Juv,GVEN,GVEN,28
2016,2016,Aug,8/17/2016,LK,OD,Sand Key Deep,813,813-500-218,1,Juv,ANTI,ANTI,30
2016,2016,Aug,8/17/2016,LK,OD,Sand Key Deep,813,813-500-218,1,Juv,ANTI,ANTI,32
2016,2016,Aug,8/17/2016,LK,OD,Sand Key Deep,813,813-500-218,1,Juv,ANTI,ANTI,35
2016,2016,Aug,8/17/2016,LK,OD,Sand Key Deep,813,813-500-218,1,Juv,ANTI,ANTI,21
2016,2016,Aug,8/17/2016,LK,OD,Sand Key Deep,813,813-500-218,1,Juv,PAME,ANTI,20
2016,2016,Aug,8/17/2016,LK,OD,Sand Key Deep,813,813-500-218,1,Juv,EUNI,EUNI,4
2016,2016,Aug,8/17/2016,LK,OD,Sand Key Deep,813,813-500-218,1,Juv,EUNI,EUNI,3
2016,2016,Aug,8/17/2016,LK,OD,Sand Key Deep,813,813-500-218,1,Juv,GVEN,GVEN,34
2016,2016,Aug,8/17/2016,LK,OD,Sand Key Deep,813,813-500-218,1,Juv,PSEU,PSEU,31
2016,2016,Aug,8/17/2016,LK,OD,Sand Key Deep,814,814-100-016,1,Juv,ANTI,ANTI,5
2016,2016,Aug,8/17/2016,LK,OD,Sand Key Deep,814,814-100-016,1,Juv,ANTI,ANTI,38
2016,2016,Aug,8/17/2016,LK,OD,Sand Key Deep,814,814-100-016,1,Juv,PAME,ANTI,23
2016,2016,Aug,8/17/2016,LK,OD,Sand Key Deep,814,814-100-016,1,Juv,EUNI,EUNI,31
2016,2016,Aug,8/17/2016,LK,OD,Sand Key Deep,814,814-100-016,1,Juv,EUNI,EUNI,8
2016,2016,Aug,8/17/2016,LK,OD,Sand Key Deep,814,814-100-016,1,Juv,EUNI,EUNI,25
2016,2016,Aug,8/17/2016,LK,OD,Sand Key Deep,814,814-100-016,1,Juv,EUNI,EUNI,15
2016,2016,Aug,8/17/2016,LK,OD,Sand Key Deep,814,814-100-016,1,Juv,GVEN,GVEN,39
2016,2016,Aug,8/17/2016,LK,OD,Sand Key Deep,814,814-100-016,1,Juv,MURI,MURI,13
2016,2016,Aug,8/17/2016,LK,OD,Sand Key Deep,814,814-100-016,1,Juv,MURI,MURI,30
2016,2016,Aug,8/17/2016,LK,OD,Sand Key Deep,814,814-100-016,1,Juv,PPOR,PSEU,36
2016,2016,Aug,8/17/2016,LK,OD,Sand Key Deep,814,814-100-044,1,Juv,EUNI,EUNI,25
2016,2016,Aug,8/17/2016,LK,OD,Sand Key Deep,814,814-100-044,1,Juv,EUNI,EUNI,32
2016,2016,Aug,8/17/2016,LK,OD,Sand Key Deep,814,814-100-044,1,Juv,PPOR,PSEU,5
2016,2016,Aug,8/17/2016,LK,OD,Sand Key Deep,814,814-100-099,1,Juv,GVEN,GVEN,20
2016,2016,Aug,8/17/2016,LK,OD,Sand Key Deep,814,814-100-099,1,Juv,GVEN,GVEN,29
2016,2016,Aug,8/17/2016,LK,OD,Sand Key Deep,814,814-100-099,1,Juv,GVEN,GVEN,19
2016,2016,Aug,8/17/2016,LK,OD,Sand Key Deep,814,814-100-099,1,Juv,GVEN,GVEN,25
2016,2016,Aug,8/17/2016,LK,OD,Sand Key Deep,814,814-100-099,1,Juv,GVEN,GVEN,14
2016,2016,Aug,8/17/2016,LK,OD,Sand Key Deep,814,814-100-099,1,Juv,GVEN,GVEN,5
2016,2016,Aug,8/17/2016,LK,OD,Sand Key Deep,814,814-100-178,1,Juv,PAME,ANTI,20
2016,2016,Aug,8/17/2016,LK,OD,Sand Key Deep,814,814-100-178,1,Juv,EUNI,EUNI,3
2016,2016,Aug,8/17/2016,LK,OD,Sand Key Deep,814,814-500-027,1,Juv,ANTI,ANTI,4
2016,2016,Aug,8/17/2016,LK,OD,Sand Key Deep,814,814-500-027,1,Juv,EUNI,EUNI,5
2016,2016,Aug,8/17/2016,LK,OD,Sand Key Deep,814,814-500-027,1,Juv,EUNI,EUNI,39
2016,2016,Aug,8/17/2016,LK,OD,Sand Key Deep,814,814-500-027,1,Juv,GVEN,GVEN,30
2016,2016,Aug,8/17/2016,LK,OD,Sand Key Deep,814,814-500-027,1,Juv,GVEN,GVEN,30
2016,2016,Aug,8/17/2016,LK,OD,Sand Key Deep,814,814-500-027,1,Juv,MURI,MURI,30
2016,2016,Aug,8/17/2016,LK,OD,Sand Key Deep,814,814-500-054,1,Juv,EUNI,EUNI,20
2016,2016,Aug,8/17/2016,LK,OD,Sand Key Deep,814,814-500-054,1,Juv,GVEN,GVEN,27
2016,2016,Aug,8/17/2016,LK,OD,Sand Key Deep,814,814-500-054,1,Juv,GVEN,GVEN,31
2016,2016,Aug,8/17/2016,LK,OD,Sand Key Deep,814,814-500-054,1,Juv,GVEN,GVEN,13
2016,2016,Aug,8/17/2016,LK,OD,Sand Key Deep,814,814-500-054,1,Juv,GVEN,GVEN,29
2016,2016,Aug,8/17/2016,LK,OD,Sand Key Deep,814,814-500-054,1,Juv,UNKO,UNKO,2
2016,2016,Aug,8/17/2016,LK,OD,Sand Key Deep,814,814-500-117,1,Juv,ANTI,ANTI,3
2016,2016,Aug,8/17/2016,LK,OD,Sand Key Deep,814,814-500-117,1,Juv,PAME,ANTI,11
2016,2016,Aug,8/17/2016,LK,OD,Sand Key Deep,814,814-500-117,1,Juv,EUNI,EUNI,3
2016,2016,Aug,8/17/2016,LK,OD,Sand Key Deep,814,814-500-117,1,Juv,EUNI,EUNI,16
2016,2016,Aug,8/17/2016,LK,OD,Sand Key Deep,814,814-500-117,1,Juv,EUNI,EUNI,33
2016,2016,Aug,8/17/2016,LK,OD,Sand Key Deep,814,814-500-117,1,Juv,MURI,MURI,12
2016,2016,Aug,8/17/2016,LK,OD,Sand Key Deep,814,814-500-117,1,Juv,PPOR,PSEU,32
2016,2016,Aug,8/17/2016,LK,OD,Sand Key Deep,814,814-500-178,1,Juv,PSEU,PSEU,24
2016,2016,Nov,11/4/2016,SEFL,Nearshore,BC1,BC11,BC11-100-035,1,Juv,BRIA,BRIA,9
2016,2016,Nov,11/4/2016,SEFL,Nearshore,BC1,BC11,BC11-100-035,1,Juv,EUNI,EUNI,38
2016,2016,Nov,11/4/2016,SEFL,Nearshore,BC1,BC11,BC11-100-035,1,Juv,EUNI,EUNI,37
2016,2016,Nov,11/4/2016,SEFL,Nearshore,BC1,BC11,BC11-100-035,1,Juv,EUNI,EUNI,28
2016,2016,Nov,11/4/2016,SEFL,Nearshore,BC1,BC11,BC11-100-044,0,NA,NA,NA,NA
2016,2016,Nov,11/4/2016,SEFL,Nearshore,BC1,BC11,BC11-100-096,1,Juv,UNKO,UNKO,4
2016,2016,Nov,11/4/2016,SEFL,Nearshore,BC1,BC11,BC11-500-008,1,Juv,BRIA,BRIA,5
2016,2016,Nov,11/4/2016,SEFL,Nearshore,BC1,BC11,BC11-500-008,1,Juv,EUNI,EUNI,38
2016,2016,Nov,11/4/2016,SEFL,Nearshore,BC1,BC11,BC11-500-008,1,Juv,EUNI,EUNI,36
2016,2016,Nov,11/4/2016,SEFL,Nearshore,BC1,BC11,BC11-500-008,1,Juv,EUNI,EUNI,26
2016,2016,Nov,11/4/2016,SEFL,Nearshore,BC1,BC11,BC11-500-018,1,Juv,ECAL,EUNI,14
2016,2016,Nov,11/4/2016,SEFL,Nearshore,BC1,BC11,BC11-500-018,1,Juv,MURI,MURI,39
2016,2016,Nov,11/4/2016,SEFL,Nearshore,BC1,BC11,BC11-500-049,1,Juv,PPOR,PSEU,12
2016,2016,Nov,11/4/2016,SEFL,Nearshore,BC1,BC11,BC11-500-049,1,Juv,UNKO,UNKO,4
2016,2016,Nov,11/4/2016,SEFL,Nearshore,BC1,BC11,BC11-500-049,1,Juv,UNKO,UNKO,1
2016,2016,Nov,11/4/2016,SEFL,Nearshore,BC1,BC11,BC11-500-075,0,NA,NA,NA,NA
2016,2016,Nov,11/4/2016,SEFL,Nearshore,BC1,BC11,BC11-500-090,0,NA,NA,NA,NA
2016,2016,Nov,11/4/2016,SEFL,Nearshore,BC1,BC12,BC12-100-043,1,Juv,BRIA,BRIA,2
2016,2016,Nov,11/4/2016,SEFL,Nearshore,BC1,BC12,BC12-100-043,1,Juv,BRIA,BRIA,2
2016,2016,Nov,11/4/2016,SEFL,Nearshore,BC1,BC12,BC12-100-043,1,Juv,ECAL,EUNI,23
2016,2016,Nov,11/4/2016,SEFL,Nearshore,BC1,BC12,BC12-100-053,1,Juv,ECAL,EUNI,33
2016,2016,Nov,11/4/2016,SEFL,Nearshore,BC1,BC12,BC12-100-053,1,Juv,EUNI,EUNI,11
2016,2016,Nov,11/4/2016,SEFL,Nearshore,BC1,BC12,BC12-100-142,0,NA,NA,NA,NA
2016,2016,Nov,11/4/2016,SEFL,Nearshore,BC1,BC12,BC12-100-221,1,Juv,BRIA,BRIA,25
2016,2016,Nov,11/4/2016,SEFL,Nearshore,BC1,BC12,BC12-100-221,1,Juv,PFLE,EUNI,35
2016,2016,Nov,11/4/2016,SEFL,Nearshore,BC1,BC12,BC12-500-014,1,Juv,BRIA,BRIA,32
2016,2016,Nov,11/4/2016,SEFL,Nearshore,BC1,BC12,BC12-500-014,1,Juv,BRIA,BRIA,10
2016,2016,Nov,11/4/2016,SEFL,Nearshore,BC1,BC12,BC12-500-014,1,Juv,BRIA,BRIA,38
2016,2016,Nov,11/4/2016,SEFL,Nearshore,BC1,BC12,BC12-500-014,1,Juv,BRIA,BRIA,28
2016,2016,Nov,11/4/2016,SEFL,Nearshore,BC1,BC12,BC12-500-014,1,Juv,PFLE,EUNI,38
2016,2016,Nov,11/4/2016,SEFL,Nearshore,BC1,BC12,BC12-500-014,1,Juv,PFLE,EUNI,23
2016,2016,Nov,11/4/2016,SEFL,Nearshore,BC1,BC12,BC12-500-014,1,Juv,PFLE,EUNI,31
2016,2016,Nov,11/4/2016,SEFL,Nearshore,BC1,BC12,BC12-500-014,1,Juv,PFLE,EUNI,27
2016,2016,Nov,11/4/2016,SEFL,Nearshore,BC1,BC12,BC12-500-014,1,Juv,PFLE,EUNI,38
2016,2016,Nov,11/4/2016,SEFL,Nearshore,BC1,BC12,BC12-500-014,1,Juv,PFLE,EUNI,35
2016,2016,Nov,11/4/2016,SEFL,Nearshore,BC1,BC12,BC12-500-043,1,Juv,BRIA,BRIA,20
2016,2016,Nov,11/4/2016,SEFL,Nearshore,BC1,BC12,BC12-500-043,1,Juv,PFLE,EUNI,27
2016,2016,Nov,11/4/2016,SEFL,Nearshore,BC1,BC12,BC12-500-129,1,Juv,BRIA,BRIA,2
2016,2016,Nov,11/4/2016,SEFL,Nearshore,BC1,BC12,BC12-500-129,1,Juv,PFLE,EUNI,15
2016,2016,Nov,11/4/2016,SEFL,Nearshore,BC1,BC12,BC12-500-129,1,Juv,UNKO,UNKO,2
2016,2016,Nov,11/4/2016,SEFL,Nearshore,BC1,BC12,BC12-500-171,1,Juv,BRIA,BRIA,16
2016,2016,Nov,11/4/2016,SEFL,Nearshore,BC1,BC12,BC12-500-171,1,Juv,PFLE,EUNI,35
2016,2016,Nov,11/4/2016,SEFL,Nearshore,BC1,BC12,BC12-500-171,1,Juv,PFLE,EUNI,36
2016,2016,Nov,11/4/2016,SEFL,Nearshore,BC1,BC12,BC12-500-171,1,Juv,PFLE,EUNI,23
2016,2016,Nov,11/4/2016,SEFL,Nearshore,BC1,BC12,BC12-500-171,1,Juv,PFLE,EUNI,35
2016,2016,Nov,11/4/2016,SEFL,Nearshore,BC1,BC12,BC12-500-171,1,Juv,PFLE,EUNI,39
2016,2016,Nov,11/4/2016,SEFL,Nearshore,BC1,BC12,BC12-500-171,1,Juv,PFLE,EUNI,17
2016,2016,Nov,11/4/2016,SEFL,Nearshore,BC1,BC12,BC12-500-171,1,Juv,PFLE,EUNI,20
2016,2016,Nov,11/4/2016,SEFL,Nearshore,BC1,BC13,BC13-100-090,1,Juv,BRIA,BRIA,10
2016,2016,Nov,11/4/2016,SEFL,Nearshore,BC1,BC13,BC13-100-090,1,Juv,BRIA,BRIA,2
2016,2016,Nov,11/4/2016,SEFL,Nearshore,BC1,BC13,BC13-100-090,1,Juv,BRIA,BRIA,5
2016,2016,Nov,11/4/2016,SEFL,Nearshore,BC1,BC13,BC13-100-090,1,Juv,BRIA,BRIA,4
2016,2016,Nov,11/4/2016,SEFL,Nearshore,BC1,BC13,BC13-100-090,1,Juv,BRIA,BRIA,5
2016,2016,Nov,11/4/2016,SEFL,Nearshore,BC1,BC13,BC13-100-090,1,Juv,UNKO,UNKO,4
2016,2016,Nov,11/4/2016,SEFL,Nearshore,BC1,BC13,BC13-100-090,1,Juv,UNKO,UNKO,1
2016,2016,Nov,11/4/2016,SEFL,Nearshore,BC1,BC13,BC13-100-090,1,Juv,UNKO,UNKO,3
2016,2016,Nov,11/4/2016,SEFL,Nearshore,BC1,BC13,BC13-100-151,0,NA,NA,NA,NA
2016,2016,Nov,11/4/2016,SEFL,Nearshore,BC1,BC13,BC13-100-187,1,Juv,BRIA,BRIA,2
2016,2016,Nov,11/4/2016,SEFL,Nearshore,BC1,BC13,BC13-100-187,1,Juv,UNKO,UNKO,3
2016,2016,Nov,11/4/2016,SEFL,Nearshore,BC1,BC13,BC13-100-208,0,NA,NA,NA,NA
2016,2016,Nov,11/4/2016,SEFL,Nearshore,BC1,BC13,BC13-500-040,1,Juv,UNKO,UNKO,3
2016,2016,Nov,11/4/2016,SEFL,Nearshore,BC1,BC13,BC13-500-040,1,Juv,UNKO,UNKO,2
2016,2016,Nov,11/4/2016,SEFL,Nearshore,BC1,BC13,BC13-500-089,1,Juv,BRIA,BRIA,4
2016,2016,Nov,11/4/2016,SEFL,Nearshore,BC1,BC13,BC13-500-089,1,Juv,ECAL,EUNI,24
2016,2016,Nov,11/4/2016,SEFL,Nearshore,BC1,BC13,BC13-500-089,1,Juv,EUNI,EUNI,9
2016,2016,Nov,11/4/2016,SEFL,Nearshore,BC1,BC13,BC13-500-089,1,Juv,PSEU,PSEU,14
2016,2016,Nov,11/4/2016,SEFL,Nearshore,BC1,BC13,BC13-500-162,1,Juv,BRIA,BRIA,6
2016,2016,Nov,11/4/2016,SEFL,Nearshore,BC1,BC13,BC13-500-162,1,Juv,PSEU,PSEU,11
2016,2016,Nov,11/4/2016,SEFL,Nearshore,BC1,BC13,BC13-500-198,1,Juv,EUNI,EUNI,23
2016,2016,Nov,11/4/2016,SEFL,Nearshore,BC1,BC13,BC13-500-198,1,Juv,EUNI,EUNI,6
2016,2016,Nov,11/4/2016,SEFL,Nearshore,BC1,BC13,BC13-500-198,1,Juv,PLEL,PLEL,38
2016,2016,Nov,11/4/2016,SEFL,Nearshore,BC1,BC13,BC13-500-198,1,Juv,UNKO,UNKO,3
2016,2016,Nov,11/4/2016,SEFL,Nearshore,BC1,BC13,BC13-500-198,1,Juv,UNKO,UNKO,5
2016,2016,Nov,11/11/2016,SEFL,Nearshore,BC1,BC14,BC14-100-049,1,Juv,BRIA,BRIA,5
2016,2016,Nov,11/11/2016,SEFL,Nearshore,BC1,BC14,BC14-100-049,1,Juv,EUNI,EUNI,19
2016,2016,Nov,11/11/2016,SEFL,Nearshore,BC1,BC14,BC14-100-049,1,Juv,EUNI,EUNI,9
2016,2016,Nov,11/11/2016,SEFL,Nearshore,BC1,BC14,BC14-100-049,1,Juv,EUNI,EUNI,10
2016,2016,Nov,11/11/2016,SEFL,Nearshore,BC1,BC14,BC14-100-081,1,Juv,BRIA,BRIA,7
2016,2016,Nov,11/11/2016,SEFL,Nearshore,BC1,BC14,BC14-100-185,1,Juv,EUNI,EUNI,4
2016,2016,Nov,11/11/2016,SEFL,Nearshore,BC1,BC14,BC14-100-185,1,Juv,EUNI,EUNI,11
2016,2016,Nov,11/11/2016,SEFL,Nearshore,BC1,BC14,BC14-100-185,1,Juv,EUNI,EUNI,16
2016,2016,Nov,11/11/2016,SEFL,Nearshore,BC1,BC14,BC14-100-209,1,Juv,EUNI,EUNI,13
2016,2016,Nov,11/11/2016,SEFL,Nearshore,BC1,BC14,BC14-500-026,1,Juv,BRIA,BRIA,21
2016,2016,Nov,11/11/2016,SEFL,Nearshore,BC1,BC14,BC14-500-026,1,Juv,UNKO,UNKO,2
2016,2016,Nov,11/11/2016,SEFL,Nearshore,BC1,BC14,BC14-500-082,1,Juv,EUNI,EUNI,14
2016,2016,Nov,11/11/2016,SEFL,Nearshore,BC1,BC14,BC14-500-082,1,Juv,EUNI,EUNI,23
2016,2016,Nov,11/11/2016,SEFL,Nearshore,BC1,BC14,BC14-500-082,1,Juv,PLEL,PLEL,11
2016,2016,Nov,11/11/2016,SEFL,Nearshore,BC1,BC14,BC14-500-082,1,Juv,PLEL,PLEL,18
2016,2016,Nov,11/11/2016,SEFL,Nearshore,BC1,BC14,BC14-500-082,1,Juv,PLEL,PLEL,11
2016,2016,Nov,11/11/2016,SEFL,Nearshore,BC1,BC14,BC14-500-104,1,Juv,ECAL,EUNI,10
2016,2016,Nov,11/11/2016,SEFL,Nearshore,BC1,BC14,BC14-500-104,1,Juv,ECAL,EUNI,11
2016,2016,Nov,11/11/2016,SEFL,Nearshore,BC1,BC14,BC14-500-104,1,Juv,EUNI,EUNI,37
2016,2016,Nov,11/11/2016,SEFL,Nearshore,BC1,BC14,BC14-500-104,1,Juv,EUNI,EUNI,35
2016,2016,Nov,11/11/2016,SEFL,Nearshore,BC1,BC14,BC14-500-104,1,Juv,EUNI,EUNI,22
2016,2016,Nov,11/11/2016,SEFL,Nearshore,BC1,BC14,BC14-500-155,1,Juv,EUNI,EUNI,31
2016,2016,Dec,12/1/2016,SEFL,Middle,BC2,BC21,BC21-100-015,1,Juv,PFLE,EUNI,5
2016,2016,Dec,12/1/2016,SEFL,Middle,BC2,BC21,BC21-100-070,1,Juv,BRIA,BRIA,13
2016,2016,Dec,12/1/2016,SEFL,Middle,BC2,BC21,BC21-100-070,1,Juv,BRIA,BRIA,9
2016,2016,Dec,12/1/2016,SEFL,Middle,BC2,BC21,BC21-100-070,1,Juv,BRIA,BRIA,5
2016,2016,Dec,12/1/2016,SEFL,Middle,BC2,BC21,BC21-100-070,1,Juv,BRIA,BRIA,11
2016,2016,Dec,12/1/2016,SEFL,Middle,BC2,BC21,BC21-100-070,1,Juv,UNKO,UNKO,2
2016,2016,Dec,12/1/2016,SEFL,Middle,BC2,BC21,BC21-100-070,1,Juv,UNKO,UNKO,2
2016,2016,Dec,12/1/2016,SEFL,Middle,BC2,BC21,BC21-100-070,1,Juv,UNKO,UNKO,2
2016,2016,Dec,12/1/2016,SEFL,Middle,BC2,BC21,BC21-100-070,1,Juv,UNKO,UNKO,2
2016,2016,Dec,12/1/2016,SEFL,Middle,BC2,BC21,BC21-100-070,1,Juv,UNKO,UNKO,2
2016,2016,Dec,12/1/2016,SEFL,Middle,BC2,BC21,BC21-100-070,1,Juv,UNKO,UNKO,2
2016,2016,Dec,12/1/2016,SEFL,Middle,BC2,BC21,BC21-100-070,1,Juv,UNKO,UNKO,2
2016,2016,Dec,12/1/2016,SEFL,Middle,BC2,BC21,BC21-100-070,1,Juv,UNKO,UNKO,2
2016,2016,Dec,12/1/2016,SEFL,Middle,BC2,BC21,BC21-100-070,1,Juv,UNKO,UNKO,2
2016,2016,Dec,12/1/2016,SEFL,Middle,BC2,BC21,BC21-100-070,1,Juv,UNKO,UNKO,2
2016,2016,Dec,12/1/2016,SEFL,Middle,BC2,BC21,BC21-100-070,1,Juv,UNKO,UNKO,2
2016,2016,Dec,12/1/2016,SEFL,Middle,BC2,BC21,BC21-100-088,1,Juv,BRIA,BRIA,15
2016,2016,Dec,12/1/2016,SEFL,Middle,BC2,BC21,BC21-100-088,1,Juv,BRIA,BRIA,35
2016,2016,Dec,12/1/2016,SEFL,Middle,BC2,BC21,BC21-100-088,1,Juv,BRIA,BRIA,31
2016,2016,Dec,12/1/2016,SEFL,Middle,BC2,BC21,BC21-100-088,1,Juv,PPOR,PSEU,30
2016,2016,Dec,12/1/2016,SEFL,Middle,BC2,BC21,BC21-100-151,1,Juv,BRIA,BRIA,32
2016,2016,Dec,12/1/2016,SEFL,Middle,BC2,BC21,BC21-100-151,1,Juv,BRIA,BRIA,10
2016,2016,Dec,12/1/2016,SEFL,Middle,BC2,BC21,BC21-100-151,1,Juv,BRIA,BRIA,24
2016,2016,Dec,12/1/2016,SEFL,Middle,BC2,BC21,BC21-100-151,1,Juv,PFLE,EUNI,29
2016,2016,Dec,12/1/2016,SEFL,Middle,BC2,BC21,BC21-100-151,1,Juv,PSEU,PSEU,37
2016,2016,Dec,12/1/2016,SEFL,Middle,BC2,BC21,BC21-500-028,1,Juv,UNKO,UNKO,2
2016,2016,Dec,12/1/2016,SEFL,Middle,BC2,BC21,BC21-500-074,1,Juv,BRIA,BRIA,18
2016,2016,Dec,12/1/2016,SEFL,Middle,BC2,BC21,BC21-500-074,1,Juv,BRIA,BRIA,29
2016,2016,Dec,12/1/2016,SEFL,Middle,BC2,BC21,BC21-500-074,1,Juv,BRIA,BRIA,10
2016,2016,Dec,12/1/2016,SEFL,Middle,BC2,BC21,BC21-500-074,1,Juv,BRIA,BRIA,18
2016,2016,Dec,12/1/2016,SEFL,Middle,BC2,BC21,BC21-500-074,1,Juv,EUNI,EUNI,12
2016,2016,Dec,12/1/2016,SEFL,Middle,BC2,BC21,BC21-500-174,1,Juv,EUNI,EUNI,15
2016,2016,Dec,12/1/2016,SEFL,Middle,BC2,BC21,BC21-500-206,1,Juv,ANTI,ANTI,5
2016,2016,Dec,12/1/2016,SEFL,Middle,BC2,BC22,BC22-100-034,1,Juv,ANTI,ANTI,7
2016,2016,Dec,12/1/2016,SEFL,Middle,BC2,BC22,BC22-100-034,1,Juv,PAME,ANTI,38
2016,2016,Dec,12/1/2016,SEFL,Middle,BC2,BC22,BC22-100-034,1,Juv,BRIA,BRIA,3
2016,2016,Dec,12/1/2016,SEFL,Middle,BC2,BC22,BC22-100-034,1,Juv,BRIA,BRIA,3
2016,2016,Dec,12/1/2016,SEFL,Middle,BC2,BC22,BC22-100-034,1,Juv,EUNI,EUNI,19
2016,2016,Dec,12/1/2016,SEFL,Middle,BC2,BC22,BC22-100-034,1,Juv,EUNI,EUNI,20
2016,2016,Dec,12/1/2016,SEFL,Middle,BC2,BC22,BC22-100-034,1,Juv,UNKO,UNKO,2
2016,2016,Dec,12/1/2016,SEFL,Middle,BC2,BC22,BC22-100-034,1,Juv,UNKO,UNKO,4
2016,2016,Dec,12/1/2016,SEFL,Middle,BC2,BC22,BC22-100-064,1,Juv,BRIA,BRIA,4
2016,2016,Dec,12/1/2016,SEFL,Middle,BC2,BC22,BC22-100-064,1,Juv,BRIA,BRIA,3
2016,2016,Dec,12/1/2016,SEFL,Middle,BC2,BC22,BC22-100-064,1,Juv,EUNI,EUNI,14
2016,2016,Dec,12/1/2016,SEFL,Middle,BC2,BC22,BC22-100-064,1,Juv,EUNI,EUNI,9
2016,2016,Dec,12/1/2016,SEFL,Middle,BC2,BC22,BC22-100-064,1,Juv,EUNI,EUNI,29
2016,2016,Dec,12/1/2016,SEFL,Middle,BC2,BC22,BC22-100-064,1,Juv,EUNI,EUNI,10
2016,2016,Dec,12/1/2016,SEFL,Middle,BC2,BC22,BC22-100-064,1,Juv,UNKO,UNKO,2
2016,2016,Dec,12/1/2016,SEFL,Middle,BC2,BC22,BC22-100-064,1,Juv,UNKO,UNKO,9
2016,2016,Dec,12/1/2016,SEFL,Middle,BC2,BC22,BC22-100-064,1,Juv,UNKO,UNKO,14
2016,2016,Dec,12/1/2016,SEFL,Middle,BC2,BC22,BC22-100-064,1,Juv,UNKO,UNKO,17
2016,2016,Dec,12/1/2016,SEFL,Middle,BC2,BC22,BC22-100-137,1,Juv,PAME,ANTI,24
2016,2016,Dec,12/1/2016,SEFL,Middle,BC2,BC22,BC22-100-137,1,Juv,BRIA,BRIA,2
2016,2016,Dec,12/1/2016,SEFL,Middle,BC2,BC22,BC22-100-137,1,Juv,BRIA,BRIA,2
2016,2016,Dec,12/1/2016,SEFL,Middle,BC2,BC22,BC22-100-137,1,Juv,BRIA,BRIA,4
2016,2016,Dec,12/1/2016,SEFL,Middle,BC2,BC22,BC22-100-137,1,Juv,UNKO,UNKO,14
2016,2016,Dec,12/1/2016,SEFL,Middle,BC2,BC22,BC22-100-137,1,Juv,UNKO,UNKO,9
2016,2016,Dec,12/1/2016,SEFL,Middle,BC2,BC22,BC22-100-188,1,Juv,EUNI,EUNI,11
2016,2016,Dec,12/1/2016,SEFL,Middle,BC2,BC22,BC22-100-188,1,Juv,EUNI,EUNI,6
2016,2016,Dec,12/1/2016,SEFL,Middle,BC2,BC22,BC22-100-188,1,Juv,UNKO,UNKO,3
2016,2016,Dec,12/1/2016,SEFL,Middle,BC2,BC22,BC22-100-188,1,Juv,UNKO,UNKO,4
2016,2016,Dec,12/1/2016,SEFL,Middle,BC2,BC22,BC22-100-188,1,Juv,UNKO,UNKO,3
2016,2016,Dec,12/1/2016,SEFL,Middle,BC2,BC22,BC22-500-041,1,Juv,EUNI,EUNI,10
2016,2016,Dec,12/1/2016,SEFL,Middle,BC2,BC22,BC22-500-111,1,Juv,BRIA,BRIA,37
2016,2016,Dec,12/1/2016,SEFL,Middle,BC2,BC22,BC22-500-111,1,Juv,UNKO,UNKO,3
2016,2016,Dec,12/1/2016,SEFL,Middle,BC2,BC22,BC22-500-111,1,Juv,UNKO,UNKO,7
2016,2016,Dec,12/1/2016,SEFL,Middle,BC2,BC22,BC22-500-135,1,Juv,ANTI,ANTI,22
2016,2016,Dec,12/1/2016,SEFL,Middle,BC2,BC22,BC22-500-135,1,Juv,EUNI,EUNI,20
2016,2016,Dec,12/1/2016,SEFL,Middle,BC2,BC22,BC22-500-135,1,Juv,UNKO,UNKO,4
2016,2016,Dec,12/1/2016,SEFL,Middle,BC2,BC22,BC22-500-193,1,Juv,BRIA,BRIA,32
2016,2016,Dec,12/1/2016,SEFL,Middle,BC2,BC22,BC22-500-193,1,Juv,BRIA,BRIA,37
2016,2016,Dec,12/1/2016,SEFL,Middle,BC2,BC22,BC22-500-193,1,Juv,UNKO,UNKO,3
2016,2016,Dec,12/1/2016,SEFL,Middle,BC2,BC22,BC22-500-193,1,Juv,UNKO,UNKO,6
2016,2016,Dec,12/1/2016,SEFL,Middle,BC2,BC22,BC22-500-193,1,Juv,UNKO,UNKO,4
2016,2016,Dec,12/1/2016,SEFL,Middle,BC2,BC22,BC22-500-193,1,Juv,UNKO,UNKO,3
2016,2016,Dec,12/1/2016,SEFL,Middle,BC2,BC23,BC23-100-060,1,Juv,PAME,ANTI,38
2016,2016,Dec,12/1/2016,SEFL,Middle,BC2,BC23,BC23-100-060,1,Juv,BRIA,BRIA,36
2016,2016,Dec,12/1/2016,SEFL,Middle,BC2,BC23,BC23-100-126,1,Juv,BRIA,BRIA,13
2016,2016,Dec,12/1/2016,SEFL,Middle,BC2,BC23,BC23-100-126,1,Juv,BRIA,BRIA,20
2016,2016,Dec,12/1/2016,SEFL,Middle,BC2,BC23,BC23-100-126,1,Juv,BRIA,BRIA,24
2016,2016,Dec,12/1/2016,SEFL,Middle,BC2,BC23,BC23-100-165,1,Juv,BRIA,BRIA,19
2016,2016,Dec,12/1/2016,SEFL,Middle,BC2,BC23,BC23-100-165,1,Juv,BRIA,BRIA,9
2016,2016,Dec,12/1/2016,SEFL,Middle,BC2,BC23,BC23-100-165,1,Juv,BRIA,BRIA,15
2016,2016,Dec,12/1/2016,SEFL,Middle,BC2,BC23,BC23-100-165,1,Juv,EUNI,EUNI,18
2016,2016,Dec,12/1/2016,SEFL,Middle,BC2,BC23,BC23-100-202,1,Juv,BRIA,BRIA,30
2016,2016,Dec,12/1/2016,SEFL,Middle,BC2,BC23,BC23-100-202,1,Juv,UNKO,UNKO,2
2016,2016,Dec,12/1/2016,SEFL,Middle,BC2,BC23,BC23-500-012,1,Juv,BRIA,BRIA,20
2016,2016,Dec,12/1/2016,SEFL,Middle,BC2,BC23,BC23-500-012,1,Juv,BRIA,BRIA,10
2016,2016,Dec,12/1/2016,SEFL,Middle,BC2,BC23,BC23-500-012,1,Juv,BRIA,BRIA,29
2016,2016,Dec,12/1/2016,SEFL,Middle,BC2,BC23,BC23-500-012,1,Juv,BRIA,BRIA,7
2016,2016,Dec,12/1/2016,SEFL,Middle,BC2,BC23,BC23-500-012,1,Juv,EUNI,EUNI,15
2016,2016,Dec,12/1/2016,SEFL,Middle,BC2,BC23,BC23-500-012,1,Juv,PFLE,EUNI,23
2016,2016,Dec,12/1/2016,SEFL,Middle,BC2,BC23,BC23-500-012,1,Juv,UNKO,UNKO,7
2016,2016,Dec,12/1/2016,SEFL,Middle,BC2,BC23,BC23-500-012,1,Juv,UNKO,UNKO,8
2016,2016,Dec,12/1/2016,SEFL,Middle,BC2,BC23,BC23-500-104,1,Juv,BRIA,BRIA,28
2016,2016,Dec,12/1/2016,SEFL,Middle,BC2,BC23,BC23-500-104,1,Juv,BRIA,BRIA,29
2016,2016,Dec,12/1/2016,SEFL,Middle,BC2,BC23,BC23-500-104,1,Juv,BRIA,BRIA,22
2016,2016,Dec,12/1/2016,SEFL,Middle,BC2,BC23,BC23-500-104,1,Juv,BRIA,BRIA,16
2016,2016,Dec,12/1/2016,SEFL,Middle,BC2,BC23,BC23-500-104,1,Juv,BRIA,BRIA,6
2016,2016,Dec,12/1/2016,SEFL,Middle,BC2,BC23,BC23-500-104,1,Juv,BRIA,BRIA,4
2016,2016,Dec,12/1/2016,SEFL,Middle,BC2,BC23,BC23-500-104,1,Juv,EUNI,EUNI,12
2016,2016,Dec,12/1/2016,SEFL,Middle,BC2,BC23,BC23-500-104,1,Juv,UNKO,UNKO,5
2016,2016,Dec,12/1/2016,SEFL,Middle,BC2,BC23,BC23-500-104,1,Juv,UNKO,UNKO,2
2016,2016,Dec,12/1/2016,SEFL,Middle,BC2,BC23,BC23-500-104,1,Juv,UNKO,UNKO,4
2016,2016,Dec,12/1/2016,SEFL,Middle,BC2,BC23,BC23-500-104,1,Juv,UNKO,UNKO,1
2016,2016,Dec,12/1/2016,SEFL,Middle,BC2,BC23,BC23-500-167,1,Juv,BRIA,BRIA,22
2016,2016,Dec,12/1/2016,SEFL,Middle,BC2,BC23,BC23-500-167,1,Juv,BRIA,BRIA,24
2016,2016,Dec,12/1/2016,SEFL,Middle,BC2,BC23,BC23-500-167,1,Juv,BRIA,BRIA,39
2016,2016,Dec,12/1/2016,SEFL,Middle,BC2,BC23,BC23-500-167,1,Juv,BRIA,BRIA,26
2016,2016,Dec,12/1/2016,SEFL,Middle,BC2,BC23,BC23-500-167,1,Juv,BRIA,BRIA,25
2016,2016,Dec,12/1/2016,SEFL,Middle,BC2,BC23,BC23-500-167,1,Juv,BRIA,BRIA,20
2016,2016,Dec,12/1/2016,SEFL,Middle,BC2,BC23,BC23-500-167,1,Juv,BRIA,BRIA,27
2016,2016,Dec,12/1/2016,SEFL,Middle,BC2,BC23,BC23-500-167,1,Juv,BRIA,BRIA,34
2016,2016,Dec,12/1/2016,SEFL,Middle,BC2,BC23,BC23-500-167,1,Juv,UNKO,UNKO,9
2016,2016,Dec,12/1/2016,SEFL,Middle,BC2,BC23,BC23-500-167,1,Juv,UNKO,UNKO,4
2016,2016,Dec,12/1/2016,SEFL,Middle,BC2,BC23,BC23-500-206,1,Juv,PAME,ANTI,27
2016,2016,Dec,12/1/2016,SEFL,Middle,BC2,BC23,BC23-500-206,1,Juv,BRIA,BRIA,35
2016,2016,Dec,12/1/2016,SEFL,Middle,BC2,BC23,BC23-500-206,1,Juv,BRIA,BRIA,6
2016,2016,Dec,12/1/2016,SEFL,Middle,BC2,BC23,BC23-500-206,1,Juv,BRIA,BRIA,16
2016,2016,Dec,12/1/2016,SEFL,Middle,BC2,BC23,BC23-500-206,1,Juv,BRIA,BRIA,21
2016,2016,Dec,12/1/2016,SEFL,Middle,BC2,BC23,BC23-500-206,1,Juv,UNKO,UNKO,7
2016,2016,Dec,12/1/2016,SEFL,Middle,BC2,BC23,BC23-500-206,1,Juv,UNKO,UNKO,5
2016,2016,Dec,12/1/2016,SEFL,Middle,BC2,BC23,BC23-500-206,1,Juv,UNKO,UNKO,2
2016,2016,Dec,12/1/2016,SEFL,Middle,BC2,BC23,BC23-500-206,1,Juv,UNKO,UNKO,9
2016,2016,Dec,12/1/2016,SEFL,Middle,BC2,BC24,BC24-100-024,0,NA,NA,NA,NA
2016,2016,Dec,12/1/2016,SEFL,Middle,BC2,BC24,BC24-100-090,1,Juv,BRIA,BRIA,27
2016,2016,Dec,12/1/2016,SEFL,Middle,BC2,BC24,BC24-100-090,1,Juv,BRIA,BRIA,30
2016,2016,Dec,12/1/2016,SEFL,Middle,BC2,BC24,BC24-100-090,1,Juv,UNKO,UNKO,2
2016,2016,Dec,12/1/2016,SEFL,Middle,BC2,BC24,BC24-100-119,1,Juv,BRIA,BRIA,32
2016,2016,Dec,12/1/2016,SEFL,Middle,BC2,BC24,BC24-100-119,1,Juv,BRIA,BRIA,34
2016,2016,Dec,12/1/2016,SEFL,Middle,BC2,BC24,BC24-100-207,1,Juv,BRIA,BRIA,16
2016,2016,Dec,12/1/2016,SEFL,Middle,BC2,BC24,BC24-500-017,1,Juv,BRIA,BRIA,10
2016,2016,Dec,12/1/2016,SEFL,Middle,BC2,BC24,BC24-500-017,1,Juv,BRIA,BRIA,26
2016,2016,Dec,12/1/2016,SEFL,Middle,BC2,BC24,BC24-500-017,1,Juv,BRIA,BRIA,22
2016,2016,Dec,12/1/2016,SEFL,Middle,BC2,BC24,BC24-500-017,1,Juv,EUNI,EUNI,19
2016,2016,Dec,12/1/2016,SEFL,Middle,BC2,BC24,BC24-500-070,1,Juv,ANTI,ANTI,13
2016,2016,Dec,12/1/2016,SEFL,Middle,BC2,BC24,BC24-500-136,1,Juv,BRIA,BRIA,9
2016,2016,Dec,12/1/2016,SEFL,Middle,BC2,BC24,BC24-500-168,1,Juv,EUNI,EUNI,7
2016,2016,Dec,12/2/2016,SEFL,Outer,BC3,BC31,BC31-100-015,1,Juv,EUNI,EUNI,26
2016,2016,Dec,12/2/2016,SEFL,Outer,BC3,BC31,BC31-100-050,1,Juv,UNKO,UNKO,1
2016,2016,Dec,12/2/2016,SEFL,Outer,BC3,BC31,BC31-100-092,0,NA,NA,NA,NA
2016,2016,Dec,12/2/2016,SEFL,Outer,BC3,BC31,BC31-100-125,1,Juv,EUNI,EUNI,32
2016,2016,Dec,12/2/2016,SEFL,Outer,BC3,BC31,BC31-100-125,1,Juv,UNKO,UNKO,1
2016,2016,Dec,12/2/2016,SEFL,Outer,BC3,BC31,BC31-500-070,1,Juv,EUNI,EUNI,38
2016,2016,Dec,12/2/2016,SEFL,Outer,BC3,BC31,BC31-500-095,1,Juv,EUNI,EUNI,25
2016,2016,Dec,12/2/2016,SEFL,Outer,BC3,BC31,BC31-500-137,1,Juv,BRIA,BRIA,10
2016,2016,Dec,12/2/2016,SEFL,Outer,BC3,BC31,BC31-500-137,1,Juv,BRIA,BRIA,27
2016,2016,Dec,12/2/2016,SEFL,Outer,BC3,BC31,BC31-500-137,1,Juv,EUNI,EUNI,27
2016,2016,Dec,12/2/2016,SEFL,Outer,BC3,BC31,BC31-500-137,1,Juv,EUNI,EUNI,14
2016,2016,Dec,12/2/2016,SEFL,Outer,BC3,BC31,BC31-500-185,0,NA,NA,NA,NA
2016,2016,Dec,12/2/2016,SEFL,Outer,BC3,BC32,BC32-100-014,1,Juv,BRIA,BRIA,35
2016,2016,Dec,12/2/2016,SEFL,Outer,BC3,BC32,BC32-100-014,1,Juv,BRIA,BRIA,10
2016,2016,Dec,12/2/2016,SEFL,Outer,BC3,BC32,BC32-100-014,1,Juv,BRIA,BRIA,23
2016,2016,Dec,12/2/2016,SEFL,Outer,BC3,BC32,BC32-100-014,1,Juv,BRIA,BRIA,39
2016,2016,Dec,12/2/2016,SEFL,Outer,BC3,BC32,BC32-100-014,1,Juv,BRIA,BRIA,23
2016,2016,Dec,12/2/2016,SEFL,Outer,BC3,BC32,BC32-100-014,1,Juv,EUNI,EUNI,18
2016,2016,Dec,12/2/2016,SEFL,Outer,BC3,BC32,BC32-100-014,1,Juv,EUNI,EUNI,18
2016,2016,Dec,12/2/2016,SEFL,Outer,BC3,BC32,BC32-100-014,1,Juv,UNKO,UNKO,3
2016,2016,Dec,12/2/2016,SEFL,Outer,BC3,BC32,BC32-100-014,1,Juv,UNKO,UNKO,9
2016,2016,Dec,12/2/2016,SEFL,Outer,BC3,BC32,BC32-100-085,1,Juv,BRIA,BRIA,22
2016,2016,Dec,12/2/2016,SEFL,Outer,BC3,BC32,BC32-100-085,1,Juv,BRIA,BRIA,25
2016,2016,Dec,12/2/2016,SEFL,Outer,BC3,BC32,BC32-100-085,1,Juv,BRIA,BRIA,10
2016,2016,Dec,12/2/2016,SEFL,Outer,BC3,BC32,BC32-100-085,1,Juv,BRIA,BRIA,22
2016,2016,Dec,12/2/2016,SEFL,Outer,BC3,BC32,BC32-100-085,1,Juv,EUNI,EUNI,14
2016,2016,Dec,12/2/2016,SEFL,Outer,BC3,BC32,BC32-100-085,1,Juv,EUNI,EUNI,15
2016,2016,Dec,12/2/2016,SEFL,Outer,BC3,BC32,BC32-100-085,1,Juv,UNKO,UNKO,4
2016,2016,Dec,12/2/2016,SEFL,Outer,BC3,BC32,BC32-100-085,1,Juv,UNKO,UNKO,4
2016,2016,Dec,12/2/2016,SEFL,Outer,BC3,BC32,BC32-100-085,1,Juv,UNKO,UNKO,5
2016,2016,Dec,12/2/2016,SEFL,Outer,BC3,BC32,BC32-100-085,1,Juv,UNKO,UNKO,2
2016,2016,Dec,12/2/2016,SEFL,Outer,BC3,BC32,BC32-100-085,1,Juv,UNKO,UNKO,3
2016,2016,Dec,12/2/2016,SEFL,Outer,BC3,BC32,BC32-100-085,1,Juv,UNKO,UNKO,7
2016,2016,Dec,12/2/2016,SEFL,Outer,BC3,BC32,BC32-100-132,1,Juv,BRIA,BRIA,20
2016,2016,Dec,12/2/2016,SEFL,Outer,BC3,BC32,BC32-100-132,1,Juv,BRIA,BRIA,15
2016,2016,Dec,12/2/2016,SEFL,Outer,BC3,BC32,BC32-100-162,1,Juv,EUNI,EUNI,25
2016,2016,Dec,12/2/2016,SEFL,Outer,BC3,BC32,BC32-500-013,1,Juv,ECAL,EUNI,6
2016,2016,Dec,12/2/2016,SEFL,Outer,BC3,BC32,BC32-500-013,1,Juv,EUNI,EUNI,38
2016,2016,Dec,12/2/2016,SEFL,Outer,BC3,BC32,BC32-500-013,1,Juv,EUNI,EUNI,31
2016,2016,Dec,12/2/2016,SEFL,Outer,BC3,BC32,BC32-500-013,1,Juv,EUNI,EUNI,14
2016,2016,Dec,12/2/2016,SEFL,Outer,BC3,BC32,BC32-500-013,1,Juv,UNKO,UNKO,1
2016,2016,Dec,12/2/2016,SEFL,Outer,BC3,BC32,BC32-500-013,1,Juv,UNKO,UNKO,2
2016,2016,Dec,12/2/2016,SEFL,Outer,BC3,BC32,BC32-500-013,1,Juv,UNKO,UNKO,7
2016,2016,Dec,12/2/2016,SEFL,Outer,BC3,BC32,BC32-500-054,1,Juv,UNKO,UNKO,2
2016,2016,Dec,12/2/2016,SEFL,Outer,BC3,BC32,BC32-500-117,0,NA,NA,NA,NA
2016,2016,Dec,12/2/2016,SEFL,Outer,BC3,BC32,BC32-500-197,1,Juv,EUNI,EUNI,27
2016,2016,Dec,12/2/2016,SEFL,Outer,BC3,BC32,BC32-500-197,1,Juv,EUNI,EUNI,17
2016,2016,Dec,12/2/2016,SEFL,Outer,BC3,BC32,BC32-500-197,1,Juv,EUNI,EUNI,6
2016,2016,Dec,12/2/2016,SEFL,Outer,BC3,BC33,BC33-100-031,1,Iso,EUNI,EUNI,9
2016,2016,Dec,12/2/2016,SEFL,Outer,BC3,BC33,BC33-100-031,1,Juv,EUNI,EUNI,20
2016,2016,Dec,12/2/2016,SEFL,Outer,BC3,BC33,BC33-100-031,1,Juv,UNKO,UNKO,2
2016,2016,Dec,12/2/2016,SEFL,Outer,BC3,BC33,BC33-100-098,1,Juv,EUNI,EUNI,30
2016,2016,Dec,12/2/2016,SEFL,Outer,BC3,BC33,BC33-100-098,1,Juv,EUNI,EUNI,39
2016,2016,Dec,12/2/2016,SEFL,Outer,BC3,BC33,BC33-100-134,1,Juv,BRIA,BRIA,4
2016,2016,Dec,12/2/2016,SEFL,Outer,BC3,BC33,BC33-100-134,1,Juv,BRIA,BRIA,6
2016,2016,Dec,12/2/2016,SEFL,Outer,BC3,BC33,BC33-100-134,1,Juv,EUNI,EUNI,11
2016,2016,Dec,12/2/2016,SEFL,Outer,BC3,BC33,BC33-100-134,1,Juv,UNKO,UNKO,1
2016,2016,Dec,12/2/2016,SEFL,Outer,BC3,BC33,BC33-100-134,1,Juv,UNKO,UNKO,1
2016,2016,Dec,12/2/2016,SEFL,Outer,BC3,BC33,BC33-100-188,1,Juv,BRIA,BRIA,15
2016,2016,Dec,12/2/2016,SEFL,Outer,BC3,BC33,BC33-100-188,1,Juv,BRIA,BRIA,16
2016,2016,Dec,12/2/2016,SEFL,Outer,BC3,BC33,BC33-100-188,1,Juv,BRIA,BRIA,9
2016,2016,Dec,12/2/2016,SEFL,Outer,BC3,BC33,BC33-100-188,1,Juv,EUNI,EUNI,26
2016,2016,Dec,12/2/2016,SEFL,Outer,BC3,BC33,BC33-100-188,1,Juv,UNKO,UNKO,8
2016,2016,Dec,12/2/2016,SEFL,Outer,BC3,BC33,BC33-100-188,1,Juv,UNKO,UNKO,7
2016,2016,Dec,12/2/2016,SEFL,Outer,BC3,BC33,BC33-100-188,1,Juv,UNKO,UNKO,3
2016,2016,Dec,12/2/2016,SEFL,Outer,BC3,BC33,BC33-100-188,1,Juv,UNKO,UNKO,3
2016,2016,Dec,12/2/2016,SEFL,Outer,BC3,BC33,BC33-100-188,1,Juv,UNKO,UNKO,2
2016,2016,Dec,12/2/2016,SEFL,Outer,BC3,BC33,BC33-500-019,1,Juv,BRIA,BRIA,7
2016,2016,Dec,12/2/2016,SEFL,Outer,BC3,BC33,BC33-500-019,1,Juv,EUNI,EUNI,26
2016,2016,Dec,12/2/2016,SEFL,Outer,BC3,BC33,BC33-500-019,1,Juv,EUNI,EUNI,20
2016,2016,Dec,12/2/2016,SEFL,Outer,BC3,BC33,BC33-500-019,1,Juv,EUNI,EUNI,22
2016,2016,Dec,12/2/2016,SEFL,Outer,BC3,BC33,BC33-500-019,1,Juv,EUNI,EUNI,38
2016,2016,Dec,12/2/2016,SEFL,Outer,BC3,BC33,BC33-500-019,1,Juv,EUNI,EUNI,25
2016,2016,Dec,12/2/2016,SEFL,Outer,BC3,BC33,BC33-500-019,1,Juv,UNKO,UNKO,2
2016,2016,Dec,12/2/2016,SEFL,Outer,BC3,BC33,BC33-500-019,1,Juv,UNKO,UNKO,4
2016,2016,Dec,12/2/2016,SEFL,Outer,BC3,BC33,BC33-500-074,1,Juv,EUNI,EUNI,9
2016,2016,Dec,12/2/2016,SEFL,Outer,BC3,BC33,BC33-500-074,1,Juv,EUNI,EUNI,15
2016,2016,Dec,12/2/2016,SEFL,Outer,BC3,BC33,BC33-500-129,1,Juv,EUNI,EUNI,29
2016,2016,Dec,12/2/2016,SEFL,Outer,BC3,BC33,BC33-500-129,1,Juv,EUNI,EUNI,11
2016,2016,Dec,12/2/2016,SEFL,Outer,BC3,BC33,BC33-500-129,1,Juv,EUNI,EUNI,34
2016,2016,Dec,12/2/2016,SEFL,Outer,BC3,BC33,BC33-500-129,1,Juv,PSEU,PSEU,19
2016,2016,Dec,12/2/2016,SEFL,Outer,BC3,BC33,BC33-500-189,1,Juv,EUNI,EUNI,11
2016,2016,Dec,12/2/2016,SEFL,Outer,BC3,BC34,BC34-100-041,1,Juv,EUNI,EUNI,21
2016,2016,Dec,12/2/2016,SEFL,Outer,BC3,BC34,BC34-100-109,1,Juv,EUNI,EUNI,25
2016,2016,Dec,12/2/2016,SEFL,Outer,BC3,BC34,BC34-100-109,1,Juv,EUNI,EUNI,15
2016,2016,Dec,12/2/2016,SEFL,Outer,BC3,BC34,BC34-100-109,1,Juv,EUNI,EUNI,38
2016,2016,Dec,12/2/2016,SEFL,Outer,BC3,BC34,BC34-100-109,1,Juv,EUNI,EUNI,19
2016,2016,Dec,12/2/2016,SEFL,Outer,BC3,BC34,BC34-100-182,1,Juv,BRIA,BRIA,12
2016,2016,Dec,12/2/2016,SEFL,Outer,BC3,BC34,BC34-100-220,1,Juv,BRIA,BRIA,5
2016,2016,Dec,12/2/2016,SEFL,Outer,BC3,BC34,BC34-100-220,1,Juv,BRIA,BRIA,32
2016,2016,Dec,12/2/2016,SEFL,Outer,BC3,BC34,BC34-100-220,1,Juv,BRIA,BRIA,17
2016,2016,Dec,12/2/2016,SEFL,Outer,BC3,BC34,BC34-100-220,1,Juv,EUNI,EUNI,32
2016,2016,Dec,12/2/2016,SEFL,Outer,BC3,BC34,BC34-100-220,1,Juv,EUNI,EUNI,13
2016,2016,Dec,12/2/2016,SEFL,Outer,BC3,BC34,BC34-100-220,1,Juv,EUNI,EUNI,15
2016,2016,Dec,12/2/2016,SEFL,Outer,BC3,BC34,BC34-500-035,1,Juv,ECAL,EUNI,37
2016,2016,Dec,12/2/2016,SEFL,Outer,BC3,BC34,BC34-500-086,1,Juv,BRIA,BRIA,22
2016,2016,Dec,12/2/2016,SEFL,Outer,BC3,BC34,BC34-500-086,1,Juv,BRIA,BRIA,14
2016,2016,Dec,12/2/2016,SEFL,Outer,BC3,BC34,BC34-500-086,1,Juv,EUNI,EUNI,19
2016,2016,Dec,12/2/2016,SEFL,Outer,BC3,BC34,BC34-500-086,1,Juv,PSEU,PSEU,26
2016,2016,Dec,12/2/2016,SEFL,Outer,BC3,BC34,BC34-500-086,1,Juv,UNKO,UNKO,14
2016,2016,Dec,12/2/2016,SEFL,Outer,BC3,BC34,BC34-500-156,1,Juv,PAME,ANTI,22
2016,2016,Dec,12/2/2016,SEFL,Outer,BC3,BC34,BC34-500-156,1,Juv,BRIA,BRIA,17
2016,2016,Dec,12/2/2016,SEFL,Outer,BC3,BC34,BC34-500-156,1,Juv,BRIA,BRIA,20
2016,2016,Dec,12/2/2016,SEFL,Outer,BC3,BC34,BC34-500-156,1,Juv,BRIA,BRIA,11
2016,2016,Dec,12/2/2016,SEFL,Outer,BC3,BC34,BC34-500-156,1,Juv,BRIA,BRIA,21
2016,2016,Dec,12/2/2016,SEFL,Outer,BC3,BC34,BC34-500-156,1,Juv,UNKO,UNKO,10
2016,2016,Dec,12/2/2016,SEFL,Outer,BC3,BC34,BC34-500-206,1,Juv,BRIA,BRIA,14
2016,2016,Dec,12/2/2016,SEFL,Outer,BC3,BC34,BC34-500-206,1,Juv,BRIA,BRIA,4
2016,2016,Dec,12/2/2016,SEFL,Outer,BC3,BC34,BC34-500-206,1,Juv,BRIA,BRIA,35
2016,2016,Dec,12/2/2016,SEFL,Outer,BC3,BC34,BC34-500-206,1,Juv,EUNI,EUNI,37
2016,2016,Dec,12/2/2016,SEFL,Outer,BC3,BC34,BC34-500-206,1,Juv,EUNI,EUNI,35
2016,2016,Dec,12/2/2016,SEFL,Outer,BC3,BC34,BC34-500-206,1,Juv,EUNI,EUNI,9
2016,2016,Dec,12/2/2016,SEFL,Outer,BC3,BC34,BC34-500-206,1,Juv,MURI,MURI,27
2016,2016,Dec,12/2/2016,SEFL,Outer,BC3,BC34,BC34-500-206,1,Juv,UNKO,UNKO,12
2016,2016,Dec,12/2/2016,SEFL,Outer,BC3,BC34,BC34-500-206,1,Juv,UNKO,UNKO,3
2016,2016,Nov,11/11/2016,SEFL,Inner,BC4,BC41,BC41-100-023,1,Juv,PAME,ANTI,34
2016,2016,Nov,11/11/2016,SEFL,Inner,BC4,BC41,BC41-100-023,1,Juv,PAME,ANTI,34
2016,2016,Nov,11/11/2016,SEFL,Inner,BC4,BC41,BC41-100-023,1,Juv,EUNI,EUNI,8
2016,2016,Nov,11/11/2016,SEFL,Inner,BC4,BC41,BC41-100-076,1,Juv,PAME,ANTI,24
2016,2016,Nov,11/11/2016,SEFL,Inner,BC4,BC41,BC41-100-076,1,Juv,BRIA,BRIA,38
2016,2016,Nov,11/11/2016,SEFL,Inner,BC4,BC41,BC41-100-076,1,Juv,GVEN,GVEN,33
2016,2016,Nov,11/11/2016,SEFL,Inner,BC4,BC41,BC41-100-093,1,Juv,BRIA,BRIA,19
2016,2016,Nov,11/11/2016,SEFL,Inner,BC4,BC41,BC41-100-093,1,Juv,EUNI,EUNI,38
2016,2016,Nov,11/11/2016,SEFL,Inner,BC4,BC41,BC41-100-093,1,Juv,EUNI,EUNI,28
2016,2016,Nov,11/11/2016,SEFL,Inner,BC4,BC41,BC41-100-139,1,Juv,BRIA,BRIA,6
2016,2016,Nov,11/11/2016,SEFL,Inner,BC4,BC41,BC41-100-139,1,Juv,BRIA,BRIA,7
2016,2016,Nov,11/11/2016,SEFL,Inner,BC4,BC41,BC41-100-139,1,Juv,BRIA,BRIA,30
2016,2016,Nov,11/11/2016,SEFL,Inner,BC4,BC41,BC41-100-139,1,Juv,EUNI,EUNI,18
2016,2016,Nov,11/11/2016,SEFL,Inner,BC4,BC41,BC41-500-035,1,Juv,EUNI,EUNI,4
2016,2016,Nov,11/11/2016,SEFL,Inner,BC4,BC41,BC41-500-106,1,Juv,BRIA,BRIA,18
2016,2016,Nov,11/11/2016,SEFL,Inner,BC4,BC41,BC41-500-106,1,Juv,EUNI,EUNI,15
2016,2016,Nov,11/11/2016,SEFL,Inner,BC4,BC41,BC41-500-106,1,Juv,UNKO,UNKO,3
2016,2016,Nov,11/11/2016,SEFL,Inner,BC4,BC41,BC41-500-106,1,Juv,UNKO,UNKO,2
2016,2016,Nov,11/11/2016,SEFL,Inner,BC4,BC41,BC41-500-106,1,Juv,UNKO,UNKO,2
2016,2016,Nov,11/11/2016,SEFL,Inner,BC4,BC41,BC41-500-106,1,Juv,UNKO,UNKO,1
2016,2016,Nov,11/11/2016,SEFL,Inner,BC4,BC41,BC41-500-126,1,Juv,ANTI/GVEN,AG,6
2016,2016,Nov,11/11/2016,SEFL,Inner,BC4,BC41,BC41-500-126,1,Juv,BRIA,BRIA,14
2016,2016,Nov,11/11/2016,SEFL,Inner,BC4,BC41,BC41-500-126,1,Juv,GVEN,GVEN,6
2016,2016,Nov,11/11/2016,SEFL,Inner,BC4,BC41,BC41-500-126,1,Juv,UNKO,UNKO,1
2016,2016,Nov,11/11/2016,SEFL,Inner,BC4,BC41,BC41-500-126,1,Juv,UNKO,UNKO,1
2016,2016,Nov,11/11/2016,SEFL,Inner,BC4,BC41,BC41-500-126,1,Juv,UNKO,UNKO,1
2016,2016,Nov,11/11/2016,SEFL,Inner,BC4,BC41,BC41-500-211,1,Juv,ANTI/GVEN,AG,3
2016,2016,Nov,11/11/2016,SEFL,Inner,BC4,BC41,BC41-500-211,1,Juv,PAME,ANTI,19
2016,2016,Nov,11/11/2016,SEFL,Inner,BC4,BC41,BC41-500-211,1,Juv,PAME,ANTI,21
2016,2016,Nov,11/11/2016,SEFL,Inner,BC4,BC41,BC41-500-211,1,Juv,BRIA,BRIA,27
2016,2016,Nov,11/11/2016,SEFL,Inner,BC4,BC41,BC41-500-211,1,Juv,UNKO,UNKO,1
2016,2016,Nov,11/11/2016,SEFL,Inner,BC4,BC42,BC42-100-017,1,Juv,UNKO,UNKO,8
2016,2016,Nov,11/11/2016,SEFL,Inner,BC4,BC42,BC42-100-093,1,Juv,BRIA,BRIA,33
2016,2016,Nov,11/11/2016,SEFL,Inner,BC4,BC42,BC42-100-093,1,Juv,EUNI,EUNI,9
2016,2016,Nov,11/11/2016,SEFL,Inner,BC4,BC42,BC42-100-093,1,Juv,PSEU,PSEU,6
2016,2016,Nov,11/11/2016,SEFL,Inner,BC4,BC42,BC42-100-119,1,Juv,PAME,ANTI,35
2016,2016,Nov,11/11/2016,SEFL,Inner,BC4,BC42,BC42-100-119,1,Juv,BRIA,BRIA,10
2016,2016,Nov,11/11/2016,SEFL,Inner,BC4,BC42,BC42-100-119,1,Juv,BRIA,BRIA,15
2016,2016,Nov,11/11/2016,SEFL,Inner,BC4,BC42,BC42-100-119,1,Juv,EUNI,EUNI,5
2016,2016,Nov,11/11/2016,SEFL,Inner,BC4,BC42,BC42-100-119,1,Juv,EUNI,EUNI,5
2016,2016,Nov,11/11/2016,SEFL,Inner,BC4,BC42,BC42-100-119,1,Juv,UNKO,UNKO,5
2016,2016,Nov,11/11/2016,SEFL,Inner,BC4,BC42,BC42-100-151,1,Juv,PAME,ANTI,23
2016,2016,Nov,11/11/2016,SEFL,Inner,BC4,BC42,BC42-100-151,1,Juv,BRIA,BRIA,12
2016,2016,Nov,11/11/2016,SEFL,Inner,BC4,BC42,BC42-100-151,1,Juv,BRIA,BRIA,30
2016,2016,Nov,11/11/2016,SEFL,Inner,BC4,BC42,BC42-100-151,1,Juv,EUNI,EUNI,4
2016,2016,Nov,11/11/2016,SEFL,Inner,BC4,BC42,BC42-500-020,1,Juv,ANTI,ANTI,36
2016,2016,Nov,11/11/2016,SEFL,Inner,BC4,BC42,BC42-500-020,1,Juv,BRIA,BRIA,14
2016,2016,Nov,11/11/2016,SEFL,Inner,BC4,BC42,BC42-500-020,1,Juv,BRIA,BRIA,4
2016,2016,Nov,11/11/2016,SEFL,Inner,BC4,BC42,BC42-500-020,1,Juv,BRIA,BRIA,6
2016,2016,Nov,11/11/2016,SEFL,Inner,BC4,BC42,BC42-500-020,1,Juv,EUNI,EUNI,3
2016,2016,Nov,11/11/2016,SEFL,Inner,BC4,BC42,BC42-500-020,1,Juv,EUNI,EUNI,5
2016,2016,Nov,11/11/2016,SEFL,Inner,BC4,BC42,BC42-500-020,1,Juv,PSEU,PSEU,6
2016,2016,Nov,11/11/2016,SEFL,Inner,BC4,BC42,BC42-500-020,1,Juv,UNKO,UNKO,1
2016,2016,Nov,11/11/2016,SEFL,Inner,BC4,BC42,BC42-500-020,1,Juv,UNKO,UNKO,1
2016,2016,Nov,11/11/2016,SEFL,Inner,BC4,BC42,BC42-500-083,1,Juv,PAME,ANTI,13
2016,2016,Nov,11/11/2016,SEFL,Inner,BC4,BC42,BC42-500-083,1,Juv,BRIA,BRIA,5
2016,2016,Nov,11/11/2016,SEFL,Inner,BC4,BC42,BC42-500-108,1,Juv,EUNI,EUNI,4
2016,2016,Nov,11/11/2016,SEFL,Inner,BC4,BC42,BC42-500-108,1,Juv,EUNI,EUNI,7
2016,2016,Nov,11/11/2016,SEFL,Inner,BC4,BC42,BC42-500-108,1,Juv,EUNI,EUNI,14
2016,2016,Nov,11/11/2016,SEFL,Inner,BC4,BC42,BC42-500-108,1,Juv,EUNI,EUNI,23
2016,2016,Nov,11/11/2016,SEFL,Inner,BC4,BC42,BC42-500-108,1,Juv,UNKO,UNKO,3
2016,2016,Nov,11/11/2016,SEFL,Inner,BC4,BC42,BC42-500-155,1,Juv,BRIA,BRIA,21
2016,2016,Nov,11/11/2016,SEFL,Inner,BC4,BC42,BC42-500-155,1,Juv,BRIA,BRIA,27
2016,2016,Nov,11/11/2016,SEFL,Inner,BC4,BC42,BC42-500-155,1,Juv,BRIA,BRIA,17
2016,2016,Nov,11/11/2016,SEFL,Inner,BC4,BC42,BC42-500-155,1,Juv,BRIA,BRIA,13
2016,2016,Nov,11/11/2016,SEFL,Inner,BC4,BC42,BC42-500-155,1,Juv,EUNI,EUNI,4
2016,2016,Nov,11/11/2016,SEFL,Inner,BC4,BC42,BC42-500-155,1,Juv,UNKO,UNKO,1
2016,2016,Nov,11/11/2016,SEFL,Inner,BC4,BC42,BC42-500-155,1,Juv,UNKO,UNKO,2
2016,2016,Nov,11/11/2016,SEFL,Inner,BC4,BC43,BC43-100-117,1,Juv,BRIA,BRIA,16
2016,2016,Nov,11/11/2016,SEFL,Inner,BC4,BC43,BC43-100-117,1,Juv,ECAL,EUNI,10
2016,2016,Nov,11/11/2016,SEFL,Inner,BC4,BC43,BC43-100-117,1,Juv,EUNI,EUNI,24
2016,2016,Nov,11/11/2016,SEFL,Inner,BC4,BC43,BC43-100-117,1,Juv,EUNI,EUNI,25
2016,2016,Nov,11/11/2016,SEFL,Inner,BC4,BC43,BC43-100-132,1,Juv,PAME,ANTI,8
2016,2016,Nov,11/11/2016,SEFL,Inner,BC4,BC43,BC43-100-163,1,Juv,PAME,ANTI,18
2016,2016,Nov,11/11/2016,SEFL,Inner,BC4,BC43,BC43-100-163,1,Juv,ECAL,EUNI,24
2016,2016,Nov,11/11/2016,SEFL,Inner,BC4,BC43,BC43-100-163,1,Juv,EUNI,EUNI,3
2016,2016,Nov,11/11/2016,SEFL,Inner,BC4,BC43,BC43-100-199,1,Juv,PAME,ANTI,24
2016,2016,Nov,11/11/2016,SEFL,Inner,BC4,BC43,BC43-100-199,1,Juv,BRIA,BRIA,25
2016,2016,Nov,11/11/2016,SEFL,Inner,BC4,BC43,BC43-100-199,1,Juv,BRIA,BRIA,29
2016,2016,Nov,11/11/2016,SEFL,Inner,BC4,BC43,BC43-500-042,1,Juv,UNKO,UNKO,1
2016,2016,Nov,11/11/2016,SEFL,Inner,BC4,BC43,BC43-500-061,1,Juv,ANTI/GVEN,AG,3
2016,2016,Nov,11/11/2016,SEFL,Inner,BC4,BC43,BC43-500-061,1,Juv,BRIA,BRIA,33
2016,2016,Nov,11/11/2016,SEFL,Inner,BC4,BC43,BC43-500-061,1,Juv,UNKO,UNKO,1
2016,2016,Nov,11/11/2016,SEFL,Inner,BC4,BC43,BC43-500-091,1,Juv,BRIA,BRIA,21
2016,2016,Nov,11/11/2016,SEFL,Inner,BC4,BC43,BC43-500-091,1,Juv,BRIA,BRIA,9
2016,2016,Nov,11/11/2016,SEFL,Inner,BC4,BC43,BC43-500-091,1,Juv,UNKO,UNKO,3
2016,2016,Nov,11/11/2016,SEFL,Inner,BC4,BC43,BC43-500-091,1,Juv,UNKO,UNKO,1
2016,2016,Nov,11/11/2016,SEFL,Inner,BC4,BC43,BC43-500-176,1,Juv,UNKO,UNKO,2
2016,2016,Nov,11/11/2016,SEFL,Inner,BC4,BC43,BC43-500-176,1,Juv,UNKO,UNKO,1
2016,2016,Nov,11/11/2016,SEFL,Inner,BC4,BC44,BC44-100-061,1,Juv,BRIA,BRIA,28
2016,2016,Nov,11/11/2016,SEFL,Inner,BC4,BC44,BC44-100-130,1,Juv,BRIA,BRIA,36
2016,2016,Nov,11/11/2016,SEFL,Inner,BC4,BC44,BC44-100-175,1,Juv,BRIA,BRIA,37
2016,2016,Nov,11/11/2016,SEFL,Inner,BC4,BC44,BC44-100-175,1,Juv,EUNI,EUNI,13
2016,2016,Nov,11/11/2016,SEFL,Inner,BC4,BC44,BC44-100-198,1,Juv,EUNI,EUNI,3
2016,2016,Nov,11/11/2016,SEFL,Inner,BC4,BC44,BC44-100-198,1,Juv,EUNI,EUNI,6
2016,2016,Nov,11/11/2016,SEFL,Inner,BC4,BC44,BC44-100-198,1,Juv,EUNI,EUNI,34
2016,2016,Nov,11/11/2016,SEFL,Inner,BC4,BC44,BC44-100-198,1,Juv,EUNI,EUNI,35
2016,2016,Nov,11/11/2016,SEFL,Inner,BC4,BC44,BC44-500-074,1,Juv,BRIA,BRIA,10
2016,2016,Nov,11/11/2016,SEFL,Inner,BC4,BC44,BC44-500-074,1,Juv,UNKO,UNKO,1
2016,2016,Nov,11/11/2016,SEFL,Inner,BC4,BC44,BC44-500-112,1,Juv,ANTI,ANTI,20
2016,2016,Nov,11/11/2016,SEFL,Inner,BC4,BC44,BC44-500-112,1,Juv,BRIA,BRIA,25
2016,2016,Nov,11/11/2016,SEFL,Inner,BC4,BC44,BC44-500-112,1,Juv,BRIA,BRIA,5
2016,2016,Nov,11/11/2016,SEFL,Inner,BC4,BC44,BC44-500-112,1,Juv,BRIA,BRIA,25
2016,2016,Nov,11/11/2016,SEFL,Inner,BC4,BC44,BC44-500-112,1,Juv,BRIA,BRIA,13
2016,2016,Nov,11/11/2016,SEFL,Inner,BC4,BC44,BC44-500-112,1,Juv,UNKO,UNKO,1
2016,2016,Nov,11/11/2016,SEFL,Inner,BC4,BC44,BC44-500-112,1,Juv,UNKO,UNKO,2
2016,2016,Nov,11/11/2016,SEFL,Inner,BC4,BC44,BC44-500-112,1,Juv,UNKO,UNKO,1
2016,2016,Nov,11/11/2016,SEFL,Inner,BC4,BC44,BC44-500-112,1,Juv,UNKO,UNKO,1
2016,2016,Nov,11/11/2016,SEFL,Inner,BC4,BC44,BC44-500-147,1,Juv,PSEU,PSEU,4
2016,2016,Nov,11/11/2016,SEFL,Inner,BC4,BC44,BC44-500-147,1,Juv,UNKO,UNKO,1
2016,2016,Nov,11/11/2016,SEFL,Inner,BC4,BC44,BC44-500-170,1,Juv,BRIA,BRIA,7
2016,2016,Nov,11/11/2016,SEFL,Inner,BC4,BC44,BC44-500-170,1,Juv,BRIA,BRIA,22
2016,2016,Nov,11/11/2016,SEFL,Inner,BC4,BC44,BC44-500-170,1,Juv,UNKO,UNKO,1
2016,2016,Nov,11/9/2016,SEFL,Inner,DC1,DC11,DC11-100-048,1,Juv,UNKO,UNKO,3
2016,2016,Nov,11/9/2016,SEFL,Inner,DC1,DC11,DC11-100-059,0,NA,NA,NA,NA
2016,2016,Nov,11/9/2016,SEFL,Inner,DC1,DC11,DC11-100-082,1,Juv,EUNI,EUNI,22
2016,2016,Nov,11/9/2016,SEFL,Inner,DC1,DC11,DC11-100-171,0,NA,NA,NA,NA
2016,2016,Nov,11/9/2016,SEFL,Inner,DC1,DC11,DC11-500-045,1,Juv,EUNI,EUNI,8
2016,2016,Nov,11/9/2016,SEFL,Inner,DC1,DC11,DC11-500-045,1,Juv,UNKO,UNKO,2
2016,2016,Nov,11/9/2016,SEFL,Inner,DC1,DC11,DC11-500-106,1,Juv,BRIA,BRIA,4
2016,2016,Nov,11/9/2016,SEFL,Inner,DC1,DC11,DC11-500-106,1,Juv,BRIA,BRIA,11
2016,2016,Nov,11/9/2016,SEFL,Inner,DC1,DC11,DC11-500-106,1,Juv,EUNI,EUNI,38
2016,2016,Nov,11/9/2016,SEFL,Inner,DC1,DC11,DC11-500-106,1,Juv,UNKO,UNKO,2
2016,2016,Nov,11/9/2016,SEFL,Inner,DC1,DC11,DC11-500-106,1,Juv,UNKO,UNKO,1
2016,2016,Nov,11/9/2016,SEFL,Inner,DC1,DC11,DC11-500-138,1,Juv,BRIA,BRIA,11
2016,2016,Nov,11/9/2016,SEFL,Inner,DC1,DC11,DC11-500-138,1,Juv,UNKO,UNKO,1
2016,2016,Nov,11/9/2016,SEFL,Inner,DC1,DC11,DC11-500-204,1,Juv,BRIA,BRIA,4
2016,2016,Nov,11/9/2016,SEFL,Inner,DC1,DC11,DC11-500-204,1,Juv,BRIA,BRIA,4
2016,2016,Nov,11/9/2016,SEFL,Inner,DC1,DC11,DC11-500-204,1,Juv,EUNI,EUNI,32
2016,2016,Nov,11/9/2016,SEFL,Inner,DC1,DC11,DC11-500-204,1,Juv,PFLE,EUNI,29
2016,2016,Nov,11/9/2016,SEFL,Inner,DC1,DC11,DC11-500-204,1,Juv,UNKO,UNKO,1
2016,2016,Nov,11/9/2016,SEFL,Inner,DC1,DC11,DC11-500-204,1,Juv,UNKO,UNKO,1
2016,2016,Nov,11/9/2016,SEFL,Inner,DC1,DC11,DC11-500-204,1,Juv,UNKO,UNKO,6
2016,2016,Nov,11/9/2016,SEFL,Inner,DC1,DC12,DC12-100-027,0,NA,NA,NA,NA
2016,2016,Nov,11/9/2016,SEFL,Inner,DC1,DC12,DC12-100-087,0,NA,NA,NA,NA
2016,2016,Nov,11/9/2016,SEFL,Inner,DC1,DC12,DC12-100-166,1,Juv,EUNI,EUNI,8
2016,2016,Nov,11/9/2016,SEFL,Inner,DC1,DC12,DC12-100-211,0,NA,NA,NA,NA
2016,2016,Nov,11/9/2016,SEFL,Inner,DC1,DC12,DC12-500-042,0,NA,NA,NA,NA
2016,2016,Nov,11/9/2016,SEFL,Inner,DC1,DC12,DC12-500-071,1,Juv,BRIA,BRIA,24
2016,2016,Nov,11/9/2016,SEFL,Inner,DC1,DC12,DC12-500-071,1,Juv,PFLE,EUNI,28
2016,2016,Nov,11/9/2016,SEFL,Inner,DC1,DC12,DC12-500-071,1,Juv,PFLE,EUNI,35
2016,2016,Nov,11/9/2016,SEFL,Inner,DC1,DC12,DC12-500-071,1,Juv,EUNI,EUNI,2
2016,2016,Nov,11/9/2016,SEFL,Inner,DC1,DC12,DC12-500-166,1,Juv,PAME,ANTI,27
2016,2016,Nov,11/9/2016,SEFL,Inner,DC1,DC12,DC12-500-192,0,NA,NA,NA,NA
2016,2016,Nov,11/9/2016,SEFL,Inner,DC1,DC13,DC13-100-083,1,Juv,EUNI,EUNI,36
2016,2016,Nov,11/9/2016,SEFL,Inner,DC1,DC13,DC13-100-083,1,Juv,PSEU,PSEU,31
2016,2016,Nov,11/9/2016,SEFL,Inner,DC1,DC13,DC13-100-083,1,Juv,UNKO,UNKO,2
2016,2016,Nov,11/9/2016,SEFL,Inner,DC1,DC13,DC13-100-091,1,Juv,BRIA,BRIA,3
2016,2016,Nov,11/9/2016,SEFL,Inner,DC1,DC13,DC13-100-091,1,Juv,EUNI,EUNI,9
2016,2016,Nov,11/9/2016,SEFL,Inner,DC1,DC13,DC13-100-091,1,Juv,EUNI,EUNI,12
2016,2016,Nov,11/9/2016,SEFL,Inner,DC1,DC13,DC13-100-091,1,Juv,PPOR,PSEU,39
2016,2016,Nov,11/9/2016,SEFL,Inner,DC1,DC13,DC13-100-158,0,NA,NA,NA,NA
2016,2016,Nov,11/9/2016,SEFL,Inner,DC1,DC13,DC13-100-186,0,NA,NA,NA,NA
2016,2016,Nov,11/9/2016,SEFL,Inner,DC1,DC13,DC13-500-036,1,Juv,BRIA,BRIA,15
2016,2016,Nov,11/9/2016,SEFL,Inner,DC1,DC13,DC13-500-092,1,Juv,BRIA,BRIA,20
2016,2016,Nov,11/9/2016,SEFL,Inner,DC1,DC13,DC13-500-092,1,Juv,BRIA,BRIA,36
2016,2016,Nov,11/9/2016,SEFL,Inner,DC1,DC13,DC13-500-092,1,Juv,GVEN,GVEN,38
2016,2016,Nov,11/9/2016,SEFL,Inner,DC1,DC13,DC13-500-128,1,Juv,UNKO,UNKO,1
2016,2016,Nov,11/9/2016,SEFL,Inner,DC1,DC13,DC13-500-128,1,Juv,UNKO,UNKO,1
2016,2016,Nov,11/9/2016,SEFL,Inner,DC1,DC13,DC13-500-128,1,Juv,UNKO,UNKO,3
2016,2016,Nov,11/9/2016,SEFL,Inner,DC1,DC13,DC13-500-128,1,Juv,UNKO,UNKO,8
2016,2016,Nov,11/9/2016,SEFL,Inner,DC1,DC13,DC13-500-192,1,Juv,BRIA,BRIA,4
2016,2016,Nov,11/9/2016,SEFL,Inner,DC1,DC13,DC13-500-192,1,Juv,BRIA,BRIA,17
2016,2016,Nov,11/9/2016,SEFL,Inner,DC1,DC13,DC13-500-192,1,Juv,BRIA,BRIA,36
2016,2016,Nov,11/9/2016,SEFL,Inner,DC1,DC13,DC13-500-192,1,Juv,UNKO,UNKO,1
2016,2016,Nov,11/9/2016,SEFL,Inner,DC1,DC14,DC14-100-036,1,Juv,BRIA,BRIA,10
2016,2016,Nov,11/9/2016,SEFL,Inner,DC1,DC14,DC14-100-036,1,Juv,BRIA,BRIA,9
2016,2016,Nov,11/9/2016,SEFL,Inner,DC1,DC14,DC14-100-036,1,Juv,ECAL,EUNI,7
2016,2016,Nov,11/9/2016,SEFL,Inner,DC1,DC14,DC14-100-036,1,Juv,EUNI,EUNI,30
2016,2016,Nov,11/9/2016,SEFL,Inner,DC1,DC14,DC14-100-036,1,Juv,EUNI,EUNI,5
2016,2016,Nov,11/9/2016,SEFL,Inner,DC1,DC14,DC14-100-081,1,Juv,PAME,ANTI,30
2016,2016,Nov,11/9/2016,SEFL,Inner,DC1,DC14,DC14-100-081,1,Juv,PAME,ANTI,22
2016,2016,Nov,11/9/2016,SEFL,Inner,DC1,DC14,DC14-100-081,1,Juv,BRIA,BRIA,10
2016,2016,Nov,11/9/2016,SEFL,Inner,DC1,DC14,DC14-100-144,1,Juv,BRIA,BRIA,16
2016,2016,Nov,11/9/2016,SEFL,Inner,DC1,DC14,DC14-100-144,1,Juv,EUNI,EUNI,20
2016,2016,Nov,11/9/2016,SEFL,Inner,DC1,DC14,DC14-100-184,1,Juv,BRIA,BRIA,16
2016,2016,Nov,11/9/2016,SEFL,Inner,DC1,DC14,DC14-500-022,0,NA,NA,NA,NA
2016,2016,Nov,11/9/2016,SEFL,Inner,DC1,DC14,DC14-500-101,1,Juv,EUNI,EUNI,30
2016,2016,Nov,11/9/2016,SEFL,Inner,DC1,DC14,DC14-500-101,1,Juv,EUNI,EUNI,25
2016,2016,Nov,11/9/2016,SEFL,Inner,DC1,DC14,DC14-500-178,0,NA,NA,NA,NA
2016,2016,Nov,11/9/2016,SEFL,Inner,DC1,DC14,DC14-500-205,1,Juv,ANTI,ANTI,22
2016,2016,Nov,11/10/2016,SEFL,Middle,DC2,DC21,DC21-100-020,1,Juv,EUNI,EUNI,11
2016,2016,Nov,11/10/2016,SEFL,Middle,DC2,DC21,DC21-100-020,1,Juv,UNKO,UNKO,3
2016,2016,Nov,11/10/2016,SEFL,Middle,DC2,DC21,DC21-100-087,1,Juv,BRIA,BRIA,7
2016,2016,Nov,11/10/2016,SEFL,Middle,DC2,DC21,DC21-100-087,1,Juv,BRIA,BRIA,10
2016,2016,Nov,11/10/2016,SEFL,Middle,DC2,DC21,DC21-100-122,1,Juv,UNKO,UNKO,4
2016,2016,Nov,11/10/2016,SEFL,Middle,DC2,DC21,DC21-100-122,1,Juv,UNKO,UNKO,1
2016,2016,Nov,11/10/2016,SEFL,Middle,DC2,DC21,DC21-100-170,0,NA,NA,NA,NA
2016,2016,Nov,11/10/2016,SEFL,Middle,DC2,DC21,DC21-500-036,1,Juv,PFLE,EUNI,36
2016,2016,Nov,11/10/2016,SEFL,Middle,DC2,DC21,DC21-500-036,1,Juv,GVEN,GVEN,35
2016,2016,Nov,11/10/2016,SEFL,Middle,DC2,DC21,DC21-500-036,1,Juv,UNKO,UNKO,4
2016,2016,Nov,11/10/2016,SEFL,Middle,DC2,DC21,DC21-500-036,1,Juv,UNKO,UNKO,2
2016,2016,Nov,11/10/2016,SEFL,Middle,DC2,DC21,DC21-500-066,1,Juv,GVEN,GVEN,26
2016,2016,Nov,11/10/2016,SEFL,Middle,DC2,DC21,DC21-500-066,1,Juv,UNKO,UNKO,1
2016,2016,Nov,11/10/2016,SEFL,Middle,DC2,DC21,DC21-500-066,1,Juv,UNKO,UNKO,1
2016,2016,Nov,11/10/2016,SEFL,Middle,DC2,DC21,DC21-500-084,0,NA,NA,NA,NA
2016,2016,Nov,11/10/2016,SEFL,Middle,DC2,DC21,DC21-500-106,1,Juv,ANTI,ANTI,16
2016,2016,Nov,11/10/2016,SEFL,Middle,DC2,DC21,DC21-500-106,1,Juv,ANTI,ANTI,21
2016,2016,Nov,11/10/2016,SEFL,Middle,DC2,DC22,DC22-100-040,1,Juv,ANTI,ANTI,26
2016,2016,Nov,11/10/2016,SEFL,Middle,DC2,DC22,DC22-100-040,1,Juv,EUNI,EUNI,20
2016,2016,Nov,11/10/2016,SEFL,Middle,DC2,DC22,DC22-100-040,1,Juv,EUNI,EUNI,5
2016,2016,Nov,11/10/2016,SEFL,Middle,DC2,DC22,DC22-100-040,1,Juv,EUNI,EUNI,27
2016,2016,Nov,11/10/2016,SEFL,Middle,DC2,DC22,DC22-100-040,1,Juv,EUNI,EUNI,24
2016,2016,Nov,11/10/2016,SEFL,Middle,DC2,DC22,DC22-100-040,1,Juv,UNKO,UNKO,3
2016,2016,Nov,11/10/2016,SEFL,Middle,DC2,DC22,DC22-100-094,1,Juv,PAME,ANTI,37
2016,2016,Nov,11/10/2016,SEFL,Middle,DC2,DC22,DC22-100-094,1,Juv,ECAL,EUNI,5
2016,2016,Nov,11/10/2016,SEFL,Middle,DC2,DC22,DC22-100-094,1,Juv,UNKO,UNKO,2
2016,2016,Nov,11/10/2016,SEFL,Middle,DC2,DC22,DC22-100-094,1,Juv,UNKO,UNKO,3
2016,2016,Nov,11/10/2016,SEFL,Middle,DC2,DC22,DC22-100-157,1,Juv,GVEN,GVEN,31
2016,2016,Nov,11/10/2016,SEFL,Middle,DC2,DC22,DC22-100-193,0,NA,NA,NA,NA
2016,2016,Nov,11/10/2016,SEFL,Middle,DC2,DC22,DC22-500-002,0,NA,NA,NA,NA
2016,2016,Nov,11/10/2016,SEFL,Middle,DC2,DC22,DC22-500-078,1,Juv,ANTI/GVEN,AG,28
2016,2016,Nov,11/10/2016,SEFL,Middle,DC2,DC22,DC22-500-078,1,Juv,EUNI,EUNI,7
2016,2016,Nov,11/10/2016,SEFL,Middle,DC2,DC22,DC22-500-078,1,Juv,GVEN,GVEN,36
2016,2016,Nov,11/10/2016,SEFL,Middle,DC2,DC22,DC22-500-078,1,Juv,MURI,MURI,20
2016,2016,Nov,11/10/2016,SEFL,Middle,DC2,DC22,DC22-500-078,1,Juv,UNKO,UNKO,2
2016,2016,Nov,11/10/2016,SEFL,Middle,DC2,DC22,DC22-500-078,1,Juv,UNKO,UNKO,2
2016,2016,Nov,11/10/2016,SEFL,Middle,DC2,DC22,DC22-500-109,1,Juv,ANTI/GVEN,AG,20
2016,2016,Nov,11/10/2016,SEFL,Middle,DC2,DC22,DC22-500-109,1,Juv,UNKO,UNKO,1
2016,2016,Nov,11/10/2016,SEFL,Middle,DC2,DC22,DC22-500-109,1,Juv,UNKO,UNKO,2
2016,2016,Nov,11/10/2016,SEFL,Middle,DC2,DC22,DC22-500-109,1,Juv,UNKO,UNKO,1
2016,2016,Nov,11/10/2016,SEFL,Middle,DC2,DC22,DC22-500-134,0,NA,NA,NA,NA
2016,2016,Nov,11/10/2016,SEFL,Middle,DC2,DC23,DC23-100-037,1,Juv,BRIA,BRIA,7
2016,2016,Nov,11/10/2016,SEFL,Middle,DC2,DC23,DC23-100-037,1,Juv,GVEN,GVEN,30
2016,2016,Nov,11/10/2016,SEFL,Middle,DC2,DC23,DC23-100-049,1,Juv,ANTI,ANTI,36
2016,2016,Nov,11/10/2016,SEFL,Middle,DC2,DC23,DC23-100-049,1,Juv,EUNI,EUNI,25
2016,2016,Nov,11/10/2016,SEFL,Middle,DC2,DC23,DC23-100-049,1,Juv,UNKO,UNKO,2
2016,2016,Nov,11/10/2016,SEFL,Middle,DC2,DC23,DC23-100-144,0,NA,NA,NA,NA
2016,2016,Nov,11/10/2016,SEFL,Middle,DC2,DC23,DC23-100-169,1,Juv,BRIA,BRIA,26
2016,2016,Nov,11/10/2016,SEFL,Middle,DC2,DC23,DC23-100-169,1,Juv,EUNI,EUNI,5
2016,2016,Nov,11/10/2016,SEFL,Middle,DC2,DC23,DC23-100-169,1,Juv,EUNI,EUNI,11
2016,2016,Nov,11/10/2016,SEFL,Middle,DC2,DC23,DC23-100-169,1,Juv,EUNI,EUNI,6
2016,2016,Nov,11/10/2016,SEFL,Middle,DC2,DC23,DC23-100-169,1,Juv,MURI,MURI,21
2016,2016,Nov,11/10/2016,SEFL,Middle,DC2,DC23,DC23-100-169,1,Juv,UNKO,UNKO,4
2016,2016,Nov,11/10/2016,SEFL,Middle,DC2,DC23,DC23-500-007,1,Juv,UNKO,UNKO,1
2016,2016,Nov,11/10/2016,SEFL,Middle,DC2,DC23,DC23-500-007,1,Juv,UNKO,UNKO,1
2016,2016,Nov,11/10/2016,SEFL,Middle,DC2,DC23,DC23-500-034,1,Juv,EUNI,EUNI,11
2016,2016,Nov,11/10/2016,SEFL,Middle,DC2,DC23,DC23-500-034,1,Juv,EUNI,EUNI,10
2016,2016,Nov,11/10/2016,SEFL,Middle,DC2,DC23,DC23-500-034,1,Juv,PFLE,EUNI,7
2016,2016,Nov,11/10/2016,SEFL,Middle,DC2,DC23,DC23-500-034,1,Juv,UNKO,UNKO,1
2016,2016,Dec,12/7/2016,SEFL,Middle,DC2,DC23,DC23-500-125,1,Juv,EUNI,EUNI,20
2016,2016,Dec,12/7/2016,SEFL,Middle,DC2,DC23,DC23-500-172,1,Juv,ANTI,ANTI,32
2016,2016,Dec,12/7/2016,SEFL,Middle,DC2,DC23,DC23-500-172,1,Juv,EUNI,EUNI,11
2016,2016,Dec,12/7/2016,SEFL,Middle,DC2,DC24,DC24-100-067,1,Juv,EUNI,EUNI,7
2016,2016,Dec,12/7/2016,SEFL,Middle,DC2,DC24,DC24-100-067,1,Juv,EUNI,EUNI,37
2016,2016,Dec,12/7/2016,SEFL,Middle,DC2,DC24,DC24-100-067,1,Juv,PFLE,EUNI,35
2016,2016,Dec,12/7/2016,SEFL,Middle,DC2,DC24,DC24-100-067,1,Juv,GVEN,GVEN,39
2016,2016,Dec,12/7/2016,SEFL,Middle,DC2,DC24,DC24-100-089,0,NA,NA,NA,NA
2016,2016,Dec,12/7/2016,SEFL,Middle,DC2,DC24,DC24-100-114,0,NA,NA,NA,NA
2016,2016,Dec,12/7/2016,SEFL,Middle,DC2,DC24,DC24-100-191,1,Juv,UNKO,UNKO,4
2016,2016,Dec,12/7/2016,SEFL,Middle,DC2,DC24,DC24-500-045,1,Juv,UNKO,UNKO,3
2016,2016,Dec,12/7/2016,SEFL,Middle,DC2,DC24,DC24-500-120,1,Juv,UNKO,UNKO,2
2016,2016,Dec,12/7/2016,SEFL,Middle,DC2,DC24,DC24-500-154,0,NA,NA,NA,NA
2016,2016,Dec,12/7/2016,SEFL,Middle,DC2,DC24,DC24-500-223,1,Juv,EUNI,EUNI,19
2016,2016,Dec,12/7/2016,SEFL,Outer,DC3,DC31,DC31-100-097,0,NA,NA,NA,NA
2016,2016,Dec,12/7/2016,SEFL,Outer,DC3,DC31,DC31-100-116,1,Juv,ECAL,EUNI,15
2016,2016,Dec,12/7/2016,SEFL,Outer,DC3,DC31,DC31-100-116,1,Juv,EUNI,EUNI,27
2016,2016,Dec,12/7/2016,SEFL,Outer,DC3,DC31,DC31-100-141,1,Juv,ANTI,ANTI,25
2016,2016,Dec,12/7/2016,SEFL,Outer,DC3,DC31,DC31-100-141,1,Iso,EUNI,EUNI,2
2016,2016,Dec,12/7/2016,SEFL,Outer,DC3,DC31,DC31-100-199,0,NA,NA,NA,NA
2016,2016,Dec,12/7/2016,SEFL,Outer,DC3,DC31,DC31-500-133,0,NA,NA,NA,NA
2016,2016,Dec,12/7/2016,SEFL,Outer,DC3,DC31,DC31-500-167,1,Juv,UNKO,UNKO,4
2016,2016,Dec,12/7/2016,SEFL,Outer,DC3,DC31,DC31-500-198,1,Juv,EUNI,EUNI,5
2016,2016,Dec,12/7/2016,SEFL,Outer,DC3,DC31,DC31-500-209,0,NA,NA,NA,NA
2016,2016,Dec,12/7/2016,SEFL,Outer,DC3,DC32,DC32-100-119,0,NA,NA,NA,NA
2016,2016,Dec,12/7/2016,SEFL,Outer,DC3,DC32,DC32-100-131,1,Juv,PAME,ANTI,20
2016,2016,Dec,12/7/2016,SEFL,Outer,DC3,DC32,DC32-100-131,1,Juv,BRIA,BRIA,10
2016,2016,Dec,12/7/2016,SEFL,Outer,DC3,DC32,DC32-100-131,1,Juv,EUNI,EUNI,14
2016,2016,Dec,12/7/2016,SEFL,Outer,DC3,DC32,DC32-100-131,1,Juv,UNKO,UNKO,1
2016,2016,Dec,12/7/2016,SEFL,Outer,DC3,DC32,DC32-100-170,0,NA,NA,NA,NA
2016,2016,Dec,12/7/2016,SEFL,Outer,DC3,DC32,DC32-100-179,1,Juv,EUNI,EUNI,26
2016,2016,Dec,12/7/2016,SEFL,Outer,DC3,DC32,DC32-100-179,1,Juv,UNKO,UNKO,4
2016,2016,Dec,12/7/2016,SEFL,Outer,DC3,DC32,DC32-500-119,1,Juv,EUNI,EUNI,40
2016,2016,Dec,12/7/2016,SEFL,Outer,DC3,DC32,DC32-500-160,1,Juv,UNKO,UNKO,1
2016,2016,Dec,12/7/2016,SEFL,Outer,DC3,DC32,DC32-500-173,0,NA,NA,NA,NA
2016,2016,Dec,12/7/2016,SEFL,Outer,DC3,DC32,DC32-500-208,1,Juv,EUNI,EUNI,27
2016,2016,Dec,12/7/2016,SEFL,Outer,DC3,DC33,DC33-100-112,1,Juv,EUNI,EUNI,13
2016,2016,Dec,12/7/2016,SEFL,Outer,DC3,DC33,DC33-100-112,1,Juv,UNKO,UNKO,3
2016,2016,Dec,12/7/2016,SEFL,Outer,DC3,DC33,DC33-100-155,1,Juv,PAME,ANTI,25
2016,2016,Dec,12/7/2016,SEFL,Outer,DC3,DC33,DC33-100-181,1,Juv,UNKO,UNKO,2
2016,2016,Dec,12/7/2016,SEFL,Outer,DC3,DC33,DC33-100-181,1,Juv,UNKO,UNKO,3
2016,2016,Dec,12/7/2016,SEFL,Outer,DC3,DC33,DC33-100-220,1,Juv,BRIA,BRIA,17
2016,2016,Dec,12/7/2016,SEFL,Outer,DC3,DC33,DC33-100-220,1,Juv,UNKO,UNKO,3
2016,2016,Dec,12/7/2016,SEFL,Outer,DC3,DC33,DC33-100-220,1,Juv,UNKO,UNKO,2
2016,2016,Dec,12/7/2016,SEFL,Outer,DC3,DC33,DC33-100-220,1,Juv,EUNI,EUNI,2
2016,2016,Dec,12/7/2016,SEFL,Outer,DC3,DC33,DC33-500-080,1,Juv,EUNI,EUNI,8
2016,2016,Dec,12/7/2016,SEFL,Outer,DC3,DC33,DC33-500-080,1,Juv,UNKO,UNKO,3
2016,2016,Dec,12/7/2016,SEFL,Outer,DC3,DC33,DC33-500-080,1,Juv,UNKO,UNKO,2
2016,2016,Dec,12/7/2016,SEFL,Outer,DC3,DC33,DC33-500-109,1,Juv,EUNI,EUNI,21
2016,2016,Dec,12/7/2016,SEFL,Outer,DC3,DC33,DC33-500-109,1,Juv,EUNI,EUNI,9
2016,2016,Dec,12/7/2016,SEFL,Outer,DC3,DC33,DC33-500-109,1,Juv,UNKO,UNKO,2
2016,2016,Dec,12/7/2016,SEFL,Outer,DC3,DC33,DC33-500-130,1,Juv,ANTI/GVEN,AG,18
2016,2016,Dec,12/7/2016,SEFL,Outer,DC3,DC33,DC33-500-130,1,Juv,ANTI,ANTI,34
2016,2016,Dec,12/7/2016,SEFL,Outer,DC3,DC33,DC33-500-130,1,Juv,EUNI,EUNI,12
2016,2016,Dec,12/7/2016,SEFL,Outer,DC3,DC33,DC33-500-130,1,Juv,EUNI,EUNI,3
2016,2016,Dec,12/7/2016,SEFL,Outer,DC3,DC33,DC33-500-199,0,NA,NA,NA,NA
2016,2016,Dec,12/7/2016,SEFL,Outer,DC3,DC34,DC34-100-028,1,Juv,BRIA,BRIA,9
2016,2016,Dec,12/7/2016,SEFL,Outer,DC3,DC34,DC34-100-028,1,Juv,BRIA,BRIA,14
2016,2016,Dec,12/7/2016,SEFL,Outer,DC3,DC34,DC34-100-028,1,Juv,UNKO,UNKO,3
2016,2016,Dec,12/7/2016,SEFL,Outer,DC3,DC34,DC34-100-028,1,Juv,UNKO,UNKO,1
2016,2016,Dec,12/7/2016,SEFL,Outer,DC3,DC34,DC34-100-050,1,Juv,UNKO,UNKO,1
2016,2016,Dec,12/7/2016,SEFL,Outer,DC3,DC34,DC34-100-100,0,NA,NA,NA,NA
2016,2016,Dec,12/7/2016,SEFL,Outer,DC3,DC34,DC34-100-171,0,NA,NA,NA,NA
2016,2016,Dec,12/7/2016,SEFL,Outer,DC3,DC34,DC34-500-099,1,Juv,EUNI,EUNI,23
2016,2016,Dec,12/7/2016,SEFL,Outer,DC3,DC34,DC34-500-131,1,Juv,EUNI,EUNI,3
2016,2016,Dec,12/7/2016,SEFL,Outer,DC3,DC34,DC34-500-153,0,NA,NA,NA,NA
2016,2016,Dec,12/7/2016,SEFL,Outer,DC3,DC34,DC34-500-174,1,Juv,BRIA,BRIA,12
2016,2016,Dec,12/7/2016,SEFL,Outer,DC3,DC34,DC34-500-174,1,Juv,PSEU,PSEU,19
2016,2016,Dec,12/14/2016,SEFL,Outer,DC4,DC41,DC41-100-037,1,Juv,UNKO,UNKO,3
2016,2016,Dec,12/14/2016,SEFL,Outer,DC4,DC41,DC41-100-037,1,Juv,UNKO,UNKO,3
2016,2016,Dec,12/14/2016,SEFL,Outer,DC4,DC41,DC41-100-037,1,Juv,UNKO,UNKO,2
2016,2016,Dec,12/14/2016,SEFL,Outer,DC4,DC41,DC41-100-037,1,Juv,UNKO,UNKO,2
2016,2016,Dec,12/14/2016,SEFL,Outer,DC4,DC41,DC41-100-057,1,Juv,GVEN,GVEN,38
2016,2016,Dec,12/14/2016,SEFL,Outer,DC4,DC41,DC41-100-057,1,Juv,EUNI,EUNI,2
2016,2016,Dec,12/14/2016,SEFL,Outer,DC4,DC41,DC41-100-057,1,Juv,UNKO,UNKO,2
2016,2016,Dec,12/14/2016,SEFL,Outer,DC4,DC41,DC41-100-110,1,Juv,ANTI/GVEN,AG,5
2016,2016,Dec,12/14/2016,SEFL,Outer,DC4,DC41,DC41-100-110,1,Juv,PAME,ANTI,34
2016,2016,Dec,12/14/2016,SEFL,Outer,DC4,DC41,DC41-100-110,1,Juv,PSEU,PSEU,19
2016,2016,Dec,12/14/2016,SEFL,Outer,DC4,DC41,DC41-100-168,1,Juv,EUNI,EUNI,17
2016,2016,Dec,12/14/2016,SEFL,Outer,DC4,DC41,DC41-100-168,1,Juv,EUNI,EUNI,19
2016,2016,Dec,12/14/2016,SEFL,Outer,DC4,DC41,DC41-100-168,1,Uns,EUNI,EUNI,15
2016,2016,Dec,12/14/2016,SEFL,Outer,DC4,DC41,DC41-100-168,1,Juv,UNKO,UNKO,2
2016,2016,Dec,12/14/2016,SEFL,Outer,DC4,DC41,DC41-100-168,1,Juv,UNKO,UNKO,2
2016,2016,Dec,12/14/2016,SEFL,Outer,DC4,DC41,DC41-100-168,1,Juv,UNKO,UNKO,1
2016,2016,Dec,12/14/2016,SEFL,Outer,DC4,DC41,DC41-500-027,1,Juv,EUNI,EUNI,25
2016,2016,Dec,12/14/2016,SEFL,Outer,DC4,DC41,DC41-500-027,1,Juv,EUNI,EUNI,22
2016,2016,Dec,12/14/2016,SEFL,Outer,DC4,DC41,DC41-500-027,1,Juv,EUNI,EUNI,2
2016,2016,Dec,12/14/2016,SEFL,Outer,DC4,DC41,DC41-500-054,1,Juv,ANTI,ANTI,25
2016,2016,Dec,12/14/2016,SEFL,Outer,DC4,DC41,DC41-500-054,1,Juv,UNKO,UNKO,2
2016,2016,Dec,12/14/2016,SEFL,Outer,DC4,DC41,DC41-500-083,1,Juv,EUNI,EUNI,4
2016,2016,Dec,12/14/2016,SEFL,Outer,DC4,DC41,DC41-500-083,1,Juv,EUNI,EUNI,5
2016,2016,Dec,12/14/2016,SEFL,Outer,DC4,DC41,DC41-500-083,1,Juv,EUNI,EUNI,5
2016,2016,Dec,12/14/2016,SEFL,Outer,DC4,DC41,DC41-500-083,1,Juv,EUNI,EUNI,2
2016,2016,Dec,12/14/2016,SEFL,Outer,DC4,DC41,DC41-500-083,1,Juv,EUNI,EUNI,4
2016,2016,Dec,12/14/2016,SEFL,Outer,DC4,DC41,DC41-500-162,1,Juv,EUNI,EUNI,8
2016,2016,Dec,12/14/2016,SEFL,Outer,DC4,DC42,DC42-100-017,1,Juv,EUNI,EUNI,26
2016,2016,Dec,12/14/2016,SEFL,Outer,DC4,DC42,DC42-100-017,1,Juv,EUNI,EUNI,20
2016,2016,Dec,12/14/2016,SEFL,Outer,DC4,DC42,DC42-100-057,1,Juv,EUNI,EUNI,10
2016,2016,Dec,12/14/2016,SEFL,Outer,DC4,DC42,DC42-100-057,1,Juv,EUNI,EUNI,27
2016,2016,Dec,12/14/2016,SEFL,Outer,DC4,DC42,DC42-100-057,1,Juv,GVEN,GVEN,34
2016,2016,Dec,12/14/2016,SEFL,Outer,DC4,DC42,DC42-100-139,1,Juv,EUNI,EUNI,20
2016,2016,Dec,12/14/2016,SEFL,Outer,DC4,DC42,DC42-100-139,1,Juv,EUNI,EUNI,9
2016,2016,Dec,12/14/2016,SEFL,Outer,DC4,DC42,DC42-100-139,1,Juv,EUNI,EUNI,30
2016,2016,Dec,12/14/2016,SEFL,Outer,DC4,DC42,DC42-100-139,1,Juv,EUNI,EUNI,19
2016,2016,Dec,12/14/2016,SEFL,Outer,DC4,DC42,DC42-100-139,1,Juv,MURI,MURI,17
2016,2016,Dec,12/14/2016,SEFL,Outer,DC4,DC42,DC42-100-174,1,Juv,EUNI,EUNI,21
2016,2016,Dec,12/14/2016,SEFL,Outer,DC4,DC42,DC42-100-174,1,Juv,ANTI,ANTI,4
2016,2016,Dec,12/14/2016,SEFL,Outer,DC4,DC42,DC42-500-037,0,NA,NA,NA,NA
2016,2016,Dec,12/14/2016,SEFL,Outer,DC4,DC42,DC42-500-100,1,Juv,PFLE,EUNI,27
2016,2016,Dec,12/14/2016,SEFL,Outer,DC4,DC42,DC42-500-133,0,NA,NA,NA,NA
2016,2016,Dec,12/14/2016,SEFL,Outer,DC4,DC42,DC42-500-186,1,Juv,EUNI,EUNI,20
2016,2016,Dec,12/14/2016,SEFL,Outer,DC4,DC42,DC42-500-186,1,Juv,EUNI,EUNI,16
2016,2016,Dec,12/14/2016,SEFL,Outer,DC4,DC42,DC42-500-186,1,Juv,EUNI,EUNI,33
2016,2016,Dec,12/14/2016,SEFL,Outer,DC4,DC42,DC42-500-186,1,Juv,UNKO,UNKO,3
2016,2016,Dec,12/14/2016,SEFL,Outer,DC4,DC43,DC43-100-024,1,Juv,EUNI,EUNI,6
2016,2016,Dec,12/14/2016,SEFL,Outer,DC4,DC43,DC43-100-024,1,Juv,UNKO,UNKO,3
2016,2016,Dec,12/14/2016,SEFL,Outer,DC4,DC43,DC43-100-024,1,Juv,UNKO,UNKO,1
2016,2016,Dec,12/14/2016,SEFL,Outer,DC4,DC43,DC43-100-055,0,NA,NA,NA,NA
2016,2016,Dec,12/14/2016,SEFL,Outer,DC4,DC43,DC43-100-123,1,Juv,UNKO,UNKO,2
2016,2016,Dec,12/14/2016,SEFL,Outer,DC4,DC43,DC43-100-123,1,Juv,UNKO,UNKO,2
2016,2016,Dec,12/14/2016,SEFL,Outer,DC4,DC43,DC43-100-160,1,Juv,UNKO,UNKO,3
2016,2016,Dec,12/14/2016,SEFL,Outer,DC4,DC43,DC43-100-160,1,Juv,UNKO,UNKO,2
2016,2016,Dec,12/14/2016,SEFL,Outer,DC4,DC43,DC43-100-160,1,Juv,UNKO,UNKO,2
2016,2016,Dec,12/14/2016,SEFL,Outer,DC4,DC43,DC43-100-160,1,Juv,UNKO,UNKO,1
2016,2016,Dec,12/14/2016,SEFL,Outer,DC4,DC43,DC43-500-045,1,Juv,PAME,ANTI,8
2016,2016,Dec,12/14/2016,SEFL,Outer,DC4,DC43,DC43-500-045,1,Juv,PAME,ANTI,24
2016,2016,Dec,12/14/2016,SEFL,Outer,DC4,DC43,DC43-500-045,1,Juv,EUNI,EUNI,3
2016,2016,Dec,12/14/2016,SEFL,Outer,DC4,DC43,DC43-500-045,1,Juv,EUNI,EUNI,4
2016,2016,Dec,12/14/2016,SEFL,Outer,DC4,DC43,DC43-500-045,1,Juv,EUNI,EUNI,32
2016,2016,Dec,12/14/2016,SEFL,Outer,DC4,DC43,DC43-500-045,1,Juv,UNKO,UNKO,3
2016,2016,Dec,12/14/2016,SEFL,Outer,DC4,DC43,DC43-500-075,1,Juv,EUNI,EUNI,3
2016,2016,Dec,12/14/2016,SEFL,Outer,DC4,DC43,DC43-500-075,1,Juv,UNKO,UNKO,3
2016,2016,Dec,12/14/2016,SEFL,Outer,DC4,DC43,DC43-500-099,1,Juv,UNKO,UNKO,2
2016,2016,Dec,12/14/2016,SEFL,Outer,DC4,DC43,DC43-500-134,1,Juv,EUNI,EUNI,16
2016,2016,Dec,12/14/2016,SEFL,Outer,DC4,DC44,DC44-100-024,1,Juv,ANTI,ANTI,3
2016,2016,Dec,12/14/2016,SEFL,Outer,DC4,DC44,DC44-100-024,1,Juv,ANTI,ANTI,4
2016,2016,Dec,12/14/2016,SEFL,Outer,DC4,DC44,DC44-100-024,1,Juv,ANTI,ANTI,3
2016,2016,Dec,12/14/2016,SEFL,Outer,DC4,DC44,DC44-100-062,1,Juv,ANTI,ANTI,4
2016,2016,Dec,12/14/2016,SEFL,Outer,DC4,DC44,DC44-100-062,1,Juv,EUNI,EUNI,12
2016,2016,Dec,12/14/2016,SEFL,Outer,DC4,DC44,DC44-100-062,1,Juv,GVEN,GVEN,33
2016,2016,Dec,12/14/2016,SEFL,Outer,DC4,DC44,DC44-100-062,1,Juv,GVEN,GVEN,33
2016,2016,Dec,12/14/2016,SEFL,Outer,DC4,DC44,DC44-100-122,0,NA,NA,NA,NA
2016,2016,Dec,12/14/2016,SEFL,Outer,DC4,DC44,DC44-100-157,1,Juv,PAME,ANTI,5
2016,2016,Dec,12/14/2016,SEFL,Outer,DC4,DC44,DC44-100-157,1,Juv,EUNI,EUNI,9
2016,2016,Dec,12/14/2016,SEFL,Outer,DC4,DC44,DC44-100-157,1,Juv,EUNI,EUNI,4
2016,2016,Dec,12/14/2016,SEFL,Outer,DC4,DC44,DC44-100-157,1,Juv,UNKO,UNKO,2
2016,2016,Dec,12/14/2016,SEFL,Outer,DC4,DC44,DC44-500-018,0,NA,NA,NA,NA
2016,2016,Dec,12/14/2016,SEFL,Outer,DC4,DC44,DC44-500-051,0,NA,NA,NA,NA
2016,2016,Dec,12/14/2016,SEFL,Outer,DC4,DC44,DC44-500-117,1,Juv,ANTI/GVEN,AG,3
2016,2016,Dec,12/14/2016,SEFL,Outer,DC4,DC44,DC44-500-117,1,Juv,UNKO,UNKO,3
2016,2016,Dec,12/14/2016,SEFL,Outer,DC4,DC44,DC44-500-158,1,Juv,EUNI,EUNI,4
2016,2016,Dec,12/14/2016,SEFL,Outer,DC4,DC44,DC44-500-158,1,Juv,UNKO,UNKO,2
2016,2016,Dec,12/1/2016,SEFL,Inner,DC5,DC51,DC51-100-013,1,Juv,PAME,ANTI,22
2016,2016,Dec,12/1/2016,SEFL,Inner,DC5,DC51,DC51-100-013,1,Juv,GVEN,GVEN,30
2016,2016,Dec,12/1/2016,SEFL,Inner,DC5,DC51,DC51-100-057,1,Juv,UNKO,UNKO,2
2016,2016,Dec,12/1/2016,SEFL,Inner,DC5,DC51,DC51-100-057,1,Juv,UNKO,UNKO,4
2016,2016,Dec,12/1/2016,SEFL,Inner,DC5,DC51,DC51-100-057,1,Juv,UNKO,UNKO,3
2016,2016,Dec,12/1/2016,SEFL,Inner,DC5,DC51,DC51-100-057,1,Juv,UNKO,UNKO,1
2016,2016,Dec,12/1/2016,SEFL,Inner,DC5,DC51,DC51-100-076,0,NA,NA,NA,NA
2016,2016,Dec,12/1/2016,SEFL,Inner,DC5,DC51,DC51-100-127,0,NA,NA,NA,NA
2016,2016,Dec,12/1/2016,SEFL,Inner,DC5,DC51,DC51-500-018,1,Juv,UNKO,UNKO,2
2016,2016,Dec,12/1/2016,SEFL,Inner,DC5,DC51,DC51-500-095,1,Juv,ANTI/GVEN,AG,15
2016,2016,Dec,12/1/2016,SEFL,Inner,DC5,DC51,DC51-500-095,1,Juv,UNKO,UNKO,2
2016,2016,Dec,12/1/2016,SEFL,Inner,DC5,DC51,DC51-500-145,1,Juv,ANTI,ANTI,4
2016,2016,Dec,12/1/2016,SEFL,Inner,DC5,DC51,DC51-500-145,1,Juv,UNKO,UNKO,3
2016,2016,Dec,12/1/2016,SEFL,Inner,DC5,DC51,DC51-500-165,1,Juv,ANTI/GVEN,AG,5
2016,2016,Dec,12/1/2016,SEFL,Inner,DC5,DC51,DC51-500-165,1,Juv,PAME,ANTI,11
2016,2016,Dec,12/1/2016,SEFL,Inner,DC5,DC51,DC51-500-165,1,Juv,UNKO,UNKO,1
2016,2016,Dec,12/1/2016,SEFL,Inner,DC5,DC51,DC51-500-165,1,Juv,UNKO,UNKO,1
2016,2016,Dec,12/1/2016,SEFL,Inner,DC5,DC51,DC51-500-165,1,Juv,UNKO,UNKO,2
2016,2016,Dec,12/1/2016,SEFL,Inner,DC5,DC51,DC51-500-165,1,Juv,UNKO,UNKO,2
2016,2016,Dec,12/1/2016,SEFL,Inner,DC5,DC52,DC52-100-059,1,Juv,PSEU,PSEU,12
2016,2016,Dec,12/1/2016,SEFL,Inner,DC5,DC52,DC52-100-059,1,Juv,UNKO,UNKO,2
2016,2016,Dec,12/1/2016,SEFL,Inner,DC5,DC52,DC52-100-104,0,NA,NA,NA,NA
2016,2016,Dec,12/1/2016,SEFL,Inner,DC5,DC52,DC52-100-118,0,NA,NA,NA,NA
2016,2016,Dec,12/1/2016,SEFL,Inner,DC5,DC52,DC52-100-177,1,Juv,EUNI,EUNI,21
2016,2016,Dec,12/1/2016,SEFL,Inner,DC5,DC52,DC52-500-075,0,NA,NA,NA,NA
2016,2016,Dec,12/1/2016,SEFL,Inner,DC5,DC52,DC52-500-104,0,NA,NA,NA,NA
2016,2016,Dec,12/1/2016,SEFL,Inner,DC5,DC52,DC52-500-140,1,Juv,ECAL,EUNI,24
2016,2016,Dec,12/1/2016,SEFL,Inner,DC5,DC52,DC52-500-161,1,Juv,EUNI,EUNI,11
2016,2016,Dec,12/1/2016,SEFL,Inner,DC5,DC53,DC53-100-085,1,Juv,PAME,ANTI,33
2016,2016,Dec,12/1/2016,SEFL,Inner,DC5,DC53,DC53-100-114,1,Juv,EUNI,EUNI,30
2016,2016,Dec,12/1/2016,SEFL,Inner,DC5,DC53,DC53-100-150,1,Juv,EUNI,EUNI,10
2016,2016,Dec,12/1/2016,SEFL,Inner,DC5,DC53,DC53-100-183,1,Juv,PSEU,PSEU,39
2016,2016,Dec,12/1/2016,SEFL,Inner,DC5,DC53,DC53-500-004,0,NA,NA,NA,NA
2016,2016,Dec,12/1/2016,SEFL,Inner,DC5,DC53,DC53-500-084,1,Juv,PAME,ANTI,26
2016,2016,Dec,12/1/2016,SEFL,Inner,DC5,DC53,DC53-500-136,0,NA,NA,NA,NA
2016,2016,Dec,12/1/2016,SEFL,Inner,DC5,DC53,DC53-500-178,1,Juv,ECAL,EUNI,11
2016,2016,Dec,12/1/2016,SEFL,Inner,DC5,DC54,DC54-100-077,0,NA,NA,NA,NA
2016,2016,Dec,12/1/2016,SEFL,Inner,DC5,DC54,DC54-100-089,1,Juv,EUNI,EUNI,30
2016,2016,Dec,12/1/2016,SEFL,Inner,DC5,DC54,DC54-100-123,1,Juv,PAME,ANTI,34
2016,2016,Dec,12/1/2016,SEFL,Inner,DC5,DC54,DC54-100-123,1,Juv,EUNI,EUNI,10
2016,2016,Dec,12/1/2016,SEFL,Inner,DC5,DC54,DC54-100-123,1,Juv,PPOR,PSEU,15
2016,2016,Dec,12/1/2016,SEFL,Inner,DC5,DC54,DC54-100-138,1,Juv,PPOR,PSEU,23
2016,2016,Dec,12/1/2016,SEFL,Inner,DC5,DC54,DC54-500-015,0,NA,NA,NA,NA
2016,2016,Dec,12/1/2016,SEFL,Inner,DC5,DC54,DC54-500-046,1,Juv,ANTI,ANTI,22
2016,2016,Dec,12/1/2016,SEFL,Inner,DC5,DC54,DC54-500-059,0,NA,NA,NA,NA
2016,2016,Dec,12/1/2016,SEFL,Inner,DC5,DC54,DC54-500-168,1,Juv,EUNI,EUNI,6
2016,2016,Dec,12/15/2016,SEFL,Nearshore,DC6,DC61,DC61-100-065,1,Juv,BRIA,BRIA,8
2016,2016,Dec,12/15/2016,SEFL,Nearshore,DC6,DC61,DC61-100-065,1,Juv,BRIA,BRIA,14
2016,2016,Dec,12/15/2016,SEFL,Nearshore,DC6,DC61,DC61-100-065,1,Juv,GVEN,GVEN,39
2016,2016,Dec,12/15/2016,SEFL,Nearshore,DC6,DC61,DC61-100-065,1,Juv,UNKO,UNKO,2
2016,2016,Dec,12/15/2016,SEFL,Nearshore,DC6,DC61,DC61-100-078,1,Juv,BRIA,BRIA,2
2016,2016,Dec,12/15/2016,SEFL,Nearshore,DC6,DC61,DC61-100-137,0,NA,NA,NA,NA
2016,2016,Dec,12/15/2016,SEFL,Nearshore,DC6,DC61,DC61-100-162,1,Juv,BRIA,BRIA,7
2016,2016,Dec,12/15/2016,SEFL,Nearshore,DC6,DC61,DC61-100-162,1,Juv,UNKO,UNKO,1
2016,2016,Dec,12/15/2016,SEFL,Nearshore,DC6,DC61,DC61-500-017,1,Juv,BRIA,BRIA,9
2016,2016,Dec,12/15/2016,SEFL,Nearshore,DC6,DC61,DC61-500-017,1,Juv,BRIA,BRIA,8
2016,2016,Dec,12/15/2016,SEFL,Nearshore,DC6,DC61,DC61-500-091,1,Juv,BRIA,BRIA,10
2016,2016,Dec,12/15/2016,SEFL,Nearshore,DC6,DC61,DC61-500-132,1,Juv,ANTI,ANTI,5
2016,2016,Dec,12/15/2016,SEFL,Nearshore,DC6,DC61,DC61-500-132,1,Juv,PAME,ANTI,16
2016,2016,Dec,12/15/2016,SEFL,Nearshore,DC6,DC61,DC61-500-132,1,Juv,BRIA,BRIA,18
2016,2016,Dec,12/15/2016,SEFL,Nearshore,DC6,DC61,DC61-500-132,1,Juv,UNKO,UNKO,5
2016,2016,Dec,12/15/2016,SEFL,Nearshore,DC6,DC61,DC61-500-184,1,Juv,EUNI,EUNI,4
2016,2016,Dec,12/15/2016,SEFL,Nearshore,DC6,DC61,DC61-500-184,1,Juv,UNKO,UNKO,12
2016,2016,Dec,12/15/2016,SEFL,Nearshore,DC6,DC62,DC62-100-052,0,NA,NA,NA,NA
2016,2016,Dec,12/15/2016,SEFL,Nearshore,DC6,DC62,DC62-100-084,0,NA,NA,NA,NA
2016,2016,Dec,12/15/2016,SEFL,Nearshore,DC6,DC62,DC62-100-141,0,NA,NA,NA,NA
2016,2016,Dec,12/15/2016,SEFL,Nearshore,DC6,DC62,DC62-100-163,0,NA,NA,NA,NA
2016,2016,Dec,12/15/2016,SEFL,Nearshore,DC6,DC62,DC62-500-082,1,Juv,BRIA,BRIA,11
2016,2016,Dec,12/15/2016,SEFL,Nearshore,DC6,DC62,DC62-500-082,1,Juv,UNKO,UNKO,8
2016,2016,Dec,12/15/2016,SEFL,Nearshore,DC6,DC62,DC62-500-114,1,Juv,BRIA,BRIA,10
2016,2016,Dec,12/15/2016,SEFL,Nearshore,DC6,DC62,DC62-500-114,1,Juv,BRIA,BRIA,17
2016,2016,Dec,12/15/2016,SEFL,Nearshore,DC6,DC62,DC62-500-114,1,Juv,UNKO,UNKO,4
2016,2016,Dec,12/15/2016,SEFL,Nearshore,DC6,DC62,DC62-500-114,1,Juv,UNKO,UNKO,6
2016,2016,Dec,12/15/2016,SEFL,Nearshore,DC6,DC62,DC62-500-132,0,NA,NA,NA,NA
2016,2016,Dec,12/15/2016,SEFL,Nearshore,DC6,DC62,DC62-500-205,1,Juv,BRIA,BRIA,10
2016,2016,Dec,12/15/2016,SEFL,Nearshore,DC6,DC62,DC62-500-205,1,Juv,UNKO,UNKO,4
2016,2016,Dec,12/15/2016,SEFL,Nearshore,DC6,DC63,DC63-100-060,1,Juv,BRIA,BRIA,39
2016,2016,Dec,12/15/2016,SEFL,Nearshore,DC6,DC63,DC63-100-060,1,Juv,ECAL,EUNI,36
2016,2016,Dec,12/15/2016,SEFL,Nearshore,DC6,DC63,DC63-100-108,1,Juv,EUNI,EUNI,7
2016,2016,Dec,12/15/2016,SEFL,Nearshore,DC6,DC63,DC63-100-108,1,Juv,EUNI,EUNI,23
2016,2016,Dec,12/15/2016,SEFL,Nearshore,DC6,DC63,DC63-100-108,1,Juv,EUNI,EUNI,9
2016,2016,Dec,12/15/2016,SEFL,Nearshore,DC6,DC63,DC63-100-108,1,Juv,PLEL,PLEL,20
2016,2016,Dec,12/15/2016,SEFL,Nearshore,DC6,DC63,DC63-100-165,1,Juv,BRIA,BRIA,10
2016,2016,Dec,12/15/2016,SEFL,Nearshore,DC6,DC63,DC63-100-165,1,Juv,BRIA,BRIA,1
2016,2016,Dec,12/15/2016,SEFL,Nearshore,DC6,DC63,DC63-100-194,1,Juv,BRIA,BRIA,15
2016,2016,Dec,12/15/2016,SEFL,Nearshore,DC6,DC63,DC63-100-194,1,Juv,BRIA,BRIA,1
2016,2016,Dec,12/15/2016,SEFL,Nearshore,DC6,DC63,DC63-100-194,1,Juv,EUNI,EUNI,10
2016,2016,Dec,12/15/2016,SEFL,Nearshore,DC6,DC63,DC63-100-194,1,Juv,UNKO,UNKO,1
2016,2016,Dec,12/15/2016,SEFL,Nearshore,DC6,DC63,DC63-100-194,1,Juv,UNKO,UNKO,1
2016,2016,Dec,12/15/2016,SEFL,Nearshore,DC6,DC63,DC63-500-046,1,Juv,BRIA,BRIA,10
2016,2016,Dec,12/15/2016,SEFL,Nearshore,DC6,DC63,DC63-500-091,1,Juv,BRIA,BRIA,23
2016,2016,Dec,12/15/2016,SEFL,Nearshore,DC6,DC63,DC63-500-091,1,Juv,PFLE,EUNI,37
2016,2016,Dec,12/15/2016,SEFL,Nearshore,DC6,DC63,DC63-500-142,1,Juv,EUNI,EUNI,19
2016,2016,Dec,12/15/2016,SEFL,Nearshore,DC6,DC63,DC63-500-195,1,Juv,BRIA,BRIA,4
2016,2016,Dec,12/15/2016,SEFL,Nearshore,DC6,DC63,DC63-500-195,1,Juv,BRIA,BRIA,4
2016,2016,Dec,12/15/2016,SEFL,Nearshore,DC6,DC63,DC63-500-195,1,Juv,BRIA,BRIA,14
2016,2016,Dec,12/15/2016,SEFL,Nearshore,DC6,DC63,DC63-500-195,1,Juv,BRIA,BRIA,5
2016,2016,Dec,12/15/2016,SEFL,Nearshore,DC6,DC63,DC63-500-195,1,Juv,BRIA,BRIA,4
2016,2016,Dec,12/15/2016,SEFL,Nearshore,DC6,DC63,DC63-500-195,1,Juv,BRIA,BRIA,6
2016,2016,Dec,12/15/2016,SEFL,Nearshore,DC6,DC63,DC63-500-195,1,Juv,BRIA,BRIA,3
2016,2016,Dec,12/15/2016,SEFL,Nearshore,DC6,DC63,DC63-500-195,1,Juv,BRIA,BRIA,8
2016,2016,Dec,12/15/2016,SEFL,Nearshore,DC6,DC64,DC64-100-097,1,Juv,BRIA,BRIA,10
2016,2016,Dec,12/15/2016,SEFL,Nearshore,DC6,DC64,DC64-100-097,1,Juv,BRIA,BRIA,9
2016,2016,Dec,12/15/2016,SEFL,Nearshore,DC6,DC64,DC64-100-097,1,Juv,BRIA,BRIA,7
2016,2016,Dec,12/15/2016,SEFL,Nearshore,DC6,DC64,DC64-100-097,1,Juv,BRIA,BRIA,9
2016,2016,Dec,12/15/2016,SEFL,Nearshore,DC6,DC64,DC64-100-097,1,Juv,BRIA,BRIA,5
2016,2016,Dec,12/15/2016,SEFL,Nearshore,DC6,DC64,DC64-100-097,1,Juv,EUNI,EUNI,31
2016,2016,Dec,12/15/2016,SEFL,Nearshore,DC6,DC64,DC64-100-097,1,Juv,EUNI,EUNI,26
2016,2016,Dec,12/15/2016,SEFL,Nearshore,DC6,DC64,DC64-100-097,1,Juv,UNKO,UNKO,4
2016,2016,Dec,12/15/2016,SEFL,Nearshore,DC6,DC64,DC64-100-128,1,Juv,EUNI,EUNI,3
2016,2016,Dec,12/15/2016,SEFL,Nearshore,DC6,DC64,DC64-100-128,1,Juv,EUNI,EUNI,6
2016,2016,Dec,12/15/2016,SEFL,Nearshore,DC6,DC64,DC64-100-176,1,Juv,EUNI,EUNI,17
2016,2016,Dec,12/15/2016,SEFL,Nearshore,DC6,DC64,DC64-100-176,1,Juv,EUNI,EUNI,18
2016,2016,Dec,12/15/2016,SEFL,Nearshore,DC6,DC64,DC64-100-176,1,Juv,EUNI,EUNI,23
2016,2016,Dec,12/15/2016,SEFL,Nearshore,DC6,DC64,DC64-100-193,1,Juv,UNKO,UNKO,3
2016,2016,Dec,12/15/2016,SEFL,Nearshore,DC6,DC64,DC64-100-193,1,Juv,UNKO,UNKO,4
2016,2016,Dec,12/15/2016,SEFL,Nearshore,DC6,DC64,DC64-100-193,1,Juv,UNKO,UNKO,9
2016,2016,Dec,12/15/2016,SEFL,Nearshore,DC6,DC64,DC64-500-017,0,NA,NA,NA,NA
2016,2016,Dec,12/15/2016,SEFL,Nearshore,DC6,DC64,DC64-500-056,0,NA,NA,NA,NA
2016,2016,Dec,12/15/2016,SEFL,Nearshore,DC6,DC64,DC64-500-091,1,Juv,BRIA,BRIA,35
2016,2016,Dec,12/15/2016,SEFL,Nearshore,DC6,DC64,DC64-500-091,1,Juv,BRIA,BRIA,32
2016,2016,Dec,12/15/2016,SEFL,Nearshore,DC6,DC64,DC64-500-113,1,Juv,BRIA,BRIA,35
2016,2016,Dec,12/15/2016,SEFL,Nearshore,DC6,DC64,DC64-500-113,1,Juv,EUNI,EUNI,7
2016,2016,Dec,12/8/2016,SEFL,Middle,DC7,DC71,DC71-100-043,0,NA,NA,NA,NA
2016,2016,Dec,12/8/2016,SEFL,Middle,DC7,DC71,DC71-100-085,0,NA,NA,NA,NA
2016,2016,Dec,12/8/2016,SEFL,Middle,DC7,DC71,DC71-100-110,0,NA,NA,NA,NA
2016,2016,Dec,12/8/2016,SEFL,Middle,DC7,DC71,DC71-100-155,1,Juv,EUNI,EUNI,9
2016,2016,Dec,12/8/2016,SEFL,Middle,DC7,DC71,DC71-100-155,1,Juv,EUNI,EUNI,4
2016,2016,Dec,12/8/2016,SEFL,Middle,DC7,DC71,DC71-100-155,1,Juv,EUNI,EUNI,3
2016,2016,Dec,12/8/2016,SEFL,Middle,DC7,DC71,DC71-500-036,1,Juv,BRIA,BRIA,14
2016,2016,Dec,12/8/2016,SEFL,Middle,DC7,DC71,DC71-500-036,1,Juv,BRIA,BRIA,14
2016,2016,Dec,12/8/2016,SEFL,Middle,DC7,DC71,DC71-500-079,1,Juv,EUNI,EUNI,7
2016,2016,Dec,12/8/2016,SEFL,Middle,DC7,DC71,DC71-500-079,1,Juv,UNKO,UNKO,5
2016,2016,Dec,12/8/2016,SEFL,Middle,DC7,DC71,DC71-500-113,1,Juv,BRIA,BRIA,8
2016,2016,Dec,12/8/2016,SEFL,Middle,DC7,DC71,DC71-500-175,1,Juv,UNKO,UNKO,1
2016,2016,Dec,12/8/2016,SEFL,Middle,DC7,DC72,DC72-100-044,1,Juv,BRIA,BRIA,8
2016,2016,Dec,12/8/2016,SEFL,Middle,DC7,DC72,DC72-100-090,1,Juv,BRIA,BRIA,4
2016,2016,Dec,12/8/2016,SEFL,Middle,DC7,DC72,DC72-100-090,1,Juv,BRIA,BRIA,9
2016,2016,Dec,12/8/2016,SEFL,Middle,DC7,DC72,DC72-100-090,1,Juv,EUNI,EUNI,5
2016,2016,Dec,12/8/2016,SEFL,Middle,DC7,DC72,DC72-100-090,1,Juv,PPOR,PSEU,16
2016,2016,Dec,12/8/2016,SEFL,Middle,DC7,DC72,DC72-100-128,1,Juv,BRIA,BRIA,9
2016,2016,Dec,12/8/2016,SEFL,Middle,DC7,DC72,DC72-100-128,1,Juv,BRIA,BRIA,26
2016,2016,Dec,12/8/2016,SEFL,Middle,DC7,DC72,DC72-100-128,1,Juv,BRIA,BRIA,15
2016,2016,Dec,12/8/2016,SEFL,Middle,DC7,DC72,DC72-100-128,1,Juv,BRIA,BRIA,20
2016,2016,Dec,12/8/2016,SEFL,Middle,DC7,DC72,DC72-100-128,1,Juv,EUNI,EUNI,16
2016,2016,Dec,12/8/2016,SEFL,Middle,DC7,DC72,DC72-100-182,1,Juv,BRIA,BRIA,11
2016,2016,Dec,12/8/2016,SEFL,Middle,DC7,DC72,DC72-500-036,0,NA,NA,NA,NA
2016,2016,Dec,12/8/2016,SEFL,Middle,DC7,DC72,DC72-500-099,1,Juv,ANTI,ANTI,4
2016,2016,Dec,12/8/2016,SEFL,Middle,DC7,DC72,DC72-500-153,0,NA,NA,NA,NA
2016,2016,Dec,12/8/2016,SEFL,Middle,DC7,DC72,DC72-500-169,1,Juv,EUNI,EUNI,2
2016,2016,Dec,12/8/2016,SEFL,Middle,DC7,DC72,DC72-500-169,1,Juv,EUNI,EUNI,4
2016,2016,Dec,12/8/2016,SEFL,Middle,DC7,DC72,DC72-500-169,1,Juv,EUNI,EUNI,9
2016,2016,Dec,12/8/2016,SEFL,Middle,DC7,DC72,DC72-500-169,1,Juv,PFLE,EUNI,10
2016,2016,Dec,12/8/2016,SEFL,Middle,DC7,DC72,DC72-500-169,1,Juv,PFLE,EUNI,30
2016,2016,Dec,12/8/2016,SEFL,Middle,DC7,DC72,DC72-500-169,1,Juv,PFLE,EUNI,26
2016,2016,Dec,12/8/2016,SEFL,Middle,DC7,DC73,DC73-100-080,1,Juv,BRIA,BRIA,6
2016,2016,Dec,12/8/2016,SEFL,Middle,DC7,DC73,DC73-100-080,1,Juv,EUNI,EUNI,5
2016,2016,Dec,12/8/2016,SEFL,Middle,DC7,DC73,DC73-100-109,0,NA,NA,NA,NA
2016,2016,Dec,12/8/2016,SEFL,Middle,DC7,DC73,DC73-100-129,0,NA,NA,NA,NA
2016,2016,Dec,12/8/2016,SEFL,Middle,DC7,DC73,DC73-100-196,1,Juv,EUNI,EUNI,14
2016,2016,Dec,12/8/2016,SEFL,Middle,DC7,DC73,DC73-500-059,0,NA,NA,NA,NA
2016,2016,Dec,12/8/2016,SEFL,Middle,DC7,DC73,DC73-500-083,1,Juv,BRIA,BRIA,4
2016,2016,Dec,12/8/2016,SEFL,Middle,DC7,DC73,DC73-500-083,1,Juv,BRIA,BRIA,4
2016,2016,Dec,12/8/2016,SEFL,Middle,DC7,DC73,DC73-500-083,1,Juv,BRIA,BRIA,2
2016,2016,Dec,12/8/2016,SEFL,Middle,DC7,DC73,DC73-500-083,1,Juv,BRIA,BRIA,10
2016,2016,Dec,12/8/2016,SEFL,Middle,DC7,DC73,DC73-500-083,1,Juv,UNKO,UNKO,3
2016,2016,Dec,12/8/2016,SEFL,Middle,DC7,DC73,DC73-500-134,1,Uns,EUNI,EUNI,34
2016,2016,Dec,12/8/2016,SEFL,Middle,DC7,DC73,DC73-500-134,1,Juv,EUNI,EUNI,6
2016,2016,Dec,12/8/2016,SEFL,Middle,DC7,DC73,DC73-500-134,1,Juv,UNKO,UNKO,2
2016,2016,Dec,12/8/2016,SEFL,Middle,DC7,DC73,DC73-500-134,1,Juv,UNKO,UNKO,2
2016,2016,Dec,12/8/2016,SEFL,Middle,DC7,DC73,DC73-500-134,1,Juv,UNKO,UNKO,1
2016,2016,Dec,12/8/2016,SEFL,Middle,DC7,DC73,DC73-500-168,1,Juv,BRIA,BRIA,22
2016,2016,Dec,12/8/2016,SEFL,Middle,DC7,DC74,DC74-100-000,0,NA,NA,NA,NA
2016,2016,Dec,12/8/2016,SEFL,Middle,DC7,DC74,DC74-100-045,1,Juv,BRIA,BRIA,18
2016,2016,Dec,12/8/2016,SEFL,Middle,DC7,DC74,DC74-100-045,1,Juv,BRIA,BRIA,15
2016,2016,Dec,12/8/2016,SEFL,Middle,DC7,DC74,DC74-100-045,1,Juv,BRIA,BRIA,10
2016,2016,Dec,12/8/2016,SEFL,Middle,DC7,DC74,DC74-100-045,1,Juv,EUNI,EUNI,30
2016,2016,Dec,12/8/2016,SEFL,Middle,DC7,DC74,DC74-100-156,1,Juv,BRIA,BRIA,17
2016,2016,Dec,12/8/2016,SEFL,Middle,DC7,DC74,DC74-100-156,1,Juv,BRIA,BRIA,35
2016,2016,Dec,12/8/2016,SEFL,Middle,DC7,DC74,DC74-100-156,1,Juv,EUNI,EUNI,6
2016,2016,Dec,12/8/2016,SEFL,Middle,DC7,DC74,DC74-100-156,1,Juv,EUNI,EUNI,10
2016,2016,Dec,12/8/2016,SEFL,Middle,DC7,DC74,DC74-100-156,1,Juv,EUNI,EUNI,11
2016,2016,Dec,12/8/2016,SEFL,Middle,DC7,DC74,DC74-100-156,1,Juv,PFLE,EUNI,15
2016,2016,Dec,12/8/2016,SEFL,Middle,DC7,DC74,DC74-100-156,1,Juv,PFLE,EUNI,25
2016,2016,Dec,12/8/2016,SEFL,Middle,DC7,DC74,DC74-100-186,1,Juv,BRIA,BRIA,6
2016,2016,Dec,12/8/2016,SEFL,Middle,DC7,DC74,DC74-100-186,1,Juv,BRIA,BRIA,7
2016,2016,Dec,12/8/2016,SEFL,Middle,DC7,DC74,DC74-500-037,0,NA,NA,NA,NA
2016,2016,Dec,12/8/2016,SEFL,Middle,DC7,DC74,DC74-500-075,1,Juv,EUNI,EUNI,8
2016,2016,Dec,12/8/2016,SEFL,Middle,DC7,DC74,DC74-500-136,1,Juv,EUNI,EUNI,29
2016,2016,Dec,12/8/2016,SEFL,Middle,DC7,DC74,DC74-500-194,0,NA,NA,NA,NA
2016,2016,Nov,11/16/2016,SEFL,Nearshore,DC8,DC81,DC81-100-002,1,Juv,ANTI,ANTI,4
2016,2016,Nov,11/16/2016,SEFL,Nearshore,DC8,DC81,DC81-100-002,1,Juv,EUNI,EUNI,24
2016,2016,Nov,11/16/2016,SEFL,Nearshore,DC8,DC81,DC81-100-002,1,Juv,UNKO,UNKO,5
2016,2016,Nov,11/16/2016,SEFL,Nearshore,DC8,DC81,DC81-100-029,1,Juv,ANTI,ANTI,12
2016,2016,Nov,11/16/2016,SEFL,Nearshore,DC8,DC81,DC81-100-029,1,Juv,ANTI,ANTI,37
2016,2016,Nov,11/16/2016,SEFL,Nearshore,DC8,DC81,DC81-100-029,1,Juv,ANTI,ANTI,30
2016,2016,Nov,11/16/2016,SEFL,Nearshore,DC8,DC81,DC81-100-029,1,Juv,EUNI,EUNI,8
2016,2016,Nov,11/16/2016,SEFL,Nearshore,DC8,DC81,DC81-100-029,1,Juv,PSEU,PSEU,11
2016,2016,Nov,11/16/2016,SEFL,Nearshore,DC8,DC81,DC81-100-029,1,Juv,EUNI,EUNI,20
2016,2016,Nov,11/16/2016,SEFL,Nearshore,DC8,DC81,DC81-100-029,1,Juv,UNKO,UNKO,3
2016,2016,Nov,11/16/2016,SEFL,Nearshore,DC8,DC81,DC81-100-029,1,Juv,UNKO,UNKO,20
2016,2016,Nov,11/16/2016,SEFL,Nearshore,DC8,DC81,DC81-100-092,1,Juv,PAME,ANTI,35
2016,2016,Nov,11/16/2016,SEFL,Nearshore,DC8,DC81,DC81-100-092,1,Juv,EUNI,EUNI,29
2016,2016,Nov,11/16/2016,SEFL,Nearshore,DC8,DC81,DC81-100-092,1,Juv,EUNI,EUNI,22
2016,2016,Nov,11/16/2016,SEFL,Nearshore,DC8,DC81,DC81-100-092,1,Juv,UNKO,UNKO,1
2016,2016,Nov,11/16/2016,SEFL,Nearshore,DC8,DC81,DC81-100-092,1,Juv,UNKO,UNKO,10
2016,2016,Nov,11/16/2016,SEFL,Nearshore,DC8,DC81,DC81-100-092,1,Juv,UNKO,UNKO,25
2016,2016,Nov,11/16/2016,SEFL,Nearshore,DC8,DC81,DC81-100-128,1,Juv,ANTI,ANTI,10
2016,2016,Nov,11/16/2016,SEFL,Nearshore,DC8,DC81,DC81-100-128,1,Juv,EUNI,EUNI,6
2016,2016,Nov,11/16/2016,SEFL,Nearshore,DC8,DC81,DC81-100-128,1,Juv,EUNI,EUNI,21
2016,2016,Nov,11/16/2016,SEFL,Nearshore,DC8,DC81,DC81-100-128,1,Juv,EUNI,EUNI,9
2016,2016,Nov,11/16/2016,SEFL,Nearshore,DC8,DC81,DC81-100-128,1,Juv,MURI,MURI,7
2016,2016,Nov,11/16/2016,SEFL,Nearshore,DC8,DC81,DC81-100-128,1,Juv,PLEX,PLEX,15
2016,2016,Nov,11/16/2016,SEFL,Nearshore,DC8,DC81,DC81-100-128,1,Juv,PSEU,PSEU,20
2016,2016,Nov,11/16/2016,SEFL,Nearshore,DC8,DC81,DC81-100-128,1,Juv,UNKO,UNKO,2
2016,2016,Nov,11/16/2016,SEFL,Nearshore,DC8,DC81,DC81-100-128,1,Juv,UNKO,UNKO,2
2016,2016,Nov,11/16/2016,SEFL,Nearshore,DC8,DC81,DC81-100-128,1,Juv,UNKO,UNKO,4
2016,2016,Nov,11/16/2016,SEFL,Nearshore,DC8,DC81,DC81-100-128,1,Juv,UNKO,UNKO,10
2016,2016,Nov,11/16/2016,SEFL,Nearshore,DC8,DC81,DC81-100-128,1,Juv,UNKO,UNKO,7
2016,2016,Nov,11/16/2016,SEFL,Nearshore,DC8,DC81,DC81-100-128,1,Juv,UNKO,UNKO,5
2016,2016,Nov,11/16/2016,SEFL,Nearshore,DC8,DC81,DC81-500-002,1,Juv,EUNI,EUNI,9
2016,2016,Nov,11/16/2016,SEFL,Nearshore,DC8,DC81,DC81-500-002,1,Juv,EUNI,EUNI,6
2016,2016,Nov,11/16/2016,SEFL,Nearshore,DC8,DC81,DC81-500-002,1,Juv,EUNI,EUNI,7
2016,2016,Nov,11/16/2016,SEFL,Nearshore,DC8,DC81,DC81-500-002,1,Juv,EUNI,EUNI,32
2016,2016,Nov,11/16/2016,SEFL,Nearshore,DC8,DC81,DC81-500-002,1,Juv,EUNI,EUNI,9
2016,2016,Nov,11/16/2016,SEFL,Nearshore,DC8,DC81,DC81-500-002,1,Juv,EUNI,EUNI,5
2016,2016,Nov,11/16/2016,SEFL,Nearshore,DC8,DC81,DC81-500-097,1,Juv,ANTI,ANTI,21
2016,2016,Nov,11/16/2016,SEFL,Nearshore,DC8,DC81,DC81-500-097,1,Juv,UNKO,UNKO,3
2016,2016,Nov,11/16/2016,SEFL,Nearshore,DC8,DC81,DC81-500-154,1,Juv,ANTI,ANTI,27
2016,2016,Nov,11/16/2016,SEFL,Nearshore,DC8,DC81,DC81-500-186,1,Juv,ANTI,ANTI,39
2016,2016,Nov,11/16/2016,SEFL,Nearshore,DC8,DC82,DC82-100-052,1,Juv,BRIA,BRIA,15
2016,2016,Nov,11/16/2016,SEFL,Nearshore,DC8,DC82,DC82-100-052,1,Juv,EUNI,EUNI,39
2016,2016,Nov,11/16/2016,SEFL,Nearshore,DC8,DC82,DC82-100-077,1,Juv,ANTI,ANTI,27
2016,2016,Nov,11/16/2016,SEFL,Nearshore,DC8,DC82,DC82-100-077,1,Juv,EUNI,EUNI,14
2016,2016,Nov,11/16/2016,SEFL,Nearshore,DC8,DC82,DC82-100-077,1,Juv,EUNI,EUNI,12
2016,2016,Nov,11/16/2016,SEFL,Nearshore,DC8,DC82,DC82-100-077,1,Juv,EUNI,EUNI,21
2016,2016,Nov,11/16/2016,SEFL,Nearshore,DC8,DC82,DC82-100-108,1,Juv,PAME,ANTI,38
2016,2016,Nov,11/16/2016,SEFL,Nearshore,DC8,DC82,DC82-100-136,1,Juv,ANTI,ANTI,35
2016,2016,Nov,11/16/2016,SEFL,Nearshore,DC8,DC82,DC82-100-136,1,Juv,EUNI,EUNI,2
2016,2016,Nov,11/16/2016,SEFL,Nearshore,DC8,DC82,DC82-100-171,1,Juv,EUNI,EUNI,5
2016,2016,Nov,11/16/2016,SEFL,Nearshore,DC8,DC82,DC82-500-004,1,Juv,PAME,ANTI,19
2016,2016,Nov,11/16/2016,SEFL,Nearshore,DC8,DC82,DC82-500-004,1,Juv,PAME,ANTI,32
2016,2016,Nov,11/16/2016,SEFL,Nearshore,DC8,DC82,DC82-500-104,1,Juv,EUNI,EUNI,12
2016,2016,Nov,11/16/2016,SEFL,Nearshore,DC8,DC82,DC82-500-104,1,Juv,UNKO,UNKO,2
2016,2016,Nov,11/16/2016,SEFL,Nearshore,DC8,DC82,DC82-500-141,1,Juv,MURI,MURI,7
2016,2016,Nov,11/16/2016,SEFL,Nearshore,DC8,DC82,DC82-500-141,1,Juv,UNKO,UNKO,10
2016,2016,Nov,11/16/2016,SEFL,Nearshore,DC8,DC83,DC83-100-032,0,NA,NA,NA,NA
2016,2016,Nov,11/16/2016,SEFL,Nearshore,DC8,DC83,DC83-100-106,1,Juv,PSEU,PSEU,21
2016,2016,Nov,11/16/2016,SEFL,Nearshore,DC8,DC83,DC83-100-175,1,Juv,PAME,ANTI,30
2016,2016,Nov,11/16/2016,SEFL,Nearshore,DC8,DC83,DC83-100-175,1,Juv,EUNI,EUNI,39
2016,2016,Nov,11/16/2016,SEFL,Nearshore,DC8,DC83,DC83-100-175,1,Juv,EUNI,EUNI,36
2016,2016,Nov,11/16/2016,SEFL,Nearshore,DC8,DC83,DC83-100-175,1,Juv,EUNI,EUNI,10
2016,2016,Nov,11/16/2016,SEFL,Nearshore,DC8,DC83,DC83-100-175,1,Juv,EUNI,EUNI,27
2016,2016,Nov,11/16/2016,SEFL,Nearshore,DC8,DC83,DC83-100-175,1,Juv,GVEN,GVEN,19
2016,2016,Nov,11/16/2016,SEFL,Nearshore,DC8,DC83,DC83-100-175,1,Juv,MURI,MURI,10
2016,2016,Nov,11/16/2016,SEFL,Nearshore,DC8,DC83,DC83-100-175,1,Juv,UNKO,UNKO,2
2016,2016,Nov,11/16/2016,SEFL,Nearshore,DC8,DC83,DC83-100-175,1,Juv,UNKO,UNKO,2
2016,2016,Nov,11/16/2016,SEFL,Nearshore,DC8,DC83,DC83-100-175,1,Juv,UNKO,UNKO,2
2016,2016,Nov,11/16/2016,SEFL,Nearshore,DC8,DC83,DC83-100-175,1,Juv,UNKO,UNKO,2
2016,2016,Nov,11/16/2016,SEFL,Nearshore,DC8,DC83,DC83-100-175,1,Juv,UNKO,UNKO,2
2016,2016,Nov,11/16/2016,SEFL,Nearshore,DC8,DC83,DC83-100-175,1,Juv,UNKO,UNKO,3
2016,2016,Nov,11/16/2016,SEFL,Nearshore,DC8,DC83,DC83-100-175,1,Juv,UNKO,UNKO,2
2016,2016,Nov,11/16/2016,SEFL,Nearshore,DC8,DC83,DC83-100-175,1,Juv,UNKO,UNKO,3
2016,2016,Nov,11/16/2016,SEFL,Nearshore,DC8,DC83,DC83-100-198,1,Juv,ANTI,ANTI,39
2016,2016,Nov,11/16/2016,SEFL,Nearshore,DC8,DC83,DC83-100-198,1,Juv,PAME,ANTI,8
2016,2016,Nov,11/16/2016,SEFL,Nearshore,DC8,DC83,DC83-100-198,1,Juv,BRIA,BRIA,2
2016,2016,Nov,11/16/2016,SEFL,Nearshore,DC8,DC83,DC83-100-198,1,Juv,EUNI,EUNI,6
2016,2016,Nov,11/16/2016,SEFL,Nearshore,DC8,DC83,DC83-500-019,1,Juv,MURI,MURI,13
2016,2016,Nov,11/16/2016,SEFL,Nearshore,DC8,DC83,DC83-500-019,1,Juv,UNKO,UNKO,2
2016,2016,Nov,11/16/2016,SEFL,Nearshore,DC8,DC83,DC83-500-068,1,Juv,EUNI,EUNI,24
2016,2016,Nov,11/16/2016,SEFL,Nearshore,DC8,DC83,DC83-500-068,1,Juv,UNKO,UNKO,2
2016,2016,Nov,11/16/2016,SEFL,Nearshore,DC8,DC83,DC83-500-068,1,Juv,UNKO,UNKO,1
2016,2016,Nov,11/16/2016,SEFL,Nearshore,DC8,DC83,DC83-500-149,1,Juv,BRIA,BRIA,22
2016,2016,Nov,11/16/2016,SEFL,Nearshore,DC8,DC83,DC83-500-149,1,Juv,EUNI,EUNI,24
2016,2016,Nov,11/16/2016,SEFL,Nearshore,DC8,DC83,DC83-500-149,1,Juv,EUNI,EUNI,4
2016,2016,Nov,11/16/2016,SEFL,Nearshore,DC8,DC83,DC83-500-192,1,Juv,ANTI,ANTI,24
2016,2016,Nov,11/16/2016,SEFL,Nearshore,DC8,DC84,DC84-100-022,1,Juv,ANTI,ANTI,12
2016,2016,Nov,11/16/2016,SEFL,Nearshore,DC8,DC84,DC84-100-022,1,Juv,PAME,ANTI,8
2016,2016,Nov,11/16/2016,SEFL,Nearshore,DC8,DC84,DC84-100-022,1,Juv,PAME,ANTI,20
2016,2016,Nov,11/16/2016,SEFL,Nearshore,DC8,DC84,DC84-100-022,1,Juv,EUNI,EUNI,39
2016,2016,Nov,11/16/2016,SEFL,Nearshore,DC8,DC84,DC84-100-022,1,Juv,EUNI,EUNI,35
2016,2016,Nov,11/16/2016,SEFL,Nearshore,DC8,DC84,DC84-100-022,1,Juv,EUNI,EUNI,10
2016,2016,Nov,11/16/2016,SEFL,Nearshore,DC8,DC84,DC84-100-022,1,Juv,EUNI,EUNI,7
2016,2016,Nov,11/16/2016,SEFL,Nearshore,DC8,DC84,DC84-100-022,1,Juv,EUNI,EUNI,15
2016,2016,Nov,11/16/2016,SEFL,Nearshore,DC8,DC84,DC84-100-022,1,Juv,EUNI,EUNI,26
2016,2016,Nov,11/16/2016,SEFL,Nearshore,DC8,DC84,DC84-100-124,0,NA,NA,NA,NA
2016,2016,Nov,11/16/2016,SEFL,Nearshore,DC8,DC84,DC84-100-157,1,Juv,UNKO,UNKO,4
2016,2016,Nov,11/16/2016,SEFL,Nearshore,DC8,DC84,DC84-100-157,1,Juv,UNKO,UNKO,2
2016,2016,Nov,11/16/2016,SEFL,Nearshore,DC8,DC84,DC84-100-208,1,Juv,ANTI,ANTI,25
2016,2016,Nov,11/16/2016,SEFL,Nearshore,DC8,DC84,DC84-100-208,1,Juv,ANTI,ANTI,25
2016,2016,Nov,11/16/2016,SEFL,Nearshore,DC8,DC84,DC84-100-208,1,Juv,MURI,MURI,27
2016,2016,Nov,11/16/2016,SEFL,Nearshore,DC8,DC84,DC84-100-208,1,Juv,MURI,MURI,21
2016,2016,Nov,11/16/2016,SEFL,Nearshore,DC8,DC84,DC84-100-208,1,Juv,UNKO,UNKO,1
2016,2016,Nov,11/16/2016,SEFL,Nearshore,DC8,DC84,DC84-100-208,1,Juv,UNKO,UNKO,3
2016,2016,Nov,11/16/2016,SEFL,Nearshore,DC8,DC84,DC84-500-040,1,Juv,BRIA,BRIA,2
2016,2016,Nov,11/16/2016,SEFL,Nearshore,DC8,DC84,DC84-500-040,1,Juv,BRIA,BRIA,2
2016,2016,Nov,11/16/2016,SEFL,Nearshore,DC8,DC84,DC84-500-040,1,Juv,GVEN,GVEN,37
2016,2016,Nov,11/16/2016,SEFL,Nearshore,DC8,DC84,DC84-500-150,1,Juv,EUNI,EUNI,3
2016,2016,Nov,11/16/2016,SEFL,Nearshore,DC8,DC84,DC84-500-176,1,Juv,EUNI,EUNI,37
2016,2016,Nov,11/16/2016,SEFL,Nearshore,DC8,DC84,DC84-500-176,1,Juv,UNKO,UNKO,2
2016,2016,Nov,11/16/2016,SEFL,Nearshore,DC8,DC84,DC84-500-176,1,Juv,UNKO,UNKO,2
2016,2016,Nov,11/16/2016,SEFL,Nearshore,DC8,DC84,DC84-500-176,1,Juv,UNKO,UNKO,3
2016,2016,Nov,11/16/2016,SEFL,Nearshore,DC8,DC84,DC84-500-210,1,Juv,PAME,ANTI,6
2016,2016,Nov,11/16/2016,SEFL,Nearshore,DC8,DC84,DC84-500-210,1,Juv,UNKO,UNKO,2
2016,2016,Nov,11/16/2016,SEFL,Nearshore,DC8,DC84,DC84-500-210,1,Juv,UNKO,UNKO,2
2016,2016,Nov,11/16/2016,SEFL,Nearshore,DC8,DC84,DC84-500-210,1,Juv,UNKO,UNKO,4
2016,2016,Nov,11/16/2016,SEFL,Nearshore,DC8,DC84,DC84-500-210,1,Juv,UNKO,UNKO,5
2016,2016,Nov,11/16/2016,SEFL,Nearshore,DC8,DC84,DC84-500-210,1,Juv,UNKO,UNKO,1
2017,2017,Aug,8/18/2017,LK,P,Red Dun Reef,261,261-100-010,0,NA,NA,NA,NA
2017,2017,Aug,8/18/2017,LK,P,Red Dun Reef,261,261-100-069,1,Juv,ANTI,ANTI,26
2017,2017,Aug,8/18/2017,LK,P,Red Dun Reef,261,261-100-069,1,Juv,EUNI,EUNI,15
2017,2017,Aug,8/18/2017,LK,P,Red Dun Reef,261,261-100-069,1,Juv,EUNI,EUNI,12
2017,2017,Aug,8/18/2017,LK,P,Red Dun Reef,261,261-100-093,1,Juv,EUNI,EUNI,10
2017,2017,Aug,8/18/2017,LK,P,Red Dun Reef,261,261-100-093,1,Juv,EUNI,EUNI,16
2017,2017,Aug,8/18/2017,LK,P,Red Dun Reef,261,261-100-093,1,Juv,EUNI,EUNI,30
2017,2017,Aug,8/18/2017,LK,P,Red Dun Reef,261,261-100-093,1,Juv,EUNI,EUNI,38
2017,2017,Aug,8/18/2017,LK,P,Red Dun Reef,261,261-100-093,1,Juv,EUNI,EUNI,38
2017,2017,Aug,8/18/2017,LK,P,Red Dun Reef,261,261-100-093,1,Juv,EUNI,EUNI,33
2017,2017,Aug,8/18/2017,LK,P,Red Dun Reef,261,261-100-093,1,Juv,EUNI,EUNI,35
2017,2017,Aug,8/18/2017,LK,P,Red Dun Reef,261,261-100-093,1,Juv,EUNI,EUNI,25
2017,2017,Aug,8/18/2017,LK,P,Red Dun Reef,261,261-100-093,1,Juv,EUNI,EUNI,7
2017,2017,Aug,8/18/2017,LK,P,Red Dun Reef,261,261-100-197,1,Juv,ANTI,ANTI,30
2017,2017,Aug,8/18/2017,LK,P,Red Dun Reef,261,261-100-197,1,Juv,ANTI,ANTI,10
2017,2017,Aug,8/18/2017,LK,P,Red Dun Reef,261,261-100-197,1,Juv,EUNI,EUNI,35
2017,2017,Aug,8/18/2017,LK,P,Red Dun Reef,261,261-500-066,0,NA,NA,NA,NA
2017,2017,Aug,8/18/2017,LK,P,Red Dun Reef,261,261-500-076,1,Juv,PAME,ANTI,17
2017,2017,Aug,8/18/2017,LK,P,Red Dun Reef,261,261-500-148,1,Juv,EUNI,EUNI,24
2017,2017,Aug,8/18/2017,LK,P,Red Dun Reef,261,261-500-148,1,Juv,EUNI,EUNI,12
2017,2017,Aug,8/18/2017,LK,P,Red Dun Reef,261,261-500-148,1,Juv,EUNI,EUNI,22
2017,2017,Aug,8/18/2017,LK,P,Red Dun Reef,261,261-500-148,1,Juv,GVEN,GVEN,27
2017,2017,Aug,8/18/2017,LK,P,Red Dun Reef,261,261-500-148,1,Juv,GVEN,GVEN,15
2017,2017,Aug,8/18/2017,LK,P,Red Dun Reef,261,261-500-196,1,Juv,EUNI,EUNI,15
2017,2017,Aug,8/18/2017,LK,P,Red Dun Reef,261,261-500-196,1,Juv,GVEN,GVEN,34
2017,2017,Aug,8/18/2017,LK,P,Red Dun Reef,262,262-100-006,1,Juv,ANTI/GVEN,AG,3
2017,2017,Aug,8/18/2017,LK,P,Red Dun Reef,262,262-100-006,1,Juv,ANTI/GVEN,AG,2
2017,2017,Aug,8/18/2017,LK,P,Red Dun Reef,262,262-100-051,0,NA,NA,NA,NA
2017,2017,Aug,8/18/2017,LK,P,Red Dun Reef,262,262-100-088,1,Juv,ANTI/GVEN,AG,4
2017,2017,Aug,8/18/2017,LK,P,Red Dun Reef,262,262-100-137,0,NA,NA,NA,NA
2017,2017,Aug,8/18/2017,LK,P,Red Dun Reef,262,262-500-040,0,NA,NA,NA,NA
2017,2017,Aug,8/18/2017,LK,P,Red Dun Reef,262,262-500-069,1,Juv,ANTI,ANTI,10
2017,2017,Aug,8/18/2017,LK,P,Red Dun Reef,262,262-500-069,1,Juv,MURI,MURI,26
2017,2017,Aug,8/18/2017,LK,P,Red Dun Reef,262,262-500-069,1,Juv,MURI,MURI,10
2017,2017,Aug,8/18/2017,LK,P,Red Dun Reef,262,262-500-115,0,NA,NA,NA,NA
2017,2017,Aug,8/18/2017,LK,P,Red Dun Reef,262,262-500-219,1,Juv,EUNI,EUNI,21
2017,2017,Aug,8/18/2017,LK,P,Red Dun Reef,263,263-100-000,0,NA,NA,NA,NA
2017,2017,Aug,8/18/2017,LK,P,Red Dun Reef,263,263-100-028,0,NA,NA,NA,NA
2017,2017,Aug,8/18/2017,LK,P,Red Dun Reef,263,263-100-083,0,NA,NA,NA,NA
2017,2017,Aug,8/18/2017,LK,P,Red Dun Reef,263,263-100-181,0,NA,NA,NA,NA
2017,2017,Aug,8/18/2017,LK,P,Red Dun Reef,263,263-500-015,1,Juv,EUNI,EUNI,21
2017,2017,Aug,8/18/2017,LK,P,Red Dun Reef,263,263-500-118,1,Juv,MURI,MURI,18
2017,2017,Aug,8/18/2017,LK,P,Red Dun Reef,263,263-500-118,1,Juv,MURI,MURI,14
2017,2017,Aug,8/18/2017,LK,P,Red Dun Reef,263,263-500-118,1,Juv,UNKO,UNKO,3
2017,2017,Aug,8/18/2017,LK,P,Red Dun Reef,263,263-500-137,0,NA,NA,NA,NA
2017,2017,Aug,8/18/2017,LK,P,Red Dun Reef,263,263-500-158,0,NA,NA,NA,NA
2017,2017,Aug,8/18/2017,LK,P,Red Dun Reef,264,264-100-025,1,Juv,UNKO,UNKO,2
2017,2017,Aug,8/18/2017,LK,P,Red Dun Reef,264,264-100-069,0,NA,NA,NA,NA
2017,2017,Aug,8/18/2017,LK,P,Red Dun Reef,264,264-100-091,0,NA,NA,NA,NA
2017,2017,Aug,8/18/2017,LK,P,Red Dun Reef,264,264-100-133,0,NA,NA,NA,NA
2017,2017,Aug,8/18/2017,LK,P,Red Dun Reef,264,264-500-016,1,Juv,BRIA,BRIA,1
2017,2017,Aug,8/18/2017,LK,P,Red Dun Reef,264,264-500-033,0,NA,NA,NA,NA
2017,2017,Aug,8/18/2017,LK,P,Red Dun Reef,264,264-500-147,0,NA,NA,NA,NA
2017,2017,Aug,8/18/2017,LK,P,Red Dun Reef,264,264-500-172,0,NA,NA,NA,NA
2017,2017,July,7/11/2017,UK,P,Porter Patch,321,321-100-017,1,Juv,PAME,ANTI,14
2017,2017,July,7/11/2017,UK,P,Porter Patch,321,321-100-017,1,Juv,EUNI,EUNI,12
2017,2017,July,7/11/2017,UK,P,Porter Patch,321,321-100-017,1,Juv,EUNI,EUNI,12
2017,2017,July,7/11/2017,UK,P,Porter Patch,321,321-100-017,1,Juv,EUNI,EUNI,15
2017,2017,July,7/11/2017,UK,P,Porter Patch,321,321-100-058,1,Juv,ECAL,EUNI,16
2017,2017,July,7/11/2017,UK,P,Porter Patch,321,321-100-136,1,Juv,ANTI/GVEN,AG,5
2017,2017,July,7/11/2017,UK,P,Porter Patch,321,321-100-163,1,Juv,EUNI,EUNI,21
2017,2017,July,7/11/2017,UK,P,Porter Patch,321,321-500-024,1,Juv,ANTI,ANTI,9
2017,2017,July,7/11/2017,UK,P,Porter Patch,321,321-500-024,1,Juv,PAME,ANTI,39
2017,2017,July,7/11/2017,UK,P,Porter Patch,321,321-500-024,1,Juv,PAME,ANTI,35
2017,2017,July,7/11/2017,UK,P,Porter Patch,321,321-500-024,1,Juv,EUNI,EUNI,38
2017,2017,July,7/11/2017,UK,P,Porter Patch,321,321-500-024,1,Juv,GVEN,GVEN,29
2017,2017,July,7/11/2017,UK,P,Porter Patch,321,321-500-024,1,Juv,GVEN,GVEN,34
2017,2017,July,7/11/2017,UK,P,Porter Patch,321,321-500-049,1,Juv,PAME,ANTI,16
2017,2017,July,7/11/2017,UK,P,Porter Patch,321,321-500-085,1,Juv,ANTI,ANTI,7
2017,2017,July,7/11/2017,UK,P,Porter Patch,321,321-500-085,1,Juv,BRIA,BRIA,19
2017,2017,July,7/11/2017,UK,P,Porter Patch,321,321-500-085,1,Juv,GVEN,GVEN,8
2017,2017,July,7/11/2017,UK,P,Porter Patch,321,321-500-212,1,Juv,ANTI/GVEN,AG,4
2017,2017,July,7/11/2017,UK,P,Porter Patch,321,321-500-212,1,Juv,EUNI,EUNI,16
2017,2017,July,7/11/2017,UK,P,Porter Patch,321,321-500-212,1,Juv,GVEN,GVEN,33
2017,2017,July,7/11/2017,UK,P,Porter Patch,321,321-500-212,1,Juv,MURI,MURI,8
2017,2017,July,7/11/2017,UK,P,Porter Patch,321,321-500-212,1,Juv,EUNI,EUNI,7
2017,2017,July,7/11/2017,UK,P,Porter Patch,322,322-100-026,1,Juv,EUNI,EUNI,30
2017,2017,July,7/11/2017,UK,P,Porter Patch,322,322-100-026,1,Juv,PFLE,EUNI,20
2017,2017,July,7/11/2017,UK,P,Porter Patch,322,322-100-026,1,Juv,PFLE,EUNI,12
2017,2017,July,7/11/2017,UK,P,Porter Patch,322,322-100-026,1,Juv,GVEN,GVEN,18
2017,2017,July,7/11/2017,UK,P,Porter Patch,322,322-100-026,1,Juv,PPOR,PSEU,25
2017,2017,July,7/11/2017,UK,P,Porter Patch,322,322-100-069,0,NA,NA,NA,NA
2017,2017,July,7/11/2017,UK,P,Porter Patch,322,322-100-118,1,Juv,PFLE,EUNI,18
2017,2017,July,7/11/2017,UK,P,Porter Patch,322,322-100-118,1,Juv,PFLE,EUNI,25
2017,2017,July,7/11/2017,UK,P,Porter Patch,322,322-100-202,1,Juv,PAME,ANTI,6
2017,2017,July,7/11/2017,UK,P,Porter Patch,322,322-100-223,1,Juv,PFLE,EUNI,24
2017,2017,July,7/11/2017,UK,P,Porter Patch,322,322-500-059,1,Juv,ANTI,ANTI,15
2017,2017,July,7/11/2017,UK,P,Porter Patch,322,322-500-059,1,Juv,ANTI,ANTI,3
2017,2017,July,7/11/2017,UK,P,Porter Patch,322,322-500-059,1,Juv,EUNI,EUNI,8
2017,2017,July,7/11/2017,UK,P,Porter Patch,322,322-500-059,1,Juv,EUNI,EUNI,3
2017,2017,July,7/11/2017,UK,P,Porter Patch,322,322-500-059,1,Juv,PFLE,EUNI,14
2017,2017,July,7/11/2017,UK,P,Porter Patch,322,322-500-059,1,Juv,PLEX,PLEX,19
2017,2017,July,7/11/2017,UK,P,Porter Patch,322,322-500-059,1,Juv,UNKO,UNKO,2
2017,2017,July,7/11/2017,UK,P,Porter Patch,322,322-500-059,1,Juv,UNKO,UNKO,1
2017,2017,July,7/11/2017,UK,P,Porter Patch,322,322-500-070,1,Juv,ANTI,ANTI,3
2017,2017,July,7/11/2017,UK,P,Porter Patch,322,322-500-070,1,Juv,ANTI,ANTI,8
2017,2017,July,7/11/2017,UK,P,Porter Patch,322,322-500-070,1,Juv,ANTI,ANTI,9
2017,2017,July,7/11/2017,UK,P,Porter Patch,322,322-500-070,1,Juv,ANTI,ANTI,3
2017,2017,July,7/11/2017,UK,P,Porter Patch,322,322-500-070,1,Juv,PFLE,EUNI,13
2017,2017,July,7/11/2017,UK,P,Porter Patch,322,322-500-091,1,Juv,EUNI,EUNI,5
2017,2017,July,7/11/2017,UK,P,Porter Patch,322,322-500-091,1,Juv,EUNI,EUNI,6
2017,2017,July,7/11/2017,UK,P,Porter Patch,323,323-100-021,1,Juv,ANTI,ANTI,5
2017,2017,July,7/11/2017,UK,P,Porter Patch,323,323-100-021,1,Juv,PAME,ANTI,20
2017,2017,July,7/11/2017,UK,P,Porter Patch,323,323-100-072,1,Juv,ANTI/GVEN,AG,4
2017,2017,July,7/11/2017,UK,P,Porter Patch,323,323-100-072,1,Juv,ANTI/GVEN,AG,6
2017,2017,July,7/11/2017,UK,P,Porter Patch,323,323-100-072,1,Juv,PAME,ANTI,16
2017,2017,July,7/11/2017,UK,P,Porter Patch,323,323-100-072,1,Juv,GVEN,GVEN,31
2017,2017,July,7/11/2017,UK,P,Porter Patch,323,323-100-115,1,Juv,ANTI,ANTI,13
2017,2017,July,7/11/2017,UK,P,Porter Patch,323,323-100-115,1,Juv,ANTI,ANTI,10
2017,2017,July,7/11/2017,UK,P,Porter Patch,323,323-100-115,1,Juv,EUNI,EUNI,21
2017,2017,July,7/11/2017,UK,P,Porter Patch,323,323-100-115,1,Juv,GVEN,GVEN,24
2017,2017,July,7/11/2017,UK,P,Porter Patch,323,323-100-115,1,Juv,GVEN,GVEN,11
2017,2017,July,7/11/2017,UK,P,Porter Patch,323,323-100-115,1,Juv,GVEN,GVEN,15
2017,2017,July,7/11/2017,UK,P,Porter Patch,323,323-100-115,1,Juv,PLEX,PLEX,35
2017,2017,July,7/11/2017,UK,P,Porter Patch,323,323-100-126,1,Juv,ANTI,ANTI,6
2017,2017,July,7/11/2017,UK,P,Porter Patch,323,323-100-126,1,Juv,UNKO,UNKO,14
2017,2017,July,7/11/2017,UK,P,Porter Patch,323,323-100-126,1,Juv,UNKO,UNKO,6
2017,2017,July,7/11/2017,UK,P,Porter Patch,323,323-100-223,0,NA,NA,NA,NA
2017,2017,July,7/11/2017,UK,P,Porter Patch,323,323-500-064,1,Juv,ANTI,ANTI,8
2017,2017,July,7/11/2017,UK,P,Porter Patch,323,323-500-064,1,Juv,PAME,ANTI,11
2017,2017,July,7/11/2017,UK,P,Porter Patch,323,323-500-064,1,Juv,PAME,ANTI,22
2017,2017,July,7/11/2017,UK,P,Porter Patch,323,323-500-064,1,Juv,UNKO,UNKO,17
2017,2017,July,7/11/2017,UK,P,Porter Patch,323,323-500-144,0,NA,NA,NA,NA
2017,2017,July,7/11/2017,UK,P,Porter Patch,323,323-500-156,1,Juv,ANTI,ANTI,32
2017,2017,July,7/11/2017,UK,P,Porter Patch,323,323-500-156,1,Juv,PAME,ANTI,38
2017,2017,July,7/11/2017,UK,P,Porter Patch,323,323-500-156,1,Juv,EUNI,EUNI,5
2017,2017,July,7/11/2017,UK,P,Porter Patch,323,323-500-156,1,Juv,GVEN,GVEN,34
2017,2017,July,7/11/2017,UK,P,Porter Patch,323,323-500-156,1,Juv,GVEN,GVEN,22
2017,2017,July,7/11/2017,UK,P,Porter Patch,323,323-500-156,1,Juv,PLEX,PLEX,29
2017,2017,July,7/11/2017,UK,P,Porter Patch,323,323-500-156,1,Juv,PLEX,PLEX,18
2017,2017,July,7/11/2017,UK,P,Porter Patch,324,324-100-022,1,Juv,ANTI/GVEN,AG,15
2017,2017,July,7/11/2017,UK,P,Porter Patch,324,324-100-022,1,Juv,PAME,ANTI,15
2017,2017,July,7/11/2017,UK,P,Porter Patch,324,324-100-022,1,Juv,BRIA,BRIA,22
2017,2017,July,7/11/2017,UK,P,Porter Patch,324,324-100-022,1,Juv,GVEN,GVEN,25
2017,2017,July,7/11/2017,UK,P,Porter Patch,324,324-100-022,1,Juv,UNKO,UNKO,19
2017,2017,July,7/11/2017,UK,P,Porter Patch,324,324-100-046,0,NA,NA,NA,NA
2017,2017,July,7/11/2017,UK,P,Porter Patch,324,324-100-095,1,Juv,EUNI,EUNI,12
2017,2017,July,7/11/2017,UK,P,Porter Patch,324,324-100-199,0,NA,NA,NA,NA
2017,2017,July,7/11/2017,UK,P,Porter Patch,324,324-500-036,1,Juv,ANTI/GVEN,AG,2
2017,2017,July,7/11/2017,UK,P,Porter Patch,324,324-500-036,1,Juv,ANTI,ANTI,9
2017,2017,July,7/11/2017,UK,P,Porter Patch,324,324-500-036,1,Juv,PPOR,PSEU,35
2017,2017,July,7/11/2017,UK,P,Porter Patch,324,324-500-036,1,Juv,UNKO,UNKO,3
2017,2017,July,7/11/2017,UK,P,Porter Patch,324,324-500-064,0,NA,NA,NA,NA
2017,2017,July,7/11/2017,UK,P,Porter Patch,324,324-500-158,1,Juv,ANTI,ANTI,3
2017,2017,July,7/11/2017,UK,P,Porter Patch,324,324-500-158,1,Juv,ANTI,ANTI,3
2017,2017,July,7/11/2017,UK,P,Porter Patch,324,324-500-158,1,Juv,ANTI,ANTI,9
2017,2017,July,7/11/2017,UK,P,Porter Patch,324,324-500-158,1,Juv,EUNI,EUNI,18
2017,2017,July,7/11/2017,UK,P,Porter Patch,324,324-500-158,1,Juv,GVEN,GVEN,15
2017,2017,July,7/11/2017,UK,P,Porter Patch,324,324-500-158,1,Juv,PLEX,PLEX,14
2017,2017,July,7/11/2017,UK,P,Porter Patch,324,324-500-158,1,Juv,PLEX,PLEX,9
2017,2017,July,7/11/2017,UK,P,Porter Patch,324,324-500-158,1,Juv,PPOR,PSEU,15
2017,2017,July,7/11/2017,UK,P,Porter Patch,324,324-500-209,1,Juv,ANTI,ANTI,16
2017,2017,July,7/14/2017,UK,P,Admiral,331,331-100-098,1,Juv,GVEN,GVEN,20
2017,2017,July,7/14/2017,UK,P,Admiral,331,331-100-139,0,NA,NA,NA,NA
2017,2017,July,7/14/2017,UK,P,Admiral,331,331-100-183,1,Juv,GVEN,GVEN,35
2017,2017,July,7/14/2017,UK,P,Admiral,331,331-100-183,1,Juv,MURI,MURI,16
2017,2017,July,7/14/2017,UK,P,Admiral,331,331-500-012,1,Juv,ANTI,ANTI,20
2017,2017,July,7/14/2017,UK,P,Admiral,331,331-500-012,1,Juv,EUNI,EUNI,37
2017,2017,July,7/14/2017,UK,P,Admiral,331,331-500-012,1,Juv,GVEN,GVEN,22
2017,2017,July,7/14/2017,UK,P,Admiral,331,331-500-012,1,Juv,GVEN,GVEN,37
2017,2017,July,7/14/2017,UK,P,Admiral,331,331-500-033,0,NA,NA,NA,NA
2017,2017,July,7/14/2017,UK,P,Admiral,331,331-500-104,0,NA,NA,NA,NA
2017,2017,July,7/14/2017,UK,P,Admiral,331,331-500-180,1,Juv,EUNI,EUNI,8
2017,2017,July,7/14/2017,UK,P,Admiral,331,331-500-180,1,Juv,GVEN,GVEN,39
2017,2017,July,7/14/2017,UK,P,Admiral,331,331-500-180,1,Juv,GVEN,GVEN,11
2017,2017,July,7/14/2017,UK,P,Admiral,331,331-500-221,0,NA,NA,NA,NA
2017,2017,July,7/14/2017,UK,P,Admiral,332,332-100-024,0,NA,NA,NA,NA
2017,2017,July,7/14/2017,UK,P,Admiral,332,332-100-094,1,Juv,PAME,ANTI,12
2017,2017,July,7/14/2017,UK,P,Admiral,332,332-100-094,1,Juv,PAME,ANTI,7
2017,2017,July,7/14/2017,UK,P,Admiral,332,332-100-094,1,Juv,MURI,MURI,21
2017,2017,July,7/14/2017,UK,P,Admiral,332,332-100-102,1,Juv,ANTI/GVEN,AG,15
2017,2017,July,7/14/2017,UK,P,Admiral,332,332-100-102,1,Juv,ANTI,ANTI,3
2017,2017,July,7/14/2017,UK,P,Admiral,332,332-100-102,1,Juv,ANTI,ANTI,4
2017,2017,July,7/14/2017,UK,P,Admiral,332,332-100-102,1,Juv,PAME,ANTI,8
2017,2017,July,7/14/2017,UK,P,Admiral,332,332-100-102,1,Juv,PAME,ANTI,6
2017,2017,July,7/14/2017,UK,P,Admiral,332,332-100-102,1,Juv,PAME,ANTI,12
2017,2017,July,7/14/2017,UK,P,Admiral,332,332-100-102,1,Juv,PAME,ANTI,5
2017,2017,July,7/14/2017,UK,P,Admiral,332,332-100-102,1,Juv,PAME,ANTI,21
2017,2017,July,7/14/2017,UK,P,Admiral,332,332-100-102,1,Juv,EUNI,EUNI,32
2017,2017,July,7/14/2017,UK,P,Admiral,332,332-100-102,1,Juv,GVEN,GVEN,38
2017,2017,July,7/14/2017,UK,P,Admiral,332,332-100-102,1,Juv,GVEN,GVEN,17
2017,2017,July,7/14/2017,UK,P,Admiral,332,332-100-102,1,Juv,GVEN,GVEN,28
2017,2017,July,7/14/2017,UK,P,Admiral,332,332-100-102,1,Juv,GVEN,GVEN,20
2017,2017,July,7/14/2017,UK,P,Admiral,332,332-100-102,1,Juv,MURI,MURI,9
2017,2017,July,7/14/2017,UK,P,Admiral,332,332-100-102,1,Juv,MURO,MURO,36
2017,2017,July,7/14/2017,UK,P,Admiral,332,332-100-177,1,Juv,PAME,ANTI,3
2017,2017,July,7/14/2017,UK,P,Admiral,332,332-100-177,1,Juv,GVEN,GVEN,15
2017,2017,July,7/14/2017,UK,P,Admiral,332,332-500-017,0,NA,NA,NA,NA
2017,2017,July,7/14/2017,UK,P,Admiral,332,332-500-081,1,Juv,GVEN,GVEN,37
2017,2017,July,7/14/2017,UK,P,Admiral,332,332-500-081,1,Juv,MURI,MURI,5
2017,2017,July,7/14/2017,UK,P,Admiral,332,332-500-081,1,Juv,MURI,MURI,2
2017,2017,July,7/14/2017,UK,P,Admiral,332,332-500-094,1,Juv,PAME,ANTI,32
2017,2017,July,7/14/2017,UK,P,Admiral,332,332-500-094,1,Juv,PAME,ANTI,26
2017,2017,July,7/14/2017,UK,P,Admiral,332,332-500-094,1,Juv,GVEN,GVEN,17
2017,2017,July,7/14/2017,UK,P,Admiral,332,332-500-094,1,Juv,GVEN,GVEN,8
2017,2017,July,7/14/2017,UK,P,Admiral,332,332-500-094,1,Juv,GVEN,GVEN,15
2017,2017,July,7/14/2017,UK,P,Admiral,332,332-500-094,1,Juv,GVEN,GVEN,15
2017,2017,July,7/14/2017,UK,P,Admiral,332,332-500-094,1,Juv,GVEN,GVEN,19
2017,2017,July,7/14/2017,UK,P,Admiral,332,332-500-154,1,Juv,PAME,ANTI,22
2017,2017,July,7/14/2017,UK,P,Admiral,332,332-500-154,1,Juv,GVEN,GVEN,24
2017,2017,July,7/14/2017,UK,P,Admiral,333,333-100-060,1,Juv,ANTI/GVEN,AG,9
2017,2017,July,7/14/2017,UK,P,Admiral,333,333-100-060,1,Juv,ANTI/GVEN,AG,5
2017,2017,July,7/14/2017,UK,P,Admiral,333,333-100-060,1,Juv,ANTI,ANTI,3
2017,2017,July,7/14/2017,UK,P,Admiral,333,333-100-060,1,Juv,ANTI,ANTI,5
2017,2017,July,7/14/2017,UK,P,Admiral,333,333-100-060,1,Juv,ANTI,ANTI,26
2017,2017,July,7/14/2017,UK,P,Admiral,333,333-100-060,1,Juv,ANTI,ANTI,3
2017,2017,July,7/14/2017,UK,P,Admiral,333,333-100-060,1,Juv,ANTI,ANTI,5
2017,2017,July,7/14/2017,UK,P,Admiral,333,333-100-060,1,Juv,ANTI,ANTI,15
2017,2017,July,7/14/2017,UK,P,Admiral,333,333-100-060,1,Juv,PAME,ANTI,26
2017,2017,July,7/14/2017,UK,P,Admiral,333,333-100-060,1,Juv,PAME,ANTI,7
2017,2017,July,7/14/2017,UK,P,Admiral,333,333-100-060,1,Juv,PAME,ANTI,10
2017,2017,July,7/14/2017,UK,P,Admiral,333,333-100-060,1,Juv,PAME,ANTI,14
2017,2017,July,7/14/2017,UK,P,Admiral,333,333-100-060,1,Juv,PAME,ANTI,19
2017,2017,July,7/14/2017,UK,P,Admiral,333,333-100-060,1,Juv,PAME,ANTI,22
2017,2017,July,7/14/2017,UK,P,Admiral,333,333-100-060,1,Juv,PAME,ANTI,23
2017,2017,July,7/14/2017,UK,P,Admiral,333,333-100-060,1,Juv,PAME,ANTI,18
2017,2017,July,7/14/2017,UK,P,Admiral,333,333-100-060,1,Juv,PAME,ANTI,27
2017,2017,July,7/14/2017,UK,P,Admiral,333,333-100-060,1,Juv,PAME,ANTI,11
2017,2017,July,7/14/2017,UK,P,Admiral,333,333-100-060,1,Juv,PAME,ANTI,8
2017,2017,July,7/14/2017,UK,P,Admiral,333,333-100-060,1,Juv,EUNI,EUNI,17
2017,2017,July,7/14/2017,UK,P,Admiral,333,333-100-060,1,Juv,GVEN,GVEN,16
2017,2017,July,7/14/2017,UK,P,Admiral,333,333-100-060,1,Juv,GVEN,GVEN,37
2017,2017,July,7/14/2017,UK,P,Admiral,333,333-100-060,1,Juv,GVEN,GVEN,29
2017,2017,July,7/14/2017,UK,P,Admiral,333,333-100-060,1,Juv,GVEN,GVEN,10
2017,2017,July,7/14/2017,UK,P,Admiral,333,333-100-060,1,Juv,GVEN,GVEN,39
2017,2017,July,7/14/2017,UK,P,Admiral,333,333-100-060,1,Juv,GVEN,GVEN,35
2017,2017,July,7/14/2017,UK,P,Admiral,333,333-100-060,1,Juv,GVEN,GVEN,16
2017,2017,July,7/14/2017,UK,P,Admiral,333,333-100-060,1,Juv,MURI,MURI,4
2017,2017,July,7/14/2017,UK,P,Admiral,333,333-100-060,1,Juv,MURI,MURI,11
2017,2017,July,7/14/2017,UK,P,Admiral,333,333-100-084,1,Juv,ANTI,ANTI,8
2017,2017,July,7/14/2017,UK,P,Admiral,333,333-100-084,1,Juv,ANTI,ANTI,2
2017,2017,July,7/14/2017,UK,P,Admiral,333,333-100-084,1,Juv,GVEN,GVEN,7
2017,2017,July,7/14/2017,UK,P,Admiral,333,333-100-084,1,Juv,GVEN,GVEN,7
2017,2017,July,7/14/2017,UK,P,Admiral,333,333-100-084,1,Juv,MURI,MURI,29
2017,2017,July,7/14/2017,UK,P,Admiral,333,333-100-091,1,Juv,ANTI,ANTI,8
2017,2017,July,7/14/2017,UK,P,Admiral,333,333-100-091,1,Juv,EUNI,EUNI,5
2017,2017,July,7/14/2017,UK,P,Admiral,333,333-100-091,1,Juv,EUNI,EUNI,12
2017,2017,July,7/14/2017,UK,P,Admiral,333,333-100-091,1,Juv,GVEN,GVEN,12
2017,2017,July,7/14/2017,UK,P,Admiral,333,333-100-192,1,Juv,ANTI,ANTI,4
2017,2017,July,7/14/2017,UK,P,Admiral,333,333-100-192,1,Juv,EUNI,EUNI,26
2017,2017,July,7/14/2017,UK,P,Admiral,333,333-100-192,1,Juv,EUNI,EUNI,12
2017,2017,July,7/14/2017,UK,P,Admiral,333,333-500-022,1,Juv,ANTI/GVEN,AG,6
2017,2017,July,7/14/2017,UK,P,Admiral,333,333-500-022,1,Juv,ANTI/GVEN,AG,29
2017,2017,July,7/14/2017,UK,P,Admiral,333,333-500-022,1,Juv,PAME,ANTI,2
2017,2017,July,7/14/2017,UK,P,Admiral,333,333-500-111,0,NA,NA,NA,NA
2017,2017,July,7/14/2017,UK,P,Admiral,333,333-500-154,1,Juv,PFLE,EUNI,25
2017,2017,July,7/14/2017,UK,P,Admiral,333,333-500-154,1,Juv,MURI,MURI,29
2017,2017,July,7/14/2017,UK,P,Admiral,333,333-500-154,1,Juv,MURI,MURI,26
2017,2017,July,7/14/2017,UK,P,Admiral,333,333-500-195,0,NA,NA,NA,NA
2017,2017,July,7/14/2017,UK,P,Admiral,334,334-100-035,1,Juv,MURI,MURI,4
2017,2017,July,7/14/2017,UK,P,Admiral,334,334-100-067,1,Juv,ANTI,ANTI,2
2017,2017,July,7/14/2017,UK,P,Admiral,334,334-100-067,1,Juv,ANTI,ANTI,2
2017,2017,July,7/14/2017,UK,P,Admiral,334,334-100-067,1,Juv,MURI,MURI,5
2017,2017,July,7/14/2017,UK,P,Admiral,334,334-100-139,1,Juv,ANTI,ANTI,39
2017,2017,July,7/14/2017,UK,P,Admiral,334,334-100-139,1,Juv,ANTI,ANTI,10
2017,2017,July,7/14/2017,UK,P,Admiral,334,334-100-139,1,Juv,PAME,ANTI,38
2017,2017,July,7/14/2017,UK,P,Admiral,334,334-100-139,1,Juv,EUNI,EUNI,39
2017,2017,July,7/14/2017,UK,P,Admiral,334,334-100-139,1,Juv,EUNI,EUNI,28
2017,2017,July,7/14/2017,UK,P,Admiral,334,334-100-139,1,Juv,EUNI,EUNI,39
2017,2017,July,7/14/2017,UK,P,Admiral,334,334-100-139,1,Juv,EUNI,EUNI,6
2017,2017,July,7/14/2017,UK,P,Admiral,334,334-100-139,1,Juv,EUNI,EUNI,6
2017,2017,July,7/14/2017,UK,P,Admiral,334,334-100-139,1,Juv,MURI,MURI,18
2017,2017,July,7/14/2017,UK,P,Admiral,334,334-100-139,1,Juv,MURI,MURI,11
2017,2017,July,7/14/2017,UK,P,Admiral,334,334-100-139,1,Juv,PLEL,PLEL,9
2017,2017,July,7/14/2017,UK,P,Admiral,334,334-100-194,1,Juv,ANTI,ANTI,39
2017,2017,July,7/14/2017,UK,P,Admiral,334,334-100-194,1,Juv,PAME,ANTI,2
2017,2017,July,7/14/2017,UK,P,Admiral,334,334-500-021,1,Juv,ANTI/GVEN,AG,10
2017,2017,July,7/14/2017,UK,P,Admiral,334,334-500-021,1,Juv,ANTI/GVEN,AG,10
2017,2017,July,7/14/2017,UK,P,Admiral,334,334-500-021,1,Juv,ANTI/GVEN,AG,16
2017,2017,July,7/14/2017,UK,P,Admiral,334,334-500-021,1,Juv,GVEN,GVEN,11
2017,2017,July,7/14/2017,UK,P,Admiral,334,334-500-021,1,Juv,GVEN,GVEN,10
2017,2017,July,7/14/2017,UK,P,Admiral,334,334-500-021,1,Juv,GVEN,GVEN,13
2017,2017,July,7/14/2017,UK,P,Admiral,334,334-500-021,1,Juv,PSEU,PSEU,21
2017,2017,July,7/14/2017,UK,P,Admiral,334,334-500-067,1,Juv,ANTI/GVEN,AG,9
2017,2017,July,7/14/2017,UK,P,Admiral,334,334-500-067,1,Juv,ANTI,ANTI,16
2017,2017,July,7/14/2017,UK,P,Admiral,334,334-500-067,1,Juv,PAME,ANTI,16
2017,2017,July,7/14/2017,UK,P,Admiral,334,334-500-067,1,Juv,GVEN,GVEN,9
2017,2017,July,7/14/2017,UK,P,Admiral,334,334-500-067,1,Juv,PSEU,PSEU,35
2017,2017,July,7/14/2017,UK,P,Admiral,334,334-500-134,1,Juv,ANTI/GVEN,AG,15
2017,2017,July,7/14/2017,UK,P,Admiral,334,334-500-134,1,Juv,ANTI/GVEN,AG,7
2017,2017,July,7/14/2017,UK,P,Admiral,334,334-500-134,1,Juv,ANTI/GVEN,AG,12
2017,2017,July,7/14/2017,UK,P,Admiral,334,334-500-134,1,Juv,PAME,ANTI,8
2017,2017,July,7/14/2017,UK,P,Admiral,334,334-500-134,1,Juv,PAME,ANTI,13
2017,2017,July,7/14/2017,UK,P,Admiral,334,334-500-134,1,Juv,GVEN,GVEN,28
2017,2017,July,7/14/2017,UK,P,Admiral,334,334-500-134,1,Juv,GVEN,GVEN,29
2017,2017,July,7/14/2017,UK,P,Admiral,334,334-500-222,1,Juv,EUNI,EUNI,10
2017,2017,July,7/14/2017,UK,P,Admiral,334,334-500-222,1,Juv,EUNI,EUNI,10
2017,2017,July,7/14/2017,UK,P,Admiral,334,334-500-222,1,Juv,GVEN,GVEN,35
2017,2017,July,7/14/2017,UK,P,Admiral,334,334-500-222,1,Juv,GVEN,GVEN,21
2017,2017,July,7/14/2017,UK,P,Admiral,334,334-500-222,1,Juv,GVEN,GVEN,19
2017,2017,July,7/14/2017,UK,P,Admiral,334,334-500-222,1,Juv,PLEL,PLEL,32
2017,2017,July,7/14/2017,UK,P,Admiral,334,334-500-222,1,Juv,PLEL,PLEL,22
2017,2017,July,7/14/2017,UK,P,Admiral,334,334-500-222,1,Juv,UNKO,UNKO,3
2017,2017,July,7/14/2017,UK,P,Admiral,334,334-500-222,1,Juv,UNKO,UNKO,6
2017,2017,May,5/13/2017,MK,P,West Turtle Shoal,341,341-100-062,1,Juv,BRIA,BRIA,31
2017,2017,May,5/13/2017,MK,P,West Turtle Shoal,341,341-100-062,1,Juv,EUNI,EUNI,4
2017,2017,May,5/13/2017,MK,P,West Turtle Shoal,341,341-100-062,1,Juv,PFLE,EUNI,10
2017,2017,May,5/13/2017,MK,P,West Turtle Shoal,341,341-100-062,1,Juv,PFLE,EUNI,17
2017,2017,May,5/13/2017,MK,P,West Turtle Shoal,341,341-100-062,1,Juv,PFLE,EUNI,12
2017,2017,May,5/13/2017,MK,P,West Turtle Shoal,341,341-100-062,1,Juv,PFLE,EUNI,30
2017,2017,May,5/13/2017,MK,P,West Turtle Shoal,341,341-100-062,1,Juv,GVEN,GVEN,32
2017,2017,May,5/13/2017,MK,P,West Turtle Shoal,341,341-100-062,1,Juv,MURO,MURO,6
2017,2017,May,5/13/2017,MK,P,West Turtle Shoal,341,341-100-096,0,NA,NA,NA,NA
2017,2017,May,5/13/2017,MK,P,West Turtle Shoal,341,341-100-116,1,Juv,PAME,ANTI,30
2017,2017,May,5/13/2017,MK,P,West Turtle Shoal,341,341-100-116,1,Juv,PAME,ANTI,21
2017,2017,May,5/13/2017,MK,P,West Turtle Shoal,341,341-100-116,1,Juv,BRIA,BRIA,5
2017,2017,May,5/13/2017,MK,P,West Turtle Shoal,341,341-100-116,1,Juv,EUNI,EUNI,5
2017,2017,May,5/13/2017,MK,P,West Turtle Shoal,341,341-100-162,1,Juv,PAME,ANTI,7
2017,2017,May,5/13/2017,MK,P,West Turtle Shoal,341,341-100-162,1,Juv,PAME,ANTI,1
2017,2017,May,5/13/2017,MK,P,West Turtle Shoal,341,341-100-162,1,Juv,PAME,ANTI,4
2017,2017,May,5/13/2017,MK,P,West Turtle Shoal,341,341-100-162,1,Juv,EUNI,EUNI,8
2017,2017,May,5/13/2017,MK,P,West Turtle Shoal,341,341-100-162,1,Juv,GVEN,GVEN,16
2017,2017,May,5/13/2017,MK,P,West Turtle Shoal,341,341-100-162,1,Juv,MURI,MURI,7
2017,2017,May,5/13/2017,MK,P,West Turtle Shoal,341,341-500-049,1,Juv,ANTI/GVEN,AG,7
2017,2017,May,5/13/2017,MK,P,West Turtle Shoal,341,341-500-049,1,Juv,EUNI,EUNI,21
2017,2017,May,5/13/2017,MK,P,West Turtle Shoal,341,341-500-049,1,Juv,UNKO,UNKO,8
2017,2017,May,5/13/2017,MK,P,West Turtle Shoal,341,341-500-049,1,Juv,UNKO,UNKO,1
2017,2017,May,5/13/2017,MK,P,West Turtle Shoal,341,341-500-078,1,Juv,ANTI/GVEN,AG,2
2017,2017,May,5/13/2017,MK,P,West Turtle Shoal,341,341-500-078,1,Juv,ANTI,ANTI,13
2017,2017,May,5/13/2017,MK,P,West Turtle Shoal,341,341-500-088,0,NA,NA,NA,NA
2017,2017,May,5/13/2017,MK,P,West Turtle Shoal,341,341-500-230,1,Juv,ANTI,ANTI,15
2017,2017,May,5/13/2017,MK,P,West Turtle Shoal,341,341-500-230,1,Juv,EUNI,EUNI,13
2017,2017,May,5/13/2017,MK,P,West Turtle Shoal,342,342-100-003,1,Juv,EUNI,EUNI,10
2017,2017,May,5/13/2017,MK,P,West Turtle Shoal,342,342-100-003,1,Juv,GVEN,GVEN,23
2017,2017,May,5/13/2017,MK,P,West Turtle Shoal,342,342-100-033,0,NA,NA,NA,NA
2017,2017,May,5/13/2017,MK,P,West Turtle Shoal,342,342-100-156,0,NA,NA,NA,NA
2017,2017,May,5/13/2017,MK,P,West Turtle Shoal,342,342-100-199,0,NA,NA,NA,NA
2017,2017,May,5/13/2017,MK,P,West Turtle Shoal,342,342-500-023,1,Juv,EUNI,EUNI,23
2017,2017,May,5/13/2017,MK,P,West Turtle Shoal,342,342-500-061,1,Juv,PAME,ANTI,8
2017,2017,May,5/13/2017,MK,P,West Turtle Shoal,342,342-500-061,1,Juv,EUNI,EUNI,8
2017,2017,May,5/13/2017,MK,P,West Turtle Shoal,342,342-500-061,1,Juv,EUNI,EUNI,5
2017,2017,May,5/13/2017,MK,P,West Turtle Shoal,342,342-500-061,1,Juv,EUNI,EUNI,8
2017,2017,May,5/13/2017,MK,P,West Turtle Shoal,342,342-500-061,1,Juv,EUNI,EUNI,10
2017,2017,May,5/13/2017,MK,P,West Turtle Shoal,342,342-500-061,1,Juv,EUNI,EUNI,7
2017,2017,May,5/13/2017,MK,P,West Turtle Shoal,342,342-500-061,1,Juv,PFLE,EUNI,18
2017,2017,May,5/13/2017,MK,P,West Turtle Shoal,342,342-500-061,1,Juv,GVEN,GVEN,15
2017,2017,May,5/13/2017,MK,P,West Turtle Shoal,342,342-500-061,1,Juv,GVEN,GVEN,31
2017,2017,May,5/13/2017,MK,P,West Turtle Shoal,342,342-500-061,1,Juv,MURI,MURI,15
2017,2017,May,5/13/2017,MK,P,West Turtle Shoal,342,342-500-061,1,Juv,PPOR,PSEU,3
2017,2017,May,5/13/2017,MK,P,West Turtle Shoal,342,342-500-134,1,Juv,EUNI,EUNI,17
2017,2017,May,5/13/2017,MK,P,West Turtle Shoal,342,342-500-134,1,Juv,EUNI,EUNI,5
2017,2017,May,5/13/2017,MK,P,West Turtle Shoal,342,342-500-134,1,Juv,EUNI,EUNI,5
2017,2017,May,5/13/2017,MK,P,West Turtle Shoal,342,342-500-205,1,Juv,ANTI/GVEN,AG,8
2017,2017,May,5/13/2017,MK,P,West Turtle Shoal,342,342-500-205,1,Juv,EUNI,EUNI,23
2017,2017,May,5/13/2017,MK,P,West Turtle Shoal,342,342-500-205,1,Juv,EUNI,EUNI,26
2017,2017,May,5/13/2017,MK,P,West Turtle Shoal,342,342-500-205,1,Juv,GVEN,GVEN,14
2017,2017,May,5/13/2017,MK,P,West Turtle Shoal,342,342-500-205,1,Juv,PSEU,PSEU,18
2017,2017,May,5/13/2017,MK,P,West Turtle Shoal,342,342-500-205,1,Juv,UNKO,UNKO,10
2017,2017,May,5/13/2017,MK,P,West Turtle Shoal,343,343-100-008,0,NA,NA,NA,NA
2017,2017,May,5/13/2017,MK,P,West Turtle Shoal,343,343-100-023,1,Juv,EUNI,EUNI,9
2017,2017,May,5/13/2017,MK,P,West Turtle Shoal,343,343-100-023,1,Juv,GVEN,GVEN,33
2017,2017,May,5/13/2017,MK,P,West Turtle Shoal,343,343-100-023,1,Juv,PLEL,PLEL,33
2017,2017,May,5/13/2017,MK,P,West Turtle Shoal,343,343-100-146,1,Juv,EUNI,EUNI,15
2017,2017,May,5/13/2017,MK,P,West Turtle Shoal,343,343-100-193,1,Juv,PAME,ANTI,2
2017,2017,May,5/13/2017,MK,P,West Turtle Shoal,343,343-100-193,1,Juv,EUNI,EUNI,5
2017,2017,May,5/13/2017,MK,P,West Turtle Shoal,343,343-100-193,1,Juv,GVEN,GVEN,37
2017,2017,May,5/13/2017,MK,P,West Turtle Shoal,343,343-500-008,0,NA,NA,NA,NA
2017,2017,May,5/13/2017,MK,P,West Turtle Shoal,343,343-500-045,1,Juv,EUNI,EUNI,19
2017,2017,May,5/13/2017,MK,P,West Turtle Shoal,343,343-500-045,1,Juv,UNKO,UNKO,1
2017,2017,May,5/13/2017,MK,P,West Turtle Shoal,343,343-500-045,1,Juv,UNKO,UNKO,1
2017,2017,May,5/13/2017,MK,P,West Turtle Shoal,343,343-500-094,1,Juv,EUNI,EUNI,3
2017,2017,May,5/13/2017,MK,P,West Turtle Shoal,343,343-500-094,1,Juv,MURI,MURI,2
2017,2017,May,5/13/2017,MK,P,West Turtle Shoal,343,343-500-094,1,Juv,UNKO,UNKO,16
2017,2017,May,5/13/2017,MK,P,West Turtle Shoal,343,343-500-201,1,Juv,PAME,ANTI,4
2017,2017,May,5/13/2017,MK,P,West Turtle Shoal,344,344-100-060,1,Juv,ANTI,ANTI,5
2017,2017,May,5/13/2017,MK,P,West Turtle Shoal,344,344-100-060,1,Juv,EUNI,EUNI,16
2017,2017,May,5/13/2017,MK,P,West Turtle Shoal,344,344-100-060,1,Juv,GVEN,GVEN,32
2017,2017,May,5/13/2017,MK,P,West Turtle Shoal,344,344-100-116,1,Juv,ANTI,ANTI,16
2017,2017,May,5/13/2017,MK,P,West Turtle Shoal,344,344-100-116,1,Juv,GVEN,GVEN,25
2017,2017,May,5/13/2017,MK,P,West Turtle Shoal,344,344-100-132,1,Juv,GVEN,AG,11
2017,2017,May,5/13/2017,MK,P,West Turtle Shoal,344,344-100-132,1,Juv,ANTI/GVEN,AG,8
2017,2017,May,5/13/2017,MK,P,West Turtle Shoal,344,344-100-132,1,Juv,ANTI/GVEN,AG,9
2017,2017,May,5/13/2017,MK,P,West Turtle Shoal,344,344-100-132,1,Juv,PAME,ANTI,8
2017,2017,May,5/13/2017,MK,P,West Turtle Shoal,344,344-100-132,1,Juv,EUNI,EUNI,7
2017,2017,May,5/13/2017,MK,P,West Turtle Shoal,344,344-100-132,1,Juv,EUNI,EUNI,8
2017,2017,May,5/13/2017,MK,P,West Turtle Shoal,344,344-100-132,1,Juv,UNKO,UNKO,3
2017,2017,May,5/13/2017,MK,P,West Turtle Shoal,344,344-100-180,1,Juv,ANTI,ANTI,12
2017,2017,May,5/13/2017,MK,P,West Turtle Shoal,344,344-100-180,1,Juv,ANTI,ANTI,4
2017,2017,May,5/13/2017,MK,P,West Turtle Shoal,344,344-100-180,1,Juv,ANTI,ANTI,13
2017,2017,May,5/13/2017,MK,P,West Turtle Shoal,344,344-100-180,1,Juv,ANTI,ANTI,10
2017,2017,May,5/13/2017,MK,P,West Turtle Shoal,344,344-100-180,1,Juv,EUNI,EUNI,15
2017,2017,May,5/13/2017,MK,P,West Turtle Shoal,344,344-100-180,1,Juv,EUNI,EUNI,12
2017,2017,May,5/13/2017,MK,P,West Turtle Shoal,344,344-500-035,1,Juv,PLEL,PLEL,28
2017,2017,May,5/13/2017,MK,P,West Turtle Shoal,344,344-500-035,1,Juv,UNKO,UNKO,3
2017,2017,May,5/13/2017,MK,P,West Turtle Shoal,344,344-500-076,1,Juv,ANTI,ANTI,11
2017,2017,May,5/13/2017,MK,P,West Turtle Shoal,344,344-500-076,1,Juv,ECAL,EUNI,14
2017,2017,May,5/13/2017,MK,P,West Turtle Shoal,344,344-500-076,1,Juv,EUNI,EUNI,9
2017,2017,May,5/13/2017,MK,P,West Turtle Shoal,344,344-500-076,1,Juv,EUNI,EUNI,18
2017,2017,May,5/13/2017,MK,P,West Turtle Shoal,344,344-500-076,1,Juv,EUNI,EUNI,23
2017,2017,May,5/13/2017,MK,P,West Turtle Shoal,344,344-500-076,1,Juv,EUNI,EUNI,14
2017,2017,May,5/13/2017,MK,P,West Turtle Shoal,344,344-500-076,1,Juv,PFLE,EUNI,14
2017,2017,May,5/13/2017,MK,P,West Turtle Shoal,344,344-500-076,1,Juv,GVEN,GVEN,30
2017,2017,May,5/13/2017,MK,P,West Turtle Shoal,344,344-500-076,1,Juv,GVEN,GVEN,33
2017,2017,May,5/13/2017,MK,P,West Turtle Shoal,344,344-500-076,1,Juv,PPOR,PSEU,14
2017,2017,May,5/13/2017,MK,P,West Turtle Shoal,344,344-500-103,1,Juv,GVEN,GVEN,13
2017,2017,May,5/13/2017,MK,P,West Turtle Shoal,344,344-500-187,1,Juv,ANTI,ANTI,5
2017,2017,May,5/16/2017,MK,P,Dustan Rocks,351,351-100-055,1,Juv,EUNI,EUNI,7
2017,2017,May,5/16/2017,MK,P,Dustan Rocks,351,351-100-055,1,Juv,EUNI,EUNI,4
2017,2017,May,5/16/2017,MK,P,Dustan Rocks,351,351-100-112,1,Juv,ANTI/GVEN,AG,6
2017,2017,May,5/16/2017,MK,P,Dustan Rocks,351,351-100-112,1,Juv,ANTI,ANTI,4
2017,2017,May,5/16/2017,MK,P,Dustan Rocks,351,351-100-112,1,Juv,PAME,ANTI,39
2017,2017,May,5/16/2017,MK,P,Dustan Rocks,351,351-100-157,1,Juv,PAME,ANTI,11
2017,2017,May,5/16/2017,MK,P,Dustan Rocks,351,351-100-157,1,Juv,PAME,ANTI,5
2017,2017,May,5/16/2017,MK,P,Dustan Rocks,351,351-100-157,1,Juv,PAME,ANTI,18
2017,2017,May,5/16/2017,MK,P,Dustan Rocks,351,351-100-157,1,Juv,UNKO,UNKO,5
2017,2017,May,5/16/2017,MK,P,Dustan Rocks,351,351-100-157,1,Juv,UNKO,UNKO,5
2017,2017,May,5/16/2017,MK,P,Dustan Rocks,351,351-100-192,0,NA,NA,NA,NA
2017,2017,May,5/16/2017,MK,P,Dustan Rocks,351,351-500-011,0,NA,NA,NA,NA
2017,2017,May,5/16/2017,MK,P,Dustan Rocks,351,351-500-083,0,NA,NA,NA,NA
2017,2017,May,5/16/2017,MK,P,Dustan Rocks,351,351-500-139,1,Juv,ANTI,ANTI,5
2017,2017,May,5/16/2017,MK,P,Dustan Rocks,351,351-500-139,1,Juv,ANTI,ANTI,6
2017,2017,May,5/16/2017,MK,P,Dustan Rocks,351,351-500-139,1,Juv,PAME,ANTI,20
2017,2017,May,5/16/2017,MK,P,Dustan Rocks,351,351-500-139,1,Juv,PAME,ANTI,39
2017,2017,May,5/16/2017,MK,P,Dustan Rocks,351,351-500-139,1,Juv,EUNI,EUNI,6
2017,2017,May,5/16/2017,MK,P,Dustan Rocks,351,351-500-139,1,Juv,GVEN,GVEN,12
2017,2017,May,5/16/2017,MK,P,Dustan Rocks,351,351-500-154,1,Juv,ANTI,ANTI,8
2017,2017,May,5/16/2017,MK,P,Dustan Rocks,352,352-100-027,1,Juv,EUNI,EUNI,11
2017,2017,May,5/16/2017,MK,P,Dustan Rocks,352,352-100-120,1,Juv,PPOR,PSEU,6
2017,2017,May,5/16/2017,MK,P,Dustan Rocks,352,352-100-120,1,Juv,PPOR,PSEU,8
2017,2017,May,5/16/2017,MK,P,Dustan Rocks,352,352-100-120,1,Iso,PSEU,PSEU,22
2017,2017,May,5/16/2017,MK,P,Dustan Rocks,352,352-100-120,1,Juv,UNKO,UNKO,1
2017,2017,May,5/16/2017,MK,P,Dustan Rocks,352,352-100-139,1,Juv,PAME,ANTI,14
2017,2017,May,5/16/2017,MK,P,Dustan Rocks,352,352-100-139,1,Juv,PAME,ANTI,24
2017,2017,May,5/16/2017,MK,P,Dustan Rocks,352,352-100-208,0,NA,NA,NA,NA
2017,2017,May,5/16/2017,MK,P,Dustan Rocks,352,352-500-035,1,Juv,PAME,ANTI,11
2017,2017,May,5/16/2017,MK,P,Dustan Rocks,352,352-500-035,1,Juv,MURI,MURI,37
2017,2017,May,5/16/2017,MK,P,Dustan Rocks,352,352-500-117,1,Juv,ANTI,ANTI,4
2017,2017,May,5/16/2017,MK,P,Dustan Rocks,352,352-500-117,1,Juv,ANTI,ANTI,6
2017,2017,May,5/16/2017,MK,P,Dustan Rocks,352,352-500-117,1,Juv,EUNI,EUNI,6
2017,2017,May,5/16/2017,MK,P,Dustan Rocks,352,352-500-117,1,Juv,GVEN,GVEN,24
2017,2017,May,5/16/2017,MK,P,Dustan Rocks,352,352-500-150,1,Juv,ANTI/GVEN,AG,2
2017,2017,May,5/16/2017,MK,P,Dustan Rocks,352,352-500-150,1,Juv,ANTI,ANTI,6
2017,2017,May,5/16/2017,MK,P,Dustan Rocks,352,352-500-150,1,Juv,EUNI,EUNI,10
2017,2017,May,5/16/2017,MK,P,Dustan Rocks,352,352-500-150,1,Juv,EUNI,EUNI,3
2017,2017,May,5/16/2017,MK,P,Dustan Rocks,352,352-500-150,1,Juv,UNKO,UNKO,7
2017,2017,May,5/16/2017,MK,P,Dustan Rocks,352,352-500-150,1,Juv,UNKO,UNKO,9
2017,2017,May,5/16/2017,MK,P,Dustan Rocks,352,352-500-218,1,Juv,PAME,ANTI,6
2017,2017,May,5/16/2017,MK,P,Dustan Rocks,352,352-500-218,1,Juv,PAME,ANTI,14
2017,2017,May,5/16/2017,MK,P,Dustan Rocks,352,352-500-218,1,Juv,PAME,ANTI,11
2017,2017,May,5/16/2017,MK,P,Dustan Rocks,352,352-500-218,1,Juv,EUNI,EUNI,12
2017,2017,May,5/16/2017,MK,P,Dustan Rocks,353,353-100-016,0,NA,NA,NA,NA
2017,2017,May,5/16/2017,MK,P,Dustan Rocks,353,353-100-071,1,Juv,EUNI,EUNI,9
2017,2017,May,5/16/2017,MK,P,Dustan Rocks,353,353-100-071,1,Juv,EUNI,EUNI,11
2017,2017,May,5/16/2017,MK,P,Dustan Rocks,353,353-100-071,1,Juv,MURI,MURI,10
2017,2017,May,5/16/2017,MK,P,Dustan Rocks,353,353-100-185,1,Juv,ANTI/GVEN,AG,15
2017,2017,May,5/16/2017,MK,P,Dustan Rocks,353,353-100-185,1,Juv,EUNI,EUNI,4
2017,2017,May,5/16/2017,MK,P,Dustan Rocks,353,353-100-185,1,Juv,EUNI,EUNI,4
2017,2017,May,5/16/2017,MK,P,Dustan Rocks,353,353-100-185,1,Juv,PFLE,EUNI,22
2017,2017,May,5/16/2017,MK,P,Dustan Rocks,353,353-100-206,1,Juv,ANTI,ANTI,4
2017,2017,May,5/16/2017,MK,P,Dustan Rocks,353,353-100-206,1,Juv,ANTI,ANTI,4
2017,2017,May,5/16/2017,MK,P,Dustan Rocks,353,353-100-206,1,Juv,ANTI,ANTI,3
2017,2017,May,5/16/2017,MK,P,Dustan Rocks,353,353-500-000,1,Juv,EUNI,EUNI,18
2017,2017,May,5/16/2017,MK,P,Dustan Rocks,353,353-500-000,1,Juv,PFLE,EUNI,24
2017,2017,May,5/16/2017,MK,P,Dustan Rocks,353,353-500-000,1,Juv,GVEN,GVEN,36
2017,2017,May,5/16/2017,MK,P,Dustan Rocks,353,353-500-047,1,Juv,ANTI,ANTI,10
2017,2017,May,5/16/2017,MK,P,Dustan Rocks,353,353-500-083,0,NA,NA,NA,NA
2017,2017,May,5/16/2017,MK,P,Dustan Rocks,353,353-500-194,1,Juv,ANTI/GVEN,AG,10
2017,2017,May,5/16/2017,MK,P,Dustan Rocks,353,353-500-194,1,Juv,ANTI/GVEN,AG,10
2017,2017,May,5/16/2017,MK,P,Dustan Rocks,353,353-500-194,1,Juv,PAME,ANTI,13
2017,2017,May,5/16/2017,MK,P,Dustan Rocks,353,353-500-194,1,Juv,PAME,ANTI,15
2017,2017,May,5/16/2017,MK,P,Dustan Rocks,353,353-500-194,1,Juv,EUNI,EUNI,4
2017,2017,May,5/16/2017,MK,P,Dustan Rocks,353,353-500-194,1,Juv,GVEN,GVEN,19
2017,2017,May,5/16/2017,MK,P,Dustan Rocks,353,353-500-194,1,Juv,UNKO,UNKO,8
2017,2017,May,5/16/2017,MK,P,Dustan Rocks,353,353-500-194,1,Juv,UNKO,UNKO,13
2017,2017,May,5/16/2017,MK,P,Dustan Rocks,354,354-100-032,0,NA,NA,NA,NA
2017,2017,May,5/16/2017,MK,P,Dustan Rocks,354,354-100-045,1,Juv,PAME,ANTI,2
2017,2017,May,5/16/2017,MK,P,Dustan Rocks,354,354-100-045,1,Juv,UNKO,UNKO,2
2017,2017,May,5/16/2017,MK,P,Dustan Rocks,354,354-100-045,1,Juv,UNKO,UNKO,2
2017,2017,May,5/16/2017,MK,P,Dustan Rocks,354,354-100-103,1,Juv,EUNI,EUNI,5
2017,2017,May,5/16/2017,MK,P,Dustan Rocks,354,354-100-103,1,Juv,GVEN,GVEN,19
2017,2017,May,5/16/2017,MK,P,Dustan Rocks,354,354-100-103,1,Juv,UNKO,UNKO,4
2017,2017,May,5/16/2017,MK,P,Dustan Rocks,354,354-100-144,1,Juv,UNKO,UNKO,4
2017,2017,May,5/16/2017,MK,P,Dustan Rocks,354,354-100-144,1,Juv,UNKO,UNKO,4
2017,2017,May,5/16/2017,MK,P,Dustan Rocks,354,354-100-144,1,Juv,UNKO,UNKO,2
2017,2017,May,5/16/2017,MK,P,Dustan Rocks,354,354-500-043,0,NA,NA,NA,NA
2017,2017,May,5/16/2017,MK,P,Dustan Rocks,354,354-500-054,1,Juv,PFLE,EUNI,25
2017,2017,May,5/16/2017,MK,P,Dustan Rocks,354,354-500-185,0,NA,NA,NA,NA
2017,2017,May,5/16/2017,MK,P,Dustan Rocks,354,354-500-202,0,NA,NA,NA,NA
2017,2017,Aug,8/17/2017,LK,P,West Washerwoman,361,361-100-046,0,NA,NA,NA,NA
2017,2017,Aug,8/17/2017,LK,P,West Washerwoman,361,361-100-089,0,NA,NA,NA,NA
2017,2017,Aug,8/17/2017,LK,P,West Washerwoman,361,361-100-140,0,NA,NA,NA,NA
2017,2017,Aug,8/17/2017,LK,P,West Washerwoman,361,361-100-188,0,NA,NA,NA,NA
2017,2017,Aug,8/17/2017,LK,P,West Washerwoman,361,361-500-019,0,NA,NA,NA,NA
2017,2017,Aug,8/17/2017,LK,P,West Washerwoman,361,361-500-073,0,NA,NA,NA,NA
2017,2017,Aug,8/17/2017,LK,P,West Washerwoman,361,361-500-159,0,NA,NA,NA,NA
2017,2017,Aug,8/17/2017,LK,P,West Washerwoman,361,361-500-169,1,Juv,ANTI,ANTI,14
2017,2017,Aug,8/17/2017,LK,P,West Washerwoman,362,362-100-059,1,Juv,UNKO,UNKO,2
2017,2017,Aug,8/17/2017,LK,P,West Washerwoman,362,362-100-091,1,Juv,ANTI,ANTI,6
2017,2017,Aug,8/17/2017,LK,P,West Washerwoman,362,362-100-109,0,NA,NA,NA,NA
2017,2017,Aug,8/17/2017,LK,P,West Washerwoman,362,362-100-130,0,NA,NA,NA,NA
2017,2017,Aug,8/17/2017,LK,P,West Washerwoman,362,362-500-058,1,Juv,EUNI,EUNI,17
2017,2017,Aug,8/17/2017,LK,P,West Washerwoman,362,362-500-145,0,NA,NA,NA,NA
2017,2017,Aug,8/17/2017,LK,P,West Washerwoman,362,362-500-157,0,NA,NA,NA,NA
2017,2017,Aug,8/17/2017,LK,P,West Washerwoman,362,362-500-213,0,NA,NA,NA,NA
2017,2017,Aug,8/17/2017,LK,P,West Washerwoman,363,363-100-055,1,Juv,UNKO,UNKO,7
2017,2017,Aug,8/17/2017,LK,P,West Washerwoman,363,363-100-072,0,NA,NA,NA,NA
2017,2017,Aug,8/17/2017,LK,P,West Washerwoman,363,363-100-137,0,NA,NA,NA,NA
2017,2017,Aug,8/17/2017,LK,P,West Washerwoman,363,363-100-167,0,NA,NA,NA,NA
2017,2017,Aug,8/17/2017,LK,P,West Washerwoman,363,363-500-032,0,NA,NA,NA,NA
2017,2017,Aug,8/17/2017,LK,P,West Washerwoman,363,363-500-115,0,NA,NA,NA,NA
2017,2017,Aug,8/17/2017,LK,P,West Washerwoman,363,363-500-152,0,NA,NA,NA,NA
2017,2017,Aug,8/17/2017,LK,P,West Washerwoman,363,363-500-207,0,NA,NA,NA,NA
2017,2017,Aug,8/17/2017,LK,P,West Washerwoman,364,364-100-027,0,NA,NA,NA,NA
2017,2017,Aug,8/17/2017,LK,P,West Washerwoman,364,364-100-091,0,NA,NA,NA,NA
2017,2017,Aug,8/17/2017,LK,P,West Washerwoman,364,364-100-125,0,NA,NA,NA,NA
2017,2017,Aug,8/17/2017,LK,P,West Washerwoman,364,364-100-194,0,NA,NA,NA,NA
2017,2017,Aug,8/17/2017,LK,P,West Washerwoman,364,364-500-104,0,NA,NA,NA,NA
2017,2017,Aug,8/17/2017,LK,P,West Washerwoman,364,364-500-120,0,NA,NA,NA,NA
2017,2017,Aug,8/17/2017,LK,P,West Washerwoman,364,364-500-170,0,NA,NA,NA,NA
2017,2017,Aug,8/17/2017,LK,P,West Washerwoman,364,364-500-198,0,NA,NA,NA,NA
2017,2017,July,7/15/2017,UK,OS,Carysfort Shallow,501,501-100-010,1,Juv,ANTI/GVEN,AG,6
2017,2017,July,7/15/2017,UK,OS,Carysfort Shallow,501,501-100-010,1,Juv,ANTI,ANTI,4
2017,2017,July,7/15/2017,UK,OS,Carysfort Shallow,501,501-100-038,1,Juv,ANTI/GVEN,AG,8
2017,2017,July,7/15/2017,UK,OS,Carysfort Shallow,501,501-100-038,1,Juv,ANTI,ANTI,2
2017,2017,July,7/15/2017,UK,OS,Carysfort Shallow,501,501-100-038,1,Juv,ANTI,ANTI,4
2017,2017,July,7/15/2017,UK,OS,Carysfort Shallow,501,501-100-038,1,Juv,EUNI,EUNI,4
2017,2017,July,7/15/2017,UK,OS,Carysfort Shallow,501,501-100-038,1,Juv,GVEN,GVEN,10
2017,2017,July,7/15/2017,UK,OS,Carysfort Shallow,501,501-100-038,1,Juv,GVEN,GVEN,5
2017,2017,July,7/15/2017,UK,OS,Carysfort Shallow,501,501-100-038,1,Juv,GVEN,GVEN,5
2017,2017,July,7/15/2017,UK,OS,Carysfort Shallow,501,501-100-038,1,Juv,GVEN,GVEN,3
2017,2017,July,7/15/2017,UK,OS,Carysfort Shallow,501,501-100-137,1,Juv,ANTI/GVEN,AG,7
2017,2017,July,7/15/2017,UK,OS,Carysfort Shallow,501,501-100-137,1,Juv,ANTI,ANTI,4
2017,2017,July,7/15/2017,UK,OS,Carysfort Shallow,501,501-100-137,1,Juv,ANTI,ANTI,4
2017,2017,July,7/15/2017,UK,OS,Carysfort Shallow,501,501-100-137,1,Juv,ANTI,ANTI,5
2017,2017,July,7/15/2017,UK,OS,Carysfort Shallow,501,501-100-137,1,Juv,ANTI,ANTI,4
2017,2017,July,7/15/2017,UK,OS,Carysfort Shallow,501,501-100-137,1,Juv,ANTI,ANTI,3
2017,2017,July,7/15/2017,UK,OS,Carysfort Shallow,501,501-100-159,1,Juv,ANTI/GVEN,AG,2
2017,2017,July,7/15/2017,UK,OS,Carysfort Shallow,501,501-100-159,1,Juv,ANTI/GVEN,AG,13
2017,2017,July,7/15/2017,UK,OS,Carysfort Shallow,501,501-100-159,1,Juv,ANTI/GVEN,AG,13
2017,2017,July,7/15/2017,UK,OS,Carysfort Shallow,501,501-100-159,1,Juv,ANTI/GVEN,AG,6
2017,2017,July,7/15/2017,UK,OS,Carysfort Shallow,501,501-100-159,1,Juv,GVEN,GVEN,6
2017,2017,July,7/15/2017,UK,OS,Carysfort Shallow,501,501-500-016,1,Juv,ANTI/GVEN,AG,6
2017,2017,July,7/15/2017,UK,OS,Carysfort Shallow,501,501-500-016,1,Juv,ANTI/GVEN,AG,7
2017,2017,July,7/15/2017,UK,OS,Carysfort Shallow,501,501-500-016,1,Juv,ANTI/GVEN,AG,7
2017,2017,July,7/15/2017,UK,OS,Carysfort Shallow,501,501-500-034,1,Juv,ANTI/GVEN,AG,5
2017,2017,July,7/15/2017,UK,OS,Carysfort Shallow,501,501-500-034,1,Juv,ANTI/GVEN,AG,3
2017,2017,July,7/15/2017,UK,OS,Carysfort Shallow,501,501-500-034,1,Juv,ANTI/GVEN,AG,7
2017,2017,July,7/15/2017,UK,OS,Carysfort Shallow,501,501-500-034,1,Juv,ANTI/GVEN,AG,6
2017,2017,July,7/15/2017,UK,OS,Carysfort Shallow,501,501-500-034,1,Juv,ANTI/GVEN,AG,5
2017,2017,July,7/15/2017,UK,OS,Carysfort Shallow,501,501-500-034,1,Juv,ANTI/GVEN,AG,4
2017,2017,July,7/15/2017,UK,OS,Carysfort Shallow,501,501-500-034,1,Juv,ANTI/GVEN,AG,4
2017,2017,July,7/15/2017,UK,OS,Carysfort Shallow,501,501-500-034,1,Juv,ANTI/GVEN,AG,8
2017,2017,July,7/15/2017,UK,OS,Carysfort Shallow,501,501-500-034,1,Juv,ANTI/GVEN,AG,6
2017,2017,July,7/15/2017,UK,OS,Carysfort Shallow,501,501-500-034,1,Juv,ANTI,ANTI,8
2017,2017,July,7/15/2017,UK,OS,Carysfort Shallow,501,501-500-084,0,NA,NA,NA,NA
2017,2017,July,7/15/2017,UK,OS,Carysfort Shallow,501,501-500-108,0,NA,NA,NA,NA
2017,2017,July,7/15/2017,UK,OS,Carysfort Shallow,502,502-100-044,1,Juv,ANTI/GVEN,AG,2
2017,2017,July,7/15/2017,UK,OS,Carysfort Shallow,502,502-100-044,1,Juv,ANTI/GVEN,AG,6
2017,2017,July,7/15/2017,UK,OS,Carysfort Shallow,502,502-100-126,1,Juv,ANTI/GVEN,AG,6
2017,2017,July,7/15/2017,UK,OS,Carysfort Shallow,502,502-100-144,1,Juv,ANTI,ANTI,3
2017,2017,July,7/15/2017,UK,OS,Carysfort Shallow,502,502-100-181,0,NA,NA,NA,NA
2017,2017,July,7/15/2017,UK,OS,Carysfort Shallow,502,502-500-028,1,Juv,ANTI/GVEN,AG,5
2017,2017,July,7/15/2017,UK,OS,Carysfort Shallow,502,502-500-028,1,Juv,ANTI/GVEN,AG,3
2017,2017,July,7/15/2017,UK,OS,Carysfort Shallow,502,502-500-028,1,Juv,ANTI/GVEN,AG,4
2017,2017,July,7/15/2017,UK,OS,Carysfort Shallow,502,502-500-028,1,Juv,ANTI/GVEN,AG,3
2017,2017,July,7/15/2017,UK,OS,Carysfort Shallow,502,502-500-028,1,Juv,GVEN,GVEN,14
2017,2017,July,7/15/2017,UK,OS,Carysfort Shallow,502,502-500-045,1,Juv,ANTI/GVEN,AG,5
2017,2017,July,7/15/2017,UK,OS,Carysfort Shallow,502,502-500-045,1,Juv,ANTI/GVEN,AG,4
2017,2017,July,7/15/2017,UK,OS,Carysfort Shallow,502,502-500-115,1,Juv,ANTI/GVEN,AG,6
2017,2017,July,7/15/2017,UK,OS,Carysfort Shallow,502,502-500-115,1,Juv,ANTI/GVEN,AG,5
2017,2017,July,7/15/2017,UK,OS,Carysfort Shallow,502,502-500-160,1,Juv,ANTI/GVEN,AG,2
2017,2017,July,7/15/2017,UK,OS,Carysfort Shallow,503,503-100-044,1,Juv,ANTI,ANTI,4
2017,2017,July,7/15/2017,UK,OS,Carysfort Shallow,503,503-100-044,1,Juv,ANTI,ANTI,7
2017,2017,July,7/15/2017,UK,OS,Carysfort Shallow,503,503-100-044,1,Juv,ANTI,ANTI,7
2017,2017,July,7/15/2017,UK,OS,Carysfort Shallow,503,503-100-044,1,Juv,ANTI,ANTI,5
2017,2017,July,7/15/2017,UK,OS,Carysfort Shallow,503,503-100-044,1,Juv,ANTI,ANTI,8
2017,2017,July,7/15/2017,UK,OS,Carysfort Shallow,503,503-100-044,1,Juv,ANTI,ANTI,3
2017,2017,July,7/15/2017,UK,OS,Carysfort Shallow,503,503-100-044,1,Juv,ANTI,ANTI,7
2017,2017,July,7/15/2017,UK,OS,Carysfort Shallow,503,503-100-044,1,Juv,ANTI,ANTI,6
2017,2017,July,7/15/2017,UK,OS,Carysfort Shallow,503,503-100-044,1,Juv,ANTI,ANTI,8
2017,2017,July,7/15/2017,UK,OS,Carysfort Shallow,503,503-100-044,1,Juv,ANTI,ANTI,9
2017,2017,July,7/15/2017,UK,OS,Carysfort Shallow,503,503-100-044,1,Juv,ANTI,ANTI,12
2017,2017,July,7/15/2017,UK,OS,Carysfort Shallow,503,503-100-044,1,Juv,ANTI,ANTI,14
2017,2017,July,7/15/2017,UK,OS,Carysfort Shallow,503,503-100-044,1,Juv,ANTI,ANTI,5
2017,2017,July,7/15/2017,UK,OS,Carysfort Shallow,503,503-100-044,1,Juv,ANTI,ANTI,16
2017,2017,July,7/15/2017,UK,OS,Carysfort Shallow,503,503-100-044,1,Juv,ANTI,ANTI,16
2017,2017,July,7/15/2017,UK,OS,Carysfort Shallow,503,503-100-044,1,Juv,ANTI,ANTI,13
2017,2017,July,7/15/2017,UK,OS,Carysfort Shallow,503,503-100-044,1,Juv,ANTI,ANTI,18
2017,2017,July,7/15/2017,UK,OS,Carysfort Shallow,503,503-100-044,1,Juv,ANTI,ANTI,15
2017,2017,July,7/15/2017,UK,OS,Carysfort Shallow,503,503-100-044,1,Juv,ANTI,ANTI,17
2017,2017,July,7/15/2017,UK,OS,Carysfort Shallow,503,503-100-044,1,Juv,ANTI,ANTI,10
2017,2017,July,7/15/2017,UK,OS,Carysfort Shallow,503,503-100-044,1,Juv,ANTI,ANTI,2
2017,2017,July,7/15/2017,UK,OS,Carysfort Shallow,503,503-100-044,1,Juv,ANTI,ANTI,6
2017,2017,July,7/15/2017,UK,OS,Carysfort Shallow,503,503-100-044,1,Juv,ANTI,ANTI,8
2017,2017,July,7/15/2017,UK,OS,Carysfort Shallow,503,503-100-044,1,Juv,ANTI,ANTI,10
2017,2017,July,7/15/2017,UK,OS,Carysfort Shallow,503,503-100-044,1,Juv,ANTI,ANTI,6
2017,2017,July,7/15/2017,UK,OS,Carysfort Shallow,503,503-100-044,1,Juv,ANTI,ANTI,5
2017,2017,July,7/15/2017,UK,OS,Carysfort Shallow,503,503-100-044,1,Juv,ANTI,ANTI,10
2017,2017,July,7/15/2017,UK,OS,Carysfort Shallow,503,503-100-044,1,Juv,ANTI,ANTI,9
2017,2017,July,7/15/2017,UK,OS,Carysfort Shallow,503,503-100-044,1,Juv,ANTI,ANTI,7
2017,2017,July,7/15/2017,UK,OS,Carysfort Shallow,503,503-100-044,1,Juv,ANTI,ANTI,22
2017,2017,July,7/15/2017,UK,OS,Carysfort Shallow,503,503-100-044,1,Juv,EUNI,EUNI,10
2017,2017,July,7/15/2017,UK,OS,Carysfort Shallow,503,503-100-044,1,Juv,EUNI,EUNI,5
2017,2017,July,7/15/2017,UK,OS,Carysfort Shallow,503,503-100-044,1,Juv,UNKO,UNKO,9
2017,2017,July,7/15/2017,UK,OS,Carysfort Shallow,503,503-100-070,1,Juv,ANTI,ANTI,37
2017,2017,July,7/15/2017,UK,OS,Carysfort Shallow,503,503-100-070,1,Juv,ANTI,ANTI,22
2017,2017,July,7/15/2017,UK,OS,Carysfort Shallow,503,503-100-070,1,Juv,ANTI,ANTI,11
2017,2017,July,7/15/2017,UK,OS,Carysfort Shallow,503,503-100-070,1,Juv,ANTI,ANTI,13
2017,2017,July,7/15/2017,UK,OS,Carysfort Shallow,503,503-100-070,1,Juv,ANTI,ANTI,8
2017,2017,July,7/15/2017,UK,OS,Carysfort Shallow,503,503-100-070,1,Juv,ANTI,ANTI,6
2017,2017,July,7/15/2017,UK,OS,Carysfort Shallow,503,503-100-070,1,Juv,ANTI,ANTI,8
2017,2017,July,7/15/2017,UK,OS,Carysfort Shallow,503,503-100-070,1,Juv,ANTI,ANTI,10
2017,2017,July,7/15/2017,UK,OS,Carysfort Shallow,503,503-100-070,1,Juv,ANTI,ANTI,3
2017,2017,July,7/15/2017,UK,OS,Carysfort Shallow,503,503-100-070,1,Juv,ANTI,ANTI,13
2017,2017,July,7/15/2017,UK,OS,Carysfort Shallow,503,503-100-070,1,Juv,ANTI,ANTI,8
2017,2017,July,7/15/2017,UK,OS,Carysfort Shallow,503,503-100-070,1,Juv,ANTI,ANTI,3
2017,2017,July,7/15/2017,UK,OS,Carysfort Shallow,503,503-100-070,1,Juv,ANTI,ANTI,7
2017,2017,July,7/15/2017,UK,OS,Carysfort Shallow,503,503-100-070,1,Juv,ANTI,ANTI,1
2017,2017,July,7/15/2017,UK,OS,Carysfort Shallow,503,503-100-070,1,Juv,ANTI,ANTI,2
2017,2017,July,7/15/2017,UK,OS,Carysfort Shallow,503,503-100-070,1,Juv,ANTI,ANTI,10
2017,2017,July,7/15/2017,UK,OS,Carysfort Shallow,503,503-100-070,1,Juv,ANTI,ANTI,12
2017,2017,July,7/15/2017,UK,OS,Carysfort Shallow,503,503-100-070,1,Juv,ANTI,ANTI,10
2017,2017,July,7/15/2017,UK,OS,Carysfort Shallow,503,503-100-070,1,Juv,ANTI,ANTI,3
2017,2017,July,7/15/2017,UK,OS,Carysfort Shallow,503,503-100-070,1,Juv,ANTI,ANTI,12
2017,2017,July,7/15/2017,UK,OS,Carysfort Shallow,503,503-100-070,1,Juv,EUNI,EUNI,5
2017,2017,July,7/15/2017,UK,OS,Carysfort Shallow,503,503-100-070,1,Juv,EUNI,EUNI,9
2017,2017,July,7/15/2017,UK,OS,Carysfort Shallow,503,503-100-070,1,Juv,EUNI,EUNI,4
2017,2017,July,7/15/2017,UK,OS,Carysfort Shallow,503,503-100-070,1,Juv,EUNI,EUNI,5
2017,2017,July,7/15/2017,UK,OS,Carysfort Shallow,503,503-100-070,1,Juv,GVEN,GVEN,22
2017,2017,July,7/15/2017,UK,OS,Carysfort Shallow,503,503-100-070,1,Juv,GVEN,GVEN,18
2017,2017,July,7/15/2017,UK,OS,Carysfort Shallow,503,503-100-070,1,Juv,MURO,MURO,13
2017,2017,July,7/15/2017,UK,OS,Carysfort Shallow,503,503-100-089,1,Juv,ANTI,ANTI,6
2017,2017,July,7/15/2017,UK,OS,Carysfort Shallow,503,503-100-089,1,Juv,ANTI,ANTI,13
2017,2017,July,7/15/2017,UK,OS,Carysfort Shallow,503,503-100-089,1,Juv,ANTI,ANTI,3
2017,2017,July,7/15/2017,UK,OS,Carysfort Shallow,503,503-100-089,1,Juv,ANTI,ANTI,10
2017,2017,July,7/15/2017,UK,OS,Carysfort Shallow,503,503-100-089,1,Juv,ANTI,ANTI,7
2017,2017,July,7/15/2017,UK,OS,Carysfort Shallow,503,503-100-089,1,Juv,ANTI,ANTI,6
2017,2017,July,7/15/2017,UK,OS,Carysfort Shallow,503,503-100-089,1,Juv,EUNI,EUNI,9
2017,2017,July,7/15/2017,UK,OS,Carysfort Shallow,503,503-100-089,1,Juv,UNKO,UNKO,6
2017,2017,July,7/15/2017,UK,OS,Carysfort Shallow,503,503-100-089,1,Juv,UNKO,UNKO,4
2017,2017,July,7/15/2017,UK,OS,Carysfort Shallow,503,503-100-183,1,Juv,ANTI,ANTI,14
2017,2017,July,7/15/2017,UK,OS,Carysfort Shallow,503,503-100-183,1,Juv,ANTI,ANTI,9
2017,2017,July,7/15/2017,UK,OS,Carysfort Shallow,503,503-100-183,1,Juv,ANTI,ANTI,4
2017,2017,July,7/15/2017,UK,OS,Carysfort Shallow,503,503-100-183,1,Juv,ANTI,ANTI,4
2017,2017,July,7/15/2017,UK,OS,Carysfort Shallow,503,503-100-183,1,Juv,ANTI,ANTI,5
2017,2017,July,7/15/2017,UK,OS,Carysfort Shallow,503,503-100-183,1,Juv,ANTI,ANTI,3
2017,2017,July,7/15/2017,UK,OS,Carysfort Shallow,503,503-100-183,1,Juv,ANTI,ANTI,10
2017,2017,July,7/15/2017,UK,OS,Carysfort Shallow,503,503-100-183,1,Juv,ANTI,ANTI,6
2017,2017,July,7/15/2017,UK,OS,Carysfort Shallow,503,503-100-183,1,Juv,ANTI,ANTI,7
2017,2017,July,7/15/2017,UK,OS,Carysfort Shallow,503,503-100-183,1,Juv,ANTI,ANTI,5
2017,2017,July,7/15/2017,UK,OS,Carysfort Shallow,503,503-100-183,1,Juv,ANTI,ANTI,6
2017,2017,July,7/15/2017,UK,OS,Carysfort Shallow,503,503-100-183,1,Juv,ANTI,ANTI,5
2017,2017,July,7/15/2017,UK,OS,Carysfort Shallow,503,503-100-183,1,Juv,ANTI,ANTI,5
2017,2017,July,7/15/2017,UK,OS,Carysfort Shallow,503,503-100-183,1,Juv,ANTI,ANTI,5
2017,2017,July,7/15/2017,UK,OS,Carysfort Shallow,503,503-100-183,1,Juv,ANTI,ANTI,8
2017,2017,July,7/15/2017,UK,OS,Carysfort Shallow,503,503-100-183,1,Juv,ANTI,ANTI,3
2017,2017,July,7/15/2017,UK,OS,Carysfort Shallow,503,503-100-183,1,Juv,ANTI,ANTI,2
2017,2017,July,7/15/2017,UK,OS,Carysfort Shallow,503,503-100-183,1,Juv,ANTI,ANTI,10
2017,2017,July,7/15/2017,UK,OS,Carysfort Shallow,503,503-100-183,1,Juv,ANTI,ANTI,2
2017,2017,July,7/15/2017,UK,OS,Carysfort Shallow,503,503-100-183,1,Juv,ANTI,ANTI,5
2017,2017,July,7/15/2017,UK,OS,Carysfort Shallow,503,503-100-183,1,Juv,ANTI,ANTI,2
2017,2017,July,7/15/2017,UK,OS,Carysfort Shallow,503,503-100-183,1,Juv,ANTI,ANTI,8
2017,2017,July,7/15/2017,UK,OS,Carysfort Shallow,503,503-100-183,1,Juv,ANTI,ANTI,6
2017,2017,July,7/15/2017,UK,OS,Carysfort Shallow,503,503-100-183,1,Juv,ANTI,ANTI,7
2017,2017,July,7/15/2017,UK,OS,Carysfort Shallow,503,503-100-183,1,Juv,ANTI,ANTI,3
2017,2017,July,7/15/2017,UK,OS,Carysfort Shallow,503,503-100-183,1,Juv,ANTI,ANTI,8
2017,2017,July,7/15/2017,UK,OS,Carysfort Shallow,503,503-100-183,1,Juv,ANTI,ANTI,2
2017,2017,July,7/15/2017,UK,OS,Carysfort Shallow,503,503-100-183,1,Juv,ANTI,ANTI,4
2017,2017,July,7/15/2017,UK,OS,Carysfort Shallow,503,503-100-183,1,Juv,ANTI,ANTI,9
2017,2017,July,7/15/2017,UK,OS,Carysfort Shallow,503,503-100-183,1,Juv,ANTI,ANTI,8
2017,2017,July,7/15/2017,UK,OS,Carysfort Shallow,503,503-100-183,1,Juv,ANTI,ANTI,11
2017,2017,July,7/15/2017,UK,OS,Carysfort Shallow,503,503-100-183,1,Juv,ANTI,ANTI,7
2017,2017,July,7/15/2017,UK,OS,Carysfort Shallow,503,503-100-183,1,Juv,BRIA,BRIA,39
2017,2017,July,7/15/2017,UK,OS,Carysfort Shallow,503,503-100-183,1,Juv,EUNI,EUNI,9
2017,2017,July,7/15/2017,UK,OS,Carysfort Shallow,503,503-100-183,1,Juv,GVEN,GVEN,32
2017,2017,July,7/15/2017,UK,OS,Carysfort Shallow,503,503-100-183,1,Juv,GVEN,GVEN,32
2017,2017,July,7/15/2017,UK,OS,Carysfort Shallow,503,503-500-063,1,Juv,ANTI/GVEN,AG,2
2017,2017,July,7/15/2017,UK,OS,Carysfort Shallow,503,503-500-063,1,Juv,ANTI/GVEN,AG,4
2017,2017,July,7/15/2017,UK,OS,Carysfort Shallow,503,503-500-063,1,Juv,ANTI/GVEN,AG,5
2017,2017,July,7/15/2017,UK,OS,Carysfort Shallow,503,503-500-063,1,Juv,ANTI/GVEN,AG,9
2017,2017,July,7/15/2017,UK,OS,Carysfort Shallow,503,503-500-063,1,Juv,ANTI/GVEN,AG,5
2017,2017,July,7/15/2017,UK,OS,Carysfort Shallow,503,503-500-063,1,Juv,ANTI/GVEN,AG,6
2017,2017,July,7/15/2017,UK,OS,Carysfort Shallow,503,503-500-063,1,Juv,ANTI/GVEN,AG,3
2017,2017,July,7/15/2017,UK,OS,Carysfort Shallow,503,503-500-063,1,Juv,ANTI/GVEN,AG,5
2017,2017,July,7/15/2017,UK,OS,Carysfort Shallow,503,503-500-063,1,Juv,ANTI/GVEN,AG,6
2017,2017,July,7/15/2017,UK,OS,Carysfort Shallow,503,503-500-063,1,Juv,ANTI/GVEN,AG,3
2017,2017,July,7/15/2017,UK,OS,Carysfort Shallow,503,503-500-063,1,Juv,ANTI/GVEN,AG,4
2017,2017,July,7/15/2017,UK,OS,Carysfort Shallow,503,503-500-063,1,Juv,ANTI/GVEN,AG,3
2017,2017,July,7/15/2017,UK,OS,Carysfort Shallow,503,503-500-063,1,Juv,ANTI/GVEN,AG,6
2017,2017,July,7/15/2017,UK,OS,Carysfort Shallow,503,503-500-063,1,Juv,ANTI/GVEN,AG,5
2017,2017,July,7/15/2017,UK,OS,Carysfort Shallow,503,503-500-063,1,Juv,ANTI/GVEN,AG,5
2017,2017,July,7/15/2017,UK,OS,Carysfort Shallow,503,503-500-063,1,Juv,ANTI/GVEN,AG,6
2017,2017,July,7/15/2017,UK,OS,Carysfort Shallow,503,503-500-063,1,Juv,ANTI/GVEN,AG,2
2017,2017,July,7/15/2017,UK,OS,Carysfort Shallow,503,503-500-063,1,Juv,EUNI,EUNI,3
2017,2017,July,7/15/2017,UK,OS,Carysfort Shallow,503,503-500-063,1,Juv,EUNI,EUNI,6
2017,2017,July,7/15/2017,UK,OS,Carysfort Shallow,503,503-500-063,1,Juv,EUNI,EUNI,9
2017,2017,July,7/15/2017,UK,OS,Carysfort Shallow,503,503-500-063,1,Juv,EUNI,EUNI,5
2017,2017,July,7/15/2017,UK,OS,Carysfort Shallow,503,503-500-063,1,Juv,EUNI,EUNI,5
2017,2017,July,7/15/2017,UK,OS,Carysfort Shallow,503,503-500-063,1,Juv,GVEN,GVEN,10
2017,2017,July,7/15/2017,UK,OS,Carysfort Shallow,503,503-500-063,1,Juv,GVEN,GVEN,15
2017,2017,July,7/15/2017,UK,OS,Carysfort Shallow,503,503-500-092,1,Juv,ANTI/GVEN,AG,5
2017,2017,July,7/15/2017,UK,OS,Carysfort Shallow,503,503-500-092,1,Juv,ANTI/GVEN,AG,10
2017,2017,July,7/15/2017,UK,OS,Carysfort Shallow,503,503-500-092,1,Juv,ANTI/GVEN,AG,5
2017,2017,July,7/15/2017,UK,OS,Carysfort Shallow,503,503-500-092,1,Juv,ANTI/GVEN,AG,2
2017,2017,July,7/15/2017,UK,OS,Carysfort Shallow,503,503-500-092,1,Juv,ANTI/GVEN,AG,3
2017,2017,July,7/15/2017,UK,OS,Carysfort Shallow,503,503-500-092,1,Juv,ANTI/GVEN,AG,3
2017,2017,July,7/15/2017,UK,OS,Carysfort Shallow,503,503-500-092,1,Juv,ANTI/GVEN,AG,10
2017,2017,July,7/15/2017,UK,OS,Carysfort Shallow,503,503-500-092,1,Juv,ANTI/GVEN,AG,10
2017,2017,July,7/15/2017,UK,OS,Carysfort Shallow,503,503-500-092,1,Juv,EUNI,EUNI,4
2017,2017,July,7/15/2017,UK,OS,Carysfort Shallow,503,503-500-092,1,Juv,EUNI,EUNI,3
2017,2017,July,7/15/2017,UK,OS,Carysfort Shallow,503,503-500-092,1,Juv,GVEN,GVEN,15
2017,2017,July,7/15/2017,UK,OS,Carysfort Shallow,503,503-500-092,1,Juv,GVEN,GVEN,10
2017,2017,July,7/15/2017,UK,OS,Carysfort Shallow,503,503-500-118,1,Juv,ANTI/GVEN,AG,5
2017,2017,July,7/15/2017,UK,OS,Carysfort Shallow,503,503-500-118,1,Juv,ANTI/GVEN,AG,2
2017,2017,July,7/15/2017,UK,OS,Carysfort Shallow,503,503-500-118,1,Juv,ANTI/GVEN,AG,2
2017,2017,July,7/15/2017,UK,OS,Carysfort Shallow,503,503-500-118,1,Juv,ANTI/GVEN,AG,1
2017,2017,July,7/15/2017,UK,OS,Carysfort Shallow,503,503-500-118,1,Juv,ANTI/GVEN,AG,2
2017,2017,July,7/15/2017,UK,OS,Carysfort Shallow,503,503-500-118,1,Juv,ANTI/GVEN,AG,3
2017,2017,July,7/15/2017,UK,OS,Carysfort Shallow,503,503-500-118,1,Juv,ANTI/GVEN,AG,2
2017,2017,July,7/15/2017,UK,OS,Carysfort Shallow,503,503-500-118,1,Juv,ANTI,ANTI,35
2017,2017,July,7/15/2017,UK,OS,Carysfort Shallow,503,503-500-145,1,Juv,ANTI/GVEN,AG,3
2017,2017,July,7/15/2017,UK,OS,Carysfort Shallow,503,503-500-145,1,Juv,ANTI/GVEN,AG,3
2017,2017,July,7/15/2017,UK,OS,Carysfort Shallow,503,503-500-145,1,Juv,ANTI/GVEN,AG,3
2017,2017,July,7/15/2017,UK,OS,Carysfort Shallow,503,503-500-145,1,Juv,ANTI/GVEN,AG,3
2017,2017,July,7/15/2017,UK,OS,Carysfort Shallow,503,503-500-145,1,Juv,ANTI/GVEN,AG,3
2017,2017,July,7/15/2017,UK,OS,Carysfort Shallow,503,503-500-145,1,Juv,ANTI/GVEN,AG,3
2017,2017,July,7/15/2017,UK,OS,Carysfort Shallow,503,503-500-145,1,Juv,ANTI/GVEN,AG,3
2017,2017,July,7/15/2017,UK,OS,Carysfort Shallow,503,503-500-145,1,Juv,ANTI/GVEN,AG,3
2017,2017,July,7/15/2017,UK,OS,Carysfort Shallow,503,503-500-145,1,Juv,ANTI/GVEN,AG,2
2017,2017,July,7/15/2017,UK,OS,Carysfort Shallow,503,503-500-145,1,Juv,ANTI/GVEN,AG,3
2017,2017,July,7/15/2017,UK,OS,Carysfort Shallow,503,503-500-145,1,Juv,GVEN,GVEN,10
2017,2017,July,7/15/2017,UK,OS,Carysfort Shallow,504,504-100-019,1,Juv,ANTI,ANTI,12
2017,2017,July,7/15/2017,UK,OS,Carysfort Shallow,504,504-100-019,1,Juv,ANTI,ANTI,3
2017,2017,July,7/15/2017,UK,OS,Carysfort Shallow,504,504-100-019,1,Juv,ANTI,ANTI,7
2017,2017,July,7/15/2017,UK,OS,Carysfort Shallow,504,504-100-019,1,Juv,ANTI,ANTI,8
2017,2017,July,7/15/2017,UK,OS,Carysfort Shallow,504,504-100-019,1,Juv,ANTI,ANTI,8
2017,2017,July,7/15/2017,UK,OS,Carysfort Shallow,504,504-100-019,1,Juv,ANTI,ANTI,10
2017,2017,July,7/15/2017,UK,OS,Carysfort Shallow,504,504-100-019,1,Juv,ANTI,ANTI,6
2017,2017,July,7/15/2017,UK,OS,Carysfort Shallow,504,504-100-019,1,Juv,ANTI,ANTI,14
2017,2017,July,7/15/2017,UK,OS,Carysfort Shallow,504,504-100-019,1,Juv,ANTI,ANTI,14
2017,2017,July,7/15/2017,UK,OS,Carysfort Shallow,504,504-100-019,1,Juv,ANTI,ANTI,13
2017,2017,July,7/15/2017,UK,OS,Carysfort Shallow,504,504-100-019,1,Juv,ANTI,ANTI,5
2017,2017,July,7/15/2017,UK,OS,Carysfort Shallow,504,504-100-019,1,Juv,ANTI,ANTI,5
2017,2017,July,7/15/2017,UK,OS,Carysfort Shallow,504,504-100-019,1,Juv,ANTI,ANTI,4
2017,2017,July,7/15/2017,UK,OS,Carysfort Shallow,504,504-100-019,1,Juv,ANTI,ANTI,6
2017,2017,July,7/15/2017,UK,OS,Carysfort Shallow,504,504-100-019,1,Juv,ANTI,ANTI,3
2017,2017,July,7/15/2017,UK,OS,Carysfort Shallow,504,504-100-019,1,Juv,ANTI,ANTI,2
2017,2017,July,7/15/2017,UK,OS,Carysfort Shallow,504,504-100-019,1,Juv,ANTI,ANTI,2
2017,2017,July,7/15/2017,UK,OS,Carysfort Shallow,504,504-100-138,1,Juv,ANTI,ANTI,5
2017,2017,July,7/15/2017,UK,OS,Carysfort Shallow,504,504-100-138,1,Juv,ANTI,ANTI,4
2017,2017,July,7/15/2017,UK,OS,Carysfort Shallow,504,504-100-138,1,Juv,ANTI,ANTI,5
2017,2017,July,7/15/2017,UK,OS,Carysfort Shallow,504,504-100-138,1,Juv,ANTI,ANTI,3
2017,2017,July,7/15/2017,UK,OS,Carysfort Shallow,504,504-100-138,1,Juv,ANTI,ANTI,6
2017,2017,July,7/15/2017,UK,OS,Carysfort Shallow,504,504-100-138,1,Juv,ANTI,ANTI,10
2017,2017,July,7/15/2017,UK,OS,Carysfort Shallow,504,504-100-138,1,Juv,ANTI,ANTI,11
2017,2017,July,7/15/2017,UK,OS,Carysfort Shallow,504,504-100-138,1,Juv,ANTI,ANTI,10
2017,2017,July,7/15/2017,UK,OS,Carysfort Shallow,504,504-100-138,1,Juv,EUNI,EUNI,9
2017,2017,July,7/15/2017,UK,OS,Carysfort Shallow,504,504-100-171,1,Juv,ANTI/GVEN,AG,5
2017,2017,July,7/15/2017,UK,OS,Carysfort Shallow,504,504-100-171,1,Juv,ANTI/GVEN,AG,2
2017,2017,July,7/15/2017,UK,OS,Carysfort Shallow,504,504-100-171,1,Juv,GVEN,GVEN,10
2017,2017,July,7/15/2017,UK,OS,Carysfort Shallow,504,504-100-184,1,Juv,ANTI,ANTI,17
2017,2017,July,7/15/2017,UK,OS,Carysfort Shallow,504,504-100-184,1,Juv,ANTI,ANTI,7
2017,2017,July,7/15/2017,UK,OS,Carysfort Shallow,504,504-100-184,1,Juv,ANTI,ANTI,3
2017,2017,July,7/15/2017,UK,OS,Carysfort Shallow,504,504-100-184,1,Juv,ANTI,ANTI,6
2017,2017,July,7/15/2017,UK,OS,Carysfort Shallow,504,504-100-184,1,Juv,ANTI,ANTI,10
2017,2017,July,7/15/2017,UK,OS,Carysfort Shallow,504,504-100-184,1,Juv,GVEN,GVEN,18
2017,2017,July,7/15/2017,UK,OS,Carysfort Shallow,504,504-500-021,1,Juv,ANTI/GVEN,AG,2
2017,2017,July,7/15/2017,UK,OS,Carysfort Shallow,504,504-500-021,1,Juv,ANTI/GVEN,AG,4
2017,2017,July,7/15/2017,UK,OS,Carysfort Shallow,504,504-500-021,1,Juv,ANTI/GVEN,AG,5
2017,2017,July,7/15/2017,UK,OS,Carysfort Shallow,504,504-500-021,1,Juv,ANTI/GVEN,AG,4
2017,2017,July,7/15/2017,UK,OS,Carysfort Shallow,504,504-500-021,1,Juv,GVEN,GVEN,17
2017,2017,July,7/15/2017,UK,OS,Carysfort Shallow,504,504-500-021,1,Juv,GVEN,GVEN,16
2017,2017,July,7/15/2017,UK,OS,Carysfort Shallow,504,504-500-060,1,Juv,GVEN,GVEN,20
2017,2017,July,7/15/2017,UK,OS,Carysfort Shallow,504,504-500-060,1,Juv,GVEN,GVEN,7
2017,2017,July,7/15/2017,UK,OS,Carysfort Shallow,504,504-500-159,1,Juv,ANTI,ANTI,16
2017,2017,July,7/15/2017,UK,OS,Carysfort Shallow,504,504-500-159,1,Juv,ANTI,ANTI,8
2017,2017,July,7/15/2017,UK,OS,Carysfort Shallow,504,504-500-159,1,Juv,ANTI,ANTI,7
2017,2017,July,7/15/2017,UK,OS,Carysfort Shallow,504,504-500-159,1,Juv,ANTI,ANTI,6
2017,2017,July,7/15/2017,UK,OS,Carysfort Shallow,504,504-500-159,1,Juv,ANTI,ANTI,4
2017,2017,July,7/15/2017,UK,OS,Carysfort Shallow,504,504-500-159,1,Juv,ANTI,ANTI,7
2017,2017,July,7/15/2017,UK,OS,Carysfort Shallow,504,504-500-159,1,Juv,ANTI,ANTI,37
2017,2017,July,7/15/2017,UK,OS,Carysfort Shallow,504,504-500-159,1,Juv,ANTI,ANTI,12
2017,2017,July,7/15/2017,UK,OS,Carysfort Shallow,504,504-500-159,1,Juv,ANTI,ANTI,13
2017,2017,July,7/15/2017,UK,OS,Carysfort Shallow,504,504-500-159,1,Juv,ANTI,ANTI,10
2017,2017,July,7/15/2017,UK,OS,Carysfort Shallow,504,504-500-159,1,Juv,ANTI,ANTI,8
2017,2017,July,7/15/2017,UK,OS,Carysfort Shallow,504,504-500-159,1,Juv,ANTI,ANTI,5
2017,2017,July,7/15/2017,UK,OS,Carysfort Shallow,504,504-500-159,1,Juv,ANTI,ANTI,12
2017,2017,July,7/15/2017,UK,OS,Carysfort Shallow,504,504-500-159,1,Juv,ANTI,ANTI,3
2017,2017,July,7/15/2017,UK,OS,Carysfort Shallow,504,504-500-159,1,Juv,ANTI,ANTI,17
2017,2017,July,7/15/2017,UK,OS,Carysfort Shallow,504,504-500-159,1,Juv,ANTI,ANTI,8
2017,2017,July,7/15/2017,UK,OS,Carysfort Shallow,504,504-500-159,1,Juv,ANTI,ANTI,7
2017,2017,July,7/15/2017,UK,OS,Carysfort Shallow,504,504-500-159,1,Juv,ANTI,ANTI,8
2017,2017,July,7/15/2017,UK,OS,Carysfort Shallow,504,504-500-159,1,Juv,ANTI,ANTI,8
2017,2017,July,7/15/2017,UK,OS,Carysfort Shallow,504,504-500-159,1,Juv,ANTI,ANTI,4
2017,2017,July,7/15/2017,UK,OS,Carysfort Shallow,504,504-500-159,1,Juv,PAME,ANTI,20
2017,2017,July,7/15/2017,UK,OS,Carysfort Shallow,504,504-500-159,1,Juv,EUNI,EUNI,17
2017,2017,July,7/15/2017,UK,OS,Carysfort Shallow,504,504-500-159,1,Juv,EUNI,EUNI,9
2017,2017,July,7/15/2017,UK,OS,Carysfort Shallow,504,504-500-159,1,Juv,GVEN,GVEN,19
2017,2017,July,7/15/2017,UK,OS,Carysfort Shallow,504,504-500-159,1,Juv,GVEN,GVEN,8
2017,2017,July,7/15/2017,UK,OS,Carysfort Shallow,504,504-500-159,1,Juv,GVEN,GVEN,36
2017,2017,July,7/15/2017,UK,OS,Carysfort Shallow,504,504-500-159,1,Juv,GVEN,GVEN,14
2017,2017,July,7/15/2017,UK,OS,Carysfort Shallow,504,504-500-159,1,Juv,UNKO,UNKO,2
2017,2017,July,7/15/2017,UK,OS,Carysfort Shallow,504,504-500-210,1,Juv,ANTI,ANTI,8
2017,2017,July,7/15/2017,UK,OS,Carysfort Shallow,504,504-500-210,1,Juv,ANTI,ANTI,6
2017,2017,July,7/15/2017,UK,OS,Carysfort Shallow,504,504-500-210,1,Juv,ANTI,ANTI,4
2017,2017,July,7/15/2017,UK,OS,Carysfort Shallow,504,504-500-210,1,Juv,EUNI,EUNI,7
2017,2017,July,7/15/2017,UK,OS,Carysfort Shallow,504,504-500-210,1,Juv,GVEN,GVEN,7
2017,2017,July,7/12/2017,UK,OS,Molasses Shallow,521,521-100-011,1,Juv,ANTI,ANTI,15
2017,2017,July,7/12/2017,UK,OS,Molasses Shallow,521,521-100-011,1,Juv,ANTI,ANTI,14
2017,2017,July,7/12/2017,UK,OS,Molasses Shallow,521,521-100-011,1,Juv,ANTI,ANTI,11
2017,2017,July,7/12/2017,UK,OS,Molasses Shallow,521,521-100-011,1,Juv,ANTI,ANTI,8
2017,2017,July,7/12/2017,UK,OS,Molasses Shallow,521,521-100-011,1,Juv,ANTI,ANTI,2
2017,2017,July,7/12/2017,UK,OS,Molasses Shallow,521,521-100-027,1,Juv,ANTI,ANTI,8
2017,2017,July,7/12/2017,UK,OS,Molasses Shallow,521,521-100-027,1,Juv,ANTI,ANTI,7
2017,2017,July,7/12/2017,UK,OS,Molasses Shallow,521,521-100-088,1,Juv,ANTI,ANTI,4
2017,2017,July,7/12/2017,UK,OS,Molasses Shallow,521,521-100-088,1,Juv,ANTI,ANTI,11
2017,2017,July,7/12/2017,UK,OS,Molasses Shallow,521,521-100-088,1,Juv,ANTI,ANTI,5
2017,2017,July,7/12/2017,UK,OS,Molasses Shallow,521,521-100-088,1,Juv,ANTI,ANTI,18
2017,2017,July,7/12/2017,UK,OS,Molasses Shallow,521,521-100-088,1,Juv,ANTI,ANTI,17
2017,2017,July,7/12/2017,UK,OS,Molasses Shallow,521,521-100-088,1,Juv,ANTI,ANTI,7
2017,2017,July,7/12/2017,UK,OS,Molasses Shallow,521,521-100-088,1,Juv,ANTI,ANTI,11
2017,2017,July,7/12/2017,UK,OS,Molasses Shallow,521,521-100-088,1,Juv,ANTI,ANTI,4
2017,2017,July,7/12/2017,UK,OS,Molasses Shallow,521,521-100-088,1,Juv,EUNI,EUNI,14
2017,2017,July,7/12/2017,UK,OS,Molasses Shallow,521,521-100-088,1,Juv,GVEN,GVEN,22
2017,2017,July,7/12/2017,UK,OS,Molasses Shallow,521,521-100-088,1,Juv,MURO,MURO,34
2017,2017,July,7/12/2017,UK,OS,Molasses Shallow,521,521-100-174,1,Juv,ANTI,ANTI,31
2017,2017,July,7/12/2017,UK,OS,Molasses Shallow,521,521-100-174,1,Juv,ANTI,ANTI,11
2017,2017,July,7/12/2017,UK,OS,Molasses Shallow,521,521-100-174,1,Juv,ANTI,ANTI,8
2017,2017,July,7/12/2017,UK,OS,Molasses Shallow,521,521-100-174,1,Juv,ANTI,ANTI,14
2017,2017,July,7/12/2017,UK,OS,Molasses Shallow,521,521-100-174,1,Juv,ANTI,ANTI,28
2017,2017,July,7/12/2017,UK,OS,Molasses Shallow,521,521-100-174,1,Juv,ANTI,ANTI,6
2017,2017,July,7/12/2017,UK,OS,Molasses Shallow,521,521-100-174,1,Juv,ANTI,ANTI,12
2017,2017,July,7/12/2017,UK,OS,Molasses Shallow,521,521-100-174,1,Juv,ANTI,ANTI,8
2017,2017,July,7/12/2017,UK,OS,Molasses Shallow,521,521-100-174,1,Juv,ANTI,ANTI,4
2017,2017,July,7/12/2017,UK,OS,Molasses Shallow,521,521-100-174,1,Juv,ANTI,ANTI,15
2017,2017,July,7/12/2017,UK,OS,Molasses Shallow,521,521-100-174,1,Juv,ANTI,ANTI,15
2017,2017,July,7/12/2017,UK,OS,Molasses Shallow,521,521-100-174,1,Juv,ANTI,ANTI,10
2017,2017,July,7/12/2017,UK,OS,Molasses Shallow,521,521-100-174,1,Juv,ANTI,ANTI,12
2017,2017,July,7/12/2017,UK,OS,Molasses Shallow,521,521-100-174,1,Juv,ANTI,ANTI,25
2017,2017,July,7/12/2017,UK,OS,Molasses Shallow,521,521-100-174,1,Juv,ANTI,ANTI,14
2017,2017,July,7/12/2017,UK,OS,Molasses Shallow,521,521-100-174,1,Juv,ANTI,ANTI,16
2017,2017,July,7/12/2017,UK,OS,Molasses Shallow,521,521-100-174,1,Juv,EUNI,EUNI,15
2017,2017,July,7/12/2017,UK,OS,Molasses Shallow,521,521-100-174,1,Juv,EUNI,EUNI,5
2017,2017,July,7/12/2017,UK,OS,Molasses Shallow,521,521-100-174,1,Juv,MURI,MURI,21
2017,2017,July,7/12/2017,UK,OS,Molasses Shallow,521,521-500-025,1,Juv,ANTI,ANTI,20
2017,2017,July,7/12/2017,UK,OS,Molasses Shallow,521,521-500-025,1,Juv,ANTI,ANTI,28
2017,2017,July,7/12/2017,UK,OS,Molasses Shallow,521,521-500-025,1,Juv,ANTI,ANTI,12
2017,2017,July,7/12/2017,UK,OS,Molasses Shallow,521,521-500-025,1,Juv,ANTI,ANTI,18
2017,2017,July,7/12/2017,UK,OS,Molasses Shallow,521,521-500-025,1,Juv,ANTI,ANTI,18
2017,2017,July,7/12/2017,UK,OS,Molasses Shallow,521,521-500-025,1,Juv,ANTI,ANTI,13
2017,2017,July,7/12/2017,UK,OS,Molasses Shallow,521,521-500-025,1,Juv,ANTI,ANTI,15
2017,2017,July,7/12/2017,UK,OS,Molasses Shallow,521,521-500-025,1,Juv,ANTI,ANTI,30
2017,2017,July,7/12/2017,UK,OS,Molasses Shallow,521,521-500-025,1,Juv,PAME,ANTI,9
2017,2017,July,7/12/2017,UK,OS,Molasses Shallow,521,521-500-025,1,Juv,EUNI,EUNI,12
2017,2017,July,7/12/2017,UK,OS,Molasses Shallow,521,521-500-025,1,Juv,UNKO,UNKO,5
2017,2017,July,7/12/2017,UK,OS,Molasses Shallow,521,521-500-025,1,Juv,UNKO,UNKO,25
2017,2017,July,7/12/2017,UK,OS,Molasses Shallow,521,521-500-061,1,Juv,ANTI/GVEN,AG,7
2017,2017,July,7/12/2017,UK,OS,Molasses Shallow,521,521-500-061,1,Juv,ANTI/GVEN,AG,11
2017,2017,July,7/12/2017,UK,OS,Molasses Shallow,521,521-500-061,1,Juv,ANTI/GVEN,AG,13
2017,2017,July,7/12/2017,UK,OS,Molasses Shallow,521,521-500-061,1,Juv,ANTI/GVEN,AG,4
2017,2017,July,7/12/2017,UK,OS,Molasses Shallow,521,521-500-061,1,Juv,ANTI/GVEN,AG,3
2017,2017,July,7/12/2017,UK,OS,Molasses Shallow,521,521-500-061,1,Juv,ANTI/GVEN,AG,3
2017,2017,July,7/12/2017,UK,OS,Molasses Shallow,521,521-500-061,1,Juv,ANTI/GVEN,AG,2
2017,2017,July,7/12/2017,UK,OS,Molasses Shallow,521,521-500-061,1,Juv,ANTI/GVEN,AG,7
2017,2017,July,7/12/2017,UK,OS,Molasses Shallow,521,521-500-061,1,Juv,ANTI,ANTI,20
2017,2017,July,7/12/2017,UK,OS,Molasses Shallow,521,521-500-061,1,Juv,ANTI,ANTI,13
2017,2017,July,7/12/2017,UK,OS,Molasses Shallow,521,521-500-061,1,Juv,PAME,ANTI,10
2017,2017,July,7/12/2017,UK,OS,Molasses Shallow,521,521-500-137,1,Juv,ANTI,ANTI,2
2017,2017,July,7/12/2017,UK,OS,Molasses Shallow,521,521-500-137,1,Juv,ANTI,ANTI,6
2017,2017,July,7/12/2017,UK,OS,Molasses Shallow,521,521-500-137,1,Juv,ANTI,ANTI,5
2017,2017,July,7/12/2017,UK,OS,Molasses Shallow,521,521-500-137,1,Juv,ANTI,ANTI,10
2017,2017,July,7/12/2017,UK,OS,Molasses Shallow,521,521-500-137,1,Juv,ANTI,ANTI,11
2017,2017,July,7/12/2017,UK,OS,Molasses Shallow,521,521-500-137,1,Juv,ANTI,ANTI,8
2017,2017,July,7/12/2017,UK,OS,Molasses Shallow,521,521-500-137,1,Juv,ANTI,ANTI,9
2017,2017,July,7/12/2017,UK,OS,Molasses Shallow,521,521-500-137,1,Juv,ANTI,ANTI,11
2017,2017,July,7/12/2017,UK,OS,Molasses Shallow,521,521-500-137,1,Juv,ANTI,ANTI,6
2017,2017,July,7/12/2017,UK,OS,Molasses Shallow,521,521-500-137,1,Juv,ANTI,ANTI,16
2017,2017,July,7/12/2017,UK,OS,Molasses Shallow,521,521-500-137,1,Juv,ANTI,ANTI,11
2017,2017,July,7/12/2017,UK,OS,Molasses Shallow,521,521-500-137,1,Juv,ANTI,ANTI,3
2017,2017,July,7/12/2017,UK,OS,Molasses Shallow,521,521-500-137,1,Juv,ANTI,ANTI,10
2017,2017,July,7/12/2017,UK,OS,Molasses Shallow,521,521-500-137,1,Juv,ANTI,ANTI,14
2017,2017,July,7/12/2017,UK,OS,Molasses Shallow,521,521-500-137,1,Juv,ANTI,ANTI,15
2017,2017,July,7/12/2017,UK,OS,Molasses Shallow,521,521-500-205,1,Juv,ANTI,ANTI,20
2017,2017,July,7/12/2017,UK,OS,Molasses Shallow,521,521-500-205,1,Juv,ANTI,ANTI,37
2017,2017,July,7/12/2017,UK,OS,Molasses Shallow,521,521-500-205,1,Juv,ANTI,ANTI,32
2017,2017,July,7/12/2017,UK,OS,Molasses Shallow,521,521-500-205,1,Juv,ANTI,ANTI,8
2017,2017,July,7/12/2017,UK,OS,Molasses Shallow,521,521-500-205,1,Juv,ANTI,ANTI,7
2017,2017,July,7/12/2017,UK,OS,Molasses Shallow,521,521-500-205,1,Juv,ANTI,ANTI,6
2017,2017,July,7/12/2017,UK,OS,Molasses Shallow,521,521-500-205,1,Juv,ANTI,ANTI,4
2017,2017,July,7/12/2017,UK,OS,Molasses Shallow,521,521-500-205,1,Juv,ANTI,ANTI,8
2017,2017,July,7/12/2017,UK,OS,Molasses Shallow,521,521-500-205,1,Juv,ANTI,ANTI,11
2017,2017,July,7/12/2017,UK,OS,Molasses Shallow,521,521-500-205,1,Juv,ANTI,ANTI,3
2017,2017,July,7/20/2017,UK,OS,Molasses Shallow,522,522-100-025,1,Juv,ANTI/GVEN,AG,11
2017,2017,July,7/20/2017,UK,OS,Molasses Shallow,522,522-100-025,1,Juv,ANTI,ANTI,11
2017,2017,July,7/20/2017,UK,OS,Molasses Shallow,522,522-100-058,1,Juv,ANTI,ANTI,2
2017,2017,July,7/20/2017,UK,OS,Molasses Shallow,522,522-100-058,1,Juv,ANTI,ANTI,3
2017,2017,July,7/20/2017,UK,OS,Molasses Shallow,522,522-100-058,1,Juv,ANTI,ANTI,3
2017,2017,July,7/20/2017,UK,OS,Molasses Shallow,522,522-100-091,1,Juv,ANTI/GVEN,AG,3
2017,2017,July,7/20/2017,UK,OS,Molasses Shallow,522,522-100-091,1,Juv,ANTI/GVEN,AG,8
2017,2017,July,7/20/2017,UK,OS,Molasses Shallow,522,522-100-091,1,Juv,ANTI/GVEN,AG,6
2017,2017,July,7/20/2017,UK,OS,Molasses Shallow,522,522-100-091,1,Juv,ANTI/GVEN,AG,3
2017,2017,July,7/20/2017,UK,OS,Molasses Shallow,522,522-100-091,1,Juv,ANTI/GVEN,AG,5
2017,2017,July,7/20/2017,UK,OS,Molasses Shallow,522,522-100-091,1,Juv,ANTI,ANTI,14
2017,2017,July,7/20/2017,UK,OS,Molasses Shallow,522,522-100-091,1,Juv,PAME,ANTI,20
2017,2017,July,7/20/2017,UK,OS,Molasses Shallow,522,522-100-139,1,Juv,ANTI/GVEN,AG,5
2017,2017,July,7/20/2017,UK,OS,Molasses Shallow,522,522-100-139,1,Juv,ANTI/GVEN,AG,11
2017,2017,July,7/20/2017,UK,OS,Molasses Shallow,522,522-100-139,1,Juv,ANTI/GVEN,AG,7
2017,2017,July,7/20/2017,UK,OS,Molasses Shallow,522,522-100-139,1,Juv,ANTI/GVEN,AG,5
2017,2017,July,7/20/2017,UK,OS,Molasses Shallow,522,522-100-139,1,Juv,ANTI/GVEN,AG,3
2017,2017,July,7/20/2017,UK,OS,Molasses Shallow,522,522-100-139,1,Juv,ANTI/GVEN,AG,6
2017,2017,July,7/20/2017,UK,OS,Molasses Shallow,522,522-100-139,1,Juv,ANTI/GVEN,AG,12
2017,2017,July,7/20/2017,UK,OS,Molasses Shallow,522,522-500-033,1,Juv,ANTI,ANTI,30
2017,2017,July,7/20/2017,UK,OS,Molasses Shallow,522,522-500-063,1,Juv,ANTI/GVEN,AG,18
2017,2017,July,7/20/2017,UK,OS,Molasses Shallow,522,522-500-063,1,Juv,ANTI/GVEN,AG,7
2017,2017,July,7/20/2017,UK,OS,Molasses Shallow,522,522-500-063,1,Juv,ANTI/GVEN,AG,9
2017,2017,July,7/20/2017,UK,OS,Molasses Shallow,522,522-500-063,1,Juv,ANTI/GVEN,AG,1
2017,2017,July,7/20/2017,UK,OS,Molasses Shallow,522,522-500-138,1,Juv,ANTI/GVEN,AG,10
2017,2017,July,7/20/2017,UK,OS,Molasses Shallow,522,522-500-138,1,Juv,ANTI/GVEN,AG,10
2017,2017,July,7/20/2017,UK,OS,Molasses Shallow,522,522-500-138,1,Juv,ANTI/GVEN,AG,9
2017,2017,July,7/20/2017,UK,OS,Molasses Shallow,522,522-500-138,1,Juv,ANTI/GVEN,AG,8
2017,2017,July,7/20/2017,UK,OS,Molasses Shallow,522,522-500-138,1,Juv,ANTI/GVEN,AG,4
2017,2017,July,7/20/2017,UK,OS,Molasses Shallow,522,522-500-138,1,Juv,ANTI/GVEN,AG,8
2017,2017,July,7/20/2017,UK,OS,Molasses Shallow,522,522-500-138,1,Juv,ANTI,ANTI,16
2017,2017,July,7/20/2017,UK,OS,Molasses Shallow,522,522-500-138,1,Juv,ANTI,ANTI,5
2017,2017,July,7/20/2017,UK,OS,Molasses Shallow,522,522-500-138,1,Juv,PAME,ANTI,22
2017,2017,July,7/20/2017,UK,OS,Molasses Shallow,522,522-500-138,1,Juv,PAME,ANTI,22
2017,2017,July,7/20/2017,UK,OS,Molasses Shallow,522,522-500-138,1,Juv,PFLE,EUNI,16
2017,2017,July,7/20/2017,UK,OS,Molasses Shallow,522,522-500-200,1,Juv,ANTI,ANTI,15
2017,2017,July,7/20/2017,UK,OS,Molasses Shallow,522,522-500-200,1,Juv,ANTI,ANTI,16
2017,2017,July,7/20/2017,UK,OS,Molasses Shallow,522,522-500-200,1,Juv,ANTI,ANTI,8
2017,2017,July,7/20/2017,UK,OS,Molasses Shallow,522,522-500-200,1,Juv,ANTI,ANTI,11
2017,2017,July,7/20/2017,UK,OS,Molasses Shallow,522,522-500-200,1,Juv,ANTI,ANTI,8
2017,2017,July,7/20/2017,UK,OS,Molasses Shallow,522,522-500-200,1,Juv,ANTI,ANTI,5
2017,2017,July,7/20/2017,UK,OS,Molasses Shallow,522,522-500-200,1,Juv,ANTI,ANTI,26
2017,2017,July,7/20/2017,UK,OS,Molasses Shallow,522,522-500-200,1,Juv,ANTI,ANTI,16
2017,2017,July,7/20/2017,UK,OS,Molasses Shallow,522,522-500-200,1,Juv,ANTI,ANTI,7
2017,2017,July,7/20/2017,UK,OS,Molasses Shallow,522,522-500-200,1,Juv,ANTI,ANTI,12
2017,2017,July,7/20/2017,UK,OS,Molasses Shallow,522,522-500-200,1,Juv,ANTI,ANTI,9
2017,2017,July,7/20/2017,UK,OS,Molasses Shallow,522,522-500-200,1,Juv,ANTI,ANTI,7
2017,2017,July,7/20/2017,UK,OS,Molasses Shallow,522,522-500-200,1,Juv,ANTI,ANTI,11
2017,2017,July,7/20/2017,UK,OS,Molasses Shallow,522,522-500-200,1,Juv,ANTI,ANTI,12
2017,2017,July,7/20/2017,UK,OS,Molasses Shallow,522,522-500-200,1,Juv,ANTI,ANTI,8
2017,2017,July,7/20/2017,UK,OS,Molasses Shallow,522,522-500-200,1,Juv,ANTI,ANTI,10
2017,2017,July,7/20/2017,UK,OS,Molasses Shallow,522,522-500-200,1,Juv,ANTI,ANTI,7
2017,2017,July,7/20/2017,UK,OS,Molasses Shallow,522,522-500-200,1,Juv,ANTI,ANTI,7
2017,2017,July,7/20/2017,UK,OS,Molasses Shallow,522,522-500-200,1,Juv,ANTI,ANTI,6
2017,2017,July,7/20/2017,UK,OS,Molasses Shallow,522,522-500-200,1,Juv,ANTI,ANTI,11
2017,2017,July,7/20/2017,UK,OS,Molasses Shallow,522,522-500-200,1,Juv,PAME,ANTI,9
2017,2017,July,7/20/2017,UK,OS,Molasses Shallow,522,522-500-200,1,Juv,EUNI,EUNI,10
2017,2017,July,7/20/2017,UK,OS,Molasses Shallow,523,523-100-003,1,Juv,ANTI,ANTI,10
2017,2017,July,7/20/2017,UK,OS,Molasses Shallow,523,523-100-003,1,Juv,ANTI,ANTI,8
2017,2017,July,7/20/2017,UK,OS,Molasses Shallow,523,523-100-003,1,Juv,ANTI,ANTI,4
2017,2017,July,7/20/2017,UK,OS,Molasses Shallow,523,523-100-003,1,Juv,ANTI,ANTI,4
2017,2017,July,7/20/2017,UK,OS,Molasses Shallow,523,523-100-003,1,Juv,ANTI,ANTI,4
2017,2017,July,7/20/2017,UK,OS,Molasses Shallow,523,523-100-003,1,Juv,ANTI,ANTI,3
2017,2017,July,7/20/2017,UK,OS,Molasses Shallow,523,523-100-003,1,Juv,GVEN,GVEN,13
2017,2017,July,7/20/2017,UK,OS,Molasses Shallow,523,523-100-036,1,Juv,ANTI,ANTI,6
2017,2017,July,7/20/2017,UK,OS,Molasses Shallow,523,523-100-036,1,Juv,ANTI,ANTI,5
2017,2017,July,7/20/2017,UK,OS,Molasses Shallow,523,523-100-036,1,Juv,ANTI,ANTI,6
2017,2017,July,7/20/2017,UK,OS,Molasses Shallow,523,523-100-036,1,Juv,GVEN,GVEN,24
2017,2017,July,7/20/2017,UK,OS,Molasses Shallow,523,523-100-036,1,Juv,GVEN,GVEN,16
2017,2017,July,7/20/2017,UK,OS,Molasses Shallow,523,523-100-036,1,Juv,GVEN,GVEN,17
2017,2017,July,7/20/2017,UK,OS,Molasses Shallow,523,523-100-107,1,Juv,ANTI,ANTI,35
2017,2017,July,7/20/2017,UK,OS,Molasses Shallow,523,523-100-107,1,Juv,ANTI,ANTI,5
2017,2017,July,7/20/2017,UK,OS,Molasses Shallow,523,523-100-107,1,Juv,EUNI,EUNI,6
2017,2017,July,7/20/2017,UK,OS,Molasses Shallow,523,523-100-107,1,Juv,EUNI,EUNI,8
2017,2017,July,7/20/2017,UK,OS,Molasses Shallow,523,523-100-107,1,Juv,GVEN,GVEN,37
2017,2017,July,7/20/2017,UK,OS,Molasses Shallow,523,523-100-157,1,Juv,ANTI,ANTI,7
2017,2017,July,7/20/2017,UK,OS,Molasses Shallow,523,523-100-157,1,Juv,ANTI,ANTI,5
2017,2017,July,7/20/2017,UK,OS,Molasses Shallow,523,523-100-157,1,Juv,ANTI,ANTI,6
2017,2017,July,7/20/2017,UK,OS,Molasses Shallow,523,523-100-157,1,Juv,ANTI,ANTI,7
2017,2017,July,7/20/2017,UK,OS,Molasses Shallow,523,523-100-157,1,Juv,ANTI,ANTI,7
2017,2017,July,7/20/2017,UK,OS,Molasses Shallow,523,523-100-157,1,Juv,ANTI,ANTI,7
2017,2017,July,7/20/2017,UK,OS,Molasses Shallow,523,523-100-157,1,Juv,ANTI,ANTI,10
2017,2017,July,7/20/2017,UK,OS,Molasses Shallow,523,523-100-157,1,Juv,GVEN,GVEN,8
2017,2017,July,7/20/2017,UK,OS,Molasses Shallow,523,523-100-157,1,Juv,GVEN,GVEN,5
2017,2017,July,7/20/2017,UK,OS,Molasses Shallow,523,523-100-157,1,Juv,GVEN,GVEN,37
2017,2017,July,7/20/2017,UK,OS,Molasses Shallow,523,523-100-157,1,Juv,GVEN,GVEN,8
2017,2017,Aug,8/29/2017,UK,OS,Molasses Shallow,523,523-500-023,1,Juv,ANTI,ANTI,18
2017,2017,Aug,8/29/2017,UK,OS,Molasses Shallow,523,523-500-023,1,Juv,ANTI,ANTI,10
2017,2017,Aug,8/29/2017,UK,OS,Molasses Shallow,523,523-500-023,1,Juv,ANTI,ANTI,6
2017,2017,Aug,8/29/2017,UK,OS,Molasses Shallow,523,523-500-023,1,Juv,ANTI,ANTI,11
2017,2017,Aug,8/29/2017,UK,OS,Molasses Shallow,523,523-500-063,1,Juv,ANTI,ANTI,16
2017,2017,Aug,8/29/2017,UK,OS,Molasses Shallow,523,523-500-063,1,Juv,ANTI,ANTI,37
2017,2017,Aug,8/29/2017,UK,OS,Molasses Shallow,523,523-500-063,1,Juv,ANTI,ANTI,7
2017,2017,Aug,8/29/2017,UK,OS,Molasses Shallow,523,523-500-063,1,Juv,ANTI,ANTI,7
2017,2017,Aug,8/29/2017,UK,OS,Molasses Shallow,523,523-500-063,1,Juv,ANTI,ANTI,6
2017,2017,Aug,8/29/2017,UK,OS,Molasses Shallow,523,523-500-063,1,Juv,ANTI,ANTI,3
2017,2017,Aug,8/29/2017,UK,OS,Molasses Shallow,523,523-500-063,1,Juv,ANTI,ANTI,6
2017,2017,Aug,8/29/2017,UK,OS,Molasses Shallow,523,523-500-063,1,Juv,ANTI,ANTI,8
2017,2017,Aug,8/29/2017,UK,OS,Molasses Shallow,523,523-500-063,1,Juv,ANTI,ANTI,12
2017,2017,Aug,8/29/2017,UK,OS,Molasses Shallow,523,523-500-063,1,Juv,ANTI,ANTI,19
2017,2017,Aug,8/29/2017,UK,OS,Molasses Shallow,523,523-500-063,1,Juv,ANTI,ANTI,10
2017,2017,Aug,8/29/2017,UK,OS,Molasses Shallow,523,523-500-063,1,Juv,ANTI,ANTI,6
2017,2017,Aug,8/29/2017,UK,OS,Molasses Shallow,523,523-500-063,1,Juv,ANTI,ANTI,3
2017,2017,Aug,8/29/2017,UK,OS,Molasses Shallow,523,523-500-063,1,Juv,ANTI,ANTI,6
2017,2017,Aug,8/29/2017,UK,OS,Molasses Shallow,523,523-500-063,1,Juv,ANTI,ANTI,6
2017,2017,Aug,8/29/2017,UK,OS,Molasses Shallow,523,523-500-063,1,Juv,ANTI,ANTI,6
2017,2017,Aug,8/29/2017,UK,OS,Molasses Shallow,523,523-500-063,1,Juv,BRIA,BRIA,10
2017,2017,Aug,8/29/2017,UK,OS,Molasses Shallow,523,523-500-063,1,Juv,EUNI,EUNI,8
2017,2017,July,7/20/2017,UK,OS,Molasses Shallow,523,523-500-101,1,Juv,ANTI,ANTI,7
2017,2017,July,7/20/2017,UK,OS,Molasses Shallow,523,523-500-101,1,Juv,ANTI,ANTI,2
2017,2017,July,7/20/2017,UK,OS,Molasses Shallow,523,523-500-101,1,Juv,ANTI,ANTI,6
2017,2017,July,7/20/2017,UK,OS,Molasses Shallow,523,523-500-101,1,Juv,ANTI,ANTI,6
2017,2017,July,7/20/2017,UK,OS,Molasses Shallow,523,523-500-101,1,Juv,ANTI,ANTI,6
2017,2017,July,7/20/2017,UK,OS,Molasses Shallow,523,523-500-101,1,Juv,ANTI,ANTI,6
2017,2017,July,7/20/2017,UK,OS,Molasses Shallow,523,523-500-101,1,Juv,ANTI,ANTI,7
2017,2017,July,7/20/2017,UK,OS,Molasses Shallow,523,523-500-101,1,Juv,ANTI,ANTI,6
2017,2017,July,7/20/2017,UK,OS,Molasses Shallow,523,523-500-101,1,Juv,ANTI,ANTI,6
2017,2017,July,7/20/2017,UK,OS,Molasses Shallow,523,523-500-101,1,Juv,ANTI,ANTI,9
2017,2017,July,7/20/2017,UK,OS,Molasses Shallow,523,523-500-101,1,Juv,ANTI,ANTI,4
2017,2017,July,7/20/2017,UK,OS,Molasses Shallow,523,523-500-101,1,Juv,ANTI,ANTI,4
2017,2017,July,7/20/2017,UK,OS,Molasses Shallow,523,523-500-101,1,Juv,ANTI,ANTI,15
2017,2017,July,7/20/2017,UK,OS,Molasses Shallow,523,523-500-101,1,Juv,ANTI,ANTI,5
2017,2017,July,7/20/2017,UK,OS,Molasses Shallow,523,523-500-101,1,Juv,ANTI,ANTI,9
2017,2017,July,7/20/2017,UK,OS,Molasses Shallow,523,523-500-101,1,Juv,ANTI,ANTI,7
2017,2017,July,7/20/2017,UK,OS,Molasses Shallow,523,523-500-101,1,Juv,ANTI,ANTI,11
2017,2017,July,7/20/2017,UK,OS,Molasses Shallow,523,523-500-101,1,Juv,ANTI,ANTI,3
2017,2017,July,7/20/2017,UK,OS,Molasses Shallow,523,523-500-101,1,Juv,ANTI,ANTI,8
2017,2017,July,7/20/2017,UK,OS,Molasses Shallow,523,523-500-101,1,Juv,ANTI,ANTI,9
2017,2017,July,7/20/2017,UK,OS,Molasses Shallow,523,523-500-101,1,Juv,ANTI,ANTI,12
2017,2017,July,7/20/2017,UK,OS,Molasses Shallow,523,523-500-101,1,Juv,ANTI,ANTI,12
2017,2017,July,7/20/2017,UK,OS,Molasses Shallow,523,523-500-101,1,Juv,ANTI,ANTI,5
2017,2017,July,7/20/2017,UK,OS,Molasses Shallow,523,523-500-101,1,Juv,ANTI,ANTI,3
2017,2017,July,7/20/2017,UK,OS,Molasses Shallow,523,523-500-101,1,Juv,ANTI,ANTI,7
2017,2017,Aug,8/29/2017,UK,OS,Molasses Shallow,523,523-500-167,1,Juv,ANTI,ANTI,12
2017,2017,Aug,8/29/2017,UK,OS,Molasses Shallow,523,523-500-167,1,Juv,ANTI,ANTI,14
2017,2017,Aug,8/29/2017,UK,OS,Molasses Shallow,523,523-500-167,1,Juv,ANTI,ANTI,5
2017,2017,Aug,8/29/2017,UK,OS,Molasses Shallow,523,523-500-167,1,Juv,ANTI,ANTI,28
2017,2017,Aug,8/29/2017,UK,OS,Molasses Shallow,523,523-500-167,1,Juv,ANTI,ANTI,10
2017,2017,Aug,8/29/2017,UK,OS,Molasses Shallow,523,523-500-167,1,Juv,ANTI,ANTI,20
2017,2017,Aug,8/29/2017,UK,OS,Molasses Shallow,523,523-500-167,1,Juv,ANTI,ANTI,18
2017,2017,Aug,8/29/2017,UK,OS,Molasses Shallow,523,523-500-167,1,Juv,ANTI,ANTI,15
2017,2017,Aug,8/29/2017,UK,OS,Molasses Shallow,523,523-500-167,1,Juv,ANTI,ANTI,10
2017,2017,Aug,8/29/2017,UK,OS,Molasses Shallow,523,523-500-167,1,Juv,ANTI,ANTI,4
2017,2017,Aug,8/29/2017,UK,OS,Molasses Shallow,523,523-500-167,1,Juv,ANTI,ANTI,11
2017,2017,Aug,8/29/2017,UK,OS,Molasses Shallow,523,523-500-167,1,Juv,ANTI,ANTI,7
2017,2017,Aug,8/29/2017,UK,OS,Molasses Shallow,523,523-500-167,1,Juv,ANTI,ANTI,17
2017,2017,Aug,8/29/2017,UK,OS,Molasses Shallow,523,523-500-167,1,Juv,ANTI,ANTI,10
2017,2017,Aug,8/29/2017,UK,OS,Molasses Shallow,523,523-500-167,1,Juv,ANTI,ANTI,12
2017,2017,Aug,8/29/2017,UK,OS,Molasses Shallow,523,523-500-167,1,Juv,ANTI,ANTI,14
2017,2017,Aug,8/29/2017,UK,OS,Molasses Shallow,523,523-500-167,1,Juv,ANTI,ANTI,8
2017,2017,Aug,8/29/2017,UK,OS,Molasses Shallow,523,523-500-167,1,Juv,ANTI,ANTI,8
2017,2017,Aug,8/29/2017,UK,OS,Molasses Shallow,523,523-500-167,1,Juv,ANTI,ANTI,11
2017,2017,July,7/20/2017,UK,OS,Molasses Shallow,524,524-100-019,1,Juv,ANTI,ANTI,7
2017,2017,July,7/20/2017,UK,OS,Molasses Shallow,524,524-100-019,1,Juv,ANTI,ANTI,6
2017,2017,July,7/20/2017,UK,OS,Molasses Shallow,524,524-100-019,1,Juv,ANTI,ANTI,14
2017,2017,July,7/20/2017,UK,OS,Molasses Shallow,524,524-100-019,1,Juv,ANTI,ANTI,6
2017,2017,July,7/20/2017,UK,OS,Molasses Shallow,524,524-100-019,1,Juv,ANTI,ANTI,8
2017,2017,July,7/20/2017,UK,OS,Molasses Shallow,524,524-100-019,1,Juv,ANTI,ANTI,7
2017,2017,July,7/20/2017,UK,OS,Molasses Shallow,524,524-100-019,1,Juv,ANTI,ANTI,3
2017,2017,July,7/20/2017,UK,OS,Molasses Shallow,524,524-100-019,1,Juv,ANTI,ANTI,6
2017,2017,July,7/20/2017,UK,OS,Molasses Shallow,524,524-100-019,1,Juv,ANTI,ANTI,6
2017,2017,July,7/20/2017,UK,OS,Molasses Shallow,524,524-100-019,1,Juv,ANTI,ANTI,6
2017,2017,July,7/20/2017,UK,OS,Molasses Shallow,524,524-100-019,1,Juv,ANTI,ANTI,7
2017,2017,July,7/20/2017,UK,OS,Molasses Shallow,524,524-100-019,1,Juv,ANTI,ANTI,5
2017,2017,July,7/20/2017,UK,OS,Molasses Shallow,524,524-100-019,1,Juv,EUNI,EUNI,6
2017,2017,July,7/20/2017,UK,OS,Molasses Shallow,524,524-100-019,1,Juv,GVEN,GVEN,17
2017,2017,July,7/20/2017,UK,OS,Molasses Shallow,524,524-100-019,1,Juv,GVEN,GVEN,13
2017,2017,July,7/20/2017,UK,OS,Molasses Shallow,524,524-100-019,1,Juv,GVEN,GVEN,25
2017,2017,July,7/20/2017,UK,OS,Molasses Shallow,524,524-100-019,1,Juv,GVEN,GVEN,30
2017,2017,July,7/20/2017,UK,OS,Molasses Shallow,524,524-100-019,1,Juv,GVEN,GVEN,33
2017,2017,July,7/20/2017,UK,OS,Molasses Shallow,524,524-100-019,1,Juv,MURO,MURO,6
2017,2017,July,7/20/2017,UK,OS,Molasses Shallow,524,524-100-051,1,Juv,EUNI,EUNI,4
2017,2017,July,7/20/2017,UK,OS,Molasses Shallow,524,524-100-051,1,Juv,MURI,MURI,17
2017,2017,July,7/20/2017,UK,OS,Molasses Shallow,524,524-100-132,1,Juv,ANTI,ANTI,4
2017,2017,July,7/20/2017,UK,OS,Molasses Shallow,524,524-100-132,1,Juv,ANTI,ANTI,3
2017,2017,July,7/20/2017,UK,OS,Molasses Shallow,524,524-100-132,1,Juv,ANTI,ANTI,5
2017,2017,July,7/20/2017,UK,OS,Molasses Shallow,524,524-100-132,1,Juv,ANTI,ANTI,6
2017,2017,July,7/20/2017,UK,OS,Molasses Shallow,524,524-100-132,1,Juv,ANTI,ANTI,12
2017,2017,July,7/20/2017,UK,OS,Molasses Shallow,524,524-100-132,1,Juv,ANTI,ANTI,4
2017,2017,July,7/20/2017,UK,OS,Molasses Shallow,524,524-100-132,1,Juv,ANTI,ANTI,4
2017,2017,July,7/20/2017,UK,OS,Molasses Shallow,524,524-100-132,1,Juv,ANTI,ANTI,8
2017,2017,July,7/20/2017,UK,OS,Molasses Shallow,524,524-100-132,1,Juv,ANTI,ANTI,2
2017,2017,July,7/20/2017,UK,OS,Molasses Shallow,524,524-100-132,1,Juv,ANTI,ANTI,3
2017,2017,July,7/20/2017,UK,OS,Molasses Shallow,524,524-100-132,1,Juv,ANTI,ANTI,7
2017,2017,July,7/20/2017,UK,OS,Molasses Shallow,524,524-100-132,1,Juv,ANTI,ANTI,3
2017,2017,July,7/20/2017,UK,OS,Molasses Shallow,524,524-100-132,1,Juv,GVEN,GVEN,10
2017,2017,July,7/20/2017,UK,OS,Molasses Shallow,524,524-100-163,1,Juv,ANTI/GVEN,AG,12
2017,2017,July,7/20/2017,UK,OS,Molasses Shallow,524,524-100-163,1,Juv,ANTI/GVEN,AG,11
2017,2017,July,7/20/2017,UK,OS,Molasses Shallow,524,524-100-163,1,Juv,ANTI,ANTI,13
2017,2017,July,7/20/2017,UK,OS,Molasses Shallow,524,524-100-163,1,Juv,ANTI,ANTI,12
2017,2017,July,7/20/2017,UK,OS,Molasses Shallow,524,524-100-163,1,Juv,ANTI,ANTI,13
2017,2017,July,7/20/2017,UK,OS,Molasses Shallow,524,524-100-163,1,Juv,ANTI,ANTI,12
2017,2017,July,7/20/2017,UK,OS,Molasses Shallow,524,524-100-163,1,Juv,ANTI,ANTI,11
2017,2017,July,7/20/2017,UK,OS,Molasses Shallow,524,524-100-163,1,Juv,ANTI,ANTI,5
2017,2017,July,7/20/2017,UK,OS,Molasses Shallow,524,524-100-163,1,Juv,ANTI,ANTI,8
2017,2017,July,7/20/2017,UK,OS,Molasses Shallow,524,524-100-163,1,Juv,ANTI,ANTI,7
2017,2017,July,7/20/2017,UK,OS,Molasses Shallow,524,524-100-163,1,Juv,ANTI,ANTI,9
2017,2017,July,7/20/2017,UK,OS,Molasses Shallow,524,524-100-163,1,Juv,ANTI,ANTI,13
2017,2017,July,7/20/2017,UK,OS,Molasses Shallow,524,524-100-163,1,Juv,ANTI,ANTI,7
2017,2017,July,7/20/2017,UK,OS,Molasses Shallow,524,524-100-163,1,Juv,ANTI,ANTI,10
2017,2017,July,7/20/2017,UK,OS,Molasses Shallow,524,524-100-163,1,Juv,EUNI,EUNI,7
2017,2017,July,7/20/2017,UK,OS,Molasses Shallow,524,524-100-163,1,Juv,GVEN,GVEN,31
2017,2017,July,7/20/2017,UK,OS,Molasses Shallow,524,524-100-163,1,Juv,GVEN,GVEN,16
2017,2017,July,7/20/2017,UK,OS,Molasses Shallow,524,524-100-163,1,Juv,MURI,MURI,26
2017,2017,July,7/20/2017,UK,OS,Molasses Shallow,524,524-100-163,1,Juv,MURO,MURO,6
2017,2017,Aug,8/29/2017,UK,OS,Molasses Shallow,524,524-500-019,1,Juv,ANTI/GVEN,AG,7
2017,2017,Aug,8/29/2017,UK,OS,Molasses Shallow,524,524-500-019,1,Juv,ANTI,ANTI,6
2017,2017,Aug,8/29/2017,UK,OS,Molasses Shallow,524,524-500-019,1,Juv,ANTI,ANTI,7
2017,2017,Aug,8/29/2017,UK,OS,Molasses Shallow,524,524-500-019,1,Juv,ANTI,ANTI,7
2017,2017,Aug,8/29/2017,UK,OS,Molasses Shallow,524,524-500-019,1,Juv,ANTI,ANTI,10
2017,2017,Aug,8/29/2017,UK,OS,Molasses Shallow,524,524-500-019,1,Juv,ANTI,ANTI,8
2017,2017,Aug,8/29/2017,UK,OS,Molasses Shallow,524,524-500-019,1,Juv,ANTI,ANTI,18
2017,2017,Aug,8/29/2017,UK,OS,Molasses Shallow,524,524-500-019,1,Juv,EUNI,EUNI,7
2017,2017,Aug,8/29/2017,UK,OS,Molasses Shallow,524,524-500-019,1,Juv,GVEN,GVEN,16
2017,2017,Aug,8/29/2017,UK,OS,Molasses Shallow,524,524-500-019,1,Juv,GVEN,GVEN,3
2017,2017,Aug,8/29/2017,UK,OS,Molasses Shallow,524,524-500-019,1,Juv,GVEN,GVEN,5
2017,2017,Aug,8/29/2017,UK,OS,Molasses Shallow,524,524-500-036,1,Juv,ANTI,ANTI,6
2017,2017,Aug,8/29/2017,UK,OS,Molasses Shallow,524,524-500-036,1,Juv,ANTI,ANTI,3
2017,2017,Aug,8/29/2017,UK,OS,Molasses Shallow,524,524-500-036,1,Juv,ANTI,ANTI,5
2017,2017,Aug,8/29/2017,UK,OS,Molasses Shallow,524,524-500-036,1,Juv,EUNI,EUNI,11
2017,2017,Aug,8/29/2017,UK,OS,Molasses Shallow,524,524-500-089,1,Juv,ANTI,ANTI,6
2017,2017,Aug,8/29/2017,UK,OS,Molasses Shallow,524,524-500-089,1,Juv,ANTI,ANTI,11
2017,2017,Aug,8/29/2017,UK,OS,Molasses Shallow,524,524-500-089,1,Juv,ANTI,ANTI,6
2017,2017,Aug,8/29/2017,UK,OS,Molasses Shallow,524,524-500-089,1,Juv,ANTI,ANTI,34
2017,2017,Aug,8/29/2017,UK,OS,Molasses Shallow,524,524-500-089,1,Juv,ANTI,ANTI,15
2017,2017,Aug,8/29/2017,UK,OS,Molasses Shallow,524,524-500-089,1,Juv,ANTI,ANTI,16
2017,2017,Aug,8/29/2017,UK,OS,Molasses Shallow,524,524-500-089,1,Juv,ANTI,ANTI,15
2017,2017,Aug,8/29/2017,UK,OS,Molasses Shallow,524,524-500-089,1,Juv,PAME,ANTI,16
2017,2017,Aug,8/29/2017,UK,OS,Molasses Shallow,524,524-500-089,1,Juv,PAME,ANTI,11
2017,2017,Aug,8/29/2017,UK,OS,Molasses Shallow,524,524-500-089,1,Juv,GVEN,GVEN,16
2017,2017,Aug,8/29/2017,UK,OS,Molasses Shallow,524,524-500-089,1,Juv,GVEN,GVEN,16
2017,2017,Aug,8/29/2017,UK,OS,Molasses Shallow,524,524-500-089,1,Juv,GVEN,GVEN,18
2017,2017,July,7/20/2017,UK,OS,Molasses Shallow,524,524-500-165,1,Juv,EUNI,EUNI,5
2017,2017,July,7/20/2017,UK,OS,Molasses Shallow,524,524-500-165,1,Juv,EUNI,EUNI,11
2017,2017,July,7/20/2017,UK,OS,Molasses Shallow,524,524-500-165,1,Juv,EUNI,EUNI,13
2017,2017,July,7/20/2017,UK,OS,Molasses Shallow,524,524-500-165,1,Juv,EUNI,EUNI,16
2017,2017,July,7/20/2017,UK,OS,Molasses Shallow,524,524-500-165,1,Juv,GVEN,GVEN,16
2017,2017,July,7/20/2017,UK,OS,Molasses Shallow,524,524-500-165,1,Juv,GVEN,GVEN,11
2017,2017,July,7/20/2017,UK,OS,Molasses Shallow,524,524-500-165,1,Juv,GVEN,GVEN,22
2017,2017,July,7/20/2017,UK,OS,Molasses Shallow,524,524-500-165,1,Juv,GVEN,GVEN,20
2017,2017,July,7/20/2017,UK,OS,Molasses Shallow,524,524-500-165,1,Juv,GVEN,GVEN,9
2017,2017,July,7/20/2017,UK,OS,Molasses Shallow,524,524-500-165,1,Juv,GVEN,GVEN,6
2017,2017,July,7/20/2017,UK,OS,Molasses Shallow,524,524-500-165,1,Juv,GVEN,GVEN,10
2017,2017,July,7/20/2017,UK,OS,Molasses Shallow,524,524-500-165,1,Juv,GVEN,GVEN,16
2017,2017,July,7/20/2017,UK,OS,Molasses Shallow,524,524-500-165,1,Juv,GVEN,GVEN,16
2017,2017,July,7/20/2017,UK,OS,Molasses Shallow,524,524-500-165,1,Juv,GVEN,GVEN,5
2017,2017,July,7/20/2017,UK,OS,Molasses Shallow,524,524-500-165,1,Juv,GVEN,GVEN,17
2017,2017,July,7/20/2017,UK,OS,Molasses Shallow,524,524-500-165,1,Juv,GVEN,GVEN,16
2017,2017,July,7/20/2017,UK,OS,Molasses Shallow,524,524-500-165,1,Juv,GVEN,GVEN,15
2017,2017,July,7/20/2017,UK,OS,Molasses Shallow,524,524-500-165,1,Juv,GVEN,GVEN,28
2017,2017,July,7/20/2017,UK,OS,Molasses Shallow,524,524-500-165,1,Juv,MURO,MURO,38
2017,2017,May,5/15/2017,MK,OS,Tennessee Shallow,551,551-100-012,1,Juv,ANTI,ANTI,12
2017,2017,May,5/15/2017,MK,OS,Tennessee Shallow,551,551-100-012,1,Juv,PAME,ANTI,36
2017,2017,May,5/15/2017,MK,OS,Tennessee Shallow,551,551-100-012,1,Juv,EUNI,EUNI,8
2017,2017,May,5/15/2017,MK,OS,Tennessee Shallow,551,551-100-012,1,Juv,EUNI,EUNI,10
2017,2017,May,5/15/2017,MK,OS,Tennessee Shallow,551,551-100-073,1,Juv,ANTI/GVEN,AG,21
2017,2017,May,5/15/2017,MK,OS,Tennessee Shallow,551,551-100-073,1,Juv,ANTI,ANTI,14
2017,2017,May,5/15/2017,MK,OS,Tennessee Shallow,551,551-100-073,1,Juv,ANTI,ANTI,3
2017,2017,May,5/15/2017,MK,OS,Tennessee Shallow,551,551-100-073,1,Juv,PAME,ANTI,8
2017,2017,May,5/15/2017,MK,OS,Tennessee Shallow,551,551-100-073,1,Juv,EUNI,EUNI,3
2017,2017,May,5/15/2017,MK,OS,Tennessee Shallow,551,551-100-073,1,Juv,GVEN,GVEN,18
2017,2017,May,5/15/2017,MK,OS,Tennessee Shallow,551,551-100-073,1,Juv,PSEU,PSEU,12
2017,2017,May,5/15/2017,MK,OS,Tennessee Shallow,551,551-100-073,1,Juv,PTER,PTER,8
2017,2017,May,5/15/2017,MK,OS,Tennessee Shallow,551,551-100-073,1,Juv,UNKO,UNKO,2
2017,2017,May,5/15/2017,MK,OS,Tennessee Shallow,551,551-100-073,1,Juv,UNKO,UNKO,2
2017,2017,May,5/15/2017,MK,OS,Tennessee Shallow,551,551-100-073,1,Juv,UNKO,UNKO,7
2017,2017,May,5/15/2017,MK,OS,Tennessee Shallow,551,551-100-133,1,Juv,ANTI,ANTI,7
2017,2017,May,5/15/2017,MK,OS,Tennessee Shallow,551,551-100-133,1,Juv,EUNI,EUNI,8
2017,2017,May,5/15/2017,MK,OS,Tennessee Shallow,551,551-100-133,1,Juv,GVEN,GVEN,7
2017,2017,May,5/15/2017,MK,OS,Tennessee Shallow,551,551-100-133,1,Juv,PPOR,PSEU,35
2017,2017,May,5/15/2017,MK,OS,Tennessee Shallow,551,551-100-192,1,Juv,ANTI/GVEN,AG,10
2017,2017,May,5/15/2017,MK,OS,Tennessee Shallow,551,551-100-192,1,Juv,ANTI,ANTI,5
2017,2017,May,5/15/2017,MK,OS,Tennessee Shallow,551,551-100-192,1,Juv,ANTI,ANTI,10
2017,2017,May,5/15/2017,MK,OS,Tennessee Shallow,551,551-100-192,1,Juv,EUNI,EUNI,8
2017,2017,May,5/15/2017,MK,OS,Tennessee Shallow,551,551-100-192,1,Juv,MURO,MURO,29
2017,2017,May,5/15/2017,MK,OS,Tennessee Shallow,551,551-500-020,1,Juv,ANTI,ANTI,5
2017,2017,May,5/15/2017,MK,OS,Tennessee Shallow,551,551-500-020,1,Juv,GVEN,GVEN,18
2017,2017,May,5/15/2017,MK,OS,Tennessee Shallow,551,551-500-020,1,Juv,GVEN,GVEN,24
2017,2017,May,5/15/2017,MK,OS,Tennessee Shallow,551,551-500-020,1,Juv,GVEN,GVEN,10
2017,2017,May,5/15/2017,MK,OS,Tennessee Shallow,551,551-500-020,1,Juv,PTER,PTER,28
2017,2017,May,5/15/2017,MK,OS,Tennessee Shallow,551,551-500-020,1,Juv,UNKO,UNKO,3
2017,2017,May,5/15/2017,MK,OS,Tennessee Shallow,551,551-500-020,1,Juv,UNKO,UNKO,3
2017,2017,May,5/15/2017,MK,OS,Tennessee Shallow,551,551-500-088,1,Juv,ANTI,ANTI,4
2017,2017,May,5/15/2017,MK,OS,Tennessee Shallow,551,551-500-088,1,Juv,ANTI,ANTI,5
2017,2017,May,5/15/2017,MK,OS,Tennessee Shallow,551,551-500-088,1,Juv,PAME,ANTI,20
2017,2017,May,5/15/2017,MK,OS,Tennessee Shallow,551,551-500-088,1,Juv,GVEN,GVEN,25
2017,2017,May,5/15/2017,MK,OS,Tennessee Shallow,551,551-500-088,1,Juv,GVEN,GVEN,33
2017,2017,May,5/15/2017,MK,OS,Tennessee Shallow,551,551-500-088,1,Juv,PTER,PTER,34
2017,2017,May,5/15/2017,MK,OS,Tennessee Shallow,551,551-500-140,1,Juv,PAME,ANTI,10
2017,2017,May,5/15/2017,MK,OS,Tennessee Shallow,551,551-500-140,1,Juv,EUNI,EUNI,5
2017,2017,May,5/15/2017,MK,OS,Tennessee Shallow,551,551-500-198,1,Juv,PAME,ANTI,4
2017,2017,May,5/15/2017,MK,OS,Tennessee Shallow,551,551-500-198,1,Juv,PAME,ANTI,8
2017,2017,May,5/15/2017,MK,OS,Tennessee Shallow,551,551-500-198,1,Juv,PAME,ANTI,6
2017,2017,May,5/15/2017,MK,OS,Tennessee Shallow,551,551-500-198,1,Juv,EUNI,EUNI,4
2017,2017,May,5/15/2017,MK,OS,Tennessee Shallow,551,551-500-198,1,Juv,GVEN,GVEN,9
2017,2017,May,5/15/2017,MK,OS,Tennessee Shallow,551,551-500-198,1,Juv,UNKO,UNKO,3
2017,2017,May,5/15/2017,MK,OS,Tennessee Shallow,552,552-100-012,1,Juv,ANTI/GVEN,AG,10
2017,2017,May,5/15/2017,MK,OS,Tennessee Shallow,552,552-100-012,1,Juv,ANTI,ANTI,6
2017,2017,May,5/15/2017,MK,OS,Tennessee Shallow,552,552-100-012,1,Juv,ANTI,ANTI,11
2017,2017,May,5/15/2017,MK,OS,Tennessee Shallow,552,552-100-012,1,Juv,EUNI,EUNI,10
2017,2017,May,5/15/2017,MK,OS,Tennessee Shallow,552,552-100-012,1,Juv,PFLE,EUNI,27
2017,2017,May,5/15/2017,MK,OS,Tennessee Shallow,552,552-100-012,1,Juv,PFLE,EUNI,5
2017,2017,May,5/15/2017,MK,OS,Tennessee Shallow,552,552-100-012,1,Juv,GVEN,GVEN,12
2017,2017,May,5/15/2017,MK,OS,Tennessee Shallow,552,552-100-012,1,Juv,GVEN,GVEN,10
2017,2017,May,5/15/2017,MK,OS,Tennessee Shallow,552,552-100-012,1,Juv,GVEN,GVEN,21
2017,2017,May,5/15/2017,MK,OS,Tennessee Shallow,552,552-100-012,1,Juv,MURO,MURO,18
2017,2017,May,5/15/2017,MK,OS,Tennessee Shallow,552,552-100-012,1,Juv,MURO,MURO,21
2017,2017,May,5/15/2017,MK,OS,Tennessee Shallow,552,552-100-012,1,Juv,MURO,MURO,20
2017,2017,May,5/15/2017,MK,OS,Tennessee Shallow,552,552-100-012,1,Juv,PLEL,PLEL,12
2017,2017,May,5/15/2017,MK,OS,Tennessee Shallow,552,552-100-012,1,Juv,PTER,PTER,27
2017,2017,May,5/15/2017,MK,OS,Tennessee Shallow,552,552-100-094,1,Juv,PLEX,PLEX,30
2017,2017,May,5/15/2017,MK,OS,Tennessee Shallow,552,552-100-094,1,Juv,UNKO,UNKO,2
2017,2017,May,5/15/2017,MK,OS,Tennessee Shallow,552,552-100-169,1,Juv,EUNI,EUNI,10
2017,2017,May,5/15/2017,MK,OS,Tennessee Shallow,552,552-100-169,1,Juv,EUNI,EUNI,9
2017,2017,May,5/15/2017,MK,OS,Tennessee Shallow,552,552-100-169,1,Juv,EUNI,EUNI,4
2017,2017,May,5/15/2017,MK,OS,Tennessee Shallow,552,552-100-169,1,Juv,UNKO,UNKO,2
2017,2017,May,5/15/2017,MK,OS,Tennessee Shallow,552,552-100-217,1,Juv,ANTI,ANTI,25
2017,2017,May,5/15/2017,MK,OS,Tennessee Shallow,552,552-100-217,1,Juv,PAME,ANTI,4
2017,2017,May,5/15/2017,MK,OS,Tennessee Shallow,552,552-100-217,1,Juv,EUNI,EUNI,5
2017,2017,May,5/15/2017,MK,OS,Tennessee Shallow,552,552-100-217,1,Juv,EUNI,EUNI,18
2017,2017,May,5/15/2017,MK,OS,Tennessee Shallow,552,552-500-028,1,Juv,ANTI,ANTI,21
2017,2017,May,5/15/2017,MK,OS,Tennessee Shallow,552,552-500-028,1,Juv,PAME,ANTI,16
2017,2017,May,5/15/2017,MK,OS,Tennessee Shallow,552,552-500-028,1,Juv,PAME,ANTI,17
2017,2017,May,5/15/2017,MK,OS,Tennessee Shallow,552,552-500-028,1,Juv,EUNI,EUNI,9
2017,2017,May,5/15/2017,MK,OS,Tennessee Shallow,552,552-500-028,1,Juv,EUNI,EUNI,2
2017,2017,May,5/15/2017,MK,OS,Tennessee Shallow,552,552-500-028,1,Juv,EUNI,EUNI,7
2017,2017,May,5/15/2017,MK,OS,Tennessee Shallow,552,552-500-028,1,Juv,GVEN,GVEN,16
2017,2017,May,5/15/2017,MK,OS,Tennessee Shallow,552,552-500-028,1,Juv,MURI,MURI,35
2017,2017,May,5/15/2017,MK,OS,Tennessee Shallow,552,552-500-083,1,Juv,ANTI,ANTI,26
2017,2017,May,5/15/2017,MK,OS,Tennessee Shallow,552,552-500-083,1,Juv,PAME,ANTI,15
2017,2017,May,5/15/2017,MK,OS,Tennessee Shallow,552,552-500-083,1,Juv,PAME,ANTI,5
2017,2017,May,5/15/2017,MK,OS,Tennessee Shallow,552,552-500-083,1,Juv,PFLE,EUNI,8
2017,2017,May,5/15/2017,MK,OS,Tennessee Shallow,552,552-500-083,1,Juv,GVEN,GVEN,25
2017,2017,May,5/15/2017,MK,OS,Tennessee Shallow,552,552-500-083,1,Juv,GVEN,GVEN,12
2017,2017,May,5/15/2017,MK,OS,Tennessee Shallow,552,552-500-083,1,Juv,MURO,MURO,28
2017,2017,May,5/15/2017,MK,OS,Tennessee Shallow,552,552-500-106,1,Juv,ANTI,ANTI,7
2017,2017,May,5/15/2017,MK,OS,Tennessee Shallow,552,552-500-106,1,Juv,PAME,ANTI,11
2017,2017,May,5/15/2017,MK,OS,Tennessee Shallow,552,552-500-106,1,Juv,PAME,ANTI,9
2017,2017,May,5/15/2017,MK,OS,Tennessee Shallow,552,552-500-106,1,Juv,EUNI,EUNI,32
2017,2017,May,5/15/2017,MK,OS,Tennessee Shallow,552,552-500-106,1,Juv,EUNI,EUNI,8
2017,2017,May,5/15/2017,MK,OS,Tennessee Shallow,552,552-500-132,1,Juv,PAME,ANTI,2
2017,2017,May,5/15/2017,MK,OS,Tennessee Shallow,552,552-500-132,1,Juv,EUNI,EUNI,39
2017,2017,May,5/15/2017,MK,OS,Tennessee Shallow,552,552-500-132,1,Juv,EUNI,EUNI,6
2017,2017,May,5/15/2017,MK,OS,Tennessee Shallow,552,552-500-132,1,Juv,EUNI,EUNI,2
2017,2017,May,5/15/2017,MK,OS,Tennessee Shallow,553,553-100-089,1,Juv,ANTI/GVEN,AG,9
2017,2017,May,5/15/2017,MK,OS,Tennessee Shallow,553,553-100-089,1,Juv,ANTI,ANTI,4
2017,2017,May,5/15/2017,MK,OS,Tennessee Shallow,553,553-100-089,1,Juv,EUNI,EUNI,24
2017,2017,May,5/15/2017,MK,OS,Tennessee Shallow,553,553-100-089,1,Juv,EUNI,EUNI,20
2017,2017,May,5/15/2017,MK,OS,Tennessee Shallow,553,553-100-089,1,Juv,EUNI,EUNI,8
2017,2017,May,5/15/2017,MK,OS,Tennessee Shallow,553,553-100-089,1,Juv,EUNI,EUNI,4
2017,2017,May,5/15/2017,MK,OS,Tennessee Shallow,553,553-100-089,1,Juv,EUNI,EUNI,4
2017,2017,May,5/15/2017,MK,OS,Tennessee Shallow,553,553-100-089,1,Juv,EUNI,EUNI,20
2017,2017,May,5/15/2017,MK,OS,Tennessee Shallow,553,553-100-089,1,Juv,EUNI,EUNI,19
2017,2017,May,5/15/2017,MK,OS,Tennessee Shallow,553,553-100-089,1,Juv,EUNI,EUNI,15
2017,2017,May,5/15/2017,MK,OS,Tennessee Shallow,553,553-100-089,1,Juv,EUNI,EUNI,13
2017,2017,May,5/15/2017,MK,OS,Tennessee Shallow,553,553-100-089,1,Juv,EUNI,EUNI,12
2017,2017,May,5/15/2017,MK,OS,Tennessee Shallow,553,553-100-089,1,Juv,EUNI,EUNI,11
2017,2017,May,5/15/2017,MK,OS,Tennessee Shallow,553,553-100-089,1,Juv,PFLE,EUNI,17
2017,2017,May,5/15/2017,MK,OS,Tennessee Shallow,553,553-100-089,1,Juv,GVEN,GVEN,25
2017,2017,May,5/15/2017,MK,OS,Tennessee Shallow,553,553-100-089,1,Juv,GVEN,GVEN,13
2017,2017,May,5/15/2017,MK,OS,Tennessee Shallow,553,553-100-089,1,Juv,GVEN,GVEN,34
2017,2017,May,5/15/2017,MK,OS,Tennessee Shallow,553,553-100-089,1,Juv,PLEL,PLEL,28
2017,2017,May,5/15/2017,MK,OS,Tennessee Shallow,553,553-100-089,1,Juv,PTER,PTER,22
2017,2017,May,5/15/2017,MK,OS,Tennessee Shallow,553,553-100-133,1,Juv,EUNI,EUNI,8
2017,2017,May,5/15/2017,MK,OS,Tennessee Shallow,553,553-100-133,1,Juv,GVEN,GVEN,13
2017,2017,May,5/15/2017,MK,OS,Tennessee Shallow,553,553-100-154,1,Juv,ANTI/GVEN,AG,5
2017,2017,May,5/15/2017,MK,OS,Tennessee Shallow,553,553-100-154,1,Juv,ANTI/GVEN,AG,7
2017,2017,May,5/15/2017,MK,OS,Tennessee Shallow,553,553-100-154,1,Juv,ANTI,ANTI,6
2017,2017,May,5/15/2017,MK,OS,Tennessee Shallow,553,553-100-154,1,Juv,ANTI,ANTI,12
2017,2017,May,5/15/2017,MK,OS,Tennessee Shallow,553,553-100-154,1,Juv,PAME,ANTI,16
2017,2017,May,5/15/2017,MK,OS,Tennessee Shallow,553,553-100-154,1,Juv,EUNI,EUNI,26
2017,2017,May,5/15/2017,MK,OS,Tennessee Shallow,553,553-100-154,1,Juv,EUNI,EUNI,30
2017,2017,May,5/15/2017,MK,OS,Tennessee Shallow,553,553-100-154,1,Juv,GVEN,GVEN,25
2017,2017,May,5/15/2017,MK,OS,Tennessee Shallow,553,553-100-154,1,Juv,GVEN,GVEN,17
2017,2017,May,5/15/2017,MK,OS,Tennessee Shallow,553,553-100-154,1,Juv,PTER,PTER,38
2017,2017,May,5/15/2017,MK,OS,Tennessee Shallow,553,553-100-154,1,Juv,UNKO,UNKO,22
2017,2017,May,5/15/2017,MK,OS,Tennessee Shallow,553,553-100-176,1,Juv,ANTI/GVEN,AG,9
2017,2017,May,5/15/2017,MK,OS,Tennessee Shallow,553,553-100-176,1,Juv,PAME,ANTI,38
2017,2017,May,5/15/2017,MK,OS,Tennessee Shallow,553,553-100-176,1,Juv,PAME,ANTI,17
2017,2017,May,5/15/2017,MK,OS,Tennessee Shallow,553,553-100-176,1,Juv,EUNI,EUNI,3
2017,2017,May,5/15/2017,MK,OS,Tennessee Shallow,553,553-100-176,1,Juv,EUNI,EUNI,21
2017,2017,May,5/15/2017,MK,OS,Tennessee Shallow,553,553-100-176,1,Juv,EUNI,EUNI,11
2017,2017,May,5/15/2017,MK,OS,Tennessee Shallow,553,553-100-176,1,Juv,EUNI,EUNI,4
2017,2017,May,5/15/2017,MK,OS,Tennessee Shallow,553,553-100-176,1,Juv,EUNI,EUNI,5
2017,2017,May,5/15/2017,MK,OS,Tennessee Shallow,553,553-100-176,1,Juv,GVEN,GVEN,16
2017,2017,May,5/15/2017,MK,OS,Tennessee Shallow,553,553-100-176,1,Juv,PTER,PTER,30
2017,2017,May,5/15/2017,MK,OS,Tennessee Shallow,553,553-500-030,1,Juv,GVEN,GVEN,19
2017,2017,May,5/15/2017,MK,OS,Tennessee Shallow,553,553-500-030,1,Juv,EUNI,EUNI,8
2017,2017,May,5/15/2017,MK,OS,Tennessee Shallow,553,553-500-030,1,Juv,EUNI,EUNI,7
2017,2017,May,5/15/2017,MK,OS,Tennessee Shallow,553,553-500-030,1,Juv,EUNI,EUNI,7
2017,2017,May,5/15/2017,MK,OS,Tennessee Shallow,553,553-500-030,1,Juv,EUNI,EUNI,9
2017,2017,May,5/15/2017,MK,OS,Tennessee Shallow,553,553-500-030,1,Juv,UNKO,UNKO,4
2017,2017,May,5/15/2017,MK,OS,Tennessee Shallow,553,553-500-087,0,NA,NA,NA,NA
2017,2017,May,5/15/2017,MK,OS,Tennessee Shallow,553,553-500-121,1,Juv,PAME,ANTI,15
2017,2017,May,5/15/2017,MK,OS,Tennessee Shallow,553,553-500-121,1,Juv,UNKO,UNKO,3
2017,2017,May,5/15/2017,MK,OS,Tennessee Shallow,553,553-500-160,1,Juv,ANTI,ANTI,22
2017,2017,May,5/15/2017,MK,OS,Tennessee Shallow,553,553-500-160,1,Juv,ANTI,ANTI,3
2017,2017,May,5/15/2017,MK,OS,Tennessee Shallow,553,553-500-160,1,Juv,EUNI,EUNI,5
2017,2017,May,5/15/2017,MK,OS,Tennessee Shallow,554,554-100-014,1,Juv,ANTI/GVEN,AG,8
2017,2017,May,5/15/2017,MK,OS,Tennessee Shallow,554,554-100-014,1,Juv,EUNI,EUNI,7
2017,2017,May,5/15/2017,MK,OS,Tennessee Shallow,554,554-100-014,1,Juv,PTER,PTER,18
2017,2017,May,5/15/2017,MK,OS,Tennessee Shallow,554,554-100-053,1,Juv,ANTI,ANTI,10
2017,2017,May,5/15/2017,MK,OS,Tennessee Shallow,554,554-100-053,1,Juv,PAME,ANTI,34
2017,2017,May,5/15/2017,MK,OS,Tennessee Shallow,554,554-100-053,1,Juv,EUNI,EUNI,13
2017,2017,May,5/15/2017,MK,OS,Tennessee Shallow,554,554-100-053,1,Juv,EUNI,EUNI,7
2017,2017,May,5/15/2017,MK,OS,Tennessee Shallow,554,554-100-053,1,Juv,GVEN,GVEN,35
2017,2017,May,5/15/2017,MK,OS,Tennessee Shallow,554,554-100-053,1,Juv,GVEN,GVEN,20
2017,2017,May,5/15/2017,MK,OS,Tennessee Shallow,554,554-100-053,1,Juv,MURI,MURI,24
2017,2017,May,5/15/2017,MK,OS,Tennessee Shallow,554,554-100-053,1,Juv,MURI,MURI,28
2017,2017,May,5/15/2017,MK,OS,Tennessee Shallow,554,554-100-053,1,Juv,PSEU,PSEU,11
2017,2017,May,5/15/2017,MK,OS,Tennessee Shallow,554,554-100-053,1,Juv,PTER,PTER,36
2017,2017,May,5/15/2017,MK,OS,Tennessee Shallow,554,554-100-102,1,Juv,ANTI/GVEN,AG,18
2017,2017,May,5/15/2017,MK,OS,Tennessee Shallow,554,554-100-102,1,Juv,ANTI/GVEN,AG,10
2017,2017,May,5/15/2017,MK,OS,Tennessee Shallow,554,554-100-102,1,Juv,ANTI,ANTI,12
2017,2017,May,5/15/2017,MK,OS,Tennessee Shallow,554,554-100-102,1,Juv,EUNI,EUNI,15
2017,2017,May,5/15/2017,MK,OS,Tennessee Shallow,554,554-100-102,1,Juv,EUNI,EUNI,29
2017,2017,May,5/15/2017,MK,OS,Tennessee Shallow,554,554-100-102,1,Juv,MURI,MURI,2
2017,2017,May,5/15/2017,MK,OS,Tennessee Shallow,554,554-100-102,1,Juv,PTER,PTER,10
2017,2017,May,5/15/2017,MK,OS,Tennessee Shallow,554,554-100-179,1,Juv,ANTI/GVEN,AG,19
2017,2017,May,5/15/2017,MK,OS,Tennessee Shallow,554,554-100-179,1,Juv,ANTI,ANTI,5
2017,2017,May,5/15/2017,MK,OS,Tennessee Shallow,554,554-100-179,1,Juv,PAME,ANTI,8
2017,2017,May,5/15/2017,MK,OS,Tennessee Shallow,554,554-100-179,1,Juv,PAME,ANTI,6
2017,2017,May,5/15/2017,MK,OS,Tennessee Shallow,554,554-100-179,1,Juv,EUNI,EUNI,23
2017,2017,May,5/15/2017,MK,OS,Tennessee Shallow,554,554-100-179,1,Juv,EUNI,EUNI,26
2017,2017,May,5/15/2017,MK,OS,Tennessee Shallow,554,554-100-179,1,Juv,GVEN,GVEN,13
2017,2017,May,5/15/2017,MK,OS,Tennessee Shallow,554,554-500-016,1,Juv,ANTI/GVEN,AG,15
2017,2017,May,5/15/2017,MK,OS,Tennessee Shallow,554,554-500-016,1,Juv,PAME,ANTI,16
2017,2017,May,5/15/2017,MK,OS,Tennessee Shallow,554,554-500-016,1,Juv,EUNI,EUNI,10
2017,2017,May,5/15/2017,MK,OS,Tennessee Shallow,554,554-500-016,1,Juv,EUNI,EUNI,8
2017,2017,May,5/15/2017,MK,OS,Tennessee Shallow,554,554-500-016,1,Juv,EUNI,EUNI,13
2017,2017,May,5/15/2017,MK,OS,Tennessee Shallow,554,554-500-016,1,Juv,EUNI,EUNI,15
2017,2017,May,5/15/2017,MK,OS,Tennessee Shallow,554,554-500-016,1,Juv,PFLE,EUNI,16
2017,2017,May,5/15/2017,MK,OS,Tennessee Shallow,554,554-500-016,1,Juv,GVEN,GVEN,23
2017,2017,May,5/15/2017,MK,OS,Tennessee Shallow,554,554-500-016,1,Juv,GVEN,GVEN,20
2017,2017,May,5/15/2017,MK,OS,Tennessee Shallow,554,554-500-016,1,Juv,GVEN,GVEN,27
2017,2017,May,5/15/2017,MK,OS,Tennessee Shallow,554,554-500-016,1,Juv,MURO,MURO,15
2017,2017,May,5/15/2017,MK,OS,Tennessee Shallow,554,554-500-049,1,Juv,ANTI,ANTI,36
2017,2017,May,5/15/2017,MK,OS,Tennessee Shallow,554,554-500-049,1,Juv,PAME,ANTI,30
2017,2017,May,5/15/2017,MK,OS,Tennessee Shallow,554,554-500-049,1,Juv,PAME,ANTI,21
2017,2017,May,5/15/2017,MK,OS,Tennessee Shallow,554,554-500-049,1,Juv,EUNI,EUNI,13
2017,2017,May,5/15/2017,MK,OS,Tennessee Shallow,554,554-500-049,1,Juv,EUNI,EUNI,20
2017,2017,May,5/15/2017,MK,OS,Tennessee Shallow,554,554-500-049,1,Juv,MURO,MURO,10
2017,2017,May,5/15/2017,MK,OS,Tennessee Shallow,554,554-500-049,1,Juv,MURO,MURO,10
2017,2017,May,5/15/2017,MK,OS,Tennessee Shallow,554,554-500-049,1,Juv,PTER,PTER,36
2017,2017,May,5/15/2017,MK,OS,Tennessee Shallow,554,554-500-049,1,Juv,PTER,PTER,30
2017,2017,May,5/15/2017,MK,OS,Tennessee Shallow,554,554-500-114,1,Juv,ANTI/GVEN,AG,16
2017,2017,May,5/15/2017,MK,OS,Tennessee Shallow,554,554-500-114,1,Juv,PAME,ANTI,15
2017,2017,May,5/15/2017,MK,OS,Tennessee Shallow,554,554-500-114,1,Juv,PAME,ANTI,11
2017,2017,May,5/15/2017,MK,OS,Tennessee Shallow,554,554-500-114,1,Juv,PAME,ANTI,7
2017,2017,May,5/15/2017,MK,OS,Tennessee Shallow,554,554-500-114,1,Juv,GVEN,GVEN,6
2017,2017,May,5/15/2017,MK,OS,Tennessee Shallow,554,554-500-114,1,Juv,GVEN,GVEN,11
2017,2017,May,5/15/2017,MK,OS,Tennessee Shallow,554,554-500-114,1,Juv,GVEN,GVEN,9
2017,2017,May,5/15/2017,MK,OS,Tennessee Shallow,554,554-500-114,1,Juv,GVEN,GVEN,34
2017,2017,May,5/15/2017,MK,OS,Tennessee Shallow,554,554-500-114,1,Juv,MURO,MURO,10
2017,2017,May,5/15/2017,MK,OS,Tennessee Shallow,554,554-500-171,1,Juv,ANTI,ANTI,8
2017,2017,May,5/15/2017,MK,OS,Tennessee Shallow,554,554-500-171,1,Juv,PAME,ANTI,12
2017,2017,May,5/15/2017,MK,OS,Tennessee Shallow,554,554-500-171,1,Juv,EUNI,EUNI,30
2017,2017,May,5/15/2017,MK,OS,Tennessee Shallow,554,554-500-171,1,Juv,EUNI,EUNI,7
2017,2017,May,5/15/2017,MK,OS,Tennessee Shallow,554,554-500-171,1,Juv,GVEN,GVEN,30
2017,2017,May,5/15/2017,MK,OS,Tennessee Shallow,554,554-500-171,1,Juv,GVEN,GVEN,35
2017,2017,Dec,12/8/2017,MK,OS,Sombrero Shallow,561,561-100-028,1,Juv,ANTI/GVEN,AG,12
2017,2017,Dec,12/8/2017,MK,OS,Sombrero Shallow,561,561-100-028,1,Juv,ANTI/GVEN,AG,6
2017,2017,Dec,12/8/2017,MK,OS,Sombrero Shallow,561,561-100-028,1,Juv,EUNI,EUNI,7
2017,2017,Dec,12/8/2017,MK,OS,Sombrero Shallow,561,561-100-083,1,Juv,ANTI/GVEN,AG,5
2017,2017,Dec,12/8/2017,MK,OS,Sombrero Shallow,561,561-100-097,1,Juv,GVEN,GVEN,20
2017,2017,Dec,12/8/2017,MK,OS,Sombrero Shallow,561,561-100-139,0,NA,NA,NA,NA
2017,2017,Dec,12/8/2017,MK,OS,Sombrero Shallow,561,561-500-083,1,Juv,ANTI,ANTI,6
2017,2017,Dec,12/8/2017,MK,OS,Sombrero Shallow,561,561-500-083,1,Juv,ANTI,ANTI,3
2017,2017,Dec,12/8/2017,MK,OS,Sombrero Shallow,561,561-500-083,1,Juv,ANTI,ANTI,6
2017,2017,Dec,12/8/2017,MK,OS,Sombrero Shallow,561,561-500-083,1,Juv,ANTI,ANTI,2
2017,2017,Dec,12/8/2017,MK,OS,Sombrero Shallow,561,561-500-083,1,Juv,UNKO,UNKO,3
2017,2017,Dec,12/8/2017,MK,OS,Sombrero Shallow,561,561-500-108,1,Juv,PLEL,PLEL,38
2017,2017,Dec,12/8/2017,MK,OS,Sombrero Shallow,561,561-500-154,0,NA,NA,NA,NA
2017,2017,Dec,12/8/2017,MK,OS,Sombrero Shallow,561,561-500-195,0,NA,NA,NA,NA
2017,2017,Dec,12/8/2017,MK,OS,Sombrero Shallow,562,562-100-060,1,Juv,PAME,ANTI,3
2017,2017,Dec,12/8/2017,MK,OS,Sombrero Shallow,562,562-100-060,1,Juv,GVEN,GVEN,13
2017,2017,Dec,12/8/2017,MK,OS,Sombrero Shallow,562,562-100-080,0,NA,NA,NA,NA
2017,2017,Dec,12/8/2017,MK,OS,Sombrero Shallow,562,562-100-117,1,Juv,ANTI/GVEN,AG,5
2017,2017,Dec,12/8/2017,MK,OS,Sombrero Shallow,562,562-100-140,1,Juv,GVEN,GVEN,11
2017,2017,Dec,12/8/2017,MK,OS,Sombrero Shallow,562,562-500-039,1,Juv,PFLE,EUNI,8
2017,2017,Dec,12/8/2017,MK,OS,Sombrero Shallow,562,562-500-077,1,Juv,PAME,ANTI,3
2017,2017,Dec,12/8/2017,MK,OS,Sombrero Shallow,562,562-500-077,1,Juv,UNKO,UNKO,3
2017,2017,Dec,12/8/2017,MK,OS,Sombrero Shallow,562,562-500-126,1,Juv,ANTI/GVEN,AG,10
2017,2017,Dec,12/8/2017,MK,OS,Sombrero Shallow,562,562-500-126,1,Juv,ANTI/GVEN,AG,15
2017,2017,Dec,12/8/2017,MK,OS,Sombrero Shallow,562,562-500-126,1,Juv,ANTI/GVEN,AG,4
2017,2017,Dec,12/8/2017,MK,OS,Sombrero Shallow,562,562-500-164,1,Juv,ANTI/GVEN,AG,7
2017,2017,Dec,12/8/2017,MK,OS,Sombrero Shallow,562,562-500-164,1,Juv,ANTI,ANTI,3
2017,2017,Dec,12/8/2017,MK,OS,Sombrero Shallow,562,562-500-164,1,Juv,GVEN,GVEN,7
2017,2017,Dec,12/8/2017,MK,OS,Sombrero Shallow,562,562-500-164,1,Juv,GVEN,GVEN,4
2017,2017,Dec,12/8/2017,MK,OS,Sombrero Shallow,562,562-500-164,1,Juv,GVEN,GVEN,5
2017,2017,Dec,12/8/2017,MK,OS,Sombrero Shallow,562,562-500-164,1,Juv,GVEN,GVEN,4
2017,2017,Dec,12/8/2017,MK,OS,Sombrero Shallow,562,562-500-164,1,Juv,MURO,MURO,28
2017,2017,Dec,12/8/2017,MK,OS,Sombrero Shallow,563,563-100-013,0,NA,NA,NA,NA
2017,2017,Dec,12/8/2017,MK,OS,Sombrero Shallow,563,563-100-073,0,NA,NA,NA,NA
2017,2017,Dec,12/8/2017,MK,OS,Sombrero Shallow,563,563-100-107,1,Juv,UNKO,UNKO,1
2017,2017,Dec,12/8/2017,MK,OS,Sombrero Shallow,563,563-100-107,1,Juv,UNKO,UNKO,1
2017,2017,Dec,12/8/2017,MK,OS,Sombrero Shallow,563,563-100-179,0,NA,NA,NA,NA
2017,2017,Dec,12/8/2017,MK,OS,Sombrero Shallow,563,563-500-047,1,Juv,PAME,ANTI,25
2017,2017,Dec,12/8/2017,MK,OS,Sombrero Shallow,563,563-500-081,0,NA,NA,NA,NA
2017,2017,Dec,12/8/2017,MK,OS,Sombrero Shallow,563,563-500-125,1,Juv,ANTI,ANTI,4
2017,2017,Dec,12/8/2017,MK,OS,Sombrero Shallow,563,563-500-188,1,Juv,ANTI,ANTI,6
2017,2017,Dec,12/8/2017,MK,OS,Sombrero Shallow,563,563-500-188,1,Juv,PAME,ANTI,23
2017,2017,Dec,12/8/2017,MK,OS,Sombrero Shallow,564,564-100-047,0,NA,NA,NA,NA
2017,2017,Dec,12/8/2017,MK,OS,Sombrero Shallow,564,564-100-071,0,NA,NA,NA,NA
2017,2017,Dec,12/8/2017,MK,OS,Sombrero Shallow,564,564-100-110,1,Juv,ANTI,ANTI,7
2017,2017,Dec,12/8/2017,MK,OS,Sombrero Shallow,564,564-100-110,1,Juv,ANTI,ANTI,7
2017,2017,Dec,12/8/2017,MK,OS,Sombrero Shallow,564,564-100-110,1,Juv,ANTI,ANTI,6
2017,2017,Dec,12/8/2017,MK,OS,Sombrero Shallow,564,564-100-110,1,Juv,ANTI,ANTI,6
2017,2017,Dec,12/8/2017,MK,OS,Sombrero Shallow,564,564-100-110,1,Juv,ANTI,ANTI,8
2017,2017,Dec,12/8/2017,MK,OS,Sombrero Shallow,564,564-100-110,1,Juv,ANTI,ANTI,7
2017,2017,Dec,12/8/2017,MK,OS,Sombrero Shallow,564,564-100-162,1,Juv,ANTI,ANTI,4
2017,2017,Dec,12/8/2017,MK,OS,Sombrero Shallow,564,564-500-067,1,Juv,ANTI,ANTI,9
2017,2017,Dec,12/8/2017,MK,OS,Sombrero Shallow,564,564-500-092,1,Juv,ANTI,ANTI,5
2017,2017,Dec,12/8/2017,MK,OS,Sombrero Shallow,564,564-500-160,0,NA,NA,NA,NA
2017,2017,Dec,12/8/2017,MK,OS,Sombrero Shallow,564,564-500-177,1,Juv,UNKO,UNKO,2
2017,2017,Aug,8/16/2017,LK,OS,Western Sambo Shallow,591,591-100-031,1,Juv,EUNI,EUNI,9
2017,2017,Aug,8/16/2017,LK,OS,Western Sambo Shallow,591,591-100-031,1,Juv,EUNI,EUNI,11
2017,2017,Aug,8/16/2017,LK,OS,Western Sambo Shallow,591,591-100-052,1,Juv,GVEN,GVEN,34
2017,2017,Aug,8/22/2017,LK,OS,Western Sambo Shallow,591,591-100-154,1,Juv,ANTI/GVEN,AG,7
2017,2017,Aug,8/22/2017,LK,OS,Western Sambo Shallow,591,591-100-154,1,Juv,ANTI/GVEN,AG,18
2017,2017,Aug,8/22/2017,LK,OS,Western Sambo Shallow,591,591-100-154,1,Juv,PAME,ANTI,21
2017,2017,Aug,8/22/2017,LK,OS,Western Sambo Shallow,591,591-100-154,1,Juv,GVEN,GVEN,15
2017,2017,Aug,8/22/2017,LK,OS,Western Sambo Shallow,591,591-100-154,1,Juv,GVEN,GVEN,7
2017,2017,Aug,8/22/2017,LK,OS,Western Sambo Shallow,591,591-100-202,0,NA,NA,NA,NA
2017,2017,Aug,8/22/2017,LK,OS,Western Sambo Shallow,591,591-500-019,1,Juv,PAME,ANTI,22
2017,2017,Aug,8/22/2017,LK,OS,Western Sambo Shallow,591,591-500-072,1,Juv,EUNI,EUNI,19
2017,2017,Aug,8/22/2017,LK,OS,Western Sambo Shallow,591,591-500-072,1,Juv,EUNI,EUNI,10
2017,2017,Aug,8/22/2017,LK,OS,Western Sambo Shallow,591,591-500-072,1,Juv,GVEN,GVEN,35
2017,2017,Aug,8/22/2017,LK,OS,Western Sambo Shallow,591,591-500-072,1,Juv,GVEN,GVEN,20
2017,2017,Aug,8/22/2017,LK,OS,Western Sambo Shallow,591,591-500-072,1,Juv,GVEN,GVEN,30
2017,2017,Aug,8/22/2017,LK,OS,Western Sambo Shallow,591,591-500-157,0,NA,NA,NA,NA
2017,2017,Aug,8/22/2017,LK,OS,Western Sambo Shallow,591,591-500-195,0,NA,NA,NA,NA
2017,2017,Aug,8/22/2017,LK,OS,Western Sambo Shallow,592,592-100-039,0,NA,NA,NA,NA
2017,2017,Aug,8/22/2017,LK,OS,Western Sambo Shallow,592,592-100-115,0,NA,NA,NA,NA
2017,2017,Aug,8/22/2017,LK,OS,Western Sambo Shallow,592,592-100-162,0,NA,NA,NA,NA
2017,2017,Aug,8/22/2017,LK,OS,Western Sambo Shallow,592,592-100-199,0,NA,NA,NA,NA
2017,2017,Aug,8/22/2017,LK,OS,Western Sambo Shallow,592,592-500-053,0,NA,NA,NA,NA
2017,2017,Aug,8/22/2017,LK,OS,Western Sambo Shallow,592,592-500-112,1,Juv,EUNI,EUNI,30
2017,2017,Aug,8/22/2017,LK,OS,Western Sambo Shallow,592,592-500-112,1,Juv,GVEN,GVEN,20
2017,2017,Aug,8/22/2017,LK,OS,Western Sambo Shallow,592,592-500-148,1,Juv,ANTI,ANTI,5
2017,2017,Aug,8/22/2017,LK,OS,Western Sambo Shallow,592,592-500-148,1,Juv,EUNI,EUNI,35
2017,2017,Aug,8/22/2017,LK,OS,Western Sambo Shallow,592,592-500-148,1,Juv,EUNI,EUNI,5
2017,2017,Aug,8/22/2017,LK,OS,Western Sambo Shallow,592,592-500-148,1,Juv,GVEN,GVEN,37
2017,2017,Aug,8/22/2017,LK,OS,Western Sambo Shallow,592,592-500-243,1,Juv,EUNI,EUNI,3
2017,2017,Aug,8/22/2017,LK,OS,Western Sambo Shallow,592,592-500-243,1,Juv,UNKO,UNKO,3
2017,2017,Aug,8/16/2017,LK,OS,Western Sambo Shallow,593,593-100-015,1,Juv,ANTI/GVEN,AG,4
2017,2017,Aug,8/16/2017,LK,OS,Western Sambo Shallow,593,593-100-015,1,Juv,GVEN,GVEN,26
2017,2017,Aug,8/16/2017,LK,OS,Western Sambo Shallow,593,593-100-063,1,Juv,ANTI/GVEN,AG,3
2017,2017,Aug,8/16/2017,LK,OS,Western Sambo Shallow,593,593-100-063,1,Juv,ANTI/GVEN,AG,4
2017,2017,Aug,8/22/2017,LK,OS,Western Sambo Shallow,593,593-100-109,1,Juv,ANTI/GVEN,AG,3
2017,2017,Aug,8/22/2017,LK,OS,Western Sambo Shallow,593,593-100-109,1,Juv,EUNI,EUNI,15
2017,2017,Aug,8/22/2017,LK,OS,Western Sambo Shallow,593,593-100-109,1,Juv,GVEN,GVEN,38
2017,2017,Aug,8/22/2017,LK,OS,Western Sambo Shallow,593,593-100-231,0,NA,NA,NA,NA
2017,2017,Aug,8/22/2017,LK,OS,Western Sambo Shallow,593,593-500-022,0,NA,NA,NA,NA
2017,2017,Aug,8/22/2017,LK,OS,Western Sambo Shallow,593,593-500-060,0,NA,NA,NA,NA
2017,2017,Aug,8/22/2017,LK,OS,Western Sambo Shallow,593,593-500-134,1,Juv,GVEN,GVEN,6
2017,2017,Aug,8/22/2017,LK,OS,Western Sambo Shallow,593,593-500-223,1,Juv,GVEN,GVEN,5
2017,2017,Aug,8/22/2017,LK,OS,Western Sambo Shallow,594,594-100-021,1,Juv,GVEN,GVEN,16
2017,2017,Aug,8/22/2017,LK,OS,Western Sambo Shallow,594,594-100-021,1,Juv,GVEN,GVEN,13
2017,2017,Aug,8/22/2017,LK,OS,Western Sambo Shallow,594,594-100-021,1,Juv,GVEN,GVEN,16
2017,2017,Aug,8/22/2017,LK,OS,Western Sambo Shallow,594,594-100-073,1,Juv,ANTI,ANTI,7
2017,2017,Aug,8/22/2017,LK,OS,Western Sambo Shallow,594,594-100-124,1,Juv,EUNI,EUNI,5
2017,2017,Aug,8/22/2017,LK,OS,Western Sambo Shallow,594,594-100-174,1,Juv,GVEN,GVEN,14
2017,2017,Aug,8/22/2017,LK,OS,Western Sambo Shallow,594,594-500-011,0,NA,NA,NA,NA
2017,2017,Aug,8/22/2017,LK,OS,Western Sambo Shallow,594,594-500-035,0,NA,NA,NA,NA
2017,2017,Aug,8/22/2017,LK,OS,Western Sambo Shallow,594,594-500-149,0,NA,NA,NA,NA
2017,2017,Aug,8/22/2017,LK,OS,Western Sambo Shallow,594,594-500-189,1,Juv,ANTI/GVEN,AG,8
2017,2017,Aug,8/22/2017,LK,OS,Western Sambo Shallow,594,594-500-189,1,Juv,ANTI/GVEN,AG,8
2017,2017,Aug,8/15/2017,LK,OS,Sand Key Shallow,611,611-100-006,1,Juv,ANTI/GVEN,AG,3
2017,2017,Aug,8/15/2017,LK,OS,Sand Key Shallow,611,611-100-006,1,Juv,PAME,ANTI,23
2017,2017,Aug,8/15/2017,LK,OS,Sand Key Shallow,611,611-100-006,1,Juv,PAME,ANTI,9
2017,2017,Aug,8/15/2017,LK,OS,Sand Key Shallow,611,611-100-006,1,Juv,GVEN,GVEN,20
2017,2017,Aug,8/15/2017,LK,OS,Sand Key Shallow,611,611-100-006,1,Juv,GVEN,GVEN,12
2017,2017,Aug,8/15/2017,LK,OS,Sand Key Shallow,611,611-100-006,1,Juv,GVEN,GVEN,27
2017,2017,Aug,8/15/2017,LK,OS,Sand Key Shallow,611,611-100-006,1,Juv,GVEN,GVEN,20
2017,2017,Aug,8/15/2017,LK,OS,Sand Key Shallow,611,611-100-057,1,Juv,ANTI,ANTI,10
2017,2017,Aug,8/15/2017,LK,OS,Sand Key Shallow,611,611-100-057,1,Juv,GVEN,GVEN,32
2017,2017,Aug,8/15/2017,LK,OS,Sand Key Shallow,611,611-100-057,1,Juv,GVEN,GVEN,33
2017,2017,Aug,8/15/2017,LK,OS,Sand Key Shallow,611,611-100-057,1,Juv,GVEN,GVEN,10
2017,2017,Aug,8/15/2017,LK,OS,Sand Key Shallow,611,611-100-057,1,Juv,UNKO,UNKO,2
2017,2017,Aug,8/19/2017,LK,OS,Sand Key Shallow,611,611-100-155,1,Juv,ANTI,ANTI,4
2017,2017,Aug,8/19/2017,LK,OS,Sand Key Shallow,611,611-100-155,1,Juv,ANTI,ANTI,9
2017,2017,Aug,8/19/2017,LK,OS,Sand Key Shallow,611,611-100-155,1,Juv,EUNI,EUNI,7
2017,2017,Aug,8/19/2017,LK,OS,Sand Key Shallow,611,611-100-205,0,NA,NA,NA,NA
2017,2017,Aug,8/19/2017,LK,OS,Sand Key Shallow,611,611-500-026,1,Juv,ANTI,ANTI,3
2017,2017,Aug,8/19/2017,LK,OS,Sand Key Shallow,611,611-500-026,1,Juv,GVEN,GVEN,31
2017,2017,Aug,8/19/2017,LK,OS,Sand Key Shallow,611,611-500-026,1,Juv,UNKO,UNKO,2
2017,2017,Aug,8/19/2017,LK,OS,Sand Key Shallow,611,611-500-142,1,Juv,EUNI,EUNI,7
2017,2017,Aug,8/19/2017,LK,OS,Sand Key Shallow,611,611-500-142,1,Juv,UNKO,UNKO,3
2017,2017,Aug,8/19/2017,LK,OS,Sand Key Shallow,611,611-500-169,1,Juv,ANTI,ANTI,1
2017,2017,Aug,8/19/2017,LK,OS,Sand Key Shallow,611,611-500-169,1,Juv,ANTI,ANTI,4
2017,2017,Aug,8/19/2017,LK,OS,Sand Key Shallow,611,611-500-169,1,Juv,ANTI,ANTI,6
2017,2017,Aug,8/19/2017,LK,OS,Sand Key Shallow,611,611-500-169,1,Juv,PFLE,EUNI,5
2017,2017,Aug,8/19/2017,LK,OS,Sand Key Shallow,611,611-500-169,1,Juv,GVEN,GVEN,7
2017,2017,Aug,8/19/2017,LK,OS,Sand Key Shallow,611,611-500-169,1,Juv,GVEN,GVEN,8
2017,2017,Aug,8/19/2017,LK,OS,Sand Key Shallow,611,611-500-169,1,Juv,UNKO,UNKO,3
2017,2017,Aug,8/19/2017,LK,OS,Sand Key Shallow,611,611-500-169,1,Juv,UNKO,UNKO,4
2017,2017,Aug,8/19/2017,LK,OS,Sand Key Shallow,611,611-500-202,1,Juv,GVEN,GVEN,23
2017,2017,Aug,8/19/2017,LK,OS,Sand Key Shallow,612,612-100-023,1,Juv,ANTI/GVEN,AG,10
2017,2017,Aug,8/19/2017,LK,OS,Sand Key Shallow,612,612-100-023,1,Juv,EUNI,EUNI,5
2017,2017,Aug,8/19/2017,LK,OS,Sand Key Shallow,612,612-100-023,1,Juv,EUNI,EUNI,5
2017,2017,Aug,8/19/2017,LK,OS,Sand Key Shallow,612,612-100-023,1,Juv,EUNI,EUNI,8
2017,2017,Aug,8/19/2017,LK,OS,Sand Key Shallow,612,612-100-023,1,Juv,EUNI,EUNI,7
2017,2017,Aug,8/19/2017,LK,OS,Sand Key Shallow,612,612-100-023,1,Juv,GVEN,GVEN,20
2017,2017,Aug,8/19/2017,LK,OS,Sand Key Shallow,612,612-100-023,1,Juv,GVEN,GVEN,27
2017,2017,Aug,8/19/2017,LK,OS,Sand Key Shallow,612,612-100-060,1,Juv,PFLE,EUNI,9
2017,2017,Aug,8/19/2017,LK,OS,Sand Key Shallow,612,612-100-060,1,Juv,GVEN,GVEN,18
2017,2017,Aug,8/19/2017,LK,OS,Sand Key Shallow,612,612-100-101,1,Juv,EUNI,EUNI,6
2017,2017,Aug,8/19/2017,LK,OS,Sand Key Shallow,612,612-100-172,1,Juv,ANTI/GVEN,AG,7
2017,2017,Aug,8/19/2017,LK,OS,Sand Key Shallow,612,612-100-172,1,Juv,ANTI/GVEN,AG,8
2017,2017,Aug,8/19/2017,LK,OS,Sand Key Shallow,612,612-100-172,1,Juv,ANTI,ANTI,4
2017,2017,Aug,8/19/2017,LK,OS,Sand Key Shallow,612,612-100-172,1,Juv,ANTI,ANTI,8
2017,2017,Aug,8/19/2017,LK,OS,Sand Key Shallow,612,612-100-172,1,Juv,ANTI,ANTI,4
2017,2017,Aug,8/19/2017,LK,OS,Sand Key Shallow,612,612-100-172,1,Juv,ANTI,ANTI,3
2017,2017,Aug,8/19/2017,LK,OS,Sand Key Shallow,612,612-100-172,1,Juv,ANTI,ANTI,15
2017,2017,Aug,8/19/2017,LK,OS,Sand Key Shallow,612,612-100-172,1,Juv,PAME,ANTI,5
2017,2017,Aug,8/19/2017,LK,OS,Sand Key Shallow,612,612-100-172,1,Juv,PAME,ANTI,10
2017,2017,Aug,8/19/2017,LK,OS,Sand Key Shallow,612,612-100-172,1,Juv,EUNI,EUNI,10
2017,2017,Aug,8/19/2017,LK,OS,Sand Key Shallow,612,612-100-172,1,Juv,GVEN,GVEN,13
2017,2017,Aug,8/19/2017,LK,OS,Sand Key Shallow,612,612-100-172,1,Juv,GVEN,GVEN,39
2017,2017,Aug,8/19/2017,LK,OS,Sand Key Shallow,612,612-500-036,1,Juv,EUNI,EUNI,5
2017,2017,Aug,8/19/2017,LK,OS,Sand Key Shallow,612,612-500-105,0,NA,NA,NA,NA
2017,2017,Aug,8/19/2017,LK,OS,Sand Key Shallow,612,612-500-145,1,Juv,ANTI,ANTI,9
2017,2017,Aug,8/19/2017,LK,OS,Sand Key Shallow,612,612-500-145,1,Juv,ANTI,ANTI,8
2017,2017,Aug,8/19/2017,LK,OS,Sand Key Shallow,612,612-500-145,1,Juv,EUNI,EUNI,6
2017,2017,Aug,8/19/2017,LK,OS,Sand Key Shallow,612,612-500-145,1,Juv,EUNI,EUNI,5
2017,2017,Aug,8/19/2017,LK,OS,Sand Key Shallow,612,612-500-145,1,Juv,GVEN,GVEN,17
2017,2017,Aug,8/19/2017,LK,OS,Sand Key Shallow,612,612-500-187,1,Juv,PFLE,EUNI,7
2017,2017,Aug,8/19/2017,LK,OS,Sand Key Shallow,612,612-500-187,1,Juv,GVEN,GVEN,18
2017,2017,Aug,8/19/2017,LK,OS,Sand Key Shallow,612,612-500-187,1,Juv,GVEN,GVEN,10
2017,2017,Aug,8/19/2017,LK,OS,Sand Key Shallow,612,612-500-187,1,Juv,GVEN,GVEN,23
2017,2017,Aug,8/19/2017,LK,OS,Sand Key Shallow,612,612-500-187,1,Juv,GVEN,GVEN,17
2017,2017,Aug,8/19/2017,LK,OS,Sand Key Shallow,613,613-100-020,1,Juv,PAME,ANTI,30
2017,2017,Aug,8/19/2017,LK,OS,Sand Key Shallow,613,613-100-020,1,Juv,PAME,ANTI,31
2017,2017,Aug,8/19/2017,LK,OS,Sand Key Shallow,613,613-100-020,1,Juv,PAME,ANTI,11
2017,2017,Aug,8/19/2017,LK,OS,Sand Key Shallow,613,613-100-020,1,Juv,GVEN,GVEN,28
2017,2017,Aug,8/19/2017,LK,OS,Sand Key Shallow,613,613-100-045,1,Juv,ANTI/GVEN,AG,5
2017,2017,Aug,8/19/2017,LK,OS,Sand Key Shallow,613,613-100-045,1,Juv,EUNI,EUNI,5
2017,2017,Aug,8/19/2017,LK,OS,Sand Key Shallow,613,613-100-045,1,Juv,GVEN,GVEN,30
2017,2017,Aug,8/19/2017,LK,OS,Sand Key Shallow,613,613-100-045,1,Juv,GVEN,GVEN,22
2017,2017,Aug,8/19/2017,LK,OS,Sand Key Shallow,613,613-100-045,1,Juv,GVEN,GVEN,13
2017,2017,Aug,8/19/2017,LK,OS,Sand Key Shallow,613,613-100-045,1,Juv,GVEN,GVEN,7
2017,2017,Aug,8/19/2017,LK,OS,Sand Key Shallow,613,613-100-097,1,Juv,ANTI,ANTI,5
2017,2017,Aug,8/19/2017,LK,OS,Sand Key Shallow,613,613-100-097,1,Juv,PAME,ANTI,15
2017,2017,Aug,8/19/2017,LK,OS,Sand Key Shallow,613,613-100-097,1,Juv,PFLE,EUNI,8
2017,2017,Aug,8/19/2017,LK,OS,Sand Key Shallow,613,613-100-097,1,Juv,GVEN,GVEN,22
2017,2017,Aug,8/19/2017,LK,OS,Sand Key Shallow,613,613-100-097,1,Juv,GVEN,GVEN,33
2017,2017,Aug,8/19/2017,LK,OS,Sand Key Shallow,613,613-100-097,1,Juv,GVEN,GVEN,15
2017,2017,Aug,8/19/2017,LK,OS,Sand Key Shallow,613,613-100-176,1,Juv,EUNI,EUNI,5
2017,2017,Aug,8/19/2017,LK,OS,Sand Key Shallow,613,613-100-176,1,Juv,EUNI,EUNI,4
2017,2017,Aug,8/19/2017,LK,OS,Sand Key Shallow,613,613-100-176,1,Juv,GVEN,GVEN,7
2017,2017,Aug,8/19/2017,LK,OS,Sand Key Shallow,613,613-100-176,1,Juv,GVEN,GVEN,22
2017,2017,Aug,8/19/2017,LK,OS,Sand Key Shallow,613,613-500-057,0,NA,NA,NA,NA
2017,2017,Aug,8/19/2017,LK,OS,Sand Key Shallow,613,613-500-101,1,Juv,ANTI/GVEN,AG,2
2017,2017,Aug,8/19/2017,LK,OS,Sand Key Shallow,613,613-500-153,1,Juv,PAME,ANTI,17
2017,2017,Aug,8/19/2017,LK,OS,Sand Key Shallow,613,613-500-153,1,Juv,EUNI,EUNI,25
2017,2017,Aug,8/19/2017,LK,OS,Sand Key Shallow,613,613-500-153,1,Juv,EUNI,EUNI,4
2017,2017,Aug,8/19/2017,LK,OS,Sand Key Shallow,613,613-500-153,1,Juv,EUNI,EUNI,5
2017,2017,Aug,8/19/2017,LK,OS,Sand Key Shallow,613,613-500-153,1,Juv,GVEN,GVEN,31
2017,2017,Aug,8/19/2017,LK,OS,Sand Key Shallow,613,613-500-153,1,Juv,GVEN,GVEN,30
2017,2017,Aug,8/19/2017,LK,OS,Sand Key Shallow,613,613-500-153,1,Juv,GVEN,GVEN,10
2017,2017,Aug,8/19/2017,LK,OS,Sand Key Shallow,613,613-500-168,1,Juv,EUNI,EUNI,4
2017,2017,Aug,8/19/2017,LK,OS,Sand Key Shallow,614,614-100-010,1,Juv,PAME,ANTI,30
2017,2017,Aug,8/19/2017,LK,OS,Sand Key Shallow,614,614-100-010,1,Juv,EUNI,EUNI,13
2017,2017,Aug,8/19/2017,LK,OS,Sand Key Shallow,614,614-100-010,1,Juv,EUNI,EUNI,3
2017,2017,Aug,8/19/2017,LK,OS,Sand Key Shallow,614,614-100-010,1,Juv,GVEN,GVEN,26
2017,2017,Aug,8/19/2017,LK,OS,Sand Key Shallow,614,614-100-069,1,Juv,EUNI,EUNI,5
2017,2017,Aug,8/19/2017,LK,OS,Sand Key Shallow,614,614-100-069,1,Juv,EUNI,EUNI,4
2017,2017,Aug,8/19/2017,LK,OS,Sand Key Shallow,614,614-100-069,1,Juv,UNKO,UNKO,12
2017,2017,Aug,8/19/2017,LK,OS,Sand Key Shallow,614,614-100-069,1,Juv,UNKO,UNKO,2
2017,2017,Aug,8/19/2017,LK,OS,Sand Key Shallow,614,614-100-149,1,Juv,UNKO,UNKO,3
2017,2017,Aug,8/19/2017,LK,OS,Sand Key Shallow,614,614-100-203,1,Juv,GVEN,GVEN,23
2017,2017,Aug,8/19/2017,LK,OS,Sand Key Shallow,614,614-100-203,1,Juv,GVEN,GVEN,5
2017,2017,Aug,8/19/2017,LK,OS,Sand Key Shallow,614,614-500-018,1,Juv,EUNI,EUNI,17
2017,2017,Aug,8/19/2017,LK,OS,Sand Key Shallow,614,614-500-018,1,Juv,EUNI,EUNI,16
2017,2017,Aug,8/19/2017,LK,OS,Sand Key Shallow,614,614-500-018,1,Juv,EUNI,EUNI,17
2017,2017,Aug,8/19/2017,LK,OS,Sand Key Shallow,614,614-500-018,1,Juv,EUNI,EUNI,3
2017,2017,Aug,8/19/2017,LK,OS,Sand Key Shallow,614,614-500-018,1,Juv,EUNI,EUNI,5
2017,2017,Aug,8/19/2017,LK,OS,Sand Key Shallow,614,614-500-075,1,Juv,PAME,ANTI,25
2017,2017,Aug,8/19/2017,LK,OS,Sand Key Shallow,614,614-500-075,1,Juv,PAME,ANTI,9
2017,2017,Aug,8/19/2017,LK,OS,Sand Key Shallow,614,614-500-075,1,Juv,EUNI,EUNI,9
2017,2017,Aug,8/19/2017,LK,OS,Sand Key Shallow,614,614-500-075,1,Juv,EUNI,EUNI,4
2017,2017,Aug,8/19/2017,LK,OS,Sand Key Shallow,614,614-500-075,1,Juv,GVEN,GVEN,15
2017,2017,Aug,8/19/2017,LK,OS,Sand Key Shallow,614,614-500-075,1,Juv,GVEN,GVEN,12
2017,2017,Aug,8/19/2017,LK,OS,Sand Key Shallow,614,614-500-107,1,Juv,GVEN,GVEN,24
2017,2017,Aug,8/19/2017,LK,OS,Sand Key Shallow,614,614-500-107,1,Juv,GVEN,GVEN,25
2017,2017,Aug,8/19/2017,LK,OS,Sand Key Shallow,614,614-500-189,1,Juv,EUNI,EUNI,3
2017,2017,Aug,8/19/2017,LK,OS,Sand Key Shallow,614,614-500-189,1,Juv,EUNI,EUNI,12
2017,2017,Aug,8/19/2017,LK,OS,Sand Key Shallow,614,614-500-189,1,Juv,GVEN,GVEN,7
2017,2017,Aug,8/19/2017,LK,OS,Sand Key Shallow,614,614-500-189,1,Juv,GVEN,GVEN,10
2017,2017,Aug,8/19/2017,LK,OS,Sand Key Shallow,614,614-500-189,1,Juv,GVEN,GVEN,10
2017,2017,Aug,8/19/2017,LK,OS,Sand Key Shallow,614,614-500-189,1,Juv,GVEN,GVEN,22
2017,2017,July,7/15/2017,UK,OD,Carysfort Deep,701,701-100-007,1,Juv,ANTI,ANTI,3
2017,2017,July,7/15/2017,UK,OD,Carysfort Deep,701,701-100-055,1,Juv,ANTI/GVEN,AG,10
2017,2017,July,7/15/2017,UK,OD,Carysfort Deep,701,701-100-055,1,Juv,ANTI,ANTI,16
2017,2017,July,7/15/2017,UK,OD,Carysfort Deep,701,701-100-055,1,Juv,ANTI,ANTI,26
2017,2017,July,7/15/2017,UK,OD,Carysfort Deep,701,701-100-055,1,Juv,ANTI,ANTI,33
2017,2017,July,7/15/2017,UK,OD,Carysfort Deep,701,701-100-106,1,Juv,ANTI,ANTI,27
2017,2017,July,7/15/2017,UK,OD,Carysfort Deep,701,701-100-197,1,Juv,ANTI,ANTI,6
2017,2017,July,7/15/2017,UK,OD,Carysfort Deep,701,701-100-197,1,Juv,ANTI,ANTI,10
2017,2017,July,7/15/2017,UK,OD,Carysfort Deep,701,701-100-197,1,Juv,ANTI,ANTI,7
2017,2017,July,7/15/2017,UK,OD,Carysfort Deep,701,701-100-197,1,Juv,PAME,ANTI,32
2017,2017,July,7/15/2017,UK,OD,Carysfort Deep,701,701-500-011,1,Juv,ANTI/GVEN,AG,10
2017,2017,July,7/15/2017,UK,OD,Carysfort Deep,701,701-500-011,1,Juv,BRIA,BRIA,21
2017,2017,July,7/15/2017,UK,OD,Carysfort Deep,701,701-500-075,1,Juv,ANTI,ANTI,17
2017,2017,July,7/15/2017,UK,OD,Carysfort Deep,701,701-500-105,1,Juv,ANTI,ANTI,7
2017,2017,July,7/15/2017,UK,OD,Carysfort Deep,701,701-500-105,1,Juv,ANTI,ANTI,9
2017,2017,July,7/15/2017,UK,OD,Carysfort Deep,701,701-500-105,1,Juv,ANTI,ANTI,17
2017,2017,July,7/15/2017,UK,OD,Carysfort Deep,701,701-500-105,1,Juv,ANTI,ANTI,11
2017,2017,July,7/15/2017,UK,OD,Carysfort Deep,701,701-500-105,1,Juv,BRIA,BRIA,25
2017,2017,July,7/15/2017,UK,OD,Carysfort Deep,701,701-500-157,0,NA,NA,NA,NA
2017,2017,July,7/15/2017,UK,OD,Carysfort Deep,702,702-100-032,1,Juv,ANTI/GVEN,AG,21
2017,2017,July,7/15/2017,UK,OD,Carysfort Deep,702,702-100-032,1,Juv,ANTI/GVEN,AG,15
2017,2017,July,7/15/2017,UK,OD,Carysfort Deep,702,702-100-032,1,Juv,ANTI,ANTI,15
2017,2017,July,7/15/2017,UK,OD,Carysfort Deep,702,702-100-032,1,Juv,ANTI,ANTI,8
2017,2017,July,7/15/2017,UK,OD,Carysfort Deep,702,702-100-032,1,Juv,ANTI,ANTI,31
2017,2017,July,7/15/2017,UK,OD,Carysfort Deep,702,702-100-032,1,Juv,ANTI,ANTI,29
2017,2017,July,7/15/2017,UK,OD,Carysfort Deep,702,702-100-032,1,Juv,ANTI,ANTI,7
2017,2017,July,7/15/2017,UK,OD,Carysfort Deep,702,702-100-032,1,Juv,ANTI,ANTI,10
2017,2017,July,7/15/2017,UK,OD,Carysfort Deep,702,702-100-032,1,Juv,PAME,ANTI,11
2017,2017,July,7/15/2017,UK,OD,Carysfort Deep,702,702-100-032,1,Juv,PAME,ANTI,4
2017,2017,July,7/15/2017,UK,OD,Carysfort Deep,702,702-100-032,1,Juv,PAME,ANTI,5
2017,2017,July,7/15/2017,UK,OD,Carysfort Deep,702,702-100-032,1,Juv,PAME,ANTI,8
2017,2017,July,7/15/2017,UK,OD,Carysfort Deep,702,702-100-032,1,Juv,PBIP,ANTI,27
2017,2017,July,7/15/2017,UK,OD,Carysfort Deep,702,702-100-032,1,Juv,PBIP,ANTI,36
2017,2017,July,7/15/2017,UK,OD,Carysfort Deep,702,702-100-137,1,Juv,ANTI,ANTI,12
2017,2017,July,7/15/2017,UK,OD,Carysfort Deep,702,702-100-137,1,Juv,ANTI,ANTI,22
2017,2017,July,7/15/2017,UK,OD,Carysfort Deep,702,702-100-137,1,Juv,ANTI,ANTI,19
2017,2017,July,7/15/2017,UK,OD,Carysfort Deep,702,702-100-137,1,Juv,PAME,ANTI,23
2017,2017,July,7/15/2017,UK,OD,Carysfort Deep,702,702-100-137,1,Juv,PAME,ANTI,23
2017,2017,July,7/15/2017,UK,OD,Carysfort Deep,702,702-100-174,1,Juv,ANTI,ANTI,11
2017,2017,July,7/15/2017,UK,OD,Carysfort Deep,702,702-100-174,1,Juv,ANTI,ANTI,16
2017,2017,July,7/15/2017,UK,OD,Carysfort Deep,702,702-100-174,1,Juv,ANTI,ANTI,12
2017,2017,July,7/15/2017,UK,OD,Carysfort Deep,702,702-100-174,1,Juv,PAME,ANTI,10
2017,2017,July,7/15/2017,UK,OD,Carysfort Deep,702,702-100-206,1,Juv,ANTI,ANTI,21
2017,2017,July,7/15/2017,UK,OD,Carysfort Deep,702,702-100-206,1,Juv,ANTI,ANTI,24
2017,2017,July,7/15/2017,UK,OD,Carysfort Deep,702,702-100-206,1,Juv,ANTI,ANTI,6
2017,2017,July,7/15/2017,UK,OD,Carysfort Deep,702,702-100-206,1,Juv,ANTI,ANTI,18
2017,2017,July,7/15/2017,UK,OD,Carysfort Deep,702,702-100-206,1,Juv,ANTI,ANTI,7
2017,2017,July,7/15/2017,UK,OD,Carysfort Deep,702,702-100-206,1,Juv,ANTI,ANTI,5
2017,2017,July,7/15/2017,UK,OD,Carysfort Deep,702,702-100-206,1,Juv,PAME,ANTI,15
2017,2017,July,7/15/2017,UK,OD,Carysfort Deep,702,702-100-206,1,Juv,PAME,ANTI,10
2017,2017,July,7/15/2017,UK,OD,Carysfort Deep,702,702-100-206,1,Juv,PAME,ANTI,6
2017,2017,July,7/15/2017,UK,OD,Carysfort Deep,702,702-500-035,1,Juv,ANTI,ANTI,8
2017,2017,July,7/15/2017,UK,OD,Carysfort Deep,702,702-500-035,1,Juv,PBIP,ANTI,39
2017,2017,July,7/15/2017,UK,OD,Carysfort Deep,702,702-500-077,1,Juv,ANTI,ANTI,13
2017,2017,July,7/15/2017,UK,OD,Carysfort Deep,702,702-500-077,1,Juv,ANTI,ANTI,15
2017,2017,July,7/15/2017,UK,OD,Carysfort Deep,702,702-500-077,1,Juv,ANTI,ANTI,12
2017,2017,July,7/15/2017,UK,OD,Carysfort Deep,702,702-500-077,1,Juv,ANTI,ANTI,22
2017,2017,July,7/15/2017,UK,OD,Carysfort Deep,702,702-500-077,1,Juv,ANTI,ANTI,8
2017,2017,July,7/15/2017,UK,OD,Carysfort Deep,702,702-500-077,1,Juv,ANTI,ANTI,20
2017,2017,July,7/15/2017,UK,OD,Carysfort Deep,702,702-500-077,1,Juv,ANTI,ANTI,12
2017,2017,July,7/15/2017,UK,OD,Carysfort Deep,702,702-500-077,1,Juv,ANTI,ANTI,7
2017,2017,July,7/15/2017,UK,OD,Carysfort Deep,702,702-500-077,1,Juv,ANTI,ANTI,3
2017,2017,July,7/15/2017,UK,OD,Carysfort Deep,702,702-500-101,1,Juv,ANTI,ANTI,10
2017,2017,July,7/15/2017,UK,OD,Carysfort Deep,702,702-500-120,0,NA,NA,NA,NA
2017,2017,July,7/15/2017,UK,OD,Carysfort Deep,703,703-100-032,1,Juv,BRIA,BRIA,21
2017,2017,July,7/15/2017,UK,OD,Carysfort Deep,703,703-100-073,1,Juv,PAME,ANTI,4
2017,2017,July,7/15/2017,UK,OD,Carysfort Deep,703,703-100-146,1,Juv,ANTI,ANTI,25
2017,2017,July,7/15/2017,UK,OD,Carysfort Deep,703,703-100-146,1,Juv,ANTI,ANTI,20
2017,2017,July,7/15/2017,UK,OD,Carysfort Deep,703,703-100-146,1,Juv,ANTI,ANTI,9
2017,2017,July,7/15/2017,UK,OD,Carysfort Deep,703,703-100-146,1,Juv,ANTI,ANTI,37
2017,2017,July,7/15/2017,UK,OD,Carysfort Deep,703,703-100-146,1,Juv,ANTI,ANTI,16
2017,2017,July,7/15/2017,UK,OD,Carysfort Deep,703,703-100-146,1,Juv,ANTI,ANTI,4
2017,2017,July,7/15/2017,UK,OD,Carysfort Deep,703,703-100-146,1,Juv,ANTI,ANTI,21
2017,2017,July,7/15/2017,UK,OD,Carysfort Deep,703,703-100-146,1,Juv,ANTI,ANTI,13
2017,2017,July,7/15/2017,UK,OD,Carysfort Deep,703,703-100-146,1,Juv,PBIP,ANTI,6
2017,2017,July,7/15/2017,UK,OD,Carysfort Deep,703,703-100-146,1,Juv,BRIA,BRIA,11
2017,2017,July,7/15/2017,UK,OD,Carysfort Deep,703,703-100-146,1,Juv,UNKO,UNKO,4
2017,2017,July,7/15/2017,UK,OD,Carysfort Deep,703,703-100-146,1,Juv,UNKO,UNKO,8
2017,2017,July,7/15/2017,UK,OD,Carysfort Deep,703,703-100-175,1,Juv,ANTI,ANTI,7
2017,2017,July,7/15/2017,UK,OD,Carysfort Deep,703,703-100-175,1,Juv,ANTI,ANTI,2
2017,2017,July,7/15/2017,UK,OD,Carysfort Deep,703,703-100-175,1,Juv,ANTI,ANTI,15
2017,2017,July,7/15/2017,UK,OD,Carysfort Deep,703,703-100-175,1,Juv,ANTI,ANTI,12
2017,2017,July,7/15/2017,UK,OD,Carysfort Deep,703,703-100-175,1,Juv,ANTI,ANTI,7
2017,2017,July,7/15/2017,UK,OD,Carysfort Deep,703,703-100-175,1,Juv,ANTI,ANTI,6
2017,2017,July,7/15/2017,UK,OD,Carysfort Deep,703,703-100-175,1,Juv,PBIP,ANTI,25
2017,2017,July,7/15/2017,UK,OD,Carysfort Deep,703,703-100-175,1,Juv,PBIP,ANTI,10
2017,2017,July,7/15/2017,UK,OD,Carysfort Deep,703,703-100-175,1,Juv,BRIA,BRIA,12
2017,2017,July,7/15/2017,UK,OD,Carysfort Deep,703,703-500-029,1,Juv,ANTI,ANTI,16
2017,2017,July,7/15/2017,UK,OD,Carysfort Deep,703,703-500-029,1,Juv,BRIA,BRIA,31
2017,2017,July,7/15/2017,UK,OD,Carysfort Deep,703,703-500-100,1,Juv,ANTI,ANTI,27
2017,2017,July,7/15/2017,UK,OD,Carysfort Deep,703,703-500-123,1,Juv,ANTI,ANTI,3
2017,2017,July,7/15/2017,UK,OD,Carysfort Deep,703,703-500-123,1,Juv,PBIP,ANTI,37
2017,2017,July,7/15/2017,UK,OD,Carysfort Deep,703,703-500-123,1,Juv,PBIP,ANTI,24
2017,2017,July,7/15/2017,UK,OD,Carysfort Deep,703,703-500-123,1,Juv,PBIP,ANTI,34
2017,2017,July,7/15/2017,UK,OD,Carysfort Deep,703,703-500-172,1,Juv,BRIA,BRIA,30
2017,2017,July,7/15/2017,UK,OD,Carysfort Deep,703,703-500-172,1,Juv,GVEN,GVEN,18
2017,2017,July,7/15/2017,UK,OD,Carysfort Deep,703,703-500-172,1,Juv,GVEN,GVEN,26
2017,2017,July,7/15/2017,UK,OD,Carysfort Deep,704,704-100-009,1,Juv,PBIP,ANTI,38
2017,2017,July,7/15/2017,UK,OD,Carysfort Deep,704,704-100-111,1,Juv,ANTI,ANTI,12
2017,2017,July,7/15/2017,UK,OD,Carysfort Deep,704,704-100-111,1,Juv,PBIP,ANTI,28
2017,2017,July,7/15/2017,UK,OD,Carysfort Deep,704,704-100-111,1,Juv,PBIP,ANTI,38
2017,2017,July,7/15/2017,UK,OD,Carysfort Deep,704,704-100-169,1,Juv,ANTI,ANTI,22
2017,2017,July,7/15/2017,UK,OD,Carysfort Deep,704,704-100-169,1,Juv,ANTI,ANTI,9
2017,2017,July,7/15/2017,UK,OD,Carysfort Deep,704,704-100-169,1,Juv,ANTI,ANTI,11
2017,2017,July,7/15/2017,UK,OD,Carysfort Deep,704,704-100-169,1,Juv,ANTI,ANTI,17
2017,2017,July,7/15/2017,UK,OD,Carysfort Deep,704,704-100-169,1,Juv,ANTI,ANTI,16
2017,2017,July,7/15/2017,UK,OD,Carysfort Deep,704,704-100-169,1,Juv,ANTI,ANTI,28
2017,2017,July,7/15/2017,UK,OD,Carysfort Deep,704,704-100-169,1,Juv,ANTI,ANTI,9
2017,2017,July,7/15/2017,UK,OD,Carysfort Deep,704,704-100-169,1,Juv,ANTI,ANTI,11
2017,2017,July,7/15/2017,UK,OD,Carysfort Deep,704,704-100-169,1,Juv,ANTI,ANTI,16
2017,2017,July,7/15/2017,UK,OD,Carysfort Deep,704,704-100-169,1,Juv,PBIP,ANTI,19
2017,2017,July,7/15/2017,UK,OD,Carysfort Deep,704,704-100-221,1,Juv,ANTI,ANTI,4
2017,2017,July,7/15/2017,UK,OD,Carysfort Deep,704,704-100-221,1,Juv,ANTI,ANTI,2
2017,2017,July,7/15/2017,UK,OD,Carysfort Deep,704,704-100-221,1,Juv,ANTI,ANTI,10
2017,2017,July,7/15/2017,UK,OD,Carysfort Deep,704,704-100-221,1,Juv,ANTI,ANTI,3
2017,2017,July,7/15/2017,UK,OD,Carysfort Deep,704,704-100-221,1,Juv,PBIP,ANTI,30
2017,2017,July,7/15/2017,UK,OD,Carysfort Deep,704,704-100-221,1,Juv,PBIP,ANTI,20
2017,2017,July,7/15/2017,UK,OD,Carysfort Deep,704,704-100-221,1,Juv,PBIP,ANTI,11
2017,2017,July,7/15/2017,UK,OD,Carysfort Deep,704,704-100-221,1,Juv,PBIP,ANTI,13
2017,2017,July,7/15/2017,UK,OD,Carysfort Deep,704,704-100-221,1,Juv,PBIP,ANTI,32
2017,2017,July,7/15/2017,UK,OD,Carysfort Deep,704,704-500-016,0,NA,NA,NA,NA
2017,2017,July,7/15/2017,UK,OD,Carysfort Deep,704,704-500-135,1,Juv,ANTI,ANTI,14
2017,2017,July,7/15/2017,UK,OD,Carysfort Deep,704,704-500-135,1,Juv,ANTI,ANTI,24
2017,2017,July,7/15/2017,UK,OD,Carysfort Deep,704,704-500-135,1,Juv,ANTI,ANTI,12
2017,2017,July,7/15/2017,UK,OD,Carysfort Deep,704,704-500-135,1,Juv,ANTI,ANTI,8
2017,2017,July,7/15/2017,UK,OD,Carysfort Deep,704,704-500-135,1,Juv,ANTI,ANTI,9
2017,2017,July,7/15/2017,UK,OD,Carysfort Deep,704,704-500-156,1,Juv,ANTI,ANTI,16
2017,2017,July,7/15/2017,UK,OD,Carysfort Deep,704,704-500-156,1,Juv,ANTI,ANTI,4
2017,2017,July,7/15/2017,UK,OD,Carysfort Deep,704,704-500-156,1,Juv,ANTI,ANTI,9
2017,2017,July,7/15/2017,UK,OD,Carysfort Deep,704,704-500-156,1,Juv,ANTI,ANTI,18
2017,2017,July,7/15/2017,UK,OD,Carysfort Deep,704,704-500-156,1,Juv,ANTI,ANTI,7
2017,2017,July,7/15/2017,UK,OD,Carysfort Deep,704,704-500-156,1,Juv,PBIP,ANTI,30
2017,2017,July,7/15/2017,UK,OD,Carysfort Deep,704,704-500-172,1,Juv,ANTI,ANTI,6
2017,2017,July,7/15/2017,UK,OD,Carysfort Deep,704,704-500-172,1,Juv,PBIP,ANTI,31
2017,2017,July,7/15/2017,UK,OD,Carysfort Deep,704,704-500-172,1,Juv,PBIP,ANTI,22
2017,2017,July,7/20/2017,UK,OD,Molasses Deep,721,721-100-024,1,Juv,ANTI/GVEN,AG,14
2017,2017,July,7/20/2017,UK,OD,Molasses Deep,721,721-100-024,1,Juv,ANTI/GVEN,AG,7
2017,2017,July,7/20/2017,UK,OD,Molasses Deep,721,721-100-024,1,Juv,ANTI/GVEN,AG,20
2017,2017,July,7/20/2017,UK,OD,Molasses Deep,721,721-100-024,1,Juv,ANTI,ANTI,3
2017,2017,July,7/20/2017,UK,OD,Molasses Deep,721,721-100-024,1,Juv,ANTI,ANTI,2
2017,2017,July,7/20/2017,UK,OD,Molasses Deep,721,721-100-024,1,Juv,ANTI,ANTI,4
2017,2017,July,7/20/2017,UK,OD,Molasses Deep,721,721-100-024,1,Juv,PAME,ANTI,39
2017,2017,July,7/20/2017,UK,OD,Molasses Deep,721,721-100-024,1,Juv,MURO,MURO,12
2017,2017,July,7/20/2017,UK,OD,Molasses Deep,721,721-100-024,1,Juv,MURO,MURO,9
2017,2017,July,7/20/2017,UK,OD,Molasses Deep,721,721-100-061,1,Juv,ANTI/GVEN,AG,20
2017,2017,July,7/20/2017,UK,OD,Molasses Deep,721,721-100-061,1,Juv,ANTI/GVEN,AG,18
2017,2017,July,7/20/2017,UK,OD,Molasses Deep,721,721-100-061,1,Juv,ANTI/GVEN,AG,15
2017,2017,July,7/20/2017,UK,OD,Molasses Deep,721,721-100-061,1,Juv,ANTI,ANTI,25
2017,2017,July,7/20/2017,UK,OD,Molasses Deep,721,721-100-061,1,Juv,ANTI,ANTI,7
2017,2017,July,7/20/2017,UK,OD,Molasses Deep,721,721-100-061,1,Juv,ANTI,ANTI,7
2017,2017,July,7/20/2017,UK,OD,Molasses Deep,721,721-100-061,1,Juv,ANTI,ANTI,10
2017,2017,July,7/20/2017,UK,OD,Molasses Deep,721,721-100-061,1,Juv,ANTI,ANTI,12
2017,2017,July,7/20/2017,UK,OD,Molasses Deep,721,721-100-061,1,Juv,ANTI,ANTI,14
2017,2017,July,7/20/2017,UK,OD,Molasses Deep,721,721-100-061,1,Juv,PAME,ANTI,15
2017,2017,July,7/20/2017,UK,OD,Molasses Deep,721,721-100-061,1,Juv,PAME,ANTI,33
2017,2017,July,7/20/2017,UK,OD,Molasses Deep,721,721-100-061,1,Juv,PAME,ANTI,15
2017,2017,July,7/20/2017,UK,OD,Molasses Deep,721,721-100-061,1,Juv,PAME,ANTI,12
2017,2017,July,7/20/2017,UK,OD,Molasses Deep,721,721-100-061,1,Juv,GVEN,GVEN,25
2017,2017,July,7/20/2017,UK,OD,Molasses Deep,721,721-100-138,1,Juv,ANTI/GVEN,AG,7
2017,2017,July,7/20/2017,UK,OD,Molasses Deep,721,721-100-138,1,Juv,ANTI/GVEN,AG,12
2017,2017,July,7/20/2017,UK,OD,Molasses Deep,721,721-100-138,1,Juv,ANTI,ANTI,5
2017,2017,July,7/20/2017,UK,OD,Molasses Deep,721,721-100-138,1,Juv,ANTI,ANTI,10
2017,2017,July,7/20/2017,UK,OD,Molasses Deep,721,721-100-138,1,Juv,ANTI,ANTI,25
2017,2017,July,7/20/2017,UK,OD,Molasses Deep,721,721-100-138,1,Juv,BRIA,BRIA,31
2017,2017,July,7/20/2017,UK,OD,Molasses Deep,721,721-100-138,1,Juv,UNKO,UNKO,3
2017,2017,July,7/20/2017,UK,OD,Molasses Deep,721,721-100-186,1,Juv,ANTI/GVEN,AG,7
2017,2017,July,7/20/2017,UK,OD,Molasses Deep,721,721-100-186,1,Juv,ANTI,ANTI,22
2017,2017,July,7/20/2017,UK,OD,Molasses Deep,721,721-100-186,1,Juv,ANTI,ANTI,15
2017,2017,July,7/20/2017,UK,OD,Molasses Deep,721,721-500-025,1,Juv,ANTI/GVEN,AG,11
2017,2017,July,7/20/2017,UK,OD,Molasses Deep,721,721-500-025,1,Juv,ANTI/GVEN,AG,14
2017,2017,July,7/20/2017,UK,OD,Molasses Deep,721,721-500-025,1,Juv,ANTI/GVEN,AG,5
2017,2017,July,7/20/2017,UK,OD,Molasses Deep,721,721-500-025,1,Juv,ANTI/GVEN,AG,5
2017,2017,July,7/20/2017,UK,OD,Molasses Deep,721,721-500-025,1,Juv,ANTI/GVEN,AG,6
2017,2017,July,7/20/2017,UK,OD,Molasses Deep,721,721-500-025,1,Juv,ANTI,ANTI,13
2017,2017,July,7/20/2017,UK,OD,Molasses Deep,721,721-500-025,1,Juv,ANTI,ANTI,20
2017,2017,July,7/20/2017,UK,OD,Molasses Deep,721,721-500-025,1,Juv,PAME,ANTI,36
2017,2017,July,7/20/2017,UK,OD,Molasses Deep,721,721-500-064,1,Juv,ANTI/GVEN,AG,10
2017,2017,July,7/20/2017,UK,OD,Molasses Deep,721,721-500-064,1,Juv,ANTI/GVEN,AG,9
2017,2017,July,7/20/2017,UK,OD,Molasses Deep,721,721-500-064,1,Juv,ANTI/GVEN,AG,6
2017,2017,July,7/20/2017,UK,OD,Molasses Deep,721,721-500-064,1,Juv,ANTI/GVEN,AG,30
2017,2017,July,7/20/2017,UK,OD,Molasses Deep,721,721-500-064,1,Juv,ANTI/GVEN,AG,16
2017,2017,July,7/20/2017,UK,OD,Molasses Deep,721,721-500-064,1,Juv,ANTI/GVEN,AG,9
2017,2017,July,7/20/2017,UK,OD,Molasses Deep,721,721-500-064,1,Juv,ANTI/GVEN,AG,8
2017,2017,July,7/20/2017,UK,OD,Molasses Deep,721,721-500-064,1,Juv,ANTI/GVEN,AG,13
2017,2017,July,7/20/2017,UK,OD,Molasses Deep,721,721-500-064,1,Juv,ANTI/GVEN,AG,10
2017,2017,July,7/20/2017,UK,OD,Molasses Deep,721,721-500-064,1,Juv,ANTI/GVEN,AG,10
2017,2017,July,7/20/2017,UK,OD,Molasses Deep,721,721-500-064,1,Juv,ANTI/GVEN,AG,10
2017,2017,July,7/20/2017,UK,OD,Molasses Deep,721,721-500-064,1,Juv,ANTI,ANTI,32
2017,2017,July,7/20/2017,UK,OD,Molasses Deep,721,721-500-064,1,Juv,ANTI,ANTI,11
2017,2017,July,7/20/2017,UK,OD,Molasses Deep,721,721-500-064,1,Juv,GVEN,GVEN,20
2017,2017,July,7/20/2017,UK,OD,Molasses Deep,721,721-500-064,1,Juv,GVEN,GVEN,18
2017,2017,July,7/20/2017,UK,OD,Molasses Deep,721,721-500-064,1,Juv,GVEN,GVEN,17
2017,2017,July,7/20/2017,UK,OD,Molasses Deep,721,721-500-064,1,Juv,GVEN,GVEN,22
2017,2017,July,7/20/2017,UK,OD,Molasses Deep,721,721-500-064,1,Juv,GVEN,GVEN,16
2017,2017,July,7/20/2017,UK,OD,Molasses Deep,721,721-500-064,1,Juv,MURO,MURO,36
2017,2017,July,7/20/2017,UK,OD,Molasses Deep,721,721-500-114,1,Juv,ANTI,ANTI,12
2017,2017,July,7/20/2017,UK,OD,Molasses Deep,721,721-500-114,1,Juv,ANTI,ANTI,15
2017,2017,July,7/20/2017,UK,OD,Molasses Deep,721,721-500-114,1,Juv,ANTI,ANTI,6
2017,2017,July,7/20/2017,UK,OD,Molasses Deep,721,721-500-114,1,Juv,PFLE,EUNI,7
2017,2017,July,7/20/2017,UK,OD,Molasses Deep,721,721-500-114,1,Juv,UNKO,UNKO,3
2017,2017,July,7/20/2017,UK,OD,Molasses Deep,721,721-500-183,1,Juv,ANTI/GVEN,AG,2
2017,2017,July,7/20/2017,UK,OD,Molasses Deep,721,721-500-183,1,Juv,ANTI/GVEN,AG,11
2017,2017,July,7/20/2017,UK,OD,Molasses Deep,721,721-500-183,1,Juv,ANTI/GVEN,AG,7
2017,2017,July,7/20/2017,UK,OD,Molasses Deep,721,721-500-183,1,Juv,ANTI/GVEN,AG,5
2017,2017,July,7/20/2017,UK,OD,Molasses Deep,721,721-500-183,1,Juv,ANTI/GVEN,AG,7
2017,2017,July,7/20/2017,UK,OD,Molasses Deep,721,721-500-183,1,Juv,ANTI,ANTI,7
2017,2017,July,7/20/2017,UK,OD,Molasses Deep,721,721-500-183,1,Juv,ANTI,ANTI,5
2017,2017,July,7/20/2017,UK,OD,Molasses Deep,721,721-500-183,1,Juv,ANTI,ANTI,5
2017,2017,July,7/20/2017,UK,OD,Molasses Deep,721,721-500-183,1,Juv,ANTI,ANTI,8
2017,2017,July,7/20/2017,UK,OD,Molasses Deep,721,721-500-183,1,Juv,ANTI,ANTI,8
2017,2017,July,7/20/2017,UK,OD,Molasses Deep,721,721-500-183,1,Juv,PAME,ANTI,18
2017,2017,July,7/20/2017,UK,OD,Molasses Deep,721,721-500-183,1,Juv,PAME,ANTI,11
2017,2017,July,7/20/2017,UK,OD,Molasses Deep,721,721-500-183,1,Juv,EUNI,EUNI,15
2017,2017,July,7/20/2017,UK,OD,Molasses Deep,721,721-500-183,1,Juv,GVEN,GVEN,20
2017,2017,July,7/20/2017,UK,OD,Molasses Deep,722,722-100-045,1,Juv,ANTI,ANTI,15
2017,2017,July,7/20/2017,UK,OD,Molasses Deep,722,722-100-045,1,Juv,ANTI,ANTI,18
2017,2017,July,7/20/2017,UK,OD,Molasses Deep,722,722-100-045,1,Juv,ANTI,ANTI,5
2017,2017,July,7/20/2017,UK,OD,Molasses Deep,722,722-100-045,1,Juv,ANTI,ANTI,10
2017,2017,July,7/20/2017,UK,OD,Molasses Deep,722,722-100-045,1,Juv,ANTI,ANTI,20
2017,2017,July,7/20/2017,UK,OD,Molasses Deep,722,722-100-045,1,Juv,ANTI,ANTI,10
2017,2017,July,7/20/2017,UK,OD,Molasses Deep,722,722-100-045,1,Juv,ANTI,ANTI,10
2017,2017,July,7/20/2017,UK,OD,Molasses Deep,722,722-100-045,1,Juv,EUNI,EUNI,25
2017,2017,July,7/20/2017,UK,OD,Molasses Deep,722,722-100-045,1,Juv,GVEN,GVEN,22
2017,2017,July,7/20/2017,UK,OD,Molasses Deep,722,722-100-045,1,Juv,MURI,MURI,23
2017,2017,July,7/20/2017,UK,OD,Molasses Deep,722,722-100-045,1,Juv,MURI,MURI,35
2017,2017,July,7/20/2017,UK,OD,Molasses Deep,722,722-100-076,1,Juv,ANTI,ANTI,17
2017,2017,July,7/20/2017,UK,OD,Molasses Deep,722,722-100-076,1,Juv,ANTI,ANTI,7
2017,2017,July,7/20/2017,UK,OD,Molasses Deep,722,722-100-076,1,Juv,PAME,ANTI,22
2017,2017,July,7/20/2017,UK,OD,Molasses Deep,722,722-100-076,1,Juv,UNKO,UNKO,5
2017,2017,July,7/20/2017,UK,OD,Molasses Deep,722,722-100-173,1,Juv,ANTI,ANTI,19
2017,2017,July,7/20/2017,UK,OD,Molasses Deep,722,722-100-173,1,Juv,ANTI,ANTI,8
2017,2017,July,7/20/2017,UK,OD,Molasses Deep,722,722-100-173,1,Juv,PAME,ANTI,4
2017,2017,July,7/20/2017,UK,OD,Molasses Deep,722,722-100-173,1,Juv,PAME,ANTI,4
2017,2017,July,7/20/2017,UK,OD,Molasses Deep,722,722-100-173,1,Juv,MURO,MURO,35
2017,2017,July,7/20/2017,UK,OD,Molasses Deep,722,722-100-173,1,Juv,PLEX,PLEX,20
2017,2017,July,7/20/2017,UK,OD,Molasses Deep,722,722-100-215,1,Juv,ANTI,ANTI,23
2017,2017,July,7/20/2017,UK,OD,Molasses Deep,722,722-100-215,1,Juv,ANTI,ANTI,2
2017,2017,July,7/20/2017,UK,OD,Molasses Deep,722,722-100-215,1,Juv,ANTI,ANTI,7
2017,2017,July,7/20/2017,UK,OD,Molasses Deep,722,722-100-215,1,Juv,PAME,ANTI,15
2017,2017,July,7/20/2017,UK,OD,Molasses Deep,722,722-100-215,1,Juv,PAME,ANTI,12
2017,2017,July,7/20/2017,UK,OD,Molasses Deep,722,722-100-215,1,Juv,PBIP,ANTI,29
2017,2017,July,7/20/2017,UK,OD,Molasses Deep,722,722-100-215,1,Juv,EUNI,EUNI,11
2017,2017,July,7/20/2017,UK,OD,Molasses Deep,722,722-500-032,1,Juv,ANTI,ANTI,38
2017,2017,July,7/20/2017,UK,OD,Molasses Deep,722,722-500-032,1,Juv,ANTI,ANTI,20
2017,2017,July,7/20/2017,UK,OD,Molasses Deep,722,722-500-032,1,Juv,ANTI,ANTI,11
2017,2017,July,7/20/2017,UK,OD,Molasses Deep,722,722-500-032,1,Juv,ANTI,ANTI,14
2017,2017,July,7/20/2017,UK,OD,Molasses Deep,722,722-500-032,1,Juv,ANTI,ANTI,15
2017,2017,July,7/20/2017,UK,OD,Molasses Deep,722,722-500-032,1,Juv,ANTI,ANTI,4
2017,2017,July,7/20/2017,UK,OD,Molasses Deep,722,722-500-032,1,Juv,ANTI,ANTI,9
2017,2017,July,7/20/2017,UK,OD,Molasses Deep,722,722-500-032,1,Juv,ANTI,ANTI,5
2017,2017,July,7/20/2017,UK,OD,Molasses Deep,722,722-500-032,1,Juv,PAME,ANTI,15
2017,2017,July,7/20/2017,UK,OD,Molasses Deep,722,722-500-094,1,Juv,ANTI,ANTI,9
2017,2017,July,7/20/2017,UK,OD,Molasses Deep,722,722-500-094,1,Juv,ANTI,ANTI,6
2017,2017,July,7/20/2017,UK,OD,Molasses Deep,722,722-500-094,1,Juv,ANTI,ANTI,4
2017,2017,July,7/20/2017,UK,OD,Molasses Deep,722,722-500-094,1,Juv,PAME,ANTI,5
2017,2017,July,7/20/2017,UK,OD,Molasses Deep,722,722-500-094,1,Juv,PAME,ANTI,7
2017,2017,July,7/20/2017,UK,OD,Molasses Deep,722,722-500-111,1,Juv,ANTI,ANTI,23
2017,2017,July,7/20/2017,UK,OD,Molasses Deep,722,722-500-111,1,Juv,ANTI,ANTI,5
2017,2017,July,7/20/2017,UK,OD,Molasses Deep,722,722-500-111,1,Juv,PAME,ANTI,16
2017,2017,July,7/20/2017,UK,OD,Molasses Deep,722,722-500-111,1,Juv,MURO,MURO,8
2017,2017,July,7/20/2017,UK,OD,Molasses Deep,722,722-500-111,1,Juv,MURO,MURO,32
2017,2017,July,7/20/2017,UK,OD,Molasses Deep,722,722-500-111,1,Juv,PTER,PTER,17
2017,2017,July,7/20/2017,UK,OD,Molasses Deep,722,722-500-182,1,Juv,ANTI,ANTI,36
2017,2017,July,7/20/2017,UK,OD,Molasses Deep,722,722-500-182,1,Juv,ANTI,ANTI,13
2017,2017,July,7/20/2017,UK,OD,Molasses Deep,722,722-500-182,1,Juv,ANTI,ANTI,18
2017,2017,July,7/20/2017,UK,OD,Molasses Deep,722,722-500-182,1,Juv,ANTI,ANTI,7
2017,2017,July,7/20/2017,UK,OD,Molasses Deep,722,722-500-182,1,Juv,ANTI,ANTI,12
2017,2017,July,7/20/2017,UK,OD,Molasses Deep,722,722-500-182,1,Juv,ANTI,ANTI,6
2017,2017,July,7/20/2017,UK,OD,Molasses Deep,722,722-500-182,1,Juv,ANTI,ANTI,11
2017,2017,July,7/20/2017,UK,OD,Molasses Deep,722,722-500-182,1,Juv,PAME,ANTI,9
2017,2017,July,7/20/2017,UK,OD,Molasses Deep,722,722-500-182,1,Juv,PAME,ANTI,1
2017,2017,July,7/20/2017,UK,OD,Molasses Deep,722,722-500-182,1,Juv,PAME,ANTI,7
2017,2017,July,7/20/2017,UK,OD,Molasses Deep,722,722-500-182,1,Juv,PAME,ANTI,4
2017,2017,July,7/20/2017,UK,OD,Molasses Deep,722,722-500-182,1,Juv,PAME,ANTI,6
2017,2017,July,7/20/2017,UK,OD,Molasses Deep,722,722-500-182,1,Juv,PAME,ANTI,30
2017,2017,July,7/20/2017,UK,OD,Molasses Deep,722,722-500-182,1,Juv,PAME,ANTI,3
2017,2017,July,7/20/2017,UK,OD,Molasses Deep,722,722-500-182,1,Juv,EUNI,EUNI,8
2017,2017,July,7/20/2017,UK,OD,Molasses Deep,722,722-500-182,1,Juv,EUNI,EUNI,6
2017,2017,July,7/20/2017,UK,OD,Molasses Deep,722,722-500-182,1,Juv,MURO,MURO,20
2017,2017,July,7/16/2017,UK,OD,Molasses Deep,723,723-100-052,1,Juv,ANTI/GVEN,AG,15
2017,2017,July,7/16/2017,UK,OD,Molasses Deep,723,723-100-052,1,Juv,ANTI/GVEN,AG,15
2017,2017,July,7/16/2017,UK,OD,Molasses Deep,723,723-100-052,1,Juv,ANTI,ANTI,4
2017,2017,July,7/16/2017,UK,OD,Molasses Deep,723,723-100-052,1,Juv,ANTI,ANTI,20
2017,2017,July,7/16/2017,UK,OD,Molasses Deep,723,723-100-052,1,Juv,ANTI,ANTI,15
2017,2017,July,7/16/2017,UK,OD,Molasses Deep,723,723-100-052,1,Juv,ANTI,ANTI,36
2017,2017,July,7/16/2017,UK,OD,Molasses Deep,723,723-100-052,1,Juv,ANTI,ANTI,9
2017,2017,July,7/16/2017,UK,OD,Molasses Deep,723,723-100-052,1,Juv,ANTI,ANTI,13
2017,2017,July,7/16/2017,UK,OD,Molasses Deep,723,723-100-052,1,Juv,ANTI,ANTI,22
2017,2017,July,7/16/2017,UK,OD,Molasses Deep,723,723-100-052,1,Juv,PAME,ANTI,35
2017,2017,July,7/16/2017,UK,OD,Molasses Deep,723,723-100-052,1,Juv,EUNI,EUNI,10
2017,2017,July,7/16/2017,UK,OD,Molasses Deep,723,723-100-052,1,Juv,GVEN,GVEN,10
2017,2017,July,7/16/2017,UK,OD,Molasses Deep,723,723-100-052,1,Juv,GVEN,GVEN,38
2017,2017,July,7/16/2017,UK,OD,Molasses Deep,723,723-100-052,1,Juv,GVEN,GVEN,26
2017,2017,July,7/16/2017,UK,OD,Molasses Deep,723,723-100-052,1,Juv,GVEN,GVEN,28
2017,2017,July,7/16/2017,UK,OD,Molasses Deep,723,723-100-052,1,Juv,GVEN,GVEN,20
2017,2017,July,7/16/2017,UK,OD,Molasses Deep,723,723-100-064,1,Juv,ANTI/GVEN,AG,6
2017,2017,July,7/16/2017,UK,OD,Molasses Deep,723,723-100-064,1,Juv,ANTI/GVEN,AG,8
2017,2017,July,7/16/2017,UK,OD,Molasses Deep,723,723-100-064,1,Juv,ANTI/GVEN,AG,6
2017,2017,July,7/16/2017,UK,OD,Molasses Deep,723,723-100-064,1,Juv,ANTI/GVEN,AG,9
2017,2017,July,7/16/2017,UK,OD,Molasses Deep,723,723-100-064,1,Juv,ANTI/GVEN,AG,7
2017,2017,July,7/16/2017,UK,OD,Molasses Deep,723,723-100-064,1,Juv,ANTI/GVEN,AG,7
2017,2017,July,7/16/2017,UK,OD,Molasses Deep,723,723-100-064,1,Juv,ANTI/GVEN,AG,14
2017,2017,July,7/16/2017,UK,OD,Molasses Deep,723,723-100-064,1,Juv,ANTI/GVEN,AG,4
2017,2017,July,7/16/2017,UK,OD,Molasses Deep,723,723-100-064,1,Juv,ANTI,ANTI,21
2017,2017,July,7/16/2017,UK,OD,Molasses Deep,723,723-100-064,1,Juv,ANTI,ANTI,19
2017,2017,July,7/16/2017,UK,OD,Molasses Deep,723,723-100-064,1,Juv,ANTI,ANTI,39
2017,2017,July,7/16/2017,UK,OD,Molasses Deep,723,723-100-064,1,Juv,ANTI,ANTI,22
2017,2017,July,7/16/2017,UK,OD,Molasses Deep,723,723-100-064,1,Juv,GVEN,GVEN,22
2017,2017,July,7/16/2017,UK,OD,Molasses Deep,723,723-100-134,1,Juv,ANTI/GVEN,AG,26
2017,2017,July,7/16/2017,UK,OD,Molasses Deep,723,723-100-134,1,Juv,ANTI/GVEN,AG,12
2017,2017,July,7/16/2017,UK,OD,Molasses Deep,723,723-100-134,1,Juv,ANTI/GVEN,AG,20
2017,2017,July,7/16/2017,UK,OD,Molasses Deep,723,723-100-134,1,Juv,ANTI,ANTI,12
2017,2017,July,7/16/2017,UK,OD,Molasses Deep,723,723-100-134,1,Juv,ANTI,ANTI,8
2017,2017,July,7/16/2017,UK,OD,Molasses Deep,723,723-100-134,1,Juv,ANTI,ANTI,5
2017,2017,July,7/16/2017,UK,OD,Molasses Deep,723,723-100-134,1,Juv,ANTI,ANTI,35
2017,2017,July,7/16/2017,UK,OD,Molasses Deep,723,723-100-134,1,Juv,ANTI,ANTI,10
2017,2017,July,7/16/2017,UK,OD,Molasses Deep,723,723-100-134,1,Juv,ANTI,ANTI,3
2017,2017,July,7/16/2017,UK,OD,Molasses Deep,723,723-100-134,1,Juv,EUNI,EUNI,2
2017,2017,July,7/16/2017,UK,OD,Molasses Deep,723,723-100-134,1,Juv,GVEN,GVEN,27
2017,2017,July,7/16/2017,UK,OD,Molasses Deep,723,723-100-134,1,Juv,GVEN,GVEN,28
2017,2017,July,7/16/2017,UK,OD,Molasses Deep,723,723-100-154,1,Juv,ANTI/GVEN,AG,17
2017,2017,July,7/16/2017,UK,OD,Molasses Deep,723,723-100-154,1,Juv,ANTI/GVEN,AG,8
2017,2017,July,7/16/2017,UK,OD,Molasses Deep,723,723-100-154,1,Juv,ANTI/GVEN,AG,11
2017,2017,July,7/16/2017,UK,OD,Molasses Deep,723,723-100-154,1,Juv,ANTI/GVEN,AG,4
2017,2017,July,7/16/2017,UK,OD,Molasses Deep,723,723-100-154,1,Juv,ANTI/GVEN,AG,5
2017,2017,July,7/16/2017,UK,OD,Molasses Deep,723,723-100-154,1,Juv,ANTI,ANTI,5
2017,2017,July,7/16/2017,UK,OD,Molasses Deep,723,723-100-154,1,Juv,ANTI,ANTI,9
2017,2017,July,7/16/2017,UK,OD,Molasses Deep,723,723-100-154,1,Juv,ANTI,ANTI,20
2017,2017,July,7/16/2017,UK,OD,Molasses Deep,723,723-100-154,1,Juv,ANTI,ANTI,7
2017,2017,July,7/16/2017,UK,OD,Molasses Deep,723,723-100-154,1,Juv,ANTI,ANTI,10
2017,2017,July,7/16/2017,UK,OD,Molasses Deep,723,723-100-154,1,Juv,ANTI,ANTI,15
2017,2017,July,7/16/2017,UK,OD,Molasses Deep,723,723-100-154,1,Juv,ANTI,ANTI,26
2017,2017,July,7/16/2017,UK,OD,Molasses Deep,723,723-100-154,1,Juv,GVEN,GVEN,19
2017,2017,July,7/16/2017,UK,OD,Molasses Deep,723,723-100-154,1,Juv,GVEN,GVEN,33
2017,2017,July,7/16/2017,UK,OD,Molasses Deep,723,723-100-154,1,Juv,MURI,MURI,13
2017,2017,July,7/16/2017,UK,OD,Molasses Deep,723,723-100-154,1,Juv,UNKO,UNKO,3
2017,2017,July,7/16/2017,UK,OD,Molasses Deep,723,723-500-030,1,Juv,ANTI,ANTI,2
2017,2017,July,7/16/2017,UK,OD,Molasses Deep,723,723-500-030,1,Juv,ANTI,ANTI,7
2017,2017,July,7/16/2017,UK,OD,Molasses Deep,723,723-500-030,1,Juv,ANTI,ANTI,8
2017,2017,July,7/16/2017,UK,OD,Molasses Deep,723,723-500-030,1,Juv,ANTI,ANTI,4
2017,2017,July,7/16/2017,UK,OD,Molasses Deep,723,723-500-030,1,Juv,ANTI,ANTI,7
2017,2017,July,7/16/2017,UK,OD,Molasses Deep,723,723-500-030,1,Juv,ANTI,ANTI,4
2017,2017,July,7/16/2017,UK,OD,Molasses Deep,723,723-500-030,1,Juv,ANTI,ANTI,3
2017,2017,July,7/16/2017,UK,OD,Molasses Deep,723,723-500-030,1,Juv,ANTI,ANTI,8
2017,2017,July,7/16/2017,UK,OD,Molasses Deep,723,723-500-030,1,Juv,ANTI,ANTI,11
2017,2017,July,7/16/2017,UK,OD,Molasses Deep,723,723-500-030,1,Juv,ANTI,ANTI,4
2017,2017,July,7/16/2017,UK,OD,Molasses Deep,723,723-500-030,1,Juv,PAME,ANTI,36
2017,2017,July,7/16/2017,UK,OD,Molasses Deep,723,723-500-030,1,Juv,PAME,ANTI,3
2017,2017,July,7/16/2017,UK,OD,Molasses Deep,723,723-500-030,1,Juv,PAME,ANTI,7
2017,2017,July,7/16/2017,UK,OD,Molasses Deep,723,723-500-030,1,Juv,PAME,ANTI,4
2017,2017,July,7/16/2017,UK,OD,Molasses Deep,723,723-500-030,1,Juv,PAME,ANTI,8
2017,2017,July,7/16/2017,UK,OD,Molasses Deep,723,723-500-030,1,Juv,PAME,ANTI,36
2017,2017,July,7/16/2017,UK,OD,Molasses Deep,723,723-500-030,1,Juv,GVEN,GVEN,15
2017,2017,July,7/16/2017,UK,OD,Molasses Deep,723,723-500-064,1,Juv,ANTI,ANTI,8
2017,2017,July,7/16/2017,UK,OD,Molasses Deep,723,723-500-064,1,Juv,ANTI,ANTI,10
2017,2017,July,7/16/2017,UK,OD,Molasses Deep,723,723-500-064,1,Juv,ANTI,ANTI,9
2017,2017,July,7/16/2017,UK,OD,Molasses Deep,723,723-500-064,1,Juv,ANTI,ANTI,10
2017,2017,July,7/16/2017,UK,OD,Molasses Deep,723,723-500-064,1,Juv,ANTI,ANTI,6
2017,2017,July,7/16/2017,UK,OD,Molasses Deep,723,723-500-064,1,Juv,ANTI,ANTI,11
2017,2017,July,7/16/2017,UK,OD,Molasses Deep,723,723-500-064,1,Juv,ANTI,ANTI,2
2017,2017,July,7/16/2017,UK,OD,Molasses Deep,723,723-500-064,1,Juv,ANTI,ANTI,6
2017,2017,July,7/16/2017,UK,OD,Molasses Deep,723,723-500-064,1,Juv,ANTI,ANTI,11
2017,2017,July,7/16/2017,UK,OD,Molasses Deep,723,723-500-064,1,Juv,PAME,ANTI,7
2017,2017,July,7/16/2017,UK,OD,Molasses Deep,723,723-500-064,1,Juv,EUNI,EUNI,3
2017,2017,July,7/16/2017,UK,OD,Molasses Deep,723,723-500-064,1,Juv,EUNI,EUNI,8
2017,2017,July,7/16/2017,UK,OD,Molasses Deep,723,723-500-064,1,Juv,GVEN,GVEN,16
2017,2017,July,7/16/2017,UK,OD,Molasses Deep,723,723-500-064,1,Juv,GVEN,GVEN,23
2017,2017,July,7/16/2017,UK,OD,Molasses Deep,723,723-500-064,1,Juv,GVEN,GVEN,39
2017,2017,July,7/16/2017,UK,OD,Molasses Deep,723,723-500-090,1,Juv,ANTI/GVEN,AG,3
2017,2017,July,7/16/2017,UK,OD,Molasses Deep,723,723-500-090,1,Juv,ANTI/GVEN,AG,16
2017,2017,July,7/16/2017,UK,OD,Molasses Deep,723,723-500-090,1,Juv,ANTI/GVEN,AG,16
2017,2017,July,7/16/2017,UK,OD,Molasses Deep,723,723-500-090,1,Juv,ANTI,ANTI,5
2017,2017,July,7/16/2017,UK,OD,Molasses Deep,723,723-500-090,1,Juv,ANTI,ANTI,16
2017,2017,July,7/16/2017,UK,OD,Molasses Deep,723,723-500-090,1,Juv,ANTI,ANTI,28
2017,2017,July,7/16/2017,UK,OD,Molasses Deep,723,723-500-090,1,Juv,ANTI,ANTI,16
2017,2017,July,7/16/2017,UK,OD,Molasses Deep,723,723-500-090,1,Juv,ANTI,ANTI,7
2017,2017,July,7/16/2017,UK,OD,Molasses Deep,723,723-500-090,1,Juv,ANTI,ANTI,9
2017,2017,July,7/16/2017,UK,OD,Molasses Deep,723,723-500-090,1,Juv,ANTI,ANTI,21
2017,2017,July,7/16/2017,UK,OD,Molasses Deep,723,723-500-090,1,Juv,ANTI,ANTI,17
2017,2017,July,7/16/2017,UK,OD,Molasses Deep,723,723-500-090,1,Juv,ANTI,ANTI,15
2017,2017,July,7/16/2017,UK,OD,Molasses Deep,723,723-500-090,1,Juv,ANTI,ANTI,7
2017,2017,July,7/16/2017,UK,OD,Molasses Deep,723,723-500-090,1,Juv,EUNI,EUNI,8
2017,2017,July,7/16/2017,UK,OD,Molasses Deep,723,723-500-090,1,Juv,EUNI,EUNI,12
2017,2017,July,7/16/2017,UK,OD,Molasses Deep,723,723-500-090,1,Juv,MURI,MURI,21
2017,2017,July,7/16/2017,UK,OD,Molasses Deep,723,723-500-103,1,Juv,ANTI/GVEN,AG,6
2017,2017,July,7/16/2017,UK,OD,Molasses Deep,723,723-500-103,1,Juv,ANTI,ANTI,7
2017,2017,July,7/16/2017,UK,OD,Molasses Deep,723,723-500-103,1,Juv,PAME,ANTI,15
2017,2017,July,7/16/2017,UK,OD,Molasses Deep,723,723-500-103,1,Juv,PAME,ANTI,36
2017,2017,July,7/16/2017,UK,OD,Molasses Deep,723,723-500-103,1,Juv,UNKO,UNKO,5
2017,2017,July,7/20/2017,UK,OD,Molasses Deep,724,724-100-048,1,Juv,ANTI,ANTI,9
2017,2017,July,7/20/2017,UK,OD,Molasses Deep,724,724-100-048,1,Juv,ANTI,ANTI,6
2017,2017,July,7/20/2017,UK,OD,Molasses Deep,724,724-100-048,1,Juv,ANTI,ANTI,4
2017,2017,July,7/20/2017,UK,OD,Molasses Deep,724,724-100-048,1,Juv,ANTI,ANTI,15
2017,2017,July,7/20/2017,UK,OD,Molasses Deep,724,724-100-048,1,Juv,ANTI,ANTI,12
2017,2017,July,7/20/2017,UK,OD,Molasses Deep,724,724-100-048,1,Juv,ANTI,ANTI,5
2017,2017,July,7/20/2017,UK,OD,Molasses Deep,724,724-100-048,1,Juv,MURI,MURI,21
2017,2017,July,7/20/2017,UK,OD,Molasses Deep,724,724-100-089,1,Juv,ANTI,ANTI,17
2017,2017,July,7/20/2017,UK,OD,Molasses Deep,724,724-100-089,1,Juv,ANTI,ANTI,23
2017,2017,July,7/20/2017,UK,OD,Molasses Deep,724,724-100-089,1,Juv,ANTI,ANTI,13
2017,2017,July,7/20/2017,UK,OD,Molasses Deep,724,724-100-089,1,Juv,ANTI,ANTI,26
2017,2017,July,7/20/2017,UK,OD,Molasses Deep,724,724-100-089,1,Juv,ANTI,ANTI,10
2017,2017,July,7/20/2017,UK,OD,Molasses Deep,724,724-100-151,1,Juv,ANTI/GVEN,AG,23
2017,2017,July,7/20/2017,UK,OD,Molasses Deep,724,724-100-151,1,Juv,ANTI/GVEN,AG,16
2017,2017,July,7/20/2017,UK,OD,Molasses Deep,724,724-100-151,1,Juv,ANTI,ANTI,21
2017,2017,July,7/20/2017,UK,OD,Molasses Deep,724,724-100-151,1,Juv,ANTI,ANTI,10
2017,2017,July,7/20/2017,UK,OD,Molasses Deep,724,724-100-151,1,Juv,ANTI,ANTI,15
2017,2017,July,7/20/2017,UK,OD,Molasses Deep,724,724-100-151,1,Juv,ANTI,ANTI,24
2017,2017,July,7/20/2017,UK,OD,Molasses Deep,724,724-100-151,1,Juv,ANTI,ANTI,17
2017,2017,July,7/20/2017,UK,OD,Molasses Deep,724,724-100-151,1,Juv,ANTI,ANTI,7
2017,2017,July,7/20/2017,UK,OD,Molasses Deep,724,724-100-151,1,Juv,ANTI,ANTI,37
2017,2017,July,7/20/2017,UK,OD,Molasses Deep,724,724-100-151,1,Juv,PAME,ANTI,18
2017,2017,July,7/20/2017,UK,OD,Molasses Deep,724,724-100-151,1,Juv,PAME,ANTI,4
2017,2017,July,7/20/2017,UK,OD,Molasses Deep,724,724-100-151,1,Juv,EUNI,EUNI,11
2017,2017,July,7/20/2017,UK,OD,Molasses Deep,724,724-100-151,1,Juv,EUNI,EUNI,22
2017,2017,July,7/20/2017,UK,OD,Molasses Deep,724,724-100-151,1,Juv,EUNI,EUNI,24
2017,2017,July,7/20/2017,UK,OD,Molasses Deep,724,724-100-151,1,Juv,GVEN,GVEN,23
2017,2017,July,7/20/2017,UK,OD,Molasses Deep,724,724-100-151,1,Juv,MURO,MURO,7
2017,2017,July,7/20/2017,UK,OD,Molasses Deep,724,724-100-177,1,Juv,ANTI,ANTI,8
2017,2017,July,7/20/2017,UK,OD,Molasses Deep,724,724-100-177,1,Juv,ANTI,ANTI,7
2017,2017,July,7/20/2017,UK,OD,Molasses Deep,724,724-100-177,1,Juv,ANTI,ANTI,7
2017,2017,July,7/20/2017,UK,OD,Molasses Deep,724,724-100-177,1,Juv,ANTI,ANTI,14
2017,2017,July,7/20/2017,UK,OD,Molasses Deep,724,724-100-177,1,Juv,GVEN,GVEN,28
2017,2017,July,7/20/2017,UK,OD,Molasses Deep,724,724-100-177,1,Juv,GVEN,GVEN,23
2017,2017,July,7/20/2017,UK,OD,Molasses Deep,724,724-500-032,1,Juv,ANTI,ANTI,6
2017,2017,July,7/20/2017,UK,OD,Molasses Deep,724,724-500-032,1,Juv,ANTI,ANTI,8
2017,2017,July,7/20/2017,UK,OD,Molasses Deep,724,724-500-032,1,Juv,ANTI,ANTI,8
2017,2017,July,7/20/2017,UK,OD,Molasses Deep,724,724-500-032,1,Juv,PAME,ANTI,7
2017,2017,July,7/20/2017,UK,OD,Molasses Deep,724,724-500-032,1,Juv,GVEN,GVEN,12
2017,2017,July,7/20/2017,UK,OD,Molasses Deep,724,724-500-032,1,Juv,UNKO,UNKO,3
2017,2017,Aug,8/29/2017,UK,OD,Molasses Deep,724,724-500-061,1,Juv,ANTI,ANTI,10
2017,2017,Aug,8/29/2017,UK,OD,Molasses Deep,724,724-500-061,1,Juv,ANTI,ANTI,13
2017,2017,Aug,8/29/2017,UK,OD,Molasses Deep,724,724-500-061,1,Juv,ANTI,ANTI,5
2017,2017,Aug,8/29/2017,UK,OD,Molasses Deep,724,724-500-061,1,Juv,ANTI,ANTI,16
2017,2017,Aug,8/29/2017,UK,OD,Molasses Deep,724,724-500-061,1,Juv,ANTI,ANTI,2
2017,2017,Aug,8/29/2017,UK,OD,Molasses Deep,724,724-500-061,1,Juv,ANTI,ANTI,8
2017,2017,Aug,8/29/2017,UK,OD,Molasses Deep,724,724-500-061,1,Juv,PBIP,ANTI,22
2017,2017,Aug,8/29/2017,UK,OD,Molasses Deep,724,724-500-061,1,Juv,PBIP,ANTI,8
2017,2017,Aug,8/29/2017,UK,OD,Molasses Deep,724,724-500-061,1,Juv,EUNI,EUNI,16
2017,2017,Aug,8/29/2017,UK,OD,Molasses Deep,724,724-500-094,1,Juv,ANTI/GVEN,AG,13
2017,2017,Aug,8/29/2017,UK,OD,Molasses Deep,724,724-500-094,1,Juv,ANTI/GVEN,AG,15
2017,2017,Aug,8/29/2017,UK,OD,Molasses Deep,724,724-500-094,1,Juv,ANTI/GVEN,AG,15
2017,2017,Aug,8/29/2017,UK,OD,Molasses Deep,724,724-500-094,1,Juv,ANTI,ANTI,7
2017,2017,Aug,8/29/2017,UK,OD,Molasses Deep,724,724-500-094,1,Juv,ANTI,ANTI,14
2017,2017,Aug,8/29/2017,UK,OD,Molasses Deep,724,724-500-094,1,Juv,ANTI,ANTI,17
2017,2017,Aug,8/29/2017,UK,OD,Molasses Deep,724,724-500-094,1,Juv,ANTI,ANTI,14
2017,2017,Aug,8/29/2017,UK,OD,Molasses Deep,724,724-500-094,1,Juv,GVEN,GVEN,24
2017,2017,Aug,8/29/2017,UK,OD,Molasses Deep,724,724-500-094,1,Juv,GVEN,GVEN,15
2017,2017,Aug,8/29/2017,UK,OD,Molasses Deep,724,724-500-094,1,Juv,GVEN,GVEN,16
2017,2017,Aug,8/29/2017,UK,OD,Molasses Deep,724,724-500-094,1,Juv,GVEN,GVEN,22
2017,2017,July,7/20/2017,UK,OD,Molasses Deep,724,724-500-192,1,Juv,ANTI,ANTI,6
2017,2017,July,7/20/2017,UK,OD,Molasses Deep,724,724-500-192,1,Juv,ANTI,ANTI,6
2017,2017,July,7/20/2017,UK,OD,Molasses Deep,724,724-500-192,1,Juv,ANTI,ANTI,11
2017,2017,July,7/20/2017,UK,OD,Molasses Deep,724,724-500-192,1,Juv,ANTI,ANTI,7
2017,2017,July,7/20/2017,UK,OD,Molasses Deep,724,724-500-192,1,Juv,ANTI,ANTI,10
2017,2017,July,7/20/2017,UK,OD,Molasses Deep,724,724-500-192,1,Juv,ANTI,ANTI,12
2017,2017,July,7/20/2017,UK,OD,Molasses Deep,724,724-500-192,1,Juv,PAME,ANTI,36
2017,2017,July,7/20/2017,UK,OD,Molasses Deep,724,724-500-192,1,Juv,PAME,ANTI,28
2017,2017,July,7/20/2017,UK,OD,Molasses Deep,724,724-500-192,1,Juv,EUNI,EUNI,18
2017,2017,July,7/20/2017,UK,OD,Molasses Deep,724,724-500-192,1,Juv,EUNI,EUNI,23
2017,2017,July,7/20/2017,UK,OD,Molasses Deep,724,724-500-192,1,Juv,GVEN,GVEN,37
2017,2017,July,7/20/2017,UK,OD,Molasses Deep,724,724-500-192,1,Juv,GVEN,GVEN,25
2017,2017,July,7/20/2017,UK,OD,Molasses Deep,724,724-500-192,1,Juv,MURO,MURO,15
2017,2017,May,5/15/2017,MK,OD,Tennessee Deep,751,751-100-026,0,NA,NA,NA,NA
2017,2017,May,5/15/2017,MK,OD,Tennessee Deep,751,751-100-045,1,Juv,ANTI/GVEN,AG,6
2017,2017,May,5/15/2017,MK,OD,Tennessee Deep,751,751-100-045,1,Juv,ANTI/GVEN,AG,27
2017,2017,May,5/15/2017,MK,OD,Tennessee Deep,751,751-100-045,1,Juv,ANTI/GVEN,AG,16
2017,2017,May,5/15/2017,MK,OD,Tennessee Deep,751,751-100-045,1,Juv,ANTI,ANTI,7
2017,2017,May,5/15/2017,MK,OD,Tennessee Deep,751,751-100-045,1,Juv,ANTI,ANTI,9
2017,2017,May,5/15/2017,MK,OD,Tennessee Deep,751,751-100-045,1,Juv,EUNI,EUNI,4
2017,2017,May,5/15/2017,MK,OD,Tennessee Deep,751,751-100-118,1,Juv,ANTI,ANTI,6
2017,2017,May,5/15/2017,MK,OD,Tennessee Deep,751,751-100-203,0,NA,NA,NA,NA
2017,2017,May,5/15/2017,MK,OD,Tennessee Deep,751,751-500-029,1,Juv,EUNI,EUNI,18
2017,2017,May,5/15/2017,MK,OD,Tennessee Deep,751,751-500-029,1,Juv,GVEN,GVEN,33
2017,2017,May,5/15/2017,MK,OD,Tennessee Deep,751,751-500-029,1,Juv,GVEN,GVEN,25
2017,2017,May,5/15/2017,MK,OD,Tennessee Deep,751,751-500-105,0,NA,NA,NA,NA
2017,2017,May,5/15/2017,MK,OD,Tennessee Deep,751,751-500-123,1,Juv,ANTI,ANTI,10
2017,2017,May,5/15/2017,MK,OD,Tennessee Deep,751,751-500-226,1,Juv,GVEN,GVEN,23
2017,2017,May,5/15/2017,MK,OD,Tennessee Deep,751,751-500-226,1,Juv,GVEN,GVEN,13
2017,2017,May,5/15/2017,MK,OD,Tennessee Deep,752,752-100-022,1,Juv,ANTI,ANTI,5
2017,2017,May,5/15/2017,MK,OD,Tennessee Deep,752,752-100-022,1,Juv,PBIP,ANTI,17
2017,2017,May,5/15/2017,MK,OD,Tennessee Deep,752,752-100-022,1,Juv,PBIP,ANTI,35
2017,2017,May,5/15/2017,MK,OD,Tennessee Deep,752,752-100-072,1,Juv,PBIP,ANTI,38
2017,2017,May,5/15/2017,MK,OD,Tennessee Deep,752,752-100-135,0,NA,NA,NA,NA
2017,2017,May,5/15/2017,MK,OD,Tennessee Deep,752,752-100-225,0,NA,NA,NA,NA
2017,2017,May,5/15/2017,MK,OD,Tennessee Deep,752,752-500-023,1,Juv,ANTI/GVEN,AG,17
2017,2017,May,5/15/2017,MK,OD,Tennessee Deep,752,752-500-023,1,Juv,PBIP,ANTI,34
2017,2017,May,5/15/2017,MK,OD,Tennessee Deep,752,752-500-023,1,Juv,EUNI,EUNI,2
2017,2017,May,5/15/2017,MK,OD,Tennessee Deep,752,752-500-023,1,Juv,UNKO,UNKO,2
2017,2017,May,5/15/2017,MK,OD,Tennessee Deep,752,752-500-056,0,NA,NA,NA,NA
2017,2017,May,5/15/2017,MK,OD,Tennessee Deep,752,752-500-141,1,Juv,UNKO,UNKO,4
2017,2017,May,5/15/2017,MK,OD,Tennessee Deep,752,752-500-188,1,Juv,MURI,MURI,24
2017,2017,May,5/15/2017,MK,OD,Tennessee Deep,753,753-100-028,0,NA,NA,NA,NA
2017,2017,May,5/15/2017,MK,OD,Tennessee Deep,753,753-100-085,1,Juv,ANTI/GVEN,AG,22
2017,2017,May,5/15/2017,MK,OD,Tennessee Deep,753,753-100-085,1,Juv,PAME,ANTI,10
2017,2017,May,5/15/2017,MK,OD,Tennessee Deep,753,753-100-085,1,Juv,PAME,ANTI,11
2017,2017,May,5/15/2017,MK,OD,Tennessee Deep,753,753-100-090,1,Juv,ANTI,ANTI,11
2017,2017,May,5/15/2017,MK,OD,Tennessee Deep,753,753-100-090,1,Juv,ANTI,ANTI,14
2017,2017,May,5/15/2017,MK,OD,Tennessee Deep,753,753-100-090,1,Juv,ANTI,ANTI,5
2017,2017,May,5/15/2017,MK,OD,Tennessee Deep,753,753-100-090,1,Juv,PAME,ANTI,12
2017,2017,May,5/15/2017,MK,OD,Tennessee Deep,753,753-100-090,1,Juv,PBIP,ANTI,34
2017,2017,May,5/15/2017,MK,OD,Tennessee Deep,753,753-100-090,1,Juv,PBIP,ANTI,32
2017,2017,May,5/15/2017,MK,OD,Tennessee Deep,753,753-100-141,1,Juv,ANTI,ANTI,5
2017,2017,May,5/15/2017,MK,OD,Tennessee Deep,753,753-100-141,1,Juv,ANTI,ANTI,8
2017,2017,May,5/15/2017,MK,OD,Tennessee Deep,753,753-500-023,1,Juv,ANTI/GVEN,AG,11
2017,2017,May,5/15/2017,MK,OD,Tennessee Deep,753,753-500-023,1,Juv,ANTI/GVEN,AG,16
2017,2017,May,5/15/2017,MK,OD,Tennessee Deep,753,753-500-023,1,Juv,ANTI,ANTI,2
2017,2017,May,5/15/2017,MK,OD,Tennessee Deep,753,753-500-023,1,Juv,ANTI,ANTI,3
2017,2017,May,5/15/2017,MK,OD,Tennessee Deep,753,753-500-023,1,Juv,ANTI,ANTI,34
2017,2017,May,5/15/2017,MK,OD,Tennessee Deep,753,753-500-023,1,Juv,PAME,ANTI,6
2017,2017,May,5/15/2017,MK,OD,Tennessee Deep,753,753-500-023,1,Juv,PAME,ANTI,4
2017,2017,May,5/15/2017,MK,OD,Tennessee Deep,753,753-500-023,1,Juv,PBIP,ANTI,39
2017,2017,May,5/15/2017,MK,OD,Tennessee Deep,753,753-500-023,1,Juv,GVEN,GVEN,36
2017,2017,May,5/15/2017,MK,OD,Tennessee Deep,753,753-500-049,1,Juv,PAME,ANTI,4
2017,2017,May,5/15/2017,MK,OD,Tennessee Deep,753,753-500-105,1,Juv,PBIP,ANTI,30
2017,2017,May,5/15/2017,MK,OD,Tennessee Deep,753,753-500-197,1,Juv,EUNI,EUNI,25
2017,2017,May,5/15/2017,MK,OD,Tennessee Deep,754,754-100-051,0,NA,NA,NA,NA
2017,2017,May,5/15/2017,MK,OD,Tennessee Deep,754,754-100-100,1,Juv,ANTI,ANTI,5
2017,2017,May,5/15/2017,MK,OD,Tennessee Deep,754,754-100-136,0,NA,NA,NA,NA
2017,2017,May,5/15/2017,MK,OD,Tennessee Deep,754,754-100-191,1,Juv,ANTI,ANTI,19
2017,2017,May,5/15/2017,MK,OD,Tennessee Deep,754,754-100-191,1,Juv,ANTI,ANTI,8
2017,2017,May,5/15/2017,MK,OD,Tennessee Deep,754,754-100-191,1,Juv,ANTI,ANTI,17
2017,2017,May,5/15/2017,MK,OD,Tennessee Deep,754,754-100-191,1,Juv,GVEN,GVEN,12
2017,2017,May,5/15/2017,MK,OD,Tennessee Deep,754,754-500-045,0,NA,NA,NA,NA
2017,2017,May,5/15/2017,MK,OD,Tennessee Deep,754,754-500-092,0,NA,NA,NA,NA
2017,2017,May,5/15/2017,MK,OD,Tennessee Deep,754,754-500-139,0,NA,NA,NA,NA
2017,2017,May,5/15/2017,MK,OD,Tennessee Deep,754,754-500-180,1,Juv,ANTI,ANTI,20
2017,2017,Dec,12/8/2017,MK,OD,Sombrero Deep,761,761-100-009,1,Juv,ANTI,ANTI,5
2017,2017,Dec,12/8/2017,MK,OD,Sombrero Deep,761,761-100-009,1,Juv,ANTI,ANTI,5
2017,2017,Dec,12/8/2017,MK,OD,Sombrero Deep,761,761-100-009,1,Juv,PBIP,ANTI,37
2017,2017,Dec,12/8/2017,MK,OD,Sombrero Deep,761,761-100-009,1,Juv,PBIP,ANTI,35
2017,2017,Dec,12/8/2017,MK,OD,Sombrero Deep,761,761-100-009,1,Juv,PBIP,ANTI,38
2017,2017,Dec,12/8/2017,MK,OD,Sombrero Deep,761,761-100-009,1,Juv,PBIP,ANTI,30
2017,2017,Dec,12/8/2017,MK,OD,Sombrero Deep,761,761-100-028,1,Juv,PBIP,ANTI,35
2017,2017,Dec,12/8/2017,MK,OD,Sombrero Deep,761,761-100-028,1,Juv,PBIP,ANTI,6
2017,2017,Dec,12/8/2017,MK,OD,Sombrero Deep,761,761-100-028,1,Juv,PBIP,ANTI,6
2017,2017,Dec,12/8/2017,MK,OD,Sombrero Deep,761,761-100-028,1,Juv,PBIP,ANTI,8
2017,2017,Dec,12/8/2017,MK,OD,Sombrero Deep,761,761-100-081,1,Juv,ANTI,ANTI,17
2017,2017,Dec,12/8/2017,MK,OD,Sombrero Deep,761,761-100-081,1,Juv,PBIP,ANTI,13
2017,2017,Dec,12/8/2017,MK,OD,Sombrero Deep,761,761-100-081,1,Juv,PBIP,ANTI,13
2017,2017,Dec,12/8/2017,MK,OD,Sombrero Deep,761,761-100-081,1,Juv,PBIP,ANTI,9
2017,2017,Dec,12/8/2017,MK,OD,Sombrero Deep,761,761-100-081,1,Juv,EUNI,EUNI,5
2017,2017,Dec,12/8/2017,MK,OD,Sombrero Deep,761,761-100-081,1,Juv,UNKO,UNKO,2
2017,2017,Dec,12/8/2017,MK,OD,Sombrero Deep,761,761-100-139,1,Juv,ANTI,ANTI,10
2017,2017,Dec,12/8/2017,MK,OD,Sombrero Deep,761,761-100-139,1,Juv,ANTI,ANTI,3
2017,2017,Dec,12/8/2017,MK,OD,Sombrero Deep,761,761-500-048,1,Juv,PAME,ANTI,10
2017,2017,Dec,12/8/2017,MK,OD,Sombrero Deep,761,761-500-072,0,NA,NA,NA,NA
2017,2017,Dec,12/8/2017,MK,OD,Sombrero Deep,761,761-500-101,0,NA,NA,NA,NA
2017,2017,Dec,12/8/2017,MK,OD,Sombrero Deep,761,761-500-147,0,NA,NA,NA,NA
2017,2017,Dec,12/8/2017,MK,OD,Sombrero Deep,762,762-100-056,1,Juv,ANTI,ANTI,5
2017,2017,Dec,12/8/2017,MK,OD,Sombrero Deep,762,762-100-056,1,Juv,ANTI,ANTI,5
2017,2017,Dec,12/8/2017,MK,OD,Sombrero Deep,762,762-100-056,1,Juv,MURI,MURI,15
2017,2017,Dec,12/8/2017,MK,OD,Sombrero Deep,762,762-100-067,1,Juv,UNKO,UNKO,3
2017,2017,Dec,12/8/2017,MK,OD,Sombrero Deep,762,762-100-067,1,Juv,UNKO,UNKO,2
2017,2017,Dec,12/8/2017,MK,OD,Sombrero Deep,762,762-100-158,1,Juv,GVEN,GVEN,25
2017,2017,Dec,12/8/2017,MK,OD,Sombrero Deep,762,762-100-178,1,Juv,ANTI,ANTI,13
2017,2017,Dec,12/8/2017,MK,OD,Sombrero Deep,762,762-500-005,1,Juv,EUNI,EUNI,8
2017,2017,Dec,12/8/2017,MK,OD,Sombrero Deep,762,762-500-066,1,Juv,ANTI,ANTI,19
2017,2017,Dec,12/8/2017,MK,OD,Sombrero Deep,762,762-500-066,1,Juv,PAME,ANTI,8
2017,2017,Dec,12/8/2017,MK,OD,Sombrero Deep,762,762-500-066,1,Juv,EUNI,EUNI,6
2017,2017,Dec,12/8/2017,MK,OD,Sombrero Deep,762,762-500-066,1,Juv,EUNI,EUNI,6
2017,2017,Dec,12/8/2017,MK,OD,Sombrero Deep,762,762-500-110,1,Juv,ANTI,ANTI,8
2017,2017,Dec,12/8/2017,MK,OD,Sombrero Deep,762,762-500-110,1,Juv,MURI,MURI,29
2017,2017,Dec,12/8/2017,MK,OD,Sombrero Deep,762,762-500-153,0,NA,NA,NA,NA
2017,2017,Dec,12/8/2017,MK,OD,Sombrero Deep,763,763-100-085,0,NA,NA,NA,NA
2017,2017,Dec,12/8/2017,MK,OD,Sombrero Deep,763,763-100-108,1,Juv,ANTI,ANTI,5
2017,2017,Dec,12/8/2017,MK,OD,Sombrero Deep,763,763-100-108,1,Juv,EUNI,EUNI,8
2017,2017,Dec,12/8/2017,MK,OD,Sombrero Deep,763,763-100-174,1,Juv,GVEN,GVEN,13
2017,2017,Dec,12/8/2017,MK,OD,Sombrero Deep,763,763-100-174,1,Juv,GVEN,GVEN,24
2017,2017,Dec,12/8/2017,MK,OD,Sombrero Deep,763,763-100-202,1,Juv,EUNI,EUNI,7
2017,2017,Dec,12/8/2017,MK,OD,Sombrero Deep,763,763-500-085,1,Juv,ANTI,ANTI,6
2017,2017,Dec,12/8/2017,MK,OD,Sombrero Deep,763,763-500-085,1,Juv,ANTI,ANTI,23
2017,2017,Dec,12/8/2017,MK,OD,Sombrero Deep,763,763-500-085,1,Juv,ANTI,ANTI,12
2017,2017,Dec,12/8/2017,MK,OD,Sombrero Deep,763,763-500-085,1,Juv,ANTI,ANTI,25
2017,2017,Dec,12/8/2017,MK,OD,Sombrero Deep,763,763-500-085,1,Juv,PAME,ANTI,39
2017,2017,Dec,12/8/2017,MK,OD,Sombrero Deep,763,763-500-085,1,Juv,EUNI,EUNI,7
2017,2017,Dec,12/8/2017,MK,OD,Sombrero Deep,763,763-500-085,1,Juv,UNKO,UNKO,3
2017,2017,Dec,12/8/2017,MK,OD,Sombrero Deep,763,763-500-085,1,Juv,UNKO,UNKO,3
2017,2017,Dec,12/8/2017,MK,OD,Sombrero Deep,763,763-500-109,1,Juv,ANTI,ANTI,19
2017,2017,Dec,12/8/2017,MK,OD,Sombrero Deep,763,763-500-109,1,Juv,EUNI,EUNI,5
2017,2017,Dec,12/8/2017,MK,OD,Sombrero Deep,763,763-500-109,1,Juv,EUNI,EUNI,25
2017,2017,Dec,12/8/2017,MK,OD,Sombrero Deep,763,763-500-109,1,Juv,UNKO,UNKO,3
2017,2017,Dec,12/8/2017,MK,OD,Sombrero Deep,763,763-500-109,1,Juv,UNKO,UNKO,3
2017,2017,Dec,12/8/2017,MK,OD,Sombrero Deep,763,763-500-109,1,Juv,UNKO,UNKO,6
2017,2017,Dec,12/8/2017,MK,OD,Sombrero Deep,763,763-500-160,0,NA,NA,NA,NA
2017,2017,Dec,12/8/2017,MK,OD,Sombrero Deep,763,763-500-198,0,NA,NA,NA,NA
2017,2017,Dec,12/8/2017,MK,OD,Sombrero Deep,764,764-100-017,1,Juv,ANTI,ANTI,11
2017,2017,Dec,12/8/2017,MK,OD,Sombrero Deep,764,764-100-017,1,Juv,EUNI,EUNI,5
2017,2017,Dec,12/8/2017,MK,OD,Sombrero Deep,764,764-100-017,1,Juv,GVEN,GVEN,17
2017,2017,Dec,12/8/2017,MK,OD,Sombrero Deep,764,764-100-017,1,Juv,MURO,MURO,18
2017,2017,Dec,12/8/2017,MK,OD,Sombrero Deep,764,764-100-017,1,Juv,MURO,MURO,20
2017,2017,Dec,12/8/2017,MK,OD,Sombrero Deep,764,764-100-017,1,Juv,PLEX,PLEX,14
2017,2017,Dec,12/8/2017,MK,OD,Sombrero Deep,764,764-100-081,1,Juv,EUNI,EUNI,18
2017,2017,Dec,12/8/2017,MK,OD,Sombrero Deep,764,764-100-081,1,Juv,GVEN,GVEN,30
2017,2017,Dec,12/8/2017,MK,OD,Sombrero Deep,764,764-100-081,1,Juv,GVEN,GVEN,39
2017,2017,Dec,12/8/2017,MK,OD,Sombrero Deep,764,764-100-081,1,Juv,GVEN,GVEN,20
2017,2017,Dec,12/8/2017,MK,OD,Sombrero Deep,764,764-100-081,1,Juv,GVEN,GVEN,27
2017,2017,Dec,12/8/2017,MK,OD,Sombrero Deep,764,764-100-081,1,Juv,GVEN,GVEN,18
2017,2017,Dec,12/8/2017,MK,OD,Sombrero Deep,764,764-100-081,1,Juv,MURO,MURO,8
2017,2017,Dec,12/8/2017,MK,OD,Sombrero Deep,764,764-100-081,1,Juv,MURO,MURO,38
2017,2017,Dec,12/8/2017,MK,OD,Sombrero Deep,764,764-100-081,1,Juv,MURO,MURO,12
2017,2017,Dec,12/8/2017,MK,OD,Sombrero Deep,764,764-100-137,1,Juv,ANTI,ANTI,23
2017,2017,Dec,12/8/2017,MK,OD,Sombrero Deep,764,764-100-137,1,Juv,GVEN,GVEN,37
2017,2017,Dec,12/8/2017,MK,OD,Sombrero Deep,764,764-100-185,1,Juv,EUNI,EUNI,12
2017,2017,Dec,12/8/2017,MK,OD,Sombrero Deep,764,764-500-012,0,NA,NA,NA,NA
2017,2017,Dec,12/8/2017,MK,OD,Sombrero Deep,764,764-500-092,1,Juv,ANTI,ANTI,9
2017,2017,Dec,12/8/2017,MK,OD,Sombrero Deep,764,764-500-092,1,Juv,ANTI,ANTI,17
2017,2017,Dec,12/8/2017,MK,OD,Sombrero Deep,764,764-500-092,1,Juv,ANTI,ANTI,14
2017,2017,Dec,12/8/2017,MK,OD,Sombrero Deep,764,764-500-092,1,Juv,PAME,ANTI,28
2017,2017,Dec,12/8/2017,MK,OD,Sombrero Deep,764,764-500-092,1,Juv,EUNI,EUNI,7
2017,2017,Dec,12/8/2017,MK,OD,Sombrero Deep,764,764-500-092,1,Juv,UNKO,UNKO,3
2017,2017,Dec,12/8/2017,MK,OD,Sombrero Deep,764,764-500-111,1,Juv,ANTI,ANTI,27
2017,2017,Dec,12/8/2017,MK,OD,Sombrero Deep,764,764-500-111,1,Juv,ANTI,ANTI,16
2017,2017,Dec,12/8/2017,MK,OD,Sombrero Deep,764,764-500-111,1,Juv,ANTI,ANTI,29
2017,2017,Dec,12/8/2017,MK,OD,Sombrero Deep,764,764-500-111,1,Juv,ANTI,ANTI,5
2017,2017,Dec,12/8/2017,MK,OD,Sombrero Deep,764,764-500-111,1,Juv,PAME,ANTI,23
2017,2017,Dec,12/8/2017,MK,OD,Sombrero Deep,764,764-500-111,1,Juv,PAME,ANTI,29
2017,2017,Dec,12/8/2017,MK,OD,Sombrero Deep,764,764-500-111,1,Juv,PAME,ANTI,10
2017,2017,Dec,12/8/2017,MK,OD,Sombrero Deep,764,764-500-111,1,Juv,EUNI,EUNI,8
2017,2017,Dec,12/8/2017,MK,OD,Sombrero Deep,764,764-500-111,1,Juv,EUNI,EUNI,7
2017,2017,Dec,12/8/2017,MK,OD,Sombrero Deep,764,764-500-111,1,Juv,GVEN,GVEN,33
2017,2017,Dec,12/8/2017,MK,OD,Sombrero Deep,764,764-500-111,1,Juv,GVEN,GVEN,18
2017,2017,Dec,12/8/2017,MK,OD,Sombrero Deep,764,764-500-111,1,Juv,GVEN,GVEN,17
2017,2017,Dec,12/8/2017,MK,OD,Sombrero Deep,764,764-500-111,1,Juv,MURO,MURO,6
2017,2017,Dec,12/8/2017,MK,OD,Sombrero Deep,764,764-500-188,1,Juv,EUNI,EUNI,23
2017,2017,Aug,8/16/2017,LK,OD,Western Sambo Deep,791,791-100-012,1,Juv,PAME,ANTI,33
2017,2017,Aug,8/16/2017,LK,OD,Western Sambo Deep,791,791-100-012,1,Juv,EUNI,EUNI,23
2017,2017,Aug,8/16/2017,LK,OD,Western Sambo Deep,791,791-100-047,0,NA,NA,NA,NA
2017,2017,Aug,8/24/2017,LK,OD,Western Sambo Deep,791,791-100-122,1,Juv,ANTI,ANTI,10
2017,2017,Aug,8/24/2017,LK,OD,Western Sambo Deep,791,791-100-122,1,Juv,ANTI,ANTI,8
2017,2017,Aug,8/24/2017,LK,OD,Western Sambo Deep,791,791-100-122,1,Juv,ANTI,ANTI,10
2017,2017,Aug,8/24/2017,LK,OD,Western Sambo Deep,791,791-100-122,1,Juv,ANTI,ANTI,12
2017,2017,Aug,8/24/2017,LK,OD,Western Sambo Deep,791,791-100-122,1,Juv,EUNI,EUNI,15
2017,2017,Aug,8/24/2017,LK,OD,Western Sambo Deep,791,791-100-122,1,Juv,EUNI,EUNI,26
2017,2017,Aug,8/24/2017,LK,OD,Western Sambo Deep,791,791-100-122,1,Juv,GVEN,GVEN,28
2017,2017,Aug,8/24/2017,LK,OD,Western Sambo Deep,791,791-100-122,1,Juv,UNKO,UNKO,6
2017,2017,Aug,8/22/2017,LK,OD,Western Sambo Deep,791,791-100-197,1,Juv,PAME,ANTI,27
2017,2017,Aug,8/22/2017,LK,OD,Western Sambo Deep,791,791-100-197,1,Juv,PAME,ANTI,39
2017,2017,Aug,8/22/2017,LK,OD,Western Sambo Deep,791,791-100-197,1,Juv,GVEN,GVEN,27
2017,2017,Aug,8/22/2017,LK,OD,Western Sambo Deep,791,791-100-197,1,Juv,GVEN,GVEN,21
2017,2017,Aug,8/22/2017,LK,OD,Western Sambo Deep,791,791-500-013,1,Juv,ANTI,ANTI,11
2017,2017,Aug,8/22/2017,LK,OD,Western Sambo Deep,791,791-500-013,1,Juv,GVEN,GVEN,9
2017,2017,Aug,8/22/2017,LK,OD,Western Sambo Deep,791,791-500-038,1,Juv,ANTI/GVEN,AG,20
2017,2017,Aug,8/22/2017,LK,OD,Western Sambo Deep,791,791-500-038,1,Juv,ANTI/GVEN,AG,15
2017,2017,Aug,8/22/2017,LK,OD,Western Sambo Deep,791,791-500-038,1,Juv,ANTI/GVEN,AG,10
2017,2017,Aug,8/22/2017,LK,OD,Western Sambo Deep,791,791-500-038,1,Juv,ANTI/GVEN,AG,12
2017,2017,Aug,8/22/2017,LK,OD,Western Sambo Deep,791,791-500-038,1,Juv,ANTI/GVEN,AG,6
2017,2017,Aug,8/22/2017,LK,OD,Western Sambo Deep,791,791-500-038,1,Juv,PAME,ANTI,34
2017,2017,Aug,8/22/2017,LK,OD,Western Sambo Deep,791,791-500-038,1,Juv,PAME,ANTI,26
2017,2017,Aug,8/22/2017,LK,OD,Western Sambo Deep,791,791-500-038,1,Juv,PAME,ANTI,37
2017,2017,Aug,8/22/2017,LK,OD,Western Sambo Deep,791,791-500-038,1,Juv,PAME,ANTI,16
2017,2017,Aug,8/22/2017,LK,OD,Western Sambo Deep,791,791-500-038,1,Juv,EUNI,EUNI,10
2017,2017,Aug,8/22/2017,LK,OD,Western Sambo Deep,791,791-500-038,1,Juv,EUNI,EUNI,17
2017,2017,Aug,8/22/2017,LK,OD,Western Sambo Deep,791,791-500-156,1,Juv,ANTI,ANTI,13
2017,2017,Aug,8/22/2017,LK,OD,Western Sambo Deep,791,791-500-156,1,Juv,ANTI,ANTI,7
2017,2017,Aug,8/22/2017,LK,OD,Western Sambo Deep,791,791-500-199,1,Juv,ANTI/GVEN,AG,14
2017,2017,Aug,8/22/2017,LK,OD,Western Sambo Deep,791,791-500-199,1,Juv,ANTI/GVEN,AG,21
2017,2017,Aug,8/22/2017,LK,OD,Western Sambo Deep,791,791-500-199,1,Juv,ANTI,ANTI,11
2017,2017,Aug,8/22/2017,LK,OD,Western Sambo Deep,791,791-500-199,1,Juv,PAME,ANTI,31
2017,2017,Aug,8/22/2017,LK,OD,Western Sambo Deep,791,791-500-199,1,Juv,EUNI,EUNI,10
2017,2017,Aug,8/22/2017,LK,OD,Western Sambo Deep,791,791-500-199,1,Juv,EUNI,EUNI,4
2017,2017,Aug,8/22/2017,LK,OD,Western Sambo Deep,791,791-500-199,1,Juv,GVEN,GVEN,28
2017,2017,Aug,8/22/2017,LK,OD,Western Sambo Deep,791,791-500-199,1,Juv,GVEN,GVEN,24
2017,2017,Aug,8/22/2017,LK,OD,Western Sambo Deep,792,792-100-028,1,Juv,PAME,ANTI,25
2017,2017,Aug,8/22/2017,LK,OD,Western Sambo Deep,792,792-100-028,1,Juv,PBIP,ANTI,21
2017,2017,Aug,8/22/2017,LK,OD,Western Sambo Deep,792,792-100-028,1,Juv,PBIP,ANTI,18
2017,2017,Aug,8/22/2017,LK,OD,Western Sambo Deep,792,792-100-028,1,Juv,EUNI,EUNI,12
2017,2017,Aug,8/24/2017,LK,OD,Western Sambo Deep,792,792-100-039,1,Juv,ANTI,ANTI,8
2017,2017,Aug,8/24/2017,LK,OD,Western Sambo Deep,792,792-100-039,1,Juv,PAME,ANTI,24
2017,2017,Aug,8/24/2017,LK,OD,Western Sambo Deep,792,792-100-039,1,Juv,EUNI,EUNI,32
2017,2017,Aug,8/24/2017,LK,OD,Western Sambo Deep,792,792-100-039,1,Juv,EUNI,EUNI,16
2017,2017,Aug,8/24/2017,LK,OD,Western Sambo Deep,792,792-100-039,1,Juv,GVEN,GVEN,17
2017,2017,Aug,8/24/2017,LK,OD,Western Sambo Deep,792,792-100-039,1,Juv,GVEN,GVEN,17
2017,2017,Aug,8/24/2017,LK,OD,Western Sambo Deep,792,792-100-039,1,Juv,UNKO,UNKO,4
2017,2017,Aug,8/24/2017,LK,OD,Western Sambo Deep,792,792-100-106,1,Juv,ANTI,ANTI,17
2017,2017,Aug,8/24/2017,LK,OD,Western Sambo Deep,792,792-100-106,1,Juv,ANTI,ANTI,8
2017,2017,Aug,8/24/2017,LK,OD,Western Sambo Deep,792,792-100-106,1,Juv,ANTI,ANTI,6
2017,2017,Aug,8/24/2017,LK,OD,Western Sambo Deep,792,792-100-106,1,Juv,PAME,ANTI,35
2017,2017,Aug,8/24/2017,LK,OD,Western Sambo Deep,792,792-100-106,1,Juv,PAME,ANTI,34
2017,2017,Aug,8/24/2017,LK,OD,Western Sambo Deep,792,792-100-106,1,Juv,EUNI,EUNI,27
2017,2017,Aug,8/24/2017,LK,OD,Western Sambo Deep,792,792-100-142,1,Juv,ANTI,ANTI,35
2017,2017,Aug,8/24/2017,LK,OD,Western Sambo Deep,792,792-100-142,1,Juv,EUNI,EUNI,19
2017,2017,Aug,8/24/2017,LK,OD,Western Sambo Deep,792,792-100-142,1,Juv,EUNI,EUNI,6
2017,2017,Aug,8/24/2017,LK,OD,Western Sambo Deep,792,792-100-142,1,Juv,UNKO,UNKO,10
2017,2017,Aug,8/24/2017,LK,OD,Western Sambo Deep,792,792-100-142,1,Juv,UNKO,UNKO,9
2017,2017,Aug,8/24/2017,LK,OD,Western Sambo Deep,792,792-500-051,1,Juv,ANTI,ANTI,29
2017,2017,Aug,8/24/2017,LK,OD,Western Sambo Deep,792,792-500-079,1,Juv,ANTI,ANTI,31
2017,2017,Aug,8/24/2017,LK,OD,Western Sambo Deep,792,792-500-079,1,Juv,EUNI,EUNI,10
2017,2017,Aug,8/24/2017,LK,OD,Western Sambo Deep,792,792-500-079,1,Juv,EUNI,EUNI,17
2017,2017,Aug,8/24/2017,LK,OD,Western Sambo Deep,792,792-500-079,1,Juv,UNKO,UNKO,2
2017,2017,Aug,8/24/2017,LK,OD,Western Sambo Deep,792,792-500-079,1,Juv,UNKO,UNKO,8
2017,2017,Aug,8/24/2017,LK,OD,Western Sambo Deep,792,792-500-079,1,Juv,UNKO,UNKO,6
2017,2017,Aug,8/24/2017,LK,OD,Western Sambo Deep,792,792-500-102,1,Juv,ANTI,ANTI,25
2017,2017,Aug,8/24/2017,LK,OD,Western Sambo Deep,792,792-500-102,1,Juv,ANTI,ANTI,11
2017,2017,Aug,8/24/2017,LK,OD,Western Sambo Deep,792,792-500-102,1,Juv,ANTI,ANTI,28
2017,2017,Aug,8/24/2017,LK,OD,Western Sambo Deep,792,792-500-102,1,Juv,ANTI,ANTI,7
2017,2017,Aug,8/24/2017,LK,OD,Western Sambo Deep,792,792-500-102,1,Juv,PAME,ANTI,25
2017,2017,Aug,8/24/2017,LK,OD,Western Sambo Deep,792,792-500-102,1,Juv,PAME,ANTI,28
2017,2017,Aug,8/24/2017,LK,OD,Western Sambo Deep,792,792-500-102,1,Juv,PAME,ANTI,35
2017,2017,Aug,8/24/2017,LK,OD,Western Sambo Deep,792,792-500-102,1,Juv,PAME,ANTI,20
2017,2017,Aug,8/24/2017,LK,OD,Western Sambo Deep,792,792-500-102,1,Juv,PBIP,ANTI,17
2017,2017,Aug,8/24/2017,LK,OD,Western Sambo Deep,792,792-500-102,1,Juv,PBIP,ANTI,15
2017,2017,Aug,8/24/2017,LK,OD,Western Sambo Deep,792,792-500-102,1,Juv,EUNI,EUNI,13
2017,2017,Aug,8/24/2017,LK,OD,Western Sambo Deep,792,792-500-102,1,Juv,EUNI,EUNI,8
2017,2017,Aug,8/24/2017,LK,OD,Western Sambo Deep,792,792-500-102,1,Juv,EUNI,EUNI,4
2017,2017,Aug,8/24/2017,LK,OD,Western Sambo Deep,792,792-500-102,1,Juv,EUNI,EUNI,4
2017,2017,Aug,8/24/2017,LK,OD,Western Sambo Deep,792,792-500-102,1,Juv,UNKO,UNKO,3
2017,2017,Aug,8/24/2017,LK,OD,Western Sambo Deep,792,792-500-190,1,Juv,ANTI,ANTI,33
2017,2017,Aug,8/24/2017,LK,OD,Western Sambo Deep,792,792-500-190,1,Juv,ANTI,ANTI,19
2017,2017,Aug,8/24/2017,LK,OD,Western Sambo Deep,792,792-500-190,1,Juv,EUNI,EUNI,12
2017,2017,Aug,8/24/2017,LK,OD,Western Sambo Deep,792,792-500-190,1,Juv,EUNI,EUNI,3
2017,2017,Aug,8/22/2017,LK,OD,Western Sambo Deep,793,793-100-019,1,Juv,ANTI,ANTI,15
2017,2017,Aug,8/22/2017,LK,OD,Western Sambo Deep,793,793-100-019,1,Juv,EUNI,EUNI,9
2017,2017,Aug,8/22/2017,LK,OD,Western Sambo Deep,793,793-100-019,1,Juv,EUNI,EUNI,15
2017,2017,Aug,8/22/2017,LK,OD,Western Sambo Deep,793,793-100-019,1,Juv,GVEN,GVEN,25
2017,2017,Aug,8/22/2017,LK,OD,Western Sambo Deep,793,793-100-048,1,Juv,ANTI,ANTI,18
2017,2017,Aug,8/22/2017,LK,OD,Western Sambo Deep,793,793-100-048,1,Juv,ANTI,ANTI,10
2017,2017,Aug,8/22/2017,LK,OD,Western Sambo Deep,793,793-100-048,1,Juv,ANTI,ANTI,10
2017,2017,Aug,8/22/2017,LK,OD,Western Sambo Deep,793,793-100-048,1,Juv,ANTI,ANTI,6
2017,2017,Aug,8/22/2017,LK,OD,Western Sambo Deep,793,793-100-048,1,Juv,PAME,ANTI,29
2017,2017,Aug,8/22/2017,LK,OD,Western Sambo Deep,793,793-100-048,1,Juv,EUNI,EUNI,36
2017,2017,Aug,8/22/2017,LK,OD,Western Sambo Deep,793,793-100-048,1,Juv,EUNI,EUNI,7
2017,2017,Aug,8/22/2017,LK,OD,Western Sambo Deep,793,793-100-048,1,Juv,GVEN,GVEN,39
2017,2017,Aug,8/22/2017,LK,OD,Western Sambo Deep,793,793-100-048,1,Juv,GVEN,GVEN,32
2017,2017,Aug,8/22/2017,LK,OD,Western Sambo Deep,793,793-100-048,1,Juv,GVEN,GVEN,32
2017,2017,Aug,8/22/2017,LK,OD,Western Sambo Deep,793,793-100-066,1,Juv,ANTI,ANTI,8
2017,2017,Aug,8/22/2017,LK,OD,Western Sambo Deep,793,793-100-066,1,Juv,GVEN,GVEN,21
2017,2017,Aug,8/22/2017,LK,OD,Western Sambo Deep,793,793-100-140,1,Juv,PAME,ANTI,25
2017,2017,Aug,8/22/2017,LK,OD,Western Sambo Deep,793,793-100-140,1,Juv,EUNI,EUNI,31
2017,2017,Aug,8/22/2017,LK,OD,Western Sambo Deep,793,793-100-140,1,Juv,GVEN,GVEN,19
2017,2017,Aug,8/22/2017,LK,OD,Western Sambo Deep,793,793-100-140,1,Juv,GVEN,GVEN,20
2017,2017,Aug,8/22/2017,LK,OD,Western Sambo Deep,793,793-100-140,1,Juv,GVEN,GVEN,28
2017,2017,Aug,8/22/2017,LK,OD,Western Sambo Deep,793,793-500-078,1,Juv,ANTI/GVEN,AG,19
2017,2017,Aug,8/22/2017,LK,OD,Western Sambo Deep,793,793-500-078,1,Juv,ANTI,ANTI,5
2017,2017,Aug,8/22/2017,LK,OD,Western Sambo Deep,793,793-500-078,1,Juv,ANTI,ANTI,11
2017,2017,Aug,8/22/2017,LK,OD,Western Sambo Deep,793,793-500-078,1,Juv,PAME,ANTI,12
2017,2017,Aug,8/22/2017,LK,OD,Western Sambo Deep,793,793-500-078,1,Juv,PAME,ANTI,10
2017,2017,Aug,8/22/2017,LK,OD,Western Sambo Deep,793,793-500-078,1,Juv,ECAL,EUNI,22
2017,2017,Aug,8/22/2017,LK,OD,Western Sambo Deep,793,793-500-078,1,Juv,EUNI,EUNI,10
2017,2017,Aug,8/22/2017,LK,OD,Western Sambo Deep,793,793-500-078,1,Juv,EUNI,EUNI,4
2017,2017,Aug,8/22/2017,LK,OD,Western Sambo Deep,793,793-500-078,1,Juv,EUNI,EUNI,6
2017,2017,Aug,8/22/2017,LK,OD,Western Sambo Deep,793,793-500-078,1,Juv,GVEN,GVEN,30
2017,2017,Aug,8/22/2017,LK,OD,Western Sambo Deep,793,793-500-078,1,Juv,GVEN,GVEN,23
2017,2017,Aug,8/22/2017,LK,OD,Western Sambo Deep,793,793-500-078,1,Juv,GVEN,GVEN,35
2017,2017,Aug,8/22/2017,LK,OD,Western Sambo Deep,793,793-500-078,1,Juv,GVEN,GVEN,22
2017,2017,Aug,8/22/2017,LK,OD,Western Sambo Deep,793,793-500-078,1,Juv,GVEN,GVEN,16
2017,2017,Aug,8/22/2017,LK,OD,Western Sambo Deep,793,793-500-078,1,Juv,UNKO,UNKO,8
2017,2017,Aug,8/22/2017,LK,OD,Western Sambo Deep,793,793-500-098,1,Juv,PAME,ANTI,28
2017,2017,Aug,8/22/2017,LK,OD,Western Sambo Deep,793,793-500-098,1,Juv,UNKO,UNKO,4
2017,2017,Aug,8/22/2017,LK,OD,Western Sambo Deep,793,793-500-172,1,Juv,ANTI/GVEN,AG,12
2017,2017,Aug,8/22/2017,LK,OD,Western Sambo Deep,793,793-500-172,1,Juv,ANTI/GVEN,AG,12
2017,2017,Aug,8/22/2017,LK,OD,Western Sambo Deep,793,793-500-172,1,Juv,ANTI/GVEN,AG,15
2017,2017,Aug,8/22/2017,LK,OD,Western Sambo Deep,793,793-500-172,1,Juv,ANTI/GVEN,AG,10
2017,2017,Aug,8/22/2017,LK,OD,Western Sambo Deep,793,793-500-172,1,Juv,PAME,ANTI,6
2017,2017,Aug,8/22/2017,LK,OD,Western Sambo Deep,793,793-500-172,1,Juv,GVEN,GVEN,23
2017,2017,Aug,8/22/2017,LK,OD,Western Sambo Deep,793,793-500-210,1,Juv,ANTI/GVEN,AG,9
2017,2017,Aug,8/22/2017,LK,OD,Western Sambo Deep,793,793-500-210,1,Juv,EUNI,EUNI,4
2017,2017,Aug,8/22/2017,LK,OD,Western Sambo Deep,793,793-500-210,1,Juv,GVEN,GVEN,25
2017,2017,Aug,8/22/2017,LK,OD,Western Sambo Deep,793,793-500-210,1,Juv,UNKO,UNKO,3
2017,2017,Aug,8/16/2017,LK,OD,Western Sambo Deep,794,794-100-008,1,Juv,PAME,ANTI,24
2017,2017,Aug,8/16/2017,LK,OD,Western Sambo Deep,794,794-100-008,1,Juv,PAME,ANTI,31
2017,2017,Aug,8/16/2017,LK,OD,Western Sambo Deep,794,794-100-008,1,Juv,EUNI,EUNI,12
2017,2017,Aug,8/16/2017,LK,OD,Western Sambo Deep,794,794-100-008,1,Juv,GVEN,GVEN,7
2017,2017,Aug,8/16/2017,LK,OD,Western Sambo Deep,794,794-100-008,1,Juv,GVEN,GVEN,11
2017,2017,Aug,8/16/2017,LK,OD,Western Sambo Deep,794,794-100-008,1,Juv,GVEN,GVEN,12
2017,2017,Aug,8/16/2017,LK,OD,Western Sambo Deep,794,794-100-061,1,Juv,PAME,ANTI,27
2017,2017,Aug,8/16/2017,LK,OD,Western Sambo Deep,794,794-100-061,1,Juv,PAME,ANTI,26
2017,2017,Aug,8/16/2017,LK,OD,Western Sambo Deep,794,794-100-061,1,Juv,PAME,ANTI,15
2017,2017,Aug,8/16/2017,LK,OD,Western Sambo Deep,794,794-100-061,1,Juv,EUNI,EUNI,3
2017,2017,Aug,8/16/2017,LK,OD,Western Sambo Deep,794,794-100-061,1,Juv,EUNI,EUNI,5
2017,2017,Aug,8/16/2017,LK,OD,Western Sambo Deep,794,794-100-061,1,Juv,EUNI,EUNI,3
2017,2017,Aug,8/22/2017,LK,OD,Western Sambo Deep,794,794-100-156,1,Juv,PAME,ANTI,22
2017,2017,Aug,8/22/2017,LK,OD,Western Sambo Deep,794,794-100-156,1,Juv,EUNI,EUNI,2
2017,2017,Aug,8/22/2017,LK,OD,Western Sambo Deep,794,794-100-156,1,Juv,EUNI,EUNI,2
2017,2017,Aug,8/22/2017,LK,OD,Western Sambo Deep,794,794-100-199,1,Juv,ANTI/GVEN,AG,14
2017,2017,Aug,8/22/2017,LK,OD,Western Sambo Deep,794,794-100-199,1,Juv,PAME,ANTI,38
2017,2017,Aug,8/22/2017,LK,OD,Western Sambo Deep,794,794-100-199,1,Juv,PAME,ANTI,13
2017,2017,Aug,8/22/2017,LK,OD,Western Sambo Deep,794,794-100-199,1,Juv,PAME,ANTI,18
2017,2017,Aug,8/22/2017,LK,OD,Western Sambo Deep,794,794-100-199,1,Juv,EUNI,EUNI,5
2017,2017,Aug,8/22/2017,LK,OD,Western Sambo Deep,794,794-100-199,1,Juv,EUNI,EUNI,2
2017,2017,Aug,8/22/2017,LK,OD,Western Sambo Deep,794,794-100-199,1,Juv,GVEN,GVEN,17
2017,2017,Aug,8/22/2017,LK,OD,Western Sambo Deep,794,794-100-199,1,Juv,GVEN,GVEN,22
2017,2017,Aug,8/22/2017,LK,OD,Western Sambo Deep,794,794-100-199,1,Juv,GVEN,GVEN,23
2017,2017,Aug,8/22/2017,LK,OD,Western Sambo Deep,794,794-500-058,1,Juv,ANTI/GVEN,AG,3
2017,2017,Aug,8/22/2017,LK,OD,Western Sambo Deep,794,794-500-058,1,Juv,ANTI/GVEN,AG,5
2017,2017,Aug,8/22/2017,LK,OD,Western Sambo Deep,794,794-500-058,1,Juv,PAME,ANTI,15
2017,2017,Aug,8/22/2017,LK,OD,Western Sambo Deep,794,794-500-058,1,Juv,GVEN,GVEN,33
2017,2017,Aug,8/22/2017,LK,OD,Western Sambo Deep,794,794-500-122,1,Juv,PAME,ANTI,19
2017,2017,Aug,8/22/2017,LK,OD,Western Sambo Deep,794,794-500-122,1,Juv,GVEN,GVEN,24
2017,2017,Aug,8/22/2017,LK,OD,Western Sambo Deep,794,794-500-122,1,Juv,GVEN,GVEN,31
2017,2017,Aug,8/22/2017,LK,OD,Western Sambo Deep,794,794-500-136,1,Juv,EUNI,EUNI,24
2017,2017,Aug,8/22/2017,LK,OD,Western Sambo Deep,794,794-500-136,1,Juv,EUNI,EUNI,28
2017,2017,Aug,8/22/2017,LK,OD,Western Sambo Deep,794,794-500-199,1,Juv,PAME,ANTI,30
2017,2017,Aug,8/22/2017,LK,OD,Western Sambo Deep,794,794-500-199,1,Juv,EUNI,EUNI,14
2017,2017,Aug,8/19/2017,LK,OD,Sand Key Deep,811,811-100-019,1,Juv,ANTI,ANTI,3
2017,2017,Aug,8/19/2017,LK,OD,Sand Key Deep,811,811-100-019,1,Juv,ANTI,ANTI,2
2017,2017,Aug,8/19/2017,LK,OD,Sand Key Deep,811,811-100-019,1,Juv,PAME,ANTI,16
2017,2017,Aug,8/19/2017,LK,OD,Sand Key Deep,811,811-100-019,1,Juv,EUNI,EUNI,4
2017,2017,Aug,8/19/2017,LK,OD,Sand Key Deep,811,811-100-019,1,Juv,EUNI,EUNI,4
2017,2017,Aug,8/19/2017,LK,OD,Sand Key Deep,811,811-100-019,1,Juv,GVEN,GVEN,22
2017,2017,Aug,8/19/2017,LK,OD,Sand Key Deep,811,811-100-019,1,Juv,GVEN,GVEN,26
2017,2017,Aug,8/19/2017,LK,OD,Sand Key Deep,811,811-100-103,1,Juv,ANTI/GVEN,AG,36
2017,2017,Aug,8/19/2017,LK,OD,Sand Key Deep,811,811-100-103,1,Juv,ANTI,ANTI,7
2017,2017,Aug,8/19/2017,LK,OD,Sand Key Deep,811,811-100-103,1,Juv,ANTI,ANTI,1
2017,2017,Aug,8/19/2017,LK,OD,Sand Key Deep,811,811-100-103,1,Juv,ANTI,ANTI,12
2017,2017,Aug,8/19/2017,LK,OD,Sand Key Deep,811,811-100-103,1,Juv,ANTI,ANTI,4
2017,2017,Aug,8/19/2017,LK,OD,Sand Key Deep,811,811-100-103,1,Juv,PAME,ANTI,32
2017,2017,Aug,8/19/2017,LK,OD,Sand Key Deep,811,811-100-103,1,Juv,PAME,ANTI,27
2017,2017,Aug,8/19/2017,LK,OD,Sand Key Deep,811,811-100-103,1,Juv,PAME,ANTI,35
2017,2017,Aug,8/19/2017,LK,OD,Sand Key Deep,811,811-100-103,1,Juv,PAME,ANTI,32
2017,2017,Aug,8/19/2017,LK,OD,Sand Key Deep,811,811-100-103,1,Juv,EUNI,EUNI,25
2017,2017,Aug,8/19/2017,LK,OD,Sand Key Deep,811,811-100-103,1,Juv,EUNI,EUNI,8
2017,2017,Aug,8/19/2017,LK,OD,Sand Key Deep,811,811-100-103,1,Juv,EUNI,EUNI,4
2017,2017,Aug,8/19/2017,LK,OD,Sand Key Deep,811,811-100-103,1,Juv,EUNI,EUNI,2
2017,2017,Aug,8/19/2017,LK,OD,Sand Key Deep,811,811-100-103,1,Juv,EUNI,EUNI,4
2017,2017,Aug,8/19/2017,LK,OD,Sand Key Deep,811,811-100-103,1,Juv,EUNI,EUNI,6
2017,2017,Aug,8/19/2017,LK,OD,Sand Key Deep,811,811-100-103,1,Juv,GVEN,GVEN,31
2017,2017,Aug,8/19/2017,LK,OD,Sand Key Deep,811,811-100-103,1,Juv,GVEN,GVEN,37
2017,2017,Aug,8/19/2017,LK,OD,Sand Key Deep,811,811-100-103,1,Juv,GVEN,GVEN,25
2017,2017,Aug,8/19/2017,LK,OD,Sand Key Deep,811,811-100-103,1,Juv,GVEN,GVEN,28
2017,2017,Aug,8/19/2017,LK,OD,Sand Key Deep,811,811-100-119,1,Juv,ANTI/GVEN,AG,26
2017,2017,Aug,8/19/2017,LK,OD,Sand Key Deep,811,811-100-119,1,Juv,ANTI/GVEN,AG,15
2017,2017,Aug,8/19/2017,LK,OD,Sand Key Deep,811,811-100-119,1,Juv,PAME,ANTI,28
2017,2017,Aug,8/19/2017,LK,OD,Sand Key Deep,811,811-100-119,1,Juv,PAME,ANTI,13
2017,2017,Aug,8/19/2017,LK,OD,Sand Key Deep,811,811-100-119,1,Juv,PAME,ANTI,6
2017,2017,Aug,8/19/2017,LK,OD,Sand Key Deep,811,811-100-119,1,Juv,EUNI,EUNI,31
2017,2017,Aug,8/19/2017,LK,OD,Sand Key Deep,811,811-100-119,1,Juv,EUNI,EUNI,39
2017,2017,Aug,8/19/2017,LK,OD,Sand Key Deep,811,811-100-119,1,Juv,EUNI,EUNI,7
2017,2017,Aug,8/19/2017,LK,OD,Sand Key Deep,811,811-100-119,1,Juv,EUNI,EUNI,8
2017,2017,Aug,8/19/2017,LK,OD,Sand Key Deep,811,811-100-119,1,Juv,EUNI,EUNI,6
2017,2017,Aug,8/19/2017,LK,OD,Sand Key Deep,811,811-100-119,1,Juv,EUNI,EUNI,4
2017,2017,Aug,8/19/2017,LK,OD,Sand Key Deep,811,811-100-119,1,Juv,EUNI,EUNI,9
2017,2017,Aug,8/19/2017,LK,OD,Sand Key Deep,811,811-100-119,1,Juv,EUNI,EUNI,8
2017,2017,Aug,8/19/2017,LK,OD,Sand Key Deep,811,811-100-119,1,Juv,PFLE,EUNI,35
2017,2017,Aug,8/19/2017,LK,OD,Sand Key Deep,811,811-100-119,1,Juv,PFLE,EUNI,13
2017,2017,Aug,8/19/2017,LK,OD,Sand Key Deep,811,811-100-119,1,Juv,GVEN,GVEN,22
2017,2017,Aug,8/19/2017,LK,OD,Sand Key Deep,811,811-100-119,1,Juv,GVEN,GVEN,20
2017,2017,Aug,8/19/2017,LK,OD,Sand Key Deep,811,811-100-119,1,Juv,GVEN,GVEN,28
2017,2017,Aug,8/19/2017,LK,OD,Sand Key Deep,811,811-100-119,1,Juv,GVEN,GVEN,32
2017,2017,Aug,8/19/2017,LK,OD,Sand Key Deep,811,811-100-197,1,Juv,ANTI,ANTI,17
2017,2017,Aug,8/19/2017,LK,OD,Sand Key Deep,811,811-100-197,1,Juv,EUNI,EUNI,8
2017,2017,Aug,8/19/2017,LK,OD,Sand Key Deep,811,811-100-197,1,Juv,GVEN,GVEN,25
2017,2017,Aug,8/19/2017,LK,OD,Sand Key Deep,811,811-100-197,1,Juv,GVEN,GVEN,25
2017,2017,Aug,8/19/2017,LK,OD,Sand Key Deep,811,811-500-074,1,Juv,ANTI,ANTI,31
2017,2017,Aug,8/19/2017,LK,OD,Sand Key Deep,811,811-500-074,1,Juv,ANTI,ANTI,16
2017,2017,Aug,8/19/2017,LK,OD,Sand Key Deep,811,811-500-074,1,Juv,ANTI,ANTI,3
2017,2017,Aug,8/19/2017,LK,OD,Sand Key Deep,811,811-500-074,1,Juv,ANTI,ANTI,10
2017,2017,Aug,8/19/2017,LK,OD,Sand Key Deep,811,811-500-074,1,Juv,ANTI,ANTI,8
2017,2017,Aug,8/19/2017,LK,OD,Sand Key Deep,811,811-500-074,1,Juv,PAME,ANTI,12
2017,2017,Aug,8/19/2017,LK,OD,Sand Key Deep,811,811-500-074,1,Juv,PAME,ANTI,37
2017,2017,Aug,8/19/2017,LK,OD,Sand Key Deep,811,811-500-074,1,Juv,EUNI,EUNI,25
2017,2017,Aug,8/19/2017,LK,OD,Sand Key Deep,811,811-500-074,1,Juv,EUNI,EUNI,7
2017,2017,Aug,8/19/2017,LK,OD,Sand Key Deep,811,811-500-074,1,Juv,EUNI,EUNI,9
2017,2017,Aug,8/19/2017,LK,OD,Sand Key Deep,811,811-500-074,1,Juv,EUNI,EUNI,11
2017,2017,Aug,8/19/2017,LK,OD,Sand Key Deep,811,811-500-074,1,Juv,EUNI,EUNI,5
2017,2017,Aug,8/19/2017,LK,OD,Sand Key Deep,811,811-500-074,1,Juv,EUNI,EUNI,21
2017,2017,Aug,8/19/2017,LK,OD,Sand Key Deep,811,811-500-074,1,Juv,GVEN,GVEN,39
2017,2017,Aug,8/19/2017,LK,OD,Sand Key Deep,811,811-500-074,1,Juv,GVEN,GVEN,27
2017,2017,Aug,8/19/2017,LK,OD,Sand Key Deep,811,811-500-114,1,Juv,ANTI,ANTI,20
2017,2017,Aug,8/19/2017,LK,OD,Sand Key Deep,811,811-500-114,1,Juv,ANTI,ANTI,9
2017,2017,Aug,8/19/2017,LK,OD,Sand Key Deep,811,811-500-114,1,Juv,PAME,ANTI,24
2017,2017,Aug,8/19/2017,LK,OD,Sand Key Deep,811,811-500-114,1,Juv,PAME,ANTI,31
2017,2017,Aug,8/19/2017,LK,OD,Sand Key Deep,811,811-500-114,1,Juv,EUNI,EUNI,24
2017,2017,Aug,8/19/2017,LK,OD,Sand Key Deep,811,811-500-114,1,Juv,EUNI,EUNI,15
2017,2017,Aug,8/19/2017,LK,OD,Sand Key Deep,811,811-500-114,1,Juv,GVEN,GVEN,36
2017,2017,Aug,8/19/2017,LK,OD,Sand Key Deep,811,811-500-155,1,Juv,ANTI,ANTI,9
2017,2017,Aug,8/19/2017,LK,OD,Sand Key Deep,811,811-500-155,1,Juv,ANTI,ANTI,5
2017,2017,Aug,8/19/2017,LK,OD,Sand Key Deep,811,811-500-155,1,Juv,ANTI,ANTI,4
2017,2017,Aug,8/19/2017,LK,OD,Sand Key Deep,811,811-500-155,1,Juv,PAME,ANTI,8
2017,2017,Aug,8/19/2017,LK,OD,Sand Key Deep,811,811-500-155,1,Juv,PAME,ANTI,33
2017,2017,Aug,8/19/2017,LK,OD,Sand Key Deep,811,811-500-155,1,Juv,PAME,ANTI,23
2017,2017,Aug,8/19/2017,LK,OD,Sand Key Deep,811,811-500-155,1,Juv,EUNI,EUNI,9
2017,2017,Aug,8/19/2017,LK,OD,Sand Key Deep,811,811-500-155,1,Juv,EUNI,EUNI,4
2017,2017,Aug,8/19/2017,LK,OD,Sand Key Deep,811,811-500-155,1,Juv,EUNI,EUNI,18
2017,2017,Aug,8/19/2017,LK,OD,Sand Key Deep,811,811-500-155,1,Juv,EUNI,EUNI,13
2017,2017,Aug,8/19/2017,LK,OD,Sand Key Deep,811,811-500-155,1,Juv,EUNI,EUNI,5
2017,2017,Aug,8/19/2017,LK,OD,Sand Key Deep,811,811-500-155,1,Juv,EUNI,EUNI,23
2017,2017,Aug,8/19/2017,LK,OD,Sand Key Deep,811,811-500-155,1,Juv,EUNI,EUNI,8
2017,2017,Aug,8/19/2017,LK,OD,Sand Key Deep,811,811-500-155,1,Juv,EUNI,EUNI,9
2017,2017,Aug,8/19/2017,LK,OD,Sand Key Deep,811,811-500-155,1,Juv,EUNI,EUNI,8
2017,2017,Aug,8/19/2017,LK,OD,Sand Key Deep,811,811-500-155,1,Juv,EUNI,EUNI,32
2017,2017,Aug,8/19/2017,LK,OD,Sand Key Deep,811,811-500-155,1,Juv,EUNI,EUNI,7
2017,2017,Aug,8/19/2017,LK,OD,Sand Key Deep,811,811-500-155,1,Juv,GVEN,GVEN,34
2017,2017,Aug,8/19/2017,LK,OD,Sand Key Deep,811,811-500-197,1,Juv,ANTI/GVEN,AG,27
2017,2017,Aug,8/19/2017,LK,OD,Sand Key Deep,811,811-500-197,1,Juv,ANTI/GVEN,AG,27
2017,2017,Aug,8/19/2017,LK,OD,Sand Key Deep,811,811-500-197,1,Juv,ANTI,ANTI,12
2017,2017,Aug,8/19/2017,LK,OD,Sand Key Deep,811,811-500-197,1,Juv,ANTI,ANTI,6
2017,2017,Aug,8/19/2017,LK,OD,Sand Key Deep,811,811-500-197,1,Juv,PAME,ANTI,26
2017,2017,Aug,8/19/2017,LK,OD,Sand Key Deep,811,811-500-197,1,Juv,EUNI,EUNI,5
2017,2017,Aug,8/19/2017,LK,OD,Sand Key Deep,811,811-500-197,1,Juv,EUNI,EUNI,17
2017,2017,Aug,8/19/2017,LK,OD,Sand Key Deep,811,811-500-197,1,Juv,EUNI,EUNI,22
2017,2017,Aug,8/19/2017,LK,OD,Sand Key Deep,811,811-500-197,1,Juv,EUNI,EUNI,7
2017,2017,Aug,8/19/2017,LK,OD,Sand Key Deep,811,811-500-197,1,Juv,EUNI,EUNI,5
2017,2017,Aug,8/19/2017,LK,OD,Sand Key Deep,811,811-500-197,1,Juv,EUNI,EUNI,31
2017,2017,Aug,8/19/2017,LK,OD,Sand Key Deep,811,811-500-197,1,Juv,EUNI,EUNI,2
2017,2017,Aug,8/19/2017,LK,OD,Sand Key Deep,811,811-500-197,1,Juv,EUNI,EUNI,19
2017,2017,Aug,8/19/2017,LK,OD,Sand Key Deep,811,811-500-197,1,Juv,GVEN,GVEN,30
2017,2017,Aug,8/19/2017,LK,OD,Sand Key Deep,812,812-100-018,1,Juv,ANTI,ANTI,7
2017,2017,Aug,8/19/2017,LK,OD,Sand Key Deep,812,812-100-018,1,Juv,ANTI,ANTI,8
2017,2017,Aug,8/19/2017,LK,OD,Sand Key Deep,812,812-100-018,1,Juv,PAME,ANTI,22
2017,2017,Aug,8/19/2017,LK,OD,Sand Key Deep,812,812-100-018,1,Juv,PAME,ANTI,26
2017,2017,Aug,8/19/2017,LK,OD,Sand Key Deep,812,812-100-018,1,Juv,PAME,ANTI,16
2017,2017,Aug,8/19/2017,LK,OD,Sand Key Deep,812,812-100-018,1,Juv,PAME,ANTI,5
2017,2017,Aug,8/19/2017,LK,OD,Sand Key Deep,812,812-100-018,1,Juv,PAME,ANTI,16
2017,2017,Aug,8/19/2017,LK,OD,Sand Key Deep,812,812-100-018,1,Juv,PAME,ANTI,27
2017,2017,Aug,8/19/2017,LK,OD,Sand Key Deep,812,812-100-018,1,Juv,PAME,ANTI,10
2017,2017,Aug,8/19/2017,LK,OD,Sand Key Deep,812,812-100-018,1,Juv,PAME,ANTI,17
2017,2017,Aug,8/19/2017,LK,OD,Sand Key Deep,812,812-100-018,1,Juv,PAME,ANTI,12
2017,2017,Aug,8/19/2017,LK,OD,Sand Key Deep,812,812-100-018,1,Juv,PAME,ANTI,14
2017,2017,Aug,8/19/2017,LK,OD,Sand Key Deep,812,812-100-018,1,Juv,EUNI,EUNI,8
2017,2017,Aug,8/19/2017,LK,OD,Sand Key Deep,812,812-100-018,1,Juv,EUNI,EUNI,11
2017,2017,Aug,8/19/2017,LK,OD,Sand Key Deep,812,812-100-018,1,Juv,EUNI,EUNI,5
2017,2017,Aug,8/19/2017,LK,OD,Sand Key Deep,812,812-100-018,1,Juv,EUNI,EUNI,10
2017,2017,Aug,8/19/2017,LK,OD,Sand Key Deep,812,812-100-018,1,Juv,EUNI,EUNI,10
2017,2017,Aug,8/19/2017,LK,OD,Sand Key Deep,812,812-100-018,1,Juv,EUNI,EUNI,13
2017,2017,Aug,8/19/2017,LK,OD,Sand Key Deep,812,812-100-018,1,Juv,EUNI,EUNI,4
2017,2017,Aug,8/19/2017,LK,OD,Sand Key Deep,812,812-100-018,1,Juv,EUNI,EUNI,10
2017,2017,Aug,8/19/2017,LK,OD,Sand Key Deep,812,812-100-018,1,Juv,EUNI,EUNI,6
2017,2017,Aug,8/19/2017,LK,OD,Sand Key Deep,812,812-100-018,1,Juv,EUNI,EUNI,7
2017,2017,Aug,8/19/2017,LK,OD,Sand Key Deep,812,812-100-018,1,Juv,GVEN,GVEN,29
2017,2017,Aug,8/19/2017,LK,OD,Sand Key Deep,812,812-100-018,1,Juv,GVEN,GVEN,20
2017,2017,Aug,8/19/2017,LK,OD,Sand Key Deep,812,812-100-018,1,Juv,GVEN,GVEN,29
2017,2017,Aug,8/19/2017,LK,OD,Sand Key Deep,812,812-100-018,1,Juv,GVEN,GVEN,14
2017,2017,Aug,8/19/2017,LK,OD,Sand Key Deep,812,812-100-018,1,Juv,GVEN,GVEN,33
2017,2017,Aug,8/19/2017,LK,OD,Sand Key Deep,812,812-100-018,1,Juv,UNKO,UNKO,5
2017,2017,Aug,8/19/2017,LK,OD,Sand Key Deep,812,812-100-018,1,Juv,UNKO,UNKO,5
2017,2017,Aug,8/19/2017,LK,OD,Sand Key Deep,812,812-100-018,1,Juv,UNKO,UNKO,3
2017,2017,Aug,8/19/2017,LK,OD,Sand Key Deep,812,812-100-041,1,Juv,ANTI,ANTI,5
2017,2017,Aug,8/19/2017,LK,OD,Sand Key Deep,812,812-100-041,1,Juv,ANTI,ANTI,15
2017,2017,Aug,8/19/2017,LK,OD,Sand Key Deep,812,812-100-041,1,Juv,PAME,ANTI,25
2017,2017,Aug,8/19/2017,LK,OD,Sand Key Deep,812,812-100-041,1,Juv,PAME,ANTI,13
2017,2017,Aug,8/19/2017,LK,OD,Sand Key Deep,812,812-100-041,1,Juv,PAME,ANTI,22
2017,2017,Aug,8/19/2017,LK,OD,Sand Key Deep,812,812-100-041,1,Juv,EUNI,EUNI,7
2017,2017,Aug,8/19/2017,LK,OD,Sand Key Deep,812,812-100-041,1,Juv,EUNI,EUNI,15
2017,2017,Aug,8/19/2017,LK,OD,Sand Key Deep,812,812-100-041,1,Juv,EUNI,EUNI,5
2017,2017,Aug,8/19/2017,LK,OD,Sand Key Deep,812,812-100-041,1,Juv,EUNI,EUNI,5
2017,2017,Aug,8/19/2017,LK,OD,Sand Key Deep,812,812-100-041,1,Juv,EUNI,EUNI,5
2017,2017,Aug,8/19/2017,LK,OD,Sand Key Deep,812,812-100-041,1,Juv,GVEN,GVEN,12
2017,2017,Aug,8/19/2017,LK,OD,Sand Key Deep,812,812-100-041,1,Juv,GVEN,GVEN,12
2017,2017,Aug,8/19/2017,LK,OD,Sand Key Deep,812,812-100-041,1,Juv,GVEN,GVEN,28
2017,2017,Aug,8/19/2017,LK,OD,Sand Key Deep,812,812-100-112,1,Juv,ANTI,ANTI,35
2017,2017,Aug,8/19/2017,LK,OD,Sand Key Deep,812,812-100-112,1,Juv,ANTI,ANTI,36
2017,2017,Aug,8/19/2017,LK,OD,Sand Key Deep,812,812-100-112,1,Juv,ANTI,ANTI,18
2017,2017,Aug,8/19/2017,LK,OD,Sand Key Deep,812,812-100-112,1,Juv,ANTI,ANTI,39
2017,2017,Aug,8/19/2017,LK,OD,Sand Key Deep,812,812-100-112,1,Juv,ANTI,ANTI,13
2017,2017,Aug,8/19/2017,LK,OD,Sand Key Deep,812,812-100-112,1,Juv,PAME,ANTI,6
2017,2017,Aug,8/19/2017,LK,OD,Sand Key Deep,812,812-100-112,1,Juv,PAME,ANTI,10
2017,2017,Aug,8/19/2017,LK,OD,Sand Key Deep,812,812-100-112,1,Juv,PAME,ANTI,12
2017,2017,Aug,8/19/2017,LK,OD,Sand Key Deep,812,812-100-112,1,Juv,PAME,ANTI,18
2017,2017,Aug,8/19/2017,LK,OD,Sand Key Deep,812,812-100-112,1,Juv,EUNI,EUNI,9
2017,2017,Aug,8/19/2017,LK,OD,Sand Key Deep,812,812-100-112,1,Juv,EUNI,EUNI,10
2017,2017,Aug,8/19/2017,LK,OD,Sand Key Deep,812,812-100-112,1,Juv,EUNI,EUNI,7
2017,2017,Aug,8/19/2017,LK,OD,Sand Key Deep,812,812-100-112,1,Juv,EUNI,EUNI,13
2017,2017,Aug,8/19/2017,LK,OD,Sand Key Deep,812,812-100-112,1,Juv,EUNI,EUNI,9
2017,2017,Aug,8/19/2017,LK,OD,Sand Key Deep,812,812-100-112,1,Juv,EUNI,EUNI,8
2017,2017,Aug,8/19/2017,LK,OD,Sand Key Deep,812,812-100-112,1,Juv,GVEN,GVEN,25
2017,2017,Aug,8/19/2017,LK,OD,Sand Key Deep,812,812-100-112,1,Juv,GVEN,GVEN,12
2017,2017,Aug,8/19/2017,LK,OD,Sand Key Deep,812,812-100-112,1,Juv,GVEN,GVEN,25
2017,2017,Aug,8/19/2017,LK,OD,Sand Key Deep,812,812-100-112,1,Juv,GVEN,GVEN,23
2017,2017,Aug,8/19/2017,LK,OD,Sand Key Deep,812,812-100-112,1,Juv,GVEN,GVEN,17
2017,2017,Aug,8/19/2017,LK,OD,Sand Key Deep,812,812-100-112,1,Juv,GVEN,GVEN,18
2017,2017,Aug,8/19/2017,LK,OD,Sand Key Deep,812,812-100-112,1,Juv,GVEN,GVEN,16
2017,2017,Aug,8/19/2017,LK,OD,Sand Key Deep,812,812-100-112,1,Juv,GVEN,GVEN,15
2017,2017,Aug,8/19/2017,LK,OD,Sand Key Deep,812,812-100-112,1,Juv,PLEX,PLEX,6
2017,2017,Aug,8/19/2017,LK,OD,Sand Key Deep,812,812-100-112,1,Juv,PSEU,PSEU,34
2017,2017,Aug,8/19/2017,LK,OD,Sand Key Deep,812,812-100-112,1,Juv,UNKO,UNKO,5
2017,2017,Aug,8/19/2017,LK,OD,Sand Key Deep,812,812-100-112,1,Juv,UNKO,UNKO,4
2017,2017,Aug,8/19/2017,LK,OD,Sand Key Deep,812,812-100-112,1,Juv,UNKO,UNKO,4
2017,2017,Aug,8/19/2017,LK,OD,Sand Key Deep,812,812-100-112,1,Juv,UNKO,UNKO,3
2017,2017,Aug,8/19/2017,LK,OD,Sand Key Deep,812,812-100-168,1,Juv,ANTI/GVEN,AG,5
2017,2017,Aug,8/19/2017,LK,OD,Sand Key Deep,812,812-100-168,1,Juv,EUNI,EUNI,5
2017,2017,Aug,8/19/2017,LK,OD,Sand Key Deep,812,812-100-168,1,Juv,PFLE,EUNI,9
2017,2017,Aug,8/19/2017,LK,OD,Sand Key Deep,812,812-100-168,1,Juv,GVEN,GVEN,37
2017,2017,Aug,8/19/2017,LK,OD,Sand Key Deep,812,812-100-168,1,Juv,GVEN,GVEN,11
2017,2017,Aug,8/19/2017,LK,OD,Sand Key Deep,812,812-100-168,1,Juv,UNKO,UNKO,5
2017,2017,Aug,8/19/2017,LK,OD,Sand Key Deep,812,812-100-168,1,Juv,UNKO,UNKO,2
2017,2017,Aug,8/19/2017,LK,OD,Sand Key Deep,812,812-500-029,1,Juv,ANTI/GVEN,AG,23
2017,2017,Aug,8/19/2017,LK,OD,Sand Key Deep,812,812-500-029,1,Juv,ANTI/GVEN,AG,18
2017,2017,Aug,8/19/2017,LK,OD,Sand Key Deep,812,812-500-029,1,Juv,ANTI,ANTI,15
2017,2017,Aug,8/19/2017,LK,OD,Sand Key Deep,812,812-500-029,1,Juv,ANTI,ANTI,6
2017,2017,Aug,8/19/2017,LK,OD,Sand Key Deep,812,812-500-029,1,Juv,PAME,ANTI,15
2017,2017,Aug,8/19/2017,LK,OD,Sand Key Deep,812,812-500-029,1,Juv,PAME,ANTI,32
2017,2017,Aug,8/19/2017,LK,OD,Sand Key Deep,812,812-500-029,1,Juv,PAME,ANTI,14
2017,2017,Aug,8/19/2017,LK,OD,Sand Key Deep,812,812-500-029,1,Juv,PAME,ANTI,25
2017,2017,Aug,8/19/2017,LK,OD,Sand Key Deep,812,812-500-029,1,Juv,PAME,ANTI,39
2017,2017,Aug,8/19/2017,LK,OD,Sand Key Deep,812,812-500-029,1,Juv,EUNI,EUNI,12
2017,2017,Aug,8/19/2017,LK,OD,Sand Key Deep,812,812-500-029,1,Juv,EUNI,EUNI,9
2017,2017,Aug,8/19/2017,LK,OD,Sand Key Deep,812,812-500-029,1,Juv,EUNI,EUNI,5
2017,2017,Aug,8/19/2017,LK,OD,Sand Key Deep,812,812-500-029,1,Juv,EUNI,EUNI,11
2017,2017,Aug,8/19/2017,LK,OD,Sand Key Deep,812,812-500-029,1,Juv,PFLE,EUNI,25
2017,2017,Aug,8/19/2017,LK,OD,Sand Key Deep,812,812-500-029,1,Juv,GVEN,GVEN,31
2017,2017,Aug,8/19/2017,LK,OD,Sand Key Deep,812,812-500-029,1,Juv,GVEN,GVEN,15
2017,2017,Aug,8/19/2017,LK,OD,Sand Key Deep,812,812-500-029,1,Juv,GVEN,GVEN,35
2017,2017,Aug,8/19/2017,LK,OD,Sand Key Deep,812,812-500-029,1,Juv,GVEN,GVEN,33
2017,2017,Aug,8/19/2017,LK,OD,Sand Key Deep,812,812-500-132,1,Juv,ANTI,ANTI,17
2017,2017,Aug,8/19/2017,LK,OD,Sand Key Deep,812,812-500-132,1,Juv,EUNI,EUNI,8
2017,2017,Aug,8/19/2017,LK,OD,Sand Key Deep,812,812-500-132,1,Juv,EUNI,EUNI,10
2017,2017,Aug,8/19/2017,LK,OD,Sand Key Deep,812,812-500-132,1,Juv,EUNI,EUNI,5
2017,2017,Aug,8/19/2017,LK,OD,Sand Key Deep,812,812-500-132,1,Juv,EUNI,EUNI,5
2017,2017,Aug,8/19/2017,LK,OD,Sand Key Deep,812,812-500-132,1,Juv,PFLE,EUNI,18
2017,2017,Aug,8/19/2017,LK,OD,Sand Key Deep,812,812-500-132,1,Juv,GVEN,GVEN,27
2017,2017,Aug,8/19/2017,LK,OD,Sand Key Deep,812,812-500-132,1,Juv,GVEN,GVEN,30
2017,2017,Aug,8/19/2017,LK,OD,Sand Key Deep,812,812-500-132,1,Juv,GVEN,GVEN,38
2017,2017,Aug,8/19/2017,LK,OD,Sand Key Deep,812,812-500-132,1,Juv,GVEN,GVEN,18
2017,2017,Aug,8/19/2017,LK,OD,Sand Key Deep,812,812-500-132,1,Juv,GVEN,GVEN,29
2017,2017,Aug,8/19/2017,LK,OD,Sand Key Deep,812,812-500-132,1,Juv,GVEN,GVEN,35
2017,2017,Aug,8/19/2017,LK,OD,Sand Key Deep,812,812-500-132,1,Juv,MURI,MURI,11
2017,2017,Aug,8/19/2017,LK,OD,Sand Key Deep,812,812-500-132,1,Juv,UNKO,UNKO,4
2017,2017,Aug,8/19/2017,LK,OD,Sand Key Deep,812,812-500-132,1,Juv,UNKO,UNKO,5
2017,2017,Aug,8/19/2017,LK,OD,Sand Key Deep,812,812-500-180,1,Juv,ANTI/GVEN,AG,20
2017,2017,Aug,8/19/2017,LK,OD,Sand Key Deep,812,812-500-180,1,Juv,ANTI,ANTI,27
2017,2017,Aug,8/19/2017,LK,OD,Sand Key Deep,812,812-500-180,1,Juv,ANTI,ANTI,6
2017,2017,Aug,8/19/2017,LK,OD,Sand Key Deep,812,812-500-180,1,Juv,ANTI,ANTI,39
2017,2017,Aug,8/19/2017,LK,OD,Sand Key Deep,812,812-500-180,1,Juv,ANTI,ANTI,19
2017,2017,Aug,8/19/2017,LK,OD,Sand Key Deep,812,812-500-180,1,Juv,PAME,ANTI,35
2017,2017,Aug,8/19/2017,LK,OD,Sand Key Deep,812,812-500-180,1,Juv,PAME,ANTI,27
2017,2017,Aug,8/19/2017,LK,OD,Sand Key Deep,812,812-500-180,1,Juv,EUNI,EUNI,5
2017,2017,Aug,8/19/2017,LK,OD,Sand Key Deep,812,812-500-180,1,Juv,EUNI,EUNI,12
2017,2017,Aug,8/19/2017,LK,OD,Sand Key Deep,812,812-500-180,1,Juv,GVEN,GVEN,30
2017,2017,Aug,8/19/2017,LK,OD,Sand Key Deep,812,812-500-180,1,Juv,GVEN,GVEN,17
2017,2017,Aug,8/19/2017,LK,OD,Sand Key Deep,812,812-500-180,1,Juv,GVEN,GVEN,27
2017,2017,Aug,8/19/2017,LK,OD,Sand Key Deep,812,812-500-180,1,Juv,GVEN,GVEN,20
2017,2017,Aug,8/19/2017,LK,OD,Sand Key Deep,812,812-500-180,1,Juv,UNKO,UNKO,27
2017,2017,Aug,8/19/2017,LK,OD,Sand Key Deep,812,812-500-212,1,Juv,ANTI,ANTI,14
2017,2017,Aug,8/19/2017,LK,OD,Sand Key Deep,812,812-500-212,1,Juv,PAME,ANTI,34
2017,2017,Aug,8/19/2017,LK,OD,Sand Key Deep,812,812-500-212,1,Juv,PAME,ANTI,14
2017,2017,Aug,8/19/2017,LK,OD,Sand Key Deep,812,812-500-212,1,Juv,PAME,ANTI,17
2017,2017,Aug,8/19/2017,LK,OD,Sand Key Deep,812,812-500-212,1,Juv,PAME,ANTI,14
2017,2017,Aug,8/19/2017,LK,OD,Sand Key Deep,812,812-500-212,1,Juv,PAME,ANTI,20
2017,2017,Aug,8/19/2017,LK,OD,Sand Key Deep,812,812-500-212,1,Juv,PAME,ANTI,21
2017,2017,Aug,8/19/2017,LK,OD,Sand Key Deep,812,812-500-212,1,Juv,PAME,ANTI,16
2017,2017,Aug,8/19/2017,LK,OD,Sand Key Deep,812,812-500-212,1,Juv,PAME,ANTI,26
2017,2017,Aug,8/19/2017,LK,OD,Sand Key Deep,812,812-500-212,1,Juv,PAME,ANTI,16
2017,2017,Aug,8/19/2017,LK,OD,Sand Key Deep,812,812-500-212,1,Juv,PAME,ANTI,16
2017,2017,Aug,8/19/2017,LK,OD,Sand Key Deep,812,812-500-212,1,Juv,PAME,ANTI,24
2017,2017,Aug,8/19/2017,LK,OD,Sand Key Deep,812,812-500-212,1,Juv,PAME,ANTI,16
2017,2017,Aug,8/19/2017,LK,OD,Sand Key Deep,812,812-500-212,1,Juv,PAME,ANTI,16
2017,2017,Aug,8/19/2017,LK,OD,Sand Key Deep,812,812-500-212,1,Juv,ECAL,EUNI,21
2017,2017,Aug,8/19/2017,LK,OD,Sand Key Deep,812,812-500-212,1,Juv,EUNI,EUNI,10
2017,2017,Aug,8/19/2017,LK,OD,Sand Key Deep,812,812-500-212,1,Juv,EUNI,EUNI,6
2017,2017,Aug,8/19/2017,LK,OD,Sand Key Deep,812,812-500-212,1,Juv,EUNI,EUNI,27
2017,2017,Aug,8/19/2017,LK,OD,Sand Key Deep,812,812-500-212,1,Juv,EUNI,EUNI,13
2017,2017,Aug,8/19/2017,LK,OD,Sand Key Deep,812,812-500-212,1,Juv,EUNI,EUNI,11
2017,2017,Aug,8/19/2017,LK,OD,Sand Key Deep,812,812-500-212,1,Juv,EUNI,EUNI,6
2017,2017,Aug,8/19/2017,LK,OD,Sand Key Deep,812,812-500-212,1,Juv,GVEN,GVEN,38
2017,2017,Aug,8/19/2017,LK,OD,Sand Key Deep,812,812-500-212,1,Juv,GVEN,GVEN,35
2017,2017,Aug,8/19/2017,LK,OD,Sand Key Deep,812,812-500-212,1,Juv,GVEN,GVEN,36
2017,2017,Aug,8/19/2017,LK,OD,Sand Key Deep,812,812-500-212,1,Juv,GVEN,GVEN,26
2017,2017,Aug,8/19/2017,LK,OD,Sand Key Deep,812,812-500-212,1,Juv,GVEN,GVEN,14
2017,2017,Aug,8/19/2017,LK,OD,Sand Key Deep,813,813-100-030,1,Juv,ANTI,ANTI,18
2017,2017,Aug,8/19/2017,LK,OD,Sand Key Deep,813,813-100-030,1,Juv,PAME,ANTI,33
2017,2017,Aug,8/19/2017,LK,OD,Sand Key Deep,813,813-100-030,1,Juv,PAME,ANTI,25
2017,2017,Aug,8/19/2017,LK,OD,Sand Key Deep,813,813-100-030,1,Juv,PAME,ANTI,38
2017,2017,Aug,8/19/2017,LK,OD,Sand Key Deep,813,813-100-030,1,Juv,PAME,ANTI,23
2017,2017,Aug,8/19/2017,LK,OD,Sand Key Deep,813,813-100-030,1,Juv,EUNI,EUNI,3
2017,2017,Aug,8/19/2017,LK,OD,Sand Key Deep,813,813-100-030,1,Juv,EUNI,EUNI,38
2017,2017,Aug,8/19/2017,LK,OD,Sand Key Deep,813,813-100-030,1,Juv,EUNI,EUNI,4
2017,2017,Aug,8/19/2017,LK,OD,Sand Key Deep,813,813-100-030,1,Juv,GVEN,GVEN,26
2017,2017,Aug,8/19/2017,LK,OD,Sand Key Deep,813,813-100-030,1,Juv,GVEN,GVEN,15
2017,2017,Aug,8/19/2017,LK,OD,Sand Key Deep,813,813-100-063,1,Juv,ANTI,ANTI,23
2017,2017,Aug,8/19/2017,LK,OD,Sand Key Deep,813,813-100-063,1,Juv,ANTI,ANTI,11
2017,2017,Aug,8/19/2017,LK,OD,Sand Key Deep,813,813-100-063,1,Juv,ANTI,ANTI,3
2017,2017,Aug,8/19/2017,LK,OD,Sand Key Deep,813,813-100-063,1,Juv,PAME,ANTI,32
2017,2017,Aug,8/19/2017,LK,OD,Sand Key Deep,813,813-100-063,1,Juv,PAME,ANTI,13
2017,2017,Aug,8/19/2017,LK,OD,Sand Key Deep,813,813-100-063,1,Juv,EUNI,EUNI,9
2017,2017,Aug,8/19/2017,LK,OD,Sand Key Deep,813,813-100-063,1,Juv,EUNI,EUNI,3
2017,2017,Aug,8/19/2017,LK,OD,Sand Key Deep,813,813-100-063,1,Juv,EUNI,EUNI,5
2017,2017,Aug,8/19/2017,LK,OD,Sand Key Deep,813,813-100-063,1,Juv,EUNI,EUNI,6
2017,2017,Aug,8/19/2017,LK,OD,Sand Key Deep,813,813-100-063,1,Juv,PFLE,EUNI,4
2017,2017,Aug,8/19/2017,LK,OD,Sand Key Deep,813,813-100-063,1,Juv,PFLE,EUNI,5
2017,2017,Aug,8/19/2017,LK,OD,Sand Key Deep,813,813-100-063,1,Juv,PFLE,EUNI,9
2017,2017,Aug,8/19/2017,LK,OD,Sand Key Deep,813,813-100-063,1,Juv,GVEN,GVEN,25
2017,2017,Aug,8/19/2017,LK,OD,Sand Key Deep,813,813-100-063,1,Juv,PPOR,PSEU,30
2017,2017,Aug,8/19/2017,LK,OD,Sand Key Deep,813,813-100-063,1,Juv,UNKO,UNKO,3
2017,2017,Aug,8/19/2017,LK,OD,Sand Key Deep,813,813-100-132,1,Juv,PAME,ANTI,32
2017,2017,Aug,8/19/2017,LK,OD,Sand Key Deep,813,813-100-132,1,Juv,EUNI,EUNI,12
2017,2017,Aug,8/19/2017,LK,OD,Sand Key Deep,813,813-100-132,1,Juv,PPOR,PSEU,27
2017,2017,Aug,8/19/2017,LK,OD,Sand Key Deep,813,813-100-132,1,Juv,PPOR,PSEU,12
2017,2017,Aug,8/19/2017,LK,OD,Sand Key Deep,813,813-100-132,1,Juv,UNKO,UNKO,3
2017,2017,Aug,8/19/2017,LK,OD,Sand Key Deep,813,813-100-169,1,Juv,ANTI,ANTI,37
2017,2017,Aug,8/19/2017,LK,OD,Sand Key Deep,813,813-100-169,1,Juv,PAME,ANTI,27
2017,2017,Aug,8/19/2017,LK,OD,Sand Key Deep,813,813-100-169,1,Juv,PAME,ANTI,35
2017,2017,Aug,8/19/2017,LK,OD,Sand Key Deep,813,813-100-169,1,Juv,PBIP,ANTI,36
2017,2017,Aug,8/19/2017,LK,OD,Sand Key Deep,813,813-100-169,1,Juv,PBIP,ANTI,27
2017,2017,Aug,8/19/2017,LK,OD,Sand Key Deep,813,813-100-169,1,Juv,EUNI,EUNI,6
2017,2017,Aug,8/19/2017,LK,OD,Sand Key Deep,813,813-100-169,1,Juv,EUNI,EUNI,17
2017,2017,Aug,8/19/2017,LK,OD,Sand Key Deep,813,813-100-169,1,Juv,PFLE,EUNI,20
2017,2017,Aug,8/19/2017,LK,OD,Sand Key Deep,813,813-100-169,1,Juv,GVEN,GVEN,27
2017,2017,Aug,8/19/2017,LK,OD,Sand Key Deep,813,813-500-041,1,Juv,ANTI/GVEN,AG,5
2017,2017,Aug,8/19/2017,LK,OD,Sand Key Deep,813,813-500-041,1,Juv,ANTI/GVEN,AG,4
2017,2017,Aug,8/19/2017,LK,OD,Sand Key Deep,813,813-500-041,1,Juv,ANTI,ANTI,10
2017,2017,Aug,8/19/2017,LK,OD,Sand Key Deep,813,813-500-041,1,Juv,PAME,ANTI,13
2017,2017,Aug,8/19/2017,LK,OD,Sand Key Deep,813,813-500-041,1,Juv,PAME,ANTI,31
2017,2017,Aug,8/19/2017,LK,OD,Sand Key Deep,813,813-500-041,1,Juv,EUNI,EUNI,9
2017,2017,Aug,8/19/2017,LK,OD,Sand Key Deep,813,813-500-041,1,Juv,EUNI,EUNI,9
2017,2017,Aug,8/19/2017,LK,OD,Sand Key Deep,813,813-500-041,1,Juv,EUNI,EUNI,19
2017,2017,Aug,8/19/2017,LK,OD,Sand Key Deep,813,813-500-041,1,Juv,EUNI,EUNI,4
2017,2017,Aug,8/19/2017,LK,OD,Sand Key Deep,813,813-500-041,1,Juv,EUNI,EUNI,6
2017,2017,Aug,8/19/2017,LK,OD,Sand Key Deep,813,813-500-041,1,Juv,GVEN,GVEN,7
2017,2017,Aug,8/19/2017,LK,OD,Sand Key Deep,813,813-500-041,1,Juv,GVEN,GVEN,36
2017,2017,Aug,8/19/2017,LK,OD,Sand Key Deep,813,813-500-041,1,Juv,GVEN,GVEN,12
2017,2017,Aug,8/19/2017,LK,OD,Sand Key Deep,813,813-500-085,1,Juv,ANTI,ANTI,5
2017,2017,Aug,8/19/2017,LK,OD,Sand Key Deep,813,813-500-085,1,Juv,ANTI,ANTI,4
2017,2017,Aug,8/19/2017,LK,OD,Sand Key Deep,813,813-500-085,1,Juv,PAME,ANTI,20
2017,2017,Aug,8/19/2017,LK,OD,Sand Key Deep,813,813-500-085,1,Juv,PAME,ANTI,22
2017,2017,Aug,8/19/2017,LK,OD,Sand Key Deep,813,813-500-085,1,Juv,EUNI,EUNI,10
2017,2017,Aug,8/19/2017,LK,OD,Sand Key Deep,813,813-500-085,1,Juv,EUNI,EUNI,3
2017,2017,Aug,8/19/2017,LK,OD,Sand Key Deep,813,813-500-085,1,Juv,EUNI,EUNI,11
2017,2017,Aug,8/19/2017,LK,OD,Sand Key Deep,813,813-500-085,1,Juv,EUNI,EUNI,4
2017,2017,Aug,8/19/2017,LK,OD,Sand Key Deep,813,813-500-085,1,Juv,EUNI,EUNI,10
2017,2017,Aug,8/19/2017,LK,OD,Sand Key Deep,813,813-500-085,1,Juv,PFLE,EUNI,38
2017,2017,Aug,8/19/2017,LK,OD,Sand Key Deep,813,813-500-085,1,Juv,PFLE,EUNI,6
2017,2017,Aug,8/19/2017,LK,OD,Sand Key Deep,813,813-500-085,1,Juv,GVEN,GVEN,18
2017,2017,Aug,8/19/2017,LK,OD,Sand Key Deep,813,813-500-085,1,Juv,GVEN,GVEN,11
2017,2017,Aug,8/19/2017,LK,OD,Sand Key Deep,813,813-500-085,1,Juv,GVEN,GVEN,35
2017,2017,Aug,8/19/2017,LK,OD,Sand Key Deep,813,813-500-085,1,Juv,MURI,MURI,30
2017,2017,Aug,8/19/2017,LK,OD,Sand Key Deep,813,813-500-085,1,Juv,MURI,MURI,17
2017,2017,Aug,8/19/2017,LK,OD,Sand Key Deep,813,813-500-085,1,Juv,PLEX,PLEX,10
2017,2017,Aug,8/19/2017,LK,OD,Sand Key Deep,813,813-500-156,1,Juv,ANTI,ANTI,34
2017,2017,Aug,8/19/2017,LK,OD,Sand Key Deep,813,813-500-156,1,Juv,ANTI,ANTI,19
2017,2017,Aug,8/19/2017,LK,OD,Sand Key Deep,813,813-500-156,1,Juv,PAME,ANTI,15
2017,2017,Aug,8/19/2017,LK,OD,Sand Key Deep,813,813-500-156,1,Juv,PAME,ANTI,13
2017,2017,Aug,8/19/2017,LK,OD,Sand Key Deep,813,813-500-156,1,Juv,PAME,ANTI,27
2017,2017,Aug,8/19/2017,LK,OD,Sand Key Deep,813,813-500-156,1,Juv,PAME,ANTI,15
2017,2017,Aug,8/19/2017,LK,OD,Sand Key Deep,813,813-500-156,1,Juv,EUNI,EUNI,28
2017,2017,Aug,8/19/2017,LK,OD,Sand Key Deep,813,813-500-156,1,Juv,EUNI,EUNI,7
2017,2017,Aug,8/19/2017,LK,OD,Sand Key Deep,813,813-500-156,1,Juv,EUNI,EUNI,15
2017,2017,Aug,8/19/2017,LK,OD,Sand Key Deep,813,813-500-156,1,Juv,EUNI,EUNI,17
2017,2017,Aug,8/19/2017,LK,OD,Sand Key Deep,813,813-500-156,1,Juv,EUNI,EUNI,10
2017,2017,Aug,8/19/2017,LK,OD,Sand Key Deep,813,813-500-156,1,Juv,EUNI,EUNI,9
2017,2017,Aug,8/19/2017,LK,OD,Sand Key Deep,813,813-500-156,1,Juv,EUNI,EUNI,23
2017,2017,Aug,8/19/2017,LK,OD,Sand Key Deep,813,813-500-156,1,Juv,GVEN,GVEN,29
2017,2017,Aug,8/19/2017,LK,OD,Sand Key Deep,813,813-500-156,1,Juv,GVEN,GVEN,20
2017,2017,Aug,8/19/2017,LK,OD,Sand Key Deep,813,813-500-156,1,Juv,GVEN,GVEN,28
2017,2017,Aug,8/19/2017,LK,OD,Sand Key Deep,813,813-500-156,1,Juv,GVEN,GVEN,18
2017,2017,Aug,8/19/2017,LK,OD,Sand Key Deep,813,813-500-156,1,Juv,GVEN,GVEN,32
2017,2017,Aug,8/19/2017,LK,OD,Sand Key Deep,813,813-500-156,1,Juv,GVEN,GVEN,33
2017,2017,Aug,8/19/2017,LK,OD,Sand Key Deep,813,813-500-156,1,Juv,GVEN,GVEN,21
2017,2017,Aug,8/19/2017,LK,OD,Sand Key Deep,813,813-500-156,1,Juv,GVEN,GVEN,21
2017,2017,Aug,8/19/2017,LK,OD,Sand Key Deep,813,813-500-156,1,Juv,GVEN,GVEN,10
2017,2017,Aug,8/19/2017,LK,OD,Sand Key Deep,813,813-500-156,1,Juv,GVEN,GVEN,23
2017,2017,Aug,8/19/2017,LK,OD,Sand Key Deep,813,813-500-156,1,Juv,UNKO,UNKO,4
2017,2017,Aug,8/19/2017,LK,OD,Sand Key Deep,813,813-500-156,1,Juv,UNKO,UNKO,2
2017,2017,Aug,8/19/2017,LK,OD,Sand Key Deep,813,813-500-156,1,Juv,UNKO,UNKO,3
2017,2017,Aug,8/19/2017,LK,OD,Sand Key Deep,813,813-500-156,1,Juv,UNKO,UNKO,5
2017,2017,Aug,8/19/2017,LK,OD,Sand Key Deep,813,813-500-218,1,Juv,ANTI/GVEN,AG,5
2017,2017,Aug,8/19/2017,LK,OD,Sand Key Deep,813,813-500-218,1,Juv,PAME,ANTI,30
2017,2017,Aug,8/19/2017,LK,OD,Sand Key Deep,813,813-500-218,1,Juv,PAME,ANTI,32
2017,2017,Aug,8/19/2017,LK,OD,Sand Key Deep,813,813-500-218,1,Juv,PAME,ANTI,21
2017,2017,Aug,8/19/2017,LK,OD,Sand Key Deep,813,813-500-218,1,Juv,PAME,ANTI,14
2017,2017,Aug,8/19/2017,LK,OD,Sand Key Deep,813,813-500-218,1,Juv,EUNI,EUNI,17
2017,2017,Aug,8/19/2017,LK,OD,Sand Key Deep,813,813-500-218,1,Juv,EUNI,EUNI,23
2017,2017,Aug,8/19/2017,LK,OD,Sand Key Deep,813,813-500-218,1,Juv,EUNI,EUNI,6
2017,2017,Aug,8/19/2017,LK,OD,Sand Key Deep,813,813-500-218,1,Juv,EUNI,EUNI,28
2017,2017,Aug,8/19/2017,LK,OD,Sand Key Deep,813,813-500-218,1,Juv,EUNI,EUNI,10
2017,2017,Aug,8/19/2017,LK,OD,Sand Key Deep,813,813-500-218,1,Juv,EUNI,EUNI,22
2017,2017,Aug,8/19/2017,LK,OD,Sand Key Deep,813,813-500-218,1,Juv,EUNI,EUNI,7
2017,2017,Aug,8/19/2017,LK,OD,Sand Key Deep,813,813-500-218,1,Juv,EUNI,EUNI,11
2017,2017,Aug,8/19/2017,LK,OD,Sand Key Deep,813,813-500-218,1,Juv,EUNI,EUNI,6
2017,2017,Aug,8/19/2017,LK,OD,Sand Key Deep,813,813-500-218,1,Juv,EUNI,EUNI,7
2017,2017,Aug,8/19/2017,LK,OD,Sand Key Deep,813,813-500-218,1,Juv,PFLE,EUNI,39
2017,2017,Aug,8/19/2017,LK,OD,Sand Key Deep,813,813-500-218,1,Juv,GVEN,GVEN,10
2017,2017,Aug,8/19/2017,LK,OD,Sand Key Deep,813,813-500-218,1,Juv,GVEN,GVEN,38
2017,2017,Aug,8/19/2017,LK,OD,Sand Key Deep,813,813-500-218,1,Juv,MURO,MURO,8
2017,2017,Aug,8/19/2017,LK,OD,Sand Key Deep,813,813-500-218,1,Juv,UNKO,UNKO,9
2017,2017,Aug,8/19/2017,LK,OD,Sand Key Deep,813,813-500-218,1,Juv,UNKO,UNKO,6
2017,2017,Aug,8/19/2017,LK,OD,Sand Key Deep,814,814-100-016,1,Juv,PAME,ANTI,31
2017,2017,Aug,8/19/2017,LK,OD,Sand Key Deep,814,814-100-016,1,Juv,PAME,ANTI,26
2017,2017,Aug,8/19/2017,LK,OD,Sand Key Deep,814,814-100-016,1,Juv,PAME,ANTI,17
2017,2017,Aug,8/19/2017,LK,OD,Sand Key Deep,814,814-100-016,1,Juv,EUNI,EUNI,23
2017,2017,Aug,8/19/2017,LK,OD,Sand Key Deep,814,814-100-016,1,Juv,EUNI,EUNI,5
2017,2017,Aug,8/19/2017,LK,OD,Sand Key Deep,814,814-100-016,1,Juv,EUNI,EUNI,37
2017,2017,Aug,8/19/2017,LK,OD,Sand Key Deep,814,814-100-016,1,Juv,EUNI,EUNI,24
2017,2017,Aug,8/19/2017,LK,OD,Sand Key Deep,814,814-100-016,1,Juv,EUNI,EUNI,35
2017,2017,Aug,8/19/2017,LK,OD,Sand Key Deep,814,814-100-016,1,Juv,EUNI,EUNI,6
2017,2017,Aug,8/19/2017,LK,OD,Sand Key Deep,814,814-100-016,1,Juv,EUNI,EUNI,3
2017,2017,Aug,8/19/2017,LK,OD,Sand Key Deep,814,814-100-016,1,Juv,EUNI,EUNI,6
2017,2017,Aug,8/19/2017,LK,OD,Sand Key Deep,814,814-100-016,1,Juv,EUNI,EUNI,4
2017,2017,Aug,8/19/2017,LK,OD,Sand Key Deep,814,814-100-016,1,Juv,GVEN,GVEN,19
2017,2017,Aug,8/19/2017,LK,OD,Sand Key Deep,814,814-100-016,1,Juv,GVEN,GVEN,28
2017,2017,Aug,8/19/2017,LK,OD,Sand Key Deep,814,814-100-016,1,Juv,GVEN,GVEN,25
2017,2017,Aug,8/19/2017,LK,OD,Sand Key Deep,814,814-100-044,1,Juv,PAME,ANTI,23
2017,2017,Aug,8/19/2017,LK,OD,Sand Key Deep,814,814-100-044,1,Juv,PAME,ANTI,16
2017,2017,Aug,8/19/2017,LK,OD,Sand Key Deep,814,814-100-044,1,Juv,PAME,ANTI,31
2017,2017,Aug,8/19/2017,LK,OD,Sand Key Deep,814,814-100-044,1,Juv,PAME,ANTI,15
2017,2017,Aug,8/19/2017,LK,OD,Sand Key Deep,814,814-100-044,1,Juv,PAME,ANTI,31
2017,2017,Aug,8/19/2017,LK,OD,Sand Key Deep,814,814-100-044,1,Juv,PAME,ANTI,35
2017,2017,Aug,8/19/2017,LK,OD,Sand Key Deep,814,814-100-044,1,Juv,EUNI,EUNI,8
2017,2017,Aug,8/19/2017,LK,OD,Sand Key Deep,814,814-100-044,1,Juv,EUNI,EUNI,3
2017,2017,Aug,8/19/2017,LK,OD,Sand Key Deep,814,814-100-044,1,Juv,EUNI,EUNI,26
2017,2017,Aug,8/19/2017,LK,OD,Sand Key Deep,814,814-100-044,1,Juv,EUNI,EUNI,8
2017,2017,Aug,8/19/2017,LK,OD,Sand Key Deep,814,814-100-044,1,Juv,EUNI,EUNI,10
2017,2017,Aug,8/19/2017,LK,OD,Sand Key Deep,814,814-100-044,1,Juv,EUNI,EUNI,7
2017,2017,Aug,8/19/2017,LK,OD,Sand Key Deep,814,814-100-044,1,Juv,EUNI,EUNI,4
2017,2017,Aug,8/19/2017,LK,OD,Sand Key Deep,814,814-100-044,1,Juv,EUNI,EUNI,4
2017,2017,Aug,8/19/2017,LK,OD,Sand Key Deep,814,814-100-044,1,Juv,EUNI,EUNI,2
2017,2017,Aug,8/19/2017,LK,OD,Sand Key Deep,814,814-100-044,1,Juv,GVEN,GVEN,23
2017,2017,Aug,8/19/2017,LK,OD,Sand Key Deep,814,814-100-044,1,Juv,GVEN,GVEN,24
2017,2017,Aug,8/19/2017,LK,OD,Sand Key Deep,814,814-100-099,1,Juv,PAME,ANTI,32
2017,2017,Aug,8/19/2017,LK,OD,Sand Key Deep,814,814-100-099,1,Juv,PAME,ANTI,20
2017,2017,Aug,8/19/2017,LK,OD,Sand Key Deep,814,814-100-099,1,Juv,PAME,ANTI,5
2017,2017,Aug,8/19/2017,LK,OD,Sand Key Deep,814,814-100-099,1,Juv,PAME,ANTI,39
2017,2017,Aug,8/19/2017,LK,OD,Sand Key Deep,814,814-100-099,1,Juv,EUNI,EUNI,3
2017,2017,Aug,8/19/2017,LK,OD,Sand Key Deep,814,814-100-099,1,Juv,EUNI,EUNI,11
2017,2017,Aug,8/19/2017,LK,OD,Sand Key Deep,814,814-100-099,1,Juv,EUNI,EUNI,5
2017,2017,Aug,8/19/2017,LK,OD,Sand Key Deep,814,814-100-099,1,Juv,EUNI,EUNI,8
2017,2017,Aug,8/19/2017,LK,OD,Sand Key Deep,814,814-100-099,1,Juv,EUNI,EUNI,10
2017,2017,Aug,8/19/2017,LK,OD,Sand Key Deep,814,814-100-099,1,Juv,EUNI,EUNI,9
2017,2017,Aug,8/19/2017,LK,OD,Sand Key Deep,814,814-100-099,1,Juv,GVEN,GVEN,25
2017,2017,Aug,8/19/2017,LK,OD,Sand Key Deep,814,814-100-099,1,Juv,GVEN,GVEN,37
2017,2017,Aug,8/19/2017,LK,OD,Sand Key Deep,814,814-100-178,1,Juv,PAME,ANTI,35
2017,2017,Aug,8/19/2017,LK,OD,Sand Key Deep,814,814-100-178,1,Juv,PAME,ANTI,20
2017,2017,Aug,8/19/2017,LK,OD,Sand Key Deep,814,814-100-178,1,Juv,EUNI,EUNI,32
2017,2017,Aug,8/19/2017,LK,OD,Sand Key Deep,814,814-100-178,1,Juv,EUNI,EUNI,5
2017,2017,Aug,8/19/2017,LK,OD,Sand Key Deep,814,814-100-178,1,Juv,GVEN,GVEN,27
2017,2017,Aug,8/19/2017,LK,OD,Sand Key Deep,814,814-100-178,1,Juv,UNKO,UNKO,2
2017,2017,Aug,8/19/2017,LK,OD,Sand Key Deep,814,814-500-027,1,Juv,ANTI,ANTI,19
2017,2017,Aug,8/19/2017,LK,OD,Sand Key Deep,814,814-500-027,1,Juv,ANTI,ANTI,30
2017,2017,Aug,8/19/2017,LK,OD,Sand Key Deep,814,814-500-027,1,Juv,PAME,ANTI,31
2017,2017,Aug,8/19/2017,LK,OD,Sand Key Deep,814,814-500-027,1,Juv,PAME,ANTI,16
2017,2017,Aug,8/19/2017,LK,OD,Sand Key Deep,814,814-500-027,1,Juv,PAME,ANTI,17
2017,2017,Aug,8/19/2017,LK,OD,Sand Key Deep,814,814-500-027,1,Juv,EUNI,EUNI,18
2017,2017,Aug,8/19/2017,LK,OD,Sand Key Deep,814,814-500-027,1,Juv,EUNI,EUNI,21
2017,2017,Aug,8/19/2017,LK,OD,Sand Key Deep,814,814-500-027,1,Juv,EUNI,EUNI,12
2017,2017,Aug,8/19/2017,LK,OD,Sand Key Deep,814,814-500-027,1,Juv,EUNI,EUNI,13
2017,2017,Aug,8/19/2017,LK,OD,Sand Key Deep,814,814-500-027,1,Juv,GVEN,GVEN,33
2017,2017,Aug,8/19/2017,LK,OD,Sand Key Deep,814,814-500-027,1,Juv,GVEN,GVEN,15
2017,2017,Aug,8/19/2017,LK,OD,Sand Key Deep,814,814-500-027,1,Juv,GVEN,GVEN,26
2017,2017,Aug,8/19/2017,LK,OD,Sand Key Deep,814,814-500-027,1,Juv,GVEN,GVEN,36
2017,2017,Aug,8/19/2017,LK,OD,Sand Key Deep,814,814-500-027,1,Juv,GVEN,GVEN,35
2017,2017,Aug,8/19/2017,LK,OD,Sand Key Deep,814,814-500-027,1,Juv,GVEN,GVEN,18
2017,2017,Aug,8/19/2017,LK,OD,Sand Key Deep,814,814-500-027,1,Juv,GVEN,GVEN,27
2017,2017,Aug,8/19/2017,LK,OD,Sand Key Deep,814,814-500-027,1,Juv,GVEN,GVEN,16
2017,2017,Aug,8/19/2017,LK,OD,Sand Key Deep,814,814-500-027,1,Juv,GVEN,GVEN,17
2017,2017,Aug,8/19/2017,LK,OD,Sand Key Deep,814,814-500-027,1,Juv,GVEN,GVEN,27
2017,2017,Aug,8/19/2017,LK,OD,Sand Key Deep,814,814-500-027,1,Juv,UNKO,UNKO,5
2017,2017,Aug,8/19/2017,LK,OD,Sand Key Deep,814,814-500-054,1,Juv,ANTI/GVEN,AG,17
2017,2017,Aug,8/19/2017,LK,OD,Sand Key Deep,814,814-500-054,1,Juv,ANTI/GVEN,AG,9
2017,2017,Aug,8/19/2017,LK,OD,Sand Key Deep,814,814-500-054,1,Juv,ANTI/GVEN,AG,8
2017,2017,Aug,8/19/2017,LK,OD,Sand Key Deep,814,814-500-054,1,Juv,PAME,ANTI,18
2017,2017,Aug,8/19/2017,LK,OD,Sand Key Deep,814,814-500-054,1,Juv,PAME,ANTI,8
2017,2017,Aug,8/19/2017,LK,OD,Sand Key Deep,814,814-500-054,1,Juv,PAME,ANTI,21
2017,2017,Aug,8/19/2017,LK,OD,Sand Key Deep,814,814-500-054,1,Juv,PAME,ANTI,11
2017,2017,Aug,8/19/2017,LK,OD,Sand Key Deep,814,814-500-054,1,Juv,EUNI,EUNI,29
2017,2017,Aug,8/19/2017,LK,OD,Sand Key Deep,814,814-500-054,1,Juv,EUNI,EUNI,33
2017,2017,Aug,8/19/2017,LK,OD,Sand Key Deep,814,814-500-054,1,Juv,EUNI,EUNI,15
2017,2017,Aug,8/19/2017,LK,OD,Sand Key Deep,814,814-500-054,1,Juv,EUNI,EUNI,9
2017,2017,Aug,8/19/2017,LK,OD,Sand Key Deep,814,814-500-054,1,Juv,EUNI,EUNI,19
2017,2017,Aug,8/19/2017,LK,OD,Sand Key Deep,814,814-500-054,1,Juv,EUNI,EUNI,39
2017,2017,Aug,8/19/2017,LK,OD,Sand Key Deep,814,814-500-054,1,Juv,GVEN,GVEN,39
2017,2017,Aug,8/19/2017,LK,OD,Sand Key Deep,814,814-500-054,1,Juv,GVEN,GVEN,23
2017,2017,Aug,8/19/2017,LK,OD,Sand Key Deep,814,814-500-054,1,Juv,GVEN,GVEN,19
2017,2017,Aug,8/19/2017,LK,OD,Sand Key Deep,814,814-500-054,1,Juv,GVEN,GVEN,29
2017,2017,Aug,8/19/2017,LK,OD,Sand Key Deep,814,814-500-054,1,Juv,GVEN,GVEN,25
2017,2017,Aug,8/19/2017,LK,OD,Sand Key Deep,814,814-500-054,1,Juv,GVEN,GVEN,26
2017,2017,Aug,8/19/2017,LK,OD,Sand Key Deep,814,814-500-054,1,Juv,UNKO,UNKO,16
2017,2017,Aug,8/19/2017,LK,OD,Sand Key Deep,814,814-500-117,1,Juv,PAME,ANTI,30
2017,2017,Aug,8/19/2017,LK,OD,Sand Key Deep,814,814-500-117,1,Juv,PAME,ANTI,23
2017,2017,Aug,8/19/2017,LK,OD,Sand Key Deep,814,814-500-117,1,Juv,PAME,ANTI,25
2017,2017,Aug,8/19/2017,LK,OD,Sand Key Deep,814,814-500-117,1,Juv,PAME,ANTI,38
2017,2017,Aug,8/19/2017,LK,OD,Sand Key Deep,814,814-500-117,1,Juv,PAME,ANTI,30
2017,2017,Aug,8/19/2017,LK,OD,Sand Key Deep,814,814-500-117,1,Juv,EUNI,EUNI,24
2017,2017,Aug,8/19/2017,LK,OD,Sand Key Deep,814,814-500-117,1,Juv,EUNI,EUNI,5
2017,2017,Aug,8/19/2017,LK,OD,Sand Key Deep,814,814-500-117,1,Juv,EUNI,EUNI,18
2017,2017,Aug,8/19/2017,LK,OD,Sand Key Deep,814,814-500-117,1,Juv,EUNI,EUNI,4
2017,2017,Aug,8/19/2017,LK,OD,Sand Key Deep,814,814-500-117,1,Juv,GVEN,GVEN,31
2017,2017,Aug,8/19/2017,LK,OD,Sand Key Deep,814,814-500-117,1,Juv,GVEN,GVEN,16
2017,2017,Aug,8/19/2017,LK,OD,Sand Key Deep,814,814-500-117,1,Juv,GVEN,GVEN,31
2017,2017,Aug,8/19/2017,LK,OD,Sand Key Deep,814,814-500-117,1,Juv,GVEN,GVEN,30
2017,2017,Aug,8/19/2017,LK,OD,Sand Key Deep,814,814-500-117,1,Juv,GVEN,GVEN,28
2017,2017,Aug,8/19/2017,LK,OD,Sand Key Deep,814,814-500-117,1,Juv,GVEN,GVEN,25
2017,2017,Aug,8/19/2017,LK,OD,Sand Key Deep,814,814-500-117,1,Juv,MURI,MURI,37
2017,2017,Aug,8/19/2017,LK,OD,Sand Key Deep,814,814-500-178,1,Juv,ANTI/GVEN,AG,4
2017,2017,Aug,8/19/2017,LK,OD,Sand Key Deep,814,814-500-178,1,Juv,PAME,ANTI,29
2017,2017,Aug,8/19/2017,LK,OD,Sand Key Deep,814,814-500-178,1,Juv,EUNI,EUNI,10
2017,2017,Aug,8/19/2017,LK,OD,Sand Key Deep,814,814-500-178,1,Juv,EUNI,EUNI,3
2017,2017,Aug,8/19/2017,LK,OD,Sand Key Deep,814,814-500-178,1,Juv,EUNI,EUNI,11
2017,2017,Aug,8/19/2017,LK,OD,Sand Key Deep,814,814-500-178,1,Juv,EUNI,EUNI,8
2017,2017,Aug,8/19/2017,LK,OD,Sand Key Deep,814,814-500-178,1,Juv,EUNI,EUNI,4
2017,2017,Aug,8/19/2017,LK,OD,Sand Key Deep,814,814-500-178,1,Juv,PFLE,EUNI,10
2017,2017,Aug,8/19/2017,LK,OD,Sand Key Deep,814,814-500-178,1,Juv,PFLE,EUNI,11
2017,2017,Aug,8/19/2017,LK,OD,Sand Key Deep,814,814-500-178,1,Juv,GVEN,GVEN,23
2017,2017,Aug,8/19/2017,LK,OD,Sand Key Deep,814,814-500-178,1,Juv,GVEN,GVEN,12
2017,2017,Aug,8/19/2017,LK,OD,Sand Key Deep,814,814-500-178,1,Juv,UNKO,UNKO,2
2017,2017,Aug,8/19/2017,LK,OD,Sand Key Deep,814,814-500-178,1,Juv,UNKO,UNKO,9
2017,2017,Sept,9/26/2017,SEFL,Nearshore,BC1,BC11,BC11-100-035,1,Juv,EUNI,EUNI,20
2017,2017,Sept,9/26/2017,SEFL,Nearshore,BC1,BC11,BC11-100-035,1,Juv,EUNI,EUNI,15
2017,2017,Sept,9/26/2017,SEFL,Nearshore,BC1,BC11,BC11-100-035,1,Juv,UNKO,UNKO,18
2017,2017,Sept,9/26/2017,SEFL,Nearshore,BC1,BC11,BC11-100-044,1,Juv,PPOR,PSEU,25
2017,2017,Sept,9/26/2017,SEFL,Nearshore,BC1,BC11,BC11-100-096,1,Juv,PAME,ANTI,17
2017,2017,Sept,9/26/2017,SEFL,Nearshore,BC1,BC11,BC11-100-096,1,Juv,BRIA,BRIA,19
2017,2017,Sept,9/26/2017,SEFL,Nearshore,BC1,BC11,BC11-100-096,1,Juv,BRIA,BRIA,5
2017,2017,Sept,9/26/2017,SEFL,Nearshore,BC1,BC11,BC11-500-008,1,Juv,EUNI,EUNI,4
2017,2017,Sept,9/26/2017,SEFL,Nearshore,BC1,BC11,BC11-500-008,1,Juv,EUNI,EUNI,27
2017,2017,Sept,9/26/2017,SEFL,Nearshore,BC1,BC11,BC11-500-008,1,Juv,EUNI,EUNI,5
2017,2017,Sept,9/26/2017,SEFL,Nearshore,BC1,BC11,BC11-500-018,0,NA,NA,NA,NA
2017,2017,Sept,9/26/2017,SEFL,Nearshore,BC1,BC11,BC11-500-049,1,Juv,PSEU,PSEU,19
2017,2017,Sept,9/26/2017,SEFL,Nearshore,BC1,BC11,BC11-500-090,1,Juv,EUNI,EUNI,5
2017,2017,Sept,9/26/2017,SEFL,Nearshore,BC1,BC12,BC12-100-043,0,NA,NA,NA,NA
2017,2017,Sept,9/26/2017,SEFL,Nearshore,BC1,BC12,BC12-100-053,1,Juv,UNKO,UNKO,2
2017,2017,Sept,9/26/2017,SEFL,Nearshore,BC1,BC12,BC12-100-053,1,Juv,UNKO,UNKO,4
2017,2017,Sept,9/26/2017,SEFL,Nearshore,BC1,BC12,BC12-100-142,0,NA,NA,NA,NA
2017,2017,Sept,9/26/2017,SEFL,Nearshore,BC1,BC12,BC12-100-221,0,NA,NA,NA,NA
2017,2017,Sept,9/26/2017,SEFL,Nearshore,BC1,BC12,BC12-500-014,0,NA,NA,NA,NA
2017,2017,Sept,9/26/2017,SEFL,Nearshore,BC1,BC12,BC12-500-043,0,NA,NA,NA,NA
2017,2017,Sept,9/26/2017,SEFL,Nearshore,BC1,BC12,BC12-500-129,0,NA,NA,NA,NA
2017,2017,Sept,9/26/2017,SEFL,Nearshore,BC1,BC12,BC12-500-171,1,Juv,EUNI,EUNI,28
2017,2017,Sept,9/26/2017,SEFL,Nearshore,BC1,BC12,BC12-500-171,1,Juv,UNKO,UNKO,1
2017,2017,Sept,9/26/2017,SEFL,Nearshore,BC1,BC13,BC13-100-090,1,Juv,BRIA,BRIA,39
2017,2017,Sept,9/26/2017,SEFL,Nearshore,BC1,BC13,BC13-100-090,1,Juv,EUNI,EUNI,6
2017,2017,Sept,9/26/2017,SEFL,Nearshore,BC1,BC13,BC13-100-151,0,NA,NA,NA,NA
2017,2017,Sept,9/26/2017,SEFL,Nearshore,BC1,BC13,BC13-100-187,1,Juv,EUNI,EUNI,10
2017,2017,Sept,9/26/2017,SEFL,Nearshore,BC1,BC13,BC13-100-208,0,NA,NA,NA,NA
2017,2017,Sept,9/26/2017,SEFL,Nearshore,BC1,BC13,BC13-500-040,0,NA,NA,NA,NA
2017,2017,Sept,9/26/2017,SEFL,Nearshore,BC1,BC13,BC13-500-089,1,Juv,ANTI,ANTI,5
2017,2017,Sept,9/26/2017,SEFL,Nearshore,BC1,BC13,BC13-500-089,1,Juv,EUNI,EUNI,24
2017,2017,Sept,9/26/2017,SEFL,Nearshore,BC1,BC13,BC13-500-089,1,Juv,EUNI,EUNI,32
2017,2017,Sept,9/26/2017,SEFL,Nearshore,BC1,BC13,BC13-500-089,1,Juv,UNKO,UNKO,2
2017,2017,Sept,9/26/2017,SEFL,Nearshore,BC1,BC13,BC13-500-162,1,Juv,UNKO,UNKO,2
2017,2017,Sept,9/26/2017,SEFL,Nearshore,BC1,BC13,BC13-500-198,1,Juv,EUNI,EUNI,29
2017,2017,Sept,9/26/2017,SEFL,Nearshore,BC1,BC13,BC13-500-198,1,Juv,EUNI,EUNI,22
2017,2017,Sept,9/26/2017,SEFL,Nearshore,BC1,BC13,BC13-500-198,1,Juv,EUNI,EUNI,31
2017,2017,Sept,9/26/2017,SEFL,Nearshore,BC1,BC13,BC13-500-198,1,Juv,EUNI,EUNI,37
2017,2017,Sept,9/26/2017,SEFL,Nearshore,BC1,BC13,BC13-500-198,1,Juv,MURI,MURI,28
2017,2017,Sept,9/26/2017,SEFL,Nearshore,BC1,BC14,BC14-100-049,1,Juv,EUNI,EUNI,9
2017,2017,Sept,9/26/2017,SEFL,Nearshore,BC1,BC14,BC14-100-081,1,Juv,EUNI,EUNI,34
2017,2017,Sept,9/26/2017,SEFL,Nearshore,BC1,BC14,BC14-100-081,1,Juv,UNKO,UNKO,12
2017,2017,Sept,9/26/2017,SEFL,Nearshore,BC1,BC14,BC14-100-185,1,Juv,EUNI,EUNI,39
2017,2017,Sept,9/26/2017,SEFL,Nearshore,BC1,BC14,BC14-100-185,1,Juv,EUNI,EUNI,30
2017,2017,Sept,9/26/2017,SEFL,Nearshore,BC1,BC14,BC14-100-209,1,Juv,EUNI,EUNI,6
2017,2017,Sept,9/26/2017,SEFL,Nearshore,BC1,BC14,BC14-500-026,1,Juv,EUNI,EUNI,10
2017,2017,Sept,9/26/2017,SEFL,Nearshore,BC1,BC14,BC14-500-026,1,Juv,UNKO,UNKO,3
2017,2017,Sept,9/26/2017,SEFL,Nearshore,BC1,BC14,BC14-500-026,1,Juv,UNKO,UNKO,1
2017,2017,Sept,9/26/2017,SEFL,Nearshore,BC1,BC14,BC14-500-082,1,Juv,EUNI,EUNI,31
2017,2017,Sept,9/26/2017,SEFL,Nearshore,BC1,BC14,BC14-500-082,1,Juv,EUNI,EUNI,33
2017,2017,Sept,9/26/2017,SEFL,Nearshore,BC1,BC14,BC14-500-082,1,Juv,PLEL,PLEL,27
2017,2017,Sept,9/26/2017,SEFL,Nearshore,BC1,BC14,BC14-500-082,1,Juv,UNKO,UNKO,1
2017,2017,Sept,9/26/2017,SEFL,Nearshore,BC1,BC14,BC14-500-104,1,Juv,EUNI,EUNI,39
2017,2017,Sept,9/26/2017,SEFL,Nearshore,BC1,BC14,BC14-500-104,1,Juv,EUNI,EUNI,22
2017,2017,Sept,9/26/2017,SEFL,Nearshore,BC1,BC14,BC14-500-104,1,Juv,UNKO,UNKO,1
2017,2017,Sept,9/26/2017,SEFL,Nearshore,BC1,BC14,BC14-500-155,1,Juv,EUNI,EUNI,7
2017,2017,Sept,9/26/2017,SEFL,Nearshore,BC1,BC14,BC14-500-155,1,Juv,UNKO,UNKO,5
2017,2017,Sept,9/29/2017,SEFL,Middle,BC2,BC21,BC21-100-015,1,Juv,PAME,ANTI,17
2017,2017,Sept,9/29/2017,SEFL,Middle,BC2,BC21,BC21-100-015,1,Juv,EUNI,EUNI,7
2017,2017,Sept,9/29/2017,SEFL,Middle,BC2,BC21,BC21-100-015,1,Juv,UNKO,UNKO,1
2017,2017,Sept,9/29/2017,SEFL,Middle,BC2,BC21,BC21-100-070,1,Juv,BRIA,BRIA,8
2017,2017,Sept,9/29/2017,SEFL,Middle,BC2,BC21,BC21-100-070,1,Juv,BRIA,BRIA,5
2017,2017,Sept,9/29/2017,SEFL,Middle,BC2,BC21,BC21-100-070,1,Juv,EUNI,EUNI,10
2017,2017,Sept,9/29/2017,SEFL,Middle,BC2,BC21,BC21-100-070,1,Juv,EUNI,EUNI,15
2017,2017,Sept,9/29/2017,SEFL,Middle,BC2,BC21,BC21-100-070,1,Juv,EUNI,EUNI,3
2017,2017,Sept,9/29/2017,SEFL,Middle,BC2,BC21,BC21-100-070,1,Juv,EUNI,EUNI,6
2017,2017,Sept,9/29/2017,SEFL,Middle,BC2,BC21,BC21-100-070,1,Juv,UNKO,UNKO,2
2017,2017,Sept,9/29/2017,SEFL,Middle,BC2,BC21,BC21-100-070,1,Juv,UNKO,UNKO,1
2017,2017,Sept,9/29/2017,SEFL,Middle,BC2,BC21,BC21-100-088,1,Juv,UNKO,UNKO,1
2017,2017,Sept,9/29/2017,SEFL,Middle,BC2,BC21,BC21-100-151,1,Juv,BRIA,BRIA,5
2017,2017,Sept,9/29/2017,SEFL,Middle,BC2,BC21,BC21-100-151,1,Juv,ECAL,EUNI,10
2017,2017,Sept,9/29/2017,SEFL,Middle,BC2,BC21,BC21-100-151,1,Juv,EUNI,EUNI,30
2017,2017,Sept,9/29/2017,SEFL,Middle,BC2,BC21,BC21-100-151,1,Juv,EUNI,EUNI,21
2017,2017,Sept,9/29/2017,SEFL,Middle,BC2,BC21,BC21-100-151,1,Juv,EUNI,EUNI,23
2017,2017,Sept,9/29/2017,SEFL,Middle,BC2,BC21,BC21-100-151,1,Juv,EUNI,EUNI,8
2017,2017,Sept,9/29/2017,SEFL,Middle,BC2,BC21,BC21-500-028,1,Juv,BRIA,BRIA,9
2017,2017,Sept,9/29/2017,SEFL,Middle,BC2,BC21,BC21-500-028,1,Juv,EUNI,EUNI,28
2017,2017,Sept,9/29/2017,SEFL,Middle,BC2,BC21,BC21-500-028,1,Juv,EUNI,EUNI,25
2017,2017,Sept,9/29/2017,SEFL,Middle,BC2,BC21,BC21-500-074,1,Juv,EUNI,EUNI,29
2017,2017,Sept,9/29/2017,SEFL,Middle,BC2,BC21,BC21-500-074,1,Juv,EUNI,EUNI,10
2017,2017,Sept,9/29/2017,SEFL,Middle,BC2,BC21,BC21-500-074,1,Juv,UNKO,UNKO,4
2017,2017,Sept,9/29/2017,SEFL,Middle,BC2,BC21,BC21-500-174,1,Juv,PAME,ANTI,9
2017,2017,Sept,9/29/2017,SEFL,Middle,BC2,BC21,BC21-500-174,1,Juv,EUNI,EUNI,22
2017,2017,Sept,9/29/2017,SEFL,Middle,BC2,BC21,BC21-500-174,1,Juv,UNKO,UNKO,4
2017,2017,Sept,9/29/2017,SEFL,Middle,BC2,BC21,BC21-500-174,1,Juv,UNKO,UNKO,4
2017,2017,Sept,9/29/2017,SEFL,Middle,BC2,BC21,BC21-500-206,1,Juv,PAME,ANTI,37
2017,2017,Sept,9/29/2017,SEFL,Middle,BC2,BC21,BC21-500-206,1,Juv,EUNI,EUNI,13
2017,2017,Sept,9/29/2017,SEFL,Middle,BC2,BC21,BC21-500-206,1,Juv,EUNI,EUNI,7
2017,2017,Sept,9/29/2017,SEFL,Middle,BC2,BC21,BC21-500-206,1,Juv,EUNI,EUNI,8
2017,2017,Sept,9/29/2017,SEFL,Middle,BC2,BC21,BC21-500-206,1,Juv,UNKO,UNKO,3
2017,2017,Sept,9/29/2017,SEFL,Middle,BC2,BC21,BC21-500-206,1,Juv,UNKO,UNKO,5
2017,2017,Sept,9/29/2017,SEFL,Middle,BC2,BC22,BC22-100-034,1,Juv,ANTI,ANTI,12
2017,2017,Sept,9/29/2017,SEFL,Middle,BC2,BC22,BC22-100-034,1,Iso,BRIA,BRIA,25
2017,2017,Sept,9/29/2017,SEFL,Middle,BC2,BC22,BC22-100-034,1,Juv,EUNI,EUNI,20
2017,2017,Sept,9/29/2017,SEFL,Middle,BC2,BC22,BC22-100-034,1,Juv,EUNI,EUNI,6
2017,2017,Sept,9/29/2017,SEFL,Middle,BC2,BC22,BC22-100-034,1,Juv,PSEU,PSEU,9
2017,2017,Sept,9/29/2017,SEFL,Middle,BC2,BC22,BC22-100-034,1,Juv,UNKO,UNKO,2
2017,2017,Sept,9/29/2017,SEFL,Middle,BC2,BC22,BC22-100-034,1,Juv,UNKO,UNKO,2
2017,2017,Sept,9/29/2017,SEFL,Middle,BC2,BC22,BC22-100-034,1,Juv,UNKO,UNKO,1
2017,2017,Sept,9/29/2017,SEFL,Middle,BC2,BC22,BC22-100-064,1,Juv,BRIA,BRIA,10
2017,2017,Sept,9/29/2017,SEFL,Middle,BC2,BC22,BC22-100-064,1,Juv,EUNI,EUNI,15
2017,2017,Sept,9/29/2017,SEFL,Middle,BC2,BC22,BC22-100-064,1,Juv,EUNI,EUNI,36
2017,2017,Sept,9/29/2017,SEFL,Middle,BC2,BC22,BC22-100-064,1,Juv,EUNI,EUNI,6
2017,2017,Sept,9/29/2017,SEFL,Middle,BC2,BC22,BC22-100-064,1,Juv,MURI,MURI,8
2017,2017,Sept,9/29/2017,SEFL,Middle,BC2,BC22,BC22-100-064,1,Juv,UNKO,UNKO,2
2017,2017,Sept,9/29/2017,SEFL,Middle,BC2,BC22,BC22-100-064,1,Juv,UNKO,UNKO,3
2017,2017,Sept,9/29/2017,SEFL,Middle,BC2,BC22,BC22-100-064,1,Juv,UNKO,UNKO,10
2017,2017,Sept,9/29/2017,SEFL,Middle,BC2,BC22,BC22-100-064,1,Juv,UNKO,UNKO,4
2017,2017,Sept,9/29/2017,SEFL,Middle,BC2,BC22,BC22-100-064,1,Juv,UNKO,UNKO,1
2017,2017,Sept,9/29/2017,SEFL,Middle,BC2,BC22,BC22-100-137,1,Juv,EUNI,EUNI,5
2017,2017,Sept,9/29/2017,SEFL,Middle,BC2,BC22,BC22-100-137,1,Juv,UNKO,UNKO,1
2017,2017,Sept,9/29/2017,SEFL,Middle,BC2,BC22,BC22-100-188,1,Juv,PAME,ANTI,32
2017,2017,Sept,9/29/2017,SEFL,Middle,BC2,BC22,BC22-100-188,1,Juv,EUNI,EUNI,15
2017,2017,Sept,9/29/2017,SEFL,Middle,BC2,BC22,BC22-100-188,1,Juv,UNKO,UNKO,1
2017,2017,Sept,9/29/2017,SEFL,Middle,BC2,BC22,BC22-500-041,1,Juv,GVEN,GVEN,24
2017,2017,Sept,9/29/2017,SEFL,Middle,BC2,BC22,BC22-500-041,1,Juv,BRIA,BRIA,9
2017,2017,Sept,9/29/2017,SEFL,Middle,BC2,BC22,BC22-500-041,1,Juv,BRIA,BRIA,13
2017,2017,Sept,9/29/2017,SEFL,Middle,BC2,BC22,BC22-500-041,1,Juv,BRIA,BRIA,24
2017,2017,Sept,9/29/2017,SEFL,Middle,BC2,BC22,BC22-500-041,1,Juv,EUNI,EUNI,8
2017,2017,Sept,9/29/2017,SEFL,Middle,BC2,BC22,BC22-500-041,1,Juv,EUNI,EUNI,8
2017,2017,Sept,9/29/2017,SEFL,Middle,BC2,BC22,BC22-500-111,1,Juv,ANTI,ANTI,24
2017,2017,Sept,9/29/2017,SEFL,Middle,BC2,BC22,BC22-500-111,1,Juv,BRIA,BRIA,9
2017,2017,Sept,9/29/2017,SEFL,Middle,BC2,BC22,BC22-500-111,1,Juv,BRIA,BRIA,11
2017,2017,Sept,9/29/2017,SEFL,Middle,BC2,BC22,BC22-500-111,1,Juv,BRIA,BRIA,13
2017,2017,Sept,9/29/2017,SEFL,Middle,BC2,BC22,BC22-500-111,1,Juv,UNKO,UNKO,2
2017,2017,Sept,9/29/2017,SEFL,Middle,BC2,BC22,BC22-500-111,1,Uns,UNKO,UNKO,28
2017,2017,Sept,9/29/2017,SEFL,Middle,BC2,BC22,BC22-500-135,1,Juv,BRIA,BRIA,8
2017,2017,Sept,9/29/2017,SEFL,Middle,BC2,BC22,BC22-500-135,1,Juv,BRIA,BRIA,4
2017,2017,Sept,9/29/2017,SEFL,Middle,BC2,BC22,BC22-500-135,1,Juv,UNKO,UNKO,3
2017,2017,Sept,9/29/2017,SEFL,Middle,BC2,BC22,BC22-500-135,1,Juv,UNKO,UNKO,2
2017,2017,Sept,9/29/2017,SEFL,Middle,BC2,BC22,BC22-500-135,1,Juv,UNKO,UNKO,3
2017,2017,Sept,9/29/2017,SEFL,Middle,BC2,BC22,BC22-500-193,1,Juv,ANTI,ANTI,4
2017,2017,Sept,9/29/2017,SEFL,Middle,BC2,BC22,BC22-500-193,1,Juv,BRIA,BRIA,9
2017,2017,Sept,9/29/2017,SEFL,Middle,BC2,BC22,BC22-500-193,1,Juv,BRIA,BRIA,8
2017,2017,Sept,9/29/2017,SEFL,Middle,BC2,BC22,BC22-500-193,1,Juv,BRIA,BRIA,6
2017,2017,Sept,9/29/2017,SEFL,Middle,BC2,BC22,BC22-500-193,1,Juv,BRIA,BRIA,6
2017,2017,Sept,9/29/2017,SEFL,Middle,BC2,BC22,BC22-500-193,1,Juv,UNKO,UNKO,5
2017,2017,Sept,9/29/2017,SEFL,Middle,BC2,BC22,BC22-500-193,1,Juv,UNKO,UNKO,3
2017,2017,Sept,9/29/2017,SEFL,Middle,BC2,BC23,BC23-100-060,1,Juv,EUNI,EUNI,6
2017,2017,Sept,9/29/2017,SEFL,Middle,BC2,BC23,BC23-100-060,1,Juv,UNKO,UNKO,3
2017,2017,Sept,9/29/2017,SEFL,Middle,BC2,BC23,BC23-100-060,1,Juv,UNKO,UNKO,1
2017,2017,Sept,9/29/2017,SEFL,Middle,BC2,BC23,BC23-100-126,1,Juv,PAME,ANTI,13
2017,2017,Sept,9/29/2017,SEFL,Middle,BC2,BC23,BC23-100-126,1,Juv,BRIA,BRIA,5
2017,2017,Sept,9/29/2017,SEFL,Middle,BC2,BC23,BC23-100-165,1,Juv,PAME,ANTI,28
2017,2017,Sept,9/29/2017,SEFL,Middle,BC2,BC23,BC23-100-165,1,Juv,PAME,ANTI,35
2017,2017,Sept,9/29/2017,SEFL,Middle,BC2,BC23,BC23-100-165,1,Juv,EUNI,EUNI,23
2017,2017,Sept,9/29/2017,SEFL,Middle,BC2,BC23,BC23-100-165,1,Juv,EUNI,EUNI,12
2017,2017,Sept,9/29/2017,SEFL,Middle,BC2,BC23,BC23-100-165,1,Juv,EUNI,EUNI,23
2017,2017,Sept,9/29/2017,SEFL,Middle,BC2,BC23,BC23-100-165,1,Juv,EUNI,EUNI,3
2017,2017,Sept,9/29/2017,SEFL,Middle,BC2,BC23,BC23-100-165,1,Juv,GVEN,GVEN,39
2017,2017,Sept,9/29/2017,SEFL,Middle,BC2,BC23,BC23-100-202,1,Juv,EUNI,EUNI,20
2017,2017,Sept,9/29/2017,SEFL,Middle,BC2,BC23,BC23-100-202,1,Juv,EUNI,EUNI,25
2017,2017,Sept,9/29/2017,SEFL,Middle,BC2,BC23,BC23-100-202,1,Juv,UNKO,UNKO,5
2017,2017,Sept,9/29/2017,SEFL,Middle,BC2,BC23,BC23-500-012,1,Juv,EUNI,EUNI,6
2017,2017,Sept,9/29/2017,SEFL,Middle,BC2,BC23,BC23-500-012,1,Juv,EUNI,EUNI,13
2017,2017,Sept,9/29/2017,SEFL,Middle,BC2,BC23,BC23-500-104,1,Juv,UNKO,UNKO,1
2017,2017,Sept,9/29/2017,SEFL,Middle,BC2,BC23,BC23-500-104,1,Juv,UNKO,UNKO,1
2017,2017,Sept,9/29/2017,SEFL,Middle,BC2,BC23,BC23-500-104,1,Juv,UNKO,UNKO,6
2017,2017,Sept,9/29/2017,SEFL,Middle,BC2,BC23,BC23-500-167,1,Juv,BRIA,BRIA,30
2017,2017,Sept,9/29/2017,SEFL,Middle,BC2,BC23,BC23-500-167,1,Juv,UNKO,UNKO,3
2017,2017,Sept,9/29/2017,SEFL,Middle,BC2,BC23,BC23-500-167,1,Juv,UNKO,UNKO,1
2017,2017,Sept,9/29/2017,SEFL,Middle,BC2,BC23,BC23-500-167,1,Juv,UNKO,UNKO,5
2017,2017,Sept,9/29/2017,SEFL,Middle,BC2,BC23,BC23-500-206,1,Juv,EUNI,EUNI,23
2017,2017,Sept,9/29/2017,SEFL,Middle,BC2,BC23,BC23-500-206,1,Juv,EUNI,EUNI,8
2017,2017,Sept,9/29/2017,SEFL,Middle,BC2,BC23,BC23-500-206,1,Juv,UNKO,UNKO,3
2017,2017,Sept,9/29/2017,SEFL,Middle,BC2,BC23,BC23-500-206,1,Juv,UNKO,UNKO,1
2017,2017,Sept,9/29/2017,SEFL,Middle,BC2,BC23,BC23-500-206,1,Juv,UNKO,UNKO,2
2017,2017,Sept,9/29/2017,SEFL,Middle,BC2,BC23,BC23-500-206,1,Juv,UNKO,UNKO,3
2017,2017,Sept,9/29/2017,SEFL,Middle,BC2,BC24,BC24-100-024,1,Juv,MURI,MURI,10
2017,2017,Sept,9/29/2017,SEFL,Middle,BC2,BC24,BC24-100-024,1,Juv,UNKO,UNKO,1
2017,2017,Sept,9/29/2017,SEFL,Middle,BC2,BC24,BC24-100-024,1,Juv,UNKO,UNKO,1
2017,2017,Sept,9/29/2017,SEFL,Middle,BC2,BC24,BC24-100-090,1,Juv,UNKO,UNKO,1
2017,2017,Sept,9/29/2017,SEFL,Middle,BC2,BC24,BC24-100-119,1,Iso,BRIA,BRIA,19
2017,2017,Sept,9/29/2017,SEFL,Middle,BC2,BC24,BC24-100-119,1,Juv,EUNI,EUNI,7
2017,2017,Sept,9/29/2017,SEFL,Middle,BC2,BC24,BC24-100-119,1,Juv,EUNI,EUNI,28
2017,2017,Sept,9/29/2017,SEFL,Middle,BC2,BC24,BC24-100-119,1,Juv,EUNI,EUNI,21
2017,2017,Sept,9/29/2017,SEFL,Middle,BC2,BC24,BC24-100-119,1,Juv,GVEN,GVEN,29
2017,2017,Sept,9/29/2017,SEFL,Middle,BC2,BC24,BC24-100-119,1,Juv,UNKO,UNKO,3
2017,2017,Sept,9/29/2017,SEFL,Middle,BC2,BC24,BC24-100-119,1,Juv,EUNI,EUNI,2
2017,2017,Sept,9/29/2017,SEFL,Middle,BC2,BC24,BC24-100-119,1,Juv,UNKO,UNKO,1
2017,2017,Sept,9/29/2017,SEFL,Middle,BC2,BC24,BC24-100-207,1,Juv,PAME,ANTI,26
2017,2017,Sept,9/29/2017,SEFL,Middle,BC2,BC24,BC24-100-207,1,Juv,BRIA,BRIA,4
2017,2017,Sept,9/29/2017,SEFL,Middle,BC2,BC24,BC24-100-207,1,Juv,BRIA,BRIA,20
2017,2017,Sept,9/29/2017,SEFL,Middle,BC2,BC24,BC24-100-207,1,Juv,UNKO,UNKO,1
2017,2017,Sept,9/29/2017,SEFL,Middle,BC2,BC24,BC24-500-017,1,Juv,BRIA,BRIA,9
2017,2017,Sept,9/29/2017,SEFL,Middle,BC2,BC24,BC24-500-017,1,Juv,BRIA,BRIA,33
2017,2017,Sept,9/29/2017,SEFL,Middle,BC2,BC24,BC24-500-017,1,Juv,EUNI,EUNI,11
2017,2017,Sept,9/29/2017,SEFL,Middle,BC2,BC24,BC24-500-070,1,Juv,ANTI,ANTI,3
2017,2017,Sept,9/29/2017,SEFL,Middle,BC2,BC24,BC24-500-070,1,Juv,ANTI,ANTI,3
2017,2017,Sept,9/29/2017,SEFL,Middle,BC2,BC24,BC24-500-070,1,Juv,BRIA,BRIA,9
2017,2017,Sept,9/29/2017,SEFL,Middle,BC2,BC24,BC24-500-070,1,Uns,EUNI,EUNI,37
2017,2017,Sept,9/29/2017,SEFL,Middle,BC2,BC24,BC24-500-070,1,Juv,EUNI,EUNI,24
2017,2017,Sept,9/29/2017,SEFL,Middle,BC2,BC24,BC24-500-070,1,Juv,MURI,MURI,16
2017,2017,Sept,9/29/2017,SEFL,Middle,BC2,BC24,BC24-500-070,1,Juv,UNKO,UNKO,3
2017,2017,Sept,9/29/2017,SEFL,Middle,BC2,BC24,BC24-500-070,1,Juv,UNKO,UNKO,4
2017,2017,Sept,9/29/2017,SEFL,Middle,BC2,BC24,BC24-500-136,1,Juv,UNKO,UNKO,2
2017,2017,Sept,9/29/2017,SEFL,Middle,BC2,BC24,BC24-500-136,1,Juv,UNKO,UNKO,1
2017,2017,Sept,9/29/2017,SEFL,Middle,BC2,BC24,BC24-500-136,1,Juv,UNKO,UNKO,2
2017,2017,Sept,9/29/2017,SEFL,Middle,BC2,BC24,BC24-500-168,1,Juv,ANTI,ANTI,35
2017,2017,Sept,9/29/2017,SEFL,Middle,BC2,BC24,BC24-500-168,1,Juv,PAME,ANTI,5
2017,2017,Sept,9/29/2017,SEFL,Middle,BC2,BC24,BC24-500-168,1,Juv,PAME,ANTI,25
2017,2017,Sept,9/29/2017,SEFL,Middle,BC2,BC24,BC24-500-168,1,Juv,EUNI,EUNI,8
2017,2017,Sept,9/29/2017,SEFL,Middle,BC2,BC24,BC24-500-168,1,Juv,GVEN,GVEN,30
2017,2017,Sept,9/29/2017,SEFL,Middle,BC2,BC24,BC24-500-168,1,Juv,UNKO,UNKO,1
2017,2017,Sept,9/29/2017,SEFL,Middle,BC2,BC24,BC24-500-168,1,Juv,UNKO,UNKO,1
2017,2017,Oct,10/31/2017,SEFL,Outer,BC3,BC31,BC31-100-015,1,Juv,EUNI,EUNI,37
2017,2017,Oct,10/31/2017,SEFL,Outer,BC3,BC31,BC31-100-015,1,Juv,EUNI,EUNI,20
2017,2017,Oct,10/31/2017,SEFL,Outer,BC3,BC31,BC31-100-015,1,Juv,EUNI,EUNI,12
2017,2017,Oct,10/31/2017,SEFL,Outer,BC3,BC31,BC31-100-050,0,NA,NA,NA,NA
2017,2017,Oct,10/31/2017,SEFL,Outer,BC3,BC31,BC31-100-092,1,Juv,UNKO,UNKO,2
2017,2017,Oct,10/31/2017,SEFL,Outer,BC3,BC31,BC31-100-125,1,Juv,EUNI,EUNI,37
2017,2017,Oct,10/31/2017,SEFL,Outer,BC3,BC31,BC31-100-125,1,Juv,EUNI,EUNI,23
2017,2017,Oct,10/31/2017,SEFL,Outer,BC3,BC31,BC31-100-125,1,Juv,EUNI,EUNI,37
2017,2017,Oct,10/31/2017,SEFL,Outer,BC3,BC31,BC31-100-125,1,Juv,EUNI,EUNI,8
2017,2017,Oct,10/31/2017,SEFL,Outer,BC3,BC31,BC31-100-125,1,Juv,EUNI,EUNI,12
2017,2017,Oct,10/31/2017,SEFL,Outer,BC3,BC31,BC31-500-070,1,Juv,EUNI,EUNI,22
2017,2017,Oct,10/31/2017,SEFL,Outer,BC3,BC31,BC31-500-095,1,Juv,UNKO,UNKO,2
2017,2017,Oct,10/31/2017,SEFL,Outer,BC3,BC31,BC31-500-095,1,Juv,UNKO,UNKO,3
2017,2017,Oct,10/31/2017,SEFL,Outer,BC3,BC31,BC31-500-137,1,Juv,EUNI,EUNI,20
2017,2017,Oct,10/31/2017,SEFL,Outer,BC3,BC31,BC31-500-137,1,Juv,EUNI,EUNI,35
2017,2017,Oct,10/31/2017,SEFL,Outer,BC3,BC31,BC31-500-137,1,Juv,EUNI,EUNI,24
2017,2017,Oct,10/31/2017,SEFL,Outer,BC3,BC31,BC31-500-137,1,Juv,EUNI,EUNI,21
2017,2017,Oct,10/31/2017,SEFL,Outer,BC3,BC31,BC31-500-137,1,Juv,UNKO,UNKO,3
2017,2017,Oct,10/31/2017,SEFL,Outer,BC3,BC31,BC31-500-137,1,Juv,UNKO,UNKO,3
2017,2017,Oct,10/31/2017,SEFL,Outer,BC3,BC31,BC31-500-185,1,Juv,BRIA,BRIA,29
2017,2017,Oct,10/31/2017,SEFL,Outer,BC3,BC31,BC31-500-185,1,Juv,UNKO,UNKO,1
2017,2017,Oct,10/31/2017,SEFL,Outer,BC3,BC31,BC31-500-185,1,Juv,UNKO,UNKO,1
2017,2017,Oct,10/31/2017,SEFL,Outer,BC3,BC31,BC31-500-185,1,Juv,UNKO,UNKO,1
2017,2017,Oct,10/31/2017,SEFL,Outer,BC3,BC31,BC31-500-185,1,Juv,UNKO,UNKO,2
2017,2017,Oct,10/31/2017,SEFL,Outer,BC3,BC32,BC32-100-014,1,Juv,EUNI,EUNI,15
2017,2017,Oct,10/31/2017,SEFL,Outer,BC3,BC32,BC32-100-014,1,Juv,EUNI,EUNI,8
2017,2017,Oct,10/31/2017,SEFL,Outer,BC3,BC32,BC32-100-014,1,Juv,UNKO,UNKO,2
2017,2017,Oct,10/31/2017,SEFL,Outer,BC3,BC32,BC32-100-014,1,Juv,UNKO,UNKO,4
2017,2017,Oct,10/31/2017,SEFL,Outer,BC3,BC32,BC32-100-014,1,Juv,UNKO,UNKO,2
2017,2017,Oct,10/31/2017,SEFL,Outer,BC3,BC32,BC32-100-085,1,Juv,EUNI,EUNI,35
2017,2017,Oct,10/31/2017,SEFL,Outer,BC3,BC32,BC32-100-085,1,Juv,EUNI,EUNI,31
2017,2017,Oct,10/31/2017,SEFL,Outer,BC3,BC32,BC32-100-085,1,Juv,EUNI,EUNI,10
2017,2017,Oct,10/31/2017,SEFL,Outer,BC3,BC32,BC32-100-085,1,Juv,UNKO,UNKO,2
2017,2017,Oct,10/31/2017,SEFL,Outer,BC3,BC32,BC32-100-085,1,Juv,UNKO,UNKO,4
2017,2017,Oct,10/31/2017,SEFL,Outer,BC3,BC32,BC32-100-085,1,Juv,UNKO,UNKO,3
2017,2017,Oct,10/31/2017,SEFL,Outer,BC3,BC32,BC32-100-132,1,Juv,EUNI,EUNI,3
2017,2017,Oct,10/31/2017,SEFL,Outer,BC3,BC32,BC32-100-132,1,Juv,EUNI,EUNI,4
2017,2017,Oct,10/31/2017,SEFL,Outer,BC3,BC32,BC32-100-162,1,Juv,EUNI,EUNI,5
2017,2017,Oct,10/31/2017,SEFL,Outer,BC3,BC32,BC32-100-162,1,Juv,EUNI,EUNI,22
2017,2017,Oct,10/31/2017,SEFL,Outer,BC3,BC32,BC32-100-162,1,Juv,UNKO,UNKO,3
2017,2017,Oct,10/31/2017,SEFL,Outer,BC3,BC32,BC32-500-013,1,Juv,ANTI,ANTI,11
2017,2017,Oct,10/31/2017,SEFL,Outer,BC3,BC32,BC32-500-013,1,Juv,ANTI,ANTI,21
2017,2017,Oct,10/31/2017,SEFL,Outer,BC3,BC32,BC32-500-013,1,Juv,ANTI,ANTI,13
2017,2017,Oct,10/31/2017,SEFL,Outer,BC3,BC32,BC32-500-013,1,Juv,EUNI,EUNI,16
2017,2017,Oct,10/31/2017,SEFL,Outer,BC3,BC32,BC32-500-013,1,Juv,UNKO,UNKO,3
2017,2017,Oct,10/31/2017,SEFL,Outer,BC3,BC32,BC32-500-054,0,NA,NA,NA,NA
2017,2017,Oct,10/31/2017,SEFL,Outer,BC3,BC32,BC32-500-117,1,Juv,EUNI,EUNI,5
2017,2017,Oct,10/31/2017,SEFL,Outer,BC3,BC32,BC32-500-117,1,Juv,EUNI,EUNI,6
2017,2017,Oct,10/31/2017,SEFL,Outer,BC3,BC32,BC32-500-117,1,Juv,EUNI,EUNI,7
2017,2017,Oct,10/31/2017,SEFL,Outer,BC3,BC32,BC32-500-117,1,Juv,UNKO,UNKO,2
2017,2017,Oct,10/31/2017,SEFL,Outer,BC3,BC32,BC32-500-197,1,Juv,UNKO,UNKO,4
2017,2017,Oct,10/31/2017,SEFL,Outer,BC3,BC32,BC32-500-197,1,Juv,UNKO,UNKO,2
2017,2017,Oct,10/31/2017,SEFL,Outer,BC3,BC32,BC32-500-197,1,Juv,UNKO,UNKO,1
2017,2017,Oct,10/31/2017,SEFL,Outer,BC3,BC33,BC33-100-031,1,Juv,EUNI,EUNI,2
2017,2017,Oct,10/31/2017,SEFL,Outer,BC3,BC33,BC33-100-031,1,Juv,UNKO,UNKO,1
2017,2017,Oct,10/31/2017,SEFL,Outer,BC3,BC33,BC33-100-031,1,Juv,UNKO,UNKO,2
2017,2017,Oct,10/31/2017,SEFL,Outer,BC3,BC33,BC33-100-098,1,Uns,BRIA,BRIA,26
2017,2017,Oct,10/31/2017,SEFL,Outer,BC3,BC33,BC33-100-098,1,Juv,BRIA,BRIA,14
2017,2017,Oct,10/31/2017,SEFL,Outer,BC3,BC33,BC33-100-098,1,Juv,EUNI,EUNI,33
2017,2017,Oct,10/31/2017,SEFL,Outer,BC3,BC33,BC33-100-098,1,Juv,UNKO,UNKO,1
2017,2017,Oct,10/31/2017,SEFL,Outer,BC3,BC33,BC33-100-098,1,Juv,UNKO,UNKO,2
2017,2017,Oct,10/31/2017,SEFL,Outer,BC3,BC33,BC33-100-134,1,Juv,BRIA,BRIA,10
2017,2017,Oct,10/31/2017,SEFL,Outer,BC3,BC33,BC33-100-134,1,Juv,UNKO,UNKO,3
2017,2017,Oct,10/31/2017,SEFL,Outer,BC3,BC33,BC33-100-134,1,Juv,UNKO,UNKO,8
2017,2017,Oct,10/31/2017,SEFL,Outer,BC3,BC33,BC33-100-134,1,Juv,UNKO,UNKO,1
2017,2017,Oct,10/31/2017,SEFL,Outer,BC3,BC33,BC33-100-134,1,Juv,UNKO,UNKO,1
2017,2017,Oct,10/31/2017,SEFL,Outer,BC3,BC33,BC33-100-134,1,Juv,UNKO,UNKO,1
2017,2017,Oct,10/31/2017,SEFL,Outer,BC3,BC33,BC33-100-134,1,Juv,UNKO,UNKO,4
2017,2017,Oct,10/31/2017,SEFL,Outer,BC3,BC33,BC33-100-188,1,Juv,EUNI,EUNI,19
2017,2017,Oct,10/31/2017,SEFL,Outer,BC3,BC33,BC33-100-188,1,Juv,EUNI,EUNI,10
2017,2017,Oct,10/31/2017,SEFL,Outer,BC3,BC33,BC33-100-188,1,Juv,UNKO,UNKO,4
2017,2017,Oct,10/31/2017,SEFL,Outer,BC3,BC33,BC33-500-019,1,Juv,ANTI,ANTI,6
2017,2017,Oct,10/31/2017,SEFL,Outer,BC3,BC33,BC33-500-019,1,Juv,EUNI,EUNI,4
2017,2017,Oct,10/31/2017,SEFL,Outer,BC3,BC33,BC33-500-019,1,Juv,EUNI,EUNI,36
2017,2017,Oct,10/31/2017,SEFL,Outer,BC3,BC33,BC33-500-019,1,Juv,UNKO,UNKO,2
2017,2017,Oct,10/31/2017,SEFL,Outer,BC3,BC33,BC33-500-019,1,Juv,UNKO,UNKO,3
2017,2017,Oct,10/31/2017,SEFL,Outer,BC3,BC33,BC33-500-074,1,Juv,EUNI,EUNI,30
2017,2017,Oct,10/31/2017,SEFL,Outer,BC3,BC33,BC33-500-074,1,Juv,EUNI,EUNI,12
2017,2017,Oct,10/31/2017,SEFL,Outer,BC3,BC33,BC33-500-074,1,Juv,EUNI,EUNI,31
2017,2017,Oct,10/31/2017,SEFL,Outer,BC3,BC33,BC33-500-074,1,Juv,UNKO,UNKO,2
2017,2017,Oct,10/31/2017,SEFL,Outer,BC3,BC33,BC33-500-074,1,Juv,UNKO,UNKO,1
2017,2017,Oct,10/31/2017,SEFL,Outer,BC3,BC33,BC33-500-074,1,Juv,UNKO,UNKO,2
2017,2017,Oct,10/31/2017,SEFL,Outer,BC3,BC33,BC33-500-074,1,Juv,UNKO,UNKO,2
2017,2017,Oct,10/31/2017,SEFL,Outer,BC3,BC33,BC33-500-129,1,Juv,EUNI,EUNI,38
2017,2017,Oct,10/31/2017,SEFL,Outer,BC3,BC33,BC33-500-129,1,Juv,UNKO,UNKO,4
2017,2017,Oct,10/31/2017,SEFL,Outer,BC3,BC33,BC33-500-189,1,Juv,EUNI,EUNI,8
2017,2017,Oct,10/31/2017,SEFL,Outer,BC3,BC33,BC33-500-189,1,Juv,UNKO,UNKO,3
2017,2017,Oct,10/31/2017,SEFL,Outer,BC3,BC33,BC33-500-189,1,Juv,UNKO,UNKO,1
2017,2017,Oct,10/31/2017,SEFL,Outer,BC3,BC33,BC33-500-189,1,Juv,UNKO,UNKO,1
2017,2017,Oct,10/31/2017,SEFL,Outer,BC3,BC34,BC34-100-041,1,Juv,UNKO,UNKO,2
2017,2017,Oct,10/31/2017,SEFL,Outer,BC3,BC34,BC34-100-041,1,Juv,UNKO,UNKO,2
2017,2017,Oct,10/31/2017,SEFL,Outer,BC3,BC34,BC34-100-109,1,Juv,EUNI,EUNI,20
2017,2017,Oct,10/31/2017,SEFL,Outer,BC3,BC34,BC34-100-109,1,Juv,EUNI,EUNI,3
2017,2017,Oct,10/31/2017,SEFL,Outer,BC3,BC34,BC34-100-109,1,Juv,EUNI,EUNI,15
2017,2017,Oct,10/31/2017,SEFL,Outer,BC3,BC34,BC34-100-182,1,Juv,EUNI,EUNI,38
2017,2017,Oct,10/31/2017,SEFL,Outer,BC3,BC34,BC34-100-182,1,Juv,UNKO,UNKO,2
2017,2017,Oct,10/31/2017,SEFL,Outer,BC3,BC34,BC34-100-182,1,Juv,UNKO,UNKO,2
2017,2017,Oct,10/31/2017,SEFL,Outer,BC3,BC34,BC34-100-220,1,Juv,EUNI,EUNI,26
2017,2017,Oct,10/31/2017,SEFL,Outer,BC3,BC34,BC34-500-035,1,Juv,EUNI,EUNI,24
2017,2017,Oct,10/31/2017,SEFL,Outer,BC3,BC34,BC34-500-086,1,Juv,EUNI,EUNI,18
2017,2017,Oct,10/31/2017,SEFL,Outer,BC3,BC34,BC34-500-086,1,Juv,EUNI,EUNI,7
2017,2017,Oct,10/31/2017,SEFL,Outer,BC3,BC34,BC34-500-086,1,Juv,UNKO,UNKO,3
2017,2017,Oct,10/31/2017,SEFL,Outer,BC3,BC34,BC34-500-086,1,Juv,UNKO,UNKO,5
2017,2017,Oct,10/31/2017,SEFL,Outer,BC3,BC34,BC34-500-156,1,Juv,EUNI,EUNI,37
2017,2017,Oct,10/31/2017,SEFL,Outer,BC3,BC34,BC34-500-156,1,Juv,EUNI,EUNI,5
2017,2017,Oct,10/31/2017,SEFL,Outer,BC3,BC34,BC34-500-156,1,Juv,EUNI,EUNI,5
2017,2017,Oct,10/31/2017,SEFL,Outer,BC3,BC34,BC34-500-156,1,Juv,UNKO,UNKO,2
2017,2017,Oct,10/31/2017,SEFL,Outer,BC3,BC34,BC34-500-156,1,Juv,UNKO,UNKO,3
2017,2017,Oct,10/31/2017,SEFL,Outer,BC3,BC34,BC34-500-156,1,Juv,UNKO,UNKO,2
2017,2017,Oct,10/31/2017,SEFL,Outer,BC3,BC34,BC34-500-156,1,Juv,UNKO,UNKO,2
2017,2017,Oct,10/31/2017,SEFL,Outer,BC3,BC34,BC34-500-156,1,Juv,UNKO,UNKO,3
2017,2017,Oct,10/31/2017,SEFL,Outer,BC3,BC34,BC34-500-206,1,Juv,EUNI,EUNI,23
2017,2017,Oct,10/31/2017,SEFL,Outer,BC3,BC34,BC34-500-206,1,Juv,EUNI,EUNI,14
2017,2017,Oct,10/31/2017,SEFL,Outer,BC3,BC34,BC34-500-206,1,Juv,EUNI,EUNI,13
2017,2017,Oct,10/31/2017,SEFL,Outer,BC3,BC34,BC34-500-206,1,Juv,UNKO,UNKO,1
2017,2017,Oct,10/31/2017,SEFL,Outer,BC3,BC34,BC34-500-206,1,Juv,UNKO,UNKO,2
2017,2017,Sept,9/30/2017,SEFL,Inner,BC4,BC41,BC41-100-023,1,Juv,EUNI,EUNI,5
2017,2017,Sept,9/30/2017,SEFL,Inner,BC4,BC41,BC41-100-023,1,Juv,UNKO,UNKO,1
2017,2017,Sept,9/30/2017,SEFL,Inner,BC4,BC41,BC41-100-023,1,Juv,UNKO,UNKO,3
2017,2017,Sept,9/30/2017,SEFL,Inner,BC4,BC41,BC41-100-023,1,Juv,UNKO,UNKO,1
2017,2017,Sept,9/30/2017,SEFL,Inner,BC4,BC41,BC41-100-076,1,Juv,UNKO,UNKO,4
2017,2017,Sept,9/30/2017,SEFL,Inner,BC4,BC41,BC41-100-076,1,Juv,UNKO,UNKO,2
2017,2017,Sept,9/30/2017,SEFL,Inner,BC4,BC41,BC41-100-076,1,Juv,UNKO,UNKO,1
2017,2017,Sept,9/30/2017,SEFL,Inner,BC4,BC41,BC41-100-093,1,Juv,UNKO,UNKO,1
2017,2017,Sept,9/27/2017,SEFL,Inner,BC4,BC41,BC41-100-139,1,Juv,BRIA,BRIA,10
2017,2017,Sept,9/27/2017,SEFL,Inner,BC4,BC41,BC41-100-139,1,Juv,EUNI,EUNI,6
2017,2017,Sept,9/27/2017,SEFL,Inner,BC4,BC41,BC41-100-139,1,Juv,MURI,MURI,7
2017,2017,Sept,9/27/2017,SEFL,Inner,BC4,BC41,BC41-100-139,1,Juv,MURI,MURI,8
2017,2017,Sept,9/27/2017,SEFL,Inner,BC4,BC41,BC41-500-035,1,Juv,UNKO,UNKO,2
2017,2017,Sept,9/27/2017,SEFL,Inner,BC4,BC41,BC41-500-035,1,Juv,EUNI,EUNI,3
2017,2017,Sept,9/27/2017,SEFL,Inner,BC4,BC41,BC41-500-035,1,Juv,UNKO,UNKO,1
2017,2017,Sept,9/30/2017,SEFL,Inner,BC4,BC41,BC41-500-106,1,Juv,ANTI,ANTI,7
2017,2017,Sept,9/30/2017,SEFL,Inner,BC4,BC41,BC41-500-106,1,Juv,ANTI,ANTI,7
2017,2017,Sept,9/30/2017,SEFL,Inner,BC4,BC41,BC41-500-106,1,Juv,ANTI,ANTI,20
2017,2017,Sept,9/30/2017,SEFL,Inner,BC4,BC41,BC41-500-106,1,Juv,BRIA,BRIA,14
2017,2017,Sept,9/30/2017,SEFL,Inner,BC4,BC41,BC41-500-106,1,Juv,EUNI,EUNI,4
2017,2017,Sept,9/30/2017,SEFL,Inner,BC4,BC41,BC41-500-106,1,Juv,EUNI,EUNI,4
2017,2017,Sept,9/30/2017,SEFL,Inner,BC4,BC41,BC41-500-106,1,Juv,EUNI,EUNI,5
2017,2017,Sept,9/30/2017,SEFL,Inner,BC4,BC41,BC41-500-106,1,Juv,UNKO,UNKO,2
2017,2017,Sept,9/30/2017,SEFL,Inner,BC4,BC41,BC41-500-106,1,Juv,UNKO,UNKO,2
2017,2017,Sept,9/30/2017,SEFL,Inner,BC4,BC41,BC41-500-106,1,Juv,UNKO,UNKO,1
2017,2017,Sept,9/27/2017,SEFL,Inner,BC4,BC41,BC41-500-126,1,Juv,ANTI/GVEN,AG,2
2017,2017,Sept,9/27/2017,SEFL,Inner,BC4,BC41,BC41-500-126,1,Juv,PAME,ANTI,23
2017,2017,Sept,9/27/2017,SEFL,Inner,BC4,BC41,BC41-500-126,1,Juv,UNKO,UNKO,1
2017,2017,Sept,9/27/2017,SEFL,Inner,BC4,BC41,BC41-500-126,1,Juv,UNKO,UNKO,3
2017,2017,Sept,9/27/2017,SEFL,Inner,BC4,BC41,BC41-500-211,1,Juv,PAME,ANTI,29
2017,2017,Sept,9/27/2017,SEFL,Inner,BC4,BC41,BC41-500-211,1,Juv,EUNI,EUNI,4
2017,2017,Sept,9/30/2017,SEFL,Inner,BC4,BC42,BC42-100-017,1,Juv,ANTI/GVEN,AG,7
2017,2017,Sept,9/30/2017,SEFL,Inner,BC4,BC42,BC42-100-017,1,Juv,BRIA,BRIA,2
2017,2017,Sept,9/30/2017,SEFL,Inner,BC4,BC42,BC42-100-017,1,Juv,BRIA,BRIA,4
2017,2017,Sept,9/30/2017,SEFL,Inner,BC4,BC42,BC42-100-093,1,Juv,ANTI/GVEN,AG,3
2017,2017,Sept,9/30/2017,SEFL,Inner,BC4,BC42,BC42-100-093,1,Juv,BRIA,BRIA,10
2017,2017,Sept,9/30/2017,SEFL,Inner,BC4,BC42,BC42-100-093,1,Juv,EUNI,EUNI,13
2017,2017,Sept,9/30/2017,SEFL,Inner,BC4,BC42,BC42-100-093,1,Juv,EUNI,EUNI,6
2017,2017,Sept,9/30/2017,SEFL,Inner,BC4,BC42,BC42-100-119,1,Juv,BRIA,BRIA,5
2017,2017,Sept,9/30/2017,SEFL,Inner,BC4,BC42,BC42-100-119,1,Juv,BRIA,BRIA,38
2017,2017,Sept,9/30/2017,SEFL,Inner,BC4,BC42,BC42-100-119,1,Juv,EUNI,EUNI,6
2017,2017,Sept,9/30/2017,SEFL,Inner,BC4,BC42,BC42-100-119,1,Juv,EUNI,EUNI,10
2017,2017,Sept,9/30/2017,SEFL,Inner,BC4,BC42,BC42-100-119,1,Juv,EUNI,EUNI,9
2017,2017,Sept,9/30/2017,SEFL,Inner,BC4,BC42,BC42-100-151,1,Juv,ANTI,ANTI,7
2017,2017,Sept,9/30/2017,SEFL,Inner,BC4,BC42,BC42-100-151,1,Juv,ANTI,ANTI,7
2017,2017,Sept,9/30/2017,SEFL,Inner,BC4,BC42,BC42-100-151,1,Juv,BRIA,BRIA,30
2017,2017,Sept,9/30/2017,SEFL,Inner,BC4,BC42,BC42-100-151,1,Juv,EUNI,EUNI,6
2017,2017,Sept,9/30/2017,SEFL,Inner,BC4,BC42,BC42-100-151,1,Juv,EUNI,EUNI,4
2017,2017,Sept,9/30/2017,SEFL,Inner,BC4,BC42,BC42-500-020,1,Juv,BRIA,BRIA,7
2017,2017,Sept,9/30/2017,SEFL,Inner,BC4,BC42,BC42-500-020,1,Juv,BRIA,BRIA,8
2017,2017,Sept,9/30/2017,SEFL,Inner,BC4,BC42,BC42-500-020,1,Juv,BRIA,BRIA,7
2017,2017,Sept,9/30/2017,SEFL,Inner,BC4,BC42,BC42-500-020,1,Juv,BRIA,BRIA,4
2017,2017,Sept,9/30/2017,SEFL,Inner,BC4,BC42,BC42-500-020,1,Juv,BRIA,BRIA,5
2017,2017,Sept,9/30/2017,SEFL,Inner,BC4,BC42,BC42-500-020,1,Juv,UNKO,UNKO,4
2017,2017,Sept,9/30/2017,SEFL,Inner,BC4,BC42,BC42-500-020,1,Juv,UNKO,UNKO,5
2017,2017,Sept,9/30/2017,SEFL,Inner,BC4,BC42,BC42-500-020,1,Juv,UNKO,UNKO,4
2017,2017,Sept,9/30/2017,SEFL,Inner,BC4,BC42,BC42-500-020,1,Juv,UNKO,UNKO,4
2017,2017,Sept,9/30/2017,SEFL,Inner,BC4,BC42,BC42-500-020,1,Juv,UNKO,UNKO,3
2017,2017,Sept,9/30/2017,SEFL,Inner,BC4,BC42,BC42-500-083,1,Juv,EUNI,EUNI,5
2017,2017,Sept,9/30/2017,SEFL,Inner,BC4,BC42,BC42-500-108,1,Juv,GVEN,GVEN,15
2017,2017,Sept,9/30/2017,SEFL,Inner,BC4,BC42,BC42-500-108,1,Juv,UNKO,UNKO,4
2017,2017,Sept,9/30/2017,SEFL,Inner,BC4,BC42,BC42-500-155,1,Juv,EUNI,EUNI,8
2017,2017,Sept,9/30/2017,SEFL,Inner,BC4,BC42,BC42-500-155,1,Juv,EUNI,EUNI,8
2017,2017,Sept,9/30/2017,SEFL,Inner,BC4,BC42,BC42-500-155,1,Juv,GVEN,GVEN,37
2017,2017,Sept,9/30/2017,SEFL,Inner,BC4,BC43,BC43-100-117,1,Juv,EUNI,EUNI,6
2017,2017,Sept,9/30/2017,SEFL,Inner,BC4,BC43,BC43-100-117,1,Juv,EUNI,EUNI,4
2017,2017,Sept,9/30/2017,SEFL,Inner,BC4,BC43,BC43-100-117,1,Juv,EUNI,EUNI,6
2017,2017,Sept,9/30/2017,SEFL,Inner,BC4,BC43,BC43-100-117,1,Juv,UNKO,UNKO,1
2017,2017,Sept,9/30/2017,SEFL,Inner,BC4,BC43,BC43-100-132,1,Juv,UNKO,UNKO,1
2017,2017,Sept,9/30/2017,SEFL,Inner,BC4,BC43,BC43-100-163,0,NA,NA,NA,NA
2017,2017,Sept,9/30/2017,SEFL,Inner,BC4,BC43,BC43-100-199,1,Juv,BRIA,BRIA,5
2017,2017,Sept,9/30/2017,SEFL,Inner,BC4,BC43,BC43-100-199,1,Juv,EUNI,EUNI,4
2017,2017,Sept,9/30/2017,SEFL,Inner,BC4,BC43,BC43-100-199,1,Juv,EUNI,EUNI,5
2017,2017,Sept,9/30/2017,SEFL,Inner,BC4,BC43,BC43-100-199,1,Juv,UNKO,UNKO,1
2017,2017,Sept,9/30/2017,SEFL,Inner,BC4,BC43,BC43-500-042,1,Juv,BRIA,BRIA,17
2017,2017,Sept,9/30/2017,SEFL,Inner,BC4,BC43,BC43-500-042,1,Juv,EUNI,EUNI,18
2017,2017,Sept,9/30/2017,SEFL,Inner,BC4,BC43,BC43-500-042,1,Juv,UNKO,UNKO,3
2017,2017,Sept,9/30/2017,SEFL,Inner,BC4,BC43,BC43-500-042,1,Juv,UNKO,UNKO,3
2017,2017,Sept,9/30/2017,SEFL,Inner,BC4,BC43,BC43-500-042,1,Juv,UNKO,UNKO,3
2017,2017,Sept,9/30/2017,SEFL,Inner,BC4,BC43,BC43-500-061,1,Juv,ANTI,ANTI,3
2017,2017,Sept,9/30/2017,SEFL,Inner,BC4,BC43,BC43-500-061,1,Juv,BRIA,BRIA,9
2017,2017,Sept,9/30/2017,SEFL,Inner,BC4,BC43,BC43-500-061,1,Juv,EUNI,EUNI,9
2017,2017,Sept,9/30/2017,SEFL,Inner,BC4,BC43,BC43-500-061,1,Juv,EUNI,EUNI,5
2017,2017,Sept,9/30/2017,SEFL,Inner,BC4,BC43,BC43-500-061,1,Juv,UNKO,UNKO,11
2017,2017,Sept,9/30/2017,SEFL,Inner,BC4,BC43,BC43-500-061,1,Juv,UNKO,UNKO,2
2017,2017,Sept,9/30/2017,SEFL,Inner,BC4,BC43,BC43-500-091,1,Juv,UNKO,UNKO,3
2017,2017,Sept,9/30/2017,SEFL,Inner,BC4,BC43,BC43-500-176,1,Juv,UNKO,UNKO,1
2017,2017,Sept,9/30/2017,SEFL,Inner,BC4,BC43,BC43-500-176,1,Juv,UNKO,UNKO,2
2017,2017,Sept,9/30/2017,SEFL,Inner,BC4,BC44,BC44-100-061,1,Juv,PAME,ANTI,8
2017,2017,Sept,9/30/2017,SEFL,Inner,BC4,BC44,BC44-100-061,1,Juv,PAME,ANTI,11
2017,2017,Sept,9/30/2017,SEFL,Inner,BC4,BC44,BC44-100-061,1,Juv,UNKO,UNKO,1
2017,2017,Sept,9/30/2017,SEFL,Inner,BC4,BC44,BC44-100-061,1,Juv,UNKO,UNKO,1
2017,2017,Sept,9/30/2017,SEFL,Inner,BC4,BC44,BC44-100-061,1,Juv,UNKO,UNKO,2
2017,2017,Sept,9/30/2017,SEFL,Inner,BC4,BC44,BC44-100-061,1,Juv,UNKO,UNKO,9
2017,2017,Sept,9/30/2017,SEFL,Inner,BC4,BC44,BC44-100-130,1,Juv,BRIA,BRIA,19
2017,2017,Sept,9/30/2017,SEFL,Inner,BC4,BC44,BC44-100-130,1,Juv,BRIA,BRIA,18
2017,2017,Sept,9/30/2017,SEFL,Inner,BC4,BC44,BC44-100-130,1,Juv,EUNI,EUNI,5
2017,2017,Sept,9/30/2017,SEFL,Inner,BC4,BC44,BC44-100-130,1,Juv,UNKO,UNKO,2
2017,2017,Sept,9/30/2017,SEFL,Inner,BC4,BC44,BC44-100-175,1,Juv,BRIA,BRIA,17
2017,2017,Sept,9/30/2017,SEFL,Inner,BC4,BC44,BC44-100-175,1,Juv,BRIA,BRIA,33
2017,2017,Sept,9/30/2017,SEFL,Inner,BC4,BC44,BC44-100-175,1,Juv,EUNI,EUNI,6
2017,2017,Sept,9/30/2017,SEFL,Inner,BC4,BC44,BC44-100-175,1,Juv,EUNI,EUNI,10
2017,2017,Sept,9/30/2017,SEFL,Inner,BC4,BC44,BC44-100-175,1,Juv,EUNI,EUNI,5
2017,2017,Sept,9/30/2017,SEFL,Inner,BC4,BC44,BC44-100-175,1,Juv,UNKO,UNKO,2
2017,2017,Sept,9/30/2017,SEFL,Inner,BC4,BC44,BC44-100-175,1,Juv,UNKO,UNKO,3
2017,2017,Sept,9/30/2017,SEFL,Inner,BC4,BC44,BC44-100-198,1,Juv,EUNI,EUNI,15
2017,2017,Sept,9/30/2017,SEFL,Inner,BC4,BC44,BC44-100-198,1,Juv,EUNI,EUNI,8
2017,2017,Sept,9/30/2017,SEFL,Inner,BC4,BC44,BC44-100-198,1,Juv,EUNI,EUNI,8
2017,2017,Sept,9/30/2017,SEFL,Inner,BC4,BC44,BC44-100-198,1,Juv,UNKO,UNKO,1
2017,2017,Sept,9/30/2017,SEFL,Inner,BC4,BC44,BC44-100-198,1,Juv,UNKO,UNKO,1
2017,2017,Sept,9/30/2017,SEFL,Inner,BC4,BC44,BC44-500-074,1,Juv,ANTI,ANTI,8
2017,2017,Sept,9/30/2017,SEFL,Inner,BC4,BC44,BC44-500-074,1,Juv,ANTI,ANTI,14
2017,2017,Sept,9/30/2017,SEFL,Inner,BC4,BC44,BC44-500-074,1,Juv,PAME,ANTI,13
2017,2017,Sept,9/30/2017,SEFL,Inner,BC4,BC44,BC44-500-074,1,Juv,EUNI,EUNI,5
2017,2017,Sept,9/30/2017,SEFL,Inner,BC4,BC44,BC44-500-074,1,Juv,EUNI,EUNI,7
2017,2017,Sept,9/30/2017,SEFL,Inner,BC4,BC44,BC44-500-074,1,Juv,UNKO,UNKO,2
2017,2017,Sept,9/30/2017,SEFL,Inner,BC4,BC44,BC44-500-112,1,Juv,PAME,ANTI,23
2017,2017,Sept,9/30/2017,SEFL,Inner,BC4,BC44,BC44-500-112,1,Juv,EUNI,EUNI,7
2017,2017,Sept,9/30/2017,SEFL,Inner,BC4,BC44,BC44-500-112,1,Juv,UNKO,UNKO,1
2017,2017,Sept,9/30/2017,SEFL,Inner,BC4,BC44,BC44-500-147,1,Juv,BRIA,BRIA,11
2017,2017,Sept,9/30/2017,SEFL,Inner,BC4,BC44,BC44-500-147,1,Juv,BRIA,BRIA,5
2017,2017,Sept,9/30/2017,SEFL,Inner,BC4,BC44,BC44-500-147,1,Juv,UNKO,UNKO,1
2017,2017,Sept,9/30/2017,SEFL,Inner,BC4,BC44,BC44-500-170,1,Juv,BRIA,BRIA,13
2017,2017,Sept,9/30/2017,SEFL,Inner,BC4,BC44,BC44-500-170,1,Juv,UNKO,UNKO,3
2017,2017,Oct,10/16/2017,SEFL,Inner,DC1,DC11,DC11-100-048,1,Juv,BRIA,BRIA,3
2017,2017,Oct,10/16/2017,SEFL,Inner,DC1,DC11,DC11-100-048,1,Juv,GVEN,GVEN,32
2017,2017,Oct,10/16/2017,SEFL,Inner,DC1,DC11,DC11-100-059,0,NA,NA,NA,NA
2017,2017,Oct,10/16/2017,SEFL,Inner,DC1,DC11,DC11-100-082,0,NA,NA,NA,NA
2017,2017,Oct,10/16/2017,SEFL,Inner,DC1,DC11,DC11-100-171,0,NA,NA,NA,NA
2017,2017,Oct,10/16/2017,SEFL,Inner,DC1,DC11,DC11-500-045,1,Juv,EUNI,EUNI,11
2017,2017,Oct,10/16/2017,SEFL,Inner,DC1,DC11,DC11-500-106,1,Juv,BRIA,BRIA,15
2017,2017,Oct,10/16/2017,SEFL,Inner,DC1,DC11,DC11-500-106,1,Juv,BRIA,BRIA,34
2017,2017,Oct,10/16/2017,SEFL,Inner,DC1,DC11,DC11-500-106,1,Juv,UNKO,UNKO,1
2017,2017,Oct,10/16/2017,SEFL,Inner,DC1,DC11,DC11-500-138,1,Juv,PAME,ANTI,18
2017,2017,Oct,10/16/2017,SEFL,Inner,DC1,DC11,DC11-500-138,1,Juv,BRIA,BRIA,2
2017,2017,Oct,10/16/2017,SEFL,Inner,DC1,DC11,DC11-500-138,1,Juv,BRIA,BRIA,7
2017,2017,Oct,10/16/2017,SEFL,Inner,DC1,DC11,DC11-500-204,1,Juv,BRIA,BRIA,2
2017,2017,Oct,10/16/2017,SEFL,Inner,DC1,DC11,DC11-500-204,1,Juv,BRIA,BRIA,2
2017,2017,Oct,10/16/2017,SEFL,Inner,DC1,DC11,DC11-500-204,1,Juv,EUNI,EUNI,35
2017,2017,Oct,10/16/2017,SEFL,Inner,DC1,DC12,DC12-100-027,0,NA,NA,NA,NA
2017,2017,Oct,10/16/2017,SEFL,Inner,DC1,DC12,DC12-100-087,0,NA,NA,NA,NA
2017,2017,Oct,10/16/2017,SEFL,Inner,DC1,DC12,DC12-100-166,1,Iso,EUNI,EUNI,33
2017,2017,Oct,10/16/2017,SEFL,Inner,DC1,DC12,DC12-100-166,1,Juv,EUNI,EUNI,7
2017,2017,Oct,10/16/2017,SEFL,Inner,DC1,DC12,DC12-100-211,0,NA,NA,NA,NA
2017,2017,Oct,10/16/2017,SEFL,Inner,DC1,DC12,DC12-500-042,0,NA,NA,NA,NA
2017,2017,Oct,10/16/2017,SEFL,Inner,DC1,DC12,DC12-500-071,1,Iso,EUNI,EUNI,35
2017,2017,Oct,10/16/2017,SEFL,Inner,DC1,DC12,DC12-500-071,1,Juv,EUNI,EUNI,3
2017,2017,Oct,10/16/2017,SEFL,Inner,DC1,DC12,DC12-500-071,1,Juv,EUNI,EUNI,12
2017,2017,Oct,10/16/2017,SEFL,Inner,DC1,DC12,DC12-500-071,1,Juv,GVEN,GVEN,10
2017,2017,Oct,10/16/2017,SEFL,Inner,DC1,DC12,DC12-500-166,0,NA,NA,NA,NA
2017,2017,Oct,10/16/2017,SEFL,Inner,DC1,DC12,DC12-500-192,0,NA,NA,NA,NA
2017,2017,Oct,10/16/2017,SEFL,Inner,DC1,DC13,DC13-100-083,1,Juv,BRIA,BRIA,9
2017,2017,Oct,10/16/2017,SEFL,Inner,DC1,DC13,DC13-100-083,1,Juv,UNKO,UNKO,1
2017,2017,Oct,10/16/2017,SEFL,Inner,DC1,DC13,DC13-100-083,1,Juv,UNKO,UNKO,2
2017,2017,Oct,10/16/2017,SEFL,Inner,DC1,DC13,DC13-100-083,1,Juv,UNKO,UNKO,2
2017,2017,Oct,10/16/2017,SEFL,Inner,DC1,DC13,DC13-100-091,1,Juv,UNKO,UNKO,5
2017,2017,Oct,10/16/2017,SEFL,Inner,DC1,DC13,DC13-100-158,1,Juv,BRIA,BRIA,17
2017,2017,Oct,10/16/2017,SEFL,Inner,DC1,DC13,DC13-100-186,1,Juv,EUNI,EUNI,27
2017,2017,Oct,10/16/2017,SEFL,Inner,DC1,DC13,DC13-100-186,1,Juv,EUNI,EUNI,38
2017,2017,Oct,10/16/2017,SEFL,Inner,DC1,DC13,DC13-100-186,1,Juv,EUNI,EUNI,23
2017,2017,Oct,10/16/2017,SEFL,Inner,DC1,DC13,DC13-500-036,0,NA,NA,NA,NA
2017,2017,Oct,10/16/2017,SEFL,Inner,DC1,DC13,DC13-500-092,0,NA,NA,NA,NA
2017,2017,Oct,10/16/2017,SEFL,Inner,DC1,DC13,DC13-500-128,1,Juv,UNKO,UNKO,3
2017,2017,Oct,10/16/2017,SEFL,Inner,DC1,DC13,DC13-500-128,1,Juv,UNKO,UNKO,3
2017,2017,Oct,10/16/2017,SEFL,Inner,DC1,DC13,DC13-500-192,1,Juv,BRIA,BRIA,4
2017,2017,Oct,10/16/2017,SEFL,Inner,DC1,DC13,DC13-500-192,1,Juv,BRIA,BRIA,20
2017,2017,Oct,10/16/2017,SEFL,Inner,DC1,DC13,DC13-500-192,1,Juv,BRIA,BRIA,10
2017,2017,Oct,10/16/2017,SEFL,Inner,DC1,DC13,DC13-500-192,1,Juv,MURI,MURI,5
2017,2017,Oct,10/16/2017,SEFL,Inner,DC1,DC14,DC14-100-036,1,Juv,UNKO,UNKO,8
2017,2017,Oct,10/16/2017,SEFL,Inner,DC1,DC14,DC14-100-081,1,Juv,BRIA,BRIA,6
2017,2017,Oct,10/16/2017,SEFL,Inner,DC1,DC14,DC14-100-081,1,Juv,UNKO,UNKO,7
2017,2017,Oct,10/16/2017,SEFL,Inner,DC1,DC14,DC14-100-144,1,Juv,BRIA,BRIA,11
2017,2017,Oct,10/16/2017,SEFL,Inner,DC1,DC14,DC14-100-144,1,Juv,BRIA,BRIA,5
2017,2017,Oct,10/16/2017,SEFL,Inner,DC1,DC14,DC14-100-184,1,Juv,BRIA,BRIA,3
2017,2017,Oct,10/16/2017,SEFL,Inner,DC1,DC14,DC14-500-022,1,Juv,UNKO,UNKO,3
2017,2017,Oct,10/16/2017,SEFL,Inner,DC1,DC14,DC14-500-101,0,NA,NA,NA,NA
2017,2017,Oct,10/16/2017,SEFL,Inner,DC1,DC14,DC14-500-178,1,Juv,EUNI,EUNI,7
2017,2017,Oct,10/16/2017,SEFL,Inner,DC1,DC14,DC14-500-205,1,Juv,PAME,ANTI,30
2017,2017,Oct,10/16/2017,SEFL,Inner,DC1,DC14,DC14-500-205,1,Juv,BRIA,BRIA,4
2017,2017,Oct,10/16/2017,SEFL,Inner,DC1,DC14,DC14-500-205,1,Juv,BRIA,BRIA,5
2017,2017,Oct,10/16/2017,SEFL,Inner,DC1,DC14,DC14-500-205,1,Juv,UNKO,UNKO,1
2017,2017,Oct,10/31/2017,SEFL,Middle,DC2,DC21,DC21-100-020,1,Juv,ANTI,ANTI,35
2017,2017,Oct,10/31/2017,SEFL,Middle,DC2,DC21,DC21-100-020,1,Juv,ANTI,ANTI,5
2017,2017,Oct,10/31/2017,SEFL,Middle,DC2,DC21,DC21-100-020,1,Juv,BRIA,BRIA,5
2017,2017,Oct,10/31/2017,SEFL,Middle,DC2,DC21,DC21-100-020,1,Juv,BRIA,BRIA,5
2017,2017,Oct,10/31/2017,SEFL,Middle,DC2,DC21,DC21-100-020,1,Juv,EUNI,EUNI,31
2017,2017,Oct,10/31/2017,SEFL,Middle,DC2,DC21,DC21-100-020,1,Juv,EUNI,EUNI,13
2017,2017,Oct,10/31/2017,SEFL,Middle,DC2,DC21,DC21-100-087,1,Juv,BRIA,BRIA,5
2017,2017,Oct,10/31/2017,SEFL,Middle,DC2,DC21,DC21-100-087,1,Juv,UNKO,UNKO,4
2017,2017,Oct,10/31/2017,SEFL,Middle,DC2,DC21,DC21-100-122,1,Juv,UNKO,UNKO,3
2017,2017,Oct,10/31/2017,SEFL,Middle,DC2,DC21,DC21-100-122,1,Juv,UNKO,UNKO,12
2017,2017,Oct,10/31/2017,SEFL,Middle,DC2,DC21,DC21-100-170,1,Juv,ANTI,ANTI,17
2017,2017,Oct,10/31/2017,SEFL,Middle,DC2,DC21,DC21-100-170,1,Juv,UNKO,UNKO,3
2017,2017,Oct,10/31/2017,SEFL,Middle,DC2,DC21,DC21-500-036,0,NA,NA,NA,NA
2017,2017,Oct,10/31/2017,SEFL,Middle,DC2,DC21,DC21-500-066,1,Juv,PAME,ANTI,28
2017,2017,Oct,10/31/2017,SEFL,Middle,DC2,DC21,DC21-500-066,1,Juv,UNKO,UNKO,1
2017,2017,Oct,10/31/2017,SEFL,Middle,DC2,DC21,DC21-500-084,1,Juv,PAME,ANTI,20
2017,2017,Oct,10/31/2017,SEFL,Middle,DC2,DC21,DC21-500-106,1,Juv,ANTI/GVEN,AG,8
2017,2017,Oct,10/31/2017,SEFL,Middle,DC2,DC21,DC21-500-106,1,Juv,ANTI,ANTI,11
2017,2017,Oct,10/31/2017,SEFL,Middle,DC2,DC21,DC21-500-106,1,Juv,EUNI,EUNI,7
2017,2017,Oct,10/31/2017,SEFL,Middle,DC2,DC22,DC22-100-040,1,Juv,PAME,ANTI,30
2017,2017,Oct,10/31/2017,SEFL,Middle,DC2,DC22,DC22-100-040,1,Juv,PAME,ANTI,32
2017,2017,Oct,10/31/2017,SEFL,Middle,DC2,DC22,DC22-100-040,1,Juv,BRIA,BRIA,3
2017,2017,Oct,10/31/2017,SEFL,Middle,DC2,DC22,DC22-100-040,1,Juv,EUNI,EUNI,5
2017,2017,Oct,10/31/2017,SEFL,Middle,DC2,DC22,DC22-100-040,1,Juv,EUNI,EUNI,3
2017,2017,Oct,10/31/2017,SEFL,Middle,DC2,DC22,DC22-100-040,1,Juv,EUNI,EUNI,5
2017,2017,Oct,10/31/2017,SEFL,Middle,DC2,DC22,DC22-100-040,1,Juv,UNKO,UNKO,1
2017,2017,Oct,10/31/2017,SEFL,Middle,DC2,DC22,DC22-100-094,1,Juv,ANTI,ANTI,8
2017,2017,Oct,10/31/2017,SEFL,Middle,DC2,DC22,DC22-100-094,1,Juv,ANTI,ANTI,3
2017,2017,Oct,10/31/2017,SEFL,Middle,DC2,DC22,DC22-100-094,1,Juv,EUNI,EUNI,20
2017,2017,Oct,10/31/2017,SEFL,Middle,DC2,DC22,DC22-100-094,1,Juv,EUNI,EUNI,13
2017,2017,Oct,10/31/2017,SEFL,Middle,DC2,DC22,DC22-100-094,1,Juv,EUNI,EUNI,3
2017,2017,Oct,10/31/2017,SEFL,Middle,DC2,DC22,DC22-100-094,1,Juv,UNKO,UNKO,1
2017,2017,Oct,10/31/2017,SEFL,Middle,DC2,DC22,DC22-100-094,1,Juv,UNKO,UNKO,2
2017,2017,Oct,10/31/2017,SEFL,Middle,DC2,DC22,DC22-100-094,1,Juv,UNKO,UNKO,2
2017,2017,Oct,10/31/2017,SEFL,Middle,DC2,DC22,DC22-100-094,1,Juv,UNKO,UNKO,2
2017,2017,Oct,10/31/2017,SEFL,Middle,DC2,DC22,DC22-100-094,1,Juv,UNKO,UNKO,3
2017,2017,Oct,10/31/2017,SEFL,Middle,DC2,DC22,DC22-100-157,1,Juv,PAME,ANTI,33
2017,2017,Oct,10/31/2017,SEFL,Middle,DC2,DC22,DC22-100-157,1,Juv,BRIA,BRIA,4
2017,2017,Oct,10/31/2017,SEFL,Middle,DC2,DC22,DC22-100-157,1,Juv,BRIA,BRIA,4
2017,2017,Oct,10/31/2017,SEFL,Middle,DC2,DC22,DC22-100-157,1,Juv,UNKO,UNKO,1
2017,2017,Oct,10/31/2017,SEFL,Middle,DC2,DC22,DC22-100-193,1,Juv,ANTI,ANTI,10
2017,2017,Oct,10/31/2017,SEFL,Middle,DC2,DC22,DC22-100-193,1,Juv,ECAL,EUNI,10
2017,2017,Oct,10/31/2017,SEFL,Middle,DC2,DC22,DC22-100-193,1,Juv,ECAL,EUNI,28
2017,2017,Oct,10/31/2017,SEFL,Middle,DC2,DC22,DC22-100-193,1,Juv,UNKO,UNKO,1
2017,2017,Oct,10/31/2017,SEFL,Middle,DC2,DC22,DC22-500-002,1,Juv,EUNI,EUNI,14
2017,2017,Oct,10/31/2017,SEFL,Middle,DC2,DC22,DC22-500-078,1,Juv,ANTI,ANTI,38
2017,2017,Oct,10/31/2017,SEFL,Middle,DC2,DC22,DC22-500-078,1,Juv,ANTI,ANTI,6
2017,2017,Oct,10/31/2017,SEFL,Middle,DC2,DC22,DC22-500-078,1,Juv,ANTI,ANTI,8
2017,2017,Oct,10/31/2017,SEFL,Middle,DC2,DC22,DC22-500-078,1,Juv,EUNI,EUNI,8
2017,2017,Oct,10/31/2017,SEFL,Middle,DC2,DC22,DC22-500-078,1,Juv,UNKO,UNKO,8
2017,2017,Oct,10/31/2017,SEFL,Middle,DC2,DC22,DC22-500-078,1,Juv,UNKO,UNKO,4
2017,2017,Oct,10/31/2017,SEFL,Middle,DC2,DC22,DC22-500-078,1,Juv,UNKO,UNKO,2
2017,2017,Oct,10/31/2017,SEFL,Middle,DC2,DC22,DC22-500-078,1,Juv,UNKO,UNKO,2
2017,2017,Oct,10/31/2017,SEFL,Middle,DC2,DC22,DC22-500-109,0,NA,NA,NA,NA
2017,2017,Oct,10/31/2017,SEFL,Middle,DC2,DC22,DC22-500-134,1,Juv,UNKO,UNKO,4
2017,2017,Oct,10/31/2017,SEFL,Middle,DC2,DC22,DC22-500-134,1,Juv,UNKO,UNKO,2
2017,2017,Oct,10/31/2017,SEFL,Middle,DC2,DC22,DC22-500-134,1,Juv,UNKO,UNKO,2
2017,2017,Oct,10/31/2017,SEFL,Middle,DC2,DC22,DC22-500-134,1,Juv,UNKO,UNKO,2
2017,2017,Oct,10/31/2017,SEFL,Middle,DC2,DC22,DC22-500-134,1,Juv,UNKO,UNKO,3
2017,2017,Oct,10/31/2017,SEFL,Middle,DC2,DC23,DC23-100-037,1,Juv,UNKO,UNKO,2
2017,2017,Oct,10/31/2017,SEFL,Middle,DC2,DC23,DC23-100-049,1,Juv,ANTI,ANTI,4
2017,2017,Oct,10/31/2017,SEFL,Middle,DC2,DC23,DC23-100-049,1,Juv,PAME,ANTI,25
2017,2017,Oct,10/31/2017,SEFL,Middle,DC2,DC23,DC23-100-049,1,Juv,PAME,ANTI,28
2017,2017,Oct,10/31/2017,SEFL,Middle,DC2,DC23,DC23-100-049,1,Juv,PAME,ANTI,25
2017,2017,Oct,10/31/2017,SEFL,Middle,DC2,DC23,DC23-100-144,1,Juv,EUNI,EUNI,19
2017,2017,Oct,10/31/2017,SEFL,Middle,DC2,DC23,DC23-100-144,1,Juv,EUNI,EUNI,4
2017,2017,Oct,10/31/2017,SEFL,Middle,DC2,DC23,DC23-100-169,1,Juv,EUNI,EUNI,4
2017,2017,Oct,10/31/2017,SEFL,Middle,DC2,DC23,DC23-100-169,1,Juv,MURI,MURI,7
2017,2017,Oct,10/31/2017,SEFL,Middle,DC2,DC23,DC23-100-169,1,Juv,UNKO,UNKO,2
2017,2017,Oct,10/31/2017,SEFL,Middle,DC2,DC23,DC23-100-169,1,Juv,UNKO,UNKO,2
2017,2017,Oct,10/31/2017,SEFL,Middle,DC2,DC23,DC23-500-007,1,Juv,EUNI,EUNI,13
2017,2017,Oct,10/31/2017,SEFL,Middle,DC2,DC23,DC23-500-007,1,Juv,EUNI,EUNI,10
2017,2017,Oct,10/31/2017,SEFL,Middle,DC2,DC23,DC23-500-034,1,Juv,PAME,ANTI,33
2017,2017,Oct,10/31/2017,SEFL,Middle,DC2,DC23,DC23-500-034,1,Juv,EUNI,EUNI,5
2017,2017,Oct,10/31/2017,SEFL,Middle,DC2,DC23,DC23-500-034,1,Juv,UNKO,UNKO,7
2017,2017,Oct,10/31/2017,SEFL,Middle,DC2,DC23,DC23-500-125,1,Juv,PAME,ANTI,39
2017,2017,Oct,10/31/2017,SEFL,Middle,DC2,DC23,DC23-500-125,1,Juv,PAME,ANTI,26
2017,2017,Oct,10/31/2017,SEFL,Middle,DC2,DC23,DC23-500-125,1,Juv,EUNI,EUNI,20
2017,2017,Oct,10/31/2017,SEFL,Middle,DC2,DC23,DC23-500-125,1,Juv,UNKO,UNKO,5
2017,2017,Oct,10/31/2017,SEFL,Middle,DC2,DC23,DC23-500-125,1,Juv,UNKO,UNKO,4
2017,2017,Oct,10/31/2017,SEFL,Middle,DC2,DC23,DC23-500-172,1,Juv,EUNI,EUNI,19
2017,2017,Oct,10/31/2017,SEFL,Middle,DC2,DC23,DC23-500-172,1,Juv,UNKO,UNKO,3
2017,2017,Oct,10/31/2017,SEFL,Middle,DC2,DC23,DC23-500-172,1,Juv,UNKO,UNKO,4
2017,2017,Oct,10/31/2017,SEFL,Middle,DC2,DC24,DC24-100-067,1,Juv,EUNI,EUNI,7
2017,2017,Oct,10/31/2017,SEFL,Middle,DC2,DC24,DC24-100-067,1,Juv,EUNI,EUNI,26
2017,2017,Oct,10/31/2017,SEFL,Middle,DC2,DC24,DC24-100-067,1,Juv,UNKO,UNKO,2
2017,2017,Oct,10/31/2017,SEFL,Middle,DC2,DC24,DC24-100-067,1,Juv,UNKO,UNKO,3
2017,2017,Oct,10/31/2017,SEFL,Middle,DC2,DC24,DC24-100-089,1,Juv,EUNI,EUNI,5
2017,2017,Oct,10/31/2017,SEFL,Middle,DC2,DC24,DC24-100-089,1,Juv,UNKO,UNKO,3
2017,2017,Oct,10/31/2017,SEFL,Middle,DC2,DC24,DC24-100-089,1,Juv,UNKO,UNKO,4
2017,2017,Oct,10/31/2017,SEFL,Middle,DC2,DC24,DC24-100-089,1,Juv,UNKO,UNKO,4
2017,2017,Oct,10/31/2017,SEFL,Middle,DC2,DC24,DC24-100-114,1,Juv,EUNI,EUNI,4
2017,2017,Oct,10/31/2017,SEFL,Middle,DC2,DC24,DC24-100-114,1,Juv,EUNI,EUNI,14
2017,2017,Oct,10/31/2017,SEFL,Middle,DC2,DC24,DC24-100-114,1,Juv,UNKO,UNKO,1
2017,2017,Oct,10/31/2017,SEFL,Middle,DC2,DC24,DC24-100-191,1,Juv,PAME,ANTI,22
2017,2017,Oct,10/31/2017,SEFL,Middle,DC2,DC24,DC24-100-191,1,Juv,UNKO,UNKO,2
2017,2017,Oct,10/31/2017,SEFL,Middle,DC2,DC24,DC24-500-045,1,Juv,EUNI,EUNI,14
2017,2017,Oct,10/31/2017,SEFL,Middle,DC2,DC24,DC24-500-045,1,Juv,EUNI,EUNI,7
2017,2017,Oct,10/31/2017,SEFL,Middle,DC2,DC24,DC24-500-045,1,Juv,UNKO,UNKO,11
2017,2017,Oct,10/31/2017,SEFL,Middle,DC2,DC24,DC24-500-120,0,NA,NA,NA,NA
2017,2017,Oct,10/31/2017,SEFL,Middle,DC2,DC24,DC24-500-154,0,NA,NA,NA,NA
2017,2017,Oct,10/31/2017,SEFL,Middle,DC2,DC24,DC24-500-223,1,Juv,ANTI,ANTI,25
2017,2017,Oct,10/18/2017,SEFL,Outer,DC3,DC31,DC31-100-097,1,Juv,EUNI,EUNI,15
2017,2017,Oct,10/18/2017,SEFL,Outer,DC3,DC31,DC31-100-116,1,Juv,EUNI,EUNI,21
2017,2017,Oct,10/18/2017,SEFL,Outer,DC3,DC31,DC31-100-116,1,Juv,EUNI,EUNI,15
2017,2017,Oct,10/18/2017,SEFL,Outer,DC3,DC31,DC31-100-141,1,Juv,BRIA,BRIA,11
2017,2017,Oct,10/18/2017,SEFL,Outer,DC3,DC31,DC31-100-141,1,Juv,BRIA,BRIA,22
2017,2017,Oct,10/18/2017,SEFL,Outer,DC3,DC31,DC31-100-141,1,Juv,BRIA,BRIA,15
2017,2017,Oct,10/18/2017,SEFL,Outer,DC3,DC31,DC31-100-199,0,NA,NA,NA,NA
2017,2017,Oct,10/18/2017,SEFL,Outer,DC3,DC31,DC31-500-133,0,NA,NA,NA,NA
2017,2017,Oct,10/18/2017,SEFL,Outer,DC3,DC31,DC31-500-167,1,Juv,UNKO,UNKO,2
2017,2017,Oct,10/18/2017,SEFL,Outer,DC3,DC31,DC31-500-167,1,Juv,UNKO,UNKO,1
2017,2017,Oct,10/18/2017,SEFL,Outer,DC3,DC31,DC31-500-167,1,Juv,UNKO,UNKO,1
2017,2017,Oct,10/18/2017,SEFL,Outer,DC3,DC31,DC31-500-167,1,Juv,UNKO,UNKO,2
2017,2017,Oct,10/18/2017,SEFL,Outer,DC3,DC31,DC31-500-167,1,Juv,UNKO,UNKO,1
2017,2017,Oct,10/18/2017,SEFL,Outer,DC3,DC31,DC31-500-167,1,Juv,UNKO,UNKO,2
2017,2017,Oct,10/18/2017,SEFL,Outer,DC3,DC31,DC31-500-167,1,Juv,UNKO,UNKO,7
2017,2017,Oct,10/18/2017,SEFL,Outer,DC3,DC31,DC31-500-198,1,Juv,PAME,ANTI,24
2017,2017,Oct,10/18/2017,SEFL,Outer,DC3,DC31,DC31-500-198,1,Juv,EUNI,EUNI,5
2017,2017,Oct,10/18/2017,SEFL,Outer,DC3,DC31,DC31-500-198,1,Juv,UNKO,UNKO,1
2017,2017,Oct,10/18/2017,SEFL,Outer,DC3,DC31,DC31-500-209,1,Juv,UNKO,UNKO,1
2017,2017,Oct,10/18/2017,SEFL,Outer,DC3,DC32,DC32-100-119,1,Juv,BRIA,BRIA,20
2017,2017,Oct,10/18/2017,SEFL,Outer,DC3,DC32,DC32-100-119,1,Juv,EUNI,EUNI,5
2017,2017,Oct,10/18/2017,SEFL,Outer,DC3,DC32,DC32-100-119,1,Juv,UNKO,UNKO,1
2017,2017,Oct,10/18/2017,SEFL,Outer,DC3,DC32,DC32-100-131,0,NA,NA,NA,NA
2017,2017,Oct,10/18/2017,SEFL,Outer,DC3,DC32,DC32-100-170,0,NA,NA,NA,NA
2017,2017,Oct,10/18/2017,SEFL,Outer,DC3,DC32,DC32-100-179,1,Juv,ANTI,ANTI,3
2017,2017,Oct,10/18/2017,SEFL,Outer,DC3,DC32,DC32-100-179,1,Juv,UNKO,UNKO,1
2017,2017,Oct,10/18/2017,SEFL,Outer,DC3,DC32,DC32-500-119,0,NA,NA,NA,NA
2017,2017,Oct,10/18/2017,SEFL,Outer,DC3,DC32,DC32-500-160,0,NA,NA,NA,NA
2017,2017,Oct,10/18/2017,SEFL,Outer,DC3,DC32,DC32-500-173,0,NA,NA,NA,NA
2017,2017,Oct,10/18/2017,SEFL,Outer,DC3,DC32,DC32-500-208,0,NA,NA,NA,NA
2017,2017,Oct,10/18/2017,SEFL,Outer,DC3,DC33,DC33-100-112,0,NA,NA,NA,NA
2017,2017,Oct,10/18/2017,SEFL,Outer,DC3,DC33,DC33-100-155,1,Juv,UNKO,UNKO,3
2017,2017,Oct,10/18/2017,SEFL,Outer,DC3,DC33,DC33-100-181,0,NA,NA,NA,NA
2017,2017,Oct,10/18/2017,SEFL,Outer,DC3,DC33,DC33-100-220,1,Juv,ANTI/GVEN,AG,2
2017,2017,Oct,10/18/2017,SEFL,Outer,DC3,DC33,DC33-100-220,1,Juv,ANTI/GVEN,AG,3
2017,2017,Oct,10/18/2017,SEFL,Outer,DC3,DC33,DC33-100-220,1,Juv,EUNI,EUNI,4
2017,2017,Oct,10/18/2017,SEFL,Outer,DC3,DC33,DC33-100-220,1,Juv,UNKO,UNKO,1
2017,2017,Oct,10/18/2017,SEFL,Outer,DC3,DC33,DC33-100-220,1,Juv,UNKO,UNKO,1
2017,2017,Oct,10/18/2017,SEFL,Outer,DC3,DC33,DC33-100-220,1,Juv,UNKO,UNKO,1
2017,2017,Oct,10/18/2017,SEFL,Outer,DC3,DC33,DC33-500-080,0,NA,NA,NA,NA
2017,2017,Oct,10/18/2017,SEFL,Outer,DC3,DC33,DC33-500-109,1,Juv,BRIA,BRIA,30
2017,2017,Oct,10/18/2017,SEFL,Outer,DC3,DC33,DC33-500-109,1,Juv,EUNI,EUNI,4
2017,2017,Oct,10/18/2017,SEFL,Outer,DC3,DC33,DC33-500-109,1,Juv,EUNI,EUNI,9
2017,2017,Oct,10/18/2017,SEFL,Outer,DC3,DC33,DC33-500-130,1,Juv,ANTI,ANTI,7
2017,2017,Oct,10/18/2017,SEFL,Outer,DC3,DC33,DC33-500-130,1,Juv,EUNI,EUNI,12
2017,2017,Oct,10/18/2017,SEFL,Outer,DC3,DC33,DC33-500-130,1,Juv,UNKO,UNKO,2
2017,2017,Oct,10/18/2017,SEFL,Outer,DC3,DC33,DC33-500-199,1,Juv,UNKO,UNKO,2
2017,2017,Oct,10/18/2017,SEFL,Outer,DC3,DC33,DC33-500-199,1,Juv,EUNI,EUNI,2
2017,2017,Oct,10/18/2017,SEFL,Outer,DC3,DC34,DC34-100-028,1,Juv,UNKO,UNKO,2
2017,2017,Oct,10/18/2017,SEFL,Outer,DC3,DC34,DC34-100-028,1,Juv,UNKO,UNKO,3
2017,2017,Oct,10/18/2017,SEFL,Outer,DC3,DC34,DC34-100-050,1,Juv,UNKO,UNKO,2
2017,2017,Oct,10/18/2017,SEFL,Outer,DC3,DC34,DC34-100-100,0,NA,NA,NA,NA
2017,2017,Oct,10/18/2017,SEFL,Outer,DC3,DC34,DC34-100-171,1,Juv,ANTI/GVEN,AG,16
2017,2017,Oct,10/18/2017,SEFL,Outer,DC3,DC34,DC34-100-171,1,Juv,EUNI,EUNI,15
2017,2017,Oct,10/18/2017,SEFL,Outer,DC3,DC34,DC34-500-099,1,Juv,UNKO,UNKO,1
2017,2017,Oct,10/18/2017,SEFL,Outer,DC3,DC34,DC34-500-131,1,Juv,ANTI,ANTI,4
2017,2017,Oct,10/18/2017,SEFL,Outer,DC3,DC34,DC34-500-131,1,Juv,PAME,ANTI,21
2017,2017,Oct,10/18/2017,SEFL,Outer,DC3,DC34,DC34-500-131,1,Juv,EUNI,EUNI,20
2017,2017,Oct,10/18/2017,SEFL,Outer,DC3,DC34,DC34-500-131,1,Juv,EUNI,EUNI,13
2017,2017,Oct,10/18/2017,SEFL,Outer,DC3,DC34,DC34-500-131,1,Juv,GVEN,GVEN,15
2017,2017,Oct,10/18/2017,SEFL,Outer,DC3,DC34,DC34-500-131,1,Juv,UNKO,UNKO,2
2017,2017,Oct,10/18/2017,SEFL,Outer,DC3,DC34,DC34-500-131,1,Juv,UNKO,UNKO,2
2017,2017,Oct,10/18/2017,SEFL,Outer,DC3,DC34,DC34-500-131,1,Juv,UNKO,UNKO,1
2017,2017,Oct,10/18/2017,SEFL,Outer,DC3,DC34,DC34-500-153,1,Juv,UNKO,UNKO,10
2017,2017,Oct,10/18/2017,SEFL,Outer,DC3,DC34,DC34-500-174,1,Juv,UNKO,UNKO,2
2017,2017,Oct,10/18/2017,SEFL,Outer,DC3,DC34,DC34-500-174,1,Juv,UNKO,UNKO,1
2017,2017,Nov,11/1/2017,SEFL,Outer,DC4,DC41,DC41-100-037,1,Juv,EUNI,EUNI,10
2017,2017,Nov,11/1/2017,SEFL,Outer,DC4,DC41,DC41-100-037,1,Juv,GVEN,GVEN,20
2017,2017,Nov,11/1/2017,SEFL,Outer,DC4,DC41,DC41-100-057,0,NA,NA,NA,NA
2017,2017,Nov,11/1/2017,SEFL,Outer,DC4,DC41,DC41-100-110,1,Juv,EUNI,EUNI,20
2017,2017,Nov,11/1/2017,SEFL,Outer,DC4,DC41,DC41-100-110,1,Juv,UNKO,UNKO,3
2017,2017,Nov,11/1/2017,SEFL,Outer,DC4,DC41,DC41-100-168,1,Juv,EUNI,EUNI,37
2017,2017,Nov,11/1/2017,SEFL,Outer,DC4,DC41,DC41-100-168,1,Juv,EUNI,EUNI,34
2017,2017,Nov,11/1/2017,SEFL,Outer,DC4,DC41,DC41-100-168,1,Juv,EUNI,EUNI,6
2017,2017,Nov,11/1/2017,SEFL,Outer,DC4,DC41,DC41-500-027,1,Juv,EUNI,EUNI,14
2017,2017,Nov,11/1/2017,SEFL,Outer,DC4,DC41,DC41-500-027,1,Juv,UNKO,UNKO,6
2017,2017,Nov,11/1/2017,SEFL,Outer,DC4,DC41,DC41-500-054,0,NA,NA,NA,NA
2017,2017,Nov,11/1/2017,SEFL,Outer,DC4,DC41,DC41-500-083,1,Juv,PAME,ANTI,22
2017,2017,Nov,11/1/2017,SEFL,Outer,DC4,DC41,DC41-500-083,1,Juv,MURI,MURI,8
2017,2017,Nov,11/1/2017,SEFL,Outer,DC4,DC41,DC41-500-162,1,Juv,PAME,ANTI,24
2017,2017,Nov,11/1/2017,SEFL,Outer,DC4,DC42,DC42-100-017,1,Juv,EUNI,EUNI,37
2017,2017,Nov,11/1/2017,SEFL,Outer,DC4,DC42,DC42-100-017,1,Juv,UNKO,UNKO,4
2017,2017,Nov,11/1/2017,SEFL,Outer,DC4,DC42,DC42-100-017,1,Juv,UNKO,UNKO,2
2017,2017,Nov,11/1/2017,SEFL,Outer,DC4,DC42,DC42-100-017,1,Juv,UNKO,UNKO,2
2017,2017,Nov,11/1/2017,SEFL,Outer,DC4,DC42,DC42-100-057,1,Juv,EUNI,EUNI,14
2017,2017,Nov,11/1/2017,SEFL,Outer,DC4,DC42,DC42-100-057,1,Juv,EUNI,EUNI,15
2017,2017,Nov,11/1/2017,SEFL,Outer,DC4,DC42,DC42-100-057,1,Juv,EUNI,EUNI,17
2017,2017,Nov,11/1/2017,SEFL,Outer,DC4,DC42,DC42-100-057,1,Juv,GVEN,GVEN,30
2017,2017,Nov,11/1/2017,SEFL,Outer,DC4,DC42,DC42-100-139,1,Juv,ANTI,ANTI,2
2017,2017,Nov,11/1/2017,SEFL,Outer,DC4,DC42,DC42-100-139,1,Juv,ANTI,ANTI,3
2017,2017,Nov,11/1/2017,SEFL,Outer,DC4,DC42,DC42-100-139,1,Juv,EUNI,EUNI,6
2017,2017,Nov,11/1/2017,SEFL,Outer,DC4,DC42,DC42-100-139,1,Juv,EUNI,EUNI,27
2017,2017,Nov,11/1/2017,SEFL,Outer,DC4,DC42,DC42-100-139,1,Juv,EUNI,EUNI,39
2017,2017,Nov,11/1/2017,SEFL,Outer,DC4,DC42,DC42-100-139,1,Juv,EUNI,EUNI,17
2017,2017,Nov,11/1/2017,SEFL,Outer,DC4,DC42,DC42-100-139,1,Juv,EUNI,EUNI,26
2017,2017,Nov,11/1/2017,SEFL,Outer,DC4,DC42,DC42-100-139,1,Juv,MURI,MURI,34
2017,2017,Nov,11/1/2017,SEFL,Outer,DC4,DC42,DC42-100-174,1,Juv,UNKO,UNKO,1
2017,2017,Nov,11/1/2017,SEFL,Outer,DC4,DC42,DC42-100-174,1,Juv,UNKO,UNKO,1
2017,2017,Nov,11/1/2017,SEFL,Outer,DC4,DC42,DC42-500-037,0,NA,NA,NA,NA
2017,2017,Nov,11/1/2017,SEFL,Outer,DC4,DC42,DC42-500-100,1,Juv,UNKO,UNKO,3
2017,2017,Nov,11/1/2017,SEFL,Outer,DC4,DC42,DC42-500-100,1,Juv,UNKO,UNKO,5
2017,2017,Nov,11/1/2017,SEFL,Outer,DC4,DC42,DC42-500-133,1,Juv,EUNI,EUNI,7
2017,2017,Nov,11/1/2017,SEFL,Outer,DC4,DC42,DC42-500-186,1,Juv,UNKO,UNKO,2
2017,2017,Nov,11/1/2017,SEFL,Outer,DC4,DC43,DC43-100-024,0,NA,NA,NA,NA
2017,2017,Nov,11/1/2017,SEFL,Outer,DC4,DC43,DC43-100-055,1,Juv,EUNI,EUNI,10
2017,2017,Nov,11/1/2017,SEFL,Outer,DC4,DC43,DC43-100-123,0,NA,NA,NA,NA
2017,2017,Nov,11/1/2017,SEFL,Outer,DC4,DC43,DC43-100-160,1,Juv,UNKO,UNKO,1
2017,2017,Nov,11/1/2017,SEFL,Outer,DC4,DC43,DC43-100-160,1,Juv,UNKO,UNKO,3
2017,2017,Nov,11/1/2017,SEFL,Outer,DC4,DC43,DC43-500-045,1,Juv,PAME,ANTI,15
2017,2017,Nov,11/1/2017,SEFL,Outer,DC4,DC43,DC43-500-075,1,Juv,PAME,ANTI,30
2017,2017,Nov,11/1/2017,SEFL,Outer,DC4,DC43,DC43-500-075,1,Juv,PAME,ANTI,32
2017,2017,Nov,11/1/2017,SEFL,Outer,DC4,DC43,DC43-500-099,0,NA,NA,NA,NA
2017,2017,Nov,11/1/2017,SEFL,Outer,DC4,DC43,DC43-500-134,0,NA,NA,NA,NA
2017,2017,Nov,11/1/2017,SEFL,Outer,DC4,DC44,DC44-100-024,1,Juv,ANTI/GVEN,AG,5
2017,2017,Nov,11/1/2017,SEFL,Outer,DC4,DC44,DC44-100-024,1,Juv,PAME,ANTI,25
2017,2017,Nov,11/1/2017,SEFL,Outer,DC4,DC44,DC44-100-024,1,Juv,EUNI,EUNI,5
2017,2017,Nov,11/1/2017,SEFL,Outer,DC4,DC44,DC44-100-024,1,Juv,GVEN,GVEN,25
2017,2017,Nov,11/1/2017,SEFL,Outer,DC4,DC44,DC44-100-024,1,Juv,UNKO,UNKO,4
2017,2017,Nov,11/1/2017,SEFL,Outer,DC4,DC44,DC44-100-062,1,Juv,PAME,ANTI,15
2017,2017,Nov,11/1/2017,SEFL,Outer,DC4,DC44,DC44-100-062,1,Juv,PAME,ANTI,18
2017,2017,Nov,11/1/2017,SEFL,Outer,DC4,DC44,DC44-100-062,1,Juv,PAME,ANTI,21
2017,2017,Nov,11/1/2017,SEFL,Outer,DC4,DC44,DC44-100-062,1,Juv,EUNI,EUNI,9
2017,2017,Nov,11/1/2017,SEFL,Outer,DC4,DC44,DC44-100-062,1,Juv,EUNI,EUNI,10
2017,2017,Nov,11/1/2017,SEFL,Outer,DC4,DC44,DC44-100-062,1,Juv,GVEN,GVEN,34
2017,2017,Nov,11/1/2017,SEFL,Outer,DC4,DC44,DC44-100-062,1,Juv,UNKO,UNKO,2
2017,2017,Nov,11/1/2017,SEFL,Outer,DC4,DC44,DC44-100-062,1,Juv,UNKO,UNKO,4
2017,2017,Nov,11/1/2017,SEFL,Outer,DC4,DC44,DC44-100-062,1,Juv,UNKO,UNKO,3
2017,2017,Nov,11/1/2017,SEFL,Outer,DC4,DC44,DC44-100-062,1,Juv,UNKO,UNKO,1
2017,2017,Nov,11/1/2017,SEFL,Outer,DC4,DC44,DC44-100-122,1,Juv,EUNI,EUNI,21
2017,2017,Nov,11/1/2017,SEFL,Outer,DC4,DC44,DC44-100-157,1,Juv,EUNI,EUNI,27
2017,2017,Nov,11/1/2017,SEFL,Outer,DC4,DC44,DC44-100-157,1,Juv,UNKO,UNKO,3
2017,2017,Nov,11/1/2017,SEFL,Outer,DC4,DC44,DC44-500-018,1,Juv,UNKO,UNKO,3
2017,2017,Nov,11/1/2017,SEFL,Outer,DC4,DC44,DC44-500-018,1,Juv,UNKO,UNKO,3
2017,2017,Nov,11/1/2017,SEFL,Outer,DC4,DC44,DC44-500-051,1,Juv,ANTI,ANTI,8
2017,2017,Nov,11/1/2017,SEFL,Outer,DC4,DC44,DC44-500-051,1,Juv,PAME,ANTI,21
2017,2017,Nov,11/1/2017,SEFL,Outer,DC4,DC44,DC44-500-117,1,Juv,ANTI,ANTI,11
2017,2017,Nov,11/1/2017,SEFL,Outer,DC4,DC44,DC44-500-117,1,Juv,EUNI,EUNI,4
2017,2017,Nov,11/1/2017,SEFL,Outer,DC4,DC44,DC44-500-117,1,Juv,UNKO,UNKO,3
2017,2017,Nov,11/1/2017,SEFL,Outer,DC4,DC44,DC44-500-117,1,Juv,UNKO,UNKO,1
2017,2017,Nov,11/1/2017,SEFL,Outer,DC4,DC44,DC44-500-158,1,Juv,UNKO,UNKO,1
2017,2018,Feb,2/27/2018,SEFL,Inner,DC5,DC51,DC51-100-013,1,Juv,PAME,ANTI,8
2017,2018,Feb,2/27/2018,SEFL,Inner,DC5,DC51,DC51-100-013,1,Juv,PAME,ANTI,7
2017,2018,Feb,2/27/2018,SEFL,Inner,DC5,DC51,DC51-100-013,1,Juv,EUNI,EUNI,20
2017,2018,Feb,2/27/2018,SEFL,Inner,DC5,DC51,DC51-100-013,1,Juv,EUNI,EUNI,6
2017,2018,Feb,2/27/2018,SEFL,Inner,DC5,DC51,DC51-100-013,1,Juv,UNKO,UNKO,6
2017,2018,Feb,2/27/2018,SEFL,Inner,DC5,DC51,DC51-100-013,1,Juv,UNKO,UNKO,3
2017,2018,Feb,2/27/2018,SEFL,Inner,DC5,DC51,DC51-100-013,1,Juv,UNKO,UNKO,2
2017,2018,Feb,2/27/2018,SEFL,Inner,DC5,DC51,DC51-100-057,1,Juv,PAME,ANTI,32
2017,2018,Feb,2/27/2018,SEFL,Inner,DC5,DC51,DC51-100-057,1,Juv,PAME,ANTI,17
2017,2018,Feb,2/27/2018,SEFL,Inner,DC5,DC51,DC51-100-057,1,Juv,EUNI,EUNI,8
2017,2018,Feb,2/27/2018,SEFL,Inner,DC5,DC51,DC51-100-057,1,Juv,UNKO,UNKO,3
2017,2018,Feb,2/27/2018,SEFL,Inner,DC5,DC51,DC51-100-057,1,Juv,UNKO,UNKO,2
2017,2018,Feb,2/27/2018,SEFL,Inner,DC5,DC51,DC51-100-076,1,Juv,ANTI/GVEN,AG,6
2017,2018,Feb,2/27/2018,SEFL,Inner,DC5,DC51,DC51-100-076,1,Juv,PAME,ANTI,22
2017,2018,Feb,2/27/2018,SEFL,Inner,DC5,DC51,DC51-100-076,1,Juv,ANTI,ANTI,2
2017,2018,Feb,2/27/2018,SEFL,Inner,DC5,DC51,DC51-100-127,1,Juv,PAME,ANTI,34
2017,2018,Feb,2/27/2018,SEFL,Inner,DC5,DC51,DC51-100-127,1,Juv,PAME,ANTI,7
2017,2018,Feb,2/27/2018,SEFL,Inner,DC5,DC51,DC51-100-127,1,Juv,PAME,ANTI,8
2017,2018,Feb,2/27/2018,SEFL,Inner,DC5,DC51,DC51-100-127,1,Juv,PAME,ANTI,36
2017,2018,Feb,2/27/2018,SEFL,Inner,DC5,DC51,DC51-100-127,1,Juv,UNKO,UNKO,2
2017,2018,Feb,2/27/2018,SEFL,Inner,DC5,DC51,DC51-100-127,1,Juv,UNKO,UNKO,3
2017,2018,Feb,2/27/2018,SEFL,Inner,DC5,DC51,DC51-500-018,1,Juv,ANTI,ANTI,32
2017,2018,Feb,2/27/2018,SEFL,Inner,DC5,DC51,DC51-500-095,0,NA,NA,NA,NA
2017,2018,Feb,2/27/2018,SEFL,Inner,DC5,DC51,DC51-500-145,0,NA,NA,NA,NA
2017,2018,Feb,2/27/2018,SEFL,Inner,DC5,DC51,DC51-500-165,1,Juv,MURI,MURI,4
2017,2018,Feb,2/27/2018,SEFL,Inner,DC5,DC51,DC51-500-165,1,Juv,UNKO,UNKO,2
2017,2018,Feb,2/27/2018,SEFL,Inner,DC5,DC52,DC52-100-059,1,Juv,ANTI/GVEN,AG,4
2017,2018,Feb,2/27/2018,SEFL,Inner,DC5,DC52,DC52-100-059,1,Juv,UNKO,UNKO,1
2017,2018,Feb,2/27/2018,SEFL,Inner,DC5,DC52,DC52-100-059,1,Juv,UNKO,UNKO,2
2017,2018,Feb,2/27/2018,SEFL,Inner,DC5,DC52,DC52-100-104,1,Juv,UNKO,UNKO,10
2017,2018,Feb,2/27/2018,SEFL,Inner,DC5,DC52,DC52-100-104,1,Juv,UNKO,UNKO,5
2017,2018,Feb,2/27/2018,SEFL,Inner,DC5,DC52,DC52-100-104,1,Juv,UNKO,UNKO,4
2017,2018,Feb,2/27/2018,SEFL,Inner,DC5,DC52,DC52-100-118,1,Juv,ANTI/GVEN,AG,10
2017,2018,Feb,2/27/2018,SEFL,Inner,DC5,DC52,DC52-100-177,1,Juv,UNKO,UNKO,2
2017,2018,Feb,2/27/2018,SEFL,Inner,DC5,DC52,DC52-100-177,1,Juv,UNKO,UNKO,2
2017,2018,Feb,2/27/2018,SEFL,Inner,DC5,DC52,DC52-500-075,0,NA,NA,NA,NA
2017,2018,Feb,2/27/2018,SEFL,Inner,DC5,DC52,DC52-500-104,1,Juv,PAME,ANTI,17
2017,2018,Feb,2/27/2018,SEFL,Inner,DC5,DC52,DC52-500-104,1,Juv,EUNI,EUNI,32
2017,2018,Feb,2/27/2018,SEFL,Inner,DC5,DC52,DC52-500-140,0,NA,NA,NA,NA
2017,2018,Feb,2/27/2018,SEFL,Inner,DC5,DC52,DC52-500-161,1,Juv,EUNI,EUNI,8
2017,2018,Feb,2/27/2018,SEFL,Inner,DC5,DC52,DC52-500-161,1,Juv,UNKO,UNKO,1
2017,2018,Feb,2/27/2018,SEFL,Inner,DC5,DC53,DC53-100-085,1,Juv,ANTI/GVEN,AG,5
2017,2018,Feb,2/27/2018,SEFL,Inner,DC5,DC53,DC53-100-085,1,Juv,ANTI,ANTI,5
2017,2018,Feb,2/27/2018,SEFL,Inner,DC5,DC53,DC53-100-085,1,Juv,ANTI,ANTI,5
2017,2018,Feb,2/27/2018,SEFL,Inner,DC5,DC53,DC53-100-085,1,Juv,PAME,ANTI,9
2017,2018,Feb,2/27/2018,SEFL,Inner,DC5,DC53,DC53-100-085,1,Juv,MURI,MURI,7
2017,2018,Feb,2/27/2018,SEFL,Inner,DC5,DC53,DC53-100-114,1,Juv,ANTI/GVEN,AG,4
2017,2018,Feb,2/27/2018,SEFL,Inner,DC5,DC53,DC53-100-114,1,Juv,ANTI/GVEN,AG,2
2017,2018,Feb,2/27/2018,SEFL,Inner,DC5,DC53,DC53-100-114,1,Juv,ANTI,ANTI,4
2017,2018,Feb,2/27/2018,SEFL,Inner,DC5,DC53,DC53-100-114,1,Juv,UNKO,UNKO,4
2017,2018,Feb,2/27/2018,SEFL,Inner,DC5,DC53,DC53-100-114,1,Juv,UNKO,UNKO,3
2017,2018,Feb,2/27/2018,SEFL,Inner,DC5,DC53,DC53-100-150,0,NA,NA,NA,NA
2017,2018,Feb,2/27/2018,SEFL,Inner,DC5,DC53,DC53-100-183,1,Juv,EUNI,EUNI,6
2017,2018,Feb,2/27/2018,SEFL,Inner,DC5,DC53,DC53-100-183,1,Juv,GVEN,GVEN,24
2017,2018,Feb,2/27/2018,SEFL,Inner,DC5,DC53,DC53-100-183,1,Juv,UNKO,UNKO,1
2017,2018,Feb,2/27/2018,SEFL,Inner,DC5,DC53,DC53-500-004,0,NA,NA,NA,NA
2017,2018,Feb,2/27/2018,SEFL,Inner,DC5,DC53,DC53-500-084,1,Juv,PAME,ANTI,17
2017,2018,Feb,2/27/2018,SEFL,Inner,DC5,DC53,DC53-500-084,1,Juv,PTER,PTER,25
2017,2018,Feb,2/27/2018,SEFL,Inner,DC5,DC53,DC53-500-136,0,NA,NA,NA,NA
2017,2018,Feb,2/27/2018,SEFL,Inner,DC5,DC53,DC53-500-178,0,NA,NA,NA,NA
2017,2018,Feb,2/27/2018,SEFL,Inner,DC5,DC54,DC54-100-077,1,Juv,PAME,ANTI,8
2017,2018,Feb,2/27/2018,SEFL,Inner,DC5,DC54,DC54-100-089,1,Juv,ANTI/GVEN,AG,29
2017,2018,Feb,2/27/2018,SEFL,Inner,DC5,DC54,DC54-100-123,1,Juv,UNKO,UNKO,3
2017,2018,Feb,2/27/2018,SEFL,Inner,DC5,DC54,DC54-100-138,0,NA,NA,NA,NA
2017,2018,Feb,2/27/2018,SEFL,Inner,DC5,DC54,DC54-500-015,1,Juv,ANTI,ANTI,7
2017,2018,Feb,2/27/2018,SEFL,Inner,DC5,DC54,DC54-500-046,1,Juv,ANTI,ANTI,2
2017,2018,Feb,2/27/2018,SEFL,Inner,DC5,DC54,DC54-500-046,1,Juv,PAME,ANTI,9
2017,2018,Feb,2/27/2018,SEFL,Inner,DC5,DC54,DC54-500-046,1,Juv,PAME,ANTI,17
2017,2018,Feb,2/27/2018,SEFL,Inner,DC5,DC54,DC54-500-046,1,Juv,EUNI,EUNI,3
2017,2018,Feb,2/27/2018,SEFL,Inner,DC5,DC54,DC54-500-059,1,Juv,ANTI,ANTI,7
2017,2018,Feb,2/27/2018,SEFL,Inner,DC5,DC54,DC54-500-168,1,Juv,EUNI,EUNI,8
2017,2017,Sept,9/28/2017,SEFL,Nearshore,DC6,DC61,DC61-100-065,1,Juv,BRIA,BRIA,4
2017,2017,Sept,9/28/2017,SEFL,Nearshore,DC6,DC61,DC61-100-065,1,Juv,EUNI,EUNI,7
2017,2017,Sept,9/28/2017,SEFL,Nearshore,DC6,DC61,DC61-100-078,0,NA,NA,NA,NA
2017,2017,Sept,9/28/2017,SEFL,Nearshore,DC6,DC61,DC61-100-137,0,NA,NA,NA,NA
2017,2017,Sept,9/28/2017,SEFL,Nearshore,DC6,DC61,DC61-100-162,1,Juv,BRIA,BRIA,8
2017,2017,Sept,9/28/2017,SEFL,Nearshore,DC6,DC61,DC61-100-162,1,Juv,BRIA,BRIA,15
2017,2017,Sept,9/28/2017,SEFL,Nearshore,DC6,DC61,DC61-100-162,1,Juv,EUNI,EUNI,10
2017,2017,Sept,9/28/2017,SEFL,Nearshore,DC6,DC61,DC61-500-017,0,NA,NA,NA,NA
2017,2017,Sept,9/28/2017,SEFL,Nearshore,DC6,DC61,DC61-500-091,0,NA,NA,NA,NA
2017,2017,Sept,9/28/2017,SEFL,Nearshore,DC6,DC61,DC61-500-132,0,NA,NA,NA,NA
2017,2017,Sept,9/28/2017,SEFL,Nearshore,DC6,DC61,DC61-500-184,0,NA,NA,NA,NA
2017,2017,Sept,9/28/2017,SEFL,Nearshore,DC6,DC62,DC62-100-052,0,NA,NA,NA,NA
2017,2017,Sept,9/28/2017,SEFL,Nearshore,DC6,DC62,DC62-100-084,1,Juv,UNKO,UNKO,2
2017,2017,Sept,9/28/2017,SEFL,Nearshore,DC6,DC62,DC62-100-141,1,Juv,EUNI,EUNI,5
2017,2017,Sept,9/28/2017,SEFL,Nearshore,DC6,DC62,DC62-100-141,1,Juv,PSEU,PSEU,9
2017,2017,Sept,9/28/2017,SEFL,Nearshore,DC6,DC62,DC62-100-141,1,Juv,UNKO,UNKO,3
2017,2017,Sept,9/28/2017,SEFL,Nearshore,DC6,DC62,DC62-100-163,1,Juv,BRIA,BRIA,5
2017,2017,Sept,9/28/2017,SEFL,Nearshore,DC6,DC62,DC62-500-082,1,Juv,EUNI,EUNI,19
2017,2017,Sept,9/28/2017,SEFL,Nearshore,DC6,DC62,DC62-500-114,1,Juv,EUNI,EUNI,8
2017,2017,Sept,9/28/2017,SEFL,Nearshore,DC6,DC62,DC62-500-114,1,Juv,EUNI,EUNI,9
2017,2017,Sept,9/28/2017,SEFL,Nearshore,DC6,DC62,DC62-500-114,1,Juv,UNKO,UNKO,3
2017,2017,Sept,9/28/2017,SEFL,Nearshore,DC6,DC62,DC62-500-114,1,Juv,UNKO,UNKO,5
2017,2017,Sept,9/28/2017,SEFL,Nearshore,DC6,DC62,DC62-500-114,1,Juv,UNKO,UNKO,4
2017,2017,Sept,9/28/2017,SEFL,Nearshore,DC6,DC62,DC62-500-132,0,NA,NA,NA,NA
2017,2017,Sept,9/28/2017,SEFL,Nearshore,DC6,DC62,DC62-500-205,1,Juv,BRIA,BRIA,9
2017,2017,Sept,9/28/2017,SEFL,Nearshore,DC6,DC62,DC62-500-205,1,Juv,BRIA,BRIA,5
2017,2017,Sept,9/28/2017,SEFL,Nearshore,DC6,DC62,DC62-500-205,1,Juv,EUNI,EUNI,3
2017,2017,Sept,9/28/2017,SEFL,Nearshore,DC6,DC63,DC63-100-060,0,NA,NA,NA,NA
2017,2017,Sept,9/28/2017,SEFL,Nearshore,DC6,DC63,DC63-100-108,1,Juv,PAME,ANTI,15
2017,2017,Sept,9/28/2017,SEFL,Nearshore,DC6,DC63,DC63-100-108,1,Juv,EUNI,EUNI,21
2017,2017,Sept,9/28/2017,SEFL,Nearshore,DC6,DC63,DC63-100-108,1,Juv,UNKO,UNKO,35
2017,2017,Sept,9/28/2017,SEFL,Nearshore,DC6,DC63,DC63-100-165,1,Juv,GVEN,GVEN,39
2017,2017,Sept,9/28/2017,SEFL,Nearshore,DC6,DC63,DC63-100-194,0,NA,NA,NA,NA
2017,2017,Sept,9/28/2017,SEFL,Nearshore,DC6,DC63,DC63-500-046,1,Juv,UNKO,UNKO,4
2017,2017,Sept,9/28/2017,SEFL,Nearshore,DC6,DC63,DC63-500-091,1,Juv,EUNI,EUNI,4
2017,2017,Sept,9/28/2017,SEFL,Nearshore,DC6,DC63,DC63-500-091,1,Juv,EUNI,EUNI,3
2017,2017,Sept,9/28/2017,SEFL,Nearshore,DC6,DC63,DC63-500-142,0,NA,NA,NA,NA
2017,2017,Sept,9/28/2017,SEFL,Nearshore,DC6,DC63,DC63-500-195,1,Juv,EUNI,EUNI,26
2017,2017,Sept,9/28/2017,SEFL,Nearshore,DC6,DC63,DC63-500-195,1,Juv,UNKO,UNKO,6
2017,2017,Sept,9/28/2017,SEFL,Nearshore,DC6,DC64,DC64-100-097,1,Juv,BRIA,BRIA,6
2017,2017,Sept,9/28/2017,SEFL,Nearshore,DC6,DC64,DC64-100-097,1,Juv,BRIA,BRIA,4
2017,2017,Sept,9/28/2017,SEFL,Nearshore,DC6,DC64,DC64-100-097,1,Juv,BRIA,BRIA,7
2017,2017,Sept,9/28/2017,SEFL,Nearshore,DC6,DC64,DC64-100-128,1,Juv,BRIA,BRIA,5
2017,2017,Sept,9/28/2017,SEFL,Nearshore,DC6,DC64,DC64-100-128,1,Juv,UNKO,UNKO,1
2017,2017,Sept,9/28/2017,SEFL,Nearshore,DC6,DC64,DC64-100-176,0,NA,NA,NA,NA
2017,2017,Sept,9/28/2017,SEFL,Nearshore,DC6,DC64,DC64-100-193,1,Juv,EUNI,EUNI,15
2017,2017,Sept,9/28/2017,SEFL,Nearshore,DC6,DC64,DC64-100-193,1,Juv,EUNI,EUNI,19
2017,2017,Sept,9/28/2017,SEFL,Nearshore,DC6,DC64,DC64-100-193,1,Juv,EUNI,EUNI,19
2017,2017,Sept,9/28/2017,SEFL,Nearshore,DC6,DC64,DC64-100-193,1,Juv,UNKO,UNKO,1
2017,2017,Sept,9/28/2017,SEFL,Nearshore,DC6,DC64,DC64-500-017,0,NA,NA,NA,NA
2017,2017,Sept,9/28/2017,SEFL,Nearshore,DC6,DC64,DC64-500-056,1,Juv,BRIA,BRIA,15
2017,2017,Sept,9/28/2017,SEFL,Nearshore,DC6,DC64,DC64-500-056,1,Juv,UNKO,UNKO,3
2017,2017,Sept,9/28/2017,SEFL,Nearshore,DC6,DC64,DC64-500-091,1,Juv,BRIA,BRIA,24
2017,2017,Sept,9/28/2017,SEFL,Nearshore,DC6,DC64,DC64-500-113,0,NA,NA,NA,NA
2017,2017,Oct,10/19/2017,SEFL,Middle,DC7,DC71,DC71-100-043,0,NA,NA,NA,NA
2017,2017,Oct,10/19/2017,SEFL,Middle,DC7,DC71,DC71-100-085,1,Juv,EUNI,EUNI,31
2017,2017,Oct,10/19/2017,SEFL,Middle,DC7,DC71,DC71-100-110,1,Juv,EUNI,EUNI,33
2017,2017,Oct,10/19/2017,SEFL,Middle,DC7,DC71,DC71-100-155,1,Juv,ANTI,ANTI,11
2017,2017,Oct,10/19/2017,SEFL,Middle,DC7,DC71,DC71-100-155,1,Juv,UNKO,UNKO,16
2017,2017,Oct,10/19/2017,SEFL,Middle,DC7,DC71,DC71-100-155,1,Juv,UNKO,UNKO,3
2017,2017,Oct,10/19/2017,SEFL,Middle,DC7,DC71,DC71-500-036,1,Juv,BRIA,BRIA,15
2017,2017,Oct,10/19/2017,SEFL,Middle,DC7,DC71,DC71-500-036,1,Juv,BRIA,BRIA,14
2017,2017,Oct,10/19/2017,SEFL,Middle,DC7,DC71,DC71-500-036,1,Juv,UNKO,UNKO,1
2017,2017,Oct,10/19/2017,SEFL,Middle,DC7,DC71,DC71-500-036,1,Juv,UNKO,UNKO,1
2017,2017,Oct,10/19/2017,SEFL,Middle,DC7,DC71,DC71-500-079,0,NA,NA,NA,NA
2017,2017,Oct,10/19/2017,SEFL,Middle,DC7,DC71,DC71-500-113,0,NA,NA,NA,NA
2017,2017,Oct,10/19/2017,SEFL,Middle,DC7,DC71,DC71-500-175,1,Juv,BRIA,BRIA,8
2017,2017,Oct,10/19/2017,SEFL,Middle,DC7,DC71,DC71-500-175,1,Juv,UNKO,UNKO,1
2017,2017,Oct,10/19/2017,SEFL,Middle,DC7,DC72,DC72-100-044,1,Juv,UNKO,UNKO,1
2017,2017,Oct,10/19/2017,SEFL,Middle,DC7,DC72,DC72-100-090,1,Juv,EUNI,EUNI,4
2017,2017,Oct,10/19/2017,SEFL,Middle,DC7,DC72,DC72-100-090,1,Juv,UNKO,UNKO,1
2017,2017,Oct,10/19/2017,SEFL,Middle,DC7,DC72,DC72-100-128,0,NA,NA,NA,NA
2017,2017,Oct,10/19/2017,SEFL,Middle,DC7,DC72,DC72-100-182,1,Juv,UNKO,UNKO,1
2017,2017,Oct,10/19/2017,SEFL,Middle,DC7,DC72,DC72-500-036,0,NA,NA,NA,NA
2017,2017,Oct,10/19/2017,SEFL,Middle,DC7,DC72,DC72-500-099,1,Juv,UNKO,UNKO,3
2017,2017,Oct,10/19/2017,SEFL,Middle,DC7,DC72,DC72-500-153,0,NA,NA,NA,NA
2017,2017,Oct,10/19/2017,SEFL,Middle,DC7,DC72,DC72-500-169,1,Juv,EUNI,EUNI,26
2017,2017,Oct,10/19/2017,SEFL,Middle,DC7,DC73,DC73-100-080,1,Juv,EUNI,EUNI,7
2017,2017,Oct,10/31/2017,SEFL,Middle,DC7,DC73,DC73-100-109,1,Juv,BRIA,BRIA,10
2017,2017,Oct,10/31/2017,SEFL,Middle,DC7,DC73,DC73-100-109,1,Juv,BRIA,BRIA,5
2017,2017,Oct,10/31/2017,SEFL,Middle,DC7,DC73,DC73-100-109,1,Juv,EUNI,EUNI,12
2017,2017,Oct,10/31/2017,SEFL,Middle,DC7,DC73,DC73-100-109,1,Juv,EUNI,EUNI,20
2017,2017,Oct,10/31/2017,SEFL,Middle,DC7,DC73,DC73-100-109,1,Juv,EUNI,EUNI,7
2017,2017,Oct,10/31/2017,SEFL,Middle,DC7,DC73,DC73-100-109,1,Juv,UNKO,UNKO,3
2017,2017,Oct,10/31/2017,SEFL,Middle,DC7,DC73,DC73-100-129,0,NA,NA,NA,NA
2017,2017,Oct,10/19/2017,SEFL,Middle,DC7,DC73,DC73-100-196,1,Juv,UNKO,UNKO,3
2017,2017,Oct,10/19/2017,SEFL,Middle,DC7,DC73,DC73-500-059,1,Juv,MURI,MURI,5
2017,2017,Oct,10/19/2017,SEFL,Middle,DC7,DC73,DC73-500-059,1,Juv,UNKO,UNKO,1
2017,2017,Oct,10/19/2017,SEFL,Middle,DC7,DC73,DC73-500-059,1,Juv,UNKO,UNKO,1
2017,2017,Oct,10/19/2017,SEFL,Middle,DC7,DC73,DC73-500-083,1,Juv,UNKO,UNKO,1
2017,2017,Oct,10/31/2017,SEFL,Middle,DC7,DC73,DC73-500-134,1,Juv,ANTI,ANTI,3
2017,2017,Oct,10/31/2017,SEFL,Middle,DC7,DC73,DC73-500-134,1,Juv,EUNI,EUNI,8
2017,2017,Oct,10/31/2017,SEFL,Middle,DC7,DC73,DC73-500-134,1,Juv,MURI,MURI,12
2017,2017,Oct,10/19/2017,SEFL,Middle,DC7,DC73,DC73-500-168,1,Juv,EUNI,EUNI,5
2017,2017,Oct,10/19/2017,SEFL,Middle,DC7,DC74,DC74-100-000,0,NA,NA,NA,NA
2017,2017,Oct,10/19/2017,SEFL,Middle,DC7,DC74,DC74-100-045,0,NA,NA,NA,NA
2017,2017,Oct,10/19/2017,SEFL,Middle,DC7,DC74,DC74-100-156,1,Juv,EUNI,EUNI,9
2017,2017,Oct,10/19/2017,SEFL,Middle,DC7,DC74,DC74-100-156,1,Juv,PSEU,PSEU,21
2017,2017,Oct,10/19/2017,SEFL,Middle,DC7,DC74,DC74-100-156,1,Juv,UNKO,UNKO,2
2017,2017,Oct,10/19/2017,SEFL,Middle,DC7,DC74,DC74-100-156,1,Juv,UNKO,UNKO,6
2017,2017,Oct,10/19/2017,SEFL,Middle,DC7,DC74,DC74-100-186,1,Juv,EUNI,EUNI,10
2017,2017,Oct,10/19/2017,SEFL,Middle,DC7,DC74,DC74-100-186,1,Juv,EUNI,EUNI,35
2017,2017,Oct,10/19/2017,SEFL,Middle,DC7,DC74,DC74-100-186,1,Juv,UNKO,UNKO,1
2017,2017,Oct,10/19/2017,SEFL,Middle,DC7,DC74,DC74-100-186,1,Juv,UNKO,UNKO,1
2017,2017,Oct,10/19/2017,SEFL,Middle,DC7,DC74,DC74-100-186,1,Juv,UNKO,UNKO,1
2017,2017,Oct,10/19/2017,SEFL,Middle,DC7,DC74,DC74-100-186,1,Juv,UNKO,UNKO,1
2017,2017,Oct,10/31/2017,SEFL,Middle,DC7,DC74,DC74-500-037,0,NA,NA,NA,NA
2017,2017,Oct,10/19/2017,SEFL,Middle,DC7,DC74,DC74-500-075,1,Juv,EUNI,EUNI,7
2017,2017,Oct,10/19/2017,SEFL,Middle,DC7,DC74,DC74-500-136,1,Juv,EUNI,EUNI,31
2017,2017,Oct,10/19/2017,SEFL,Middle,DC7,DC74,DC74-500-136,1,Juv,EUNI,EUNI,2
2017,2017,Oct,10/19/2017,SEFL,Middle,DC7,DC74,DC74-500-194,1,Juv,UNKO,UNKO,4
2017,2017,Nov,11/1/2017,SEFL,Nearshore,DC8,DC81,DC81-100-002,1,Juv,ANTI,ANTI,35
2017,2017,Nov,11/1/2017,SEFL,Nearshore,DC8,DC81,DC81-100-002,1,Juv,BRIA,BRIA,20
2017,2017,Nov,11/1/2017,SEFL,Nearshore,DC8,DC81,DC81-100-002,1,Juv,EUNI,EUNI,10
2017,2017,Nov,11/1/2017,SEFL,Nearshore,DC8,DC81,DC81-100-002,1,Juv,EUNI,EUNI,4
2017,2017,Nov,11/1/2017,SEFL,Nearshore,DC8,DC81,DC81-100-002,1,Juv,EUNI,EUNI,6
2017,2017,Nov,11/1/2017,SEFL,Nearshore,DC8,DC81,DC81-100-002,1,Juv,EUNI,EUNI,32
2017,2017,Nov,11/1/2017,SEFL,Nearshore,DC8,DC81,DC81-100-002,1,Juv,MURI,MURI,17
2017,2017,Nov,11/1/2017,SEFL,Nearshore,DC8,DC81,DC81-100-002,1,Juv,UNKO,UNKO,2
2017,2017,Nov,11/1/2017,SEFL,Nearshore,DC8,DC81,DC81-100-002,1,Juv,UNKO,UNKO,2
2017,2017,Nov,11/1/2017,SEFL,Nearshore,DC8,DC81,DC81-100-002,1,Juv,UNKO,UNKO,2
2017,2017,Nov,11/1/2017,SEFL,Nearshore,DC8,DC81,DC81-100-029,1,Juv,UNKO,UNKO,4
2017,2017,Nov,11/1/2017,SEFL,Nearshore,DC8,DC81,DC81-100-092,1,Juv,ANTI,ANTI,6
2017,2017,Nov,11/1/2017,SEFL,Nearshore,DC8,DC81,DC81-100-092,1,Juv,EUNI,EUNI,17
2017,2017,Nov,11/1/2017,SEFL,Nearshore,DC8,DC81,DC81-100-092,1,Juv,EUNI,EUNI,15
2017,2017,Nov,11/1/2017,SEFL,Nearshore,DC8,DC81,DC81-100-092,1,Juv,UNKO,UNKO,7
2017,2017,Nov,11/1/2017,SEFL,Nearshore,DC8,DC81,DC81-100-128,1,Juv,ANTI,ANTI,36
2017,2017,Nov,11/1/2017,SEFL,Nearshore,DC8,DC81,DC81-100-128,1,Juv,ANTI,ANTI,24
2017,2017,Nov,11/1/2017,SEFL,Nearshore,DC8,DC81,DC81-100-128,1,Juv,EUNI,EUNI,13
2017,2017,Nov,11/1/2017,SEFL,Nearshore,DC8,DC81,DC81-100-128,1,Juv,EUNI,EUNI,5
2017,2017,Nov,11/1/2017,SEFL,Nearshore,DC8,DC81,DC81-100-128,1,Juv,EUNI,EUNI,17
2017,2017,Nov,11/1/2017,SEFL,Nearshore,DC8,DC81,DC81-100-128,1,Juv,EUNI,EUNI,38
2017,2017,Nov,11/1/2017,SEFL,Nearshore,DC8,DC81,DC81-100-128,1,Juv,MURI,MURI,5
2017,2017,Nov,11/1/2017,SEFL,Nearshore,DC8,DC81,DC81-100-128,1,Juv,PLEL,PLEL,16
2017,2017,Nov,11/1/2017,SEFL,Nearshore,DC8,DC81,DC81-500-002,1,Juv,ANTI,ANTI,20
2017,2017,Nov,11/1/2017,SEFL,Nearshore,DC8,DC81,DC81-500-002,1,Juv,ANTI,ANTI,17
2017,2017,Nov,11/1/2017,SEFL,Nearshore,DC8,DC81,DC81-500-002,1,Juv,BRIA,BRIA,25
2017,2017,Nov,11/1/2017,SEFL,Nearshore,DC8,DC81,DC81-500-002,1,Juv,EUNI,EUNI,7
2017,2017,Nov,11/1/2017,SEFL,Nearshore,DC8,DC81,DC81-500-002,1,Juv,EUNI,EUNI,10
2017,2017,Nov,11/1/2017,SEFL,Nearshore,DC8,DC81,DC81-500-002,1,Juv,EUNI,EUNI,24
2017,2017,Nov,11/1/2017,SEFL,Nearshore,DC8,DC81,DC81-500-002,1,Juv,EUNI,EUNI,6
2017,2017,Nov,11/1/2017,SEFL,Nearshore,DC8,DC81,DC81-500-002,1,Juv,EUNI,EUNI,32
2017,2017,Nov,11/1/2017,SEFL,Nearshore,DC8,DC81,DC81-500-002,1,Juv,PSEU,PSEU,11
2017,2017,Nov,11/1/2017,SEFL,Nearshore,DC8,DC81,DC81-500-002,1,Juv,UNKO,UNKO,5
2017,2017,Nov,11/1/2017,SEFL,Nearshore,DC8,DC81,DC81-500-002,1,Juv,UNKO,UNKO,3
2017,2017,Nov,11/1/2017,SEFL,Nearshore,DC8,DC81,DC81-500-097,0,NA,NA,NA,NA
2017,2017,Nov,11/1/2017,SEFL,Nearshore,DC8,DC81,DC81-500-154,0,NA,NA,NA,NA
2017,2017,Nov,11/1/2017,SEFL,Nearshore,DC8,DC81,DC81-500-186,1,Juv,UNKO,UNKO,2
2017,2017,Nov,11/1/2017,SEFL,Nearshore,DC8,DC82,DC82-100-052,1,Juv,GVEN,GVEN,21
2017,2017,Nov,11/1/2017,SEFL,Nearshore,DC8,DC82,DC82-100-052,1,Juv,BRIA,BRIA,20
2017,2017,Nov,11/1/2017,SEFL,Nearshore,DC8,DC82,DC82-100-052,1,Juv,EUNI,EUNI,10
2017,2017,Nov,11/1/2017,SEFL,Nearshore,DC8,DC82,DC82-100-052,1,Juv,EUNI,EUNI,8
2017,2017,Nov,11/1/2017,SEFL,Nearshore,DC8,DC82,DC82-100-052,1,Juv,MURI,MURI,20
2017,2017,Nov,11/1/2017,SEFL,Nearshore,DC8,DC82,DC82-100-077,1,Juv,ECAL,EUNI,30
2017,2017,Nov,11/1/2017,SEFL,Nearshore,DC8,DC82,DC82-100-077,1,Juv,ECAL,EUNI,7
2017,2017,Nov,11/1/2017,SEFL,Nearshore,DC8,DC82,DC82-100-077,1,Juv,EUNI,EUNI,10
2017,2017,Nov,11/1/2017,SEFL,Nearshore,DC8,DC82,DC82-100-077,1,Juv,EUNI,EUNI,33
2017,2017,Nov,11/1/2017,SEFL,Nearshore,DC8,DC82,DC82-100-077,1,Juv,EUNI,EUNI,15
2017,2017,Nov,11/1/2017,SEFL,Nearshore,DC8,DC82,DC82-100-077,1,Juv,EUNI,EUNI,20
2017,2017,Nov,11/1/2017,SEFL,Nearshore,DC8,DC82,DC82-100-077,1,Juv,EUNI,EUNI,38
2017,2017,Nov,11/1/2017,SEFL,Nearshore,DC8,DC82,DC82-100-077,1,Juv,EUNI,EUNI,8
2017,2017,Nov,11/1/2017,SEFL,Nearshore,DC8,DC82,DC82-100-077,1,Juv,EUNI,EUNI,35
2017,2017,Nov,11/1/2017,SEFL,Nearshore,DC8,DC82,DC82-100-077,1,Juv,PFLE,EUNI,10
2017,2017,Nov,11/1/2017,SEFL,Nearshore,DC8,DC82,DC82-100-077,1,Juv,MURI,MURI,34
2017,2017,Nov,11/1/2017,SEFL,Nearshore,DC8,DC82,DC82-100-077,1,Juv,UNKO,UNKO,3
2017,2017,Nov,11/1/2017,SEFL,Nearshore,DC8,DC82,DC82-100-108,1,Juv,PAME,ANTI,37
2017,2017,Nov,11/1/2017,SEFL,Nearshore,DC8,DC82,DC82-100-108,1,Juv,ECAL,EUNI,22
2017,2017,Nov,11/1/2017,SEFL,Nearshore,DC8,DC82,DC82-100-108,1,Juv,EUNI,EUNI,9
2017,2017,Nov,11/1/2017,SEFL,Nearshore,DC8,DC82,DC82-100-108,1,Juv,EUNI,EUNI,5
2017,2017,Nov,11/1/2017,SEFL,Nearshore,DC8,DC82,DC82-100-108,1,Juv,EUNI,EUNI,5
2017,2017,Nov,11/1/2017,SEFL,Nearshore,DC8,DC82,DC82-100-108,1,Juv,UNKO,UNKO,1
2017,2017,Nov,11/1/2017,SEFL,Nearshore,DC8,DC82,DC82-100-136,1,Juv,UNKO,UNKO,1
2017,2017,Nov,11/1/2017,SEFL,Nearshore,DC8,DC82,DC82-100-136,1,Juv,UNKO,UNKO,1
2017,2017,Nov,11/1/2017,SEFL,Nearshore,DC8,DC82,DC82-100-171,1,Juv,ANTI,ANTI,7
2017,2017,Nov,11/1/2017,SEFL,Nearshore,DC8,DC82,DC82-100-171,1,Juv,ANTI,ANTI,7
2017,2017,Nov,11/1/2017,SEFL,Nearshore,DC8,DC82,DC82-100-171,1,Juv,PAME,ANTI,22
2017,2017,Nov,11/1/2017,SEFL,Nearshore,DC8,DC82,DC82-100-171,1,Juv,EUNI,EUNI,5
2017,2017,Nov,11/1/2017,SEFL,Nearshore,DC8,DC82,DC82-500-004,1,Juv,BRIA,BRIA,22
2017,2017,Nov,11/1/2017,SEFL,Nearshore,DC8,DC82,DC82-500-004,1,Juv,UNKO,UNKO,5
2017,2017,Nov,11/1/2017,SEFL,Nearshore,DC8,DC82,DC82-500-004,1,Juv,UNKO,UNKO,2
2017,2017,Nov,11/1/2017,SEFL,Nearshore,DC8,DC82,DC82-500-004,1,Juv,UNKO,UNKO,2
2017,2017,Nov,11/1/2017,SEFL,Nearshore,DC8,DC82,DC82-500-004,1,Juv,UNKO,UNKO,5
2017,2017,Nov,11/1/2017,SEFL,Nearshore,DC8,DC82,DC82-500-004,1,Juv,UNKO,UNKO,2
2017,2017,Nov,11/1/2017,SEFL,Nearshore,DC8,DC82,DC82-500-004,1,Juv,UNKO,UNKO,5
2017,2017,Nov,11/1/2017,SEFL,Nearshore,DC8,DC82,DC82-500-104,1,Juv,BRIA,BRIA,15
2017,2017,Nov,11/1/2017,SEFL,Nearshore,DC8,DC82,DC82-500-104,1,Juv,MURI,MURI,38
2017,2017,Nov,11/1/2017,SEFL,Nearshore,DC8,DC82,DC82-500-104,1,Juv,UNKO,UNKO,5
2017,2017,Nov,11/1/2017,SEFL,Nearshore,DC8,DC82,DC82-500-104,1,Juv,UNKO,UNKO,2
2017,2017,Nov,11/1/2017,SEFL,Nearshore,DC8,DC82,DC82-500-141,1,Juv,PAME,ANTI,9
2017,2017,Nov,11/1/2017,SEFL,Nearshore,DC8,DC82,DC82-500-141,1,Juv,MURI,MURI,32
2017,2017,Nov,11/1/2017,SEFL,Nearshore,DC8,DC82,DC82-500-141,1,Juv,UNKO,UNKO,4
2017,2017,Nov,11/1/2017,SEFL,Nearshore,DC8,DC82,DC82-500-141,1,Juv,UNKO,UNKO,1
2017,2017,Nov,11/1/2017,SEFL,Nearshore,DC8,DC82,DC82-500-141,1,Juv,UNKO,UNKO,1
2017,2017,Nov,11/1/2017,SEFL,Nearshore,DC8,DC83,DC83-100-032,1,Juv,ANTI,ANTI,5
2017,2017,Nov,11/1/2017,SEFL,Nearshore,DC8,DC83,DC83-100-032,1,Juv,ANTI,ANTI,23
2017,2017,Nov,11/1/2017,SEFL,Nearshore,DC8,DC83,DC83-100-032,1,Juv,UNKO,UNKO,3
2017,2017,Nov,11/1/2017,SEFL,Nearshore,DC8,DC83,DC83-100-106,1,Juv,ANTI,ANTI,22
2017,2017,Nov,11/1/2017,SEFL,Nearshore,DC8,DC83,DC83-100-106,1,Juv,ANTI,ANTI,24
2017,2017,Nov,11/1/2017,SEFL,Nearshore,DC8,DC83,DC83-100-106,1,Juv,EUNI,EUNI,20
2017,2017,Nov,11/1/2017,SEFL,Nearshore,DC8,DC83,DC83-100-106,1,Juv,EUNI,EUNI,3
2017,2017,Nov,11/1/2017,SEFL,Nearshore,DC8,DC83,DC83-100-106,1,Juv,MURI,MURI,8
2017,2017,Nov,11/1/2017,SEFL,Nearshore,DC8,DC83,DC83-100-106,1,Juv,UNKO,UNKO,5
2017,2017,Nov,11/1/2017,SEFL,Nearshore,DC8,DC83,DC83-100-106,1,Juv,MURI,MURI,9
2017,2017,Nov,11/1/2017,SEFL,Nearshore,DC8,DC83,DC83-100-106,1,Juv,UNKO,UNKO,3
2017,2017,Nov,11/1/2017,SEFL,Nearshore,DC8,DC83,DC83-100-175,1,Juv,ANTI,ANTI,22
2017,2017,Nov,11/1/2017,SEFL,Nearshore,DC8,DC83,DC83-100-175,1,Juv,ANTI,ANTI,10
2017,2017,Nov,11/1/2017,SEFL,Nearshore,DC8,DC83,DC83-100-175,1,Juv,ANTI,ANTI,7
2017,2017,Nov,11/1/2017,SEFL,Nearshore,DC8,DC83,DC83-100-175,1,Juv,BRIA,BRIA,13
2017,2017,Nov,11/1/2017,SEFL,Nearshore,DC8,DC83,DC83-100-175,1,Juv,EUNI,EUNI,4
2017,2017,Nov,11/1/2017,SEFL,Nearshore,DC8,DC83,DC83-100-175,1,Juv,EUNI,EUNI,3
2017,2017,Nov,11/1/2017,SEFL,Nearshore,DC8,DC83,DC83-100-175,1,Juv,EUNI,EUNI,33
2017,2017,Nov,11/1/2017,SEFL,Nearshore,DC8,DC83,DC83-100-175,1,Juv,EUNI,EUNI,22
2017,2017,Nov,11/1/2017,SEFL,Nearshore,DC8,DC83,DC83-100-175,1,Juv,UNKO,UNKO,3
2017,2017,Nov,11/1/2017,SEFL,Nearshore,DC8,DC83,DC83-100-175,1,Juv,UNKO,UNKO,2
2017,2017,Nov,11/1/2017,SEFL,Nearshore,DC8,DC83,DC83-100-175,1,Juv,UNKO,UNKO,2
2017,2017,Nov,11/1/2017,SEFL,Nearshore,DC8,DC83,DC83-100-175,1,Juv,UNKO,UNKO,3
2017,2017,Nov,11/1/2017,SEFL,Nearshore,DC8,DC83,DC83-100-198,1,Juv,ANTI,ANTI,11
2017,2017,Nov,11/1/2017,SEFL,Nearshore,DC8,DC83,DC83-100-198,1,Juv,BRIA,BRIA,6
2017,2017,Nov,11/1/2017,SEFL,Nearshore,DC8,DC83,DC83-100-198,1,Juv,UNKO,UNKO,2
2017,2017,Nov,11/1/2017,SEFL,Nearshore,DC8,DC83,DC83-100-198,1,Juv,UNKO,UNKO,2
2017,2017,Nov,11/1/2017,SEFL,Nearshore,DC8,DC83,DC83-100-198,1,Juv,UNKO,UNKO,2
2017,2017,Nov,11/1/2017,SEFL,Nearshore,DC8,DC83,DC83-500-019,1,Juv,ANTI,ANTI,36
2017,2017,Nov,11/1/2017,SEFL,Nearshore,DC8,DC83,DC83-500-019,1,Juv,EUNI,EUNI,12
2017,2017,Nov,11/1/2017,SEFL,Nearshore,DC8,DC83,DC83-500-019,1,Juv,UNKO,UNKO,7
2017,2017,Nov,11/1/2017,SEFL,Nearshore,DC8,DC83,DC83-500-068,1,Juv,PFLE,EUNI,32
2017,2017,Nov,11/1/2017,SEFL,Nearshore,DC8,DC83,DC83-500-149,1,Juv,PAME,ANTI,24
2017,2017,Nov,11/1/2017,SEFL,Nearshore,DC8,DC83,DC83-500-149,1,Juv,EUNI,EUNI,35
2017,2017,Nov,11/1/2017,SEFL,Nearshore,DC8,DC83,DC83-500-149,1,Juv,EUNI,EUNI,6
2017,2017,Nov,11/1/2017,SEFL,Nearshore,DC8,DC83,DC83-500-149,1,Juv,EUNI,EUNI,5
2017,2017,Nov,11/1/2017,SEFL,Nearshore,DC8,DC83,DC83-500-149,1,Juv,MURI,MURI,10
2017,2017,Nov,11/1/2017,SEFL,Nearshore,DC8,DC83,DC83-500-149,1,Juv,MURI,MURI,12
2017,2017,Nov,11/1/2017,SEFL,Nearshore,DC8,DC83,DC83-500-149,1,Juv,PPOR,PSEU,12
2017,2017,Nov,11/1/2017,SEFL,Nearshore,DC8,DC83,DC83-500-149,1,Juv,PSEU,PSEU,7
2017,2017,Nov,11/1/2017,SEFL,Nearshore,DC8,DC83,DC83-500-192,0,NA,NA,NA,NA
2017,2017,Nov,11/1/2017,SEFL,Nearshore,DC8,DC84,DC84-100-022,1,Juv,ANTI,ANTI,5
2017,2017,Nov,11/1/2017,SEFL,Nearshore,DC8,DC84,DC84-100-022,1,Juv,PAME,ANTI,35
2017,2017,Nov,11/1/2017,SEFL,Nearshore,DC8,DC84,DC84-100-022,1,Juv,PAME,ANTI,38
2017,2017,Nov,11/1/2017,SEFL,Nearshore,DC8,DC84,DC84-100-022,1,Juv,EUNI,EUNI,20
2017,2017,Nov,11/1/2017,SEFL,Nearshore,DC8,DC84,DC84-100-022,1,Juv,EUNI,EUNI,4
2017,2017,Nov,11/1/2017,SEFL,Nearshore,DC8,DC84,DC84-100-022,1,Juv,EUNI,EUNI,8
2017,2017,Nov,11/1/2017,SEFL,Nearshore,DC8,DC84,DC84-100-022,1,Juv,EUNI,EUNI,22
2017,2017,Nov,11/1/2017,SEFL,Nearshore,DC8,DC84,DC84-100-022,1,Juv,PFLE,EUNI,16
2017,2017,Nov,11/1/2017,SEFL,Nearshore,DC8,DC84,DC84-100-022,1,Juv,PFLE,EUNI,30
2017,2017,Nov,11/1/2017,SEFL,Nearshore,DC8,DC84,DC84-100-022,1,Juv,MURI,MURI,4
2017,2017,Nov,11/1/2017,SEFL,Nearshore,DC8,DC84,DC84-100-022,1,Juv,UNKO,UNKO,3
2017,2017,Nov,11/1/2017,SEFL,Nearshore,DC8,DC84,DC84-100-022,1,Juv,UNKO,UNKO,2
2017,2017,Nov,11/1/2017,SEFL,Nearshore,DC8,DC84,DC84-100-124,0,NA,NA,NA,NA
2017,2017,Nov,11/1/2017,SEFL,Nearshore,DC8,DC84,DC84-100-157,1,Juv,EUNI,EUNI,35
2017,2017,Nov,11/1/2017,SEFL,Nearshore,DC8,DC84,DC84-100-157,1,Juv,UNKO,UNKO,3
2017,2017,Nov,11/1/2017,SEFL,Nearshore,DC8,DC84,DC84-100-157,1,Juv,UNKO,UNKO,2
2017,2017,Nov,11/1/2017,SEFL,Nearshore,DC8,DC84,DC84-100-208,1,Juv,PAME,ANTI,18
2017,2017,Nov,11/1/2017,SEFL,Nearshore,DC8,DC84,DC84-100-208,1,Juv,PAME,ANTI,3
2017,2017,Nov,11/1/2017,SEFL,Nearshore,DC8,DC84,DC84-100-208,1,Juv,EUNI,EUNI,10
2017,2017,Nov,11/1/2017,SEFL,Nearshore,DC8,DC84,DC84-100-208,1,Juv,UNKO,UNKO,4
2017,2017,Nov,11/1/2017,SEFL,Nearshore,DC8,DC84,DC84-100-208,1,Juv,UNKO,UNKO,4
2017,2017,Nov,11/1/2017,SEFL,Nearshore,DC8,DC84,DC84-500-040,1,Juv,MURI,MURI,13
2017,2017,Nov,11/1/2017,SEFL,Nearshore,DC8,DC84,DC84-500-040,1,Juv,UNKO,UNKO,3
2017,2017,Nov,11/1/2017,SEFL,Nearshore,DC8,DC84,DC84-500-040,1,Juv,UNKO,UNKO,4
2017,2017,Nov,11/1/2017,SEFL,Nearshore,DC8,DC84,DC84-500-040,1,Juv,UNKO,UNKO,3
2017,2017,Nov,11/1/2017,SEFL,Nearshore,DC8,DC84,DC84-500-040,1,Juv,UNKO,UNKO,3
2017,2017,Nov,11/1/2017,SEFL,Nearshore,DC8,DC84,DC84-500-040,1,Juv,UNKO,UNKO,2
2017,2017,Nov,11/1/2017,SEFL,Nearshore,DC8,DC84,DC84-500-040,1,Juv,UNKO,UNKO,1
2017,2017,Nov,11/1/2017,SEFL,Nearshore,DC8,DC84,DC84-500-040,1,Juv,UNKO,UNKO,3
2017,2017,Nov,11/1/2017,SEFL,Nearshore,DC8,DC84,DC84-500-040,1,Juv,UNKO,UNKO,3
2017,2017,Nov,11/1/2017,SEFL,Nearshore,DC8,DC84,DC84-500-040,1,Juv,UNKO,UNKO,4
2017,2017,Nov,11/1/2017,SEFL,Nearshore,DC8,DC84,DC84-500-150,1,Juv,MURI,MURI,8
2017,2017,Nov,11/1/2017,SEFL,Nearshore,DC8,DC84,DC84-500-150,1,Juv,UNKO,UNKO,2
2017,2017,Nov,11/1/2017,SEFL,Nearshore,DC8,DC84,DC84-500-176,1,Juv,UNKO,UNKO,1
2017,2017,Nov,11/1/2017,SEFL,Nearshore,DC8,DC84,DC84-500-176,1,Juv,UNKO,UNKO,3
2017,2017,Nov,11/1/2017,SEFL,Nearshore,DC8,DC84,DC84-500-176,1,Juv,UNKO,UNKO,4
2017,2017,Nov,11/1/2017,SEFL,Nearshore,DC8,DC84,DC84-500-176,1,Juv,UNKO,UNKO,5
2017,2017,Nov,11/1/2017,SEFL,Nearshore,DC8,DC84,DC84-500-176,1,Juv,UNKO,UNKO,2
2017,2017,Nov,11/1/2017,SEFL,Nearshore,DC8,DC84,DC84-500-176,1,Juv,UNKO,UNKO,8
2017,2017,Nov,11/1/2017,SEFL,Nearshore,DC8,DC84,DC84-500-176,1,Juv,UNKO,UNKO,3
2017,2017,Nov,11/1/2017,SEFL,Nearshore,DC8,DC84,DC84-500-210,1,Juv,EUNI,EUNI,26
2017,2017,Nov,11/1/2017,SEFL,Nearshore,DC8,DC84,DC84-500-210,1,Juv,UNKO,UNKO,2
2017,2017,Nov,11/1/2017,SEFL,Nearshore,DC8,DC84,DC84-500-210,1,Juv,UNKO,UNKO,6
2017,2017,Nov,11/1/2017,SEFL,Nearshore,DC8,DC84,DC84-500-210,1,Juv,UNKO,UNKO,4
2017,2017,Nov,11/1/2017,SEFL,Nearshore,DC8,DC84,DC84-500-210,1,Juv,UNKO,UNKO,2
2017,2017,Nov,11/1/2017,SEFL,Nearshore,DC8,DC84,DC84-500-210,1,Juv,UNKO,UNKO,2
2017,2017,Nov,11/1/2017,SEFL,Nearshore,DC8,DC84,DC84-500-210,1,Juv,UNKO,UNKO,5
2017,2017,Nov,11/1/2017,SEFL,Nearshore,DC8,DC84,DC84-500-210,1,Juv,UNKO,UNKO,4
2017,2017,Nov,11/1/2017,SEFL,Nearshore,DC8,DC84,DC84-500-210,1,Juv,UNKO,UNKO,4
2017,2017,Nov,11/1/2017,SEFL,Nearshore,DC8,DC84,DC84-500-210,1,Juv,UNKO,UNKO,2
2017,2017,Nov,11/1/2017,SEFL,Nearshore,DC8,DC84,DC84-500-210,1,Juv,UNKO,UNKO,5
2017,2017,Nov,11/1/2017,SEFL,Nearshore,DC8,DC84,DC84-500-210,1,Juv,UNKO,UNKO,7
2017,2017,Nov,11/1/2017,SEFL,Nearshore,DC8,DC84,DC84-500-210,1,Juv,UNKO,UNKO,2
2017,2017,Nov,11/1/2017,SEFL,Nearshore,DC8,DC84,DC84-500-210,1,Juv,UNKO,UNKO,1
2017,2017,Nov,11/1/2017,SEFL,Nearshore,DC8,DC84,DC84-500-210,1,Juv,UNKO,UNKO,6
2017,2017,Nov,11/1/2017,SEFL,Nearshore,DC8,DC84,DC84-500-210,1,Juv,UNKO,UNKO,4
2017,2017,Nov,11/1/2017,SEFL,Nearshore,DC8,DC84,DC84-500-210,1,Juv,UNKO,UNKO,3
2017,2017,Nov,11/1/2017,SEFL,Nearshore,DC8,DC84,DC84-500-210,1,Juv,UNKO,UNKO,3
