Year,Date,Subregion,Habitat,SiteID,Site_name,StationID,TransectArea,Acropora_cervicornis,Agaricia_fragilis,Agaricia_lamarcki,Colpophyllia_natans,Dichocoenia_stokesii,Diploria_labyrinthiformis,Eusmilia_fastigiata,Favia_fragum,Helioseris_cucullata,Isophyllia_sinuosa,Madracis_aurentenra,Madracis_decactis,Madracis_scenaria,Meandrina_meandrites,Montastraea_cavernosa,Mussa_angulosa,Mycetophyllia_aliciae,Mycetophyllia_lamarckiana,Oculina_diffusa,Oculina_robusta,Orbicella_annularis_complex,Orbicella_faveolata,Orbicella_franksi,Phyllangia_americana,Porites_astreoides,Porites_porites,Pseudodiploria_clivosa,Pseudodiploria_strigosa,Scolymia_cubensis,Siderastrea_radians,Siderastrea_siderea,Solenastrea_bournoni,Stephanocoenia_intersepta,Tubastraea_coccinea,Undaria_agaricites_complex
2012,7/2/2012,DC,Inner,0,Dade County 5,1,22,0.0,393.7,0.0,0.0,535.4,0.0,0.0,0.0,0.0,0.0,0.0,0.0,0.0,1756.8,2023.7,477.8,0.0,0.0,0.0,0.0,1252.6,0.0,0.0,0.0,1416.2,140.1,0.0,0.0,0.0,25.1,1528.4,0.0,952.2,0.0,4215.4
2012,7/2/2012,DC,Inner,0,Dade County 5,2,22,0.0,0.0,0.0,100.5,643.5,0.0,0.0,0.0,0.0,0.0,0.0,3371.1,0.0,0.0,401.4,0.0,0.0,0.0,0.0,0.0,71.5,0.0,0.0,0.0,608.6,359.8,0.0,0.0,0.0,0.0,674.8,0.0,458.5,0.0,4859.2
2012,7/2/2012,DC,Inner,0,Dade County 5,3,22,0.0,1249.5,0.0,0.0,268.9,0.0,0.0,0.0,0.0,0.0,0.0,0.0,0.0,30122.7,34.2,0.0,0.0,0.0,0.0,0.0,1026.5,0.0,0.0,0.0,1049.9,47.1,0.0,0.0,0.0,0.0,993.6,699.3,44.5,0.0,1488.2
2012,7/2/2012,DC,Inner,0,Dade County 5,4,22,0.0,1575.5,0.0,892.0,110.9,0.0,0.0,0.0,0.0,0.0,0.0,0.0,0.0,7991.5,0.0,0.0,0.0,0.0,0.0,0.0,6406.9,0.0,0.0,0.0,754.8,151.1,0.0,0.0,0.0,0.0,444.5,0.0,118.4,0.0,4425.4
2012,8/7/2012,PBC,Nearshore,84,Palm Beach 1,841,22,0.0,0.0,0.0,0.0,0.0,0.0,0.0,0.0,0.0,0.0,0.0,0.0,0.0,0.0,0.0,0.0,0.0,0.0,885.7,0.0,0.0,0.0,0.0,0.0,0.0,0.0,0.0,0.0,0.0,0.0,0.0,1294.6,0.0,0.0,0.0
2012,8/7/2012,PBC,Nearshore,84,Palm Beach 1,842,22,0.0,0.0,0.0,0.0,0.0,0.0,0.0,0.0,0.0,0.0,0.0,0.0,0.0,0.0,0.0,0.0,0.0,0.0,0.0,0.0,0.0,0.0,0.0,0.0,0.0,0.0,0.0,0.0,0.0,0.0,0.0,0.0,0.0,0.0,0.0
2012,8/7/2012,PBC,Nearshore,84,Palm Beach 1,843,22,0.0,0.0,0.0,0.0,0.0,0.0,0.0,0.0,0.0,0.0,0.0,0.0,0.0,34.2,0.0,0.0,0.0,0.0,0.0,0.0,0.0,0.0,0.0,0.0,0.0,0.0,0.0,0.0,0.0,34.2,0.0,382.0,0.0,0.0,0.0
2012,8/7/2012,PBC,Nearshore,84,Palm Beach 1,844,22,0.0,0.0,0.0,0.0,0.0,0.0,0.0,0.0,0.0,0.0,0.0,0.0,0.0,0.0,0.0,0.0,0.0,0.0,0.0,0.0,0.0,0.0,0.0,0.0,0.0,0.0,0.0,0.0,0.0,0.0,0.0,0.0,0.0,0.0,0.0
2012,8/9/2012,PBC,Outer,85,Palm Beach 2,851,22,0.0,0.0,0.0,0.0,40.1,0.0,161.2,0.0,0.0,0.0,0.0,0.0,0.0,101.6,10027.5,0.0,0.0,0.0,0.0,0.0,0.0,0.0,0.0,0.0,0.0,0.0,0.0,0.0,0.0,0.0,42.4,0.0,1252.6,0.0,0.0
2012,8/9/2012,PBC,Outer,85,Palm Beach 2,852,22,0.0,0.0,0.0,0.0,50.6,0.0,382.9,0.0,0.0,0.0,439.8,0.0,0.0,2259.0,3709.0,0.0,0.0,0.0,0.0,0.0,0.0,0.0,0.0,0.0,49.9,0.0,0.0,0.0,0.0,0.0,68.3,0.0,106.4,0.0,0.0
2012,8/9/2012,PBC,Outer,85,Palm Beach 2,853,22,0.0,0.0,0.0,0.0,267.3,0.0,194.5,0.0,0.0,0.0,2435.8,0.0,0.0,1275.6,2574.8,0.0,0.0,0.0,0.0,0.0,0.0,0.0,0.0,0.0,176.2,0.0,0.0,0.0,0.0,0.0,380.9,0.0,53.4,0.0,0.0
2012,8/9/2012,PBC,Outer,85,Palm Beach 2,854,22,0.0,0.0,0.0,0.0,0.0,0.0,0.0,0.0,0.0,0.0,720.5,0.0,0.0,1133.3,3243.0,0.0,0.0,0.0,0.0,0.0,0.0,0.0,0.0,0.0,174.9,0.0,0.0,0.0,0.0,0.0,25.1,0.0,350.7,0.0,0.0
2012,8/7/2012,PBC,Outer,86,Palm Beach 3,861,22,0.0,0.0,0.0,0.0,0.0,0.0,0.0,0.0,0.0,0.0,0.0,648.5,0.0,1294.2,1247.5,0.0,0.0,0.0,0.0,0.0,0.0,0.0,0.0,0.0,1290.0,0.0,0.0,0.0,0.0,0.0,34.2,0.0,17.4,0.0,0.0
2012,8/7/2012,PBC,Outer,86,Palm Beach 3,862,22,0.0,0.0,0.0,0.0,124.6,0.0,0.0,0.0,0.0,0.0,0.0,833.3,0.0,1684.5,4279.2,0.0,0.0,0.0,0.0,0.0,0.0,0.0,0.0,0.0,562.6,0.0,0.0,0.0,0.0,0.0,22.6,0.0,0.0,0.0,11365.5
2012,8/7/2012,PBC,Outer,86,Palm Beach 3,863,22,0.0,0.0,0.0,0.0,209.8,0.0,0.0,0.0,0.0,0.0,0.0,0.0,0.0,1386.8,3407.8,0.0,0.0,0.0,0.0,0.0,0.0,0.0,0.0,0.0,527.8,0.0,0.0,0.0,0.0,0.0,93.4,0.0,110.0,0.0,0.0
2012,8/7/2012,PBC,Outer,86,Palm Beach 3,864,22,0.0,0.0,0.0,0.0,117.7,0.0,0.0,0.0,0.0,0.0,0.0,0.0,0.0,1247.3,1685.9,0.0,0.0,0.0,0.0,0.0,0.0,0.0,0.0,0.0,0.0,0.0,0.0,0.0,0.0,0.0,23.8,0.0,53.5,0.0,0.0
2012,6/13/2012,BC,Nearshore,87,Broward County 1,871,22,0.0,0.0,0.0,3219.9,0.0,0.0,0.0,0.0,0.0,0.0,0.0,400.0,0.0,0.0,68621.6,0.0,0.0,0.0,0.0,0.0,15907.5,0.0,0.0,0.0,117.7,0.0,0.0,0.0,0.0,0.0,1734.2,646.2,1233.9,0.0,467.4
2012,6/13/2012,BC,Nearshore,87,Broward County 1,872,22,0.0,0.0,0.0,0.0,133.6,0.0,0.0,0.0,0.0,0.0,0.0,457.2,0.0,0.0,116756.6,0.0,0.0,0.0,0.0,0.0,32130.0,0.0,0.0,0.0,447.2,0.0,0.0,0.0,0.0,0.0,1800.8,586.9,866.2,0.0,237.2
2012,6/14/2012,BC,Nearshore,87,Broward County 1,873,22,0.0,0.0,0.0,0.0,0.0,0.0,0.0,44.6,0.0,0.0,0.0,0.0,0.0,0.0,186473.9,0.0,0.0,0.0,0.0,0.0,6399.5,0.0,0.0,0.0,0.0,0.0,0.0,0.0,0.0,0.0,2499.7,5510.7,0.0,0.0,0.0
2012,6/14/2012,BC,Nearshore,87,Broward County 1,874,22,0.0,33.8,0.0,0.0,549.1,0.0,0.0,0.0,0.0,0.0,0.0,0.0,0.0,0.0,53544.8,0.0,0.0,0.0,0.0,0.0,0.0,0.0,0.0,0.0,82.9,0.0,0.0,0.0,0.0,0.0,135.7,0.0,760.5,0.0,0.0
2012,6/13/2012,BC,Middle,88,Broward County 2,881,22,0.0,0.0,0.0,0.0,0.0,0.0,0.0,0.0,0.0,0.0,0.0,0.0,0.0,664.9,400.6,0.0,0.0,0.0,0.0,0.0,0.0,0.0,0.0,0.0,0.0,0.0,0.0,0.0,0.0,0.0,976.0,1547.1,184.3,0.0,0.0
2012,6/13/2012,BC,Middle,88,Broward County 2,882,22,0.0,0.0,284.6,0.0,0.0,0.0,0.0,0.0,0.0,0.0,0.0,0.0,0.0,0.0,0.0,0.0,0.0,0.0,0.0,0.0,0.0,0.0,0.0,0.0,0.0,137.2,0.0,0.0,0.0,0.0,583.3,0.0,140.2,0.0,0.0
2012,6/13/2012,BC,Middle,88,Broward County 2,883,22,0.0,0.0,0.0,0.0,274.4,0.0,0.0,0.0,0.0,0.0,0.0,0.0,0.0,3492.3,162.4,0.0,0.0,0.0,0.0,0.0,3321.3,0.0,0.0,0.0,233.2,118.2,0.0,0.0,0.0,0.0,733.8,0.0,238.4,0.0,0.0
2012,6/13/2012,BC,Middle,88,Broward County 2,884,22,0.0,0.0,0.0,0.0,0.0,0.0,0.0,0.0,0.0,0.0,0.0,0.0,0.0,0.0,0.0,0.0,0.0,0.0,0.0,0.0,0.0,0.0,0.0,0.0,148.8,0.0,0.0,0.0,0.0,0.0,103.7,0.0,1851.3,0.0,0.0
2012,6/14/2012,BC,Outer,89,Broward County 3,891,22,0.0,0.0,0.0,0.0,0.0,0.0,0.0,0.0,0.0,0.0,0.0,0.0,0.0,0.0,411.0,0.0,0.0,0.0,0.0,0.0,0.0,0.0,0.0,0.0,1361.2,0.0,0.0,0.0,0.0,0.0,620.4,0.0,291.8,0.0,0.0
2012,6/14/2012,BC,Outer,89,Broward County 3,892,22,0.0,0.0,0.0,0.0,0.0,0.0,0.0,0.0,0.0,0.0,0.0,0.0,0.0,44.5,2168.3,0.0,0.0,0.0,0.0,0.0,0.0,0.0,0.0,0.0,418.2,0.0,17.4,0.0,0.0,0.0,235.0,0.0,1104.4,0.0,0.0
2012,6/14/2012,BC,Outer,89,Broward County 3,893,22,0.0,0.0,0.0,0.0,0.0,0.0,0.0,0.0,0.0,0.0,0.0,67.1,0.0,250.8,1644.8,0.0,0.0,0.0,0.0,0.0,0.0,0.0,0.0,0.0,276.2,0.0,0.0,0.0,0.0,0.0,93.6,0.0,318.0,0.0,0.0
2012,6/14/2012,BC,Outer,89,Broward County 3,894,22,0.0,0.0,44.6,0.0,0.0,0.0,0.0,0.0,0.0,0.0,0.0,0.0,0.0,136.8,677.3,0.0,0.0,0.0,0.0,0.0,0.0,0.0,0.0,0.0,0.0,0.0,0.0,0.0,0.0,0.0,883.0,0.0,500.1,0.0,0.0
2012,6/15/2012,BC,Nearshore,90,Broward County A,901,22,0.0,0.0,0.0,0.0,0.0,0.0,0.0,0.0,0.0,0.0,0.0,0.0,0.0,0.0,0.0,0.0,0.0,0.0,0.0,0.0,0.0,0.0,0.0,0.0,1208.8,0.0,4915.9,0.0,0.0,0.0,0.0,0.0,0.0,0.0,69.5
2012,6/15/2012,BC,Nearshore,90,Broward County A,902,22,0.0,0.0,0.0,0.0,0.0,0.0,0.0,0.0,0.0,0.0,0.0,0.0,0.0,0.0,0.0,0.0,0.0,0.0,0.0,0.0,0.0,0.0,0.0,0.0,762.0,0.0,0.0,0.0,0.0,0.0,0.0,0.0,0.0,0.0,156.6
2012,6/15/2012,BC,Nearshore,90,Broward County A,903,22,0.0,0.0,0.0,0.0,0.0,0.0,0.0,0.0,0.0,0.0,0.0,0.0,0.0,0.0,0.0,0.0,0.0,0.0,0.0,0.0,0.0,0.0,0.0,0.0,1989.3,0.0,0.0,0.0,0.0,0.0,0.0,0.0,0.0,0.0,1157.0
2012,6/15/2012,BC,Nearshore,90,Broward County A,904,22,0.0,0.0,0.0,0.0,0.0,0.0,0.0,0.0,0.0,0.0,0.0,0.0,0.0,0.0,0.0,0.0,0.0,0.0,0.0,0.0,0.0,0.0,0.0,0.0,0.0,62.5,0.0,0.0,0.0,0.0,0.0,0.0,0.0,0.0,3050.0
2012,9/6/2012,DC,Inner,91,Dade County 1,911,22,0.0,0.0,0.0,56.3,423.6,0.0,0.0,0.0,0.0,0.0,0.0,0.0,0.0,544.6,18038.7,0.0,0.0,0.0,0.0,0.0,0.0,0.0,0.0,0.0,3531.3,477.2,0.0,0.0,0.0,0.0,3086.5,0.0,93.1,0.0,94.4
2012,9/6/2012,DC,Inner,91,Dade County 1,912,22,3839.2,0.0,0.0,0.0,34.2,0.0,0.0,0.0,0.0,0.0,0.0,0.0,0.0,1570.8,28394.5,0.0,0.0,0.0,0.0,0.0,0.0,0.0,0.0,0.0,5595.6,236.7,0.0,0.0,0.0,0.0,1904.1,1389.3,380.3,0.0,0.0
2012,9/6/2012,DC,Inner,91,Dade County 1,913,22,6901.7,0.0,0.0,0.0,0.0,0.0,0.0,0.0,0.0,0.0,0.0,0.0,0.0,0.0,11942.0,0.0,0.0,0.0,0.0,0.0,0.0,30102.1,0.0,0.0,5012.8,354.4,0.0,0.0,0.0,0.0,3737.4,2387.6,326.4,0.0,0.0
2012,9/6/2012,DC,Inner,91,Dade County 1,914,22,350.3,0.0,0.0,0.0,270.3,0.0,0.0,0.0,0.0,0.0,0.0,0.0,0.0,434.2,5398.6,0.0,0.0,0.0,0.0,0.0,0.0,0.0,0.0,0.0,7093.8,333.1,0.0,0.0,0.0,0.0,2300.6,80.1,37.9,0.0,0.0
2012,9/18/2012,DC,Middle,92,Dade County 2,921,22,0.0,0.0,0.0,0.0,151.8,0.0,237.3,0.0,0.0,0.0,0.0,0.0,0.0,535.2,0.0,0.0,0.0,0.0,0.0,0.0,0.0,0.0,0.0,0.0,17.4,0.0,0.0,0.0,0.0,51.7,608.7,0.0,713.9,0.0,0.0
2012,9/18/2012,DC,Middle,92,Dade County 2,922,22,0.0,0.0,0.0,0.0,44.6,0.0,0.0,0.0,0.0,0.0,0.0,0.0,0.0,587.1,1665.4,0.0,0.0,0.0,0.0,0.0,0.0,0.0,0.0,0.0,0.0,0.0,0.0,0.0,0.0,0.0,248.7,446.0,651.8,0.0,0.0
2012,9/18/2012,DC,Middle,92,Dade County 2,923,22,0.0,0.0,0.0,0.0,0.0,0.0,0.0,0.0,0.0,0.0,0.0,361.3,0.0,413.2,0.0,0.0,0.0,0.0,0.0,0.0,2253.4,0.0,0.0,0.0,663.5,0.0,0.0,545.3,0.0,0.0,631.0,903.5,216.9,0.0,0.0
2012,9/18/2012,DC,Middle,92,Dade County 2,924,22,0.0,0.0,0.0,0.0,0.0,0.0,0.0,0.0,0.0,0.0,0.0,0.0,0.0,1013.4,89.7,0.0,0.0,0.0,0.0,0.0,0.0,0.0,0.0,0.0,136.2,0.0,0.0,0.0,0.0,0.0,423.8,0.0,803.8,0.0,0.0
2012,9/6/2012,DC,Outer,93,Dade County 3,931,22,0.0,0.0,0.0,0.0,42.9,0.0,0.0,0.0,0.0,0.0,0.0,0.0,0.0,0.0,154.5,0.0,0.0,0.0,0.0,0.0,0.0,0.0,0.0,0.0,140.2,0.0,0.0,0.0,0.0,0.0,91.4,0.0,98.2,0.0,0.0
2012,9/6/2012,DC,Outer,93,Dade County 3,932,22,0.0,0.0,0.0,0.0,0.0,0.0,0.0,0.0,0.0,0.0,0.0,222.6,0.0,25.1,195.1,0.0,0.0,0.0,0.0,0.0,0.0,0.0,0.0,0.0,0.0,0.0,0.0,0.0,0.0,0.0,123.1,0.0,31.2,0.0,0.0
2012,9/6/2012,DC,Outer,93,Dade County 3,933,22,0.0,0.0,0.0,0.0,0.0,0.0,0.0,0.0,0.0,0.0,0.0,0.0,0.0,0.0,4305.7,0.0,0.0,0.0,0.0,0.0,0.0,0.0,0.0,0.0,0.0,0.0,0.0,0.0,0.0,0.0,168.6,0.0,320.7,0.0,0.0
2012,9/6/2012,DC,Outer,93,Dade County 3,934,22,0.0,0.0,0.0,0.0,0.0,0.0,0.0,0.0,0.0,0.0,0.0,640.2,0.0,100.3,55.9,0.0,0.0,0.0,0.0,0.0,0.0,0.0,0.0,0.0,601.9,0.0,0.0,0.0,0.0,0.0,64.2,0.0,91.6,0.0,0.0
2012,6/5/2012,MC,Nearshore,94,Martin County 1,941,22,0.0,0.0,0.0,0.0,0.0,0.0,0.0,0.0,0.0,200.9,0.0,0.0,0.0,0.0,0.0,0.0,0.0,0.0,0.0,0.0,0.0,0.0,0.0,0.0,893.0,0.0,9564.0,0.0,0.0,0.0,497.1,0.0,0.0,0.0,0.0
2012,6/5/2012,MC,Nearshore,94,Martin County 1,942,22,0.0,0.0,0.0,0.0,0.0,0.0,0.0,0.0,0.0,117.9,0.0,0.0,0.0,0.0,398.9,0.0,0.0,0.0,0.0,0.0,0.0,0.0,0.0,0.0,62.0,0.0,23536.5,0.0,0.0,0.0,710.5,0.0,0.0,0.0,0.0
2012,6/5/2012,MC,Nearshore,94,Martin County 1,943,22,0.0,0.0,0.0,0.0,0.0,0.0,0.0,0.0,0.0,0.0,0.0,0.0,0.0,0.0,0.0,0.0,0.0,0.0,414.8,0.0,0.0,0.0,0.0,0.0,112.7,0.0,0.0,0.0,0.0,0.0,446.1,0.0,0.0,0.0,0.0
2012,6/5/2012,MC,Nearshore,94,Martin County 1,944,22,0.0,0.0,0.0,0.0,0.0,0.0,0.0,0.0,0.0,0.0,0.0,0.0,0.0,0.0,0.0,0.0,0.0,0.0,0.0,0.0,0.0,0.0,0.0,0.0,464.1,0.0,26131.4,1778.2,0.0,0.0,638.2,0.0,0.0,0.0,0.0
2012,6/5/2012,MC,Nearshore,95,Martin County 2,951,22,0.0,0.0,0.0,0.0,0.0,0.0,0.0,0.0,0.0,0.0,0.0,0.0,0.0,0.0,0.0,0.0,0.0,0.0,0.0,0.0,0.0,0.0,0.0,0.0,0.0,0.0,100.8,2378.9,0.0,0.0,142.0,0.0,0.0,0.0,0.0
2012,6/5/2012,MC,Nearshore,95,Martin County 2,952,22,0.0,0.0,0.0,0.0,0.0,0.0,0.0,0.0,0.0,0.0,0.0,0.0,0.0,0.0,0.0,0.0,0.0,0.0,398.9,0.0,0.0,0.0,0.0,0.0,0.0,0.0,4979.6,0.0,0.0,0.0,216.6,932.4,0.0,0.0,0.0
2012,6/5/2012,MC,Nearshore,95,Martin County 2,953,22,0.0,0.0,0.0,0.0,0.0,0.0,0.0,0.0,0.0,0.0,0.0,0.0,0.0,0.0,0.0,0.0,0.0,0.0,0.0,0.0,0.0,0.0,0.0,0.0,0.0,0.0,9041.1,0.0,0.0,0.0,236.0,0.0,0.0,0.0,0.0
2012,6/5/2012,MC,Nearshore,95,Martin County 2,954,22,0.0,0.0,0.0,0.0,0.0,0.0,0.0,0.0,0.0,0.0,0.0,0.0,0.0,0.0,0.0,0.0,0.0,0.0,573.4,0.0,0.0,0.0,0.0,0.0,0.0,0.0,7002.2,0.0,0.0,0.0,423.4,0.0,0.0,0.0,0.0
2012,8/8/2012,PBC,Outer,97,Palm Beach 4,971,22,0.0,0.0,0.0,0.0,23.9,0.0,0.0,0.0,0.0,0.0,0.0,115.6,0.0,4457.8,10370.8,0.0,0.0,0.0,0.0,0.0,0.0,0.0,0.0,0.0,268.5,0.0,0.0,0.0,0.0,0.0,32.0,0.0,328.1,0.0,0.0
2012,8/8/2012,PBC,Outer,97,Palm Beach 4,972,22,0.0,0.0,0.0,0.0,381.3,0.0,0.0,0.0,0.0,0.0,0.0,406.4,0.0,434.5,9424.3,0.0,0.0,0.0,0.0,0.0,0.0,0.0,0.0,0.0,856.8,0.0,0.0,0.0,0.0,0.0,1079.6,0.0,587.9,0.0,292.0
2012,8/8/2012,PBC,Outer,97,Palm Beach 4,973,22,0.0,0.0,0.0,0.0,0.0,0.0,0.0,0.0,0.0,0.0,0.0,0.0,0.0,3926.3,5149.7,0.0,0.0,0.0,0.0,0.0,0.0,0.0,0.0,0.0,588.1,0.0,0.0,4392.7,0.0,0.0,483.5,0.0,296.1,0.0,0.0
2012,8/8/2012,PBC,Outer,97,Palm Beach 4,974,22,0.0,0.0,0.0,0.0,122.7,0.0,0.0,0.0,0.0,0.0,0.0,1091.1,0.0,0.0,2659.0,0.0,0.0,0.0,0.0,0.0,0.0,0.0,0.0,0.0,987.0,0.0,0.0,0.0,0.0,0.0,344.9,0.0,722.5,0.0,0.0
2012,9/4/2012,PBC,Outer,98,Palm Beach 5,981,22,0.0,0.0,0.0,0.0,0.0,0.0,0.0,0.0,0.0,0.0,0.0,0.0,0.0,999.3,6049.0,0.0,0.0,0.0,0.0,0.0,0.0,0.0,0.0,0.0,4663.5,0.0,2626.8,0.0,0.0,0.0,194.5,536.6,460.5,0.0,780.5
2012,9/4/2012,PBC,Outer,98,Palm Beach 5,982,22,0.0,0.0,0.0,0.0,423.6,0.0,0.0,0.0,0.0,0.0,0.0,0.0,0.0,1628.9,10208.6,0.0,0.0,0.0,0.0,0.0,282.4,0.0,0.0,0.0,1536.4,0.0,890.3,0.0,0.0,0.0,977.1,0.0,311.6,0.0,0.0
2012,9/4/2012,PBC,Outer,98,Palm Beach 5,983,22,0.0,0.0,0.0,903.0,62.5,0.0,0.0,0.0,0.0,0.0,0.0,153.7,0.0,0.0,1735.9,0.0,0.0,0.0,0.0,0.0,0.0,0.0,0.0,0.0,1511.0,0.0,0.0,613.0,0.0,0.0,564.8,0.0,493.5,0.0,0.0
2012,9/4/2012,PBC,Outer,98,Palm Beach 5,984,22,0.0,0.0,1146.6,0.0,0.0,0.0,0.0,0.0,0.0,0.0,0.0,0.0,0.0,595.9,8210.9,0.0,0.0,0.0,0.0,0.0,0.0,0.0,0.0,0.0,2041.6,0.0,0.0,0.0,0.0,0.0,1849.8,0.0,609.8,0.0,0.0
2012,7/2/2012,DC,Outer,99,Dade County 4,991,22,0.0,0.0,0.0,0.0,0.0,0.0,44.6,0.0,0.0,0.0,0.0,0.0,0.0,0.0,1845.3,0.0,0.0,0.0,0.0,0.0,1720.2,0.0,0.0,0.0,198.0,0.0,0.0,0.0,17.4,0.0,238.9,56.5,369.1,0.0,0.0
2012,7/2/2012,DC,Outer,99,Dade County 4,992,22,0.0,0.0,0.0,0.0,0.0,0.0,0.0,0.0,0.0,0.0,0.0,0.0,0.0,938.0,1407.5,0.0,0.0,0.0,0.0,0.0,0.0,0.0,0.0,0.0,33.8,0.0,0.0,0.0,0.0,0.0,511.3,422.9,111.6,0.0,0.0
2012,7/2/2012,DC,Outer,99,Dade County 4,993,22,0.0,0.0,1336.6,0.0,56.5,0.0,0.0,0.0,0.0,0.0,0.0,0.0,0.0,0.0,3654.3,0.0,0.0,0.0,0.0,0.0,0.0,0.0,0.0,0.0,114.4,0.0,0.0,0.0,0.0,0.0,222.6,0.0,187.0,0.0,0.0
2012,7/2/2012,DC,Outer,99,Dade County 4,994,22,0.0,0.0,0.0,0.0,155.4,0.0,0.0,0.0,0.0,0.0,0.0,0.0,0.0,178.7,155.7,0.0,0.0,0.0,0.0,0.0,0.0,0.0,0.0,0.0,895.4,99.8,0.0,0.0,34.2,0.0,454.5,0.0,0.0,0.0,0.0
2013,9/12/2013,DC,Inner,0,Dade County 5,1,22,0.0,0.0,0.0,0.0,248.6,0.0,0.0,0.0,0.0,0.0,0.0,106.6,0.0,1365.4,902.6,0.0,0.0,0.0,0.0,0.0,1525.0,0.0,0.0,0.0,1628.1,123.0,0.0,0.0,0.0,0.0,855.1,0.0,354.7,0.0,3977.0
2013,9/12/2013,DC,Inner,0,Dade County 5,2,22,0.0,0.0,0.0,0.0,822.6,0.0,0.0,0.0,0.0,0.0,0.0,0.0,0.0,0.0,421.9,0.0,0.0,0.0,0.0,0.0,0.0,0.0,0.0,0.0,1328.3,265.7,0.0,0.0,34.2,0.0,496.5,0.0,125.6,0.0,3631.9
2013,9/12/2013,DC,Inner,0,Dade County 5,3,22,0.0,26.7,0.0,0.0,314.9,0.0,0.0,0.0,0.0,0.0,0.0,0.0,0.0,22680.3,0.0,0.0,0.0,0.0,0.0,0.0,767.0,0.0,0.0,0.0,1833.6,131.5,0.0,0.0,0.0,0.0,1658.7,895.2,37.8,0.0,4299.6
2013,9/12/2013,DC,Inner,0,Dade County 5,4,22,0.0,0.0,0.0,3053.1,0.0,167.7,0.0,0.0,0.0,0.0,0.0,0.0,0.0,10266.2,0.0,0.0,0.0,0.0,0.0,0.0,7003.7,0.0,0.0,0.0,1367.9,323.9,0.0,0.0,0.0,0.0,316.5,0.0,148.4,0.0,5540.9
2013,7/29/2013,BC,Inner,1,Broward County 4,11,22,0.0,0.0,0.0,0.0,549.5,0.0,0.0,0.0,0.0,0.0,0.0,0.0,0.0,0.0,1872.3,0.0,0.0,0.0,0.0,0.0,12936.3,0.0,0.0,0.0,6921.3,532.4,0.0,0.0,0.0,0.0,4710.7,471.9,307.4,0.0,100.3
2013,7/29/2013,BC,Inner,1,Broward County 4,12,22,0.0,0.0,0.0,0.0,5071.5,0.0,0.0,0.0,0.0,0.0,0.0,0.0,0.0,0.0,12166.5,0.0,0.0,0.0,0.0,0.0,0.0,0.0,0.0,0.0,3895.3,168.6,0.0,0.0,0.0,17.4,2231.7,158.7,649.2,0.0,148.8
2013,7/29/2013,BC,Inner,1,Broward County 4,13,22,0.0,0.0,0.0,0.0,1311.3,0.0,0.0,0.0,0.0,0.0,0.0,588.8,0.0,1173.5,8318.2,0.0,0.0,0.0,0.0,0.0,16875.7,0.0,3160.3,0.0,5776.9,518.8,457.0,0.0,0.0,0.0,5686.8,0.0,729.4,0.0,2231.4
2013,7/29/2013,BC,Inner,1,Broward County 4,14,22,0.0,0.0,0.0,0.0,962.8,0.0,0.0,0.0,0.0,0.0,0.0,263.2,0.0,3224.6,6813.9,0.0,0.0,0.0,0.0,0.0,12253.5,0.0,0.0,0.0,6762.2,80.4,0.0,1003.9,0.0,0.0,3219.9,317.9,635.8,0.0,153.9
2013,9/26/2013,BC,Middle,2,Broward County 5,21,22,0.0,0.0,0.0,0.0,196.4,0.0,0.0,0.0,0.0,0.0,0.0,0.0,0.0,14224.2,1186.4,0.0,0.0,0.0,0.0,0.0,0.0,0.0,0.0,0.0,821.0,0.0,0.0,0.0,0.0,0.0,579.6,0.0,238.0,0.0,0.0
2013,9/26/2013,BC,Middle,2,Broward County 5,22,22,0.0,0.0,0.0,0.0,108.3,0.0,0.0,0.0,0.0,0.0,0.0,0.0,0.0,785.4,3716.3,0.0,0.0,0.0,0.0,0.0,0.0,0.0,0.0,0.0,0.0,80.2,0.0,0.0,0.0,0.0,355.8,176.3,163.2,0.0,0.0
2013,9/26/2013,BC,Middle,2,Broward County 5,23,22,0.0,0.0,0.0,0.0,367.8,0.0,0.0,0.0,0.0,0.0,0.0,20.7,0.0,1320.5,2285.3,0.0,0.0,0.0,0.0,0.0,0.0,0.0,0.0,0.0,785.7,148.6,0.0,0.0,0.0,0.0,295.9,772.0,509.8,0.0,0.0
2013,9/26/2013,BC,Middle,2,Broward County 5,24,22,0.0,0.0,0.0,0.0,0.0,0.0,0.0,0.0,0.0,0.0,0.0,0.0,0.0,3465.1,402.0,0.0,0.0,0.0,0.0,0.0,0.0,0.0,0.0,0.0,904.2,40.1,0.0,0.0,0.0,0.0,353.8,0.0,183.3,0.0,24.0
2013,9/26/2013,BC,Outer,3,Broward County 6,31,22,0.0,0.0,0.0,0.0,0.0,0.0,0.0,0.0,0.0,0.0,0.0,0.0,0.0,2500.3,4573.3,0.0,0.0,0.0,0.0,0.0,0.0,0.0,0.0,0.0,805.3,0.0,0.0,0.0,0.0,0.0,585.6,0.0,1242.0,0.0,0.0
2013,9/26/2013,BC,Outer,3,Broward County 6,32,22,0.0,0.0,0.0,0.0,0.0,0.0,0.0,0.0,0.0,0.0,0.0,0.0,0.0,0.0,2742.9,0.0,0.0,0.0,0.0,0.0,0.0,0.0,0.0,0.0,398.9,0.0,0.0,0.0,0.0,0.0,259.8,0.0,336.2,0.0,0.0
2013,9/26/2013,BC,Outer,3,Broward County 6,33,22,0.0,0.0,0.0,0.0,402.1,0.0,0.0,0.0,0.0,0.0,0.0,0.0,0.0,109.3,725.6,0.0,0.0,0.0,0.0,0.0,0.0,0.0,0.0,0.0,226.3,0.0,0.0,0.0,0.0,0.0,416.6,0.0,0.0,0.0,0.0
2013,9/26/2013,BC,Outer,3,Broward County 6,34,22,0.0,0.0,0.0,0.0,0.0,0.0,0.0,0.0,0.0,0.0,0.0,0.0,0.0,0.0,712.3,0.0,992.8,0.0,0.0,0.0,0.0,0.0,0.0,0.0,450.4,0.0,0.0,0.0,0.0,0.0,422.6,0.0,98.2,0.0,0.0
2013,10/1/2013,DC,Nearshore,4,Dade County 6,41,22,0.0,0.0,0.0,0.0,94.7,0.0,0.0,0.0,0.0,0.0,0.0,0.0,0.0,0.0,0.0,0.0,0.0,0.0,0.0,0.0,0.0,0.0,0.0,0.0,5953.2,149.2,0.0,0.0,0.0,0.0,8.7,2555.0,0.0,0.0,0.0
2013,10/1/2013,DC,Nearshore,4,Dade County 6,42,22,0.0,0.0,0.0,0.0,0.0,0.0,0.0,0.0,0.0,0.0,0.0,0.0,0.0,2513.3,7294.9,0.0,0.0,0.0,0.0,0.0,0.0,0.0,0.0,0.0,2872.2,25.4,0.0,4739.1,0.0,0.0,668.9,0.0,0.0,0.0,0.0
2013,10/1/2013,DC,Nearshore,4,Dade County 6,43,22,1127.1,0.0,0.0,0.0,0.0,0.0,0.0,0.0,0.0,0.0,0.0,0.0,0.0,0.0,12231.6,0.0,0.0,0.0,0.0,0.0,0.0,0.0,0.0,0.0,7735.0,496.2,1569.3,0.0,0.0,0.0,0.0,1968.4,193.5,0.0,321.9
2013,10/1/2013,DC,Nearshore,4,Dade County 6,44,22,0.0,0.0,0.0,582.7,0.0,0.0,0.0,0.0,0.0,0.0,0.0,0.0,0.0,25.1,10307.7,0.0,0.0,0.0,0.0,0.0,1270.0,0.0,0.0,0.0,4845.3,48.1,0.0,0.0,0.0,0.0,4338.0,0.0,0.0,0.0,0.0
2013,10/1/2013,DC,Middle,5,Dade County 7,51,22,0.0,0.0,0.0,0.0,0.0,0.0,0.0,0.0,0.0,0.0,0.0,0.0,0.0,298.5,120.3,0.0,892.4,0.0,0.0,0.0,1643.2,0.0,0.0,0.0,50.6,0.0,0.0,1048.1,0.0,0.0,259.4,0.0,892.2,0.0,0.0
2013,10/1/2013,DC,Middle,5,Dade County 7,52,22,0.0,58.9,0.0,0.0,0.0,0.0,0.0,0.0,0.0,0.0,0.0,203.8,0.0,808.6,51.5,0.0,0.0,0.0,0.0,0.0,0.0,0.0,0.0,0.0,666.2,0.0,0.0,0.0,0.0,0.0,268.1,0.0,505.9,0.0,0.0
2013,10/1/2013,DC,Middle,5,Dade County 7,53,22,0.0,0.0,0.0,0.0,0.0,0.0,0.0,0.0,0.0,0.0,0.0,43.6,0.0,204.1,866.8,0.0,0.0,0.0,0.0,0.0,0.0,0.0,0.0,0.0,129.3,0.0,0.0,0.0,33.8,0.0,232.1,0.0,913.5,0.0,0.0
2013,10/1/2013,DC,Middle,5,Dade County 7,54,22,0.0,0.0,0.0,0.0,25.1,0.0,0.0,0.0,0.0,0.0,0.0,0.0,0.0,267.3,1835.7,0.0,136.2,0.0,0.0,0.0,0.0,0.0,0.0,0.0,539.3,0.0,0.0,0.0,0.0,0.0,333.3,631.8,450.3,0.0,0.0
2013,9/25/2013,DC,Nearshore,6,Dade County 8,61,22,0.0,0.0,0.0,52.9,274.7,0.0,0.0,0.0,0.0,0.0,0.0,0.0,0.0,0.0,5719.9,0.0,0.0,0.0,0.0,0.0,0.0,0.0,0.0,0.0,0.0,0.0,0.0,0.0,0.0,0.0,381.4,956.9,413.0,0.0,0.0
2013,9/25/2013,DC,Nearshore,6,Dade County 8,62,22,0.0,0.0,0.0,0.0,1372.3,0.0,0.0,0.0,0.0,0.0,0.0,0.0,0.0,68.4,0.0,0.0,0.0,0.0,0.0,0.0,0.0,0.0,0.0,0.0,0.0,0.0,0.0,0.0,0.0,0.0,250.3,251.1,75.9,0.0,0.0
2013,9/25/2013,DC,Nearshore,6,Dade County 8,63,22,0.0,0.0,0.0,989.1,504.1,0.0,0.0,0.0,0.0,0.0,0.0,0.0,0.0,0.0,4852.9,0.0,0.0,0.0,0.0,0.0,0.0,0.0,0.0,0.0,0.0,0.0,0.0,250.1,0.0,0.0,1250.2,138.1,409.9,0.0,0.0
2013,9/25/2013,DC,Nearshore,6,Dade County 8,64,22,0.0,0.0,0.0,811.6,506.6,0.0,0.0,0.0,0.0,0.0,0.0,0.0,0.0,471.7,1699.6,0.0,0.0,0.0,73.8,0.0,0.0,0.0,0.0,0.0,272.9,0.0,0.0,0.0,0.0,0.0,349.5,0.0,456.7,0.0,0.0
2013,9/17/2013,PBC,Nearshore,84,Palm Beach 1,841,22,0.0,0.0,0.0,0.0,0.0,0.0,0.0,0.0,0.0,0.0,0.0,0.0,0.0,0.0,0.0,0.0,0.0,0.0,77.4,0.0,0.0,0.0,0.0,0.0,0.0,0.0,0.0,0.0,0.0,0.0,0.0,1182.8,0.0,0.0,0.0
2013,9/17/2013,PBC,Nearshore,84,Palm Beach 1,842,22,0.0,0.0,0.0,0.0,0.0,0.0,0.0,0.0,0.0,0.0,0.0,0.0,0.0,0.0,0.0,0.0,0.0,0.0,0.0,0.0,0.0,0.0,0.0,0.0,0.0,0.0,0.0,0.0,0.0,0.0,0.0,0.0,0.0,0.0,0.0
2013,9/17/2013,PBC,Nearshore,84,Palm Beach 1,843,22,0.0,0.0,0.0,0.0,0.0,0.0,0.0,0.0,0.0,0.0,0.0,0.0,0.0,0.0,0.0,0.0,0.0,0.0,0.0,0.0,0.0,0.0,0.0,0.0,0.0,0.0,0.0,33.5,0.0,0.0,25.1,443.6,0.0,0.0,0.0
2013,9/17/2013,PBC,Nearshore,84,Palm Beach 1,844,22,0.0,0.0,0.0,0.0,0.0,0.0,0.0,0.0,0.0,0.0,0.0,0.0,0.0,0.0,0.0,0.0,0.0,0.0,0.0,0.0,0.0,0.0,0.0,0.0,0.0,0.0,0.0,0.0,0.0,0.0,0.0,0.0,0.0,0.0,0.0
2013,9/17/2013,PBC,Outer,85,Palm Beach 2,851,22,0.0,0.0,0.0,0.0,84.4,0.0,0.0,0.0,0.0,0.0,428.2,0.0,0.0,432.2,15455.2,0.0,0.0,0.0,0.0,0.0,0.0,0.0,0.0,0.0,0.0,0.0,0.0,0.0,0.0,0.0,71.6,0.0,0.0,0.0,0.0
2013,9/17/2013,PBC,Outer,85,Palm Beach 2,852,22,0.0,0.0,0.0,0.0,199.4,0.0,351.5,0.0,0.0,0.0,202.4,0.0,0.0,3180.7,4744.4,0.0,0.0,0.0,0.0,0.0,0.0,0.0,0.0,0.0,190.1,0.0,0.0,0.0,0.0,0.0,174.4,0.0,92.1,0.0,0.0
2013,9/17/2013,PBC,Outer,85,Palm Beach 2,853,22,0.0,0.0,0.0,0.0,121.2,0.0,0.0,0.0,0.0,0.0,1103.3,0.0,0.0,1263.4,2157.8,0.0,0.0,0.0,0.0,0.0,0.0,0.0,0.0,0.0,135.1,0.0,0.0,0.0,0.0,0.0,34.9,0.0,0.0,0.0,0.0
2013,9/17/2013,PBC,Outer,85,Palm Beach 2,854,22,0.0,0.0,0.0,0.0,0.0,0.0,0.0,0.0,0.0,0.0,975.2,0.0,0.0,158.0,6041.2,0.0,0.0,0.0,0.0,0.0,0.0,0.0,0.0,0.0,94.3,0.0,0.0,0.0,0.0,0.0,232.3,0.0,0.0,0.0,0.0
2013,9/18/2013,PBC,Outer,86,Palm Beach 3,861,22,0.0,0.0,0.0,0.0,0.0,0.0,0.0,0.0,0.0,0.0,0.0,225.1,0.0,1984.8,3193.5,0.0,0.0,0.0,0.0,0.0,0.0,0.0,0.0,0.0,2361.5,0.0,0.0,0.0,0.0,0.0,0.0,0.0,0.0,0.0,0.0
2013,9/18/2013,PBC,Outer,86,Palm Beach 3,862,22,0.0,0.0,0.0,0.0,54.8,0.0,0.0,0.0,0.0,0.0,0.0,2476.2,0.0,938.1,3211.5,0.0,0.0,0.0,0.0,0.0,0.0,0.0,0.0,0.0,897.2,0.0,0.0,84.1,0.0,0.0,94.3,0.0,120.3,0.0,1098.8
2013,9/18/2013,PBC,Outer,86,Palm Beach 3,863,22,0.0,0.0,0.0,0.0,442.5,0.0,0.0,0.0,0.0,0.0,0.0,470.8,0.0,1610.3,3010.9,0.0,0.0,0.0,0.0,0.0,0.0,0.0,0.0,0.0,400.9,0.0,0.0,0.0,0.0,0.0,0.0,0.0,0.0,0.0,0.0
2013,9/18/2013,PBC,Outer,86,Palm Beach 3,864,22,0.0,0.0,0.0,0.0,118.3,0.0,0.0,0.0,0.0,0.0,0.0,0.0,0.0,1269.9,2117.0,0.0,0.0,0.0,0.0,0.0,0.0,0.0,0.0,0.0,0.0,0.0,0.0,0.0,0.0,0.0,0.0,0.0,0.0,0.0,0.0
2013,6/4/2013,BC,Nearshore,87,Broward County 1,871,22,0.0,0.0,0.0,3910.6,0.0,0.0,84.3,0.0,0.0,0.0,0.0,950.6,0.0,0.0,53493.8,0.0,0.0,0.0,0.0,0.0,17317.8,0.0,0.0,0.0,0.0,0.0,0.0,0.0,0.0,0.0,1557.0,1256.1,1806.5,0.0,314.6
2013,6/4/2013,BC,Nearshore,87,Broward County 1,872,22,0.0,0.0,0.0,0.0,0.0,0.0,0.0,0.0,0.0,0.0,0.0,1321.9,0.0,0.0,134088.7,0.0,0.0,0.0,0.0,0.0,0.0,0.0,0.0,0.0,956.0,82.9,0.0,0.0,0.0,0.0,2118.7,1268.2,915.5,0.0,0.0
2013,6/4/2013,BC,Nearshore,87,Broward County 1,873,22,0.0,0.0,0.0,0.0,44.6,0.0,0.0,0.0,0.0,0.0,0.0,0.0,0.0,0.0,101947.0,0.0,0.0,0.0,0.0,0.0,4101.5,0.0,0.0,0.0,0.0,0.0,0.0,0.0,0.0,0.0,1516.4,5216.2,79.9,0.0,0.0
2013,6/4/2013,BC,Nearshore,87,Broward County 1,874,22,0.0,0.0,0.0,0.0,3873.3,117.9,0.0,0.0,0.0,0.0,0.0,0.0,0.0,44.5,55617.3,0.0,0.0,0.0,0.0,0.0,0.0,0.0,0.0,0.0,187.2,0.0,0.0,0.0,0.0,0.0,199.9,0.0,7294.6,0.0,0.0
2013,6/4/2013,BC,Middle,88,Broward County 2,881,22,0.0,0.0,0.0,0.0,135.7,0.0,0.0,0.0,0.0,0.0,0.0,0.0,0.0,773.0,279.4,0.0,0.0,0.0,0.0,0.0,0.0,0.0,0.0,0.0,75.5,0.0,0.0,0.0,0.0,0.0,375.3,259.7,925.8,0.0,0.0
2013,6/4/2013,BC,Middle,88,Broward County 2,882,22,0.0,0.0,697.5,0.0,0.0,0.0,0.0,0.0,0.0,0.0,0.0,0.0,0.0,0.0,17.4,0.0,0.0,0.0,0.0,0.0,0.0,0.0,0.0,0.0,0.0,176.2,0.0,0.0,0.0,0.0,143.7,0.0,96.1,0.0,0.0
2013,6/4/2013,BC,Middle,88,Broward County 2,883,22,0.0,0.0,0.0,0.0,218.7,0.0,0.0,0.0,0.0,0.0,0.0,0.0,0.0,3615.9,233.3,0.0,0.0,0.0,0.0,0.0,0.0,0.0,0.0,0.0,540.9,0.0,0.0,0.0,0.0,0.0,911.7,0.0,217.8,0.0,0.0
2013,6/4/2013,BC,Middle,88,Broward County 2,884,22,0.0,0.0,0.0,0.0,0.0,0.0,0.0,0.0,0.0,0.0,0.0,0.0,0.0,0.0,0.0,0.0,0.0,0.0,0.0,0.0,0.0,0.0,0.0,0.0,513.1,0.0,0.0,0.0,0.0,0.0,576.9,0.0,431.3,0.0,0.0
2013,7/29/2013,BC,Outer,89,Broward County 3,891,22,0.0,0.0,0.0,0.0,0.0,0.0,0.0,0.0,0.0,0.0,0.0,0.0,0.0,0.0,234.6,0.0,0.0,0.0,0.0,0.0,0.0,0.0,0.0,0.0,1110.4,0.0,0.0,0.0,0.0,0.0,348.5,0.0,336.2,0.0,0.0
2013,7/29/2013,BC,Outer,89,Broward County 3,892,22,0.0,0.0,0.0,0.0,55.7,0.0,0.0,0.0,0.0,0.0,0.0,157.4,0.0,69.5,2865.5,0.0,0.0,0.0,0.0,0.0,0.0,0.0,0.0,0.0,655.6,0.0,0.0,0.0,0.0,0.0,510.5,898.3,263.5,0.0,0.0
2013,7/29/2013,BC,Outer,89,Broward County 3,893,22,0.0,0.0,0.0,0.0,0.0,0.0,0.0,0.0,0.0,0.0,0.0,0.0,0.0,0.0,2486.9,0.0,0.0,0.0,0.0,0.0,0.0,0.0,0.0,0.0,246.9,0.0,0.0,0.0,0.0,0.0,102.8,0.0,303.5,0.0,0.0
2013,7/29/2013,BC,Outer,89,Broward County 3,894,22,0.0,0.0,0.0,0.0,0.0,0.0,0.0,0.0,0.0,0.0,0.0,0.0,0.0,452.6,1463.5,0.0,0.0,0.0,0.0,0.0,0.0,0.0,0.0,0.0,748.9,0.0,0.0,0.0,0.0,0.0,794.6,0.0,645.6,0.0,0.0
2013,6/18/2013,BC,Nearshore,90,Broward County A,901,22,0.0,0.0,0.0,0.0,0.0,0.0,0.0,0.0,0.0,0.0,0.0,0.0,0.0,0.0,0.0,0.0,0.0,0.0,0.0,0.0,0.0,0.0,0.0,0.0,1291.5,0.0,3314.9,0.0,0.0,0.0,0.0,0.0,0.0,0.0,108.3
2013,6/18/2013,BC,Nearshore,90,Broward County A,902,22,0.0,0.0,0.0,0.0,0.0,0.0,0.0,0.0,0.0,0.0,0.0,0.0,0.0,0.0,0.0,0.0,0.0,0.0,0.0,0.0,0.0,0.0,0.0,0.0,891.2,0.0,0.0,0.0,0.0,0.0,0.0,0.0,0.0,0.0,567.1
2013,6/18/2013,BC,Nearshore,90,Broward County A,903,22,0.0,0.0,0.0,0.0,0.0,0.0,0.0,0.0,0.0,0.0,0.0,0.0,0.0,0.0,0.0,0.0,0.0,0.0,0.0,0.0,0.0,0.0,0.0,0.0,1590.3,0.0,0.0,0.0,0.0,0.0,0.0,0.0,0.0,0.0,1704.5
2013,6/18/2013,BC,Nearshore,90,Broward County A,904,22,0.0,0.0,0.0,0.0,0.0,0.0,0.0,0.0,0.0,0.0,0.0,0.0,0.0,0.0,4325.1,0.0,0.0,0.0,0.0,0.0,0.0,0.0,0.0,0.0,327.9,0.0,0.0,0.0,0.0,0.0,0.0,0.0,0.0,0.0,613.0
2013,8/15/2013,DC,Inner,91,Dade County 1,911,22,0.0,0.0,0.0,0.0,1425.0,1111.5,0.0,0.0,0.0,0.0,0.0,0.0,0.0,0.0,21841.3,0.0,0.0,0.0,0.0,0.0,0.0,0.0,0.0,0.0,5655.2,910.0,0.0,0.0,0.0,0.0,7171.9,1121.4,0.0,0.0,137.0
2013,8/15/2013,DC,Inner,91,Dade County 1,912,22,7851.1,0.0,0.0,0.0,56.5,0.0,0.0,0.0,0.0,0.0,0.0,0.0,0.0,0.0,35688.5,0.0,0.0,0.0,0.0,0.0,0.0,0.0,0.0,0.0,7534.0,293.4,0.0,45.0,0.0,0.0,3813.1,1367.4,0.0,0.0,107.2
2013,8/15/2013,DC,Inner,91,Dade County 1,913,22,5801.9,0.0,0.0,0.0,0.0,0.0,0.0,0.0,0.0,0.0,0.0,0.0,0.0,0.0,4810.0,0.0,0.0,0.0,0.0,0.0,0.0,34744.4,0.0,0.0,6058.3,0.0,2587.7,0.0,0.0,0.0,4577.9,3821.8,226.2,0.0,0.0
2013,8/15/2013,DC,Inner,91,Dade County 1,914,22,0.0,0.0,0.0,0.0,260.5,0.0,0.0,0.0,0.0,0.0,0.0,0.0,0.0,0.0,9334.6,0.0,0.0,0.0,0.0,0.0,0.0,0.0,0.0,0.0,8421.4,382.7,0.0,0.0,0.0,0.0,991.9,194.5,0.0,0.0,117.9
2013,8/15/2013,DC,Middle,92,Dade County 2,921,22,0.0,0.0,0.0,0.0,136.8,0.0,0.0,0.0,0.0,0.0,0.0,0.0,0.0,691.2,0.0,0.0,0.0,0.0,0.0,0.0,0.0,0.0,0.0,0.0,0.0,0.0,0.0,0.0,0.0,0.0,540.3,57.3,570.9,0.0,0.0
2013,8/15/2013,DC,Middle,92,Dade County 2,922,22,0.0,0.0,0.0,0.0,0.0,0.0,89.7,0.0,0.0,0.0,0.0,47.2,0.0,1381.9,605.8,0.0,0.0,0.0,0.0,0.0,0.0,0.0,0.0,0.0,618.4,0.0,0.0,0.0,0.0,0.0,590.1,0.0,280.8,0.0,0.0
2013,8/15/2013,DC,Middle,92,Dade County 2,923,22,0.0,0.0,0.0,0.0,0.0,0.0,0.0,0.0,0.0,0.0,0.0,394.1,0.0,351.8,0.0,0.0,0.0,0.0,0.0,0.0,0.0,1851.5,0.0,0.0,681.3,0.0,0.0,759.7,0.0,0.0,648.7,1214.5,25.1,0.0,0.0
2013,8/15/2013,DC,Middle,92,Dade County 2,924,22,0.0,0.0,0.0,0.0,0.0,0.0,0.0,0.0,0.0,0.0,0.0,0.0,0.0,1087.6,121.3,0.0,0.0,0.0,0.0,0.0,0.0,0.0,0.0,0.0,115.7,0.0,0.0,0.0,0.0,0.0,172.4,0.0,849.1,0.0,0.0
2013,8/15/2013,DC,Outer,93,Dade County 3,931,22,0.0,0.0,0.0,0.0,0.0,0.0,0.0,0.0,0.0,0.0,0.0,0.0,0.0,0.0,2351.4,0.0,0.0,0.0,0.0,0.0,0.0,0.0,0.0,0.0,808.3,0.0,0.0,0.0,0.0,0.0,25.1,156.7,0.0,0.0,0.0
2013,8/15/2013,DC,Outer,93,Dade County 3,932,22,0.0,0.0,0.0,0.0,0.0,0.0,0.0,0.0,0.0,0.0,0.0,570.9,0.0,69.8,0.0,0.0,0.0,0.0,0.0,0.0,0.0,0.0,0.0,0.0,0.0,0.0,0.0,0.0,0.0,0.0,111.7,0.0,0.0,0.0,0.0
2013,8/15/2013,DC,Outer,93,Dade County 3,933,22,0.0,0.0,0.0,0.0,0.0,0.0,0.0,0.0,0.0,0.0,0.0,0.0,0.0,0.0,5194.2,0.0,0.0,0.0,0.0,0.0,0.0,0.0,0.0,0.0,0.0,0.0,0.0,0.0,0.0,0.0,25.1,226.2,0.0,0.0,0.0
2013,8/15/2013,DC,Outer,93,Dade County 3,934,22,0.0,0.0,0.0,0.0,0.0,0.0,0.0,0.0,0.0,0.0,0.0,564.0,0.0,136.8,198.9,0.0,0.0,0.0,0.0,0.0,0.0,0.0,0.0,0.0,498.6,0.0,0.0,0.0,0.0,0.0,80.9,0.0,165.5,0.0,0.0
2013,6/12/2013,MC,Nearshore,94,Martin County 1,941,22,0.0,0.0,0.0,0.0,0.0,0.0,0.0,0.0,0.0,201.5,0.0,0.0,0.0,0.0,0.0,0.0,0.0,0.0,62.8,0.0,0.0,0.0,0.0,0.0,878.8,0.0,9709.7,0.0,0.0,34.3,461.1,0.0,0.0,0.0,0.0
2013,6/12/2013,MC,Nearshore,94,Martin County 1,942,22,0.0,0.0,0.0,0.0,0.0,0.0,0.0,0.0,0.0,0.0,0.0,0.0,0.0,0.0,434.2,0.0,0.0,0.0,0.0,0.0,0.0,0.0,0.0,0.0,123.0,0.0,29810.5,0.0,0.0,0.0,541.9,0.0,0.0,0.0,0.0
2013,6/12/2013,MC,Nearshore,94,Martin County 1,943,22,0.0,0.0,0.0,0.0,0.0,0.0,0.0,0.0,0.0,0.0,0.0,0.0,0.0,0.0,0.0,0.0,0.0,0.0,478.0,0.0,0.0,0.0,0.0,0.0,61.9,0.0,0.0,0.0,0.0,0.0,509.5,0.0,0.0,0.0,0.0
2013,6/12/2013,MC,Nearshore,94,Martin County 1,944,22,0.0,0.0,0.0,0.0,0.0,0.0,0.0,0.0,0.0,0.0,0.0,0.0,0.0,0.0,0.0,0.0,0.0,0.0,0.0,0.0,0.0,0.0,0.0,0.0,412.6,0.0,28684.5,0.0,0.0,44.4,290.3,0.0,0.0,0.0,0.0
2013,6/12/2013,MC,Nearshore,95,Martin County 2,951,22,0.0,0.0,0.0,0.0,0.0,0.0,0.0,0.0,0.0,0.0,0.0,0.0,0.0,0.0,0.0,0.0,0.0,0.0,0.0,0.0,0.0,0.0,0.0,0.0,0.0,0.0,2179.7,0.0,0.0,17.6,293.2,0.0,62.5,0.0,0.0
2013,6/12/2013,MC,Nearshore,95,Martin County 2,952,22,0.0,0.0,0.0,0.0,0.0,0.0,0.0,0.0,0.0,0.0,0.0,0.0,0.0,0.0,0.0,0.0,0.0,0.0,547.0,0.0,0.0,0.0,0.0,0.0,0.0,0.0,5774.2,0.0,0.0,36.5,224.5,940.6,0.0,0.0,0.0
2013,6/12/2013,MC,Nearshore,95,Martin County 2,953,22,0.0,0.0,0.0,0.0,0.0,0.0,0.0,0.0,0.0,0.0,0.0,0.0,0.0,0.0,0.0,0.0,0.0,0.0,111.8,0.0,0.0,0.0,0.0,0.0,0.0,0.0,298.2,4052.1,0.0,0.0,190.2,0.0,0.0,0.0,0.0
2013,6/12/2013,MC,Nearshore,95,Martin County 2,954,22,0.0,0.0,0.0,0.0,0.0,0.0,0.0,0.0,0.0,0.0,0.0,0.0,0.0,0.0,0.0,0.0,0.0,0.0,1033.9,0.0,0.0,0.0,0.0,0.0,0.0,0.0,7362.3,0.0,0.0,89.3,464.5,0.0,0.0,0.0,0.0
2013,9/19/2013,PBC,Outer,97,Palm Beach 4,971,22,0.0,0.0,0.0,0.0,0.0,0.0,0.0,0.0,0.0,0.0,0.0,122.4,0.0,4651.1,10087.9,0.0,0.0,0.0,0.0,0.0,0.0,0.0,0.0,0.0,592.6,0.0,0.0,0.0,0.0,0.0,103.3,0.0,439.3,0.0,0.0
2013,9/19/2013,PBC,Outer,97,Palm Beach 4,972,22,0.0,0.0,0.0,0.0,820.5,0.0,0.0,0.0,0.0,0.0,0.0,526.8,0.0,582.4,15620.5,0.0,0.0,0.0,0.0,0.0,154.2,0.0,0.0,0.0,1130.7,0.0,0.0,17628.7,0.0,0.0,1269.2,0.0,410.0,0.0,785.2
2013,9/19/2013,PBC,Outer,97,Palm Beach 4,973,22,0.0,0.0,0.0,0.0,0.0,0.0,0.0,0.0,0.0,0.0,0.0,0.0,0.0,6384.2,2614.0,0.0,0.0,0.0,0.0,0.0,0.0,0.0,0.0,0.0,790.0,0.0,0.0,5025.9,0.0,0.0,230.4,0.0,229.5,0.0,0.0
2013,9/19/2013,PBC,Outer,97,Palm Beach 4,974,22,0.0,0.0,0.0,0.0,75.9,0.0,0.0,0.0,0.0,0.0,0.0,517.2,0.0,0.0,2478.7,0.0,0.0,0.0,0.0,0.0,0.0,0.0,0.0,0.0,737.3,0.0,0.0,0.0,17.4,0.0,304.1,0.0,599.0,0.0,0.0
2013,9/24/2013,PBC,Outer,98,Palm Beach 5,981,22,0.0,0.0,0.0,0.0,0.0,0.0,0.0,0.0,0.0,0.0,0.0,44.6,0.0,167.8,6533.8,0.0,0.0,0.0,0.0,0.0,0.0,0.0,0.0,0.0,5066.1,0.0,4630.3,0.0,0.0,0.0,261.0,1128.3,919.9,0.0,1121.8
2013,9/24/2013,PBC,Outer,98,Palm Beach 5,982,22,0.0,0.0,0.0,0.0,34.2,0.0,0.0,0.0,0.0,0.0,0.0,0.0,0.0,2365.2,10696.1,0.0,0.0,0.0,0.0,0.0,558.6,0.0,0.0,0.0,2420.8,0.0,1105.1,0.0,0.0,0.0,1674.0,0.0,248.8,0.0,0.0
2013,9/24/2013,PBC,Outer,98,Palm Beach 5,983,22,0.0,0.0,0.0,877.1,113.1,0.0,0.0,0.0,0.0,0.0,0.0,93.9,0.0,0.0,2550.7,0.0,0.0,0.0,0.0,0.0,0.0,0.0,0.0,0.0,2531.2,339.2,0.0,848.1,0.0,0.0,538.3,0.0,404.3,0.0,0.0
2013,9/24/2013,PBC,Outer,98,Palm Beach 5,984,22,0.0,0.0,921.6,0.0,0.0,0.0,0.0,0.0,0.0,0.0,0.0,0.0,0.0,1397.6,7439.2,0.0,0.0,0.0,0.0,0.0,0.0,0.0,0.0,0.0,2061.0,0.0,56.3,0.0,0.0,0.0,1494.1,0.0,1019.4,0.0,220.4
2013,9/12/2013,DC,Outer,99,Dade County 4,991,22,0.0,0.0,0.0,0.0,0.0,0.0,0.0,0.0,0.0,0.0,0.0,0.0,0.0,1623.5,1870.1,0.0,0.0,0.0,0.0,0.0,2187.9,0.0,0.0,0.0,193.8,0.0,0.0,0.0,0.0,0.0,359.2,0.0,411.8,0.0,111.3
2013,9/12/2013,DC,Outer,99,Dade County 4,992,22,0.0,0.0,0.0,0.0,0.0,0.0,0.0,0.0,0.0,0.0,0.0,0.0,0.0,1203.9,1686.3,0.0,0.0,0.0,0.0,0.0,0.0,0.0,0.0,0.0,92.2,0.0,0.0,0.0,0.0,0.0,624.9,779.2,123.1,0.0,0.0
2013,9/12/2013,DC,Outer,99,Dade County 4,993,22,0.0,0.0,877.6,0.0,0.0,0.0,0.0,0.0,0.0,0.0,0.0,0.0,0.0,0.0,5644.3,0.0,0.0,0.0,0.0,0.0,0.0,0.0,0.0,0.0,103.9,0.0,0.0,0.0,0.0,0.0,154.1,0.0,42.5,0.0,0.0
2013,9/12/2013,DC,Outer,99,Dade County 4,994,22,0.0,0.0,0.0,0.0,226.2,0.0,0.0,0.0,0.0,0.0,0.0,0.0,0.0,275.1,243.4,0.0,0.0,0.0,0.0,0.0,0.0,0.0,0.0,0.0,640.6,0.0,0.0,0.0,0.0,0.0,552.1,0.0,150.8,0.0,0.0
2014,6/30/2014,DC,Inner,0,Dade County 5,1,22,0.0,95.3,0.0,0.0,248.6,0.0,0.0,0.0,0.0,0.0,0.0,0.0,0.0,1429.9,1451.3,0.0,0.0,0.0,0.0,0.0,0.0,0.0,0.0,0.0,2549.4,406.8,0.0,0.0,0.0,0.0,822.7,66.0,498.1,0.0,5941.1
2014,6/30/2014,DC,Inner,0,Dade County 5,2,22,0.0,126.4,0.0,122.5,455.4,0.0,0.0,0.0,0.0,0.0,0.0,1369.5,0.0,0.0,442.2,0.0,33.5,0.0,0.0,0.0,0.0,23.8,0.0,0.0,582.1,412.1,0.0,0.0,0.0,0.0,53.5,0.0,212.3,0.0,3799.8
2014,6/30/2014,DC,Inner,0,Dade County 5,3,22,0.0,0.0,0.0,0.0,350.0,0.0,0.0,0.0,0.0,0.0,0.0,0.0,0.0,27123.0,0.0,0.0,0.0,0.0,0.0,0.0,0.0,0.0,1763.6,0.0,1701.9,53.7,0.0,16.9,0.0,0.0,627.8,615.3,0.0,0.0,4809.6
2014,6/30/2014,DC,Inner,0,Dade County 5,4,22,0.0,85.2,0.0,5205.9,0.0,1005.9,0.0,0.0,0.0,0.0,0.0,0.0,0.0,6613.1,0.0,0.0,0.0,0.0,0.0,0.0,0.0,8138.9,0.0,0.0,1623.4,29.9,0.0,0.0,0.0,0.0,81.5,0.0,104.3,0.0,8778.9
2014,6/12/2014,BC,Inner,1,Broward County 4,11,22,0.0,148.5,0.0,0.0,503.9,0.0,0.0,0.0,0.0,0.0,0.0,129.8,0.0,0.0,3378.1,0.0,0.0,0.0,0.0,0.0,0.0,3775.7,0.0,0.0,5715.4,592.3,0.0,218.2,0.0,0.0,3186.0,305.8,418.8,0.0,0.0
2014,6/12/2014,BC,Inner,1,Broward County 4,12,22,0.0,0.0,0.0,0.0,1317.8,0.0,0.0,0.0,0.0,0.0,0.0,0.0,0.0,25.1,10837.6,0.0,0.0,0.0,0.0,0.0,0.0,0.0,0.0,0.0,5869.3,772.2,0.0,6461.7,0.0,34.2,3512.8,157.1,831.7,0.0,181.4
2014,6/12/2014,BC,Inner,1,Broward County 4,13,22,490.1,0.0,0.0,0.0,980.0,0.0,0.0,0.0,0.0,0.0,0.0,231.9,0.0,1005.2,10020.9,0.0,0.0,0.0,0.0,0.0,0.0,17378.4,0.0,0.0,5144.3,287.4,564.0,0.0,0.0,0.0,3090.0,0.0,1157.6,0.0,2632.5
2014,6/12/2014,BC,Inner,1,Broward County 4,14,22,0.0,0.0,0.0,0.0,376.0,0.0,0.0,0.0,0.0,0.0,0.0,0.0,0.0,3534.1,12339.2,0.0,0.0,0.0,0.0,0.0,0.0,9176.6,0.0,0.0,7961.0,627.5,0.0,0.0,0.0,25.1,3847.6,214.3,481.6,0.0,372.4
2014,8/20/2014,BC,Middle,2,Broward County 5,21,22,0.0,0.0,0.0,0.0,196.0,0.0,0.0,0.0,0.0,0.0,0.0,0.0,0.0,7459.4,1921.3,0.0,0.0,0.0,0.0,0.0,0.0,0.0,0.0,0.0,604.5,0.0,0.0,0.0,0.0,0.0,594.0,0.0,65.3,0.0,0.0
2014,8/20/2014,BC,Middle,2,Broward County 5,22,22,0.0,0.0,0.0,0.0,167.5,0.0,0.0,0.0,0.0,0.0,0.0,0.0,0.0,84.3,4719.9,0.0,0.0,0.0,0.0,0.0,0.0,0.0,0.0,0.0,0.0,90.5,0.0,0.0,0.0,0.0,331.2,0.0,180.8,0.0,0.0
2014,8/20/2014,BC,Middle,2,Broward County 5,23,22,0.0,0.0,0.0,0.0,329.5,0.0,0.0,0.0,0.0,0.0,0.0,55.8,0.0,1706.5,2572.5,0.0,0.0,0.0,0.0,0.0,0.0,0.0,0.0,0.0,1041.2,190.8,0.0,0.0,0.0,0.0,369.0,1006.2,414.0,0.0,0.0
2014,8/20/2014,BC,Middle,2,Broward County 5,24,22,0.0,0.0,0.0,0.0,0.0,0.0,0.0,0.0,0.0,0.0,0.0,0.0,0.0,756.9,67.5,0.0,0.0,0.0,0.0,0.0,0.0,0.0,0.0,0.0,538.6,116.1,0.0,0.0,0.0,0.0,441.4,0.0,97.2,0.0,0.0
2014,8/20/2014,BC,Outer,3,Broward County 6,31,22,0.0,0.0,0.0,0.0,0.0,0.0,0.0,0.0,0.0,0.0,0.0,0.0,0.0,2199.2,5434.3,0.0,0.0,0.0,0.0,0.0,0.0,0.0,0.0,0.0,1338.4,0.0,0.0,0.0,0.0,0.0,703.4,0.0,96.7,0.0,0.0
2014,8/20/2014,BC,Outer,3,Broward County 6,32,22,0.0,0.0,0.0,0.0,0.0,0.0,0.0,0.0,0.0,0.0,0.0,0.0,0.0,0.0,3976.6,0.0,0.0,0.0,0.0,0.0,0.0,0.0,0.0,0.0,621.2,0.0,0.0,0.0,0.0,0.0,121.2,0.0,181.0,0.0,0.0
2014,8/20/2014,BC,Outer,3,Broward County 6,33,22,0.0,0.0,0.0,0.0,585.8,0.0,0.0,0.0,0.0,0.0,0.0,0.0,0.0,227.9,1077.0,0.0,0.0,0.0,0.0,0.0,0.0,0.0,0.0,0.0,258.3,0.0,0.0,0.0,0.0,0.0,436.9,0.0,105.7,0.0,0.0
2014,8/20/2014,BC,Outer,3,Broward County 6,34,22,0.0,0.0,0.0,0.0,0.0,0.0,0.0,0.0,0.0,0.0,0.0,0.0,0.0,0.0,1473.1,0.0,0.0,0.0,0.0,0.0,0.0,0.0,0.0,0.0,340.0,0.0,0.0,0.0,0.0,0.0,91.4,0.0,186.4,0.0,0.0
2014,6/20/2014,DC,Nearshore,4,Dade County 6,41,22,0.0,0.0,0.0,0.0,40.1,0.0,0.0,0.0,0.0,0.0,0.0,0.0,0.0,0.0,0.0,0.0,0.0,0.0,0.0,0.0,0.0,0.0,0.0,0.0,5530.6,243.8,0.0,0.0,0.0,0.0,6.3,1198.7,0.0,0.0,0.0
2014,6/20/2014,DC,Nearshore,4,Dade County 6,42,22,761.2,0.0,0.0,0.0,0.0,0.0,0.0,0.0,0.0,0.0,0.0,0.0,0.0,2770.3,8866.0,0.0,0.0,0.0,0.0,0.0,0.0,0.0,0.0,0.0,5276.5,407.3,0.0,0.0,0.0,0.0,750.2,0.0,0.0,0.0,0.0
2014,6/20/2014,DC,Nearshore,4,Dade County 6,43,22,3221.9,0.0,0.0,0.0,527.5,0.0,0.0,0.0,0.0,0.0,0.0,0.0,0.0,1402.6,5775.8,0.0,0.0,0.0,0.0,0.0,0.0,0.0,0.0,0.0,7691.0,625.8,2055.1,0.0,0.0,0.0,0.0,2929.1,812.5,0.0,322.6
2014,6/20/2014,DC,Nearshore,4,Dade County 6,44,22,11196.6,0.0,0.0,0.0,0.0,0.0,0.0,0.0,0.0,0.0,0.0,0.0,0.0,0.0,10455.3,0.0,0.0,0.0,0.0,0.0,5686.5,0.0,0.0,0.0,5628.3,20.7,0.0,0.0,0.0,0.0,688.0,687.7,0.0,0.0,0.0
2014,6/20/2014,DC,Middle,5,Dade County 7,51,22,0.0,0.0,0.0,0.0,0.0,0.0,0.0,0.0,0.0,0.0,0.0,34.2,0.0,401.6,90.4,0.0,246.7,0.0,0.0,0.0,257.0,978.8,0.0,0.0,66.0,0.0,0.0,1382.6,0.0,0.0,214.8,0.0,802.7,0.0,0.0
2014,6/20/2014,DC,Middle,5,Dade County 7,52,22,0.0,0.0,0.0,0.0,0.0,0.0,0.0,0.0,0.0,0.0,0.0,156.5,0.0,270.5,17.4,0.0,0.0,0.0,0.0,0.0,0.0,0.0,0.0,0.0,644.1,0.0,0.0,0.0,0.0,0.0,52.2,0.0,417.3,0.0,0.0
2014,6/20/2014,DC,Middle,5,Dade County 7,53,22,0.0,0.0,0.0,0.0,69.8,0.0,0.0,0.0,0.0,0.0,0.0,0.0,0.0,181.8,997.5,0.0,0.0,0.0,0.0,0.0,0.0,0.0,0.0,0.0,133.6,0.0,0.0,0.0,0.0,0.0,399.8,0.0,1015.2,0.0,0.0
2014,6/20/2014,DC,Middle,5,Dade County 7,54,22,0.0,0.0,0.0,0.0,125.0,0.0,0.0,0.0,0.0,0.0,0.0,0.0,0.0,330.9,2077.1,0.0,350.1,0.0,0.0,0.0,0.0,0.0,0.0,0.0,607.2,0.0,0.0,0.0,0.0,0.0,417.4,484.8,466.1,0.0,0.0
2014,8/7/2014,DC,Nearshore,6,Dade County 8,61,22,0.0,0.0,0.0,0.0,278.9,0.0,0.0,0.0,0.0,0.0,0.0,0.0,0.0,0.0,5723.8,0.0,0.0,0.0,0.0,0.0,0.0,0.0,0.0,0.0,59.0,0.0,0.0,0.0,0.0,0.0,465.5,718.2,787.4,0.0,0.0
2014,8/7/2014,DC,Nearshore,6,Dade County 8,62,22,0.0,0.0,0.0,0.0,1789.3,0.0,0.0,0.0,0.0,0.0,0.0,0.0,0.0,0.0,135.8,0.0,0.0,0.0,0.0,0.0,0.0,0.0,0.0,0.0,228.7,0.0,0.0,0.0,0.0,0.0,112.0,0.0,436.0,0.0,0.0
2014,8/7/2014,DC,Nearshore,6,Dade County 8,63,22,0.0,0.0,0.0,895.7,465.7,0.0,0.0,0.0,0.0,0.0,0.0,0.0,0.0,0.0,10683.9,0.0,0.0,0.0,0.0,0.0,0.0,0.0,0.0,0.0,0.0,0.0,637.3,0.0,0.0,0.0,582.2,105.2,177.1,0.0,0.0
2014,8/7/2014,DC,Nearshore,6,Dade County 8,64,22,0.0,0.0,0.0,0.0,521.9,0.0,0.0,0.0,0.0,0.0,0.0,0.0,0.0,662.1,3422.3,0.0,0.0,0.0,125.9,0.0,0.0,0.0,0.0,0.0,209.2,0.0,0.0,0.0,0.0,0.0,268.1,547.1,326.4,0.0,0.0
2014,7/16/2014,PBC,Nearshore,84,Palm Beach 1,841,22,0.0,0.0,0.0,0.0,0.0,0.0,0.0,0.0,0.0,0.0,0.0,0.0,0.0,0.0,32.4,0.0,0.0,0.0,167.2,0.0,0.0,0.0,0.0,0.0,0.0,0.0,0.0,0.0,0.0,0.0,0.0,1689.8,0.0,0.0,0.0
2014,7/16/2014,PBC,Nearshore,84,Palm Beach 1,842,22,0.0,0.0,0.0,0.0,0.0,0.0,0.0,0.0,0.0,0.0,0.0,0.0,0.0,0.0,0.0,0.0,0.0,0.0,0.0,0.0,0.0,0.0,0.0,0.0,0.0,0.0,0.0,0.0,0.0,0.0,0.0,0.0,0.0,0.0,0.0
2014,7/16/2014,PBC,Nearshore,84,Palm Beach 1,843,22,0.0,0.0,0.0,0.0,0.0,0.0,0.0,0.0,0.0,0.0,0.0,0.0,0.0,78.7,0.0,0.0,0.0,0.0,0.0,0.0,0.0,0.0,0.0,0.0,0.0,0.0,0.0,54.0,0.0,0.0,0.0,554.6,0.0,0.0,0.0
2014,7/16/2014,PBC,Nearshore,84,Palm Beach 1,844,22,0.0,0.0,0.0,0.0,0.0,0.0,0.0,0.0,0.0,0.0,0.0,0.0,0.0,0.0,0.0,0.0,0.0,0.0,0.0,0.0,0.0,0.0,0.0,0.0,0.0,0.0,0.0,0.0,0.0,0.0,0.0,0.0,0.0,0.0,0.0
2014,7/17/2014,PBC,Outer,85,Palm Beach 2,851,22,0.0,0.0,0.0,0.0,0.0,0.0,239.2,0.0,0.0,0.0,0.0,52.9,0.0,730.7,15173.6,0.0,0.0,0.0,0.0,0.0,0.0,0.0,0.0,0.0,37.9,0.0,0.0,0.0,0.0,0.0,89.8,0.0,0.0,0.0,0.0
2014,7/17/2014,PBC,Outer,85,Palm Beach 2,852,22,0.0,0.0,0.0,0.0,161.4,0.0,215.8,0.0,0.0,0.0,0.0,495.5,0.0,2940.2,5563.3,0.0,0.0,0.0,0.0,0.0,0.0,0.0,0.0,0.0,152.2,0.0,0.0,0.0,0.0,0.0,81.4,0.0,110.5,0.0,0.0
2014,7/17/2014,PBC,Outer,85,Palm Beach 2,853,22,0.0,0.0,0.0,0.0,234.9,0.0,0.0,0.0,0.0,0.0,2317.2,0.0,0.0,1803.3,2495.8,0.0,0.0,0.0,0.0,0.0,0.0,0.0,0.0,0.0,38.6,0.0,0.0,0.0,0.0,0.0,14.1,0.0,0.0,0.0,0.0
2014,7/17/2014,PBC,Outer,85,Palm Beach 2,854,22,0.0,0.0,0.0,0.0,0.0,0.0,0.0,0.0,0.0,0.0,1085.3,0.0,0.0,245.3,5169.2,0.0,0.0,0.0,0.0,0.0,0.0,0.0,0.0,0.0,80.2,0.0,0.0,0.0,0.0,0.0,276.6,0.0,0.0,0.0,0.0
2014,7/16/2014,PBC,Outer,86,Palm Beach 3,861,22,0.0,0.0,0.0,0.0,0.0,0.0,0.0,0.0,0.0,0.0,0.0,50.7,0.0,2078.3,2527.1,0.0,0.0,0.0,0.0,0.0,0.0,0.0,0.0,0.0,2199.4,0.0,0.0,0.0,0.0,0.0,33.4,0.0,0.0,0.0,0.0
2014,7/16/2014,PBC,Outer,86,Palm Beach 3,862,22,0.0,0.0,0.0,0.0,471.4,0.0,0.0,0.0,0.0,0.0,0.0,1503.4,0.0,1311.6,4993.9,0.0,0.0,0.0,0.0,0.0,0.0,0.0,0.0,0.0,1525.7,0.0,0.0,115.1,0.0,0.0,0.0,0.0,105.9,0.0,968.8
2014,7/16/2014,PBC,Outer,86,Palm Beach 3,863,22,0.0,0.0,0.0,0.0,332.6,0.0,0.0,0.0,0.0,0.0,0.0,734.6,0.0,1969.4,3000.9,0.0,0.0,0.0,0.0,0.0,0.0,0.0,0.0,0.0,589.6,0.0,0.0,0.0,0.0,0.0,114.1,0.0,75.2,0.0,0.0
2014,7/16/2014,PBC,Outer,86,Palm Beach 3,864,22,0.0,0.0,0.0,0.0,81.2,0.0,0.0,0.0,0.0,0.0,0.0,0.0,0.0,1030.6,1792.3,0.0,0.0,0.0,0.0,0.0,0.0,0.0,0.0,0.0,0.0,0.0,0.0,0.0,0.0,0.0,32.4,0.0,48.8,0.0,0.0
2014,6/12/2014,BC,Nearshore,87,Broward County 1,871,22,0.0,397.3,0.0,2185.9,0.0,0.0,178.7,0.0,0.0,0.0,0.0,724.0,0.0,0.0,71347.9,0.0,0.0,0.0,0.0,0.0,0.0,14631.6,0.0,0.0,275.5,0.0,0.0,0.0,0.0,0.0,1475.8,934.9,954.8,0.0,0.0
2014,6/12/2014,BC,Nearshore,87,Broward County 1,872,22,0.0,0.0,0.0,0.0,40.3,0.0,0.0,0.0,0.0,0.0,390.1,0.0,0.0,92.0,144815.0,0.0,0.0,0.0,0.0,0.0,0.0,0.0,0.0,0.0,1013.3,0.0,0.0,0.0,0.0,0.0,2194.4,853.9,2015.1,0.0,0.0
2014,6/12/2014,BC,Nearshore,87,Broward County 1,873,22,0.0,0.0,0.0,0.0,44.6,0.0,0.0,0.0,0.0,0.0,0.0,0.0,0.0,0.0,124880.9,0.0,0.0,0.0,0.0,0.0,0.0,257.7,0.0,0.0,0.0,0.0,0.0,0.0,0.0,0.0,2737.8,5226.3,0.0,0.0,0.0
2014,6/12/2014,BC,Nearshore,87,Broward County 1,874,22,0.0,0.0,0.0,0.0,1413.5,226.5,0.0,0.0,0.0,0.0,0.0,0.0,0.0,681.2,85134.1,0.0,0.0,0.0,0.0,0.0,0.0,0.0,0.0,0.0,282.4,0.0,0.0,0.0,0.0,0.0,192.5,8439.7,1039.7,0.0,34.2
2014,6/9/2014,BC,Middle,88,Broward County 2,881,22,0.0,0.0,0.0,0.0,0.0,0.0,0.0,0.0,0.0,0.0,0.0,0.0,0.0,669.2,243.4,0.0,0.0,0.0,0.0,0.0,0.0,0.0,0.0,0.0,98.3,0.0,0.0,0.0,0.0,0.0,723.3,710.7,717.4,0.0,0.0
2014,6/9/2014,BC,Middle,88,Broward County 2,882,22,0.0,0.0,346.1,0.0,0.0,0.0,0.0,0.0,0.0,0.0,0.0,0.0,0.0,0.0,80.7,0.0,0.0,0.0,0.0,0.0,0.0,0.0,0.0,0.0,0.0,0.0,0.0,0.0,0.0,0.0,229.6,0.0,176.5,0.0,0.0
2014,6/9/2014,BC,Middle,88,Broward County 2,883,22,0.0,0.0,0.0,0.0,327.5,0.0,0.0,0.0,0.0,0.0,0.0,0.0,0.0,3744.0,272.6,0.0,0.0,0.0,0.0,0.0,0.0,2349.4,0.0,0.0,545.2,0.0,0.0,0.0,0.0,0.0,1164.1,0.0,270.2,0.0,0.0
2014,6/9/2014,BC,Middle,88,Broward County 2,884,22,0.0,0.0,0.0,0.0,0.0,0.0,0.0,0.0,0.0,0.0,0.0,0.0,0.0,307.4,52.2,0.0,0.0,0.0,0.0,0.0,0.0,0.0,0.0,0.0,296.9,0.0,0.0,0.0,0.0,0.0,522.3,1509.3,494.7,0.0,178.4
2014,6/12/2014,BC,Outer,89,Broward County 3,891,22,0.0,0.0,0.0,0.0,0.0,0.0,0.0,0.0,0.0,0.0,0.0,0.0,0.0,0.0,164.2,0.0,0.0,0.0,0.0,0.0,0.0,0.0,0.0,0.0,990.4,0.0,0.0,0.0,0.0,0.0,248.0,0.0,191.5,0.0,0.0
2014,6/12/2014,BC,Outer,89,Broward County 3,892,22,0.0,0.0,0.0,0.0,56.3,0.0,0.0,0.0,0.0,0.0,0.0,478.2,0.0,69.8,3352.6,0.0,0.0,0.0,0.0,0.0,0.0,0.0,0.0,0.0,768.9,0.0,0.0,44.5,0.0,0.0,646.4,1043.8,617.0,0.0,0.0
2014,6/12/2014,BC,Outer,89,Broward County 3,893,22,0.0,0.0,0.0,0.0,226.2,0.0,0.0,0.0,0.0,0.0,0.0,0.0,0.0,0.0,1874.4,0.0,0.0,0.0,0.0,0.0,0.0,0.0,0.0,0.0,301.2,0.0,0.0,0.0,0.0,0.0,128.8,0.0,56.5,0.0,0.0
2014,6/12/2014,BC,Outer,89,Broward County 3,894,22,0.0,0.0,56.3,0.0,0.0,0.0,0.0,0.0,0.0,0.0,0.0,0.0,0.0,470.7,1231.2,0.0,0.0,0.0,0.0,0.0,0.0,0.0,0.0,0.0,330.7,0.0,0.0,0.0,0.0,0.0,977.8,117.7,796.7,0.0,0.0
2014,6/9/2014,BC,Nearshore,90,Broward County A,901,22,0.0,0.0,0.0,0.0,0.0,0.0,0.0,0.0,0.0,0.0,0.0,0.0,0.0,0.0,0.0,0.0,0.0,0.0,0.0,0.0,0.0,0.0,0.0,0.0,392.3,0.0,0.0,0.0,0.0,0.0,0.0,0.0,0.0,0.0,377.7
2014,6/9/2014,BC,Nearshore,90,Broward County A,902,22,0.0,0.0,0.0,0.0,0.0,0.0,0.0,0.0,0.0,0.0,0.0,0.0,0.0,0.0,0.0,0.0,0.0,0.0,0.0,0.0,0.0,0.0,0.0,0.0,838.9,0.0,0.0,0.0,0.0,0.0,0.0,0.0,0.0,0.0,604.7
2014,6/9/2014,BC,Nearshore,90,Broward County A,903,22,0.0,0.0,0.0,0.0,0.0,0.0,0.0,0.0,0.0,0.0,0.0,0.0,0.0,0.0,0.0,0.0,0.0,0.0,0.0,0.0,0.0,0.0,0.0,0.0,2493.4,0.0,0.0,0.0,0.0,0.0,0.0,0.0,0.0,0.0,1447.4
2014,6/9/2014,BC,Nearshore,90,Broward County A,904,22,0.0,278.3,0.0,0.0,0.0,0.0,0.0,0.0,0.0,0.0,0.0,0.0,0.0,0.0,0.0,0.0,0.0,0.0,0.0,0.0,0.0,0.0,0.0,0.0,770.6,0.0,0.0,0.0,0.0,0.0,55.4,0.0,0.0,0.0,1127.7
2014,6/18/2014,DC,Inner,91,Dade County 1,911,22,2476.0,0.0,0.0,117.4,805.2,0.0,0.0,0.0,0.0,0.0,0.0,0.0,0.0,806.1,24680.8,0.0,0.0,0.0,0.0,0.0,0.0,0.0,0.0,0.0,8667.6,469.7,0.0,0.0,0.0,0.0,3420.8,0.0,15.6,0.0,336.4
2014,6/18/2014,DC,Inner,91,Dade County 1,912,22,4640.6,0.0,0.0,0.0,0.0,0.0,0.0,0.0,0.0,0.0,0.0,0.0,0.0,446.7,22414.7,0.0,0.0,0.0,0.0,0.0,0.0,0.0,0.0,0.0,4149.2,149.1,0.0,0.0,0.0,15.6,2557.0,1312.7,722.2,0.0,0.0
2014,6/18/2014,DC,Inner,91,Dade County 1,913,22,14323.9,0.0,0.0,0.0,0.0,0.0,0.0,0.0,0.0,0.0,0.0,0.0,0.0,0.0,9913.3,0.0,0.0,0.0,0.0,0.0,0.0,32826.7,0.0,0.0,3337.4,120.5,0.0,0.0,0.0,0.0,3460.1,2820.3,274.7,0.0,0.0
2014,6/18/2014,DC,Inner,91,Dade County 1,914,22,7972.3,0.0,0.0,0.0,218.1,0.0,0.0,0.0,0.0,0.0,0.0,0.0,0.0,279.4,9621.1,0.0,0.0,0.0,0.0,0.0,0.0,0.0,0.0,0.0,5436.0,121.6,0.0,0.0,0.0,15.6,3662.1,0.0,0.0,0.0,151.6
2014,6/24/2014,DC,Middle,92,Dade County 2,921,22,0.0,0.0,0.0,0.0,122.5,0.0,44.2,0.0,0.0,0.0,0.0,0.0,0.0,389.1,2064.5,0.0,0.0,0.0,0.0,0.0,0.0,0.0,0.0,0.0,111.6,0.0,0.0,0.0,0.0,0.0,539.8,0.0,462.7,0.0,0.0
2014,6/24/2014,DC,Middle,92,Dade County 2,922,22,0.0,0.0,0.0,0.0,25.1,0.0,0.0,0.0,0.0,0.0,0.0,0.0,0.0,1407.7,1455.6,0.0,0.0,0.0,0.0,0.0,0.0,0.0,0.0,0.0,0.0,0.0,0.0,0.0,0.0,0.0,210.6,695.9,1013.7,0.0,0.0
2014,6/24/2014,DC,Middle,92,Dade County 2,923,22,0.0,0.0,0.0,0.0,0.0,0.0,0.0,0.0,0.0,0.0,0.0,0.0,0.0,359.3,20.5,0.0,0.0,0.0,0.0,0.0,1587.4,0.0,0.0,0.0,574.3,0.0,0.0,0.0,0.0,0.0,774.2,1013.8,396.5,0.0,0.0
2014,6/24/2014,DC,Middle,92,Dade County 2,924,22,0.0,0.0,0.0,0.0,0.0,0.0,0.0,0.0,0.0,0.0,0.0,0.0,0.0,1053.4,135.3,0.0,0.0,0.0,0.0,0.0,0.0,0.0,0.0,0.0,122.6,0.0,0.0,0.0,0.0,0.0,254.9,893.3,962.9,0.0,0.0
2014,6/18/2014,DC,Outer,93,Dade County 3,931,22,0.0,0.0,0.0,0.0,97.7,0.0,0.0,0.0,0.0,0.0,0.0,0.0,0.0,0.0,272.3,0.0,0.0,0.0,0.0,0.0,0.0,0.0,0.0,0.0,320.1,0.0,0.0,0.0,0.0,0.0,94.0,0.0,135.7,0.0,0.0
2014,6/18/2014,DC,Outer,93,Dade County 3,932,22,0.0,0.0,0.0,0.0,0.0,0.0,0.0,0.0,0.0,0.0,0.0,332.3,0.0,44.5,219.3,0.0,0.0,0.0,0.0,0.0,0.0,0.0,0.0,0.0,0.0,0.0,0.0,0.0,0.0,0.0,22.4,0.0,49.1,0.0,0.0
2014,6/18/2014,DC,Outer,93,Dade County 3,933,22,0.0,0.0,0.0,0.0,0.0,0.0,0.0,0.0,0.0,0.0,0.0,480.5,0.0,0.0,1525.3,0.0,55.2,0.0,0.0,0.0,0.0,0.0,0.0,0.0,0.0,0.0,0.0,0.0,0.0,0.0,0.0,0.0,40.1,0.0,0.0
2014,6/18/2014,DC,Outer,93,Dade County 3,934,22,0.0,42.3,0.0,0.0,0.0,0.0,0.0,0.0,0.0,0.0,0.0,327.2,0.0,112.1,114.8,0.0,0.0,0.0,0.0,0.0,0.0,0.0,0.0,0.0,683.1,0.0,0.0,0.0,0.0,0.0,22.6,0.0,125.7,0.0,0.0
2014,5/29/2014,MC,Nearshore,94,Martin County 1,941,22,0.0,0.0,0.0,0.0,0.0,0.0,0.0,0.0,0.0,169.2,0.0,0.0,0.0,0.0,0.0,0.0,0.0,0.0,0.0,0.0,0.0,0.0,0.0,0.0,1199.8,0.0,10680.4,0.0,0.0,0.0,407.9,0.0,0.0,0.0,0.0
2014,5/29/2014,MC,Nearshore,94,Martin County 1,942,22,0.0,0.0,0.0,0.0,0.0,0.0,0.0,0.0,0.0,0.0,0.0,0.0,0.0,0.0,238.7,0.0,0.0,0.0,0.0,0.0,0.0,0.0,0.0,0.0,237.0,0.0,35909.8,0.0,0.0,0.0,339.6,0.0,0.0,0.0,0.0
2014,5/29/2014,MC,Nearshore,94,Martin County 1,943,22,0.0,0.0,0.0,0.0,0.0,0.0,0.0,0.0,0.0,0.0,0.0,0.0,0.0,0.0,0.0,0.0,0.0,0.0,477.6,0.0,0.0,0.0,0.0,0.0,173.0,0.0,0.0,0.0,0.0,0.0,670.5,0.0,0.0,0.0,0.0
2014,5/29/2014,MC,Nearshore,94,Martin County 1,944,22,0.0,0.0,0.0,0.0,0.0,0.0,0.0,0.0,0.0,0.0,0.0,0.0,0.0,0.0,0.0,0.0,0.0,0.0,0.0,0.0,0.0,0.0,0.0,0.0,800.9,0.0,25966.1,0.0,0.0,0.0,393.6,0.0,0.0,0.0,0.0
2014,5/29/2014,MC,Nearshore,95,Martin County 2,951,22,0.0,0.0,0.0,0.0,0.0,0.0,0.0,0.0,0.0,0.0,0.0,0.0,0.0,0.0,0.0,0.0,0.0,0.0,0.0,0.0,0.0,0.0,0.0,0.0,0.0,0.0,1801.4,0.0,0.0,0.0,250.7,0.0,0.0,0.0,0.0
2014,5/29/2014,MC,Nearshore,95,Martin County 2,952,22,0.0,0.0,0.0,0.0,0.0,0.0,0.0,0.0,0.0,0.0,0.0,0.0,0.0,0.0,0.0,0.0,0.0,0.0,565.5,0.0,0.0,0.0,0.0,0.0,0.0,0.0,6199.6,0.0,0.0,0.0,211.5,1003.5,0.0,0.0,0.0
2014,5/29/2014,MC,Nearshore,95,Martin County 2,953,22,0.0,0.0,0.0,0.0,0.0,0.0,0.0,0.0,0.0,0.0,0.0,0.0,0.0,0.0,0.0,0.0,0.0,0.0,214.9,0.0,0.0,0.0,0.0,0.0,0.0,0.0,5823.2,0.0,0.0,0.0,134.7,0.0,0.0,0.0,0.0
2014,5/29/2014,MC,Nearshore,95,Martin County 2,954,22,0.0,0.0,0.0,0.0,0.0,0.0,0.0,0.0,0.0,0.0,0.0,0.0,0.0,0.0,0.0,0.0,0.0,0.0,125.9,0.0,0.0,0.0,0.0,0.0,0.0,0.0,7755.4,0.0,0.0,0.0,420.4,0.0,0.0,0.0,0.0
2014,7/18/2014,PBC,Outer,97,Palm Beach 4,971,22,0.0,0.0,0.0,0.0,0.0,0.0,0.0,0.0,0.0,0.0,0.0,41.9,0.0,4518.5,8327.4,0.0,0.0,0.0,0.0,0.0,0.0,0.0,0.0,0.0,252.2,0.0,0.0,0.0,0.0,0.0,87.5,0.0,264.0,0.0,0.0
2014,7/18/2014,PBC,Outer,97,Palm Beach 4,972,22,0.0,0.0,0.0,0.0,507.5,0.0,0.0,0.0,0.0,0.0,0.0,136.1,0.0,1040.4,10701.0,0.0,0.0,0.0,0.0,0.0,0.0,188.5,0.0,0.0,842.5,0.0,0.0,0.0,0.0,0.0,1213.1,0.0,212.3,0.0,435.5
2014,7/18/2014,PBC,Outer,97,Palm Beach 4,973,22,0.0,0.0,0.0,0.0,0.0,0.0,0.0,0.0,0.0,0.0,0.0,0.0,0.0,5894.9,3137.3,0.0,0.0,0.0,0.0,0.0,0.0,0.0,0.0,0.0,891.6,0.0,0.0,725.5,0.0,0.0,213.7,0.0,330.6,0.0,0.0
2014,7/18/2014,PBC,Outer,97,Palm Beach 4,974,22,0.0,0.0,0.0,0.0,180.3,0.0,0.0,0.0,0.0,0.0,0.0,569.7,0.0,109.3,3050.6,0.0,0.0,0.0,0.0,0.0,0.0,0.0,0.0,0.0,791.1,0.0,0.0,0.0,0.0,0.0,291.7,0.0,658.7,0.0,0.0
2014,7/15/2014,PBC,Outer,98,Palm Beach 5,981,22,0.0,0.0,0.0,0.0,0.0,0.0,0.0,0.0,0.0,0.0,0.0,0.0,0.0,56.5,6461.2,0.0,0.0,0.0,0.0,0.0,0.0,0.0,0.0,0.0,4987.5,0.0,0.0,3989.0,0.0,0.0,219.8,294.5,813.1,0.0,708.1
2014,7/15/2014,PBC,Outer,98,Palm Beach 5,982,22,0.0,0.0,0.0,0.0,0.0,0.0,0.0,0.0,0.0,0.0,0.0,0.0,0.0,2239.1,11398.7,0.0,0.0,0.0,0.0,0.0,0.0,390.7,0.0,0.0,2324.8,0.0,1266.2,0.0,0.0,0.0,773.6,0.0,312.5,0.0,0.0
2014,7/15/2014,PBC,Outer,98,Palm Beach 5,983,22,0.0,0.0,0.0,957.6,82.6,0.0,0.0,0.0,0.0,0.0,0.0,0.0,0.0,0.0,1809.3,0.0,0.0,0.0,0.0,0.0,0.0,0.0,0.0,0.0,1606.7,170.7,0.0,634.2,0.0,0.0,396.5,0.0,379.1,0.0,0.0
2014,7/15/2014,PBC,Outer,98,Palm Beach 5,984,22,0.0,0.0,2121.1,0.0,135.3,0.0,0.0,0.0,0.0,0.0,0.0,1959.3,0.0,1125.4,6629.1,0.0,0.0,0.0,0.0,0.0,0.0,0.0,0.0,0.0,2090.3,0.0,0.0,45.0,0.0,0.0,1019.5,0.0,318.7,0.0,403.1
2014,6/30/2014,DC,Outer,99,Dade County 4,991,22,0.0,0.0,0.0,0.0,0.0,0.0,82.9,0.0,0.0,0.0,0.0,0.0,0.0,2703.4,3140.0,0.0,0.0,0.0,0.0,0.0,0.0,2305.5,0.0,0.0,153.7,0.0,0.0,0.0,0.0,0.0,385.5,0.0,418.8,0.0,108.5
2014,6/30/2014,DC,Outer,99,Dade County 4,992,22,0.0,0.0,0.0,0.0,0.0,0.0,0.0,0.0,0.0,0.0,0.0,0.0,0.0,1088.0,1086.4,0.0,0.0,0.0,0.0,0.0,0.0,0.0,0.0,0.0,156.5,0.0,0.0,0.0,0.0,0.0,461.2,736.1,125.7,0.0,0.0
2014,6/30/2014,DC,Outer,99,Dade County 4,993,22,0.0,0.0,980.3,0.0,0.0,0.0,0.0,0.0,0.0,0.0,0.0,0.0,0.0,0.0,4499.5,0.0,0.0,0.0,0.0,0.0,0.0,0.0,0.0,0.0,208.4,0.0,0.0,0.0,0.0,0.0,162.4,0.0,276.2,0.0,0.0
2014,6/30/2014,DC,Outer,99,Dade County 4,994,22,0.0,0.0,0.0,0.0,195.4,0.0,0.0,0.0,0.0,0.0,0.0,0.0,0.0,243.6,2017.4,0.0,0.0,0.0,0.0,0.0,0.0,0.0,0.0,0.0,550.2,80.4,0.0,0.0,0.0,0.0,390.0,0.0,62.1,0.0,0.0
2015,7/7/2015,DC,Inner,0,Dade County 5,1,22,0.0,136.6,0.0,0.0,0.0,0.0,0.0,0.0,0.0,0.0,0.0,122.0,0.0,0.0,1343.5,0.0,0.0,0.0,0.0,0.0,0.0,1533.9,0.0,0.0,3294.8,197.1,0.0,0.0,0.0,0.0,674.3,0.0,630.9,0.0,4064.8
2015,7/7/2015,DC,Inner,0,Dade County 5,2,22,0.0,298.3,0.0,17.2,0.0,0.0,0.0,0.0,0.0,0.0,0.0,2954.0,0.0,0.0,318.8,0.0,57.3,0.0,0.0,0.0,0.0,8538.8,0.0,0.0,897.0,580.8,0.0,0.0,0.0,0.0,61.8,0.0,125.9,0.0,2495.6
2015,7/7/2015,DC,Inner,0,Dade County 5,3,22,0.0,0.0,0.0,0.0,0.0,0.0,0.0,0.0,0.0,0.0,0.0,0.0,0.0,0.0,0.0,0.0,0.0,0.0,0.0,0.0,0.0,2260.1,0.0,0.0,1065.2,47.8,0.0,0.0,0.0,0.0,899.8,552.2,35.6,0.0,4344.7
2015,7/7/2015,DC,Inner,0,Dade County 5,4,22,0.0,84.3,0.0,0.0,0.0,201.4,0.0,0.0,0.0,0.0,0.0,0.0,0.0,0.0,0.0,0.0,0.0,0.0,0.0,0.0,0.0,6781.5,0.0,0.0,1456.9,177.4,0.0,0.0,0.0,0.0,151.0,0.0,103.6,0.0,9285.8
2015,6/16/2015,BC,Inner,1,Broward County 4,11,22,0.0,497.3,0.0,0.0,467.8,0.0,0.0,0.0,0.0,0.0,0.0,0.0,0.0,0.0,1469.1,0.0,0.0,0.0,0.0,0.0,0.0,11806.1,0.0,0.0,6869.6,511.5,0.0,0.0,0.0,0.0,5242.1,332.2,421.4,0.0,25.1
2015,6/16/2015,BC,Inner,1,Broward County 4,12,22,0.0,50.1,0.0,6978.7,1063.1,0.0,0.0,0.0,0.0,0.0,0.0,0.0,0.0,0.0,12803.0,0.0,0.0,0.0,0.0,0.0,0.0,0.0,0.0,0.0,5938.7,854.4,0.0,0.0,0.0,25.1,2962.9,127.9,883.4,0.0,250.2
2015,6/17/2015,BC,Inner,1,Broward County 4,13,22,0.0,25.1,0.0,0.0,828.6,0.0,0.0,0.0,0.0,0.0,0.0,933.2,0.0,2693.3,8673.0,0.0,0.0,0.0,0.0,0.0,978.2,15740.5,0.0,0.0,4807.9,638.1,562.0,0.0,0.0,0.0,5264.6,0.0,787.4,0.0,2183.0
2015,6/17/2015,BC,Inner,1,Broward County 4,14,22,0.0,177.7,86.5,0.0,225.2,0.0,0.0,0.0,0.0,0.0,0.0,0.0,0.0,2597.5,9864.2,0.0,0.0,0.0,0.0,0.0,0.0,8454.8,0.0,0.0,7508.1,527.6,0.0,1759.3,0.0,16.5,3093.8,620.4,568.1,0.0,332.3
2015,8/26/2015,BC,Middle,2,Broward County 5,21,22,0.0,0.0,0.0,0.0,144.0,0.0,0.0,0.0,0.0,0.0,0.0,0.0,0.0,11958.1,2193.0,0.0,0.0,0.0,0.0,0.0,0.0,0.0,0.0,0.0,1160.4,43.6,0.0,0.0,0.0,0.0,942.9,0.0,382.3,0.0,0.0
2015,8/26/2015,BC,Middle,2,Broward County 5,22,22,0.0,0.0,0.0,0.0,0.0,0.0,0.0,0.0,0.0,0.0,0.0,0.0,0.0,1159.5,3849.6,0.0,0.0,0.0,0.0,0.0,0.0,0.0,0.0,0.0,80.1,0.0,0.0,0.0,0.0,0.0,412.6,190.3,353.2,0.0,0.0
2015,8/26/2015,BC,Middle,2,Broward County 5,23,22,0.0,0.0,0.0,0.0,192.8,0.0,0.0,0.0,0.0,0.0,0.0,36.5,0.0,1838.8,2386.6,0.0,0.0,0.0,0.0,0.0,0.0,0.0,0.0,0.0,1287.7,88.0,0.0,0.0,0.0,0.0,774.2,704.3,168.1,0.0,0.0
2015,8/26/2015,BC,Middle,2,Broward County 5,24,22,0.0,0.0,0.0,0.0,0.0,0.0,0.0,0.0,0.0,0.0,0.0,0.0,0.0,3853.3,426.7,0.0,0.0,0.0,0.0,0.0,0.0,0.0,0.0,0.0,648.8,48.1,0.0,0.0,0.0,0.0,730.2,0.0,279.6,0.0,0.0
2015,8/26/2015,BC,Outer,3,Broward County 6,31,22,0.0,0.0,0.0,0.0,0.0,0.0,0.0,0.0,0.0,0.0,0.0,0.0,0.0,3240.2,6186.6,0.0,0.0,0.0,0.0,0.0,0.0,0.0,0.0,0.0,512.2,0.0,0.0,0.0,0.0,0.0,445.9,0.0,926.2,0.0,0.0
2015,8/26/2015,BC,Outer,3,Broward County 6,32,22,0.0,0.0,0.0,0.0,0.0,0.0,0.0,0.0,0.0,0.0,0.0,0.0,0.0,0.0,3519.8,0.0,0.0,0.0,0.0,0.0,0.0,0.0,0.0,0.0,647.8,0.0,0.0,0.0,0.0,0.0,0.0,0.0,464.1,0.0,0.0
2015,8/26/2015,BC,Outer,3,Broward County 6,33,22,0.0,0.0,0.0,0.0,0.0,0.0,0.0,0.0,0.0,0.0,0.0,0.0,0.0,132.7,1784.3,0.0,0.0,0.0,0.0,0.0,0.0,0.0,0.0,0.0,224.9,0.0,0.0,0.0,0.0,0.0,488.0,0.0,50.9,0.0,0.0
2015,8/26/2015,BC,Outer,3,Broward County 6,34,22,0.0,0.0,0.0,0.0,0.0,0.0,0.0,0.0,0.0,0.0,0.0,0.0,0.0,0.0,342.0,0.0,0.0,0.0,0.0,0.0,0.0,0.0,0.0,0.0,413.9,0.0,0.0,0.0,0.0,0.0,372.8,0.0,141.2,0.0,0.0
2015,6/30/2015,DC,Nearshore,4,Dade County 6,41,22,870.7,0.0,0.0,0.0,0.0,0.0,0.0,0.0,0.0,0.0,0.0,0.0,0.0,0.0,0.0,0.0,0.0,0.0,0.0,0.0,0.0,0.0,0.0,0.0,4860.2,83.7,2038.8,0.0,0.0,0.0,333.0,1070.9,0.0,0.0,0.0
2015,6/30/2015,DC,Nearshore,4,Dade County 6,42,22,0.0,0.0,0.0,0.0,0.0,0.0,0.0,0.0,0.0,0.0,0.0,0.0,0.0,421.4,9162.0,0.0,0.0,0.0,0.0,0.0,0.0,0.0,0.0,0.0,6859.9,622.0,0.0,6281.5,0.0,0.0,839.6,0.0,0.0,0.0,0.0
2015,6/30/2015,DC,Nearshore,4,Dade County 6,43,22,293.6,0.0,0.0,0.0,492.3,0.0,0.0,0.0,0.0,0.0,0.0,0.0,0.0,2010.5,7529.6,0.0,0.0,0.0,0.0,0.0,0.0,0.0,0.0,0.0,7017.8,1042.7,1778.5,0.0,0.0,0.0,21.3,2696.0,1990.3,0.0,378.6
2015,6/30/2015,DC,Nearshore,4,Dade County 6,44,22,23033.9,0.0,0.0,575.3,0.0,0.0,0.0,0.0,0.0,0.0,0.0,0.0,0.0,0.0,9386.0,0.0,0.0,0.0,0.0,0.0,0.0,9433.6,0.0,0.0,6268.5,0.0,0.0,0.0,0.0,0.0,5696.7,238.2,0.0,0.0,0.0
2015,6/30/2015,DC,Middle,5,Dade County 7,51,22,0.0,0.0,0.0,0.0,0.0,0.0,0.0,0.0,0.0,0.0,0.0,75.7,0.0,205.9,112.8,0.0,826.4,0.0,0.0,0.0,0.0,1349.1,0.0,0.0,0.0,0.0,0.0,858.0,0.0,0.0,312.5,0.0,650.6,0.0,0.0
2015,6/30/2015,DC,Middle,5,Dade County 7,52,22,0.0,0.0,0.0,0.0,0.0,0.0,0.0,0.0,0.0,0.0,0.0,168.9,0.0,602.6,37.5,0.0,0.0,0.0,0.0,0.0,0.0,0.0,0.0,0.0,432.4,35.7,0.0,0.0,0.0,0.0,183.1,0.0,424.5,0.0,44.5
2015,6/30/2015,DC,Middle,5,Dade County 7,53,22,0.0,0.0,0.0,0.0,69.8,0.0,0.0,0.0,0.0,0.0,0.0,336.0,0.0,126.5,924.4,0.0,0.0,0.0,0.0,0.0,0.0,0.0,0.0,0.0,203.2,0.0,0.0,0.0,0.0,0.0,302.4,0.0,714.6,0.0,0.0
2015,6/30/2015,DC,Middle,5,Dade County 7,54,22,0.0,0.0,0.0,0.0,43.3,0.0,0.0,0.0,0.0,0.0,0.0,0.0,0.0,126.3,1480.1,0.0,243.8,0.0,0.0,0.0,0.0,0.0,0.0,0.0,811.7,0.0,0.0,0.0,0.0,0.0,200.6,425.5,407.2,0.0,0.0
2015,7/1/2015,DC,Nearshore,6,Dade County 8,61,22,0.0,0.0,0.0,0.0,69.1,0.0,0.0,0.0,0.0,0.0,0.0,0.0,0.0,0.0,6889.6,0.0,0.0,0.0,0.0,0.0,0.0,0.0,0.0,0.0,0.0,0.0,0.0,0.0,0.0,0.0,600.6,760.8,705.9,0.0,0.0
2015,7/1/2015,DC,Nearshore,6,Dade County 8,62,22,0.0,0.0,0.0,0.0,811.2,0.0,0.0,0.0,0.0,0.0,0.0,0.0,0.0,0.0,114.3,0.0,0.0,0.0,0.0,0.0,0.0,0.0,0.0,0.0,81.7,76.0,0.0,0.0,0.0,0.0,83.6,0.0,533.9,0.0,0.0
2015,7/1/2015,DC,Nearshore,6,Dade County 8,63,22,0.0,0.0,0.0,1099.9,269.9,0.0,0.0,0.0,0.0,0.0,0.0,0.0,0.0,0.0,3812.9,0.0,0.0,0.0,0.0,0.0,0.0,0.0,0.0,0.0,0.0,180.8,0.0,0.0,0.0,0.0,1331.5,173.4,564.3,0.0,0.0
2015,7/1/2015,DC,Nearshore,6,Dade County 8,64,22,0.0,0.0,0.0,0.0,607.3,0.0,0.0,0.0,0.0,0.0,0.0,0.0,0.0,25.3,1370.2,0.0,0.0,0.0,0.0,0.0,0.0,0.0,0.0,0.0,149.2,0.0,0.0,0.0,0.0,0.0,302.2,0.0,457.4,0.0,0.0
2015,7/15/2015,PBC,Nearshore,84,Palm Beach 1,841,22,0.0,0.0,0.0,0.0,0.0,0.0,0.0,0.0,0.0,0.0,0.0,0.0,0.0,0.0,84.1,0.0,0.0,0.0,260.7,137.3,0.0,0.0,0.0,0.0,0.0,0.0,0.0,0.0,0.0,0.0,0.0,1147.1,0.0,0.0,0.0
2015,7/15/2015,PBC,Nearshore,84,Palm Beach 1,842,22,0.0,0.0,0.0,0.0,0.0,0.0,0.0,0.0,0.0,0.0,0.0,0.0,0.0,0.0,0.0,0.0,0.0,0.0,0.0,0.0,0.0,0.0,0.0,0.0,0.0,0.0,0.0,0.0,0.0,0.0,16.5,0.0,0.0,0.0,0.0
2015,7/15/2015,PBC,Nearshore,84,Palm Beach 1,843,22,0.0,0.0,0.0,0.0,0.0,0.0,0.0,0.0,0.0,0.0,0.0,0.0,0.0,157.1,0.0,0.0,0.0,0.0,116.7,0.0,0.0,0.0,0.0,0.0,0.0,0.0,33.9,0.0,0.0,32.6,0.0,885.1,0.0,0.0,0.0
2015,7/15/2015,PBC,Nearshore,84,Palm Beach 1,844,22,0.0,0.0,0.0,0.0,0.0,0.0,0.0,0.0,0.0,0.0,0.0,0.0,0.0,0.0,0.0,0.0,0.0,0.0,0.0,0.0,0.0,0.0,0.0,0.0,0.0,0.0,0.0,0.0,0.0,0.0,0.0,0.0,0.0,0.0,0.0
2015,7/16/2015,PBC,Outer,85,Palm Beach 2,851,22,0.0,0.0,0.0,0.0,0.0,0.0,258.8,0.0,0.0,0.0,486.4,0.0,0.0,1440.1,14153.2,0.0,0.0,0.0,0.0,0.0,0.0,0.0,0.0,0.0,76.3,0.0,0.0,0.0,0.0,0.0,0.0,0.0,0.0,0.0,0.0
2015,7/16/2015,PBC,Outer,85,Palm Beach 2,852,22,0.0,0.0,0.0,0.0,0.0,0.0,202.0,0.0,0.0,0.0,590.1,0.0,0.0,1759.4,4690.1,0.0,0.0,0.0,0.0,0.0,0.0,0.0,0.0,0.0,435.3,0.0,0.0,0.0,0.0,0.0,58.8,0.0,125.3,0.0,0.0
2015,7/16/2015,PBC,Outer,85,Palm Beach 2,853,22,0.0,0.0,0.0,0.0,200.6,0.0,0.0,0.0,0.0,0.0,4945.1,0.0,0.0,1808.6,2125.4,0.0,0.0,0.0,0.0,0.0,0.0,0.0,0.0,0.0,317.3,0.0,0.0,0.0,0.0,0.0,30.7,0.0,0.0,0.0,0.0
2015,7/16/2015,PBC,Outer,85,Palm Beach 2,854,22,0.0,0.0,0.0,0.0,0.0,0.0,0.0,0.0,0.0,0.0,2394.8,0.0,0.0,74.9,3354.6,0.0,0.0,0.0,0.0,0.0,0.0,0.0,0.0,0.0,289.6,106.1,0.0,0.0,0.0,0.0,50.9,0.0,0.0,0.0,0.0
2015,7/15/2015,PBC,Outer,86,Palm Beach 3,861,22,0.0,0.0,0.0,0.0,0.0,0.0,0.0,0.0,0.0,0.0,0.0,13.9,0.0,1973.6,3157.0,0.0,0.0,0.0,0.0,0.0,0.0,0.0,0.0,0.0,1311.9,0.0,0.0,0.0,0.0,0.0,2.8,0.0,33.1,0.0,0.0
2015,7/15/2015,PBC,Outer,86,Palm Beach 3,862,22,0.0,0.0,0.0,0.0,123.4,0.0,0.0,0.0,0.0,0.0,0.0,1397.3,0.0,1072.4,3585.9,0.0,0.0,0.0,0.0,0.0,0.0,0.0,0.0,0.0,1329.9,0.0,0.0,82.5,0.0,0.0,0.0,0.0,54.9,0.0,467.1
2015,7/15/2015,PBC,Outer,86,Palm Beach 3,863,22,0.0,0.0,0.0,0.0,279.3,0.0,0.0,0.0,0.0,0.0,0.0,669.0,0.0,2172.9,5110.6,0.0,0.0,0.0,0.0,0.0,0.0,0.0,0.0,0.0,681.6,0.0,0.0,0.0,0.0,0.0,82.5,0.0,142.7,0.0,0.0
2015,7/15/2015,PBC,Outer,86,Palm Beach 3,864,22,0.0,0.0,0.0,0.0,128.6,0.0,0.0,0.0,0.0,0.0,0.0,0.0,0.0,1081.0,1700.4,0.0,0.0,0.0,0.0,0.0,0.0,0.0,0.0,0.0,50.6,0.0,0.0,0.0,0.0,0.0,32.1,0.0,66.3,0.0,0.0
2015,6/10/2015,BC,Nearshore,87,Broward County 1,871,22,0.0,0.0,0.0,3720.6,0.0,0.0,0.0,0.0,0.0,0.0,0.0,1055.6,0.0,0.0,98312.2,0.0,0.0,0.0,0.0,0.0,0.0,9298.6,0.0,0.0,268.4,0.0,0.0,0.0,0.0,0.0,1558.7,259.8,927.9,0.0,284.6
2015,6/10/2015,BC,Nearshore,87,Broward County 1,872,22,0.0,0.0,0.0,0.0,31.4,0.0,0.0,0.0,0.0,0.0,0.0,0.0,0.0,80.0,127072.6,0.0,0.0,0.0,0.0,0.0,0.0,31180.3,0.0,0.0,1774.6,0.0,0.0,0.0,0.0,0.0,2819.7,1300.7,1042.7,0.0,769.1
2015,6/10/2015,BC,Nearshore,87,Broward County 1,873,22,0.0,0.0,0.0,0.0,69.8,0.0,0.0,0.0,0.0,0.0,0.0,0.0,0.0,0.0,148326.1,0.0,0.0,0.0,0.0,0.0,0.0,4380.3,0.0,0.0,98.3,0.0,0.0,0.0,0.0,0.0,1192.3,4703.8,684.0,0.0,68.1
2015,6/10/2015,BC,Nearshore,87,Broward County 1,874,22,0.0,0.0,0.0,0.0,1510.0,214.2,0.0,0.0,0.0,0.0,0.0,0.0,0.0,178.4,68480.9,0.0,0.0,0.0,0.0,0.0,0.0,0.0,0.0,0.0,390.7,0.0,0.0,0.0,0.0,0.0,208.9,5931.6,1132.2,0.0,0.0
2015,6/16/2015,BC,Middle,88,Broward County 2,881,22,0.0,0.0,0.0,0.0,0.0,0.0,0.0,0.0,0.0,0.0,0.0,0.0,0.0,568.2,310.4,0.0,0.0,0.0,0.0,0.0,0.0,0.0,0.0,0.0,111.7,111.8,0.0,0.0,0.0,0.0,612.9,827.0,1081.4,0.0,0.0
2015,6/16/2015,BC,Middle,88,Broward County 2,882,22,0.0,0.0,405.2,0.0,0.0,0.0,0.0,0.0,0.0,0.0,0.0,0.0,0.0,0.0,78.8,0.0,0.0,0.0,0.0,0.0,0.0,0.0,0.0,0.0,0.0,0.0,0.0,0.0,0.0,0.0,124.3,0.0,103.9,0.0,0.0
2015,6/17/2015,BC,Middle,88,Broward County 2,883,22,0.0,0.0,0.0,0.0,200.3,0.0,0.0,0.0,0.0,0.0,0.0,0.0,0.0,2989.6,2902.2,0.0,0.0,0.0,0.0,0.0,0.0,0.0,0.0,0.0,451.2,0.0,0.0,0.0,0.0,0.0,921.8,0.0,37.9,0.0,0.0
2015,6/17/2015,BC,Middle,88,Broward County 2,884,22,0.0,0.0,0.0,0.0,0.0,0.0,0.0,0.0,0.0,0.0,0.0,0.0,0.0,0.0,1059.8,0.0,0.0,0.0,0.0,0.0,0.0,0.0,0.0,0.0,395.6,0.0,0.0,0.0,0.0,0.0,540.5,0.0,196.4,0.0,0.0
2015,6/19/2015,BC,Outer,89,Broward County 3,891,22,0.0,0.0,0.0,0.0,0.0,0.0,0.0,0.0,0.0,0.0,0.0,0.0,0.0,235.4,0.0,0.0,0.0,0.0,0.0,0.0,0.0,0.0,0.0,0.0,1409.0,0.0,0.0,0.0,0.0,0.0,311.1,0.0,290.6,0.0,0.0
2015,6/19/2015,BC,Outer,89,Broward County 3,892,22,0.0,0.0,0.0,44.5,40.1,0.0,0.0,0.0,0.0,0.0,0.0,233.2,0.0,84.3,2463.6,0.0,0.0,0.0,0.0,0.0,0.0,0.0,0.0,0.0,613.3,0.0,0.0,0.0,0.0,0.0,488.1,100.4,374.6,0.0,0.0
2015,6/19/2015,BC,Outer,89,Broward County 3,893,22,0.0,0.0,0.0,0.0,0.0,0.0,0.0,0.0,0.0,0.0,0.0,0.0,0.0,0.0,1452.2,0.0,0.0,0.0,0.0,0.0,0.0,0.0,0.0,0.0,533.7,0.0,0.0,0.0,0.0,0.0,177.6,0.0,406.0,0.0,0.0
2015,6/19/2015,BC,Outer,89,Broward County 3,894,22,0.0,0.0,90.5,0.0,0.0,0.0,0.0,0.0,0.0,0.0,0.0,0.0,0.0,0.0,1085.5,0.0,0.0,0.0,0.0,0.0,0.0,0.0,0.0,0.0,0.0,0.0,0.0,0.0,0.0,0.0,676.4,0.0,688.9,0.0,0.0
2015,6/10/2015,BC,Nearshore,90,Broward County A,901,22,0.0,0.0,0.0,0.0,0.0,0.0,0.0,0.0,0.0,0.0,0.0,0.0,0.0,0.0,0.0,0.0,0.0,0.0,0.0,0.0,0.0,0.0,0.0,0.0,295.4,0.0,0.0,0.0,0.0,0.0,0.0,0.0,0.0,0.0,287.0
2015,6/10/2015,BC,Nearshore,90,Broward County A,902,22,0.0,0.0,0.0,0.0,0.0,0.0,0.0,0.0,0.0,0.0,0.0,0.0,0.0,0.0,0.0,0.0,0.0,0.0,0.0,0.0,0.0,0.0,0.0,0.0,980.3,40.1,0.0,0.0,0.0,0.0,0.0,0.0,0.0,0.0,321.5
2015,6/10/2015,BC,Nearshore,90,Broward County A,903,22,0.0,0.0,0.0,0.0,0.0,0.0,0.0,0.0,0.0,0.0,0.0,0.0,0.0,0.0,0.0,0.0,0.0,0.0,0.0,0.0,0.0,0.0,0.0,0.0,1805.6,0.0,0.0,0.0,0.0,0.0,0.0,0.0,0.0,0.0,3012.1
2015,6/10/2015,BC,Nearshore,90,Broward County A,904,22,0.0,0.0,0.0,0.0,0.0,0.0,0.0,0.0,0.0,0.0,0.0,0.0,0.0,0.0,0.0,0.0,0.0,0.0,0.0,0.0,0.0,0.0,0.0,0.0,516.9,0.0,0.0,0.0,0.0,0.0,0.0,0.0,0.0,0.0,1468.8
2015,6/22/2015,DC,Inner,91,Dade County 1,911,22,1395.1,0.0,0.0,118.0,0.0,0.0,0.0,0.0,0.0,0.0,0.0,0.0,0.0,906.1,24333.8,0.0,0.0,0.0,0.0,0.0,0.0,0.0,0.0,0.0,5168.1,431.2,0.0,0.0,0.0,0.0,4364.2,0.0,194.4,0.0,809.8
2015,6/22/2015,DC,Inner,91,Dade County 1,912,22,3380.5,0.0,0.0,0.0,6.7,0.0,0.0,0.0,0.0,0.0,0.0,0.0,0.0,0.0,22495.2,0.0,0.0,0.0,0.0,0.0,0.0,0.0,0.0,0.0,5998.5,353.3,0.0,0.0,0.0,0.0,2145.5,1196.6,454.9,0.0,111.8
2015,6/26/2015,DC,Inner,91,Dade County 1,913,22,17234.8,0.0,0.0,0.0,0.0,0.0,0.0,0.0,0.0,0.0,0.0,0.0,0.0,0.0,9284.8,0.0,0.0,0.0,0.0,0.0,0.0,31182.4,0.0,0.0,3575.3,64.1,0.0,0.0,0.0,0.0,3266.2,2584.9,182.3,0.0,25.1
2015,6/26/2015,DC,Inner,91,Dade County 1,914,22,0.0,0.0,0.0,0.0,0.0,0.0,0.0,0.0,0.0,0.0,0.0,0.0,0.0,0.0,9399.8,0.0,0.0,0.0,0.0,0.0,0.0,0.0,0.0,0.0,6780.2,910.0,0.0,0.0,0.0,0.0,1372.7,0.0,52.9,0.0,136.5
2015,6/26/2015,DC,Middle,92,Dade County 2,921,22,0.0,0.0,0.0,0.0,25.1,0.0,100.1,0.0,0.0,0.0,0.0,0.0,0.0,0.0,2988.1,0.0,0.0,0.0,0.0,0.0,0.0,0.0,0.0,0.0,94.4,0.0,0.0,0.0,0.0,0.0,534.5,0.0,521.5,0.0,0.0
2015,6/26/2015,DC,Middle,92,Dade County 2,922,22,0.0,0.0,0.0,0.0,0.0,0.0,0.0,0.0,0.0,0.0,0.0,0.0,0.0,56.3,1580.5,0.0,0.0,0.0,0.0,0.0,0.0,0.0,0.0,0.0,0.0,0.0,0.0,0.0,0.0,0.0,117.7,694.4,840.3,0.0,0.0
2015,6/26/2015,DC,Middle,92,Dade County 2,923,22,0.0,0.0,0.0,0.0,0.0,0.0,0.0,0.0,0.0,0.0,0.0,488.4,0.0,0.0,18.8,0.0,0.0,0.0,0.0,0.0,0.0,1629.8,0.0,0.0,820.9,0.0,0.0,0.0,0.0,0.0,749.3,1013.8,199.0,0.0,0.0
2015,6/26/2015,DC,Middle,92,Dade County 2,924,22,0.0,24.8,0.0,0.0,0.0,0.0,0.0,0.0,0.0,0.0,0.0,32.4,0.0,0.0,128.6,0.0,0.0,0.0,0.0,0.0,0.0,0.0,0.0,0.0,115.7,0.0,0.0,0.0,0.0,0.0,392.5,0.0,1020.7,0.0,0.0
2015,6/22/2015,DC,Outer,93,Dade County 3,931,22,0.0,0.0,0.0,0.0,116.1,0.0,0.0,0.0,0.0,0.0,0.0,0.0,0.0,0.0,226.2,0.0,0.0,0.0,0.0,0.0,0.0,0.0,0.0,0.0,309.9,0.0,0.0,0.0,0.0,0.0,194.6,0.0,27.3,0.0,0.0
2015,6/22/2015,DC,Outer,93,Dade County 3,932,22,0.0,0.0,0.0,0.0,0.0,0.0,0.0,0.0,0.0,0.0,0.0,469.4,0.0,0.0,0.0,0.0,0.0,0.0,0.0,0.0,0.0,0.0,0.0,0.0,0.0,0.0,0.0,0.0,0.0,0.0,67.5,0.0,87.6,0.0,0.0
2015,6/22/2015,DC,Outer,93,Dade County 3,933,22,0.0,0.0,0.0,0.0,0.0,0.0,0.0,0.0,0.0,0.0,0.0,439.5,0.0,178.7,1991.2,0.0,56.3,0.0,0.0,0.0,0.0,0.0,0.0,0.0,0.0,0.0,0.0,0.0,0.0,0.0,49.8,0.0,69.8,0.0,0.0
2015,6/22/2015,DC,Outer,93,Dade County 3,934,22,0.0,0.0,0.0,0.0,0.0,0.0,0.0,0.0,0.0,0.0,0.0,0.0,0.0,0.0,143.2,0.0,0.0,0.0,0.0,0.0,0.0,0.0,0.0,0.0,725.5,0.0,0.0,0.0,0.0,0.0,61.5,0.0,75.9,0.0,0.0
2015,6/4/2015,MC,Nearshore,94,Martin County 1,941,22,0.0,0.0,0.0,0.0,0.0,0.0,0.0,0.0,0.0,0.0,0.0,0.0,0.0,0.0,0.0,0.0,0.0,0.0,254.5,0.0,0.0,0.0,0.0,0.0,1422.5,0.0,10909.5,0.0,0.0,174.4,388.1,0.0,0.0,0.0,0.0
2015,6/4/2015,MC,Nearshore,94,Martin County 1,942,22,0.0,0.0,0.0,0.0,0.0,0.0,0.0,0.0,0.0,222.6,0.0,0.0,0.0,0.0,597.7,0.0,0.0,0.0,0.0,0.0,0.0,0.0,0.0,0.0,1572.4,0.0,32070.1,0.0,0.0,275.9,357.1,0.0,0.0,0.0,0.0
2015,6/4/2015,MC,Nearshore,94,Martin County 1,943,22,0.0,0.0,0.0,0.0,0.0,0.0,0.0,0.0,0.0,0.0,0.0,0.0,0.0,0.0,0.0,0.0,0.0,0.0,0.0,0.0,0.0,0.0,0.0,0.0,162.8,0.0,0.0,0.0,0.0,0.0,148.4,0.0,0.0,0.0,0.0
2015,6/4/2015,MC,Nearshore,94,Martin County 1,944,22,0.0,0.0,0.0,0.0,0.0,0.0,0.0,0.0,0.0,251.3,0.0,0.0,0.0,0.0,0.0,0.0,0.0,0.0,0.0,0.0,0.0,0.0,0.0,0.0,1176.2,0.0,28411.6,0.0,0.0,0.0,220.9,0.0,0.0,0.0,0.0
2015,6/4/2015,MC,Nearshore,95,Martin County 2,951,22,0.0,0.0,0.0,0.0,0.0,0.0,0.0,0.0,0.0,0.0,0.0,0.0,0.0,0.0,0.0,0.0,0.0,0.0,0.0,0.0,0.0,0.0,0.0,0.0,0.0,0.0,1563.2,0.0,0.0,0.0,206.8,0.0,0.0,0.0,0.0
2015,6/4/2015,MC,Nearshore,95,Martin County 2,952,22,0.0,0.0,0.0,0.0,0.0,0.0,0.0,0.0,0.0,0.0,0.0,0.0,0.0,0.0,0.0,0.0,0.0,0.0,820.8,0.0,0.0,0.0,0.0,0.0,0.0,0.0,4329.9,0.0,0.0,0.0,298.6,1086.9,0.0,0.0,0.0
2015,6/4/2015,MC,Nearshore,95,Martin County 2,953,22,0.0,0.0,0.0,0.0,0.0,0.0,0.0,0.0,0.0,0.0,0.0,0.0,0.0,0.0,0.0,0.0,0.0,0.0,160.8,0.0,0.0,0.0,0.0,0.0,0.0,0.0,6033.1,0.0,0.0,0.0,58.2,0.0,0.0,0.0,0.0
2015,6/4/2015,MC,Nearshore,95,Martin County 2,954,22,0.0,0.0,0.0,0.0,0.0,0.0,0.0,0.0,0.0,0.0,0.0,0.0,0.0,0.0,0.0,0.0,0.0,0.0,0.0,0.0,0.0,0.0,0.0,0.0,0.0,0.0,6442.0,0.0,0.0,0.0,266.3,0.0,0.0,0.0,0.0
2015,7/14/2015,PBC,Outer,97,Palm Beach 4,971,22,0.0,0.0,0.0,0.0,35.6,0.0,0.0,0.0,0.0,0.0,0.0,0.0,0.0,5099.0,9182.4,0.0,0.0,0.0,0.0,0.0,0.0,0.0,0.0,0.0,278.1,0.0,0.0,0.0,0.0,0.0,78.9,0.0,386.0,0.0,0.0
2015,7/14/2015,PBC,Outer,97,Palm Beach 4,972,22,0.0,0.0,0.0,0.0,0.0,0.0,0.0,0.0,0.0,0.0,0.0,142.4,0.0,1031.4,10188.7,0.0,0.0,0.0,0.0,0.0,0.0,22.5,0.0,0.0,1067.3,0.0,0.0,0.0,0.0,0.0,1092.6,0.0,536.5,0.0,972.6
2015,7/14/2015,PBC,Outer,97,Palm Beach 4,973,22,0.0,0.0,0.0,0.0,0.0,0.0,0.0,0.0,0.0,0.0,0.0,0.0,0.0,129.3,4863.0,0.0,0.0,0.0,0.0,0.0,0.0,0.0,0.0,0.0,1551.1,0.0,0.0,4976.5,0.0,0.0,505.4,0.0,0.0,0.0,0.0
2015,7/14/2015,PBC,Outer,97,Palm Beach 4,974,22,0.0,0.0,0.0,0.0,0.0,0.0,314.9,0.0,0.0,0.0,0.0,1086.1,0.0,156.3,4313.4,0.0,34.2,0.0,0.0,0.0,0.0,0.0,0.0,0.0,1333.3,0.0,0.0,0.0,0.0,0.0,695.7,0.0,707.7,0.0,0.0
2015,7/13/2015,PBC,Outer,98,Palm Beach 5,981,22,0.0,0.0,0.0,0.0,0.0,0.0,0.0,0.0,0.0,0.0,0.0,0.0,0.0,69.8,7754.7,0.0,0.0,0.0,0.0,0.0,0.0,0.0,0.0,0.0,5034.7,0.0,0.0,3431.3,0.0,0.0,526.1,870.2,612.6,0.0,0.0
2015,7/13/2015,PBC,Outer,98,Palm Beach 5,982,22,0.0,0.0,0.0,0.0,0.0,0.0,0.0,0.0,0.0,0.0,0.0,0.0,0.0,2377.7,11253.8,0.0,0.0,0.0,0.0,0.0,0.0,432.0,0.0,0.0,2368.4,0.0,0.0,1671.6,0.0,0.0,1014.0,0.0,13.7,0.0,0.0
2015,7/17/2015,PBC,Outer,98,Palm Beach 5,983,22,0.0,0.0,0.0,1103.9,115.5,0.0,0.0,0.0,0.0,0.0,0.0,0.0,0.0,0.0,2161.6,0.0,0.0,0.0,0.0,0.0,0.0,0.0,0.0,0.0,2256.8,290.2,0.0,581.4,0.0,0.0,390.1,0.0,327.3,0.0,0.0
2015,7/17/2015,PBC,Outer,98,Palm Beach 5,984,22,0.0,0.0,749.2,71.1,0.0,0.0,0.0,0.0,0.0,0.0,0.0,1079.1,0.0,703.5,8335.2,0.0,0.0,0.0,0.0,0.0,0.0,8.3,0.0,0.0,2928.3,0.0,0.0,0.0,0.0,0.0,1957.1,0.0,260.5,0.0,175.3
2015,7/7/2015,DC,Outer,99,Dade County 4,991,22,0.0,0.0,0.0,0.0,0.0,0.0,0.0,0.0,0.0,0.0,0.0,0.0,0.0,0.0,1693.9,0.0,0.0,0.0,0.0,0.0,0.0,2129.6,0.0,0.0,224.7,0.0,0.0,0.0,0.0,0.0,497.5,0.0,555.7,0.0,90.1
2015,7/7/2015,DC,Outer,99,Dade County 4,992,22,0.0,0.0,0.0,0.0,0.0,0.0,0.0,0.0,0.0,0.0,0.0,0.0,0.0,0.0,689.1,0.0,0.0,0.0,0.0,0.0,0.0,0.0,0.0,0.0,151.6,0.0,0.0,0.0,0.0,0.0,458.5,623.5,110.0,0.0,0.0
2015,7/7/2015,DC,Outer,99,Dade County 4,993,22,0.0,0.0,1026.5,0.0,0.0,0.0,0.0,0.0,0.0,0.0,0.0,0.0,0.0,0.0,1502.4,0.0,0.0,0.0,0.0,0.0,0.0,0.0,0.0,0.0,264.2,0.0,0.0,0.0,0.0,0.0,112.0,0.0,277.1,0.0,0.0
2015,7/7/2015,DC,Outer,99,Dade County 4,994,22,0.0,0.0,0.0,0.0,121.8,0.0,0.0,0.0,0.0,0.0,0.0,0.0,0.0,0.0,392.8,0.0,0.0,0.0,0.0,0.0,0.0,0.0,0.0,0.0,774.9,34.2,0.0,0.0,0.0,0.0,367.3,0.0,80.0,0.0,0.0
2016,8/25/2016,DC,Inner,0,Dade County 5,1,22,0.0,292.4,0.0,0.0,0.0,0.0,0.0,0.0,0.0,0.0,0.0,0.0,0.0,0.0,1846.3,0.0,0.0,0.0,0.0,0.0,0.0,954.3,0.0,0.0,2293.2,249.5,0.0,0.0,0.0,0.0,964.0,0.0,585.6,0.0,4534.1
2016,8/25/2016,DC,Inner,0,Dade County 5,2,22,0.0,81.3,0.0,0.0,0.0,0.0,0.0,0.0,0.0,0.0,0.0,315.7,0.0,0.0,0.0,0.0,118.0,0.0,0.0,0.0,0.0,0.0,0.0,0.0,1078.4,493.3,0.0,0.0,0.0,0.0,292.2,0.0,186.7,0.0,2042.7
2016,8/25/2016,DC,Inner,0,Dade County 5,3,22,0.0,67.5,0.0,0.0,0.0,0.0,0.0,0.0,0.0,0.0,0.0,0.0,0.0,0.0,0.0,0.0,0.0,44.5,0.0,0.0,0.0,1691.7,0.0,0.0,997.1,100.4,0.0,0.0,0.0,0.0,770.7,0.0,22.6,0.0,2777.8
2016,8/25/2016,DC,Inner,0,Dade County 5,4,22,0.0,0.0,0.0,0.0,0.0,380.0,0.0,0.0,0.0,0.0,0.0,0.0,0.0,0.0,0.0,0.0,0.0,0.0,0.0,0.0,0.0,6920.0,0.0,0.0,2152.4,90.0,0.0,0.0,0.0,0.0,97.3,0.0,60.1,0.0,7479.0
2016,6/1/2016,BC,Inner,1,Broward County 4,11,22,0.0,0.0,0.0,0.0,0.0,0.0,0.0,0.0,0.0,0.0,0.0,0.0,0.0,0.0,643.9,0.0,0.0,0.0,0.0,0.0,0.0,7869.9,0.0,0.0,6680.1,555.1,0.0,0.0,0.0,0.0,2919.2,153.9,60.1,0.0,556.8
2016,6/1/2016,BC,Inner,1,Broward County 4,12,22,0.0,0.0,0.0,0.0,0.0,0.0,0.0,0.0,0.0,0.0,0.0,0.0,0.0,0.0,6265.3,0.0,0.0,0.0,0.0,0.0,0.0,0.0,0.0,0.0,4509.3,650.8,0.0,0.0,0.0,0.0,1207.6,88.1,659.7,0.0,0.0
2016,6/1/2016,BC,Inner,1,Broward County 4,13,22,0.0,0.0,0.0,0.0,0.0,0.0,0.0,0.0,0.0,0.0,0.0,125.7,0.0,0.0,6856.6,0.0,0.0,0.0,0.0,0.0,0.0,15115.5,0.0,0.0,5283.7,768.6,0.0,436.0,0.0,0.0,2331.8,0.0,716.2,0.0,1609.7
2016,6/1/2016,BC,Inner,1,Broward County 4,14,22,0.0,0.0,86.5,0.0,0.0,0.0,0.0,0.0,0.0,0.0,0.0,0.0,0.0,0.0,7060.5,0.0,0.0,0.0,0.0,0.0,0.0,8738.3,0.0,0.0,8123.6,597.5,0.0,0.0,0.0,0.0,1979.5,223.3,845.8,0.0,0.0
2016,8/8/2016,BC,Middle,2,Broward County 5,21,22,0.0,0.0,0.0,0.0,0.0,0.0,0.0,0.0,0.0,0.0,0.0,0.0,0.0,0.0,178.4,0.0,0.0,0.0,0.0,0.0,0.0,0.0,0.0,0.0,968.4,119.8,0.0,0.0,0.0,0.0,301.1,0.0,144.9,0.0,0.0
2016,8/8/2016,BC,Middle,2,Broward County 5,22,22,0.0,0.0,0.0,0.0,0.0,0.0,0.0,0.0,0.0,0.0,0.0,0.0,0.0,0.0,685.5,0.0,0.0,0.0,0.0,0.0,0.0,0.0,0.0,0.0,0.0,116.2,0.0,0.0,0.0,0.0,44.5,161.0,361.3,0.0,0.0
2016,8/8/2016,BC,Middle,2,Broward County 5,23,22,0.0,0.0,0.0,0.0,0.0,0.0,0.0,0.0,0.0,0.0,0.0,23.5,0.0,0.0,710.6,0.0,0.0,0.0,0.0,0.0,0.0,0.0,0.0,0.0,973.7,77.7,0.0,0.0,0.0,0.0,163.0,462.9,129.5,0.0,0.0
2016,8/9/2016,BC,Middle,2,Broward County 5,24,22,0.0,0.0,0.0,0.0,0.0,0.0,0.0,0.0,0.0,0.0,0.0,0.0,0.0,0.0,157.4,0.0,0.0,0.0,0.0,0.0,0.0,0.0,0.0,0.0,908.0,402.9,0.0,0.0,0.0,0.0,259.9,0.0,151.6,0.0,0.0
2016,8/23/2016,BC,Outer,3,Broward County 6,31,22,0.0,0.0,0.0,0.0,0.0,0.0,0.0,0.0,0.0,0.0,0.0,0.0,0.0,0.0,977.2,0.0,0.0,0.0,0.0,0.0,0.0,0.0,0.0,0.0,936.7,0.0,0.0,0.0,0.0,0.0,424.8,0.0,202.2,0.0,0.0
2016,8/23/2016,BC,Outer,3,Broward County 6,32,22,0.0,0.0,0.0,0.0,0.0,0.0,0.0,0.0,0.0,0.0,0.0,0.0,0.0,0.0,1688.8,0.0,0.0,0.0,0.0,0.0,0.0,0.0,0.0,0.0,693.8,0.0,0.0,0.0,0.0,0.0,0.0,0.0,20.1,0.0,0.0
2016,8/23/2016,BC,Outer,3,Broward County 6,33,22,0.0,0.0,0.0,0.0,0.0,0.0,0.0,0.0,0.0,0.0,0.0,0.0,0.0,0.0,1369.9,0.0,0.0,0.0,0.0,0.0,0.0,0.0,0.0,0.0,196.7,0.0,0.0,0.0,0.0,0.0,250.1,0.0,71.6,0.0,0.0
2016,8/23/2016,BC,Outer,3,Broward County 6,34,22,0.0,0.0,0.0,0.0,0.0,0.0,0.0,0.0,0.0,0.0,0.0,0.0,0.0,0.0,404.6,0.0,0.0,0.0,0.0,0.0,0.0,0.0,0.0,0.0,404.2,0.0,0.0,0.0,17.4,0.0,244.6,0.0,69.8,0.0,0.0
2016,7/13/2016,DC,Nearshore,4,Dade County 6,41,22,99.4,0.0,0.0,0.0,0.0,0.0,0.0,0.0,0.0,0.0,0.0,0.0,0.0,0.0,0.0,0.0,0.0,0.0,0.0,0.0,0.0,0.0,0.0,0.0,3966.2,290.8,0.0,0.0,0.0,0.0,0.0,1061.1,46.4,0.0,0.0
2016,7/13/2016,DC,Nearshore,4,Dade County 6,42,22,76.0,0.0,0.0,0.0,0.0,0.0,0.0,0.0,0.0,0.0,0.0,0.0,0.0,0.0,10478.7,0.0,0.0,0.0,0.0,0.0,0.0,0.0,0.0,0.0,4260.4,800.1,0.0,0.0,0.0,0.0,719.5,0.0,0.0,0.0,0.0
2016,7/13/2016,DC,Nearshore,4,Dade County 6,43,22,406.9,0.0,0.0,0.0,0.0,0.0,0.0,0.0,0.0,0.0,0.0,0.0,0.0,0.0,6754.0,0.0,0.0,0.0,0.0,0.0,0.0,0.0,0.0,0.0,7819.9,1115.8,1705.9,0.0,0.0,0.0,0.0,3181.4,923.2,0.0,595.4
2016,7/13/2016,DC,Nearshore,4,Dade County 6,44,22,23962.0,0.0,0.0,0.0,0.0,0.0,0.0,0.0,0.0,0.0,0.0,0.0,0.0,0.0,1975.0,0.0,0.0,0.0,0.0,0.0,0.0,11867.0,0.0,0.0,4418.8,0.0,0.0,0.0,0.0,0.0,6107.5,0.0,0.0,0.0,0.0
2016,7/13/2016,DC,Middle,5,Dade County 7,51,22,0.0,0.0,0.0,0.0,0.0,0.0,0.0,0.0,0.0,0.0,0.0,0.0,0.0,25.1,55.7,0.0,1515.6,0.0,0.0,0.0,0.0,856.5,0.0,0.0,34.2,0.0,0.0,0.0,0.0,0.0,261.5,0.0,723.3,0.0,0.0
2016,7/13/2016,DC,Middle,5,Dade County 7,52,22,0.0,0.0,0.0,0.0,0.0,0.0,0.0,0.0,0.0,0.0,0.0,352.2,0.0,25.1,25.1,0.0,0.0,0.0,0.0,0.0,0.0,0.0,0.0,0.0,934.8,0.0,0.0,0.0,0.0,0.0,69.5,0.0,867.1,0.0,34.2
2016,7/13/2016,DC,Middle,5,Dade County 7,53,22,0.0,0.0,0.0,0.0,0.0,0.0,0.0,0.0,0.0,0.0,0.0,0.0,0.0,0.0,80.1,0.0,0.0,0.0,0.0,0.0,0.0,0.0,0.0,0.0,251.1,0.0,0.0,0.0,0.0,0.0,563.9,0.0,379.3,0.0,0.0
2016,7/13/2016,DC,Middle,5,Dade County 7,54,22,0.0,0.0,0.0,0.0,0.0,0.0,0.0,0.0,0.0,0.0,0.0,0.0,0.0,56.3,53.5,0.0,0.0,0.0,0.0,0.0,0.0,0.0,0.0,0.0,512.2,0.0,0.0,0.0,0.0,0.0,158.4,300.6,217.7,0.0,0.0
2016,8/25/2016,DC,Nearshore,6,Dade County 8,61,22,0.0,0.0,0.0,0.0,32.4,0.0,0.0,0.0,0.0,0.0,0.0,0.0,0.0,0.0,6191.9,0.0,0.0,0.0,0.0,0.0,0.0,0.0,0.0,0.0,0.0,0.0,0.0,0.0,0.0,0.0,630.6,0.0,798.3,0.0,0.0
2016,8/25/2016,DC,Nearshore,6,Dade County 8,62,22,0.0,0.0,0.0,0.0,307.9,0.0,0.0,0.0,0.0,0.0,0.0,0.0,0.0,0.0,83.4,0.0,0.0,0.0,0.0,0.0,0.0,0.0,0.0,0.0,328.2,0.0,0.0,0.0,0.0,0.0,312.2,0.0,534.5,0.0,0.0
2016,8/25/2016,DC,Nearshore,6,Dade County 8,63,22,0.0,0.0,0.0,1011.7,0.0,0.0,0.0,0.0,0.0,0.0,0.0,0.0,0.0,0.0,6109.1,0.0,0.0,0.0,0.0,0.0,0.0,0.0,0.0,0.0,0.0,0.0,0.0,125.1,0.0,0.0,671.6,124.9,231.0,0.0,0.0
2016,8/25/2016,DC,Nearshore,6,Dade County 8,64,22,0.0,0.0,0.0,0.0,226.5,0.0,0.0,0.0,0.0,0.0,0.0,0.0,0.0,0.0,1348.9,0.0,0.0,0.0,0.0,0.0,0.0,0.0,0.0,0.0,141.4,20.1,0.0,0.0,0.0,0.0,254.6,0.0,324.1,0.0,0.0
2016,7/21/2016,PBC,Nearshore,84,Palm Beach 1,841,22,0.0,0.0,0.0,0.0,0.0,0.0,0.0,0.0,0.0,0.0,0.0,0.0,0.0,0.0,114.4,0.0,0.0,0.0,100.2,0.0,0.0,0.0,0.0,0.0,0.0,0.0,0.0,0.0,0.0,0.0,66.3,1285.1,0.0,0.0,0.0
2016,7/21/2016,PBC,Nearshore,84,Palm Beach 1,842,22,0.0,0.0,0.0,0.0,0.0,0.0,58.6,0.0,0.0,0.0,0.0,0.0,0.0,0.0,0.0,0.0,0.0,0.0,0.0,0.0,0.0,0.0,0.0,0.0,0.0,0.0,0.0,0.0,0.0,0.0,25.1,0.0,0.0,0.0,0.0
2016,7/21/2016,PBC,Nearshore,84,Palm Beach 1,843,22,0.0,0.0,0.0,0.0,0.0,0.0,0.0,0.0,0.0,0.0,0.0,0.0,0.0,0.0,31.8,0.0,0.0,0.0,0.0,0.0,0.0,0.0,0.0,0.0,22.6,0.0,78.6,0.0,0.0,0.0,71.7,1085.3,0.0,0.0,0.0
2016,7/21/2016,PBC,Nearshore,84,Palm Beach 1,844,22,0.0,0.0,0.0,0.0,0.0,0.0,0.0,0.0,0.0,0.0,0.0,0.0,0.0,0.0,0.0,0.0,0.0,0.0,0.0,0.0,0.0,0.0,0.0,0.0,0.0,0.0,68.1,0.0,0.0,0.0,0.0,0.0,0.0,0.0,0.0
2016,7/20/2016,PBC,Outer,85,Palm Beach 2,851,22,0.0,0.0,0.0,0.0,0.0,0.0,33.8,0.0,0.0,0.0,116.1,0.0,0.0,0.0,5282.3,0.0,0.0,0.0,0.0,0.0,0.0,0.0,0.0,0.0,93.3,0.0,0.0,0.0,0.0,0.0,0.0,0.0,8.4,0.0,0.0
2016,7/20/2016,PBC,Outer,85,Palm Beach 2,852,22,0.0,0.0,0.0,0.0,0.0,0.0,0.0,0.0,0.0,0.0,246.5,150.2,0.0,0.0,1423.0,0.0,0.0,0.0,0.0,0.0,0.0,0.0,0.0,0.0,477.2,0.0,0.0,0.0,0.0,0.0,45.2,0.0,42.3,0.0,0.0
2016,7/20/2016,PBC,Outer,85,Palm Beach 2,853,22,0.0,0.0,0.0,0.0,0.0,0.0,0.0,0.0,0.0,0.0,2875.0,0.0,0.0,0.0,0.0,0.0,0.0,0.0,0.0,0.0,0.0,0.0,0.0,0.0,140.7,0.0,0.0,0.0,0.0,0.0,17.1,0.0,0.0,0.0,0.0
2016,7/20/2016,PBC,Outer,85,Palm Beach 2,854,22,0.0,0.0,0.0,0.0,0.0,0.0,0.0,0.0,0.0,0.0,2051.8,0.0,0.0,0.0,2174.3,0.0,0.0,0.0,0.0,0.0,0.0,0.0,0.0,0.0,134.8,0.0,0.0,0.0,0.0,0.0,200.0,0.0,0.0,0.0,0.0
2016,7/19/2016,PBC,Outer,86,Palm Beach 3,861,22,0.0,0.0,0.0,0.0,0.0,0.0,0.0,0.0,0.0,0.0,0.0,95.1,0.0,0.0,1579.2,0.0,0.0,0.0,0.0,0.0,0.0,0.0,0.0,0.0,1693.2,0.0,0.0,0.0,0.0,0.0,0.0,0.0,70.8,0.0,0.0
2016,7/19/2016,PBC,Outer,86,Palm Beach 3,862,22,0.0,0.0,0.0,0.0,0.0,0.0,0.0,0.0,0.0,0.0,0.0,1721.5,0.0,0.0,375.0,0.0,0.0,0.0,0.0,0.0,0.0,0.0,0.0,0.0,809.6,0.0,0.0,0.0,0.0,0.0,0.0,0.0,55.5,0.0,704.0
2016,7/19/2016,PBC,Outer,86,Palm Beach 3,863,22,0.0,0.0,0.0,0.0,0.0,0.0,0.0,0.0,0.0,0.0,0.0,0.0,0.0,0.0,1013.1,0.0,0.0,0.0,0.0,0.0,0.0,0.0,0.0,0.0,639.2,0.0,0.0,0.0,0.0,0.0,43.6,0.0,112.0,0.0,0.0
2016,7/19/2016,PBC,Outer,86,Palm Beach 3,864,22,0.0,0.0,0.0,0.0,0.0,0.0,0.0,0.0,0.0,0.0,0.0,0.0,0.0,0.0,204.9,0.0,0.0,0.0,0.0,0.0,0.0,0.0,0.0,0.0,34.3,0.0,0.0,0.0,0.0,0.0,0.0,0.0,76.0,0.0,0.0
2016,6/16/2016,BC,Nearshore,87,Broward County 1,871,22,0.0,50.1,0.0,0.0,0.0,0.0,0.0,0.0,0.0,0.0,0.0,0.0,0.0,0.0,68466.2,0.0,0.0,0.0,0.0,0.0,0.0,6194.8,0.0,0.0,448.8,0.0,0.0,0.0,0.0,0.0,1455.4,0.0,805.5,0.0,0.0
2016,6/13/2016,BC,Nearshore,87,Broward County 1,872,22,0.0,0.0,0.0,0.0,0.0,0.0,0.0,0.0,0.0,0.0,0.0,1461.2,0.0,0.0,62825.2,0.0,0.0,0.0,0.0,0.0,0.0,0.0,0.0,0.0,1367.4,69.7,0.0,0.0,0.0,0.0,2822.2,547.3,1037.7,0.0,527.5
2016,6/13/2016,BC,Nearshore,87,Broward County 1,873,22,0.0,0.0,0.0,0.0,0.0,0.0,0.0,0.0,0.0,0.0,0.0,0.0,0.0,0.0,111881.7,0.0,0.0,0.0,0.0,0.0,0.0,5744.3,0.0,0.0,100.3,0.0,0.0,0.0,0.0,0.0,1173.5,5387.8,24.8,0.0,83.6
2016,6/13/2016,BC,Nearshore,87,Broward County 1,874,22,0.0,0.0,0.0,0.0,545.2,0.0,0.0,0.0,0.0,0.0,0.0,0.0,0.0,0.0,44593.5,0.0,0.0,0.0,0.0,0.0,0.0,0.0,0.0,0.0,295.3,0.0,0.0,0.0,0.0,0.0,228.0,3679.8,724.5,0.0,0.0
2016,6/14/2016,BC,Middle,88,Broward County 2,881,22,0.0,0.0,0.0,0.0,0.0,0.0,0.0,0.0,0.0,0.0,0.0,0.0,0.0,0.0,0.0,0.0,0.0,0.0,0.0,0.0,0.0,0.0,0.0,0.0,108.0,0.0,0.0,0.0,0.0,0.0,485.6,1449.5,444.8,0.0,0.0
2016,6/14/2016,BC,Middle,88,Broward County 2,882,22,0.0,0.0,472.3,0.0,0.0,0.0,0.0,0.0,0.0,0.0,0.0,0.0,0.0,0.0,55.4,0.0,0.0,0.0,0.0,0.0,0.0,0.0,0.0,0.0,0.0,0.0,0.0,0.0,0.0,0.0,80.1,0.0,127.3,0.0,0.0
2016,6/14/2016,BC,Middle,88,Broward County 2,883,22,0.0,0.0,0.0,0.0,0.0,0.0,0.0,0.0,0.0,0.0,0.0,0.0,0.0,0.0,84.4,0.0,0.0,0.0,0.0,0.0,0.0,1626.5,0.0,0.0,432.8,0.0,0.0,0.0,0.0,0.0,898.8,0.0,193.6,0.0,0.0
2016,6/14/2016,BC,Middle,88,Broward County 2,884,22,0.0,0.0,0.0,0.0,0.0,0.0,0.0,0.0,0.0,0.0,0.0,0.0,0.0,0.0,0.0,0.0,0.0,0.0,0.0,0.0,0.0,960.3,0.0,0.0,899.0,0.0,0.0,0.0,0.0,0.0,216.8,0.0,166.0,0.0,0.0
2016,6/13/2016,BC,Outer,89,Broward County 3,891,22,0.0,0.0,0.0,0.0,0.0,0.0,0.0,0.0,0.0,0.0,0.0,0.0,0.0,0.0,86.0,0.0,0.0,0.0,0.0,0.0,0.0,0.0,0.0,0.0,1523.3,0.0,0.0,0.0,0.0,0.0,183.1,0.0,208.8,0.0,0.0
2016,6/13/2016,BC,Outer,89,Broward County 3,892,22,0.0,0.0,0.0,44.5,0.0,0.0,0.0,0.0,0.0,0.0,0.0,254.9,0.0,0.0,2102.4,0.0,0.0,0.0,0.0,0.0,0.0,0.0,0.0,0.0,502.8,0.0,0.0,0.0,0.0,0.0,371.4,80.1,126.3,0.0,0.0
2016,6/13/2016,BC,Outer,89,Broward County 3,893,22,0.0,0.0,0.0,0.0,0.0,0.0,0.0,0.0,0.0,0.0,0.0,0.0,0.0,0.0,866.4,0.0,0.0,0.0,0.0,0.0,0.0,0.0,0.0,0.0,451.6,0.0,0.0,0.0,0.0,0.0,72.7,0.0,186.0,0.0,0.0
2016,6/13/2016,BC,Outer,89,Broward County 3,894,22,0.0,0.0,141.4,0.0,0.0,0.0,0.0,0.0,0.0,0.0,0.0,0.0,0.0,56.3,78.1,0.0,0.0,0.0,0.0,0.0,0.0,0.0,0.0,0.0,0.0,0.0,0.0,0.0,0.0,0.0,669.1,0.0,300.6,0.0,0.0
2016,6/14/2016,BC,Nearshore,90,Broward County A,901,22,0.0,0.0,0.0,0.0,0.0,0.0,0.0,0.0,0.0,0.0,0.0,0.0,0.0,0.0,0.0,0.0,0.0,0.0,0.0,0.0,0.0,0.0,0.0,0.0,1633.0,74.6,0.0,0.0,0.0,0.0,0.0,0.0,0.0,0.0,1872.9
2016,6/14/2016,BC,Nearshore,90,Broward County A,902,22,0.0,0.0,0.0,0.0,0.0,0.0,0.0,0.0,0.0,0.0,0.0,0.0,0.0,0.0,0.0,0.0,0.0,0.0,0.0,0.0,0.0,0.0,0.0,0.0,334.3,0.0,0.0,0.0,0.0,0.0,0.0,0.0,0.0,0.0,1508.2
2016,6/14/2016,BC,Nearshore,90,Broward County A,903,22,0.0,0.0,0.0,0.0,0.0,0.0,0.0,0.0,0.0,0.0,0.0,0.0,0.0,0.0,0.0,0.0,0.0,0.0,0.0,0.0,0.0,0.0,0.0,0.0,727.1,0.0,0.0,0.0,0.0,0.0,0.0,0.0,0.0,0.0,4658.6
2016,6/14/2016,BC,Nearshore,90,Broward County A,904,22,0.0,0.0,0.0,0.0,0.0,0.0,0.0,0.0,0.0,0.0,0.0,0.0,0.0,0.0,0.0,0.0,0.0,0.0,0.0,0.0,0.0,0.0,0.0,0.0,600.8,0.0,0.0,0.0,0.0,0.0,0.0,0.0,0.0,0.0,3231.7
2016,7/14/2016,DC,Inner,91,Dade County 1,911,22,1605.8,0.0,0.0,0.0,0.0,0.0,0.0,0.0,0.0,0.0,0.0,0.0,0.0,0.0,11456.1,0.0,0.0,0.0,0.0,0.0,0.0,0.0,0.0,0.0,4348.7,376.4,0.0,0.0,0.0,0.0,3444.8,0.0,96.9,0.0,0.0
2016,7/14/2016,DC,Inner,91,Dade County 1,912,22,2913.2,0.0,0.0,0.0,0.0,0.0,0.0,0.0,0.0,0.0,0.0,0.0,0.0,0.0,9044.8,0.0,0.0,0.0,0.0,0.0,0.0,0.0,0.0,0.0,7225.4,706.6,0.0,0.0,0.0,0.0,2354.2,0.0,1040.5,0.0,69.5
2016,7/14/2016,DC,Inner,91,Dade County 1,913,22,18634.8,0.0,0.0,0.0,0.0,0.0,0.0,0.0,0.0,0.0,0.0,0.0,0.0,0.0,11165.5,0.0,0.0,0.0,0.0,0.0,0.0,543.6,0.0,0.0,5425.5,147.8,0.0,0.0,0.0,0.0,5011.0,3033.4,488.1,0.0,42.4
2016,7/14/2016,DC,Inner,91,Dade County 1,914,22,3571.1,0.0,0.0,0.0,0.0,0.0,0.0,0.0,0.0,0.0,0.0,0.0,0.0,0.0,6314.4,0.0,0.0,0.0,0.0,0.0,0.0,0.0,0.0,0.0,7810.5,441.7,0.0,0.0,0.0,0.0,1679.9,0.0,54.6,0.0,133.6
2016,8/9/2016,DC,Middle,92,Dade County 2,921,22,0.0,0.0,0.0,0.0,0.0,0.0,95.2,0.0,0.0,0.0,0.0,0.0,0.0,0.0,2507.1,0.0,0.0,0.0,0.0,0.0,0.0,0.0,0.0,0.0,148.8,0.0,0.0,0.0,0.0,0.0,514.4,0.0,729.6,0.0,0.0
2016,8/9/2016,DC,Middle,92,Dade County 2,922,22,0.0,0.0,0.0,0.0,0.0,0.0,0.0,0.0,0.0,0.0,0.0,0.0,0.0,42.3,1874.5,0.0,0.0,0.0,0.0,0.0,0.0,0.0,0.0,0.0,0.0,0.0,0.0,0.0,0.0,0.0,169.2,207.8,590.4,0.0,0.0
2016,8/9/2016,DC,Middle,92,Dade County 2,923,22,0.0,0.0,0.0,0.0,0.0,0.0,0.0,0.0,0.0,0.0,0.0,341.2,0.0,0.0,42.4,0.0,0.0,0.0,0.0,0.0,0.0,2583.1,0.0,0.0,933.4,0.0,0.0,0.0,0.0,0.0,976.2,510.5,368.8,0.0,0.0
2016,8/9/2016,DC,Middle,92,Dade County 2,924,22,0.0,0.0,0.0,0.0,0.0,0.0,0.0,0.0,0.0,0.0,0.0,0.0,0.0,0.0,135.3,0.0,0.0,0.0,0.0,0.0,0.0,0.0,0.0,0.0,265.1,0.0,0.0,0.0,0.0,0.0,558.4,0.0,704.7,0.0,0.0
2016,8/9/2016,DC,Outer,93,Dade County 3,931,22,0.0,0.0,0.0,0.0,80.2,0.0,0.0,0.0,0.0,0.0,0.0,0.0,0.0,0.0,0.0,0.0,0.0,0.0,0.0,0.0,0.0,0.0,0.0,0.0,487.0,0.0,0.0,0.0,0.0,0.0,123.0,0.0,96.9,0.0,0.0
2016,8/9/2016,DC,Outer,93,Dade County 3,932,22,0.0,0.0,0.0,0.0,0.0,0.0,0.0,0.0,0.0,0.0,0.0,390.7,0.0,0.0,193.8,0.0,0.0,0.0,0.0,0.0,0.0,0.0,0.0,0.0,0.0,0.0,0.0,0.0,0.0,0.0,250.4,0.0,0.0,0.0,0.0
2016,8/9/2016,DC,Outer,93,Dade County 3,933,22,0.0,0.0,0.0,0.0,0.0,0.0,0.0,0.0,0.0,0.0,0.0,0.0,0.0,0.0,2738.0,0.0,0.0,0.0,0.0,0.0,0.0,0.0,0.0,0.0,0.0,0.0,0.0,0.0,0.0,0.0,0.0,0.0,304.0,0.0,0.0
2016,8/9/2016,DC,Outer,93,Dade County 3,934,22,0.0,0.0,0.0,0.0,0.0,0.0,0.0,0.0,0.0,0.0,0.0,0.0,0.0,0.0,219.3,0.0,0.0,0.0,0.0,0.0,0.0,0.0,0.0,0.0,1037.0,0.0,0.0,0.0,0.0,0.0,58.0,0.0,103.3,0.0,0.0
2016,5/24/2016,MC,Nearshore,94,Martin County 1,941,22,0.0,0.0,0.0,0.0,0.0,0.0,0.0,0.0,0.0,381.3,0.0,0.0,0.0,0.0,0.0,0.0,0.0,0.0,0.0,0.0,0.0,0.0,0.0,0.0,4665.4,0.0,15706.1,0.0,0.0,0.0,805.6,0.0,0.0,0.0,0.0
2016,5/24/2016,MC,Nearshore,94,Martin County 1,942,22,0.0,0.0,0.0,0.0,0.0,0.0,0.0,0.0,0.0,0.0,0.0,0.0,0.0,0.0,0.0,0.0,0.0,0.0,0.0,0.0,0.0,0.0,0.0,0.0,455.3,0.0,23467.0,0.0,0.0,0.0,273.1,0.0,0.0,0.0,0.0
2016,5/24/2016,MC,Nearshore,94,Martin County 1,943,22,0.0,0.0,0.0,0.0,0.0,0.0,0.0,0.0,0.0,0.0,0.0,0.0,0.0,0.0,0.0,0.0,0.0,0.0,0.0,0.0,0.0,0.0,0.0,0.0,122.1,0.0,216.3,0.0,0.0,0.0,171.4,0.0,0.0,0.0,0.0
2016,5/24/2016,MC,Nearshore,94,Martin County 1,944,22,0.0,0.0,0.0,0.0,0.0,0.0,0.0,0.0,0.0,0.0,0.0,0.0,0.0,0.0,0.0,0.0,0.0,0.0,0.0,0.0,0.0,0.0,0.0,0.0,1970.9,0.0,24925.6,0.0,0.0,0.0,182.1,0.0,0.0,0.0,0.0
2016,5/24/2016,MC,Nearshore,95,Martin County 2,951,22,0.0,0.0,0.0,0.0,0.0,0.0,0.0,0.0,0.0,0.0,0.0,0.0,0.0,0.0,0.0,0.0,0.0,0.0,0.0,0.0,0.0,0.0,0.0,0.0,0.0,0.0,0.0,1826.4,0.0,0.0,121.7,0.0,0.0,0.0,0.0
2016,5/24/2016,MC,Nearshore,95,Martin County 2,952,22,0.0,0.0,0.0,0.0,0.0,0.0,0.0,0.0,0.0,0.0,0.0,0.0,0.0,0.0,0.0,0.0,0.0,0.0,1074.2,0.0,0.0,0.0,0.0,0.0,0.0,0.0,5900.8,0.0,0.0,0.0,132.5,1099.3,0.0,0.0,0.0
2016,5/24/2016,MC,Nearshore,95,Martin County 2,953,22,0.0,0.0,0.0,0.0,0.0,0.0,0.0,0.0,0.0,0.0,0.0,0.0,0.0,0.0,0.0,0.0,0.0,0.0,191.5,0.0,0.0,0.0,0.0,0.0,0.0,0.0,5195.0,0.0,0.0,0.0,56.3,0.0,0.0,0.0,0.0
2016,5/24/2016,MC,Nearshore,95,Martin County 2,954,22,0.0,0.0,0.0,0.0,0.0,0.0,0.0,0.0,0.0,0.0,0.0,0.0,0.0,0.0,0.0,0.0,0.0,0.0,0.0,0.0,0.0,0.0,0.0,0.0,0.0,0.0,6171.1,0.0,0.0,0.0,232.8,0.0,0.0,0.0,0.0
2016,7/22/2016,PBC,Outer,97,Palm Beach 4,971,22,0.0,0.0,0.0,0.0,0.0,0.0,0.0,0.0,0.0,0.0,0.0,0.0,0.0,0.0,786.3,0.0,0.0,0.0,0.0,0.0,0.0,0.0,0.0,0.0,344.2,0.0,0.0,0.0,0.0,0.0,8.9,0.0,321.7,0.0,0.0
2016,7/22/2016,PBC,Outer,97,Palm Beach 4,972,22,0.0,0.0,0.0,0.0,0.0,0.0,0.0,0.0,0.0,0.0,0.0,48.3,0.0,0.0,3802.0,0.0,0.0,0.0,0.0,0.0,0.0,0.0,0.0,0.0,1086.1,0.0,0.0,0.0,0.0,0.0,569.1,0.0,310.0,0.0,645.6
2016,7/22/2016,PBC,Outer,97,Palm Beach 4,973,22,0.0,0.0,0.0,0.0,0.0,0.0,0.0,0.0,0.0,0.0,0.0,0.0,0.0,0.0,439.5,0.0,0.0,0.0,0.0,0.0,0.0,0.0,0.0,0.0,803.3,0.0,0.0,34.3,0.0,0.0,125.4,0.0,97.7,0.0,0.0
2016,7/22/2016,PBC,Outer,97,Palm Beach 4,974,22,0.0,0.0,0.0,0.0,0.0,0.0,0.0,0.0,0.0,0.0,0.0,722.9,0.0,0.0,2262.6,0.0,0.0,0.0,0.0,0.0,0.0,0.0,0.0,0.0,794.6,0.0,0.0,0.0,0.0,0.0,145.8,0.0,617.1,0.0,0.0
2016,7/29/2016,PBC,Outer,98,Palm Beach 5,981,22,0.0,0.0,0.0,0.0,0.0,0.0,0.0,0.0,0.0,0.0,0.0,0.0,0.0,0.0,854.6,0.0,0.0,0.0,0.0,0.0,0.0,0.0,0.0,0.0,3422.0,0.0,0.0,0.0,0.0,0.0,317.8,425.3,45.4,0.0,276.7
2016,7/29/2016,PBC,Outer,98,Palm Beach 5,982,22,0.0,0.0,0.0,0.0,0.0,0.0,0.0,0.0,0.0,0.0,0.0,0.0,0.0,0.0,264.0,0.0,0.0,0.0,0.0,0.0,0.0,447.1,0.0,0.0,1994.2,0.0,0.0,0.0,0.0,0.0,1035.4,0.0,283.0,0.0,0.0
2016,7/29/2016,PBC,Outer,98,Palm Beach 5,983,22,0.0,0.0,0.0,0.0,0.0,0.0,0.0,0.0,0.0,0.0,0.0,0.0,0.0,0.0,76.9,0.0,0.0,0.0,0.0,0.0,0.0,0.0,0.0,0.0,1640.5,56.7,0.0,0.0,0.0,0.0,313.8,0.0,700.7,0.0,0.0
2016,7/29/2016,PBC,Outer,98,Palm Beach 5,984,22,0.0,0.0,796.6,0.0,0.0,0.0,0.0,0.0,0.0,0.0,0.0,782.4,0.0,0.0,4516.1,0.0,0.0,0.0,0.0,0.0,0.0,0.0,0.0,0.0,4040.1,0.0,0.0,0.0,0.0,0.0,1423.0,0.0,335.3,0.0,210.9
2016,8/19/2016,DC,Outer,99,Dade County 4,991,22,0.0,0.0,0.0,0.0,0.0,0.0,0.0,0.0,0.0,0.0,0.0,0.0,0.0,0.0,1833.2,0.0,0.0,0.0,0.0,0.0,0.0,1217.0,0.0,0.0,362.4,0.0,0.0,0.0,0.0,0.0,471.3,0.0,551.7,0.0,24.3
2016,8/19/2016,DC,Outer,99,Dade County 4,992,22,0.0,0.0,0.0,0.0,0.0,0.0,0.0,0.0,0.0,0.0,0.0,0.0,0.0,0.0,0.0,0.0,0.0,0.0,0.0,0.0,0.0,0.0,0.0,0.0,44.6,0.0,0.0,0.0,0.0,0.0,348.7,1121.1,125.7,0.0,0.0
2016,8/19/2016,DC,Outer,99,Dade County 4,993,22,0.0,0.0,616.4,0.0,0.0,0.0,0.0,0.0,0.0,0.0,0.0,0.0,0.0,0.0,636.7,0.0,0.0,0.0,0.0,0.0,0.0,0.0,0.0,0.0,348.1,0.0,0.0,0.0,0.0,0.0,149.2,0.0,50.7,0.0,0.0
2016,8/19/2016,DC,Outer,99,Dade County 4,994,22,0.0,0.0,0.0,0.0,59.1,0.0,0.0,0.0,0.0,0.0,0.0,0.0,0.0,0.0,85.5,0.0,0.0,0.0,0.0,0.0,0.0,0.0,0.0,0.0,632.3,0.0,0.0,0.0,0.0,0.0,392.6,0.0,64.7,0.0,0.0
2017,8/15/2017,DC,Inner,0,Dade County 5,1,22,0.0,34.3,0.0,0.0,0.0,0.0,0.0,0.0,0.0,0.0,0.0,183.3,0.0,0.0,1370.1,0.0,0.0,0.0,0.0,0.0,0.0,0.0,0.0,0.0,2518.9,472.5,0.0,0.0,0.0,0.0,618.3,0.0,729.2,0.0,4437.6
2017,8/15/2017,DC,Inner,0,Dade County 5,2,22,0.0,76.6,0.0,0.0,25.1,0.0,0.0,0.0,0.0,0.0,0.0,112.8,0.0,0.0,0.0,0.0,116.6,0.0,0.0,0.0,0.0,30.9,0.0,0.0,1390.4,467.0,17.4,0.0,0.0,33.5,315.6,0.0,196.0,0.0,3192.4
2017,8/15/2017,DC,Inner,0,Dade County 5,3,22,0.0,50.1,0.0,0.0,0.0,0.0,0.0,0.0,0.0,0.0,0.0,0.0,0.0,0.0,0.0,0.0,69.8,0.0,0.0,0.0,0.0,711.8,0.0,0.0,1561.8,455.9,0.0,0.0,0.0,24.8,558.4,0.0,108.4,0.0,3325.4
2017,8/15/2017,DC,Inner,0,Dade County 5,4,22,0.0,0.0,0.0,0.0,0.0,152.2,0.0,0.0,0.0,0.0,0.0,0.0,0.0,0.0,0.0,0.0,0.0,0.0,0.0,0.0,0.0,4535.7,0.0,0.0,1793.6,173.4,0.0,0.0,0.0,0.0,135.0,0.0,37.8,0.0,5145.6
2017,6/26/2017,BC,Inner,1,Broward County 4,11,22,0.0,0.0,0.0,0.0,0.0,0.0,0.0,0.0,0.0,0.0,0.0,0.0,0.0,0.0,240.6,0.0,0.0,0.0,0.0,0.0,0.0,3126.0,0.0,0.0,7092.2,621.0,0.0,0.0,0.0,0.0,3356.6,0.0,493.9,0.0,987.4
2017,6/26/2017,BC,Inner,1,Broward County 4,12,22,0.0,23.8,0.0,0.0,0.0,0.0,0.0,0.0,0.0,0.0,0.0,0.0,0.0,0.0,6281.4,0.0,0.0,0.0,0.0,0.0,0.0,0.0,0.0,0.0,8667.6,893.7,0.0,89.8,0.0,0.0,2058.2,0.0,820.1,0.0,110.9
2017,6/26/2017,BC,Inner,1,Broward County 4,13,22,0.0,166.1,0.0,0.0,0.0,0.0,0.0,0.0,0.0,0.0,0.0,1029.7,0.0,0.0,8446.8,0.0,0.0,0.0,0.0,0.0,0.0,16300.7,0.0,0.0,6795.0,771.5,0.0,483.0,0.0,0.0,3439.3,68.4,885.2,0.0,1395.3
2017,6/26/2017,BC,Inner,1,Broward County 4,14,22,0.0,526.0,0.0,0.0,0.0,0.0,0.0,0.0,0.0,0.0,0.0,0.0,0.0,25.1,4444.8,0.0,0.0,0.0,0.0,0.0,0.0,6101.3,0.0,0.0,8835.1,1107.0,0.0,0.0,0.0,0.0,2189.4,321.6,1138.0,0.0,125.4
2017,6/30/2017,BC,Middle,2,Broward County 5,21,22,0.0,0.0,0.0,0.0,0.0,0.0,0.0,0.0,0.0,0.0,0.0,0.0,0.0,0.0,0.0,0.0,0.0,0.0,0.0,0.0,0.0,0.0,0.0,0.0,920.1,47.2,0.0,0.0,0.0,0.0,247.6,0.0,179.9,0.0,0.0
2017,6/30/2017,BC,Middle,2,Broward County 5,22,22,0.0,0.0,0.0,0.0,0.0,0.0,0.0,0.0,0.0,0.0,0.0,0.0,0.0,0.0,623.3,0.0,0.0,0.0,0.0,0.0,0.0,0.0,0.0,0.0,0.0,132.9,0.0,0.0,0.0,0.0,134.4,0.0,80.3,0.0,0.0
2017,6/30/2017,BC,Middle,2,Broward County 5,23,22,0.0,0.0,0.0,0.0,0.0,0.0,0.0,0.0,0.0,0.0,0.0,125.3,0.0,0.0,914.2,0.0,0.0,0.0,0.0,0.0,0.0,0.0,0.0,0.0,1308.7,127.6,0.0,0.0,0.0,0.0,176.4,116.6,161.1,0.0,0.0
2017,6/30/2017,BC,Middle,2,Broward County 5,24,22,0.0,0.0,0.0,0.0,0.0,0.0,0.0,0.0,0.0,0.0,0.0,0.0,0.0,0.0,175.9,0.0,0.0,0.0,0.0,0.0,0.0,0.0,0.0,0.0,716.6,320.5,0.0,0.0,0.0,0.0,427.2,0.0,219.0,0.0,0.0
2017,6/30/2017,BC,Outer,3,Broward County 6,31,22,0.0,0.0,0.0,0.0,0.0,0.0,0.0,0.0,0.0,0.0,0.0,0.0,0.0,0.0,0.0,0.0,0.0,0.0,0.0,0.0,0.0,0.0,0.0,0.0,304.8,0.0,0.0,0.0,0.0,0.0,127.6,0.0,64.3,0.0,0.0
2017,6/30/2017,BC,Outer,3,Broward County 6,32,22,0.0,0.0,0.0,0.0,0.0,0.0,0.0,0.0,0.0,0.0,0.0,0.0,0.0,0.0,1413.9,0.0,0.0,0.0,0.0,0.0,0.0,0.0,0.0,0.0,460.9,0.0,0.0,0.0,0.0,0.0,66.2,0.0,8.9,0.0,0.0
2017,6/30/2017,BC,Outer,3,Broward County 6,33,22,0.0,0.0,0.0,0.0,0.0,0.0,0.0,0.0,0.0,0.0,0.0,0.0,0.0,0.0,642.9,0.0,0.0,0.0,0.0,0.0,0.0,0.0,0.0,0.0,163.4,0.0,0.0,0.0,0.0,0.0,398.6,0.0,0.0,0.0,0.0
2017,6/30/2017,BC,Outer,3,Broward County 6,34,22,0.0,0.0,0.0,0.0,0.0,0.0,0.0,0.0,0.0,0.0,0.0,0.0,0.0,0.0,647.3,0.0,0.0,0.0,0.0,0.0,0.0,0.0,0.0,0.0,452.3,0.0,0.0,0.0,0.0,0.0,203.1,0.0,70.1,0.0,0.0
2017,8/23/2017,DC,Nearshore,4,Dade County 6,41,22,0.0,0.0,0.0,0.0,0.0,0.0,0.0,0.0,0.0,0.0,0.0,0.0,0.0,0.0,0.0,0.0,0.0,0.0,0.0,0.0,0.0,0.0,0.0,0.0,4707.0,352.2,2830.5,0.0,0.0,0.0,41.7,1364.5,100.3,0.0,0.0
2017,8/23/2017,DC,Nearshore,4,Dade County 6,42,22,0.0,0.0,0.0,0.0,0.0,0.0,0.0,0.0,0.0,0.0,0.0,0.0,0.0,0.0,4216.6,0.0,0.0,0.0,0.0,0.0,0.0,0.0,0.0,0.0,4737.2,525.2,0.0,0.0,0.0,34.3,777.2,0.0,0.0,0.0,0.0
2017,8/23/2017,DC,Nearshore,4,Dade County 6,43,22,56.5,0.0,0.0,0.0,0.0,0.0,0.0,0.0,0.0,0.0,0.0,0.0,0.0,0.0,4873.3,0.0,0.0,0.0,0.0,0.0,0.0,0.0,0.0,0.0,9224.1,1201.4,2335.8,0.0,0.0,0.0,0.0,3028.8,756.7,0.0,539.1
2017,8/23/2017,DC,Nearshore,4,Dade County 6,44,22,5511.9,0.0,0.0,0.0,0.0,0.0,0.0,0.0,0.0,0.0,0.0,0.0,0.0,0.0,0.0,0.0,0.0,0.0,0.0,0.0,0.0,8410.4,0.0,0.0,4088.2,89.3,0.0,0.0,0.0,0.0,4607.6,0.0,0.0,0.0,0.0
2017,8/23/2017,DC,Middle,5,Dade County 7,51,22,0.0,0.0,0.0,0.0,0.0,0.0,80.2,0.0,0.0,0.0,0.0,0.0,0.0,34.3,78.7,0.0,1309.5,0.0,0.0,0.0,0.0,486.0,0.0,0.0,0.0,0.0,0.0,0.0,0.0,0.0,660.3,0.0,1245.9,0.0,0.0
2017,8/23/2017,DC,Middle,5,Dade County 7,52,22,0.0,0.0,0.0,0.0,44.5,0.0,100.5,0.0,0.0,0.0,0.0,169.5,0.0,34.2,44.6,0.0,0.0,0.0,0.0,0.0,0.0,0.0,0.0,0.0,1135.4,0.0,0.0,0.0,0.0,0.0,137.9,0.0,790.3,0.0,113.6
2017,8/23/2017,DC,Middle,5,Dade County 7,53,22,0.0,0.0,0.0,0.0,0.0,0.0,0.0,0.0,0.0,0.0,0.0,321.7,0.0,0.0,156.7,0.0,0.0,0.0,0.0,0.0,0.0,0.0,0.0,0.0,307.4,89.1,0.0,0.0,25.1,0.0,555.3,0.0,793.5,0.0,0.0
2017,8/23/2017,DC,Middle,5,Dade County 7,54,22,0.0,0.0,0.0,0.0,0.0,0.0,0.0,0.0,0.0,0.0,0.0,0.0,0.0,34.2,0.0,0.0,0.0,0.0,0.0,0.0,0.0,0.0,0.0,0.0,582.9,0.0,0.0,0.0,0.0,0.0,267.7,321.1,176.3,0.0,0.0
2017,8/14/2017,DC,Nearshore,6,Dade County 8,61,22,0.0,0.0,0.0,0.0,42.3,0.0,0.0,0.0,0.0,0.0,0.0,0.0,0.0,0.0,6065.7,0.0,0.0,0.0,0.0,0.0,0.0,0.0,0.0,0.0,0.0,0.0,0.0,0.0,0.0,0.0,524.2,0.0,897.4,0.0,0.0
2017,8/14/2017,DC,Nearshore,6,Dade County 8,62,22,0.0,0.0,0.0,0.0,0.0,0.0,0.0,0.0,0.0,0.0,0.0,0.0,0.0,0.0,69.8,0.0,0.0,0.0,0.0,0.0,0.0,0.0,0.0,0.0,266.4,0.0,0.0,0.0,0.0,0.0,207.1,0.0,791.2,0.0,0.0
2017,8/14/2017,DC,Nearshore,6,Dade County 8,63,22,0.0,0.0,0.0,672.8,0.0,0.0,0.0,0.0,0.0,0.0,0.0,0.0,0.0,0.0,4396.6,0.0,0.0,0.0,0.0,0.0,0.0,0.0,0.0,0.0,0.0,0.0,0.0,0.0,0.0,0.0,974.5,0.0,334.7,0.0,0.0
2017,8/14/2017,DC,Nearshore,6,Dade County 8,64,22,0.0,0.0,0.0,0.0,197.5,0.0,0.0,0.0,0.0,0.0,0.0,0.0,0.0,0.0,1312.7,0.0,0.0,0.0,0.0,0.0,0.0,0.0,0.0,0.0,133.5,45.0,0.0,0.0,0.0,0.0,66.0,0.0,352.4,0.0,0.0
2017,7/11/2017,PBC,Nearshore,84,Palm Beach 1,841,22,0.0,0.0,0.0,0.0,0.0,0.0,0.0,0.0,0.0,0.0,0.0,0.0,0.0,0.0,0.0,0.0,0.0,0.0,0.0,0.0,0.0,0.0,0.0,0.0,0.0,0.0,0.0,0.0,0.0,23.8,56.5,1609.0,0.0,0.0,0.0
2017,7/11/2017,PBC,Nearshore,84,Palm Beach 1,842,22,0.0,0.0,0.0,0.0,0.0,0.0,0.0,0.0,0.0,0.0,0.0,0.0,0.0,44.5,0.0,0.0,0.0,0.0,0.0,0.0,0.0,0.0,0.0,0.0,0.0,0.0,0.0,0.0,0.0,0.0,34.3,0.0,0.0,0.0,0.0
2017,7/11/2017,PBC,Nearshore,84,Palm Beach 1,843,22,0.0,0.0,0.0,0.0,0.0,0.0,0.0,0.0,0.0,0.0,0.0,0.0,0.0,0.0,32.4,0.0,0.0,0.0,0.0,0.0,0.0,0.0,0.0,0.0,34.2,0.0,83.1,0.0,0.0,0.0,160.3,453.8,0.0,0.0,0.0
2017,7/11/2017,PBC,Nearshore,84,Palm Beach 1,844,22,0.0,0.0,0.0,0.0,0.0,0.0,0.0,0.0,0.0,0.0,0.0,0.0,0.0,0.0,0.0,0.0,0.0,0.0,0.0,0.0,0.0,0.0,0.0,0.0,0.0,0.0,0.0,0.0,0.0,0.0,0.0,56.5,0.0,0.0,0.0
2017,7/11/2017,PBC,Outer,85,Palm Beach 2,851,22,0.0,0.0,0.0,0.0,0.0,0.0,0.0,0.0,0.0,0.0,89.7,0.0,0.0,0.0,4250.8,0.0,0.0,0.0,0.0,0.0,0.0,0.0,0.0,0.0,204.5,0.0,0.0,0.0,0.0,0.0,0.0,0.0,0.0,0.0,0.0
2017,7/11/2017,PBC,Outer,85,Palm Beach 2,852,22,0.0,0.0,0.0,0.0,0.0,0.0,0.0,0.0,0.0,0.0,30.1,0.0,0.0,0.0,1772.4,0.0,0.0,0.0,0.0,0.0,0.0,0.0,0.0,0.0,504.2,0.0,0.0,0.0,0.0,0.0,0.0,0.0,44.5,0.0,0.0
2017,7/11/2017,PBC,Outer,85,Palm Beach 2,853,22,0.0,0.0,0.0,0.0,0.0,0.0,0.0,0.0,0.0,0.0,2386.1,0.0,0.0,0.0,0.0,0.0,0.0,0.0,0.0,0.0,0.0,0.0,0.0,0.0,178.9,0.0,0.0,0.0,0.0,0.0,0.0,0.0,0.0,0.0,0.0
2017,7/11/2017,PBC,Outer,85,Palm Beach 2,854,22,0.0,0.0,0.0,0.0,0.0,0.0,0.0,0.0,0.0,0.0,2255.6,0.0,0.0,0.0,2098.1,0.0,0.0,0.0,0.0,0.0,0.0,0.0,0.0,0.0,261.7,0.0,0.0,0.0,0.0,0.0,112.9,0.0,0.0,0.0,0.0
2017,7/12/2017,PBC,Outer,86,Palm Beach 3,861,22,0.0,0.0,0.0,0.0,0.0,0.0,0.0,0.0,0.0,0.0,0.0,64.7,0.0,0.0,1303.4,0.0,0.0,0.0,0.0,0.0,0.0,0.0,0.0,0.0,1968.7,0.0,0.0,0.0,0.0,0.0,25.1,0.0,50.9,0.0,0.0
2017,7/12/2017,PBC,Outer,86,Palm Beach 3,862,22,0.0,0.0,0.0,0.0,0.0,0.0,0.0,0.0,0.0,0.0,0.0,1037.6,0.0,0.0,420.2,0.0,0.0,0.0,0.0,0.0,0.0,0.0,0.0,0.0,868.5,0.0,0.0,0.0,0.0,0.0,0.0,0.0,102.6,0.0,887.0
2017,7/12/2017,PBC,Outer,86,Palm Beach 3,863,22,0.0,0.0,0.0,0.0,0.0,0.0,0.0,0.0,0.0,0.0,0.0,678.1,0.0,0.0,728.7,0.0,0.0,0.0,0.0,0.0,0.0,0.0,0.0,0.0,602.4,0.0,0.0,0.0,0.0,0.0,71.3,0.0,90.1,0.0,0.0
2017,7/12/2017,PBC,Outer,86,Palm Beach 3,864,22,0.0,0.0,0.0,0.0,0.0,0.0,0.0,0.0,0.0,0.0,0.0,0.0,0.0,0.0,224.2,0.0,0.0,0.0,0.0,0.0,0.0,0.0,0.0,0.0,82.6,0.0,0.0,0.0,0.0,0.0,0.0,0.0,63.2,0.0,0.0
2017,7/18/2017,BC,Nearshore,87,Broward County 1,871,22,0.0,0.0,0.0,0.0,0.0,0.0,0.0,0.0,0.0,0.0,0.0,995.9,0.0,0.0,52892.1,0.0,0.0,0.0,0.0,0.0,0.0,2357.5,0.0,0.0,682.4,0.0,0.0,0.0,0.0,0.0,1588.5,1759.9,888.8,0.0,0.0
2017,7/18/2017,BC,Nearshore,87,Broward County 1,872,22,0.0,0.0,0.0,0.0,0.0,0.0,0.0,0.0,0.0,0.0,0.0,836.0,0.0,0.0,38945.3,0.0,0.0,0.0,0.0,0.0,0.0,0.0,0.0,0.0,1471.5,82.5,0.0,0.0,0.0,0.0,2269.0,530.0,1557.3,0.0,451.9
2017,7/18/2017,BC,Nearshore,87,Broward County 1,873,22,0.0,0.0,0.0,0.0,0.0,0.0,0.0,0.0,0.0,0.0,0.0,0.0,0.0,0.0,77313.6,0.0,0.0,0.0,0.0,0.0,0.0,3717.8,0.0,0.0,0.0,0.0,0.0,0.0,0.0,0.0,218.7,164.4,754.7,0.0,125.3
2017,7/18/2017,BC,Nearshore,87,Broward County 1,874,22,0.0,0.0,0.0,0.0,0.0,0.0,0.0,0.0,0.0,0.0,0.0,0.0,0.0,0.0,30864.3,0.0,0.0,0.0,0.0,0.0,0.0,0.0,0.0,0.0,135.3,0.0,0.0,0.0,0.0,0.0,194.5,924.6,836.5,0.0,0.0
2017,7/18/2017,BC,Middle,88,Broward County 2,881,22,0.0,0.0,0.0,0.0,0.0,0.0,0.0,0.0,0.0,0.0,0.0,0.0,0.0,0.0,34.2,0.0,0.0,0.0,0.0,0.0,0.0,0.0,0.0,0.0,163.6,44.5,0.0,0.0,0.0,0.0,751.6,438.5,608.9,0.0,0.0
2017,7/18/2017,BC,Middle,88,Broward County 2,882,22,0.0,0.0,405.1,0.0,0.0,0.0,0.0,0.0,0.0,0.0,0.0,0.0,0.0,0.0,68.4,0.0,0.0,0.0,0.0,0.0,0.0,0.0,0.0,0.0,0.0,0.0,0.0,0.0,0.0,0.0,173.6,0.0,172.8,0.0,0.0
2017,7/18/2017,BC,Middle,88,Broward County 2,883,22,0.0,0.0,0.0,0.0,0.0,0.0,0.0,0.0,0.0,0.0,0.0,0.0,0.0,0.0,117.7,0.0,0.0,0.0,0.0,0.0,0.0,2789.3,0.0,0.0,612.4,0.0,0.0,0.0,0.0,0.0,691.4,0.0,337.0,0.0,0.0
2017,7/18/2017,BC,Middle,88,Broward County 2,884,22,0.0,0.0,0.0,0.0,0.0,0.0,0.0,0.0,0.0,0.0,0.0,0.0,0.0,0.0,0.0,0.0,0.0,0.0,0.0,0.0,0.0,1215.7,0.0,0.0,1098.3,0.0,0.0,0.0,0.0,0.0,424.8,0.0,232.3,0.0,0.0
2017,6/28/2017,BC,Outer,89,Broward County 3,891,22,0.0,0.0,0.0,0.0,0.0,0.0,128.6,0.0,0.0,0.0,0.0,0.0,0.0,0.0,120.8,0.0,0.0,0.0,0.0,0.0,0.0,0.0,0.0,0.0,1410.5,0.0,0.0,0.0,0.0,0.0,330.2,0.0,315.6,0.0,0.0
2017,6/28/2017,BC,Outer,89,Broward County 3,892,22,0.0,0.0,0.0,0.0,0.0,0.0,0.0,0.0,0.0,0.0,0.0,332.6,0.0,0.0,2939.0,0.0,0.0,0.0,0.0,0.0,0.0,0.0,0.0,0.0,808.2,0.0,0.0,44.5,0.0,0.0,437.8,0.0,565.4,0.0,0.0
2017,6/28/2017,BC,Outer,89,Broward County 3,893,22,0.0,0.0,0.0,0.0,0.0,0.0,0.0,0.0,0.0,0.0,0.0,0.0,0.0,0.0,985.8,0.0,0.0,0.0,0.0,0.0,0.0,0.0,0.0,0.0,88.9,0.0,0.0,0.0,0.0,0.0,48.1,0.0,282.4,0.0,0.0
2017,6/28/2017,BC,Outer,89,Broward County 3,894,22,0.0,0.0,176.9,0.0,0.0,0.0,0.0,0.0,0.0,0.0,0.0,100.8,0.0,0.0,86.2,0.0,0.0,0.0,0.0,0.0,0.0,0.0,0.0,0.0,0.0,0.0,0.0,0.0,0.0,0.0,844.5,0.0,397.8,0.0,0.0
2017,6/28/2017,BC,Nearshore,90,Broward County A,901,22,0.0,179.3,0.0,0.0,0.0,0.0,0.0,0.0,0.0,0.0,0.0,0.0,0.0,0.0,69.1,0.0,0.0,0.0,0.0,0.0,0.0,0.0,0.0,0.0,229.6,0.0,0.0,0.0,0.0,0.0,0.0,0.0,0.0,0.0,366.1
2017,6/28/2017,BC,Nearshore,90,Broward County A,902,22,0.0,325.6,0.0,0.0,0.0,0.0,0.0,0.0,0.0,0.0,0.0,0.0,0.0,0.0,0.0,0.0,0.0,0.0,0.0,0.0,0.0,0.0,0.0,0.0,849.2,118.2,0.0,0.0,0.0,0.0,0.0,0.0,0.0,0.0,1954.7
2017,6/28/2017,BC,Nearshore,90,Broward County A,903,22,0.0,1383.2,0.0,0.0,0.0,0.0,0.0,0.0,0.0,0.0,0.0,0.0,0.0,0.0,0.0,0.0,0.0,0.0,0.0,0.0,0.0,0.0,0.0,0.0,1472.0,27.4,0.0,0.0,0.0,0.0,0.0,0.0,0.0,0.0,8963.2
2017,6/28/2017,BC,Nearshore,90,Broward County A,904,22,0.0,502.1,0.0,0.0,0.0,0.0,0.0,0.0,0.0,0.0,0.0,0.0,0.0,0.0,0.0,0.0,0.0,0.0,0.0,0.0,0.0,0.0,0.0,0.0,284.7,136.6,0.0,0.0,0.0,0.0,0.0,0.0,0.0,0.0,7199.0
2017,8/16/2017,DC,Inner,91,Dade County 1,911,22,807.7,0.0,0.0,0.0,0.0,0.0,0.0,0.0,0.0,0.0,0.0,0.0,0.0,0.0,9204.4,0.0,0.0,0.0,0.0,0.0,0.0,0.0,0.0,0.0,5952.0,492.1,0.0,0.0,0.0,0.0,3908.4,0.0,96.3,0.0,126.6
2017,8/16/2017,DC,Inner,91,Dade County 1,912,22,5025.4,0.0,0.0,0.0,0.0,0.0,0.0,0.0,0.0,0.0,0.0,0.0,0.0,0.0,15597.6,0.0,0.0,0.0,0.0,0.0,0.0,0.0,0.0,0.0,7203.8,401.7,0.0,0.0,0.0,113.5,2172.3,0.0,823.6,0.0,0.0
2017,8/16/2017,DC,Inner,91,Dade County 1,913,22,1946.1,0.0,0.0,0.0,0.0,0.0,0.0,0.0,0.0,0.0,0.0,0.0,0.0,0.0,8296.3,0.0,0.0,0.0,0.0,0.0,0.0,0.0,0.0,0.0,3890.4,213.7,0.0,0.0,0.0,0.0,4319.8,2140.0,237.5,0.0,65.8
2017,8/16/2017,DC,Inner,91,Dade County 1,914,22,12967.8,0.0,0.0,0.0,0.0,0.0,0.0,0.0,0.0,0.0,0.0,0.0,0.0,0.0,5117.7,0.0,0.0,0.0,0.0,0.0,0.0,0.0,0.0,0.0,7540.3,380.2,0.0,0.0,0.0,0.0,1509.0,0.0,122.1,0.0,0.0
2017,8/30/2017,DC,Middle,92,Dade County 2,921,22,0.0,96.2,0.0,0.0,0.0,0.0,193.4,0.0,0.0,0.0,0.0,0.0,0.0,0.0,2968.3,0.0,0.0,0.0,0.0,0.0,0.0,0.0,0.0,0.0,203.0,0.0,0.0,0.0,0.0,0.0,699.8,0.0,762.6,0.0,0.0
2017,8/30/2017,DC,Middle,92,Dade County 2,922,22,0.0,0.0,0.0,0.0,0.0,0.0,44.6,0.0,0.0,0.0,0.0,68.3,0.0,56.3,526.9,0.0,0.0,0.0,0.0,0.0,0.0,0.0,0.0,0.0,0.0,0.0,0.0,0.0,0.0,0.0,272.4,0.0,978.1,0.0,0.0
2017,8/30/2017,DC,Middle,92,Dade County 2,923,22,0.0,0.0,0.0,0.0,0.0,0.0,0.0,0.0,0.0,0.0,0.0,323.3,0.0,0.0,40.1,0.0,0.0,0.0,0.0,0.0,0.0,1750.6,0.0,0.0,758.9,0.0,0.0,0.0,0.0,0.0,1042.5,51.4,348.7,0.0,0.0
2017,8/30/2017,DC,Middle,92,Dade County 2,924,22,0.0,0.0,0.0,0.0,0.0,0.0,0.0,0.0,0.0,0.0,0.0,0.0,0.0,0.0,116.5,0.0,0.0,0.0,0.0,0.0,0.0,0.0,0.0,0.0,271.8,0.0,0.0,0.0,0.0,0.0,431.9,0.0,909.3,0.0,0.0
2017,8/16/2017,DC,Outer,93,Dade County 3,931,22,0.0,0.0,0.0,0.0,0.0,0.0,0.0,0.0,0.0,0.0,0.0,0.0,0.0,17.4,0.0,0.0,0.0,0.0,0.0,0.0,0.0,0.0,0.0,0.0,758.5,0.0,0.0,0.0,0.0,0.0,191.5,0.0,34.3,0.0,0.0
2017,8/16/2017,DC,Outer,93,Dade County 3,932,22,0.0,0.0,0.0,0.0,0.0,0.0,0.0,0.0,0.0,0.0,0.0,642.2,0.0,34.3,270.6,0.0,0.0,0.0,0.0,0.0,0.0,0.0,0.0,0.0,0.0,0.0,0.0,0.0,0.0,0.0,238.9,0.0,41.9,0.0,0.0
2017,8/16/2017,DC,Outer,93,Dade County 3,933,22,0.0,0.0,0.0,0.0,0.0,0.0,0.0,0.0,0.0,0.0,0.0,0.0,0.0,0.0,2785.0,0.0,0.0,0.0,0.0,0.0,0.0,0.0,0.0,0.0,0.0,0.0,0.0,0.0,0.0,0.0,129.8,0.0,350.6,0.0,0.0
2017,8/16/2017,DC,Outer,93,Dade County 3,934,22,0.0,0.0,0.0,0.0,0.0,0.0,0.0,0.0,0.0,0.0,0.0,0.0,0.0,0.0,176.9,0.0,0.0,0.0,0.0,0.0,0.0,0.0,0.0,0.0,1107.9,0.0,0.0,0.0,0.0,0.0,16.5,0.0,33.1,0.0,0.0
2017,6/1/2017,MC,Nearshore,94,Martin County 1,941,22,0.0,0.0,0.0,0.0,0.0,0.0,0.0,0.0,0.0,141.1,0.0,0.0,0.0,0.0,0.0,0.0,0.0,0.0,40.3,0.0,0.0,0.0,0.0,0.0,6131.8,0.0,9531.0,1960.6,0.0,0.0,710.9,0.0,0.0,0.0,0.0
2017,6/1/2017,MC,Nearshore,94,Martin County 1,942,22,0.0,0.0,0.0,0.0,0.0,0.0,0.0,0.0,0.0,106.5,0.0,0.0,0.0,0.0,0.0,0.0,0.0,0.0,0.0,0.0,0.0,0.0,0.0,0.0,1023.7,0.0,17010.6,0.0,0.0,0.0,489.0,0.0,0.0,0.0,0.0
2017,6/1/2017,MC,Nearshore,94,Martin County 1,943,22,0.0,0.0,0.0,0.0,0.0,0.0,0.0,0.0,0.0,0.0,0.0,0.0,0.0,0.0,0.0,0.0,0.0,0.0,115.5,0.0,0.0,0.0,0.0,0.0,930.0,0.0,0.0,0.0,0.0,0.0,343.4,0.0,0.0,0.0,0.0
2017,6/1/2017,MC,Nearshore,94,Martin County 1,944,22,0.0,0.0,0.0,0.0,0.0,0.0,0.0,0.0,0.0,318.7,0.0,0.0,0.0,0.0,25.1,0.0,0.0,0.0,0.0,0.0,0.0,0.0,0.0,30.9,3477.4,0.0,24657.8,0.0,0.0,17.4,279.4,0.0,0.0,0.0,0.0
2017,6/1/2017,MC,Nearshore,95,Martin County 2,951,22,0.0,0.0,0.0,0.0,0.0,0.0,0.0,0.0,0.0,0.0,0.0,0.0,0.0,0.0,0.0,0.0,0.0,0.0,0.0,0.0,0.0,0.0,0.0,0.0,0.0,0.0,1563.2,0.0,0.0,0.0,121.2,0.0,0.0,0.0,0.0
2017,6/1/2017,MC,Nearshore,95,Martin County 2,952,22,0.0,0.0,0.0,0.0,0.0,0.0,0.0,0.0,0.0,0.0,0.0,0.0,0.0,0.0,0.0,0.0,0.0,0.0,0.0,0.0,0.0,0.0,0.0,0.0,0.0,0.0,5668.5,0.0,0.0,0.0,274.3,1027.1,0.0,0.0,0.0
2017,6/1/2017,MC,Nearshore,95,Martin County 2,953,22,0.0,0.0,0.0,0.0,0.0,0.0,0.0,0.0,0.0,0.0,0.0,0.0,0.0,0.0,0.0,0.0,0.0,0.0,251.7,0.0,0.0,0.0,0.0,0.0,0.0,0.0,5901.1,0.0,0.0,0.0,116.8,0.0,0.0,0.0,0.0
2017,6/1/2017,MC,Nearshore,95,Martin County 2,954,22,0.0,0.0,0.0,0.0,0.0,0.0,0.0,0.0,0.0,0.0,0.0,0.0,0.0,0.0,0.0,0.0,0.0,0.0,0.0,0.0,0.0,0.0,0.0,0.0,0.0,0.0,0.0,0.0,0.0,0.0,54.7,0.0,0.0,0.0,0.0
2017,8/1/2017,PBC,Outer,97,Palm Beach 4,971,22,0.0,0.0,0.0,0.0,0.0,0.0,0.0,0.0,0.0,0.0,0.0,0.0,0.0,0.0,988.0,0.0,0.0,0.0,0.0,0.0,0.0,0.0,0.0,0.0,399.4,0.0,0.0,0.0,0.0,0.0,44.4,0.0,229.8,0.0,0.0
2017,8/1/2017,PBC,Outer,97,Palm Beach 4,972,22,0.0,0.0,0.0,0.0,0.0,0.0,0.0,0.0,0.0,0.0,0.0,41.7,0.0,0.0,622.9,0.0,0.0,0.0,0.0,0.0,0.0,0.0,0.0,0.0,1049.2,0.0,0.0,0.0,0.0,0.0,556.6,0.0,272.7,0.0,677.2
2017,8/1/2017,PBC,Outer,97,Palm Beach 4,973,22,0.0,0.0,0.0,0.0,0.0,0.0,0.0,0.0,0.0,0.0,0.0,0.0,0.0,0.0,418.2,0.0,0.0,0.0,0.0,0.0,0.0,0.0,0.0,0.0,695.8,0.0,0.0,0.0,0.0,0.0,247.3,0.0,147.8,0.0,0.0
2017,8/1/2017,PBC,Outer,97,Palm Beach 4,974,22,0.0,0.0,0.0,0.0,0.0,0.0,0.0,0.0,0.0,0.0,0.0,778.0,0.0,0.0,3257.8,0.0,0.0,0.0,0.0,0.0,0.0,0.0,0.0,0.0,1362.6,0.0,0.0,0.0,0.0,0.0,457.4,0.0,918.9,0.0,0.0
2017,8/2/2017,PBC,Outer,98,Palm Beach 5,981,22,0.0,0.0,0.0,0.0,0.0,0.0,0.0,0.0,0.0,0.0,0.0,0.0,0.0,25.1,380.2,0.0,0.0,0.0,0.0,0.0,0.0,0.0,0.0,0.0,2698.2,0.0,0.0,0.0,0.0,0.0,256.3,0.0,26.7,0.0,44.6
2017,8/2/2017,PBC,Outer,98,Palm Beach 5,982,22,0.0,0.0,0.0,0.0,0.0,0.0,0.0,0.0,0.0,0.0,0.0,0.0,0.0,0.0,90.3,0.0,0.0,0.0,0.0,0.0,0.0,320.9,0.0,0.0,1800.5,0.0,0.0,0.0,0.0,0.0,847.0,0.0,362.5,0.0,0.0
2017,8/2/2017,PBC,Outer,98,Palm Beach 5,983,22,0.0,0.0,0.0,0.0,0.0,0.0,0.0,0.0,0.0,0.0,0.0,0.0,0.0,34.2,154.6,0.0,0.0,0.0,0.0,0.0,0.0,0.0,0.0,0.0,1880.5,181.9,0.0,0.0,0.0,0.0,261.5,0.0,349.4,0.0,0.0
2017,8/2/2017,PBC,Outer,98,Palm Beach 5,984,22,0.0,0.0,0.0,0.0,0.0,0.0,0.0,0.0,0.0,0.0,0.0,418.2,0.0,0.0,2818.1,0.0,0.0,0.0,0.0,0.0,0.0,23.8,0.0,0.0,2622.9,0.0,0.0,0.0,0.0,0.0,1207.3,0.0,378.1,0.0,636.8
2017,8/14/2017,DC,Outer,99,Dade County 4,991,22,0.0,0.0,0.0,0.0,0.0,0.0,0.0,0.0,0.0,0.0,0.0,0.0,0.0,17.4,2087.5,0.0,0.0,0.0,0.0,0.0,0.0,1287.1,0.0,0.0,465.0,0.0,0.0,0.0,44.5,0.0,617.2,0.0,691.4,0.0,0.0
2017,8/14/2017,DC,Outer,99,Dade County 4,992,22,0.0,0.0,0.0,0.0,0.0,0.0,0.0,0.0,0.0,0.0,0.0,0.0,0.0,0.0,1022.7,0.0,0.0,0.0,0.0,0.0,0.0,0.0,0.0,0.0,127.8,0.0,0.0,0.0,0.0,0.0,648.6,524.0,110.0,0.0,0.0
2017,8/14/2017,DC,Outer,99,Dade County 4,993,22,0.0,0.0,806.9,0.0,0.0,0.0,0.0,0.0,0.0,0.0,0.0,0.0,0.0,0.0,664.9,0.0,0.0,0.0,0.0,0.0,0.0,0.0,0.0,0.0,473.3,0.0,0.0,0.0,0.0,0.0,193.3,0.0,113.5,0.0,0.0
2017,8/14/2017,DC,Outer,99,Dade County 4,994,22,0.0,0.0,0.0,0.0,109.4,0.0,0.0,0.0,0.0,0.0,0.0,40.5,0.0,35.6,282.8,0.0,0.0,0.0,0.0,0.0,0.0,0.0,0.0,0.0,802.1,6.9,0.0,0.0,34.3,0.0,412.9,0.0,33.6,0.0,0.0
2018,6/28/2018,DC,Inner,0,Dade County 5,1,22,0.0,42.3,0.0,0.0,0.0,0.0,0.0,0.0,69.5,0.0,0.0,32.4,0.0,0.0,986.8,0.0,0.0,0.0,0.0,0.0,0.0,0.0,0.0,0.0,3153.6,103.8,0.0,0.0,0.0,0.0,1013.8,0.0,662.9,0.0,4031.8
2018,6/28/2018,DC,Inner,0,Dade County 5,2,22,0.0,0.0,0.0,0.0,0.0,0.0,0.0,0.0,0.0,0.0,0.0,1864.2,0.0,0.0,0.0,0.0,281.7,0.0,0.0,0.0,0.0,0.0,0.0,0.0,1453.5,185.2,0.0,0.0,0.0,34.4,198.8,0.0,82.3,0.0,1850.3
2018,6/28/2018,DC,Inner,0,Dade County 5,3,22,0.0,0.0,0.0,0.0,0.0,0.0,0.0,0.0,0.0,0.0,0.0,0.0,0.0,0.0,0.0,0.0,0.0,0.0,0.0,0.0,0.0,908.5,0.0,0.0,1320.5,0.0,0.0,0.0,0.0,0.0,712.5,0.0,56.4,0.0,2217.9
2018,6/28/2018,DC,Inner,0,Dade County 5,4,22,0.0,71.1,0.0,0.0,0.0,86.8,0.0,0.0,0.0,0.0,0.0,0.0,0.0,0.0,17.4,0.0,0.0,0.0,0.0,0.0,0.0,0.0,0.0,0.0,1468.8,145.6,0.0,0.0,0.0,0.0,257.4,0.0,42.3,0.0,4704.6
2018,6/20/2018,BC,Inner,1,Broward County 4,11,22,0.0,0.0,0.0,0.0,0.0,0.0,0.0,0.0,0.0,0.0,0.0,0.0,0.0,0.0,482.0,0.0,0.0,0.0,0.0,0.0,0.0,0.0,0.0,0.0,4807.8,376.1,0.0,0.0,0.0,0.0,2980.7,0.0,628.9,0.0,1057.6
2018,6/20/2018,BC,Inner,1,Broward County 4,12,22,0.0,32.6,0.0,0.0,0.0,24.6,0.0,0.0,0.0,0.0,0.0,0.0,0.0,0.0,3847.9,0.0,0.0,0.0,0.0,0.0,0.0,0.0,0.0,0.0,6084.8,126.7,0.0,68.4,0.0,0.0,971.6,156.7,208.7,0.0,268.0
2018,6/20/2018,BC,Inner,1,Broward County 4,13,22,0.0,115.3,0.0,0.0,0.0,0.0,0.0,0.0,0.0,0.0,0.0,1443.0,0.0,0.0,17.4,0.0,0.0,0.0,0.0,0.0,0.0,1291.3,0.0,0.0,6312.5,286.2,0.0,469.0,0.0,0.0,529.8,0.0,1324.8,0.0,59.4
2018,6/20/2018,BC,Inner,1,Broward County 4,14,22,0.0,25.1,0.0,0.0,0.0,0.0,0.0,0.0,0.0,0.0,0.0,0.0,0.0,0.0,115.3,0.0,0.0,0.0,0.0,0.0,0.0,5978.1,0.0,0.0,5206.2,30.7,0.0,0.0,0.0,0.0,1917.5,0.0,530.0,0.0,102.7
2018,8/15/2018,BC,Middle,2,Broward County 5,21,22,0.0,0.0,0.0,0.0,0.0,0.0,0.0,0.0,0.0,0.0,0.0,0.0,0.0,0.0,151.2,0.0,0.0,0.0,0.0,0.0,0.0,0.0,0.0,0.0,795.4,99.1,0.0,0.0,0.0,22.6,161.0,0.0,104.2,0.0,0.0
2018,8/15/2018,BC,Middle,2,Broward County 5,22,22,0.0,0.0,0.0,0.0,0.0,0.0,0.0,0.0,0.0,0.0,0.0,0.0,0.0,25.1,635.9,0.0,0.0,0.0,0.0,0.0,0.0,0.0,0.0,0.0,0.0,0.0,0.0,0.0,0.0,0.0,214.3,41.0,0.0,0.0,17.4
2018,8/15/2018,BC,Middle,2,Broward County 5,23,22,0.0,0.0,0.0,0.0,0.0,0.0,0.0,0.0,0.0,0.0,0.0,0.0,0.0,0.0,1211.8,0.0,0.0,0.0,0.0,0.0,0.0,0.0,0.0,0.0,1073.3,145.7,0.0,0.0,0.0,0.0,514.7,0.0,374.6,0.0,0.0
2018,8/15/2018,BC,Middle,2,Broward County 5,24,22,0.0,0.0,0.0,0.0,0.0,0.0,0.0,0.0,0.0,0.0,0.0,0.0,0.0,0.0,125.2,0.0,0.0,0.0,0.0,0.0,0.0,0.0,0.0,0.0,813.8,259.8,0.0,0.0,0.0,0.0,432.3,0.0,157.8,0.0,0.0
2018,8/15/2018,BC,Outer,3,Broward County 6,31,22,0.0,0.0,0.0,0.0,0.0,0.0,0.0,0.0,0.0,0.0,0.0,23.6,0.0,0.0,66.0,0.0,45.0,0.0,0.0,0.0,0.0,0.0,0.0,0.0,1598.9,0.0,0.0,0.0,0.0,0.0,119.2,0.0,1071.2,0.0,0.0
2018,8/15/2018,BC,Outer,3,Broward County 6,32,22,0.0,0.0,0.0,0.0,0.0,0.0,0.0,0.0,0.0,0.0,0.0,0.0,0.0,23.9,2221.5,0.0,0.0,0.0,0.0,0.0,0.0,0.0,0.0,0.0,492.5,0.0,0.0,0.0,0.0,0.0,25.1,0.0,0.0,0.0,0.0
2018,8/15/2018,BC,Outer,3,Broward County 6,33,22,0.0,0.0,0.0,0.0,0.0,0.0,0.0,0.0,0.0,0.0,0.0,0.0,0.0,0.0,1063.8,0.0,0.0,0.0,0.0,0.0,0.0,0.0,0.0,0.0,153.5,0.0,0.0,0.0,0.0,0.0,183.6,0.0,161.1,0.0,0.0
2018,8/15/2018,BC,Outer,3,Broward County 6,34,22,0.0,0.0,0.0,0.0,25.1,0.0,0.0,0.0,0.0,0.0,0.0,0.0,0.0,0.0,25.1,0.0,0.0,0.0,0.0,0.0,0.0,0.0,0.0,0.0,165.6,0.0,0.0,0.0,0.0,0.0,174.8,0.0,0.0,0.0,0.0
2018,8/22/2018,DC,Nearshore,4,Dade County 6,41,22,0.0,0.0,0.0,0.0,0.0,0.0,0.0,0.0,0.0,0.0,0.0,0.0,0.0,0.0,0.0,0.0,0.0,0.0,0.0,0.0,0.0,0.0,0.0,0.0,4248.3,238.3,1375.4,0.0,0.0,0.0,0.0,1059.3,50.6,0.0,0.0
2018,8/22/2018,DC,Nearshore,4,Dade County 6,42,22,0.0,0.0,0.0,0.0,0.0,0.0,0.0,0.0,0.0,0.0,0.0,0.0,0.0,0.0,-3128.6,0.0,0.0,0.0,0.0,0.0,0.0,0.0,0.0,0.0,3291.9,588.7,0.0,0.0,0.0,0.0,695.9,0.0,0.0,0.0,0.0
2018,8/22/2018,DC,Nearshore,4,Dade County 6,43,22,0.0,0.0,0.0,0.0,0.0,0.0,0.0,0.0,0.0,0.0,0.0,0.0,0.0,0.0,5075.3,0.0,0.0,0.0,0.0,0.0,0.0,0.0,0.0,0.0,9336.2,352.0,250.1,0.0,0.0,0.0,17.4,3728.9,117.9,0.0,0.0
2018,8/22/2018,DC,Nearshore,4,Dade County 6,44,22,752.5,0.0,0.0,0.0,0.0,0.0,0.0,0.0,0.0,0.0,0.0,0.0,0.0,0.0,0.0,0.0,0.0,0.0,0.0,0.0,0.0,0.0,0.0,0.0,3774.7,58.7,0.0,0.0,0.0,0.0,4018.4,0.0,0.0,0.0,0.0
2018,8/22/2018,DC,Middle,5,Dade County 7,51,22,0.0,23.8,0.0,0.0,0.0,0.0,74.6,0.0,0.0,0.0,0.0,0.0,0.0,34.2,112.9,0.0,1572.7,0.0,0.0,0.0,0.0,1377.5,0.0,0.0,308.1,0.0,0.0,0.0,0.0,0.0,455.0,0.0,956.3,0.0,0.0
2018,8/22/2018,DC,Middle,5,Dade County 7,52,22,0.0,0.0,0.0,0.0,43.3,0.0,0.0,0.0,0.0,0.0,0.0,202.4,0.0,61.9,103.5,0.0,0.0,0.0,0.0,0.0,0.0,0.0,0.0,0.0,837.9,0.0,0.0,0.0,0.0,0.0,165.2,0.0,670.6,0.0,0.0
2018,8/22/2018,DC,Middle,5,Dade County 7,53,22,0.0,0.0,0.0,0.0,0.0,0.0,0.0,0.0,0.0,0.0,0.0,328.6,0.0,0.0,198.5,0.0,0.0,0.0,0.0,0.0,0.0,0.0,0.0,0.0,387.7,0.0,0.0,0.0,17.4,0.0,490.2,0.0,723.1,0.0,0.0
2018,8/22/2018,DC,Middle,5,Dade County 7,54,22,0.0,0.0,0.0,0.0,17.4,0.0,0.0,0.0,0.0,0.0,0.0,0.0,0.0,69.6,17.4,0.0,0.0,0.0,0.0,0.0,0.0,0.0,0.0,0.0,160.1,0.0,0.0,0.0,0.0,0.0,244.8,295.4,116.1,0.0,0.0
2018,7/12/2018,DC,Nearshore,6,Dade County 8,61,22,0.0,0.0,0.0,0.0,76.0,0.0,0.0,0.0,0.0,0.0,0.0,0.0,0.0,0.0,4944.4,0.0,0.0,0.0,0.0,0.0,0.0,0.0,0.0,0.0,0.0,0.0,0.0,0.0,0.0,0.0,806.5,337.8,1132.4,0.0,0.0
2018,7/12/2018,DC,Nearshore,6,Dade County 8,62,22,0.0,0.0,0.0,0.0,0.0,0.0,0.0,0.0,0.0,0.0,0.0,0.0,0.0,0.0,53.5,0.0,0.0,0.0,0.0,0.0,0.0,0.0,0.0,0.0,222.0,86.7,0.0,0.0,0.0,0.0,280.5,0.0,531.0,0.0,0.0
2018,7/12/2018,DC,Nearshore,6,Dade County 8,63,22,0.0,0.0,0.0,0.0,33.8,0.0,0.0,0.0,0.0,0.0,0.0,0.0,0.0,0.0,1277.2,0.0,0.0,0.0,0.0,0.0,0.0,0.0,0.0,0.0,34.3,0.0,0.0,0.0,0.0,0.0,719.2,210.4,395.7,0.0,0.0
2018,7/12/2018,DC,Nearshore,6,Dade County 8,64,22,0.0,0.0,0.0,0.0,252.2,0.0,0.0,0.0,0.0,0.0,0.0,0.0,0.0,0.0,1106.3,0.0,0.0,0.0,0.0,0.0,0.0,0.0,0.0,0.0,192.0,0.0,0.0,0.0,0.0,0.0,132.6,0.0,393.0,0.0,0.0
2018,7/17/2018,PBC,Nearshore,84,Palm Beach 1,841,22,0.0,0.0,0.0,0.0,0.0,0.0,0.0,0.0,0.0,0.0,0.0,0.0,0.0,0.0,0.0,0.0,0.0,0.0,0.0,0.0,0.0,0.0,0.0,0.0,0.0,0.0,0.0,0.0,0.0,0.0,100.2,668.3,0.0,0.0,0.0
2018,7/17/2018,PBC,Nearshore,84,Palm Beach 1,842,22,0.0,0.0,0.0,0.0,0.0,0.0,0.0,0.0,0.0,0.0,0.0,0.0,0.0,0.0,0.0,0.0,0.0,0.0,0.0,0.0,0.0,0.0,0.0,0.0,0.0,0.0,0.0,0.0,0.0,0.0,62.5,0.0,0.0,0.0,0.0
2018,7/17/2018,PBC,Nearshore,84,Palm Beach 1,843,22,0.0,0.0,0.0,0.0,0.0,0.0,0.0,0.0,0.0,0.0,0.0,0.0,0.0,0.0,0.0,0.0,0.0,0.0,0.0,0.0,0.0,0.0,0.0,17.1,0.0,0.0,0.0,83.4,0.0,0.0,419.2,0.0,0.0,0.0,0.0
2018,7/17/2018,PBC,Nearshore,84,Palm Beach 1,844,22,0.0,0.0,0.0,0.0,0.0,0.0,0.0,0.0,0.0,0.0,0.0,0.0,0.0,0.0,0.0,0.0,0.0,0.0,0.0,0.0,0.0,0.0,0.0,0.0,0.0,0.0,0.0,0.0,0.0,0.0,97.1,0.0,0.0,0.0,0.0
2018,7/17/2018,PBC,Outer,85,Palm Beach 2,851,22,0.0,0.0,0.0,0.0,0.0,0.0,0.0,0.0,0.0,0.0,351.4,0.0,0.0,16.8,5554.8,0.0,0.0,0.0,0.0,0.0,0.0,0.0,0.0,0.0,129.9,0.0,0.0,0.0,0.0,0.0,0.0,0.0,0.0,0.0,0.0
2018,7/17/2018,PBC,Outer,85,Palm Beach 2,852,22,0.0,0.0,0.0,0.0,0.0,0.0,0.0,0.0,0.0,0.0,193.1,0.0,0.0,0.0,1928.3,0.0,0.0,0.0,0.0,0.0,0.0,0.0,0.0,0.0,460.5,0.0,0.0,0.0,0.0,0.0,0.0,0.0,42.3,0.0,0.0
2018,7/17/2018,PBC,Outer,85,Palm Beach 2,853,22,0.0,0.0,0.0,0.0,0.0,0.0,0.0,0.0,0.0,0.0,931.6,0.0,0.0,0.0,0.0,0.0,0.0,0.0,0.0,0.0,0.0,0.0,0.0,0.0,273.8,0.0,0.0,0.0,0.0,0.0,51.3,0.0,46.0,0.0,0.0
2018,7/17/2018,PBC,Outer,85,Palm Beach 2,854,22,0.0,0.0,0.0,0.0,0.0,0.0,0.0,0.0,0.0,0.0,721.7,0.0,0.0,0.0,2527.2,0.0,0.0,0.0,0.0,0.0,0.0,0.0,0.0,0.0,453.0,0.0,0.0,0.0,0.0,0.0,159.4,0.0,16.8,0.0,0.0
2018,7/18/2018,PBC,Outer,86,Palm Beach 3,861,22,0.0,0.0,0.0,0.0,0.0,0.0,0.0,0.0,0.0,0.0,30.7,0.0,0.0,0.0,1768.0,0.0,0.0,0.0,0.0,0.0,0.0,0.0,0.0,0.0,2635.1,0.0,0.0,0.0,0.0,0.0,25.1,0.0,105.6,0.0,0.0
2018,7/18/2018,PBC,Outer,86,Palm Beach 3,862,22,0.0,0.0,0.0,0.0,0.0,0.0,0.0,0.0,0.0,0.0,0.0,277.3,0.0,0.0,198.4,0.0,0.0,0.0,0.0,0.0,0.0,0.0,0.0,0.0,777.9,0.0,0.0,0.0,0.0,0.0,0.0,0.0,86.0,0.0,701.5
2018,7/18/2018,PBC,Outer,86,Palm Beach 3,863,22,0.0,0.0,0.0,0.0,0.0,0.0,0.0,0.0,0.0,0.0,0.0,714.8,0.0,0.0,729.0,0.0,34.3,0.0,0.0,0.0,0.0,0.0,0.0,0.0,693.2,0.0,0.0,0.0,0.0,0.0,68.9,0.0,157.0,0.0,0.0
2018,7/18/2018,PBC,Outer,86,Palm Beach 3,864,22,0.0,0.0,0.0,0.0,0.0,0.0,0.0,0.0,0.0,0.0,0.0,0.0,0.0,0.0,273.3,0.0,0.0,0.0,0.0,0.0,0.0,0.0,0.0,0.0,51.8,0.0,0.0,0.0,0.0,0.0,0.0,0.0,62.8,0.0,0.0
2018,7/2/2018,BC,Nearshore,87,Broward County 1,871,22,0.0,0.0,0.0,0.0,0.0,0.0,0.0,0.0,0.0,0.0,0.0,355.0,0.0,0.0,57650.8,0.0,0.0,0.0,0.0,0.0,0.0,0.0,0.0,0.0,565.5,0.0,0.0,0.0,0.0,0.0,2187.3,0.0,4881.5,0.0,0.0
2018,7/2/2018,BC,Nearshore,87,Broward County 1,872,22,0.0,0.0,0.0,0.0,0.0,0.0,0.0,0.0,0.0,0.0,0.0,0.0,0.0,0.0,39185.9,0.0,0.0,0.0,0.0,0.0,0.0,0.0,0.0,0.0,1339.1,196.4,0.0,0.0,0.0,0.0,2116.1,813.8,1217.6,0.0,439.8
2018,7/2/2018,BC,Nearshore,87,Broward County 1,873,22,0.0,0.0,29.8,0.0,0.0,0.0,0.0,0.0,0.0,0.0,0.0,0.0,0.0,0.0,70269.0,0.0,0.0,0.0,0.0,0.0,0.0,5035.0,0.0,0.0,103.5,0.0,0.0,0.0,0.0,0.0,1652.3,43.7,23.9,0.0,117.6
2018,7/2/2018,BC,Nearshore,87,Broward County 1,874,22,0.0,0.0,0.0,0.0,0.0,0.0,0.0,0.0,0.0,0.0,0.0,0.0,0.0,0.0,31129.1,0.0,0.0,0.0,0.0,0.0,0.0,0.0,0.0,0.0,139.9,15.6,0.0,0.0,0.0,0.0,155.8,0.0,765.9,0.0,0.0
2018,7/2/2018,BC,Middle,88,Broward County 2,881,22,0.0,0.0,0.0,0.0,0.0,0.0,0.0,0.0,0.0,0.0,0.0,0.0,0.0,0.0,213.9,0.0,0.0,0.0,0.0,0.0,0.0,0.0,0.0,0.0,78.8,117.7,0.0,0.0,0.0,0.0,852.5,404.9,766.8,0.0,0.0
2018,7/2/2018,BC,Middle,88,Broward County 2,882,22,0.0,0.0,304.2,0.0,0.0,0.0,0.0,0.0,0.0,0.0,0.0,0.0,0.0,0.0,59.7,0.0,0.0,0.0,0.0,0.0,0.0,0.0,0.0,0.0,16.5,0.0,0.0,0.0,0.0,0.0,122.9,0.0,140.8,0.0,0.0
2018,7/2/2018,BC,Middle,88,Broward County 2,883,22,0.0,0.0,0.0,0.0,0.0,0.0,0.0,0.0,0.0,0.0,0.0,0.0,0.0,0.0,236.0,0.0,0.0,0.0,0.0,0.0,0.0,2092.7,0.0,0.0,836.1,0.0,0.0,0.0,0.0,0.0,418.5,0.0,323.1,0.0,0.0
2018,7/2/2018,BC,Middle,88,Broward County 2,884,22,0.0,0.0,0.0,0.0,0.0,0.0,0.0,0.0,0.0,0.0,0.0,293.1,0.0,0.0,139.9,0.0,0.0,0.0,0.0,0.0,0.0,0.0,0.0,0.0,933.9,107.2,0.0,0.0,0.0,0.0,423.9,0.0,224.3,0.0,0.0
2018,7/9/2018,BC,Outer,89,Broward County 3,891,22,0.0,0.0,0.0,0.0,0.0,0.0,136.6,0.0,0.0,0.0,0.0,0.0,0.0,0.0,107.8,0.0,0.0,0.0,0.0,0.0,0.0,0.0,0.0,0.0,1187.2,0.0,0.0,0.0,0.0,0.0,174.5,0.0,273.1,0.0,0.0
2018,7/9/2018,BC,Outer,89,Broward County 3,892,22,0.0,0.0,0.0,0.0,0.0,0.0,0.0,0.0,0.0,0.0,0.0,247.7,0.0,0.0,136.3,0.0,0.0,0.0,0.0,0.0,0.0,0.0,0.0,0.0,597.2,0.0,45.0,0.0,0.0,0.0,348.6,128.0,520.1,0.0,0.0
2018,7/9/2018,BC,Outer,89,Broward County 3,893,22,0.0,0.0,0.0,0.0,0.0,0.0,0.0,0.0,0.0,0.0,0.0,0.0,0.0,0.0,983.2,0.0,0.0,0.0,0.0,0.0,0.0,0.0,0.0,0.0,112.1,0.0,0.0,0.0,0.0,0.0,119.4,0.0,398.6,0.0,0.0
2018,7/9/2018,BC,Outer,89,Broward County 3,894,22,0.0,0.0,360.6,0.0,0.0,0.0,0.0,0.0,0.0,0.0,0.0,154.6,0.0,0.0,126.3,0.0,0.0,0.0,0.0,0.0,0.0,0.0,0.0,0.0,82.2,0.0,0.0,0.0,0.0,0.0,684.9,0.0,354.9,0.0,0.0
2018,6/7/2018,BC,Nearshore,90,Broward County A,901,22,0.0,17.2,0.0,0.0,0.0,0.0,0.0,0.0,0.0,0.0,0.0,0.0,0.0,0.0,25.1,0.0,0.0,0.0,0.0,0.0,0.0,0.0,0.0,0.0,59.3,0.0,0.0,0.0,0.0,0.0,0.0,0.0,0.0,0.0,739.5
2018,6/7/2018,BC,Nearshore,90,Broward County A,902,22,0.0,212.6,0.0,0.0,0.0,0.0,0.0,0.0,0.0,0.0,0.0,0.0,0.0,0.0,45.0,0.0,0.0,0.0,0.0,0.0,0.0,0.0,0.0,0.0,622.6,212.2,0.0,0.0,0.0,0.0,0.0,0.0,0.0,0.0,2491.1
2018,6/7/2018,BC,Nearshore,90,Broward County A,903,22,0.0,1934.8,0.0,0.0,0.0,0.0,0.0,0.0,0.0,0.0,0.0,0.0,0.0,0.0,0.0,0.0,0.0,0.0,0.0,0.0,0.0,0.0,0.0,0.0,1717.4,202.9,0.0,0.0,0.0,0.0,0.0,0.0,0.0,0.0,5430.0
2018,6/7/2018,BC,Nearshore,90,Broward County A,904,22,0.0,67.6,0.0,0.0,0.0,0.0,0.0,0.0,0.0,0.0,0.0,0.0,0.0,0.0,0.0,0.0,0.0,0.0,0.0,0.0,0.0,0.0,0.0,0.0,403.7,171.2,0.0,0.0,0.0,0.0,99.8,0.0,0.0,0.0,6753.1
2018,7/3/2018,DC,Inner,91,Dade County 1,911,22,0.0,0.0,0.0,0.0,0.0,0.0,0.0,0.0,0.0,0.0,0.0,0.0,0.0,0.0,2372.0,0.0,0.0,0.0,0.0,0.0,0.0,0.0,0.0,0.0,6406.8,191.4,0.0,0.0,0.0,0.0,3298.8,0.0,86.1,0.0,212.7
2018,7/3/2018,DC,Inner,91,Dade County 1,912,22,949.7,0.0,0.0,0.0,0.0,0.0,0.0,0.0,0.0,0.0,0.0,0.0,0.0,0.0,15307.7,0.0,0.0,0.0,0.0,0.0,0.0,0.0,0.0,0.0,6414.9,834.9,0.0,0.0,0.0,0.0,1950.9,0.0,455.0,0.0,122.9
2018,7/3/2018,DC,Inner,91,Dade County 1,913,22,0.0,0.0,0.0,0.0,0.0,0.0,0.0,0.0,0.0,0.0,0.0,0.0,0.0,0.0,9151.7,0.0,0.0,0.0,0.0,0.0,0.0,0.0,0.0,0.0,5638.3,391.8,0.0,0.0,0.0,0.0,5406.3,2820.5,352.9,0.0,203.1
2018,7/3/2018,DC,Inner,91,Dade County 1,914,22,4276.5,0.0,0.0,610.6,0.0,0.0,0.0,0.0,0.0,0.0,0.0,0.0,0.0,0.0,16721.3,0.0,0.0,0.0,0.0,0.0,0.0,0.0,0.0,0.0,5729.6,569.4,0.0,0.0,0.0,0.0,1576.5,245.9,82.4,0.0,0.0
2018,7/12/2018,DC,Middle,92,Dade County 2,921,22,0.0,186.8,0.0,0.0,69.8,0.0,56.5,0.0,0.0,0.0,0.0,0.0,0.0,0.0,17.4,0.0,0.0,0.0,0.0,0.0,0.0,0.0,0.0,0.0,103.0,0.0,0.0,0.0,0.0,0.0,735.9,0.0,741.4,0.0,0.0
2018,7/12/2018,DC,Middle,92,Dade County 2,922,22,0.0,0.0,0.0,0.0,0.0,0.0,59.3,0.0,0.0,0.0,0.0,94.4,0.0,45.0,0.0,0.0,0.0,0.0,0.0,0.0,0.0,0.0,0.0,0.0,0.0,0.0,0.0,23.8,0.0,0.0,253.7,0.0,625.8,0.0,0.0
2018,7/12/2018,DC,Middle,92,Dade County 2,923,22,0.0,0.0,0.0,0.0,0.0,0.0,0.0,0.0,0.0,0.0,0.0,241.3,0.0,0.0,59.2,0.0,0.0,0.0,0.0,0.0,0.0,1932.9,0.0,0.0,43.3,0.0,0.0,0.0,0.0,0.0,720.8,0.0,340.6,0.0,0.0
2018,7/12/2018,DC,Middle,92,Dade County 2,924,22,0.0,0.0,0.0,0.0,0.0,0.0,0.0,0.0,0.0,0.0,0.0,0.0,0.0,0.0,194.7,0.0,0.0,0.0,0.0,0.0,0.0,0.0,0.0,0.0,397.6,21.4,0.0,0.0,0.0,0.0,587.7,0.0,1054.2,0.0,0.0
2018,7/3/2018,DC,Outer,93,Dade County 3,931,22,0.0,0.0,0.0,0.0,0.0,0.0,0.0,0.0,0.0,0.0,0.0,0.0,0.0,23.8,0.0,0.0,0.0,0.0,0.0,0.0,0.0,0.0,0.0,0.0,908.2,0.0,0.0,0.0,0.0,0.0,208.0,0.0,170.7,0.0,0.0
2018,7/3/2018,DC,Outer,93,Dade County 3,932,22,0.0,0.0,0.0,0.0,0.0,0.0,0.0,0.0,0.0,0.0,0.0,355.8,0.0,34.2,327.5,0.0,0.0,0.0,0.0,0.0,0.0,0.0,0.0,0.0,57.3,0.0,0.0,0.0,0.0,0.0,328.8,0.0,25.1,0.0,0.0
2018,7/3/2018,DC,Outer,93,Dade County 3,933,22,0.0,0.0,0.0,0.0,0.0,0.0,0.0,0.0,0.0,0.0,0.0,0.0,0.0,0.0,57.3,0.0,117.4,0.0,0.0,0.0,0.0,0.0,0.0,0.0,0.0,0.0,0.0,0.0,0.0,0.0,151.9,0.0,410.3,0.0,0.0
2018,7/3/2018,DC,Outer,93,Dade County 3,934,22,0.0,0.0,0.0,0.0,0.0,0.0,0.0,0.0,0.0,0.0,0.0,34.2,0.0,0.0,241.2,0.0,0.0,0.0,0.0,0.0,0.0,0.0,0.0,0.0,627.8,0.0,0.0,0.0,0.0,0.0,92.6,0.0,95.1,0.0,0.0
2018,6/12/2018,MC,Nearshore,94,Martin County 1,941,22,0.0,0.0,0.0,0.0,0.0,0.0,0.0,0.0,0.0,0.0,0.0,0.0,0.0,0.0,0.0,0.0,0.0,0.0,0.0,0.0,0.0,0.0,0.0,0.0,9488.2,0.0,0.0,0.0,0.0,0.0,450.3,0.0,0.0,0.0,0.0
2018,6/12/2018,MC,Nearshore,94,Martin County 1,942,22,0.0,0.0,0.0,0.0,0.0,0.0,0.0,0.0,0.0,0.0,0.0,0.0,0.0,0.0,0.0,0.0,0.0,0.0,0.0,0.0,0.0,0.0,0.0,0.0,1256.9,0.0,0.0,0.0,0.0,0.0,340.6,0.0,0.0,0.0,0.0
2018,6/12/2018,MC,Nearshore,94,Martin County 1,943,22,0.0,0.0,0.0,0.0,0.0,0.0,0.0,0.0,0.0,0.0,0.0,0.0,0.0,0.0,0.0,0.0,0.0,0.0,0.0,42.9,0.0,0.0,0.0,0.0,1182.6,0.0,0.0,0.0,0.0,0.0,659.1,0.0,0.0,0.0,0.0
2018,6/12/2018,MC,Nearshore,94,Martin County 1,944,22,0.0,0.0,0.0,0.0,0.0,0.0,0.0,0.0,0.0,59.4,0.0,0.0,0.0,0.0,25.1,0.0,0.0,0.0,0.0,0.0,0.0,0.0,0.0,0.0,6166.2,0.0,0.0,0.0,0.0,0.0,490.6,0.0,0.0,0.0,0.0
2018,6/12/2018,MC,Nearshore,95,Martin County 2,951,22,0.0,0.0,0.0,0.0,0.0,0.0,0.0,0.0,0.0,0.0,0.0,0.0,0.0,0.0,0.0,0.0,0.0,0.0,0.0,0.0,0.0,0.0,0.0,0.0,0.0,0.0,0.0,0.0,0.0,0.0,0.0,0.0,0.0,0.0,0.0
2018,6/12/2018,MC,Nearshore,95,Martin County 2,952,22,0.0,0.0,0.0,0.0,0.0,0.0,0.0,0.0,0.0,0.0,0.0,0.0,0.0,0.0,0.0,0.0,0.0,0.0,0.0,0.0,0.0,0.0,0.0,0.0,0.0,0.0,0.0,0.0,0.0,0.0,133.9,278.4,0.0,0.0,0.0
2018,6/12/2018,MC,Nearshore,95,Martin County 2,953,22,0.0,0.0,0.0,0.0,0.0,0.0,0.0,0.0,0.0,0.0,0.0,0.0,0.0,0.0,0.0,0.0,0.0,0.0,0.0,0.0,0.0,0.0,0.0,0.0,0.0,0.0,0.0,0.0,0.0,0.0,58.5,0.0,0.0,0.0,0.0
2018,6/12/2018,MC,Nearshore,95,Martin County 2,954,22,0.0,0.0,0.0,0.0,0.0,0.0,0.0,0.0,0.0,0.0,0.0,0.0,0.0,0.0,0.0,0.0,0.0,0.0,0.0,0.0,0.0,0.0,0.0,0.0,0.0,0.0,0.0,0.0,0.0,0.0,143.2,0.0,0.0,0.0,0.0
2018,7/19/2018,PBC,Outer,97,Palm Beach 4,971,22,0.0,0.0,0.0,0.0,0.0,0.0,0.0,0.0,0.0,0.0,0.0,85.1,0.0,0.0,440.4,0.0,0.0,0.0,0.0,0.0,0.0,0.0,0.0,0.0,346.9,0.0,0.0,0.0,0.0,0.0,131.3,0.0,208.7,0.0,0.0
2018,7/19/2018,PBC,Outer,97,Palm Beach 4,972,22,0.0,0.0,0.0,0.0,0.0,0.0,0.0,0.0,0.0,0.0,0.0,17.1,0.0,0.0,573.5,0.0,0.0,0.0,0.0,0.0,0.0,0.0,0.0,0.0,556.1,50.1,0.0,0.0,0.0,0.0,371.5,0.0,271.3,0.0,0.0
2018,7/19/2018,PBC,Outer,97,Palm Beach 4,973,22,0.0,0.0,0.0,0.0,0.0,0.0,0.0,0.0,0.0,0.0,0.0,56.5,0.0,0.0,258.2,0.0,0.0,0.0,0.0,0.0,0.0,0.0,0.0,0.0,787.8,0.0,0.0,0.0,0.0,0.0,185.2,0.0,191.9,0.0,0.0
2018,7/19/2018,PBC,Outer,97,Palm Beach 4,974,22,0.0,0.0,0.0,0.0,0.0,0.0,0.0,0.0,0.0,0.0,0.0,607.4,0.0,0.0,2491.1,0.0,0.0,0.0,0.0,0.0,0.0,0.0,0.0,0.0,631.7,53.5,0.0,0.0,0.0,0.0,360.9,0.0,406.1,0.0,0.0
2018,7/16/2018,PBC,Outer,98,Palm Beach 5,981,22,0.0,0.0,0.0,0.0,0.0,0.0,0.0,0.0,0.0,0.0,0.0,0.0,0.0,44.5,203.0,0.0,0.0,0.0,0.0,0.0,0.0,0.0,0.0,0.0,3011.0,0.0,0.0,0.0,0.0,0.0,296.4,0.0,45.4,0.0,0.0
2018,7/16/2018,PBC,Outer,98,Palm Beach 5,982,22,0.0,0.0,0.0,0.0,0.0,0.0,0.0,0.0,0.0,0.0,0.0,0.0,0.0,0.0,156.8,0.0,0.0,0.0,0.0,0.0,0.0,437.6,0.0,0.0,1452.2,0.0,0.0,0.0,0.0,0.0,1014.7,0.0,165.0,0.0,0.0
2018,7/16/2018,PBC,Outer,98,Palm Beach 5,983,22,0.0,0.0,0.0,0.0,0.0,0.0,0.0,0.0,0.0,0.0,0.0,84.4,0.0,44.6,541.8,0.0,0.0,0.0,0.0,0.0,0.0,0.0,0.0,0.0,1247.2,0.0,0.0,0.0,0.0,0.0,548.3,0.0,677.8,0.0,0.0
2018,7/16/2018,PBC,Outer,98,Palm Beach 5,984,22,0.0,0.0,649.0,0.0,0.0,0.0,0.0,0.0,0.0,0.0,0.0,482.3,0.0,0.0,3449.4,0.0,0.0,0.0,0.0,0.0,0.0,0.0,0.0,0.0,2634.6,0.0,0.0,0.0,0.0,0.0,813.4,0.0,374.3,0.0,0.0
2018,7/5/2018,DC,Outer,99,Dade County 4,991,22,0.0,0.0,0.0,0.0,0.0,0.0,0.0,0.0,0.0,0.0,0.0,0.0,0.0,25.1,2646.8,0.0,69.5,0.0,0.0,0.0,0.0,347.8,0.0,0.0,248.2,0.0,0.0,0.0,0.0,0.0,563.0,0.0,649.4,0.0,0.0
2018,7/5/2018,DC,Outer,99,Dade County 4,992,22,0.0,0.0,0.0,0.0,0.0,0.0,0.0,0.0,0.0,0.0,0.0,0.0,0.0,0.0,1008.4,0.0,0.0,0.0,0.0,0.0,0.0,0.0,0.0,0.0,479.4,0.0,0.0,0.0,0.0,0.0,511.9,0.0,871.6,0.0,0.0
2018,7/5/2018,DC,Outer,99,Dade County 4,993,22,0.0,0.0,835.0,0.0,0.0,0.0,0.0,0.0,0.0,0.0,0.0,0.0,0.0,0.0,722.1,0.0,0.0,0.0,0.0,0.0,0.0,0.0,0.0,0.0,560.2,0.0,0.0,0.0,0.0,0.0,267.4,0.0,402.2,0.0,0.0
2018,7/5/2018,DC,Outer,99,Dade County 4,994,22,0.0,0.0,0.0,0.0,69.8,0.0,0.0,0.0,0.0,0.0,0.0,0.0,0.0,0.0,277.1,0.0,0.0,0.0,0.0,0.0,0.0,0.0,0.0,0.0,891.3,0.0,0.0,0.0,0.0,0.0,416.0,0.0,42.3,0.0,79.9
2019,8/5/2019,DC,Inner,0,Dade County 5,1,22,0.0,0.0,101.5,0.0,17.4,0.0,0.0,0.0,0.0,0.0,0.0,157.1,0.0,0.0,1299.5,0.0,0.0,0.0,0.0,0.0,0.0,0.0,0.0,0.0,4135.4,222.5,0.0,0.0,0.0,0.0,1162.4,0.0,775.1,0.0,7359.1
2019,8/5/2019,DC,Inner,0,Dade County 5,2,22,0.0,169.3,0.0,0.0,0.0,0.0,0.0,0.0,0.0,0.0,0.0,2469.7,0.0,0.0,0.0,0.0,371.5,0.0,0.0,0.0,0.0,0.0,0.0,0.0,1997.7,430.3,0.0,69.8,0.0,34.2,312.0,0.0,520.5,0.0,3907.3
2019,8/5/2019,DC,Inner,0,Dade County 5,3,22,0.0,0.0,0.0,0.0,25.1,25.1,0.0,0.0,0.0,0.0,0.0,0.0,0.0,0.0,42.5,0.0,115.6,0.0,0.0,0.0,0.0,2854.4,0.0,0.0,1716.2,272.6,0.0,0.0,0.0,0.0,606.0,0.0,88.8,0.0,3713.1
2019,8/4/2019,DC,Inner,0,Dade County 5,4,22,0.0,0.0,0.0,0.0,0.0,187.9,0.0,0.0,232.1,0.0,0.0,25.1,0.0,0.0,92.4,0.0,0.0,0.0,0.0,0.0,0.0,0.0,0.0,0.0,1985.8,199.4,0.0,0.0,0.0,0.0,403.1,0.0,126.8,0.0,6423.4
2019,7/1/2019,BC,Inner,1,Broward County 4,11,22,0.0,0.0,0.0,0.0,0.0,0.0,0.0,0.0,0.0,0.0,0.0,0.0,0.0,0.0,241.3,0.0,0.0,0.0,0.0,0.0,0.0,0.0,0.0,0.0,5829.7,410.3,0.0,0.0,0.0,0.0,3192.0,0.0,638.6,0.0,1228.3
2019,7/1/2019,BC,Inner,1,Broward County 4,12,22,0.0,94.0,0.0,25.1,0.0,33.8,0.0,0.0,0.0,0.0,0.0,0.0,0.0,0.0,4187.7,0.0,0.0,0.0,0.0,0.0,0.0,0.0,0.0,0.0,6950.1,628.1,0.0,56.3,0.0,0.0,1088.9,136.6,207.2,0.0,205.6
2019,7/1/2019,BC,Inner,1,Broward County 4,13,22,0.0,166.0,0.0,0.0,0.0,0.0,0.0,0.0,0.0,0.0,0.0,1070.2,0.0,0.0,84.0,0.0,0.0,0.0,0.0,0.0,0.0,369.8,0.0,0.0,5941.2,1756.0,0.0,503.0,0.0,0.0,778.1,0.0,858.2,0.0,120.8
2019,7/1/2019,BC,Inner,1,Broward County 4,14,22,0.0,0.0,55.7,0.0,0.0,0.0,0.0,0.0,0.0,0.0,0.0,0.0,0.0,0.0,134.7,0.0,0.0,0.0,0.0,0.0,0.0,8701.6,0.0,0.0,8650.0,138.6,0.0,0.0,0.0,0.0,2727.1,0.0,1086.1,0.0,274.8
2019,7/19/2019,BC,Middle,2,Broward County 5,21,22,0.0,0.0,0.0,0.0,0.0,0.0,0.0,0.0,0.0,0.0,0.0,0.0,0.0,0.0,33.5,0.0,0.0,0.0,0.0,0.0,0.0,0.0,0.0,0.0,295.3,92.9,0.0,0.0,0.0,0.0,142.0,0.0,184.8,0.0,0.0
2019,7/19/2019,BC,Middle,2,Broward County 5,22,22,0.0,0.0,0.0,0.0,0.0,0.0,0.0,0.0,0.0,0.0,0.0,0.0,0.0,67.6,825.4,0.0,0.0,0.0,0.0,0.0,0.0,29.5,0.0,0.0,44.6,0.0,0.0,0.0,0.0,0.0,122.5,40.1,0.0,0.0,0.0
2019,7/19/2019,BC,Middle,2,Broward County 5,23,22,0.0,0.0,0.0,0.0,44.6,0.0,0.0,0.0,0.0,0.0,0.0,0.0,0.0,0.0,1175.9,0.0,0.0,0.0,0.0,0.0,0.0,0.0,0.0,0.0,976.9,115.3,0.0,0.0,0.0,0.0,466.3,0.0,602.9,0.0,0.0
2019,7/19/2019,BC,Middle,2,Broward County 5,24,22,0.0,0.0,0.0,0.0,34.2,0.0,0.0,0.0,0.0,0.0,0.0,0.0,0.0,0.0,246.3,0.0,0.0,0.0,0.0,0.0,0.0,0.0,0.0,0.0,1017.1,438.8,0.0,0.0,0.0,0.0,461.1,0.0,113.9,0.0,0.0
2019,7/19/2019,BC,Outer,3,Broward County 6,31,22,0.0,0.0,0.0,0.0,0.0,0.0,0.0,0.0,0.0,0.0,0.0,0.0,0.0,0.0,68.8,0.0,84.1,0.0,0.0,0.0,0.0,499.6,0.0,0.0,1403.9,0.0,0.0,0.0,0.0,0.0,147.2,0.0,214.9,0.0,0.0
2019,7/19/2019,BC,Outer,3,Broward County 6,32,22,0.0,0.0,0.0,0.0,0.0,0.0,0.0,0.0,0.0,0.0,0.0,0.0,0.0,31.8,2027.8,0.0,0.0,0.0,0.0,0.0,0.0,0.0,0.0,0.0,274.8,0.0,0.0,0.0,0.0,0.0,19.4,0.0,0.0,0.0,0.0
2019,7/19/2019,BC,Outer,3,Broward County 6,33,22,0.0,0.0,0.0,0.0,0.0,0.0,0.0,0.0,0.0,0.0,0.0,0.0,0.0,44.5,1140.1,0.0,0.0,0.0,0.0,0.0,0.0,0.0,0.0,0.0,176.7,0.0,0.0,0.0,0.0,0.0,25.1,0.0,235.0,0.0,0.0
2019,7/19/2019,BC,Outer,3,Broward County 6,34,22,0.0,0.0,0.0,0.0,69.5,0.0,0.0,0.0,0.0,0.0,0.0,0.0,0.0,0.0,115.7,0.0,0.0,0.0,0.0,0.0,0.0,0.0,0.0,0.0,190.8,0.0,0.0,0.0,0.0,0.0,250.6,0.0,0.0,0.0,0.0
2019,7/15/2019,DC,Nearshore,4,Dade County 6,41,22,0.0,0.0,0.0,0.0,0.0,0.0,0.0,0.0,0.0,0.0,0.0,0.0,0.0,0.0,0.0,0.0,0.0,0.0,0.0,0.0,0.0,0.0,0.0,0.0,4821.4,299.4,942.7,0.0,0.0,0.0,0.0,1194.0,97.5,0.0,0.0
2019,7/15/2019,DC,Nearshore,4,Dade County 6,42,22,0.0,0.0,0.0,0.0,44.5,0.0,0.0,0.0,0.0,0.0,0.0,0.0,0.0,0.0,544.4,0.0,0.0,0.0,0.0,0.0,0.0,0.0,0.0,0.0,4511.9,947.2,0.0,0.0,0.0,0.0,955.6,0.0,0.0,0.0,0.0
2019,7/15/2019,DC,Nearshore,4,Dade County 6,43,22,0.0,0.0,0.0,0.0,0.0,0.0,0.0,0.0,0.0,0.0,0.0,0.0,0.0,0.0,4912.6,0.0,0.0,0.0,0.0,0.0,0.0,0.0,0.0,0.0,6633.8,753.7,1902.6,0.0,0.0,0.0,74.6,4010.1,116.7,0.0,0.0
2019,7/15/2019,DC,Nearshore,4,Dade County 6,44,22,1907.2,0.0,0.0,0.0,0.0,0.0,0.0,0.0,0.0,0.0,0.0,0.0,0.0,0.0,0.0,0.0,0.0,0.0,0.0,0.0,0.0,0.0,0.0,0.0,3678.3,121.3,0.0,0.0,0.0,0.0,5576.2,0.0,0.0,0.0,0.0
2019,7/15/2019,DC,Middle,5,Dade County 7,51,22,0.0,16.5,0.0,0.0,0.0,0.0,107.5,0.0,0.0,0.0,0.0,0.0,0.0,51.5,142.8,0.0,1572.7,0.0,0.0,0.0,0.0,1038.0,0.0,0.0,0.0,0.0,0.0,0.0,0.0,0.0,514.0,0.0,1101.7,0.0,0.0
2019,7/15/2019,DC,Middle,5,Dade County 7,52,22,0.0,16.5,0.0,0.0,66.3,0.0,249.7,0.0,0.0,0.0,0.0,329.9,0.0,143.1,138.8,0.0,0.0,0.0,0.0,0.0,0.0,0.0,0.0,0.0,896.5,0.0,0.0,0.0,0.0,0.0,124.0,0.0,1004.4,0.0,0.0
2019,7/15/2019,DC,Middle,5,Dade County 7,53,22,0.0,0.0,0.0,0.0,0.0,0.0,0.0,0.0,0.0,0.0,0.0,259.0,0.0,0.0,195.6,0.0,0.0,0.0,0.0,0.0,0.0,0.0,0.0,0.0,363.3,0.0,0.0,0.0,0.0,0.0,793.9,0.0,952.7,0.0,0.0
2019,7/15/2019,DC,Middle,5,Dade County 7,54,22,0.0,0.0,0.0,0.0,0.0,0.0,0.0,0.0,0.0,0.0,0.0,0.0,0.0,107.8,93.8,0.0,0.0,0.0,0.0,0.0,0.0,0.0,0.0,0.0,209.3,0.0,0.0,0.0,0.0,0.0,421.4,254.1,104.8,0.0,0.0
2019,8/8/2019,DC,Nearshore,6,Dade County 8,61,22,0.0,0.0,0.0,0.0,82.7,0.0,0.0,0.0,0.0,0.0,0.0,0.0,0.0,0.0,5704.0,0.0,0.0,0.0,0.0,0.0,0.0,0.0,0.0,0.0,0.0,0.0,0.0,0.0,0.0,0.0,731.0,307.4,1207.3,0.0,0.0
2019,8/8/2019,DC,Nearshore,6,Dade County 8,62,22,0.0,0.0,0.0,0.0,0.0,0.0,0.0,0.0,0.0,0.0,0.0,0.0,0.0,0.0,0.0,0.0,0.0,0.0,0.0,0.0,0.0,0.0,0.0,0.0,425.5,25.1,0.0,0.0,0.0,0.0,406.0,0.0,897.4,0.0,0.0
2019,8/8/2019,DC,Nearshore,6,Dade County 8,63,22,0.0,0.0,0.0,0.0,55.7,0.0,0.0,0.0,0.0,0.0,0.0,0.0,0.0,0.0,4532.8,0.0,0.0,0.0,0.0,0.0,0.0,0.0,0.0,0.0,0.0,55.4,0.0,0.0,0.0,0.0,1058.5,309.9,431.8,0.0,0.0
2019,8/8/2019,DC,Nearshore,6,Dade County 8,64,22,0.0,0.0,0.0,0.0,284.9,0.0,0.0,0.0,0.0,0.0,0.0,0.0,0.0,0.0,1246.4,0.0,0.0,0.0,0.0,0.0,0.0,0.0,0.0,0.0,237.3,0.0,0.0,0.0,0.0,0.0,173.5,0.0,438.1,0.0,0.0
2019,7/30/2019,PBC,Nearshore,84,Palm Beach 1,841,22,0.0,0.0,0.0,0.0,0.0,0.0,0.0,0.0,0.0,0.0,0.0,0.0,0.0,0.0,0.0,0.0,0.0,0.0,0.0,0.0,0.0,0.0,0.0,0.0,0.0,0.0,0.0,0.0,0.0,0.0,99.2,659.9,0.0,0.0,0.0
2019,7/30/2019,PBC,Nearshore,84,Palm Beach 1,842,22,0.0,0.0,0.0,0.0,0.0,0.0,0.0,0.0,0.0,0.0,0.0,0.0,0.0,0.0,0.0,0.0,0.0,0.0,0.0,0.0,0.0,0.0,0.0,0.0,0.0,0.0,0.0,0.0,0.0,0.0,136.4,0.0,0.0,0.0,0.0
2019,7/30/2019,PBC,Nearshore,84,Palm Beach 1,843,22,0.0,0.0,0.0,0.0,0.0,0.0,0.0,0.0,0.0,0.0,0.0,0.0,0.0,0.0,0.0,0.0,0.0,0.0,0.0,0.0,0.0,0.0,0.0,0.0,0.0,0.0,0.0,80.1,0.0,0.0,282.4,0.0,0.0,0.0,0.0
2019,7/30/2019,PBC,Nearshore,84,Palm Beach 1,844,22,0.0,0.0,0.0,0.0,0.0,0.0,0.0,0.0,0.0,0.0,0.0,0.0,0.0,0.0,0.0,0.0,0.0,0.0,0.0,0.0,0.0,0.0,0.0,0.0,0.0,0.0,0.0,0.0,0.0,0.0,214.8,0.0,0.0,0.0,0.0
2019,8/1/2019,PBC,Outer,85,Palm Beach 2,851,22,0.0,0.0,0.0,0.0,0.0,0.0,0.0,0.0,0.0,0.0,344.6,0.0,0.0,40.7,5068.0,0.0,0.0,0.0,0.0,0.0,0.0,0.0,0.0,0.0,100.9,0.0,0.0,0.0,0.0,0.0,0.0,0.0,0.0,0.0,0.0
2019,7/31/2019,PBC,Outer,85,Palm Beach 2,852,22,0.0,0.0,0.0,0.0,0.0,0.0,0.0,0.0,0.0,0.0,251.6,0.0,0.0,0.0,1364.1,0.0,0.0,0.0,0.0,0.0,0.0,0.0,0.0,0.0,539.9,0.0,0.0,0.0,0.0,0.0,0.0,0.0,62.8,0.0,0.0
2019,8/1/2019,PBC,Outer,85,Palm Beach 2,853,22,0.0,0.0,0.0,0.0,0.0,0.0,0.0,0.0,0.0,0.0,753.5,0.0,0.0,0.0,25.1,0.0,0.0,0.0,0.0,0.0,0.0,0.0,0.0,0.0,198.0,0.0,0.0,0.0,0.0,0.0,82.4,0.0,17.4,0.0,0.0
2019,7/31/2019,PBC,Outer,85,Palm Beach 2,854,22,0.0,0.0,0.0,0.0,0.0,0.0,0.0,0.0,0.0,0.0,559.5,0.0,0.0,17.4,2025.7,0.0,0.0,0.0,0.0,0.0,0.0,0.0,0.0,0.0,489.8,0.0,0.0,0.0,0.0,0.0,153.2,0.0,0.0,0.0,0.0
2019,8/1/2019,PBC,Outer,86,Palm Beach 3,861,22,0.0,0.0,0.0,0.0,0.0,0.0,0.0,0.0,0.0,0.0,0.0,0.0,0.0,0.0,1281.7,0.0,0.0,0.0,0.0,0.0,0.0,0.0,0.0,0.0,3280.2,17.4,0.0,0.0,0.0,0.0,76.4,0.0,0.0,0.0,0.0
2019,8/1/2019,PBC,Outer,86,Palm Beach 3,862,22,0.0,0.0,0.0,0.0,0.0,0.0,0.0,0.0,0.0,0.0,0.0,418.7,0.0,0.0,139.0,0.0,0.0,0.0,0.0,0.0,0.0,0.0,0.0,0.0,854.8,0.0,0.0,0.0,0.0,0.0,8.6,0.0,106.1,0.0,871.8
2019,8/1/2019,PBC,Outer,86,Palm Beach 3,863,22,0.0,0.0,0.0,0.0,0.0,0.0,0.0,0.0,0.0,0.0,0.0,848.9,0.0,34.2,128.9,0.0,84.1,0.0,0.0,0.0,0.0,0.0,0.0,0.0,1061.6,84.9,0.0,0.0,0.0,0.0,55.0,0.0,141.4,0.0,0.0
2019,8/1/2019,PBC,Outer,86,Palm Beach 3,864,22,0.0,0.0,0.0,0.0,0.0,0.0,0.0,0.0,0.0,0.0,0.0,0.0,0.0,0.0,330.0,0.0,0.0,0.0,0.0,0.0,0.0,0.0,0.0,0.0,155.4,0.0,0.0,0.0,0.0,0.0,0.0,0.0,71.7,0.0,0.0
2019,7/3/2019,BC,Nearshore,87,Broward County 1,871,22,0.0,25.1,0.0,0.0,0.0,0.0,0.0,0.0,0.0,0.0,0.0,1368.9,0.0,0.0,52835.2,0.0,0.0,0.0,0.0,0.0,0.0,0.0,0.0,0.0,850.6,0.0,0.0,0.0,0.0,0.0,2333.4,0.0,1389.0,0.0,0.0
2019,7/3/2019,BC,Nearshore,87,Broward County 1,872,22,0.0,0.0,0.0,0.0,0.0,0.0,0.0,0.0,0.0,0.0,0.0,1977.9,0.0,0.0,36235.6,0.0,0.0,0.0,0.0,0.0,0.0,0.0,0.0,0.0,1974.9,581.4,0.0,0.0,0.0,0.0,3240.4,63.3,1738.6,0.0,130.7
2019,7/3/2019,BC,Nearshore,87,Broward County 1,873,22,0.0,0.0,0.0,0.0,0.0,0.0,0.0,0.0,0.0,0.0,0.0,0.0,0.0,0.0,75682.0,0.0,0.0,0.0,0.0,0.0,0.0,12594.7,1884.7,0.0,140.7,0.0,0.0,0.0,0.0,0.0,482.6,33.8,604.6,0.0,113.0
2019,7/3/2019,BC,Nearshore,87,Broward County 1,874,22,0.0,0.0,0.0,0.0,0.0,0.0,0.0,0.0,0.0,0.0,0.0,0.0,0.0,0.0,38348.3,0.0,0.0,0.0,0.0,0.0,0.0,0.0,0.0,0.0,460.3,0.0,0.0,0.0,0.0,0.0,213.1,0.0,630.7,0.0,78.5
2019,6/14/2019,BC,Middle,88,Broward County 2,881,22,0.0,0.0,0.0,0.0,0.0,0.0,0.0,0.0,0.0,0.0,0.0,0.0,0.0,34.2,287.7,0.0,0.0,0.0,0.0,0.0,0.0,0.0,0.0,0.0,166.2,135.3,0.0,0.0,17.4,0.0,782.5,453.5,489.2,0.0,0.0
2019,6/14/2019,BC,Middle,88,Broward County 2,882,22,0.0,0.0,84.8,0.0,0.0,0.0,0.0,0.0,0.0,0.0,0.0,0.0,0.0,0.0,184.9,0.0,0.0,0.0,0.0,0.0,0.0,0.0,0.0,0.0,16.2,0.0,0.0,0.0,0.0,0.0,276.0,0.0,158.7,0.0,0.0
2019,6/14/2019,BC,Middle,88,Broward County 2,883,22,0.0,0.0,0.0,0.0,0.0,0.0,0.0,0.0,0.0,0.0,0.0,0.0,0.0,0.0,59.3,0.0,0.0,0.0,0.0,0.0,0.0,2458.3,0.0,0.0,587.5,114.2,0.0,0.0,0.0,0.0,443.6,0.0,321.5,0.0,0.0
2019,6/14/2019,BC,Middle,88,Broward County 2,884,22,0.0,0.0,0.0,0.0,0.0,0.0,0.0,0.0,0.0,0.0,0.0,302.7,0.0,0.0,24.9,0.0,0.0,0.0,0.0,0.0,0.0,0.0,0.0,0.0,753.0,121.1,0.0,0.0,0.0,0.0,351.5,0.0,218.0,0.0,0.0
2019,6/19/2019,BC,Outer,89,Broward County 3,891,22,0.0,0.0,0.0,0.0,0.0,0.0,335.7,0.0,0.0,0.0,0.0,0.0,0.0,0.0,123.3,0.0,0.0,0.0,0.0,0.0,0.0,0.0,0.0,0.0,1229.6,0.0,0.0,0.0,0.0,0.0,131.6,0.0,254.4,0.0,0.0
2019,6/19/2019,BC,Outer,89,Broward County 3,892,22,0.0,0.0,0.0,0.0,0.0,0.0,0.0,0.0,0.0,0.0,0.0,83.5,0.0,25.1,206.0,0.0,0.0,0.0,0.0,0.0,0.0,0.0,0.0,0.0,869.8,0.0,84.3,0.0,0.0,0.0,257.5,122.9,252.8,0.0,0.0
2019,6/19/2019,BC,Outer,89,Broward County 3,893,22,0.0,0.0,0.0,0.0,0.0,0.0,0.0,0.0,0.0,0.0,0.0,0.0,0.0,0.0,1140.3,0.0,0.0,0.0,0.0,0.0,0.0,0.0,0.0,0.0,0.0,0.0,0.0,0.0,0.0,0.0,204.8,0.0,306.5,0.0,0.0
2019,6/19/2019,BC,Outer,89,Broward County 3,894,22,0.0,0.0,471.7,0.0,0.0,0.0,0.0,0.0,0.0,0.0,0.0,0.0,0.0,0.0,99.9,0.0,0.0,0.0,0.0,0.0,0.0,0.0,0.0,0.0,0.0,0.0,0.0,0.0,0.0,0.0,770.8,0.0,484.7,0.0,0.0
2019,6/5/2019,BC,Nearshore,90,Broward County A,901,22,0.0,0.0,0.0,0.0,0.0,0.0,0.0,0.0,0.0,0.0,0.0,0.0,0.0,0.0,44.5,0.0,0.0,0.0,0.0,0.0,0.0,0.0,0.0,0.0,997.0,25.4,0.0,0.0,0.0,0.0,0.0,0.0,0.0,0.0,291.7
2019,6/5/2019,BC,Nearshore,90,Broward County A,902,22,0.0,0.0,0.0,0.0,0.0,0.0,0.0,0.0,0.0,0.0,0.0,0.0,0.0,0.0,53.5,0.0,0.0,0.0,0.0,0.0,0.0,0.0,0.0,0.0,631.8,326.7,0.0,0.0,0.0,0.0,17.4,0.0,0.0,0.0,2314.5
2019,6/5/2019,BC,Nearshore,90,Broward County A,903,22,0.0,0.0,0.0,0.0,0.0,0.0,0.0,0.0,0.0,0.0,0.0,0.0,0.0,0.0,0.0,0.0,0.0,0.0,0.0,0.0,0.0,0.0,0.0,0.0,2298.8,174.2,0.0,0.0,0.0,0.0,0.0,0.0,0.0,0.0,4768.0
2019,6/5/2019,BC,Nearshore,90,Broward County A,904,22,0.0,0.0,0.0,0.0,0.0,0.0,0.0,0.0,0.0,0.0,0.0,0.0,0.0,0.0,0.0,0.0,0.0,0.0,0.0,0.0,0.0,0.0,0.0,0.0,461.7,129.6,0.0,0.0,0.0,0.0,0.0,0.0,0.0,0.0,10215.9
2019,7/16/2019,DC,Inner,91,Dade County 1,911,22,0.0,0.0,0.0,0.0,0.0,0.0,0.0,0.0,0.0,0.0,0.0,0.0,0.0,0.0,5057.4,0.0,0.0,0.0,0.0,0.0,0.0,0.0,0.0,0.0,8332.4,230.6,0.0,0.0,0.0,0.0,3696.3,0.0,234.2,0.0,504.6
2019,7/6/2019,DC,Inner,91,Dade County 1,912,22,2241.4,0.0,0.0,0.0,0.0,0.0,0.0,0.0,0.0,0.0,0.0,0.0,0.0,56.5,7503.0,0.0,0.0,0.0,0.0,0.0,0.0,0.0,0.0,0.0,5347.9,595.0,0.0,0.0,0.0,0.0,1256.9,0.0,778.5,0.0,43.2
2019,7/16/2019,DC,Inner,91,Dade County 1,913,22,0.0,0.0,0.0,0.0,0.0,0.0,0.0,0.0,0.0,0.0,0.0,0.0,0.0,0.0,3865.7,0.0,0.0,0.0,0.0,0.0,0.0,0.0,0.0,0.0,5779.1,603.8,0.0,0.0,0.0,0.0,6279.0,2736.4,335.8,0.0,333.1
2019,7/16/2019,DC,Inner,91,Dade County 1,914,22,6058.3,0.0,0.0,947.8,0.0,0.0,0.0,0.0,0.0,0.0,0.0,0.0,0.0,0.0,12071.2,0.0,0.0,0.0,0.0,0.0,0.0,0.0,0.0,0.0,7878.8,419.3,0.0,0.0,0.0,0.0,1875.9,0.0,155.5,0.0,16.8
2019,8/8/2019,DC,Middle,92,Dade County 2,921,22,0.0,216.0,0.0,0.0,150.2,0.0,99.7,0.0,0.0,0.0,0.0,0.0,0.0,0.0,0.0,0.0,0.0,0.0,0.0,0.0,0.0,0.0,0.0,0.0,270.7,0.0,0.0,0.0,0.0,0.0,518.8,0.0,771.6,0.0,0.0
2019,8/8/2019,DC,Middle,92,Dade County 2,922,22,0.0,0.0,0.0,0.0,0.0,0.0,100.5,0.0,0.0,0.0,0.0,47.0,0.0,101.5,64.0,0.0,0.0,0.0,0.0,0.0,0.0,0.0,0.0,0.0,0.0,0.0,33.5,0.0,0.0,0.0,328.0,0.0,1241.3,0.0,0.0
2019,8/8/2019,DC,Middle,92,Dade County 2,923,22,0.0,0.0,0.0,0.0,0.0,0.0,0.0,0.0,0.0,0.0,0.0,327.2,0.0,20.1,131.3,0.0,0.0,0.0,0.0,0.0,0.0,0.0,2579.6,0.0,0.0,0.0,0.0,0.0,0.0,0.0,1198.5,0.0,480.3,0.0,0.0
2019,8/8/2019,DC,Middle,92,Dade County 2,924,22,0.0,0.0,0.0,0.0,0.0,0.0,0.0,0.0,0.0,0.0,0.0,0.0,0.0,0.0,221.5,0.0,0.0,0.0,0.0,0.0,0.0,0.0,0.0,0.0,471.5,103.1,0.0,0.0,25.1,0.0,552.8,0.0,1022.0,0.0,0.0
2019,7/16/2019,DC,Outer,93,Dade County 3,931,22,0.0,0.0,0.0,0.0,0.0,0.0,0.0,0.0,0.0,0.0,0.0,0.0,0.0,23.3,0.0,0.0,0.0,0.0,0.0,0.0,0.0,0.0,0.0,0.0,1077.8,0.0,0.0,0.0,0.0,0.0,169.2,0.0,95.3,0.0,0.0
2019,7/16/2019,DC,Outer,93,Dade County 3,932,22,0.0,0.0,0.0,0.0,0.0,0.0,0.0,0.0,0.0,0.0,0.0,437.6,0.0,103.9,208.9,0.0,0.0,0.0,0.0,0.0,0.0,0.0,0.0,0.0,131.3,0.0,0.0,0.0,0.0,0.0,321.8,0.0,0.0,0.0,0.0
2019,7/16/2019,DC,Outer,93,Dade County 3,933,22,0.0,0.0,0.0,0.0,0.0,0.0,0.0,0.0,0.0,0.0,0.0,0.0,0.0,17.4,134.4,0.0,100.3,0.0,0.0,0.0,0.0,0.0,0.0,0.0,0.0,0.0,0.0,0.0,0.0,0.0,97.6,0.0,354.8,0.0,0.0
2019,7/16/2019,DC,Outer,93,Dade County 3,934,22,0.0,0.0,0.0,0.0,25.1,0.0,0.0,0.0,0.0,0.0,0.0,0.0,0.0,0.0,266.2,0.0,0.0,0.0,0.0,0.0,0.0,0.0,0.0,0.0,1143.5,0.0,0.0,0.0,0.0,0.0,68.3,0.0,118.5,0.0,0.0
2019,6/12/2019,MC,Nearshore,94,Martin County 1,941,22,0.0,0.0,0.0,0.0,0.0,0.0,0.0,0.0,0.0,0.0,0.0,0.0,0.0,0.0,0.0,0.0,0.0,0.0,0.0,0.0,0.0,0.0,0.0,0.0,23752.3,0.0,0.0,0.0,0.0,0.0,509.0,0.0,0.0,0.0,0.0
2019,6/12/2019,MC,Nearshore,94,Martin County 1,942,22,0.0,0.0,0.0,0.0,0.0,0.0,0.0,0.0,0.0,0.0,0.0,0.0,0.0,0.0,0.0,0.0,0.0,0.0,0.0,0.0,0.0,0.0,0.0,0.0,2926.4,0.0,0.0,0.0,0.0,0.0,353.0,0.0,0.0,0.0,0.0
2019,6/12/2019,MC,Nearshore,94,Martin County 1,943,22,0.0,0.0,0.0,0.0,0.0,0.0,0.0,0.0,0.0,0.0,0.0,0.0,0.0,0.0,0.0,0.0,0.0,0.0,69.5,0.0,0.0,0.0,0.0,0.0,3478.2,0.0,0.0,0.0,0.0,0.0,619.6,0.0,0.0,0.0,0.0
2019,6/12/2019,MC,Nearshore,94,Martin County 1,944,22,0.0,0.0,0.0,0.0,0.0,0.0,0.0,0.0,0.0,0.0,0.0,0.0,0.0,0.0,44.6,0.0,0.0,0.0,0.0,0.0,0.0,0.0,0.0,0.0,11169.0,0.0,0.0,0.0,0.0,0.0,548.5,0.0,0.0,0.0,0.0
2019,6/10/2019,MC,Nearshore,95,Martin County 2,951,22,0.0,0.0,0.0,0.0,0.0,0.0,0.0,0.0,0.0,0.0,0.0,0.0,0.0,0.0,0.0,0.0,0.0,0.0,0.0,0.0,0.0,0.0,0.0,0.0,0.0,0.0,0.0,0.0,0.0,0.0,39.9,0.0,0.0,0.0,0.0
2019,6/12/2019,MC,Nearshore,95,Martin County 2,952,22,0.0,0.0,0.0,0.0,0.0,0.0,0.0,0.0,0.0,0.0,0.0,0.0,0.0,0.0,0.0,0.0,0.0,0.0,0.0,0.0,0.0,0.0,0.0,0.0,0.0,0.0,0.0,0.0,0.0,0.0,182.3,116.9,0.0,0.0,0.0
2019,6/12/2019,MC,Nearshore,95,Martin County 2,953,22,0.0,0.0,0.0,0.0,0.0,0.0,0.0,0.0,0.0,0.0,0.0,0.0,0.0,0.0,0.0,0.0,0.0,0.0,0.0,0.0,0.0,0.0,0.0,0.0,0.0,0.0,0.0,0.0,0.0,0.0,129.1,0.0,0.0,0.0,0.0
2019,6/12/2019,MC,Nearshore,95,Martin County 2,954,22,0.0,0.0,0.0,0.0,0.0,0.0,0.0,0.0,0.0,0.0,0.0,0.0,0.0,0.0,0.0,0.0,0.0,0.0,0.0,0.0,0.0,0.0,0.0,0.0,0.0,0.0,0.0,25.1,0.0,0.0,246.5,0.0,0.0,0.0,0.0
2019,7/30/2019,PBC,Outer,97,Palm Beach 4,971,22,0.0,0.0,0.0,0.0,0.0,0.0,0.0,0.0,0.0,0.0,0.0,89.6,0.0,0.0,583.3,0.0,0.0,0.0,0.0,0.0,0.0,0.0,0.0,0.0,641.0,0.0,0.0,0.0,0.0,0.0,200.5,0.0,330.5,0.0,0.0
2019,7/30/2019,PBC,Outer,97,Palm Beach 4,972,22,0.0,0.0,0.0,0.0,0.0,0.0,0.0,0.0,0.0,0.0,0.0,0.0,0.0,0.0,1999.8,0.0,0.0,0.0,0.0,0.0,0.0,0.0,0.0,0.0,790.0,75.9,0.0,0.0,0.0,0.0,361.1,0.0,390.7,0.0,0.0
2019,7/30/2019,PBC,Outer,97,Palm Beach 4,973,22,0.0,0.0,0.0,0.0,0.0,0.0,0.0,0.0,0.0,0.0,0.0,0.0,0.0,0.0,378.8,0.0,0.0,0.0,0.0,0.0,0.0,0.0,0.0,0.0,920.2,0.0,0.0,0.0,0.0,0.0,169.6,0.0,153.6,0.0,0.0
2019,7/30/2019,PBC,Outer,97,Palm Beach 4,974,22,0.0,0.0,0.0,0.0,0.0,0.0,0.0,0.0,0.0,0.0,0.0,525.3,0.0,0.0,2685.0,0.0,0.0,0.0,0.0,0.0,0.0,0.0,0.0,0.0,758.6,0.0,0.0,0.0,0.0,0.0,290.2,0.0,383.1,0.0,0.0
2019,7/29/2019,PBC,Outer,98,Palm Beach 5,981,22,0.0,0.0,0.0,0.0,0.0,84.1,0.0,0.0,0.0,0.0,0.0,0.0,0.0,56.3,215.3,0.0,0.0,0.0,0.0,0.0,0.0,0.0,0.0,0.0,3684.8,0.0,0.0,0.0,0.0,0.0,255.0,0.0,85.1,0.0,0.0
2019,7/29/2019,PBC,Outer,98,Palm Beach 5,982,22,0.0,0.0,0.0,0.0,0.0,0.0,0.0,0.0,0.0,0.0,0.0,0.0,0.0,0.0,81.6,0.0,0.0,0.0,0.0,0.0,0.0,0.0,295.4,0.0,1945.7,0.0,0.0,0.0,0.0,0.0,676.9,0.0,17.4,0.0,0.0
2019,7/29/2019,PBC,Outer,98,Palm Beach 5,983,22,0.0,0.0,0.0,0.0,0.0,0.0,0.0,0.0,0.0,0.0,0.0,0.0,0.0,56.5,310.5,0.0,0.0,0.0,0.0,0.0,0.0,0.0,0.0,0.0,2472.3,220.2,0.0,0.0,0.0,0.0,139.5,0.0,258.4,0.0,0.0
2019,7/29/2019,PBC,Outer,98,Palm Beach 5,984,22,0.0,0.0,626.8,0.0,0.0,0.0,0.0,0.0,0.0,0.0,0.0,582.6,0.0,0.0,3400.1,0.0,0.0,0.0,0.0,0.0,0.0,66.0,0.0,0.0,2354.0,0.0,0.0,0.0,0.0,0.0,362.9,0.0,302.1,0.0,24.6
2019,7/17/2019,DC,Outer,99,Dade County 4,991,22,0.0,0.0,0.0,0.0,0.0,0.0,0.0,0.0,0.0,0.0,0.0,0.0,0.0,0.0,1815.2,0.0,69.5,0.0,0.0,0.0,0.0,587.2,0.0,0.0,155.5,0.0,0.0,0.0,0.0,0.0,574.9,0.0,492.2,0.0,0.0
2019,7/17/2019,DC,Outer,99,Dade County 4,992,22,0.0,0.0,0.0,0.0,0.0,0.0,0.0,0.0,0.0,0.0,0.0,0.0,0.0,0.0,819.4,0.0,0.0,0.0,0.0,0.0,0.0,0.0,0.0,0.0,253.0,0.0,0.0,0.0,0.0,0.0,501.6,1051.5,172.0,0.0,0.0
2019,7/17/2019,DC,Outer,99,Dade County 4,993,22,0.0,0.0,1113.7,0.0,0.0,0.0,0.0,0.0,0.0,0.0,0.0,44.2,0.0,0.0,530.0,0.0,0.0,0.0,0.0,0.0,0.0,0.0,0.0,0.0,591.5,0.0,0.0,0.0,0.0,0.0,220.0,0.0,181.5,0.0,17.4
2019,7/17/2019,DC,Outer,99,Dade County 4,994,22,0.0,0.0,0.0,0.0,101.5,0.0,0.0,0.0,0.0,0.0,0.0,0.0,0.0,0.0,354.0,0.0,0.0,0.0,0.0,0.0,0.0,0.0,0.0,0.0,773.2,0.0,0.0,0.0,0.0,0.0,498.1,0.0,48.5,0.0,75.7
2020,7/8/2020,DC,Inner,0,Dade County 5,1,22,0.0,0.0,0.0,0.0,23.8,0.0,0.0,0.0,86.5,0.0,0.0,121.0,0.0,0.0,1143.4,0.0,0.0,0.0,0.0,0.0,0.0,0.0,0.0,0.0,5373.7,215.9,0.0,0.0,0.0,17.4,1036.8,0.0,979.6,0.0,5553.6
2020,7/8/2020,DC,Inner,0,Dade County 5,2,22,0.0,68.6,0.0,0.0,25.1,0.0,0.0,0.0,0.0,0.0,0.0,2058.9,0.0,0.0,0.0,0.0,384.9,0.0,0.0,0.0,0.0,0.0,0.0,0.0,1783.1,120.5,0.0,56.3,0.0,0.0,427.8,0.0,403.2,0.0,4092.3
2020,7/8/2020,DC,Inner,0,Dade County 5,3,22,0.0,0.0,0.0,0.0,24.4,0.0,0.0,0.0,0.0,0.0,0.0,0.0,0.0,0.0,42.5,0.0,129.9,0.0,0.0,0.0,0.0,845.2,0.0,0.0,1542.8,348.6,0.0,0.0,0.0,0.0,878.4,0.0,97.5,0.0,2884.3
2020,7/8/2020,DC,Inner,0,Dade County 5,4,22,0.0,90.1,0.0,0.0,0.0,125.7,0.0,0.0,0.0,0.0,0.0,0.0,0.0,0.0,75.3,0.0,0.0,0.0,0.0,0.0,0.0,0.0,0.0,0.0,1473.5,261.3,0.0,0.0,0.0,0.0,428.3,0.0,182.9,0.0,6061.8
2020,5/27/2020,BC,Inner,1,Broward County 4,11,22,0.0,34.2,0.0,0.0,17.4,0.0,0.0,0.0,0.0,0.0,0.0,0.0,0.0,0.0,936.0,0.0,0.0,0.0,0.0,0.0,0.0,0.0,0.0,0.0,4987.6,646.0,0.0,0.0,0.0,25.1,2679.6,0.0,811.4,0.0,616.2
2020,5/27/2020,BC,Inner,1,Broward County 4,12,22,0.0,0.0,0.0,0.0,0.0,33.8,0.0,0.0,0.0,0.0,0.0,80.2,0.0,0.0,4861.7,0.0,0.0,0.0,0.0,0.0,0.0,0.0,0.0,0.0,6694.6,457.3,0.0,81.9,0.0,24.6,1304.1,218.2,226.5,0.0,203.1
2020,5/27/2020,BC,Inner,1,Broward County 4,13,22,0.0,178.2,0.0,0.0,0.0,0.0,0.0,0.0,0.0,0.0,0.0,455.5,0.0,0.0,47.8,0.0,0.0,0.0,0.0,0.0,0.0,165.6,0.0,0.0,6862.5,1234.5,0.0,100.4,0.0,0.0,889.0,0.0,1020.7,0.0,98.5
2020,5/27/2020,BC,Inner,1,Broward County 4,14,22,0.0,407.7,0.0,0.0,0.0,0.0,0.0,0.0,0.0,0.0,0.0,0.0,0.0,0.0,0.0,0.0,0.0,0.0,0.0,0.0,0.0,8701.6,0.0,0.0,7411.2,517.4,0.0,0.0,0.0,16.5,3624.0,0.0,1681.1,0.0,368.9
2020,8/4/2020,BC,Middle,2,Broward County 5,21,22,0.0,0.0,0.0,0.0,0.0,0.0,0.0,0.0,0.0,0.0,0.0,0.0,0.0,0.0,137.0,0.0,0.0,0.0,0.0,0.0,0.0,0.0,0.0,0.0,588.1,190.7,0.0,0.0,0.0,0.0,464.7,0.0,215.3,0.0,0.0
2020,8/4/2020,BC,Middle,2,Broward County 5,22,22,0.0,0.0,0.0,0.0,0.0,0.0,0.0,0.0,0.0,0.0,0.0,0.0,0.0,114.1,947.0,0.0,0.0,0.0,0.0,0.0,0.0,39.2,0.0,0.0,89.4,0.0,0.0,0.0,0.0,0.0,98.4,0.0,95.5,0.0,0.0
2020,8/4/2020,BC,Middle,2,Broward County 5,23,22,0.0,0.0,0.0,0.0,24.9,0.0,23.9,0.0,0.0,0.0,0.0,0.0,0.0,0.0,1061.9,0.0,0.0,0.0,0.0,0.0,0.0,0.0,0.0,0.0,885.3,55.3,0.0,0.0,0.0,0.0,326.4,0.0,520.5,0.0,0.0
2020,8/4/2020,BC,Middle,2,Broward County 5,24,22,0.0,0.0,0.0,0.0,44.5,0.0,0.0,0.0,0.0,0.0,0.0,0.0,0.0,0.0,89.6,0.0,0.0,0.0,0.0,0.0,0.0,0.0,0.0,0.0,1113.9,265.5,0.0,0.0,0.0,0.0,474.1,0.0,61.6,0.0,0.0
2020,8/4/2020,BC,Outer,3,Broward County 6,31,22,0.0,0.0,0.0,0.0,0.0,0.0,0.0,0.0,0.0,0.0,0.0,0.0,0.0,33.8,132.0,0.0,100.3,0.0,0.0,0.0,0.0,0.0,0.0,0.0,716.4,0.0,0.0,0.0,0.0,0.0,309.5,0.0,1285.0,0.0,0.0
2020,8/4/2020,BC,Outer,3,Broward County 6,32,22,0.0,0.0,0.0,0.0,0.0,0.0,0.0,0.0,0.0,0.0,0.0,0.0,0.0,0.0,2266.9,0.0,0.0,0.0,0.0,0.0,0.0,0.0,0.0,0.0,718.6,0.0,0.0,0.0,0.0,0.0,102.7,0.0,22.6,0.0,0.0
2020,8/4/2020,BC,Outer,3,Broward County 6,33,22,0.0,0.0,0.0,0.0,0.0,0.0,0.0,0.0,0.0,0.0,0.0,0.0,0.0,126.7,1104.0,0.0,0.0,0.0,0.0,0.0,0.0,0.0,0.0,0.0,231.0,0.0,0.0,0.0,0.0,0.0,33.2,0.0,224.0,0.0,0.0
2020,8/4/2020,BC,Outer,3,Broward County 6,34,22,0.0,0.0,0.0,0.0,0.0,0.0,0.0,0.0,0.0,0.0,0.0,10.1,0.0,0.0,50.3,0.0,0.0,0.0,0.0,0.0,0.0,0.0,0.0,0.0,150.2,0.0,0.0,0.0,0.0,0.0,248.4,0.0,0.0,0.0,0.0
2020,7/6/2020,DC,Nearshore,4,Dade County 6,41,22,0.0,0.0,0.0,0.0,0.0,0.0,0.0,0.0,0.0,0.0,0.0,0.0,0.0,0.0,0.0,0.0,0.0,0.0,0.0,0.0,0.0,0.0,0.0,0.0,3931.2,218.1,1529.1,0.0,0.0,0.0,30.7,1059.3,123.0,0.0,0.0
2020,7/6/2020,DC,Nearshore,4,Dade County 6,42,22,0.0,0.0,0.0,0.0,0.0,0.0,0.0,0.0,0.0,0.0,0.0,0.0,0.0,0.0,0.0,0.0,0.0,0.0,0.0,0.0,0.0,0.0,0.0,0.0,4342.5,796.8,0.0,0.0,0.0,0.0,921.0,0.0,25.1,0.0,0.0
2020,7/6/2020,DC,Nearshore,4,Dade County 6,43,22,0.0,0.0,0.0,0.0,0.0,0.0,0.0,0.0,0.0,0.0,0.0,0.0,0.0,0.0,4450.2,0.0,0.0,0.0,0.0,0.0,0.0,0.0,0.0,0.0,7396.9,680.6,1704.7,0.0,0.0,0.0,49.5,3349.5,117.4,0.0,0.0
2020,7/6/2020,DC,Nearshore,4,Dade County 6,44,22,7342.3,0.0,0.0,0.0,0.0,0.0,0.0,0.0,0.0,0.0,0.0,0.0,0.0,0.0,0.0,0.0,0.0,0.0,0.0,0.0,0.0,0.0,0.0,0.0,3677.6,247.4,0.0,0.0,0.0,0.0,5361.7,0.0,0.0,0.0,0.0
2020,7/6/2020,DC,Middle,5,Dade County 7,51,22,0.0,0.0,0.0,0.0,0.0,0.0,150.9,0.0,0.0,0.0,0.0,0.0,0.0,23.8,103.9,0.0,1520.3,0.0,0.0,0.0,0.0,0.0,1108.7,0.0,285.5,0.0,0.0,0.0,0.0,0.0,617.9,0.0,859.5,0.0,0.0
2020,7/6/2020,DC,Middle,5,Dade County 7,52,22,0.0,0.0,0.0,0.0,0.0,0.0,0.0,0.0,0.0,0.0,0.0,82.9,0.0,70.1,123.9,0.0,0.0,0.0,0.0,0.0,0.0,0.0,0.0,0.0,806.9,0.0,0.0,0.0,0.0,0.0,161.0,0.0,756.4,0.0,0.0
2020,7/6/2020,DC,Middle,5,Dade County 7,53,22,0.0,0.0,0.0,0.0,0.0,0.0,33.8,0.0,0.0,0.0,0.0,0.0,272.3,0.0,223.8,0.0,25.1,0.0,0.0,0.0,0.0,0.0,0.0,0.0,625.8,0.0,0.0,0.0,0.0,0.0,589.8,0.0,857.7,0.0,0.0
2020,7/6/2020,DC,Middle,5,Dade County 7,54,22,0.0,0.0,0.0,0.0,62.6,0.0,0.0,0.0,0.0,0.0,0.0,0.0,0.0,67.4,823.8,0.0,0.0,0.0,0.0,0.0,0.0,0.0,0.0,0.0,248.3,66.0,0.0,0.0,0.0,0.0,488.9,30.7,127.2,0.0,0.0
2020,7/9/2020,DC,Nearshore,6,Dade County 8,61,22,0.0,0.0,0.0,0.0,81.7,0.0,0.0,0.0,0.0,0.0,0.0,0.0,0.0,0.0,6671.6,0.0,0.0,0.0,0.0,0.0,0.0,0.0,0.0,0.0,0.0,0.0,0.0,0.0,0.0,0.0,820.8,530.6,1260.4,0.0,0.0
2020,7/9/2020,DC,Nearshore,6,Dade County 8,62,22,0.0,0.0,0.0,0.0,0.0,0.0,0.0,0.0,0.0,0.0,0.0,0.0,0.0,0.0,0.0,0.0,0.0,0.0,0.0,0.0,0.0,0.0,0.0,0.0,398.6,0.0,0.0,0.0,0.0,0.0,388.2,0.0,860.9,0.0,0.0
2020,7/9/2020,DC,Nearshore,6,Dade County 8,63,22,0.0,0.0,0.0,0.0,69.5,0.0,0.0,0.0,0.0,0.0,0.0,0.0,0.0,0.0,1569.7,0.0,0.0,0.0,0.0,0.0,0.0,0.0,0.0,0.0,24.9,67.7,0.0,0.0,0.0,0.0,1535.6,226.3,483.3,0.0,0.0
2020,7/9/2020,DC,Nearshore,6,Dade County 8,64,22,0.0,0.0,0.0,0.0,295.7,0.0,0.0,0.0,0.0,0.0,0.0,0.0,0.0,0.0,1196.6,0.0,0.0,0.0,0.0,0.0,0.0,0.0,0.0,0.0,164.4,0.0,0.0,0.0,0.0,0.0,143.1,0.0,476.5,0.0,0.0
2020,8/28/2020,PBC,Nearshore,84,Palm Beach 1,841,22,0.0,0.0,0.0,0.0,0.0,0.0,0.0,0.0,0.0,0.0,0.0,0.0,0.0,0.0,0.0,0.0,0.0,0.0,0.0,0.0,0.0,0.0,0.0,0.0,0.0,0.0,0.0,0.0,0.0,0.0,569.1,1356.4,0.0,0.0,0.0
2020,8/28/2020,PBC,Nearshore,84,Palm Beach 1,842,22,0.0,0.0,0.0,0.0,0.0,0.0,0.0,0.0,0.0,0.0,0.0,0.0,0.0,0.0,0.0,0.0,0.0,0.0,0.0,0.0,0.0,0.0,0.0,0.0,0.0,0.0,0.0,0.0,0.0,0.0,405.7,0.0,0.0,0.0,0.0
2020,8/28/2020,PBC,Nearshore,84,Palm Beach 1,843,22,0.0,0.0,0.0,0.0,0.0,0.0,0.0,0.0,0.0,0.0,0.0,0.0,0.0,0.0,0.0,0.0,0.0,0.0,0.0,0.0,0.0,0.0,0.0,0.0,0.0,0.0,0.0,111.6,0.0,0.0,306.5,0.0,0.0,0.0,0.0
2020,8/28/2020,PBC,Nearshore,84,Palm Beach 1,844,22,0.0,0.0,0.0,0.0,0.0,0.0,0.0,0.0,0.0,0.0,0.0,0.0,0.0,0.0,0.0,0.0,0.0,0.0,0.0,0.0,0.0,0.0,0.0,0.0,0.0,0.0,0.0,0.0,0.0,0.0,231.0,0.0,0.0,0.0,0.0
2020,8/31/2020,PBC,Outer,85,Palm Beach 2,851,22,0.0,0.0,0.0,69.8,0.0,0.0,0.0,0.0,0.0,0.0,94.1,0.0,0.0,32.4,4633.7,0.0,0.0,0.0,0.0,0.0,0.0,0.0,0.0,0.0,234.1,0.0,0.0,0.0,0.0,0.0,103.4,0.0,0.0,0.0,0.0
2020,8/31/2020,PBC,Outer,85,Palm Beach 2,852,22,0.0,0.0,0.0,0.0,0.0,0.0,0.0,0.0,0.0,0.0,416.3,0.0,0.0,0.0,1764.6,0.0,0.0,0.0,0.0,0.0,0.0,0.0,0.0,0.0,397.6,0.0,0.0,0.0,0.0,0.0,0.0,0.0,34.2,0.0,0.0
2020,8/31/2020,PBC,Outer,85,Palm Beach 2,853,22,0.0,0.0,0.0,0.0,0.0,0.0,0.0,0.0,0.0,0.0,249.4,0.0,0.0,0.0,23.9,0.0,0.0,0.0,0.0,0.0,0.0,0.0,0.0,0.0,303.6,0.0,0.0,0.0,0.0,0.0,127.4,0.0,103.9,0.0,0.0
2020,8/31/2020,PBC,Outer,85,Palm Beach 2,854,22,0.0,0.0,0.0,0.0,0.0,0.0,0.0,0.0,0.0,0.0,362.0,0.0,0.0,34.2,1188.1,0.0,0.0,0.0,0.0,0.0,0.0,0.0,0.0,0.0,777.3,0.0,0.0,0.0,0.0,0.0,213.0,0.0,41.2,0.0,0.0
2020,9/30/2020,PBC,Outer,86,Palm Beach 3,861,22,0.0,0.0,0.0,0.0,0.0,0.0,0.0,0.0,0.0,0.0,0.0,0.0,0.0,0.0,1969.7,0.0,0.0,0.0,0.0,0.0,0.0,0.0,0.0,0.0,2621.8,0.0,0.0,0.0,0.0,0.0,106.2,0.0,0.0,0.0,0.0
2020,9/30/2020,PBC,Outer,86,Palm Beach 3,862,22,0.0,0.0,0.0,0.0,0.0,0.0,0.0,0.0,0.0,0.0,0.0,580.3,0.0,0.0,390.6,0.0,0.0,0.0,0.0,0.0,0.0,0.0,0.0,0.0,1261.0,0.0,0.0,56.3,0.0,0.0,0.0,0.0,141.4,0.0,1366.1
2020,9/30/2020,PBC,Outer,86,Palm Beach 3,863,22,0.0,0.0,0.0,0.0,0.0,0.0,0.0,0.0,0.0,0.0,0.0,815.4,0.0,44.5,179.3,0.0,100.3,0.0,0.0,0.0,0.0,0.0,0.0,0.0,843.6,0.0,0.0,0.0,0.0,0.0,119.8,0.0,160.3,0.0,0.0
2020,9/30/2020,PBC,Outer,86,Palm Beach 3,864,22,0.0,0.0,0.0,0.0,0.0,0.0,0.0,0.0,0.0,0.0,0.0,0.0,0.0,0.0,276.4,0.0,0.0,0.0,0.0,0.0,0.0,0.0,0.0,0.0,239.9,0.0,0.0,0.0,0.0,0.0,25.1,0.0,16.5,0.0,0.0
2020,6/9/2020,BC,Nearshore,87,Broward County 1,871,22,0.0,0.0,0.0,0.0,0.0,0.0,0.0,0.0,0.0,0.0,0.0,759.0,0.0,0.0,52179.0,0.0,0.0,0.0,0.0,0.0,0.0,0.0,0.0,0.0,446.8,0.0,0.0,0.0,0.0,0.0,1569.4,0.0,856.2,0.0,120.8
2020,6/9/2020,BC,Nearshore,87,Broward County 1,872,22,0.0,0.0,0.0,0.0,0.0,0.0,0.0,0.0,0.0,0.0,0.0,1499.0,0.0,0.0,39854.9,0.0,0.0,0.0,0.0,0.0,0.0,0.0,0.0,0.0,279.8,259.0,0.0,0.0,0.0,0.0,3310.7,0.0,1660.3,0.0,534.0
2020,6/9/2020,BC,Nearshore,87,Broward County 1,873,22,0.0,0.0,0.0,17.4,0.0,0.0,0.0,0.0,0.0,0.0,0.0,0.0,0.0,0.0,77279.0,0.0,0.0,0.0,0.0,0.0,133.0,0.0,2112.8,0.0,208.9,0.0,0.0,0.0,0.0,0.0,512.2,42.4,951.2,0.0,396.3
2020,6/9/2020,BC,Nearshore,87,Broward County 1,874,22,0.0,0.0,0.0,0.0,0.0,0.0,0.0,0.0,0.0,0.0,0.0,0.0,0.0,0.0,38960.3,0.0,0.0,0.0,0.0,0.0,0.0,0.0,0.0,0.0,274.5,0.0,0.0,0.0,0.0,0.0,358.2,0.0,778.4,0.0,158.3
2020,8/11/2020,BC,Middle,88,Broward County 2,881,22,0.0,0.0,0.0,0.0,0.0,0.0,0.0,0.0,0.0,0.0,0.0,0.0,0.0,44.5,310.8,0.0,0.0,0.0,0.0,0.0,0.0,0.0,0.0,0.0,154.3,277.9,0.0,0.0,25.1,0.0,968.0,572.7,703.5,0.0,0.0
2020,8/11/2020,BC,Middle,88,Broward County 2,882,22,0.0,0.0,148.6,25.1,0.0,0.0,0.0,0.0,0.0,0.0,0.0,0.0,0.0,0.0,229.5,0.0,0.0,0.0,0.0,0.0,0.0,0.0,0.0,0.0,44.5,0.0,0.0,0.0,0.0,0.0,316.0,0.0,281.2,0.0,0.0
2020,8/11/2020,BC,Middle,88,Broward County 2,883,22,0.0,0.0,0.0,0.0,32.4,0.0,0.0,0.0,0.0,0.0,0.0,0.0,0.0,0.0,264.9,0.0,0.0,0.0,0.0,0.0,0.0,0.0,4220.3,0.0,1085.2,105.7,0.0,0.0,0.0,0.0,972.6,0.0,386.4,0.0,0.0
2020,8/11/2020,BC,Middle,88,Broward County 2,884,22,0.0,0.0,0.0,0.0,0.0,0.0,0.0,0.0,0.0,0.0,0.0,640.2,0.0,0.0,97.1,0.0,0.0,0.0,0.0,0.0,0.0,0.0,0.0,0.0,1044.4,97.1,0.0,0.0,0.0,17.4,266.5,0.0,484.8,0.0,0.0
2020,8/10/2020,BC,Outer,89,Broward County 3,891,22,0.0,0.0,0.0,0.0,0.0,0.0,377.5,0.0,0.0,0.0,0.0,0.0,0.0,0.0,151.9,0.0,0.0,0.0,0.0,0.0,0.0,0.0,0.0,0.0,502.0,0.0,0.0,0.0,0.0,0.0,119.6,0.0,149.6,0.0,0.0
2020,8/10/2020,BC,Outer,89,Broward County 3,892,22,0.0,0.0,0.0,0.0,0.0,0.0,0.0,0.0,0.0,0.0,0.0,0.0,0.0,34.2,68.1,0.0,0.0,0.0,0.0,0.0,0.0,0.0,0.0,0.0,682.1,0.0,0.0,100.3,0.0,0.0,241.7,192.2,145.6,0.0,0.0
2020,8/10/2020,BC,Outer,89,Broward County 3,893,22,0.0,0.0,0.0,0.0,0.0,0.0,0.0,0.0,0.0,0.0,0.0,0.0,0.0,83.3,1852.1,0.0,0.0,0.0,0.0,0.0,0.0,0.0,0.0,0.0,99.4,0.0,0.0,0.0,0.0,0.0,277.5,0.0,242.4,0.0,0.0
2020,8/10/2020,BC,Outer,89,Broward County 3,894,22,0.0,0.0,462.3,0.0,25.1,0.0,0.0,0.0,0.0,0.0,0.0,23.9,0.0,0.0,109.1,0.0,0.0,0.0,0.0,0.0,0.0,0.0,0.0,0.0,0.0,0.0,0.0,0.0,0.0,0.0,951.1,0.0,442.8,0.0,0.0
2020,6/9/2020,BC,Nearshore,90,Broward County A,901,22,0.0,0.0,0.0,0.0,0.0,0.0,0.0,0.0,0.0,0.0,0.0,0.0,0.0,0.0,69.8,0.0,0.0,0.0,0.0,0.0,0.0,0.0,0.0,0.0,1093.2,0.0,0.0,0.0,0.0,0.0,0.0,0.0,0.0,0.0,841.4
2020,6/9/2020,BC,Nearshore,90,Broward County A,902,22,0.0,0.0,0.0,0.0,0.0,0.0,0.0,0.0,0.0,0.0,0.0,0.0,0.0,0.0,100.3,0.0,0.0,0.0,0.0,0.0,0.0,0.0,0.0,0.0,1057.3,270.8,0.0,0.0,0.0,0.0,0.0,0.0,0.0,0.0,3578.1
2020,6/9/2020,BC,Nearshore,90,Broward County A,903,22,0.0,0.0,0.0,0.0,0.0,0.0,0.0,0.0,0.0,0.0,0.0,0.0,0.0,0.0,0.0,0.0,0.0,0.0,0.0,0.0,0.0,0.0,0.0,0.0,2838.6,197.8,0.0,0.0,0.0,0.0,25.1,0.0,0.0,0.0,7739.6
2020,6/9/2020,BC,Nearshore,90,Broward County A,904,22,0.0,0.0,0.0,0.0,0.0,0.0,0.0,0.0,0.0,0.0,0.0,0.0,0.0,0.0,0.0,0.0,0.0,0.0,0.0,0.0,0.0,0.0,0.0,0.0,617.8,85.2,0.0,0.0,0.0,0.0,203.1,0.0,0.0,0.0,10930.5
2020,7/10/2020,DC,Inner,91,Dade County 1,911,22,0.0,34.3,0.0,0.0,44.5,0.0,0.0,0.0,0.0,0.0,0.0,0.0,0.0,0.0,5986.5,0.0,0.0,0.0,0.0,0.0,0.0,0.0,0.0,0.0,7432.5,365.9,0.0,0.0,0.0,0.0,4092.3,0.0,105.5,0.0,462.8
2020,7/10/2020,DC,Inner,91,Dade County 1,912,22,2533.5,0.0,0.0,0.0,0.0,0.0,0.0,0.0,0.0,0.0,0.0,0.0,0.0,55.2,9450.0,0.0,0.0,0.0,0.0,0.0,0.0,0.0,0.0,0.0,4892.1,469.4,0.0,0.0,0.0,43.9,2571.5,0.0,674.8,0.0,163.4
2020,7/10/2020,DC,Inner,91,Dade County 1,913,22,0.0,43.2,0.0,0.0,0.0,0.0,0.0,0.0,0.0,0.0,0.0,0.0,0.0,0.0,4527.4,0.0,0.0,0.0,0.0,0.0,0.0,0.0,0.0,0.0,5186.1,558.6,0.0,0.0,0.0,0.0,5342.8,2128.7,361.7,0.0,283.9
2020,7/10/2020,DC,Inner,91,Dade County 1,914,22,9890.8,0.0,0.0,1197.7,0.0,0.0,0.0,0.0,0.0,0.0,0.0,0.0,0.0,0.0,10499.7,0.0,0.0,0.0,0.0,0.0,0.0,0.0,0.0,0.0,6241.1,627.9,0.0,0.0,0.0,0.0,1621.3,139.6,177.0,0.0,25.1
2020,7/10/2020,DC,Middle,92,Dade County 2,921,22,0.0,24.8,0.0,0.0,240.8,0.0,116.5,0.0,0.0,0.0,0.0,0.0,0.0,0.0,0.0,0.0,0.0,0.0,0.0,0.0,0.0,0.0,0.0,0.0,223.6,0.0,0.0,0.0,0.0,0.0,501.6,0.0,744.3,0.0,129.3
2020,7/10/2020,DC,Middle,92,Dade County 2,922,22,0.0,0.0,0.0,0.0,0.0,0.0,95.5,0.0,0.0,0.0,0.0,140.7,0.0,66.7,17.2,0.0,0.0,0.0,0.0,0.0,0.0,0.0,0.0,0.0,0.0,0.0,0.0,43.6,0.0,0.0,65.9,0.0,898.7,0.0,0.0
2020,7/10/2020,DC,Middle,92,Dade County 2,923,22,0.0,0.0,0.0,0.0,0.0,0.0,0.0,0.0,0.0,0.0,0.0,321.1,0.0,0.0,163.4,0.0,0.0,0.0,0.0,0.0,0.0,1999.7,0.0,0.0,61.5,0.0,0.0,0.0,0.0,0.0,475.6,0.0,371.1,0.0,0.0
2020,7/10/2020,DC,Middle,92,Dade County 2,924,22,0.0,0.0,0.0,0.0,0.0,0.0,69.5,0.0,0.0,0.0,0.0,0.0,0.0,0.0,50.3,0.0,0.0,0.0,0.0,0.0,0.0,0.0,0.0,0.0,413.7,159.6,0.0,0.0,0.0,0.0,324.0,0.0,1063.9,0.0,0.0
2020,8/5/2020,DC,Outer,93,Dade County 3,931,22,0.0,0.0,0.0,0.0,0.0,0.0,0.0,0.0,0.0,0.0,0.0,0.0,0.0,38.9,0.0,0.0,0.0,0.0,0.0,0.0,0.0,0.0,0.0,0.0,1454.2,0.0,0.0,0.0,0.0,0.0,209.9,0.0,103.4,0.0,0.0
2020,8/5/2020,DC,Outer,93,Dade County 3,932,22,0.0,0.0,0.0,0.0,0.0,0.0,0.0,0.0,0.0,0.0,0.0,437.6,0.0,123.7,244.2,0.0,0.0,0.0,0.0,0.0,0.0,0.0,0.0,0.0,169.5,0.0,0.0,0.0,0.0,0.0,630.9,0.0,0.0,0.0,0.0
2020,8/5/2020,DC,Outer,93,Dade County 3,933,22,0.0,0.0,0.0,0.0,0.0,0.0,0.0,0.0,0.0,0.0,0.0,354.0,0.0,0.0,83.4,0.0,136.2,0.0,0.0,0.0,0.0,0.0,0.0,0.0,0.0,0.0,0.0,0.0,0.0,0.0,48.0,0.0,368.3,0.0,0.0
2020,8/5/2020,DC,Outer,93,Dade County 3,934,22,0.0,0.0,0.0,0.0,0.0,0.0,0.0,0.0,0.0,0.0,0.0,25.1,0.0,0.0,246.3,0.0,0.0,0.0,0.0,0.0,0.0,0.0,0.0,0.0,1169.3,0.0,0.0,0.0,0.0,0.0,111.9,0.0,136.3,0.0,0.0
2020,6/1/2020,MC,Nearshore,94,Martin County 1,941,22,0.0,0.0,0.0,0.0,0.0,0.0,0.0,0.0,0.0,0.0,0.0,0.0,0.0,0.0,0.0,0.0,0.0,0.0,0.0,0.0,0.0,0.0,0.0,0.0,26087.4,0.0,0.0,0.0,0.0,0.0,845.5,0.0,0.0,0.0,0.0
2020,6/1/2020,MC,Nearshore,94,Martin County 1,942,22,0.0,0.0,0.0,0.0,0.0,0.0,0.0,0.0,0.0,0.0,0.0,0.0,0.0,0.0,0.0,0.0,0.0,0.0,0.0,0.0,0.0,0.0,0.0,0.0,3637.0,0.0,0.0,0.0,0.0,0.0,436.2,0.0,0.0,0.0,0.0
2020,6/1/2020,MC,Nearshore,94,Martin County 1,943,22,0.0,0.0,0.0,0.0,0.0,0.0,0.0,0.0,0.0,25.1,0.0,0.0,0.0,0.0,0.0,0.0,0.0,0.0,100.8,0.0,0.0,0.0,0.0,0.0,3336.8,0.0,0.0,0.0,0.0,17.4,538.7,0.0,0.0,0.0,0.0
2020,6/1/2020,MC,Nearshore,94,Martin County 1,944,22,0.0,0.0,0.0,0.0,0.0,0.0,0.0,0.0,0.0,55.7,0.0,0.0,0.0,0.0,69.8,0.0,0.0,0.0,0.0,0.0,0.0,0.0,0.0,34.7,8233.5,0.0,0.0,0.0,0.0,0.0,807.6,0.0,0.0,0.0,0.0
2020,6/1/2020,MC,Nearshore,95,Martin County 2,951,22,0.0,0.0,0.0,0.0,0.0,0.0,0.0,0.0,0.0,0.0,0.0,0.0,0.0,0.0,0.0,0.0,0.0,0.0,0.0,0.0,0.0,0.0,0.0,0.0,0.0,0.0,0.0,0.0,0.0,0.0,242.1,0.0,0.0,0.0,0.0
2020,6/1/2020,MC,Nearshore,95,Martin County 2,952,22,0.0,0.0,0.0,0.0,0.0,0.0,0.0,0.0,0.0,0.0,0.0,0.0,0.0,0.0,0.0,0.0,0.0,0.0,0.0,0.0,0.0,0.0,0.0,0.0,0.0,0.0,0.0,0.0,0.0,0.0,353.4,0.0,0.0,0.0,0.0
2020,6/1/2020,MC,Nearshore,95,Martin County 2,953,22,0.0,0.0,0.0,0.0,0.0,0.0,0.0,0.0,0.0,0.0,0.0,0.0,0.0,0.0,0.0,0.0,0.0,0.0,0.0,0.0,0.0,0.0,0.0,0.0,0.0,0.0,0.0,0.0,0.0,0.0,52.1,0.0,0.0,0.0,0.0
2020,6/1/2020,MC,Nearshore,95,Martin County 2,954,22,0.0,0.0,0.0,0.0,0.0,0.0,0.0,0.0,0.0,0.0,0.0,0.0,0.0,0.0,0.0,0.0,0.0,0.0,0.0,0.0,0.0,0.0,0.0,0.0,0.0,0.0,44.5,0.0,0.0,0.0,115.3,0.0,0.0,0.0,0.0
2020,7/27/2020,PBC,Outer,97,Palm Beach 4,971,22,0.0,0.0,0.0,0.0,0.0,0.0,0.0,0.0,0.0,0.0,0.0,0.0,0.0,0.0,588.4,0.0,0.0,0.0,0.0,0.0,0.0,0.0,0.0,0.0,340.1,0.0,0.0,0.0,0.0,0.0,119.6,0.0,130.2,0.0,0.0
2020,7/27/2020,PBC,Outer,97,Palm Beach 4,972,22,0.0,0.0,0.0,0.0,0.0,0.0,0.0,0.0,0.0,0.0,0.0,98.9,0.0,0.0,2372.9,0.0,0.0,0.0,0.0,0.0,0.0,0.0,0.0,0.0,807.0,45.2,0.0,0.0,0.0,0.0,394.9,0.0,433.0,0.0,0.0
2020,7/27/2020,PBC,Outer,97,Palm Beach 4,973,22,0.0,0.0,0.0,0.0,0.0,0.0,0.0,0.0,0.0,0.0,0.0,0.0,0.0,0.0,266.8,0.0,0.0,0.0,0.0,0.0,0.0,0.0,0.0,0.0,834.4,0.0,0.0,0.0,0.0,0.0,68.4,0.0,135.0,0.0,0.0
2020,7/27/2020,PBC,Outer,97,Palm Beach 4,974,22,0.0,0.0,0.0,0.0,0.0,0.0,0.0,0.0,0.0,0.0,0.0,285.9,0.0,0.0,2658.5,0.0,0.0,0.0,0.0,0.0,0.0,0.0,0.0,0.0,945.7,0.0,0.0,0.0,17.4,0.0,346.8,0.0,600.3,0.0,0.0
2020,8/6/2020,PBC,Outer,98,Palm Beach 5,981,22,0.0,0.0,0.0,0.0,0.0,0.0,0.0,0.0,0.0,0.0,0.0,0.0,0.0,84.3,382.9,0.0,0.0,0.0,0.0,0.0,0.0,0.0,0.0,0.0,3310.3,0.0,0.0,0.0,0.0,0.0,137.9,0.0,48.9,0.0,0.0
2020,8/6/2020,PBC,Outer,98,Palm Beach 5,982,22,0.0,0.0,0.0,0.0,17.4,0.0,0.0,0.0,0.0,0.0,0.0,0.0,0.0,0.0,326.2,0.0,0.0,0.0,0.0,0.0,0.0,332.3,0.0,0.0,2140.9,0.0,0.0,0.0,0.0,17.4,717.6,0.0,339.7,0.0,0.0
2020,8/6/2020,PBC,Outer,98,Palm Beach 5,983,22,0.0,0.0,0.0,0.0,0.0,0.0,0.0,0.0,0.0,0.0,0.0,0.0,0.0,44.5,361.4,0.0,0.0,0.0,0.0,0.0,0.0,0.0,0.0,0.0,1737.5,43.5,0.0,0.0,0.0,0.0,238.4,0.0,221.4,0.0,0.0
2020,8/6/2020,PBC,Outer,98,Palm Beach 5,984,22,0.0,0.0,365.4,0.0,0.0,0.0,0.0,0.0,0.0,0.0,0.0,239.5,0.0,17.4,3504.4,0.0,0.0,0.0,0.0,0.0,0.0,81.7,0.0,0.0,2630.4,0.0,0.0,0.0,0.0,0.0,352.4,0.0,228.2,0.0,0.0
2020,7/8/2020,DC,Outer,99,Dade County 4,991,22,0.0,0.0,0.0,0.0,0.0,0.0,0.0,0.0,0.0,0.0,0.0,0.0,0.0,17.4,1965.6,0.0,67.3,0.0,0.0,0.0,0.0,0.0,1366.2,0.0,276.2,17.4,0.0,0.0,0.0,0.0,724.3,0.0,461.0,0.0,0.0
2020,7/8/2020,DC,Outer,99,Dade County 4,992,22,0.0,0.0,0.0,0.0,0.0,0.0,0.0,0.0,0.0,0.0,0.0,0.0,0.0,0.0,891.8,0.0,0.0,0.0,0.0,0.0,0.0,0.0,0.0,0.0,341.2,0.0,0.0,0.0,0.0,0.0,791.0,858.6,211.2,0.0,0.0
2020,7/8/2020,DC,Outer,99,Dade County 4,993,22,0.0,0.0,1246.4,0.0,0.0,0.0,0.0,0.0,0.0,0.0,0.0,106.3,0.0,0.0,821.4,0.0,0.0,0.0,0.0,0.0,0.0,0.0,0.0,0.0,825.6,0.0,0.0,0.0,0.0,0.0,363.3,0.0,417.6,0.0,43.3
2020,7/8/2020,DC,Outer,99,Dade County 4,994,22,0.0,0.0,0.0,0.0,69.8,0.0,0.0,0.0,0.0,0.0,0.0,0.0,0.0,0.0,385.9,0.0,0.0,0.0,0.0,0.0,0.0,0.0,0.0,0.0,1013.7,0.0,0.0,0.0,0.0,0.0,558.1,0.0,139.3,0.0,149.2
2021,8/20/2021,DC,Inner,0,Dade County 5,1,22,0.0,0.0,0.0,0.0,25.1,0.0,44.6,0.0,0.0,0.0,0.0,512.1,0.0,0.0,1280.3,0.0,0.0,0.0,0.0,0.0,0.0,0.0,0.0,0.0,6780.7,414.4,0.0,0.0,0.0,0.0,974.0,0.0,851.2,0.0,7534.6
2021,8/20/2021,DC,Inner,0,Dade County 5,2,22,0.0,117.7,0.0,0.0,49.7,0.0,0.0,0.0,0.0,0.0,0.0,1395.6,0.0,0.0,34.2,0.0,477.3,0.0,0.0,0.0,0.0,17.2,0.0,0.0,2006.5,287.6,0.0,84.3,0.0,0.0,742.3,0.0,538.1,0.0,4998.7
2021,8/20/2021,DC,Inner,0,Dade County 5,3,22,0.0,17.4,0.0,0.0,24.6,0.0,0.0,0.0,0.0,0.0,0.0,0.0,0.0,0.0,17.4,0.0,0.0,0.0,0.0,0.0,0.0,1084.0,0.0,0.0,1916.0,509.2,0.0,0.0,0.0,0.0,903.9,0.0,157.1,0.0,5771.2
2021,8/20/2021,DC,Inner,0,Dade County 5,4,22,0.0,0.0,0.0,0.0,0.0,314.2,0.0,0.0,0.0,0.0,0.0,0.0,0.0,0.0,25.1,0.0,0.0,0.0,0.0,0.0,0.0,0.0,0.0,0.0,1862.6,213.3,0.0,0.0,0.0,0.0,449.2,0.0,151.1,0.0,6668.8
2021,5/12/2021,BC,Inner,1,Broward County 4,11,22,0.0,17.4,0.0,0.0,0.0,0.0,0.0,0.0,0.0,0.0,0.0,0.0,0.0,0.0,847.9,0.0,0.0,0.0,0.0,0.0,0.0,0.0,0.0,0.0,5011.1,504.3,0.0,23.9,0.0,0.0,3569.6,0.0,712.8,0.0,208.4
2021,5/12/2021,BC,Inner,1,Broward County 4,12,22,0.0,0.0,0.0,0.0,0.0,24.6,0.0,0.0,0.0,0.0,0.0,0.0,0.0,0.0,3534.3,0.0,0.0,0.0,0.0,0.0,0.0,0.0,0.0,0.0,5043.3,290.6,222.7,34.3,0.0,0.0,1125.8,196.3,196.4,0.0,186.0
2021,5/12/2021,BC,Inner,1,Broward County 4,13,22,0.0,23.8,0.0,0.0,0.0,0.0,0.0,0.0,0.0,0.0,0.0,756.0,0.0,0.0,81.3,0.0,0.0,0.0,0.0,0.0,0.0,348.6,0.0,0.0,6213.7,689.1,0.0,0.0,0.0,0.0,794.2,0.0,1038.1,0.0,128.5
2021,5/12/2021,BC,Inner,1,Broward County 4,14,22,0.0,93.9,0.0,0.0,0.0,0.0,0.0,0.0,0.0,0.0,0.0,0.0,0.0,0.0,55.4,0.0,0.0,0.0,0.0,0.0,0.0,7335.8,0.0,0.0,8451.7,650.3,0.0,0.0,0.0,0.0,3254.2,0.0,1014.5,0.0,276.3
2021,7/14/2021,BC,Middle,2,Broward County 5,21,22,0.0,0.0,0.0,0.0,0.0,0.0,0.0,0.0,0.0,0.0,0.0,0.0,0.0,0.0,75.5,0.0,0.0,0.0,0.0,0.0,0.0,0.0,0.0,0.0,0.0,205.2,0.0,0.0,0.0,0.0,470.3,0.0,347.7,0.0,0.0
2021,7/14/2021,BC,Middle,2,Broward County 5,22,22,0.0,0.0,0.0,0.0,0.0,0.0,0.0,0.0,0.0,0.0,0.0,0.0,0.0,100.8,967.0,0.0,0.0,0.0,0.0,0.0,0.0,0.0,0.0,0.0,25.1,0.0,0.0,0.0,0.0,0.0,176.5,0.0,34.7,0.0,0.0
2021,7/14/2021,BC,Middle,2,Broward County 5,23,22,0.0,0.0,0.0,0.0,0.0,0.0,56.5,0.0,0.0,0.0,0.0,0.0,0.0,0.0,1316.6,0.0,0.0,0.0,0.0,0.0,0.0,0.0,0.0,0.0,759.5,74.7,0.0,0.0,0.0,0.0,224.0,0.0,518.0,0.0,0.0
2021,7/14/2021,BC,Middle,2,Broward County 5,24,22,0.0,0.0,0.0,0.0,0.0,0.0,0.0,0.0,0.0,0.0,0.0,0.0,0.0,0.0,59.3,0.0,0.0,0.0,0.0,0.0,0.0,0.0,0.0,0.0,1139.8,312.6,0.0,0.0,0.0,0.0,291.0,0.0,137.6,0.0,0.0
2021,7/14/2021,BC,Outer,3,Broward County 6,31,22,0.0,0.0,0.0,0.0,0.0,0.0,0.0,0.0,0.0,0.0,0.0,0.0,0.0,20.1,133.7,0.0,137.1,0.0,0.0,0.0,0.0,0.0,0.0,0.0,1204.0,0.0,0.0,0.0,0.0,0.0,436.0,0.0,1253.5,0.0,0.0
2021,7/14/2021,BC,Outer,3,Broward County 6,32,22,0.0,0.0,0.0,0.0,0.0,0.0,0.0,0.0,0.0,0.0,0.0,0.0,0.0,0.0,2399.6,0.0,0.0,0.0,0.0,0.0,0.0,0.0,0.0,0.0,1015.7,0.0,0.0,0.0,0.0,0.0,32.4,0.0,0.0,0.0,0.0
2021,7/14/2021,BC,Outer,3,Broward County 6,33,22,0.0,0.0,0.0,0.0,0.0,0.0,0.0,0.0,0.0,0.0,0.0,0.0,0.0,107.3,563.1,0.0,0.0,0.0,0.0,0.0,0.0,0.0,0.0,0.0,241.9,0.0,0.0,0.0,0.0,0.0,147.1,0.0,93.0,0.0,0.0
2021,7/14/2021,BC,Outer,3,Broward County 6,34,22,0.0,0.0,0.0,0.0,0.0,0.0,0.0,0.0,0.0,0.0,0.0,0.0,0.0,0.0,17.4,0.0,0.0,0.0,0.0,0.0,0.0,0.0,0.0,0.0,165.0,0.0,0.0,0.0,0.0,0.0,245.3,0.0,17.2,0.0,0.0
2021,6/17/2021,DC,Nearshore,4,Dade County 6,41,22,0.0,0.0,0.0,0.0,0.0,0.0,0.0,0.0,0.0,0.0,0.0,0.0,0.0,0.0,0.0,0.0,0.0,0.0,0.0,0.0,0.0,0.0,0.0,0.0,2449.5,319.8,0.0,0.0,0.0,0.0,75.2,846.6,115.1,0.0,0.0
2021,6/17/2021,DC,Nearshore,4,Dade County 6,42,22,0.0,0.0,0.0,0.0,0.0,0.0,0.0,0.0,0.0,0.0,0.0,0.0,0.0,0.0,0.0,0.0,0.0,0.0,0.0,0.0,0.0,0.0,0.0,0.0,2498.3,557.6,0.0,0.0,0.0,0.0,609.4,0.0,0.0,0.0,0.0
2021,6/17/2021,DC,Nearshore,4,Dade County 6,43,22,0.0,0.0,0.0,0.0,0.0,0.0,0.0,0.0,0.0,0.0,0.0,0.0,0.0,0.0,4050.1,0.0,0.0,0.0,0.0,0.0,0.0,0.0,0.0,0.0,6480.3,720.4,0.0,1268.5,0.0,0.0,83.7,2088.8,115.1,0.0,0.0
2021,6/17/2021,DC,Nearshore,4,Dade County 6,44,22,2435.9,0.0,0.0,0.0,0.0,0.0,0.0,0.0,0.0,0.0,0.0,0.0,0.0,0.0,0.0,0.0,0.0,0.0,0.0,0.0,0.0,0.0,0.0,0.0,3454.4,803.0,0.0,0.0,0.0,0.0,7537.2,0.0,0.0,0.0,0.0
2021,6/17/2021,DC,Middle,5,Dade County 7,51,22,0.0,0.0,0.0,0.0,0.0,0.0,217.9,0.0,0.0,0.0,0.0,0.0,0.0,50.7,82.2,0.0,1494.3,0.0,0.0,0.0,0.0,501.3,0.0,0.0,44.5,0.0,0.0,0.0,0.0,0.0,549.0,0.0,447.5,0.0,0.0
2021,6/17/2021,DC,Middle,5,Dade County 7,52,22,0.0,0.0,0.0,0.0,0.0,0.0,279.2,0.0,0.0,0.0,0.0,65.1,0.0,99.5,66.6,0.0,0.0,0.0,0.0,0.0,0.0,1989.9,0.0,0.0,752.0,0.0,0.0,0.0,0.0,0.0,161.4,0.0,532.4,0.0,44.5
2021,6/17/2021,DC,Middle,5,Dade County 7,53,22,0.0,0.0,0.0,0.0,0.0,0.0,69.5,0.0,0.0,0.0,0.0,23.9,425.5,0.0,182.0,0.0,0.0,0.0,0.0,0.0,0.0,0.0,0.0,0.0,679.4,0.0,0.0,0.0,34.2,0.0,619.5,0.0,912.6,0.0,57.3
2021,6/17/2021,DC,Middle,5,Dade County 7,54,22,0.0,0.0,0.0,0.0,112.3,0.0,0.0,0.0,0.0,0.0,0.0,0.0,0.0,148.1,139.6,0.0,0.0,0.0,0.0,0.0,0.0,0.0,0.0,0.0,367.1,0.0,0.0,0.0,0.0,0.0,819.0,12.6,236.0,0.0,0.0
2021,7/23/2021,DC,Nearshore,6,Dade County 8,61,22,0.0,0.0,0.0,0.0,95.2,0.0,0.0,0.0,0.0,0.0,0.0,0.0,0.0,0.0,3744.3,0.0,0.0,0.0,0.0,0.0,0.0,0.0,0.0,0.0,0.0,0.0,0.0,0.0,0.0,0.0,580.8,456.5,668.5,0.0,0.0
2021,7/23/2021,DC,Nearshore,6,Dade County 8,62,22,0.0,0.0,0.0,0.0,0.0,23.9,0.0,0.0,0.0,0.0,0.0,0.0,0.0,0.0,0.0,0.0,0.0,0.0,0.0,0.0,0.0,0.0,0.0,0.0,464.0,0.0,0.0,0.0,0.0,0.0,271.4,0.0,812.4,0.0,0.0
2021,7/23/2021,DC,Nearshore,6,Dade County 8,63,22,0.0,0.0,0.0,0.0,56.0,0.0,0.0,0.0,0.0,0.0,0.0,0.0,0.0,0.0,1383.3,0.0,0.0,0.0,0.0,0.0,0.0,0.0,0.0,0.0,0.0,44.1,0.0,0.0,0.0,0.0,752.9,233.3,369.9,0.0,0.0
2021,7/23/2021,DC,Nearshore,6,Dade County 8,64,22,0.0,0.0,0.0,0.0,221.7,0.0,0.0,0.0,0.0,0.0,0.0,0.0,0.0,0.0,1276.3,0.0,0.0,0.0,0.0,0.0,0.0,0.0,0.0,0.0,116.1,17.4,0.0,0.0,0.0,0.0,139.9,0.0,340.4,0.0,0.0
2021,8/3/2021,PBC,Nearshore,84,Palm Beach 1,841,22,0.0,0.0,0.0,0.0,0.0,0.0,0.0,0.0,0.0,0.0,0.0,0.0,0.0,0.0,0.0,0.0,0.0,0.0,40.1,0.0,0.0,0.0,0.0,0.0,0.0,0.0,0.0,0.0,0.0,0.0,160.3,426.2,0.0,0.0,0.0
2021,8/3/2021,PBC,Nearshore,84,Palm Beach 1,842,22,0.0,0.0,0.0,0.0,0.0,0.0,0.0,0.0,0.0,0.0,0.0,0.0,0.0,0.0,0.0,0.0,0.0,0.0,0.0,0.0,0.0,0.0,0.0,0.0,0.0,0.0,0.0,0.0,0.0,0.0,45.2,0.0,0.0,0.0,0.0
2021,8/3/2021,PBC,Nearshore,84,Palm Beach 1,843,22,0.0,0.0,0.0,0.0,0.0,0.0,0.0,0.0,0.0,0.0,0.0,0.0,0.0,0.0,0.0,0.0,0.0,0.0,0.0,0.0,0.0,0.0,0.0,0.0,0.0,0.0,0.0,0.0,0.0,0.0,261.0,0.0,0.0,0.0,0.0
2021,8/3/2021,PBC,Nearshore,84,Palm Beach 1,844,22,0.0,0.0,0.0,0.0,0.0,0.0,0.0,0.0,0.0,0.0,0.0,0.0,0.0,0.0,0.0,0.0,0.0,0.0,0.0,0.0,0.0,0.0,0.0,0.0,0.0,0.0,0.0,0.0,0.0,0.0,129.5,0.0,0.0,0.0,0.0
2021,8/3/2021,PBC,Outer,85,Palm Beach 2,851,22,0.0,0.0,0.0,0.0,0.0,0.0,0.0,0.0,0.0,0.0,642.1,0.0,0.0,40.1,4484.3,0.0,0.0,0.0,0.0,0.0,0.0,0.0,0.0,0.0,297.7,0.0,0.0,0.0,0.0,0.0,179.0,0.0,31.3,0.0,0.0
2021,8/3/2021,PBC,Outer,85,Palm Beach 2,852,22,0.0,0.0,0.0,0.0,0.0,0.0,0.0,0.0,0.0,0.0,621.6,0.0,0.0,0.0,1210.0,0.0,0.0,0.0,0.0,0.0,0.0,0.0,0.0,0.0,404.0,0.0,0.0,0.0,0.0,0.0,0.0,0.0,20.1,0.0,0.0
2021,8/3/2021,PBC,Outer,85,Palm Beach 2,853,22,0.0,0.0,0.0,0.0,0.0,0.0,0.0,0.0,0.0,0.0,337.1,0.0,0.0,0.0,66.6,0.0,0.0,0.0,0.0,0.0,0.0,0.0,0.0,0.0,404.4,17.4,0.0,0.0,0.0,0.0,112.1,0.0,47.9,0.0,0.0
2021,8/3/2021,PBC,Outer,85,Palm Beach 2,854,22,0.0,0.0,0.0,0.0,0.0,0.0,0.0,0.0,0.0,0.0,523.3,0.0,0.0,44.5,2640.6,0.0,0.0,0.0,0.0,0.0,0.0,0.0,0.0,0.0,863.9,0.0,0.0,0.0,0.0,0.0,86.0,0.0,25.1,0.0,0.0
2021,8/4/2021,PBC,Outer,86,Palm Beach 3,861,22,0.0,0.0,0.0,0.0,0.0,0.0,0.0,0.0,0.0,0.0,0.0,0.0,0.0,0.0,851.4,0.0,0.0,0.0,0.0,0.0,0.0,0.0,0.0,0.0,1775.1,0.0,0.0,0.0,0.0,0.0,181.0,0.0,0.0,0.0,0.0
2021,8/4/2021,PBC,Outer,86,Palm Beach 3,862,22,0.0,0.0,0.0,0.0,0.0,0.0,0.0,0.0,0.0,0.0,0.0,560.4,0.0,0.0,376.2,0.0,0.0,0.0,0.0,0.0,0.0,0.0,0.0,0.0,1234.2,0.0,0.0,0.0,0.0,0.0,17.1,0.0,129.8,0.0,977.3
2021,8/4/2021,PBC,Outer,86,Palm Beach 3,863,22,0.0,0.0,0.0,0.0,0.0,0.0,0.0,0.0,0.0,0.0,0.0,630.8,0.0,84.3,166.7,0.0,100.3,0.0,0.0,0.0,0.0,0.0,0.0,0.0,661.9,0.0,0.0,0.0,0.0,0.0,34.2,0.0,203.5,0.0,0.0
2021,8/4/2021,PBC,Outer,86,Palm Beach 3,864,22,0.0,0.0,0.0,0.0,0.0,0.0,0.0,0.0,0.0,0.0,0.0,0.0,0.0,0.0,285.8,0.0,0.0,0.0,0.0,0.0,0.0,0.0,0.0,0.0,235.4,0.0,0.0,0.0,0.0,0.0,0.0,0.0,0.0,0.0,0.0
2021,7/2/2021,BC,Nearshore,87,Broward County 1,871,22,0.0,0.0,0.0,0.0,0.0,0.0,0.0,0.0,0.0,0.0,0.0,50.6,0.0,0.0,38578.1,0.0,0.0,0.0,0.0,0.0,0.0,2356.2,0.0,0.0,594.1,0.0,0.0,0.0,0.0,0.0,1935.4,0.0,1415.1,0.0,17.4
2021,7/2/2021,BC,Nearshore,87,Broward County 1,872,22,0.0,0.0,0.0,0.0,0.0,0.0,0.0,0.0,0.0,0.0,0.0,1273.8,0.0,0.0,40655.6,0.0,0.0,0.0,0.0,0.0,0.0,0.0,0.0,0.0,474.6,65.8,0.0,0.0,0.0,0.0,2644.0,0.0,1904.0,0.0,178.1
2021,7/2/2021,BC,Nearshore,87,Broward County 1,873,22,0.0,0.0,0.0,0.0,0.0,0.0,0.0,0.0,0.0,0.0,0.0,0.0,0.0,0.0,65628.1,0.0,0.0,0.0,0.0,0.0,0.0,2641.0,0.0,0.0,0.0,0.0,0.0,0.0,0.0,0.0,1244.4,42.9,0.0,0.0,221.2
2021,7/2/2021,BC,Nearshore,87,Broward County 1,874,22,0.0,0.0,0.0,0.0,0.0,0.0,0.0,0.0,0.0,0.0,0.0,0.0,0.0,0.0,41247.6,0.0,0.0,0.0,0.0,0.0,0.0,0.0,0.0,0.0,368.1,0.0,0.0,0.0,0.0,0.0,343.8,0.0,766.4,0.0,0.0
2021,7/22/2021,BC,Middle,88,Broward County 2,881,22,0.0,0.0,0.0,0.0,0.0,0.0,0.0,0.0,0.0,0.0,0.0,0.0,0.0,56.5,238.7,0.0,0.0,0.0,0.0,0.0,0.0,295.1,0.0,0.0,202.3,328.2,0.0,0.0,0.0,0.0,1175.3,0.0,89.0,0.0,0.0
2021,7/22/2021,BC,Middle,88,Broward County 2,882,22,0.0,0.0,98.3,44.5,0.0,0.0,0.0,0.0,0.0,0.0,0.0,0.0,0.0,0.0,133.0,0.0,0.0,0.0,0.0,0.0,0.0,0.0,0.0,0.0,0.0,0.0,0.0,0.0,0.0,0.0,198.0,0.0,149.1,0.0,0.0
2021,7/22/2021,BC,Middle,88,Broward County 2,883,22,0.0,0.0,0.0,0.0,40.1,0.0,0.0,0.0,0.0,0.0,0.0,0.0,0.0,0.0,310.5,0.0,0.0,0.0,0.0,0.0,0.0,2940.3,0.0,0.0,682.6,196.7,0.0,0.0,0.0,0.0,633.8,0.0,332.0,0.0,0.0
2021,7/22/2021,BC,Middle,88,Broward County 2,884,22,0.0,0.0,0.0,0.0,0.0,0.0,0.0,0.0,0.0,0.0,0.0,555.0,0.0,0.0,100.9,0.0,0.0,0.0,0.0,0.0,0.0,0.0,0.0,0.0,1560.1,0.0,0.0,0.0,0.0,0.0,386.5,0.0,451.9,0.0,0.0
2021,7/2/2021,BC,Outer,89,Broward County 3,891,22,0.0,0.0,0.0,0.0,0.0,0.0,55.7,0.0,0.0,0.0,0.0,0.0,0.0,0.0,229.0,0.0,0.0,0.0,0.0,0.0,0.0,0.0,0.0,0.0,787.5,0.0,0.0,0.0,0.0,0.0,144.7,0.0,229.6,0.0,0.0
2021,7/2/2021,BC,Outer,89,Broward County 3,892,22,0.0,0.0,0.0,0.0,17.4,0.0,0.0,0.0,0.0,0.0,0.0,121.7,0.0,44.5,244.2,0.0,0.0,0.0,0.0,0.0,0.0,0.0,0.0,0.0,1028.5,0.0,0.0,100.3,0.0,0.0,160.3,111.5,205.2,0.0,0.0
2021,7/2/2021,BC,Outer,89,Broward County 3,893,22,0.0,0.0,0.0,0.0,0.0,0.0,0.0,0.0,0.0,0.0,0.0,0.0,0.0,0.0,1232.7,0.0,0.0,0.0,0.0,0.0,0.0,0.0,0.0,0.0,100.2,0.0,0.0,0.0,0.0,0.0,272.4,0.0,383.2,0.0,0.0
2021,7/2/2021,BC,Outer,89,Broward County 3,894,22,0.0,0.0,460.4,0.0,25.1,0.0,0.0,0.0,0.0,0.0,0.0,0.0,0.0,0.0,198.7,0.0,0.0,0.0,0.0,0.0,0.0,0.0,0.0,0.0,0.0,0.0,0.0,0.0,0.0,0.0,927.2,0.0,617.5,0.0,0.0
2021,7/22/2021,BC,Nearshore,90,Broward County A,901,22,0.0,0.0,0.0,0.0,0.0,0.0,0.0,0.0,0.0,0.0,0.0,0.0,0.0,0.0,0.0,0.0,0.0,0.0,0.0,0.0,0.0,0.0,0.0,0.0,821.3,14.8,0.0,0.0,0.0,0.0,0.0,0.0,226.2,0.0,426.4
2021,7/22/2021,BC,Nearshore,90,Broward County A,902,22,0.0,0.0,0.0,0.0,0.0,0.0,0.0,0.0,0.0,0.0,0.0,0.0,0.0,0.0,0.0,0.0,0.0,0.0,0.0,0.0,0.0,0.0,0.0,0.0,849.1,248.0,0.0,0.0,0.0,0.0,0.0,0.0,34.2,0.0,1450.2
2021,7/22/2021,BC,Nearshore,90,Broward County A,903,22,0.0,0.0,0.0,0.0,0.0,0.0,0.0,0.0,0.0,0.0,0.0,0.0,0.0,0.0,25.1,0.0,0.0,0.0,0.0,0.0,0.0,0.0,0.0,0.0,1400.6,95.5,0.0,0.0,0.0,0.0,0.0,0.0,0.0,0.0,2981.3
2021,7/22/2021,BC,Nearshore,90,Broward County A,904,22,0.0,0.0,0.0,0.0,0.0,0.0,0.0,0.0,0.0,0.0,0.0,0.0,0.0,0.0,0.0,0.0,0.0,0.0,0.0,0.0,0.0,0.0,0.0,0.0,348.9,152.6,0.0,0.0,0.0,0.0,0.0,0.0,0.0,0.0,5000.8
2021,7/15/2021,DC,Inner,91,Dade County 1,911,22,2046.6,0.0,0.0,0.0,0.0,0.0,0.0,0.0,0.0,0.0,0.0,0.0,0.0,0.0,6293.2,0.0,0.0,0.0,0.0,0.0,0.0,0.0,0.0,0.0,5420.9,364.8,0.0,0.0,0.0,0.0,4067.4,0.0,15.3,0.0,144.1
2021,7/15/2021,DC,Inner,91,Dade County 1,912,22,3614.0,34.7,0.0,0.0,0.0,0.0,0.0,0.0,0.0,0.0,0.0,0.0,0.0,100.2,11722.9,0.0,0.0,0.0,0.0,0.0,0.0,0.0,0.0,0.0,6733.3,96.9,0.0,0.0,0.0,0.0,2996.1,0.0,414.2,0.0,0.0
2021,7/15/2021,DC,Inner,91,Dade County 1,913,22,906.6,0.0,0.0,0.0,0.0,0.0,0.0,0.0,0.0,0.0,0.0,0.0,0.0,0.0,4202.7,0.0,0.0,0.0,0.0,0.0,0.0,0.0,0.0,0.0,4814.3,731.3,0.0,0.0,0.0,0.0,5803.5,1976.3,368.0,0.0,446.8
2021,7/15/2021,DC,Inner,91,Dade County 1,914,22,8829.9,0.0,0.0,953.7,0.0,0.0,0.0,0.0,0.0,0.0,0.0,0.0,0.0,0.0,10825.3,0.0,0.0,0.0,0.0,0.0,0.0,0.0,0.0,0.0,4314.5,595.8,0.0,0.0,0.0,17.0,1717.5,77.9,185.9,0.0,33.9
2021,8/20/2021,DC,Middle,92,Dade County 2,921,22,0.0,0.0,0.0,0.0,185.4,0.0,193.9,0.0,0.0,0.0,0.0,0.0,0.0,0.0,17.4,0.0,0.0,0.0,0.0,0.0,0.0,0.0,0.0,0.0,225.7,0.0,0.0,0.0,0.0,0.0,466.5,0.0,549.6,0.0,0.0
2021,8/20/2021,DC,Middle,92,Dade County 2,922,22,0.0,0.0,0.0,0.0,0.0,0.0,325.5,0.0,0.0,0.0,0.0,0.0,0.0,67.3,17.4,0.0,0.0,0.0,0.0,0.0,0.0,0.0,0.0,0.0,0.0,0.0,0.0,40.5,0.0,0.0,383.1,0.0,1167.3,0.0,0.0
2021,8/20/2021,DC,Middle,92,Dade County 2,923,22,0.0,0.0,0.0,0.0,0.0,0.0,0.0,0.0,0.0,0.0,0.0,303.4,0.0,20.1,153.2,0.0,0.0,0.0,0.0,0.0,0.0,0.0,2055.3,0.0,0.0,0.0,0.0,0.0,0.0,0.0,966.6,0.0,743.0,0.0,17.4
2021,8/20/2021,DC,Middle,92,Dade County 2,924,22,0.0,0.0,0.0,0.0,0.0,0.0,117.9,0.0,0.0,0.0,0.0,0.0,0.0,0.0,418.0,0.0,25.1,0.0,0.0,0.0,0.0,0.0,0.0,0.0,572.5,468.5,0.0,0.0,0.0,0.0,505.0,0.0,1419.5,0.0,0.0
2021,7/15/2021,DC,Outer,93,Dade County 3,931,22,0.0,0.0,0.0,0.0,0.0,0.0,0.0,0.0,0.0,0.0,0.0,0.0,0.0,64.5,0.0,0.0,0.0,0.0,0.0,0.0,0.0,0.0,0.0,0.0,1536.7,0.0,0.0,0.0,0.0,0.0,273.4,0.0,106.1,0.0,0.0
2021,7/15/2021,DC,Outer,93,Dade County 3,932,22,0.0,0.0,0.0,0.0,0.0,0.0,0.0,0.0,0.0,0.0,0.0,458.0,0.0,44.5,239.1,0.0,0.0,0.0,0.0,0.0,0.0,0.0,0.0,0.0,223.4,0.0,0.0,0.0,0.0,0.0,694.3,0.0,29.0,0.0,0.0
2021,7/15/2021,DC,Outer,93,Dade County 3,933,22,0.0,0.0,0.0,0.0,0.0,0.0,0.0,0.0,0.0,0.0,0.0,357.4,0.0,0.0,169.1,0.0,115.1,0.0,0.0,0.0,0.0,0.0,0.0,0.0,0.0,0.0,0.0,0.0,0.0,0.0,42.2,0.0,314.2,0.0,0.0
2021,7/15/2021,DC,Outer,93,Dade County 3,934,22,0.0,0.0,0.0,0.0,0.0,0.0,0.0,0.0,0.0,0.0,0.0,42.4,0.0,0.0,231.1,0.0,0.0,0.0,0.0,0.0,0.0,0.0,0.0,0.0,1200.2,0.0,0.0,0.0,0.0,0.0,98.3,0.0,58.9,0.0,0.0
2021,6/1/2021,MC,Nearshore,94,Martin County 1,941,22,0.0,0.0,0.0,0.0,0.0,0.0,0.0,0.0,0.0,0.0,0.0,0.0,0.0,0.0,0.0,0.0,0.0,0.0,0.0,0.0,0.0,0.0,0.0,0.0,27454.7,0.0,0.0,0.0,0.0,0.0,961.6,0.0,0.0,0.0,0.0
2021,6/1/2021,MC,Nearshore,94,Martin County 1,942,22,0.0,0.0,0.0,0.0,0.0,0.0,0.0,0.0,0.0,0.0,0.0,0.0,0.0,0.0,0.0,0.0,0.0,0.0,0.0,0.0,0.0,0.0,0.0,0.0,3299.6,0.0,0.0,0.0,0.0,0.0,782.1,0.0,0.0,0.0,0.0
2021,6/1/2021,MC,Nearshore,94,Martin County 1,943,22,0.0,0.0,0.0,0.0,0.0,0.0,0.0,0.0,0.0,56.3,0.0,0.0,0.0,0.0,0.0,0.0,0.0,0.0,150.3,0.0,0.0,0.0,0.0,0.0,3829.0,0.0,0.0,0.0,0.0,0.0,447.2,0.0,0.0,0.0,0.0
2021,6/1/2021,MC,Nearshore,94,Martin County 1,944,22,0.0,0.0,0.0,0.0,0.0,0.0,0.0,0.0,0.0,102.5,0.0,0.0,0.0,0.0,56.5,0.0,0.0,0.0,0.0,0.0,0.0,0.0,0.0,0.0,12269.3,0.0,0.0,0.0,0.0,0.0,1021.5,0.0,0.0,0.0,0.0
2021,6/1/2021,MC,Nearshore,95,Martin County 2,951,22,0.0,0.0,0.0,0.0,0.0,0.0,0.0,0.0,0.0,0.0,0.0,0.0,0.0,0.0,0.0,0.0,0.0,0.0,0.0,0.0,0.0,0.0,0.0,0.0,0.0,0.0,0.0,0.0,0.0,0.0,289.2,0.0,0.0,0.0,0.0
2021,6/1/2021,MC,Nearshore,95,Martin County 2,952,22,0.0,0.0,0.0,0.0,0.0,0.0,0.0,0.0,0.0,0.0,0.0,0.0,0.0,0.0,0.0,0.0,0.0,0.0,0.0,0.0,0.0,0.0,0.0,0.0,0.0,0.0,0.0,0.0,0.0,0.0,388.8,0.0,0.0,0.0,0.0
2021,6/1/2021,MC,Nearshore,95,Martin County 2,953,22,0.0,0.0,0.0,0.0,0.0,0.0,0.0,0.0,0.0,0.0,0.0,0.0,0.0,0.0,0.0,0.0,0.0,0.0,0.0,0.0,0.0,0.0,0.0,0.0,0.0,0.0,0.0,0.0,0.0,0.0,105.7,0.0,0.0,0.0,0.0
2021,6/1/2021,MC,Nearshore,95,Martin County 2,954,22,0.0,0.0,0.0,0.0,0.0,0.0,0.0,0.0,0.0,0.0,0.0,0.0,0.0,0.0,0.0,0.0,0.0,0.0,0.0,0.0,0.0,0.0,0.0,0.0,0.0,0.0,0.0,111.8,0.0,0.0,247.9,0.0,0.0,0.0,0.0
2021,8/5/2021,PBC,Outer,97,Palm Beach 4,971,22,0.0,0.0,0.0,0.0,0.0,0.0,0.0,0.0,0.0,0.0,0.0,0.0,0.0,0.0,800.4,0.0,0.0,0.0,0.0,0.0,0.0,0.0,0.0,0.0,512.8,0.0,0.0,0.0,0.0,0.0,112.4,0.0,173.7,0.0,25.1
2021,8/5/2021,PBC,Outer,97,Palm Beach 4,972,22,0.0,0.0,0.0,0.0,22.6,0.0,0.0,0.0,0.0,0.0,0.0,0.0,0.0,0.0,2371.4,0.0,0.0,0.0,0.0,0.0,0.0,0.0,0.0,0.0,633.9,141.0,0.0,0.0,0.0,0.0,496.0,0.0,489.0,0.0,0.0
2021,8/5/2021,PBC,Outer,97,Palm Beach 4,973,22,0.0,0.0,0.0,0.0,0.0,0.0,0.0,0.0,0.0,0.0,0.0,0.0,0.0,17.4,387.2,0.0,0.0,0.0,0.0,0.0,0.0,0.0,0.0,0.0,1180.0,0.0,0.0,0.0,0.0,0.0,156.7,0.0,135.1,0.0,0.0
2021,8/5/2021,PBC,Outer,97,Palm Beach 4,974,22,0.0,0.0,0.0,0.0,0.0,0.0,0.0,0.0,0.0,0.0,0.0,618.3,0.0,17.4,2660.0,0.0,0.0,0.0,0.0,0.0,0.0,0.0,0.0,0.0,905.5,107.6,0.0,0.0,0.0,0.0,432.6,0.0,714.8,0.0,0.0
2021,8/2/2021,PBC,Outer,98,Palm Beach 5,981,22,0.0,0.0,0.0,0.0,0.0,156.3,0.0,0.0,0.0,0.0,0.0,0.0,0.0,69.5,424.1,0.0,0.0,0.0,0.0,0.0,0.0,0.0,0.0,0.0,3494.4,0.0,0.0,25.1,0.0,0.0,331.3,0.0,129.0,0.0,0.0
2021,8/2/2021,PBC,Outer,98,Palm Beach 5,982,22,0.0,0.0,0.0,0.0,17.4,0.0,0.0,0.0,0.0,0.0,0.0,0.0,0.0,17.4,229.9,0.0,0.0,0.0,0.0,0.0,0.0,347.3,0.0,0.0,1966.6,0.0,0.0,0.0,0.0,0.0,987.0,0.0,352.5,0.0,0.0
2021,8/2/2021,PBC,Outer,98,Palm Beach 5,983,22,0.0,0.0,0.0,0.0,25.1,0.0,0.0,0.0,0.0,0.0,0.0,0.0,0.0,69.8,478.2,0.0,34.3,0.0,0.0,0.0,0.0,0.0,0.0,0.0,2280.9,50.3,0.0,0.0,0.0,0.0,271.2,0.0,185.8,0.0,0.0
2021,8/2/2021,PBC,Outer,98,Palm Beach 5,984,22,0.0,0.0,649.0,0.0,17.4,0.0,0.0,0.0,0.0,0.0,0.0,641.2,0.0,59.4,4087.4,0.0,0.0,0.0,0.0,0.0,0.0,241.5,0.0,0.0,3025.7,30.9,0.0,0.0,0.0,0.0,413.0,0.0,469.2,0.0,40.1
2021,7/20/2021,DC,Outer,99,Dade County 4,991,22,0.0,0.0,0.0,0.0,0.0,0.0,0.0,0.0,0.0,0.0,0.0,50.1,0.0,25.1,2275.8,0.0,75.7,0.0,0.0,0.0,0.0,69.8,0.0,0.0,688.8,17.4,0.0,0.0,0.0,0.0,856.2,0.0,637.4,0.0,0.0
2021,7/20/2021,DC,Outer,99,Dade County 4,992,22,0.0,0.0,0.0,0.0,250.4,0.0,0.0,0.0,0.0,0.0,0.0,223.2,0.0,0.0,1387.3,0.0,0.0,0.0,0.0,0.0,0.0,0.0,0.0,0.0,314.5,66.3,0.0,0.0,0.0,0.0,654.8,903.2,284.7,0.0,0.0
2021,7/20/2021,DC,Outer,99,Dade County 4,993,22,0.0,0.0,1359.7,0.0,0.0,0.0,0.0,0.0,0.0,0.0,0.0,431.2,0.0,0.0,704.1,0.0,0.0,0.0,0.0,0.0,0.0,0.0,0.0,0.0,1179.8,0.0,0.0,0.0,0.0,0.0,505.3,0.0,66.3,0.0,79.3
2021,7/20/2021,DC,Outer,99,Dade County 4,994,22,0.0,56.3,0.0,0.0,55.4,0.0,59.1,0.0,0.0,0.0,0.0,0.0,0.0,0.0,541.0,0.0,0.0,0.0,0.0,0.0,0.0,0.0,0.0,0.0,1106.1,0.0,0.0,0.0,0.0,0.0,506.7,0.0,32.4,0.0,99.8
2022,8/17/2022,DC,Inner,0,Dade County 5,1,22,0.0,187.7,0.0,0.0,0.0,17.4,100.5,0.0,0.0,0.0,0.0,1578.1,0.0,0.0,1513.1,0.0,0.0,0.0,0.0,0.0,0.0,0.0,0.0,0.0,3643.8,470.7,0.0,0.0,0.0,72.6,1184.1,0.0,1199.4,0.0,10232.7
2022,8/16/2022,DC,Inner,0,Dade County 5,2,22,0.0,93.1,0.0,0.0,77.0,0.0,25.1,0.0,0.0,0.0,0.0,1144.0,0.0,0.0,59.7,0.0,506.8,0.0,0.0,0.0,0.0,0.0,0.0,0.0,2905.4,212.5,0.0,176.9,0.0,0.0,787.3,0.0,841.9,0.0,5201.5
2022,8/16/2022,DC,Inner,0,Dade County 5,3,22,0.0,78.6,0.0,0.0,92.7,0.0,0.0,0.0,0.0,0.0,0.0,0.0,0.0,0.0,25.1,0.0,164.1,0.0,0.0,0.0,0.0,1105.8,0.0,0.0,1409.8,610.5,0.0,0.0,0.0,0.0,1198.5,0.0,128.2,0.0,5243.7
2022,8/16/2022,DC,Inner,0,Dade County 5,4,22,0.0,290.7,0.0,0.0,0.0,0.0,0.0,0.0,0.0,0.0,0.0,55.8,0.0,0.0,73.2,0.0,0.0,0.0,0.0,0.0,0.0,0.0,0.0,0.0,2764.6,197.0,0.0,0.0,0.0,0.0,712.1,0.0,313.8,0.0,5191.7
2022,5/12/2022,BC,Inner,1,Broward County 4,11,22,0.0,0.0,0.0,0.0,47.8,0.0,0.0,0.0,0.0,0.0,0.0,0.0,0.0,0.0,975.4,0.0,0.0,0.0,0.0,0.0,0.0,0.0,0.0,0.0,4822.4,780.8,0.0,0.0,0.0,180.8,4615.9,0.0,927.1,0.0,399.1
2022,5/12/2022,BC,Inner,1,Broward County 4,12,22,0.0,0.0,0.0,0.0,0.0,25.1,0.0,0.0,0.0,0.0,0.0,0.0,0.0,25.1,3975.7,0.0,0.0,0.0,0.0,0.0,0.0,0.0,0.0,0.0,6119.5,545.3,0.0,219.5,0.0,0.0,1676.0,249.7,244.7,0.0,341.4
2022,5/12/2022,BC,Inner,1,Broward County 4,13,22,0.0,72.5,0.0,0.0,25.1,0.0,0.0,0.0,0.0,0.0,0.0,769.1,0.0,0.0,68.0,0.0,0.0,0.0,0.0,0.0,0.0,164.6,0.0,0.0,7076.2,1523.5,0.0,0.0,0.0,0.0,1245.9,0.0,1230.3,0.0,271.5
2022,5/12/2022,BC,Inner,1,Broward County 4,14,22,0.0,100.9,0.0,0.0,0.0,0.0,0.0,0.0,0.0,0.0,0.0,0.0,0.0,0.0,177.4,0.0,0.0,0.0,0.0,0.0,0.0,8870.1,0.0,0.0,9486.1,1044.1,0.0,0.0,0.0,0.0,4172.7,0.0,1064.1,0.0,530.6
2022,8/23/2022,BC,Middle,2,Broward County 5,21,22,0.0,0.0,0.0,0.0,0.0,0.0,0.0,0.0,0.0,0.0,0.0,0.0,0.0,0.0,116.8,0.0,0.0,0.0,0.0,0.0,0.0,0.0,0.0,0.0,17.2,468.3,0.0,0.0,0.0,0.0,543.8,0.0,180.0,0.0,0.0
2022,8/23/2022,BC,Middle,2,Broward County 5,22,22,0.0,0.0,0.0,0.0,0.0,0.0,0.0,0.0,0.0,0.0,0.0,0.0,0.0,128.7,1017.4,0.0,0.0,0.0,0.0,0.0,0.0,0.0,0.0,0.0,34.3,90.4,0.0,0.0,0.0,0.0,346.6,0.0,178.8,0.0,0.0
2022,8/23/2022,BC,Middle,2,Broward County 5,23,22,0.0,0.0,0.0,0.0,51.2,0.0,117.7,0.0,0.0,0.0,0.0,0.0,0.0,0.0,1311.1,0.0,0.0,0.0,0.0,0.0,0.0,0.0,0.0,0.0,896.4,62.6,0.0,0.0,0.0,0.0,525.3,0.0,582.6,0.0,0.0
2022,8/23/2022,BC,Middle,2,Broward County 5,24,22,0.0,0.0,0.0,0.0,82.6,0.0,0.0,0.0,0.0,0.0,0.0,0.0,0.0,0.0,94.2,0.0,0.0,0.0,0.0,0.0,0.0,0.0,0.0,0.0,1281.1,444.4,0.0,0.0,0.0,0.0,375.5,0.0,123.3,0.0,0.0
2022,8/23/2022,BC,Outer,3,Broward County 6,31,22,0.0,0.0,0.0,0.0,0.0,0.0,0.0,0.0,0.0,0.0,0.0,0.0,0.0,25.1,49.0,0.0,180.1,0.0,0.0,0.0,0.0,0.0,0.0,0.0,1068.5,0.0,0.0,0.0,0.0,0.0,287.1,629.4,465.9,0.0,0.0
2022,8/23/2022,BC,Outer,3,Broward County 6,32,22,0.0,0.0,0.0,0.0,0.0,0.0,0.0,0.0,0.0,0.0,0.0,0.0,0.0,0.0,2460.7,0.0,0.0,0.0,0.0,0.0,0.0,0.0,0.0,0.0,265.1,0.0,0.0,0.0,0.0,0.0,49.1,0.0,0.0,0.0,0.0
2022,8/23/2022,BC,Outer,3,Broward County 6,33,22,0.0,0.0,0.0,0.0,0.0,0.0,0.0,0.0,0.0,0.0,0.0,0.0,0.0,165.8,426.3,0.0,0.0,0.0,0.0,0.0,0.0,0.0,0.0,0.0,191.5,0.0,0.0,0.0,0.0,0.0,155.7,0.0,154.6,0.0,0.0
2022,8/23/2022,BC,Outer,3,Broward County 6,34,22,0.0,0.0,0.0,0.0,0.0,0.0,0.0,0.0,0.0,0.0,0.0,0.0,0.0,0.0,103.7,0.0,0.0,0.0,0.0,0.0,0.0,0.0,0.0,0.0,200.0,0.0,0.0,0.0,0.0,0.0,322.9,0.0,0.0,0.0,0.0
2022,8/17/2022,DC,Nearshore,4,Dade County 6,41,22,0.0,0.0,0.0,0.0,0.0,0.0,0.0,0.0,0.0,0.0,0.0,0.0,0.0,0.0,0.0,0.0,0.0,0.0,0.0,0.0,0.0,0.0,0.0,0.0,3945.7,632.7,0.0,0.0,0.0,0.0,83.3,1290.6,212.9,0.0,0.0
2022,8/17/2022,DC,Nearshore,4,Dade County 6,42,22,0.0,0.0,0.0,0.0,25.1,0.0,0.0,0.0,0.0,0.0,0.0,0.0,0.0,0.0,0.0,0.0,0.0,0.0,0.0,0.0,0.0,0.0,0.0,0.0,2472.6,1597.3,0.0,0.0,0.0,0.0,957.5,0.0,153.0,0.0,0.0
2022,8/17/2022,DC,Nearshore,4,Dade County 6,43,22,0.0,0.0,0.0,0.0,0.0,0.0,0.0,0.0,0.0,0.0,0.0,0.0,0.0,0.0,6836.4,0.0,0.0,0.0,0.0,0.0,0.0,0.0,0.0,0.0,5207.9,1114.2,1422.1,0.0,0.0,0.0,85.8,3634.4,156.7,0.0,0.0
2022,8/17/2022,DC,Nearshore,4,Dade County 6,44,22,8270.6,0.0,0.0,0.0,24.4,0.0,0.0,0.0,0.0,0.0,0.0,0.0,0.0,0.0,0.0,0.0,0.0,0.0,0.0,0.0,0.0,0.0,0.0,0.0,3098.8,235.1,0.0,0.0,0.0,0.0,5834.3,0.0,0.0,0.0,0.0
2022,8/24/2022,DC,Middle,5,Dade County 7,51,22,0.0,0.0,0.0,0.0,0.0,0.0,658.3,0.0,0.0,0.0,0.0,0.0,0.0,25.1,152.3,0.0,1114.6,0.0,0.0,0.0,0.0,1179.2,0.0,0.0,157.1,0.0,0.0,0.0,25.1,0.0,655.0,0.0,780.2,0.0,0.0
2022,8/24/2022,DC,Middle,5,Dade County 7,52,22,0.0,0.0,0.0,0.0,0.0,0.0,625.2,0.0,0.0,0.0,0.0,138.1,0.0,217.6,375.0,0.0,0.0,0.0,0.0,0.0,0.0,2573.5,0.0,0.0,1631.2,0.0,0.0,0.0,0.0,0.0,103.7,0.0,1258.9,0.0,44.6
2022,8/24/2022,DC,Middle,5,Dade County 7,53,22,0.0,0.0,0.0,0.0,0.0,0.0,99.7,0.0,0.0,0.0,0.0,344.1,0.0,0.0,171.1,0.0,0.0,0.0,0.0,0.0,0.0,0.0,0.0,0.0,555.4,0.0,0.0,0.0,0.0,0.0,507.7,0.0,730.5,0.0,86.5
2022,8/24/2022,DC,Middle,5,Dade County 7,54,22,0.0,0.0,0.0,0.0,83.6,0.0,0.0,0.0,0.0,0.0,0.0,0.0,0.0,121.0,141.3,0.0,0.0,0.0,0.0,0.0,0.0,0.0,0.0,0.0,429.9,0.0,0.0,0.0,0.0,0.0,812.8,0.0,329.9,0.0,0.0
2022,8/16/2022,DC,Nearshore,6,Dade County 8,61,22,0.0,0.0,0.0,0.0,293.7,0.0,0.0,0.0,0.0,0.0,0.0,0.0,0.0,0.0,5740.3,0.0,0.0,0.0,0.0,0.0,0.0,0.0,0.0,0.0,68.0,305.6,0.0,0.0,0.0,0.0,1118.1,0.0,2839.5,0.0,0.0
2022,8/16/2022,DC,Nearshore,6,Dade County 8,62,22,0.0,0.0,0.0,0.0,0.0,0.0,0.0,0.0,0.0,0.0,0.0,0.0,0.0,0.0,0.0,0.0,0.0,0.0,0.0,0.0,0.0,0.0,0.0,0.0,632.7,103.5,0.0,44.6,0.0,0.0,658.6,0.0,1178.1,0.0,0.0
2022,8/16/2022,DC,Nearshore,6,Dade County 8,63,22,0.0,0.0,0.0,0.0,66.3,0.0,0.0,0.0,0.0,0.0,0.0,0.0,0.0,0.0,101.0,0.0,0.0,0.0,0.0,0.0,0.0,0.0,0.0,0.0,33.0,17.4,0.0,40.1,0.0,23.9,1170.1,256.3,587.7,0.0,0.0
2022,8/16/2022,DC,Nearshore,6,Dade County 8,64,22,0.0,0.0,0.0,0.0,323.8,0.0,0.0,0.0,0.0,0.0,0.0,0.0,0.0,0.0,1276.3,0.0,0.0,0.0,0.0,0.0,0.0,0.0,0.0,0.0,260.9,59.9,0.0,0.0,0.0,0.0,393.6,0.0,490.7,0.0,0.0
2022,7/28/2022,PBC,Nearshore,84,Palm Beach 1,841,22,0.0,0.0,0.0,0.0,0.0,0.0,0.0,0.0,0.0,0.0,0.0,0.0,0.0,0.0,0.0,0.0,0.0,0.0,160.8,0.0,0.0,0.0,0.0,0.0,68.4,0.0,0.0,0.0,0.0,0.0,305.1,431.2,0.0,0.0,0.0
2022,7/28/2022,PBC,Nearshore,84,Palm Beach 1,842,22,0.0,0.0,0.0,0.0,0.0,0.0,0.0,0.0,0.0,0.0,0.0,0.0,0.0,0.0,0.0,0.0,0.0,0.0,0.0,0.0,0.0,0.0,0.0,16.5,0.0,0.0,0.0,0.0,0.0,92.5,102.0,43.7,0.0,0.0,0.0
2022,7/28/2022,PBC,Nearshore,84,Palm Beach 1,843,22,0.0,0.0,0.0,0.0,0.0,0.0,0.0,0.0,0.0,0.0,0.0,0.0,0.0,0.0,0.0,0.0,0.0,0.0,0.0,0.0,0.0,0.0,0.0,0.0,0.0,0.0,0.0,0.0,0.0,0.0,283.0,0.0,0.0,0.0,0.0
2022,7/28/2022,PBC,Nearshore,84,Palm Beach 1,844,22,0.0,0.0,0.0,0.0,0.0,0.0,0.0,0.0,0.0,0.0,0.0,0.0,0.0,0.0,0.0,0.0,0.0,0.0,0.0,0.0,0.0,0.0,0.0,0.0,0.0,0.0,0.0,0.0,0.0,0.0,103.7,0.0,0.0,0.0,0.0
2022,7/28/2022,PBC,Outer,85,Palm Beach 2,851,22,0.0,0.0,0.0,0.0,0.0,0.0,0.0,0.0,0.0,0.0,510.3,0.0,0.0,42.3,4380.8,0.0,0.0,0.0,0.0,0.0,0.0,0.0,0.0,0.0,246.4,0.0,0.0,0.0,0.0,0.0,164.0,0.0,0.0,0.0,0.0
2022,7/28/2022,PBC,Outer,85,Palm Beach 2,852,22,0.0,0.0,0.0,0.0,0.0,0.0,0.0,0.0,0.0,0.0,349.0,0.0,0.0,0.0,1249.9,0.0,0.0,0.0,0.0,0.0,0.0,0.0,0.0,0.0,334.4,0.0,0.0,0.0,0.0,0.0,13.9,0.0,56.3,0.0,0.0
2022,7/28/2022,PBC,Outer,85,Palm Beach 2,853,22,0.0,0.0,0.0,0.0,0.0,0.0,0.0,0.0,0.0,0.0,833.9,0.0,0.0,0.0,93.5,0.0,0.0,0.0,0.0,0.0,0.0,0.0,0.0,0.0,170.2,0.0,0.0,0.0,0.0,0.0,86.3,0.0,43.0,0.0,0.0
2022,7/28/2022,PBC,Outer,85,Palm Beach 2,854,22,0.0,0.0,0.0,0.0,0.0,0.0,0.0,0.0,0.0,0.0,785.9,0.0,0.0,432.8,1116.9,0.0,0.0,0.0,0.0,0.0,0.0,0.0,0.0,0.0,1131.6,0.0,0.0,0.0,0.0,0.0,145.8,0.0,0.0,0.0,0.0
2022,7/26/2022,PBC,Outer,86,Palm Beach 3,861,22,0.0,0.0,0.0,0.0,0.0,0.0,0.0,0.0,0.0,0.0,0.0,0.0,0.0,17.4,1723.7,0.0,0.0,0.0,0.0,0.0,0.0,0.0,0.0,0.0,2506.8,0.0,0.0,0.0,0.0,0.0,194.0,0.0,0.0,0.0,0.0
2022,7/26/2022,PBC,Outer,86,Palm Beach 3,862,22,0.0,0.0,0.0,0.0,0.0,0.0,0.0,0.0,0.0,0.0,0.0,538.8,0.0,0.0,479.9,0.0,0.0,0.0,0.0,0.0,0.0,0.0,0.0,0.0,1104.9,0.0,0.0,0.0,0.0,0.0,16.6,0.0,131.9,0.0,1581.0
2022,7/27/2022,PBC,Outer,86,Palm Beach 3,863,22,0.0,0.0,0.0,0.0,0.0,0.0,0.0,0.0,0.0,0.0,0.0,0.0,0.0,69.8,260.2,0.0,157.8,0.0,0.0,0.0,0.0,0.0,0.0,0.0,945.3,0.0,0.0,0.0,0.0,0.0,0.0,0.0,167.8,0.0,17.4
2022,7/26/2022,PBC,Outer,86,Palm Beach 3,864,22,0.0,0.0,0.0,0.0,0.0,0.0,0.0,0.0,0.0,0.0,0.0,0.0,0.0,0.0,349.6,0.0,0.0,0.0,0.0,0.0,0.0,0.0,0.0,0.0,460.6,0.0,0.0,0.0,0.0,0.0,83.7,0.0,0.0,0.0,0.0
2022,6/8/2022,BC,Nearshore,87,Broward County 1,871,22,0.0,0.0,0.0,0.0,0.0,0.0,0.0,0.0,0.0,0.0,0.0,67.5,0.0,0.0,35839.4,0.0,0.0,0.0,0.0,0.0,0.0,0.0,0.0,0.0,534.5,0.0,0.0,0.0,0.0,0.0,1551.5,0.0,875.9,0.0,0.0
2022,6/8/2022,BC,Nearshore,87,Broward County 1,872,22,0.0,0.0,0.0,0.0,0.0,0.0,0.0,0.0,0.0,0.0,0.0,1449.8,0.0,0.0,40103.5,0.0,0.0,0.0,0.0,0.0,0.0,0.0,0.0,0.0,512.9,94.9,0.0,0.0,0.0,0.0,3672.8,0.0,1888.8,0.0,497.7
2022,6/8/2022,BC,Nearshore,87,Broward County 1,873,22,0.0,0.0,0.0,0.0,0.0,0.0,0.0,0.0,0.0,0.0,0.0,0.0,0.0,0.0,72490.4,0.0,0.0,0.0,0.0,0.0,0.0,0.0,3016.7,0.0,156.3,0.0,0.0,0.0,0.0,0.0,1564.5,52.9,30.5,0.0,23.8
2022,6/9/2022,BC,Nearshore,87,Broward County 1,874,22,0.0,0.0,0.0,0.0,0.0,0.0,0.0,0.0,0.0,0.0,0.0,0.0,0.0,0.0,38987.9,0.0,0.0,0.0,0.0,0.0,0.0,0.0,0.0,0.0,388.9,0.0,0.0,0.0,0.0,0.0,479.0,0.0,831.8,0.0,0.0
2022,8/8/2022,BC,Middle,88,Broward County 2,881,22,0.0,0.0,0.0,0.0,0.0,0.0,0.0,0.0,0.0,0.0,0.0,0.0,0.0,100.2,388.1,0.0,0.0,0.0,0.0,0.0,0.0,0.0,0.0,0.0,243.9,428.1,0.0,0.0,0.0,0.0,1519.6,0.0,699.2,0.0,0.0
2022,8/8/2022,BC,Middle,88,Broward County 2,882,22,0.0,0.0,245.4,56.3,0.0,0.0,0.0,0.0,0.0,0.0,0.0,0.0,0.0,0.0,389.8,0.0,0.0,0.0,0.0,0.0,0.0,0.0,0.0,0.0,56.3,0.0,0.0,0.0,0.0,0.0,508.4,0.0,347.5,0.0,0.0
2022,8/8/2022,BC,Middle,88,Broward County 2,883,22,0.0,0.0,0.0,0.0,56.3,0.0,0.0,0.0,0.0,0.0,0.0,0.0,0.0,0.0,311.6,0.0,0.0,0.0,0.0,0.0,0.0,0.0,0.0,0.0,703.1,34.2,0.0,0.0,0.0,0.0,440.8,0.0,126.3,0.0,0.0
2022,8/8/2022,BC,Middle,88,Broward County 2,884,22,0.0,0.0,0.0,0.0,25.1,0.0,0.0,0.0,0.0,0.0,0.0,555.0,0.0,0.0,163.7,0.0,0.0,0.0,0.0,0.0,0.0,1959.2,0.0,0.0,1231.0,0.0,0.0,0.0,0.0,17.4,325.8,0.0,352.7,0.0,0.0
2022,8/8/2022,BC,Outer,89,Broward County 3,891,22,0.0,0.0,0.0,0.0,0.0,0.0,56.5,0.0,0.0,0.0,0.0,0.0,0.0,0.0,197.1,0.0,17.4,0.0,0.0,0.0,0.0,0.0,0.0,0.0,89.5,0.0,0.0,0.0,0.0,0.0,161.6,0.0,163.3,0.0,0.0
2022,8/8/2022,BC,Outer,89,Broward County 3,892,22,0.0,0.0,0.0,0.0,34.2,0.0,0.0,0.0,0.0,0.0,0.0,83.4,0.0,44.1,236.3,0.0,0.0,0.0,0.0,0.0,0.0,0.0,0.0,0.0,796.3,0.0,0.0,115.6,0.0,0.0,298.2,0.0,254.1,0.0,0.0
2022,8/8/2022,BC,Outer,89,Broward County 3,893,22,0.0,0.0,0.0,0.0,0.0,0.0,0.0,0.0,0.0,0.0,0.0,0.0,0.0,118.0,1493.5,0.0,0.0,0.0,0.0,0.0,0.0,0.0,0.0,0.0,155.1,0.0,0.0,17.4,0.0,0.0,201.3,0.0,282.7,0.0,0.0
2022,8/8/2022,BC,Outer,89,Broward County 3,894,22,0.0,0.0,759.7,0.0,44.2,0.0,0.0,0.0,0.0,0.0,0.0,200.3,0.0,34.2,187.0,0.0,0.0,0.0,0.0,0.0,0.0,0.0,0.0,0.0,0.0,0.0,0.0,0.0,0.0,0.0,1235.3,0.0,662.6,0.0,0.0
2022,6/8/2022,BC,Nearshore,90,Broward County A,901,22,0.0,0.0,0.0,0.0,0.0,0.0,0.0,0.0,0.0,0.0,0.0,0.0,0.0,0.0,71.7,0.0,0.0,0.0,0.0,0.0,0.0,0.0,0.0,0.0,597.4,25.1,0.0,0.0,0.0,44.5,0.0,0.0,0.0,0.0,374.3
2022,6/8/2022,BC,Nearshore,90,Broward County A,902,22,0.0,0.0,0.0,0.0,0.0,0.0,0.0,0.0,0.0,0.0,0.0,0.0,0.0,0.0,0.0,0.0,0.0,0.0,0.0,0.0,0.0,0.0,0.0,0.0,842.4,168.8,0.0,0.0,0.0,0.0,33.1,0.0,44.5,0.0,2376.7
2022,6/8/2022,BC,Nearshore,90,Broward County A,903,22,0.0,0.0,0.0,0.0,0.0,0.0,0.0,0.0,0.0,0.0,0.0,0.0,0.0,0.0,34.2,0.0,0.0,0.0,0.0,0.0,0.0,0.0,0.0,0.0,1467.8,109.1,0.0,0.0,0.0,0.0,45.0,0.0,0.0,0.0,3568.3
2022,6/8/2022,BC,Nearshore,90,Broward County A,904,22,0.0,0.0,0.0,0.0,0.0,0.0,0.0,0.0,0.0,0.0,0.0,0.0,0.0,0.0,0.0,0.0,0.0,0.0,0.0,0.0,0.0,0.0,0.0,0.0,470.0,25.1,0.0,0.0,0.0,0.0,17.4,0.0,0.0,0.0,3628.3
2022,8/15/2022,DC,Inner,91,Dade County 1,911,22,6836.9,25.1,0.0,0.0,0.0,0.0,0.0,0.0,0.0,0.0,0.0,0.0,0.0,0.0,8634.5,0.0,0.0,0.0,0.0,0.0,0.0,0.0,0.0,0.0,8178.4,634.4,0.0,0.0,0.0,0.0,5438.9,0.0,427.0,0.0,472.4
2022,8/15/2022,DC,Inner,91,Dade County 1,912,22,7571.7,0.0,0.0,0.0,0.0,0.0,0.0,0.0,0.0,0.0,0.0,0.0,0.0,100.2,12639.2,0.0,0.0,0.0,0.0,0.0,0.0,0.0,0.0,0.0,6698.6,1387.0,0.0,0.0,0.0,0.0,3873.7,0.0,703.4,0.0,120.2
2022,8/15/2022,DC,Inner,91,Dade County 1,913,22,4941.0,50.1,0.0,0.0,0.0,0.0,0.0,0.0,0.0,0.0,0.0,0.0,0.0,0.0,4363.7,0.0,0.0,0.0,0.0,0.0,0.0,464.9,0.0,0.0,5923.6,766.8,0.0,0.0,0.0,0.0,5000.7,1671.1,181.4,0.0,765.2
2022,8/15/2022,DC,Inner,91,Dade County 1,914,22,222.7,0.0,0.0,677.9,0.0,0.0,0.0,0.0,0.0,0.0,0.0,0.0,0.0,0.0,7945.5,0.0,0.0,0.0,0.0,0.0,0.0,0.0,0.0,0.0,5614.7,629.1,0.0,0.0,0.0,0.0,1756.1,0.0,141.8,0.0,42.2
2022,8/24/2022,DC,Middle,92,Dade County 2,921,22,0.0,0.0,0.0,0.0,212.1,0.0,320.3,0.0,0.0,0.0,0.0,0.0,0.0,16.5,0.0,0.0,0.0,0.0,0.0,0.0,0.0,0.0,0.0,0.0,217.8,0.0,0.0,0.0,0.0,0.0,888.1,0.0,465.3,0.0,0.0
2022,8/24/2022,DC,Middle,92,Dade County 2,922,22,0.0,0.0,0.0,0.0,0.0,0.0,562.7,0.0,0.0,0.0,0.0,0.0,0.0,195.5,40.0,0.0,0.0,0.0,0.0,0.0,0.0,0.0,0.0,0.0,0.0,0.0,0.0,75.9,0.0,0.0,356.3,0.0,1106.6,0.0,25.1
2022,8/24/2022,DC,Middle,92,Dade County 2,923,22,0.0,0.0,0.0,0.0,0.0,0.0,33.8,0.0,0.0,0.0,0.0,286.5,0.0,8.7,90.6,0.0,0.0,0.0,0.0,0.0,0.0,2071.0,0.0,0.0,31.5,0.0,0.0,0.0,0.0,0.0,641.2,0.0,355.4,0.0,34.3
2022,8/24/2022,DC,Middle,92,Dade County 2,924,22,0.0,0.0,0.0,0.0,44.6,0.0,129.8,0.0,0.0,0.0,0.0,0.0,0.0,0.0,234.2,0.0,34.3,0.0,0.0,0.0,0.0,0.0,0.0,0.0,680.7,386.1,0.0,0.0,0.0,0.0,488.9,0.0,631.6,0.0,0.0
2022,8/15/2022,DC,Outer,93,Dade County 3,931,22,0.0,0.0,0.0,0.0,0.0,0.0,0.0,0.0,0.0,0.0,0.0,0.0,0.0,104.4,83.6,0.0,0.0,0.0,0.0,0.0,0.0,0.0,0.0,0.0,1677.2,0.0,0.0,0.0,0.0,0.0,272.7,0.0,140.7,0.0,0.0
2022,8/15/2022,DC,Outer,93,Dade County 3,932,22,0.0,0.0,0.0,0.0,0.0,0.0,0.0,0.0,0.0,0.0,0.0,410.9,0.0,140.6,301.7,0.0,0.0,0.0,0.0,0.0,0.0,0.0,0.0,0.0,0.0,0.0,0.0,0.0,0.0,0.0,516.5,0.0,24.6,0.0,0.0
2022,8/15/2022,DC,Outer,93,Dade County 3,933,22,0.0,0.0,0.0,0.0,0.0,0.0,0.0,0.0,0.0,0.0,0.0,0.0,0.0,32.4,136.2,0.0,117.4,0.0,0.0,0.0,0.0,313.8,0.0,0.0,0.0,0.0,0.0,0.0,0.0,0.0,93.3,0.0,455.2,0.0,0.0
2022,8/15/2022,DC,Outer,93,Dade County 3,934,22,0.0,0.0,0.0,0.0,0.0,0.0,0.0,0.0,0.0,0.0,0.0,0.0,0.0,0.0,167.6,0.0,0.0,0.0,0.0,0.0,0.0,0.0,0.0,0.0,1269.7,0.0,0.0,0.0,0.0,0.0,196.5,0.0,201.0,0.0,0.0
2022,6/13/2022,MC,Nearshore,94,Martin County 1,941,22,0.0,0.0,0.0,0.0,0.0,0.0,0.0,0.0,0.0,0.0,0.0,0.0,0.0,0.0,0.0,0.0,0.0,0.0,0.0,0.0,0.0,0.0,0.0,0.0,19373.4,0.0,0.0,0.0,0.0,0.0,1839.8,0.0,0.0,0.0,0.0
2022,6/13/2022,MC,Nearshore,94,Martin County 1,942,22,0.0,0.0,0.0,0.0,0.0,0.0,0.0,0.0,0.0,24.9,0.0,0.0,0.0,0.0,0.0,0.0,0.0,0.0,0.0,0.0,0.0,0.0,0.0,0.0,4635.1,0.0,0.0,0.0,0.0,0.0,478.3,0.0,0.0,0.0,0.0
2022,6/13/2022,MC,Nearshore,94,Martin County 1,943,22,0.0,0.0,0.0,0.0,0.0,0.0,0.0,0.0,0.0,44.5,0.0,0.0,0.0,0.0,0.0,0.0,0.0,0.0,213.8,0.0,0.0,0.0,0.0,0.0,4283.7,0.0,0.0,0.0,0.0,0.0,1022.1,0.0,0.0,0.0,0.0
2022,6/13/2022,MC,Nearshore,94,Martin County 1,944,22,0.0,0.0,0.0,0.0,0.0,0.0,0.0,0.0,0.0,27.3,0.0,0.0,0.0,0.0,0.0,0.0,0.0,0.0,0.0,0.0,0.0,0.0,0.0,0.0,13389.1,0.0,0.0,0.0,0.0,0.0,1124.2,0.0,0.0,0.0,0.0
2022,6/13/2022,MC,Nearshore,95,Martin County 2,951,22,0.0,0.0,0.0,0.0,0.0,0.0,0.0,0.0,0.0,0.0,0.0,0.0,0.0,0.0,0.0,0.0,0.0,0.0,0.0,0.0,0.0,0.0,0.0,13.0,0.0,0.0,0.0,0.0,0.0,0.0,255.2,0.0,0.0,0.0,0.0
2022,6/13/2022,MC,Nearshore,95,Martin County 2,952,22,0.0,0.0,0.0,0.0,0.0,0.0,0.0,0.0,0.0,0.0,0.0,0.0,0.0,0.0,0.0,0.0,0.0,0.0,0.0,0.0,0.0,0.0,0.0,20.1,0.0,0.0,0.0,0.0,0.0,0.0,312.1,19.8,0.0,594.7,0.0
2022,6/13/2022,MC,Nearshore,95,Martin County 2,953,22,0.0,0.0,0.0,0.0,0.0,0.0,0.0,0.0,0.0,0.0,0.0,0.0,0.0,0.0,0.0,0.0,0.0,0.0,0.0,0.0,0.0,0.0,0.0,0.0,0.0,0.0,0.0,0.0,0.0,0.0,155.8,0.0,0.0,0.0,0.0
2022,6/13/2022,MC,Nearshore,95,Martin County 2,954,22,0.0,0.0,0.0,0.0,0.0,0.0,0.0,0.0,0.0,0.0,0.0,0.0,0.0,0.0,0.0,0.0,0.0,0.0,0.0,0.0,0.0,0.0,0.0,0.0,0.0,0.0,0.0,0.0,0.0,0.0,360.7,0.0,0.0,0.0,0.0
2022,8/25/2022,PBC,Outer,97,Palm Beach 4,971,22,0.0,0.0,0.0,0.0,0.0,0.0,0.0,0.0,0.0,0.0,0.0,0.0,0.0,0.0,793.3,0.0,0.0,0.0,0.0,0.0,0.0,0.0,0.0,0.0,783.6,0.0,0.0,0.0,0.0,0.0,323.2,0.0,0.0,0.0,0.0
2022,8/25/2022,PBC,Outer,97,Palm Beach 4,972,22,0.0,0.0,0.0,0.0,16.5,0.0,0.0,0.0,0.0,0.0,0.0,0.0,0.0,0.0,714.2,0.0,0.0,0.0,0.0,0.0,0.0,0.0,0.0,0.0,577.3,58.7,0.0,0.0,0.0,0.0,356.9,0.0,583.6,0.0,0.0
2022,7/25/2022,PBC,Outer,97,Palm Beach 4,973,22,0.0,0.0,0.0,0.0,0.0,0.0,0.0,0.0,0.0,0.0,0.0,0.0,0.0,44.5,659.2,0.0,0.0,0.0,0.0,0.0,0.0,0.0,0.0,0.0,1259.5,0.0,0.0,0.0,0.0,0.0,327.1,0.0,147.3,0.0,0.0
2022,8/25/2022,PBC,Outer,97,Palm Beach 4,974,22,0.0,0.0,0.0,0.0,0.0,0.0,0.0,0.0,0.0,0.0,0.0,696.2,0.0,17.4,3038.7,0.0,0.0,0.0,0.0,0.0,0.0,0.0,0.0,0.0,1294.2,125.1,0.0,0.0,0.0,0.0,560.4,0.0,384.8,0.0,0.0
2022,7/29/2022,PBC,Outer,98,Palm Beach 5,981,22,0.0,0.0,0.0,0.0,0.0,201.1,0.0,0.0,0.0,0.0,0.0,0.0,0.0,0.0,454.9,0.0,0.0,0.0,0.0,0.0,0.0,0.0,0.0,0.0,3426.0,0.0,0.0,34.3,0.0,0.0,309.4,0.0,206.3,0.0,0.0
2022,7/29/2022,PBC,Outer,98,Palm Beach 5,982,22,0.0,0.0,0.0,0.0,15.6,0.0,0.0,0.0,0.0,0.0,0.0,0.0,0.0,34.3,469.8,0.0,0.0,0.0,0.0,0.0,0.0,412.5,0.0,0.0,2333.3,0.0,0.0,0.0,0.0,0.0,909.0,0.0,380.5,0.0,0.0
2022,7/29/2022,PBC,Outer,98,Palm Beach 5,983,22,0.0,0.0,0.0,0.0,113.4,0.0,0.0,0.0,0.0,0.0,0.0,0.0,0.0,84.3,612.0,0.0,24.6,0.0,0.0,0.0,0.0,0.0,0.0,0.0,2107.1,0.0,0.0,0.0,0.0,0.0,330.1,0.0,516.8,0.0,0.0
2022,7/29/2022,PBC,Outer,98,Palm Beach 5,984,22,0.0,0.0,159.4,0.0,34.2,0.0,0.0,0.0,0.0,0.0,0.0,90.3,0.0,0.0,4200.7,0.0,0.0,0.0,0.0,0.0,0.0,0.0,23.8,0.0,2476.5,0.0,0.0,0.0,0.0,0.0,596.5,0.0,309.1,0.0,24.8
2022,8/17/2022,DC,Outer,99,Dade County 4,991,22,0.0,0.0,0.0,0.0,0.0,0.0,0.0,0.0,0.0,0.0,0.0,0.0,0.0,0.0,848.2,0.0,86.5,0.0,0.0,0.0,0.0,0.0,0.0,0.0,467.5,22.6,0.0,0.0,0.0,0.0,536.2,0.0,601.4,0.0,16.5
2022,8/17/2022,DC,Outer,99,Dade County 4,992,22,0.0,0.0,0.0,0.0,51.2,0.0,0.0,0.0,0.0,0.0,0.0,160.7,0.0,98.3,1087.3,0.0,34.3,0.0,0.0,0.0,0.0,0.0,0.0,0.0,1067.5,0.0,0.0,0.0,17.4,0.0,908.0,455.1,141.4,0.0,25.1
2022,8/17/2022,DC,Outer,99,Dade County 4,993,22,0.0,0.0,806.4,0.0,0.0,0.0,0.0,0.0,0.0,0.0,0.0,0.0,0.0,0.0,1205.7,0.0,0.0,0.0,0.0,0.0,0.0,0.0,0.0,0.0,1441.9,643.2,0.0,0.0,17.4,0.0,659.4,0.0,959.1,0.0,156.7
2022,8/17/2022,DC,Outer,99,Dade County 4,994,22,0.0,0.0,0.0,0.0,0.0,0.0,109.3,0.0,0.0,0.0,0.0,0.0,0.0,0.0,634.6,0.0,0.0,0.0,0.0,0.0,0.0,0.0,0.0,0.0,1605.2,0.0,0.0,0.0,0.0,0.0,713.2,0.0,50.7,0.0,0.0
2023,7/6/2023,DC,Inner,0,Dade County 5,1,22,0.0,0.0,0.0,0.0,100.3,0.0,100.2,0.0,0.0,0.0,0.0,945.5,0.0,0.0,1158.7,0.0,0.0,0.0,0.0,0.0,0.0,0.0,0.0,0.0,3126.5,308.2,0.0,0.0,0.0,0.0,774.5,737.7,748.9,0.0,3646.6
2023,7/6/2023,DC,Inner,0,Dade County 5,2,22,0.0,42.4,0.0,0.0,58.2,0.0,44.6,0.0,0.0,0.0,0.0,1659.3,0.0,17.4,34.2,0.0,583.3,0.0,0.0,0.0,0.0,17.4,0.0,0.0,2961.5,225.7,0.0,116.7,0.0,0.0,786.5,0.0,563.2,0.0,3687.3
2023,7/6/2023,DC,Inner,0,Dade County 5,3,22,0.0,17.4,0.0,0.0,160.2,0.0,0.0,0.0,0.0,0.0,0.0,0.0,0.0,0.0,69.6,0.0,201.7,0.0,0.0,0.0,0.0,902.8,0.0,0.0,1559.3,652.0,0.0,0.0,0.0,0.0,1735.3,0.0,177.9,0.0,2576.2
2023,7/6/2023,DC,Inner,0,Dade County 5,4,22,0.0,16.5,0.0,0.0,0.0,0.0,0.0,0.0,0.0,0.0,0.0,0.0,0.0,0.0,22.6,0.0,0.0,0.0,0.0,0.0,0.0,0.0,0.0,0.0,2059.3,153.5,0.0,0.0,0.0,0.0,337.1,0.0,201.0,0.0,1336.9
2023,5/9/2023,BC,Inner,1,Broward County 4,11,22,0.0,0.0,0.0,0.0,34.2,0.0,0.0,0.0,0.0,0.0,0.0,0.0,0.0,0.0,665.0,0.0,0.0,0.0,0.0,0.0,0.0,0.0,0.0,0.0,4174.5,418.2,0.0,0.0,0.0,0.0,2821.9,0.0,1066.9,0.0,72.5
2023,5/9/2023,BC,Inner,1,Broward County 4,12,22,0.0,0.0,0.0,0.0,25.1,34.2,0.0,0.0,0.0,0.0,0.0,0.0,0.0,0.0,3252.6,0.0,0.0,0.0,0.0,0.0,0.0,0.0,0.0,0.0,7428.9,989.7,0.0,198.9,0.0,0.0,1827.4,292.0,604.5,0.0,177.3
2023,5/9/2023,BC,Inner,1,Broward County 4,13,22,0.0,69.0,0.0,0.0,25.1,0.0,0.0,0.0,0.0,0.0,0.0,228.8,0.0,0.0,144.1,0.0,0.0,0.0,0.0,0.0,0.0,398.8,0.0,0.0,7507.6,986.3,0.0,0.0,0.0,0.0,1096.8,0.0,929.5,0.0,140.2
2023,5/9/2023,BC,Inner,1,Broward County 4,14,22,0.0,17.4,0.0,0.0,0.0,0.0,0.0,0.0,0.0,0.0,0.0,0.0,0.0,0.0,212.8,0.0,0.0,0.0,0.0,0.0,0.0,8637.8,0.0,0.0,8528.4,936.6,0.0,0.0,17.4,0.0,3203.3,0.0,928.5,0.0,138.8
2023,7/31/2023,BC,Middle,2,Broward County 5,21,22,0.0,0.0,0.0,0.0,0.0,0.0,0.0,0.0,0.0,0.0,0.0,0.0,0.0,0.0,151.9,0.0,0.0,0.0,0.0,0.0,0.0,0.0,0.0,0.0,0.0,494.9,0.0,0.0,0.0,0.0,681.1,0.0,484.8,0.0,0.0
2023,7/31/2023,BC,Middle,2,Broward County 5,22,22,0.0,0.0,0.0,0.0,0.0,0.0,0.0,0.0,0.0,0.0,0.0,0.0,0.0,201.6,1608.6,0.0,0.0,0.0,0.0,0.0,0.0,0.0,0.0,0.0,62.5,125.5,0.0,0.0,0.0,0.0,474.0,0.0,237.9,0.0,0.0
2023,7/31/2023,BC,Middle,2,Broward County 5,23,22,0.0,0.0,0.0,0.0,81.7,0.0,178.4,0.0,0.0,0.0,0.0,0.0,0.0,0.0,2017.5,0.0,0.0,0.0,0.0,0.0,0.0,0.0,0.0,0.0,1315.9,82.8,0.0,17.4,0.0,0.0,1079.8,0.0,698.9,0.0,0.0
2023,7/31/2023,BC,Middle,2,Broward County 5,24,22,0.0,0.0,0.0,0.0,100.2,0.0,0.0,0.0,0.0,0.0,0.0,0.0,0.0,0.0,277.8,0.0,0.0,0.0,0.0,0.0,0.0,0.0,0.0,0.0,1512.1,584.2,0.0,0.0,0.0,0.0,668.8,0.0,348.5,0.0,0.0
2023,7/31/2023,BC,Outer,3,Broward County 6,31,22,0.0,0.0,0.0,0.0,25.1,0.0,0.0,0.0,0.0,0.0,0.0,0.0,0.0,56.5,78.8,0.0,284.6,0.0,0.0,0.0,0.0,0.0,0.0,0.0,1246.7,0.0,0.0,0.0,0.0,0.0,553.5,0.0,2072.8,0.0,0.0
2023,7/31/2023,BC,Outer,3,Broward County 6,32,22,0.0,0.0,0.0,0.0,0.0,0.0,0.0,0.0,0.0,0.0,0.0,0.0,0.0,0.0,351.0,0.0,0.0,0.0,0.0,0.0,0.0,0.0,0.0,0.0,386.5,0.0,0.0,0.0,0.0,0.0,3283.6,0.0,183.9,0.0,0.0
2023,7/31/2023,BC,Outer,3,Broward County 6,33,22,0.0,0.0,0.0,0.0,44.6,0.0,0.0,0.0,0.0,0.0,0.0,0.0,0.0,178.7,969.5,0.0,0.0,0.0,0.0,0.0,0.0,0.0,0.0,0.0,385.1,0.0,0.0,0.0,0.0,0.0,414.9,0.0,181.4,0.0,0.0
2023,7/31/2023,BC,Outer,3,Broward County 6,34,22,0.0,0.0,0.0,0.0,44.6,0.0,0.0,0.0,0.0,0.0,0.0,0.0,0.0,0.0,99.2,0.0,0.0,0.0,0.0,0.0,0.0,0.0,0.0,0.0,335.9,0.0,0.0,0.0,0.0,0.0,562.1,0.0,0.0,0.0,0.0
2023,8/28/2023,DC,Nearshore,4,Dade County 6,41,22,0.0,0.0,0.0,0.0,0.0,0.0,0.0,0.0,0.0,0.0,0.0,0.0,0.0,0.0,0.0,0.0,0.0,0.0,0.0,0.0,0.0,0.0,0.0,0.0,2868.5,381.9,0.0,0.0,0.0,0.0,288.3,1172.2,336.3,0.0,0.0
2023,8/28/2023,DC,Nearshore,4,Dade County 6,42,22,0.0,0.0,0.0,0.0,56.5,0.0,0.0,0.0,0.0,0.0,0.0,0.0,0.0,0.0,34.3,0.0,0.0,0.0,0.0,0.0,0.0,0.0,0.0,0.0,1936.7,1292.2,0.0,0.0,0.0,0.0,698.8,0.0,261.3,0.0,0.0
2023,8/28/2023,DC,Nearshore,4,Dade County 6,43,22,0.0,0.0,0.0,0.0,0.0,0.0,0.0,0.0,0.0,0.0,0.0,0.0,0.0,0.0,4167.3,0.0,0.0,0.0,0.0,0.0,0.0,0.0,0.0,0.0,4834.0,1296.7,1300.0,0.0,0.0,0.0,321.1,3226.3,225.7,0.0,0.0
2023,8/28/2023,DC,Nearshore,4,Dade County 6,44,22,8953.8,0.0,0.0,0.0,23.4,0.0,0.0,0.0,0.0,0.0,0.0,0.0,0.0,0.0,0.0,0.0,0.0,0.0,0.0,0.0,0.0,0.0,0.0,0.0,2649.5,335.9,0.0,0.0,0.0,0.0,6141.0,0.0,0.0,0.0,0.0
2023,8/28/2023,DC,Middle,5,Dade County 7,51,22,0.0,0.0,0.0,0.0,0.0,0.0,461.9,0.0,0.0,0.0,0.0,0.0,0.0,0.0,98.3,0.0,1522.4,0.0,0.0,0.0,0.0,1228.9,0.0,0.0,506.0,0.0,0.0,0.0,17.4,0.0,797.9,0.0,414.9,0.0,0.0
2023,8/28/2023,DC,Middle,5,Dade County 7,52,22,0.0,0.0,0.0,0.0,0.0,0.0,0.0,0.0,0.0,0.0,0.0,0.0,0.0,84.1,399.1,0.0,0.0,0.0,0.0,0.0,0.0,0.0,0.0,0.0,1278.8,0.0,0.0,0.0,0.0,0.0,168.2,0.0,951.2,0.0,25.1
2023,8/28/2023,DC,Middle,5,Dade County 7,53,22,0.0,0.0,0.0,0.0,0.0,0.0,178.7,0.0,0.0,0.0,0.0,0.0,327.0,0.0,250.7,0.0,0.0,0.0,0.0,0.0,0.0,0.0,0.0,0.0,681.7,0.0,0.0,0.0,0.0,0.0,672.7,0.0,630.1,0.0,0.0
2023,8/28/2023,DC,Middle,5,Dade County 7,54,22,0.0,0.0,0.0,0.0,0.0,0.0,226.5,0.0,0.0,0.0,50.6,0.0,0.0,51.7,48.9,0.0,0.0,0.0,0.0,0.0,0.0,0.0,0.0,0.0,222.9,0.0,0.0,0.0,25.1,0.0,1147.0,0.0,314.5,0.0,0.0
2023,7/18/2023,DC,Nearshore,6,Dade County 8,61,22,0.0,0.0,0.0,0.0,178.1,0.0,0.0,0.0,0.0,0.0,0.0,0.0,0.0,0.0,6171.9,0.0,0.0,0.0,0.0,0.0,0.0,0.0,0.0,0.0,78.4,17.4,0.0,0.0,0.0,0.0,1327.6,890.7,970.4,0.0,0.0
2023,7/18/2023,DC,Nearshore,6,Dade County 8,62,22,0.0,0.0,0.0,0.0,0.0,0.0,0.0,0.0,0.0,0.0,0.0,0.0,0.0,0.0,0.0,0.0,0.0,0.0,0.0,0.0,0.0,0.0,0.0,0.0,636.1,174.8,0.0,0.0,0.0,0.0,751.1,507.2,895.7,0.0,0.0
2023,7/18/2023,DC,Nearshore,6,Dade County 8,63,22,0.0,0.0,0.0,0.0,69.8,0.0,0.0,0.0,0.0,0.0,0.0,0.0,0.0,0.0,112.0,0.0,0.0,0.0,0.0,0.0,0.0,0.0,0.0,0.0,41.1,185.1,0.0,44.5,0.0,0.0,1396.3,393.1,1129.4,0.0,0.0
2023,7/18/2023,DC,Nearshore,6,Dade County 8,64,22,0.0,0.0,0.0,0.0,402.7,0.0,0.0,0.0,0.0,0.0,0.0,0.0,0.0,0.0,1272.3,0.0,0.0,0.0,0.0,0.0,0.0,0.0,0.0,0.0,238.9,31.0,0.0,84.1,0.0,0.0,813.0,0.0,891.0,0.0,0.0
2023,7/11/2023,PBC,Nearshore,84,Palm Beach 1,841,22,0.0,0.0,0.0,0.0,0.0,0.0,0.0,0.0,0.0,0.0,0.0,0.0,0.0,0.0,0.0,0.0,0.0,0.0,0.0,0.0,0.0,0.0,0.0,0.0,0.0,0.0,0.0,0.0,0.0,0.0,129.6,466.8,0.0,0.0,0.0
2023,7/11/2023,PBC,Nearshore,84,Palm Beach 1,842,22,0.0,0.0,0.0,0.0,0.0,0.0,0.0,0.0,0.0,0.0,0.0,0.0,0.0,0.0,0.0,0.0,0.0,0.0,0.0,0.0,0.0,0.0,0.0,0.0,0.0,0.0,0.0,0.0,0.0,0.0,92.2,13.9,0.0,0.0,0.0
2023,7/11/2023,PBC,Nearshore,84,Palm Beach 1,843,22,0.0,0.0,0.0,0.0,0.0,0.0,0.0,0.0,0.0,0.0,0.0,0.0,0.0,0.0,0.0,0.0,0.0,0.0,0.0,0.0,0.0,0.0,0.0,0.0,44.6,0.0,0.0,0.0,0.0,0.0,397.2,0.0,0.0,0.0,0.0
2023,7/11/2023,PBC,Nearshore,84,Palm Beach 1,844,22,0.0,0.0,0.0,0.0,0.0,0.0,0.0,0.0,0.0,0.0,0.0,0.0,0.0,0.0,0.0,0.0,0.0,0.0,0.0,0.0,0.0,0.0,0.0,0.0,0.0,0.0,0.0,0.0,0.0,0.0,195.3,0.0,0.0,0.0,0.0
2023,7/13/2023,PBC,Outer,85,Palm Beach 2,851,22,0.0,0.0,0.0,0.0,0.0,0.0,0.0,0.0,0.0,0.0,807.9,0.0,0.0,0.0,2577.8,0.0,0.0,0.0,0.0,0.0,0.0,0.0,0.0,0.0,311.2,0.0,0.0,0.0,0.0,0.0,248.5,0.0,141.4,0.0,0.0
2023,7/13/2023,PBC,Outer,85,Palm Beach 2,852,22,0.0,0.0,0.0,0.0,0.0,0.0,0.0,0.0,0.0,0.0,192.4,0.0,0.0,0.0,1500.9,0.0,0.0,0.0,0.0,0.0,0.0,0.0,0.0,0.0,412.6,0.0,0.0,0.0,0.0,0.0,60.1,0.0,0.0,0.0,0.0
2023,7/13/2023,PBC,Outer,85,Palm Beach 2,853,22,0.0,0.0,0.0,0.0,0.0,0.0,0.0,0.0,0.0,0.0,723.9,0.0,0.0,0.0,172.0,0.0,0.0,0.0,0.0,0.0,0.0,0.0,0.0,0.0,256.5,0.0,0.0,0.0,0.0,29.5,62.8,0.0,73.5,0.0,0.0
2023,7/13/2023,PBC,Outer,85,Palm Beach 2,854,22,0.0,0.0,0.0,0.0,0.0,0.0,0.0,0.0,0.0,0.0,827.6,0.0,0.0,56.3,1459.2,0.0,0.0,0.0,0.0,0.0,0.0,0.0,0.0,0.0,670.7,0.0,0.0,0.0,0.0,0.0,189.7,0.0,64.9,0.0,0.0
2023,7/11/2023,PBC,Outer,86,Palm Beach 3,861,22,0.0,0.0,0.0,0.0,0.0,0.0,0.0,0.0,0.0,0.0,0.0,0.0,0.0,25.1,1803.9,0.0,0.0,0.0,0.0,0.0,0.0,0.0,0.0,0.0,2491.6,0.0,0.0,0.0,0.0,0.0,272.4,0.0,62.1,0.0,0.0
2023,7/11/2023,PBC,Outer,86,Palm Beach 3,862,22,0.0,0.0,0.0,0.0,56.5,0.0,0.0,0.0,0.0,0.0,0.0,813.5,0.0,0.0,313.5,0.0,0.0,0.0,0.0,0.0,0.0,0.0,0.0,0.0,1359.9,0.0,0.0,0.0,0.0,0.0,47.4,0.0,196.0,0.0,2474.5
2023,7/11/2023,PBC,Outer,86,Palm Beach 3,863,22,0.0,0.0,0.0,0.0,0.0,0.0,0.0,0.0,0.0,0.0,0.0,218.6,0.0,59.0,344.4,0.0,225.1,0.0,0.0,0.0,0.0,0.0,0.0,0.0,1899.5,0.0,0.0,0.0,0.0,0.0,93.9,0.0,221.3,0.0,0.0
2023,7/11/2023,PBC,Outer,86,Palm Beach 3,864,22,0.0,0.0,0.0,0.0,0.0,0.0,0.0,0.0,0.0,0.0,0.0,0.0,0.0,0.0,437.4,0.0,0.0,0.0,0.0,0.0,0.0,0.0,0.0,0.0,694.5,0.0,0.0,0.0,0.0,0.0,24.9,0.0,0.0,0.0,0.0
2023,6/19/2023,BC,Nearshore,87,Broward County 1,871,22,0.0,0.0,0.0,0.0,0.0,0.0,0.0,0.0,0.0,0.0,0.0,105.7,0.0,0.0,47166.6,0.0,0.0,0.0,0.0,0.0,0.0,0.0,0.0,0.0,628.3,0.0,0.0,0.0,0.0,0.0,2327.9,0.0,1264.2,0.0,0.0
2023,6/19/2023,BC,Nearshore,87,Broward County 1,872,22,0.0,0.0,0.0,0.0,0.0,0.0,0.0,0.0,0.0,0.0,0.0,1481.9,0.0,0.0,36243.4,0.0,0.0,0.0,0.0,0.0,0.0,0.0,0.0,0.0,598.4,136.7,0.0,0.0,0.0,0.0,3879.6,0.0,1859.4,0.0,662.7
2023,6/19/2023,BC,Nearshore,87,Broward County 1,873,22,0.0,0.0,0.0,0.0,0.0,0.0,0.0,0.0,0.0,0.0,0.0,0.0,0.0,0.0,73317.9,0.0,0.0,0.0,0.0,0.0,0.0,6204.0,0.0,0.0,291.9,23.8,0.0,0.0,0.0,0.0,593.0,33.8,512.3,0.0,0.0
2023,6/19/2023,BC,Nearshore,87,Broward County 1,874,22,0.0,0.0,0.0,0.0,0.0,0.0,0.0,0.0,0.0,0.0,0.0,0.0,0.0,0.0,42045.1,0.0,0.0,0.0,0.0,0.0,0.0,0.0,0.0,0.0,630.1,0.0,0.0,0.0,0.0,0.0,667.0,0.0,859.9,0.0,0.0
2023,7/28/2023,BC,Middle,88,Broward County 2,881,22,0.0,0.0,0.0,0.0,0.0,0.0,0.0,0.0,0.0,0.0,0.0,0.0,0.0,117.4,424.4,0.0,0.0,0.0,0.0,0.0,0.0,0.0,0.0,0.0,475.2,425.9,0.0,0.0,0.0,0.0,990.1,0.0,528.5,0.0,0.0
2023,7/28/2023,BC,Middle,88,Broward County 2,882,22,0.0,0.0,0.0,69.5,0.0,0.0,0.0,0.0,0.0,0.0,0.0,0.0,0.0,17.4,361.8,0.0,0.0,0.0,0.0,0.0,0.0,0.0,0.0,0.0,68.4,0.0,0.0,0.0,0.0,0.0,397.8,0.0,317.6,0.0,0.0
2023,7/28/2023,BC,Middle,88,Broward County 2,883,22,0.0,0.0,0.0,0.0,103.9,0.0,0.0,0.0,0.0,0.0,0.0,0.0,0.0,0.0,418.6,0.0,0.0,0.0,0.0,0.0,0.0,3261.5,0.0,0.0,848.0,59.0,0.0,0.0,0.0,0.0,735.8,0.0,565.2,0.0,0.0
2023,7/28/2023,BC,Middle,88,Broward County 2,884,22,0.0,0.0,0.0,0.0,44.6,0.0,0.0,0.0,0.0,0.0,0.0,768.6,0.0,0.0,288.7,0.0,0.0,0.0,0.0,0.0,0.0,1769.9,0.0,0.0,1619.4,55.7,0.0,0.0,0.0,0.0,725.1,0.0,347.7,0.0,0.0
2023,7/28/2023,BC,Outer,89,Broward County 3,891,22,0.0,0.0,0.0,0.0,34.3,0.0,178.4,0.0,0.0,0.0,0.0,0.0,0.0,0.0,278.7,0.0,0.0,0.0,0.0,0.0,0.0,0.0,0.0,0.0,362.6,0.0,0.0,0.0,0.0,0.0,299.7,0.0,222.1,0.0,0.0
2023,7/28/2023,BC,Outer,89,Broward County 3,892,22,0.0,0.0,0.0,0.0,44.6,0.0,0.0,0.0,0.0,0.0,0.0,41.7,0.0,56.3,383.4,0.0,0.0,0.0,0.0,0.0,0.0,0.0,0.0,0.0,976.3,0.0,0.0,177.9,0.0,0.0,169.4,0.0,416.8,0.0,0.0
2023,7/28/2023,BC,Outer,89,Broward County 3,893,22,0.0,0.0,0.0,0.0,0.0,0.0,0.0,0.0,0.0,0.0,0.0,0.0,0.0,56.5,779.0,0.0,0.0,0.0,0.0,0.0,0.0,0.0,0.0,0.0,267.0,0.0,0.0,0.0,0.0,0.0,563.2,0.0,381.0,0.0,0.0
2023,7/28/2023,BC,Outer,89,Broward County 3,894,22,0.0,0.0,555.5,0.0,83.6,0.0,0.0,0.0,0.0,0.0,0.0,101.5,0.0,0.0,334.9,0.0,0.0,0.0,0.0,0.0,0.0,0.0,0.0,0.0,0.0,0.0,0.0,0.0,0.0,0.0,1583.3,0.0,243.9,0.0,0.0
2023,6/19/2023,BC,Nearshore,90,Broward County A,901,22,0.0,0.0,0.0,0.0,0.0,0.0,0.0,0.0,0.0,0.0,0.0,0.0,0.0,0.0,100.2,0.0,0.0,0.0,0.0,0.0,0.0,0.0,0.0,0.0,230.3,42.4,0.0,0.0,0.0,0.0,0.0,0.0,0.0,0.0,189.9
2023,6/19/2023,BC,Nearshore,90,Broward County A,902,22,0.0,0.0,0.0,0.0,0.0,0.0,0.0,0.0,0.0,0.0,0.0,0.0,0.0,0.0,0.0,0.0,0.0,0.0,0.0,0.0,0.0,0.0,0.0,0.0,846.6,320.2,0.0,0.0,0.0,0.0,0.0,0.0,25.1,0.0,1788.4
2023,6/19/2023,BC,Nearshore,90,Broward County A,903,22,0.0,0.0,0.0,0.0,0.0,0.0,0.0,0.0,0.0,0.0,0.0,0.0,0.0,0.0,0.0,0.0,0.0,0.0,0.0,0.0,0.0,0.0,0.0,0.0,1941.3,51.2,0.0,0.0,0.0,0.0,137.1,0.0,0.0,0.0,2998.7
2023,6/19/2023,BC,Nearshore,90,Broward County A,904,22,0.0,0.0,0.0,0.0,0.0,0.0,0.0,0.0,0.0,0.0,0.0,0.0,0.0,0.0,0.0,0.0,0.0,0.0,0.0,0.0,0.0,0.0,0.0,0.0,140.1,50.7,0.0,0.0,0.0,0.0,0.0,0.0,0.0,0.0,3034.3
2023,8/10/2023,DC,Inner,91,Dade County 1,911,22,11319.6,0.0,0.0,0.0,0.0,0.0,0.0,0.0,0.0,0.0,0.0,0.0,0.0,0.0,5472.0,0.0,0.0,0.0,0.0,0.0,0.0,0.0,0.0,0.0,7441.3,598.3,0.0,0.0,0.0,0.0,5632.5,0.0,102.4,0.0,224.3
2023,8/10/2023,DC,Inner,91,Dade County 1,912,22,8821.5,0.0,0.0,0.0,56.5,0.0,0.0,0.0,0.0,0.0,0.0,0.0,0.0,136.2,9009.4,0.0,0.0,0.0,0.0,0.0,0.0,0.0,0.0,0.0,7822.7,820.5,0.0,0.0,0.0,0.0,2634.6,0.0,732.4,0.0,169.3
2023,8/10/2023,DC,Inner,91,Dade County 1,913,22,799.1,0.0,0.0,0.0,0.0,0.0,0.0,0.0,0.0,0.0,0.0,0.0,0.0,56.5,1743.1,0.0,0.0,0.0,0.0,0.0,0.0,-1729.8,0.0,0.0,7782.5,905.0,0.0,0.0,0.0,0.0,7168.3,2223.5,271.0,0.0,571.3
2023,8/10/2023,DC,Inner,91,Dade County 1,914,22,117.8,0.0,0.0,573.4,0.0,0.0,0.0,0.0,0.0,0.0,0.0,0.0,0.0,0.0,14243.0,0.0,0.0,0.0,0.0,0.0,0.0,0.0,0.0,0.0,4767.6,984.0,0.0,0.0,0.0,0.0,2146.2,0.0,224.6,0.0,34.2
2023,8/16/2023,DC,Middle,92,Dade County 2,921,22,0.0,0.0,0.0,0.0,51.5,0.0,477.6,0.0,0.0,0.0,0.0,0.0,0.0,0.0,0.0,0.0,0.0,0.0,0.0,0.0,0.0,0.0,0.0,0.0,367.1,0.0,0.0,0.0,0.0,0.0,432.8,0.0,749.0,0.0,0.0
2023,8/16/2023,DC,Middle,92,Dade County 2,922,22,0.0,0.0,0.0,0.0,0.0,0.0,420.6,0.0,0.0,0.0,0.0,0.0,0.0,133.1,67.6,0.0,0.0,0.0,0.0,0.0,0.0,0.0,0.0,0.0,0.0,0.0,0.0,69.8,0.0,0.0,499.3,0.0,916.6,0.0,0.0
2023,8/16/2023,DC,Middle,92,Dade County 2,923,22,0.0,56.3,0.0,0.0,0.0,0.0,170.2,0.0,0.0,0.0,0.0,549.8,0.0,0.0,150.4,0.0,0.0,0.0,0.0,0.0,0.0,2037.0,0.0,0.0,0.0,0.0,0.0,0.0,0.0,0.0,1241.2,0.0,828.9,0.0,0.0
2023,8/16/2023,DC,Middle,92,Dade County 2,924,22,0.0,0.0,0.0,0.0,69.5,0.0,225.4,0.0,0.0,0.0,0.0,0.0,0.0,56.5,418.6,0.0,69.5,0.0,0.0,0.0,0.0,0.0,0.0,0.0,1035.5,725.9,0.0,0.0,0.0,0.0,726.3,0.0,1157.4,0.0,0.0
2023,8/16/2023,DC,Outer,93,Dade County 3,931,22,0.0,0.0,0.0,0.0,0.0,0.0,0.0,0.0,0.0,0.0,0.0,0.0,0.0,84.3,901.2,0.0,0.0,0.0,0.0,0.0,0.0,0.0,0.0,0.0,2600.5,0.0,0.0,0.0,0.0,0.0,575.1,0.0,167.8,0.0,0.0
2023,8/16/2023,DC,Outer,93,Dade County 3,932,22,0.0,0.0,0.0,0.0,0.0,0.0,0.0,0.0,0.0,0.0,0.0,724.8,0.0,44.5,130.1,0.0,0.0,0.0,0.0,0.0,0.0,94.3,0.0,0.0,164.4,0.0,0.0,0.0,0.0,0.0,354.6,0.0,17.4,0.0,0.0
2023,8/16/2023,DC,Outer,93,Dade County 3,933,22,0.0,0.0,0.0,0.0,0.0,0.0,0.0,0.0,0.0,0.0,0.0,0.0,0.0,0.0,225.1,0.0,191.0,0.0,0.0,0.0,0.0,0.0,0.0,0.0,0.0,0.0,0.0,0.0,0.0,0.0,216.5,0.0,510.1,0.0,0.0
2023,8/16/2023,DC,Outer,93,Dade County 3,934,22,0.0,0.0,0.0,0.0,0.0,0.0,0.0,0.0,0.0,0.0,0.0,0.0,0.0,0.0,278.1,0.0,0.0,0.0,0.0,0.0,0.0,0.0,0.0,0.0,0.0,0.0,0.0,0.0,0.0,0.0,295.9,0.0,227.6,0.0,0.0
2023,6/13/2023,MC,Nearshore,94,Martin County 1,941,10,0.0,0.0,0.0,0.0,0.0,0.0,0.0,0.0,0.0,0.0,0.0,0.0,0.0,0.0,0.0,0.0,0.0,0.0,0.0,0.0,0.0,0.0,0.0,30.9,10910.8,0.0,0.0,0.0,0.0,0.0,928.0,0.0,0.0,0.0,0.0
2023,6/13/2023,MC,Nearshore,94,Martin County 1,942,10,0.0,0.0,0.0,0.0,0.0,0.0,0.0,0.0,0.0,0.0,0.0,0.0,0.0,0.0,0.0,0.0,0.0,0.0,0.0,0.0,0.0,0.0,0.0,0.0,3166.4,0.0,0.0,0.0,0.0,0.0,336.5,0.0,0.0,0.0,0.0
2023,6/13/2023,MC,Nearshore,94,Martin County 1,943,10,0.0,0.0,0.0,0.0,0.0,0.0,0.0,0.0,0.0,0.0,0.0,0.0,0.0,0.0,0.0,0.0,0.0,0.0,0.0,0.0,0.0,0.0,0.0,0.0,238.5,0.0,0.0,0.0,0.0,0.0,96.6,0.0,0.0,0.0,0.0
2023,6/13/2023,MC,Nearshore,94,Martin County 1,944,10,0.0,0.0,0.0,0.0,0.0,0.0,0.0,0.0,0.0,0.0,0.0,0.0,0.0,0.0,0.0,0.0,0.0,0.0,69.2,0.0,0.0,0.0,0.0,0.0,2164.6,0.0,0.0,0.0,0.0,0.0,578.4,0.0,0.0,0.0,0.0
2023,6/13/2023,MC,Nearshore,95,Martin County 2,951,10,0.0,0.0,0.0,0.0,0.0,0.0,0.0,0.0,0.0,0.0,0.0,0.0,0.0,0.0,0.0,0.0,0.0,0.0,0.0,0.0,0.0,0.0,0.0,0.0,17.4,0.0,0.0,0.0,0.0,0.0,223.8,0.0,0.0,0.0,0.0
2023,6/13/2023,MC,Nearshore,95,Martin County 2,952,10,0.0,0.0,0.0,0.0,0.0,0.0,0.0,0.0,0.0,0.0,0.0,0.0,0.0,0.0,0.0,0.0,0.0,0.0,0.0,0.0,0.0,0.0,0.0,0.0,0.0,0.0,0.0,0.0,0.0,0.0,392.9,0.0,0.0,0.0,0.0
2023,6/13/2023,MC,Nearshore,95,Martin County 2,953,10,0.0,0.0,0.0,0.0,0.0,0.0,0.0,0.0,0.0,0.0,0.0,0.0,0.0,0.0,0.0,0.0,0.0,0.0,0.0,0.0,0.0,0.0,0.0,0.0,0.0,0.0,0.0,0.0,0.0,0.0,30.9,0.0,0.0,0.0,0.0
2023,6/13/2023,MC,Nearshore,95,Martin County 2,954,10,0.0,0.0,0.0,0.0,0.0,0.0,0.0,0.0,0.0,0.0,0.0,0.0,0.0,0.0,0.0,0.0,0.0,0.0,25.1,0.0,0.0,0.0,0.0,100.3,0.0,0.0,0.0,0.0,0.0,0.0,276.7,0.0,0.0,0.0,0.0
2023,7/12/2023,PBC,Outer,97,Palm Beach 4,971,22,0.0,0.0,0.0,0.0,0.0,0.0,0.0,0.0,0.0,0.0,0.0,0.0,0.0,0.0,659.6,0.0,0.0,0.0,0.0,0.0,0.0,0.0,0.0,0.0,1066.1,0.0,0.0,0.0,0.0,0.0,201.0,0.0,0.0,0.0,0.0
2023,7/12/2023,PBC,Outer,97,Palm Beach 4,972,22,0.0,0.0,0.0,0.0,50.9,0.0,0.0,0.0,0.0,0.0,0.0,34.3,0.0,17.4,502.4,0.0,0.0,0.0,0.0,0.0,0.0,0.0,0.0,0.0,425.9,0.0,0.0,0.0,0.0,0.0,506.5,0.0,473.6,0.0,0.0
2023,7/12/2023,PBC,Outer,97,Palm Beach 4,973,22,0.0,0.0,0.0,0.0,0.0,0.0,0.0,0.0,0.0,0.0,0.0,0.0,0.0,69.8,740.1,0.0,0.0,0.0,0.0,0.0,0.0,0.0,0.0,0.0,1608.7,0.0,0.0,0.0,0.0,0.0,292.3,0.0,184.0,0.0,0.0
2023,7/12/2023,PBC,Outer,97,Palm Beach 4,974,22,0.0,0.0,0.0,0.0,24.9,0.0,0.0,0.0,0.0,0.0,0.0,94.6,0.0,44.5,3275.2,0.0,0.0,0.0,0.0,0.0,0.0,0.0,0.0,0.0,572.1,67.0,0.0,0.0,0.0,0.0,927.5,0.0,867.1,0.0,0.0
2023,7/10/2023,PBC,Outer,98,Palm Beach 5,981,22,0.0,0.0,0.0,0.0,0.0,291.2,0.0,0.0,0.0,0.0,0.0,0.0,0.0,0.0,676.1,0.0,0.0,0.0,0.0,0.0,0.0,0.0,0.0,0.0,3238.2,76.0,0.0,62.5,0.0,0.0,403.0,0.0,224.4,0.0,0.0
2023,7/10/2023,PBC,Outer,98,Palm Beach 5,982,22,0.0,0.0,0.0,0.0,17.0,0.0,0.0,0.0,0.0,0.0,0.0,0.0,0.0,44.5,581.0,0.0,25.1,0.0,0.0,0.0,0.0,412.5,0.0,0.0,2208.5,44.6,0.0,0.0,0.0,0.0,1506.4,0.0,411.4,0.0,0.0
2023,7/10/2023,PBC,Outer,98,Palm Beach 5,983,22,0.0,0.0,0.0,0.0,179.1,0.0,0.0,0.0,0.0,0.0,0.0,0.0,0.0,136.2,1201.1,0.0,59.4,0.0,0.0,0.0,0.0,0.0,0.0,0.0,2614.5,110.6,0.0,0.0,0.0,0.0,578.3,0.0,402.7,0.0,0.0
2023,7/10/2023,PBC,Outer,98,Palm Beach 5,984,22,0.0,0.0,154.8,0.0,34.2,0.0,0.0,0.0,0.0,0.0,0.0,0.0,0.0,44.1,4898.7,0.0,0.0,0.0,0.0,0.0,0.0,44.1,0.0,0.0,2758.1,0.0,0.0,0.0,0.0,0.0,787.7,0.0,404.9,0.0,127.9
2023,8/8/2023,DC,Outer,99,Dade County 4,991,22,0.0,0.0,0.0,0.0,0.0,0.0,0.0,0.0,0.0,0.0,0.0,0.0,0.0,17.6,1552.8,0.0,122.0,0.0,0.0,0.0,0.0,0.0,0.0,0.0,1473.6,316.9,0.0,0.0,0.0,0.0,659.3,0.0,631.8,0.0,0.0
2023,8/8/2023,DC,Outer,99,Dade County 4,992,22,0.0,0.0,0.0,0.0,81.1,0.0,0.0,0.0,0.0,0.0,0.0,202.9,0.0,23.9,1391.3,0.0,45.0,0.0,0.0,0.0,0.0,0.0,0.0,0.0,1315.1,0.0,0.0,0.0,17.4,0.0,901.8,845.0,0.0,0.0,0.0
2023,8/8/2023,DC,Outer,99,Dade County 4,993,22,0.0,0.0,955.5,0.0,0.0,0.0,0.0,0.0,0.0,0.0,0.0,0.0,0.0,0.0,1198.1,0.0,34.2,0.0,0.0,0.0,0.0,148.5,0.0,0.0,1114.3,0.0,0.0,17.4,17.4,0.0,727.1,0.0,231.8,0.0,235.8
2023,8/8/2023,DC,Outer,99,Dade County 4,994,22,0.0,0.0,0.0,0.0,0.0,0.0,0.0,0.0,0.0,0.0,0.0,0.0,0.0,0.0,382.1,0.0,0.0,0.0,0.0,0.0,0.0,0.0,0.0,0.0,1732.5,0.0,0.0,0.0,0.0,0.0,812.0,17.4,66.6,0.0,50.9
