"cover_year","region","habitat","site_code","site_name","station","points","percent_cover","group_coarse","group_fine","recruit_year","juv_year"
2015,"LK","OD","5D4","Western Sambo Deep",791,843,0.161328588,"Macroalgae","Macroalgae",2016,2017
2015,"LK","OD","5D4","Western Sambo Deep",791,843,0.017793594,"Macroalgae","Macroalgae",2016,2017
2015,"LK","OD","5D4","Western Sambo Deep",791,843,0.268090154,"Macroalgae","Macroalgae",2016,2017
2015,"LK","OD","5D4","Western Sambo Deep",792,870,0.114942529,"Macroalgae","Macroalgae",2016,2017
2015,"LK","OD","5D4","Western Sambo Deep",792,870,0.013793103,"Macroalgae","Macroalgae",2016,2017
2015,"LK","OD","5D4","Western Sambo Deep",792,870,0.004597701,"Macroalgae","Macroalgae",2016,2017
2015,"LK","OD","5D4","Western Sambo Deep",792,870,0.282758621,"Macroalgae","Macroalgae",2016,2017
2015,"LK","OD","5D4","Western Sambo Deep",793,1014,0.162721893,"Macroalgae","Macroalgae",2016,2017
2015,"LK","OD","5D4","Western Sambo Deep",793,1014,0.010848126,"Macroalgae","Macroalgae",2016,2017
2015,"LK","OD","5D4","Western Sambo Deep",793,1014,0.149901381,"Macroalgae","Macroalgae",2016,2017
2015,"LK","OD","5D4","Western Sambo Deep",794,927,0.19201726,"Macroalgae","Macroalgae",2016,2017
2015,"LK","OD","5D4","Western Sambo Deep",794,927,0.009708738,"Macroalgae","Macroalgae",2016,2017
2015,"LK","OD","5D4","Western Sambo Deep",794,927,0.198489752,"Macroalgae","Macroalgae",2016,2017
2015,"LK","OD","2D1","Sand Key Deep",811,937,0.231590181,"Macroalgae","Macroalgae",2016,2017
2015,"LK","OD","2D1","Sand Key Deep",811,937,0.003201708,"Macroalgae","Macroalgae",2016,2017
2015,"LK","OD","2D1","Sand Key Deep",811,937,0.162219851,"Macroalgae","Macroalgae",2016,2017
2015,"LK","OD","2D1","Sand Key Deep",812,958,0.329853862,"Macroalgae","Macroalgae",2016,2017
2015,"LK","OD","2D1","Sand Key Deep",812,958,0.013569937,"Macroalgae","Macroalgae",2016,2017
2015,"LK","OD","2D1","Sand Key Deep",813,1007,0.080436941,"Macroalgae","Macroalgae",2016,2017
2015,"LK","OD","2D1","Sand Key Deep",813,1007,0.179741807,"Macroalgae","Macroalgae",2016,2017
2015,"LK","OD","2D1","Sand Key Deep",814,939,0.168264111,"Macroalgae","Macroalgae",2016,2017
2015,"LK","OD","2D1","Sand Key Deep",814,939,0.096911608,"Macroalgae","Macroalgae",2016,2017
2015,"LK","OS","5S4","Western Sambo Shallow",591,999,0.003003003,"Macroalgae","Macroalgae",2016,2017
2015,"LK","OS","5S4","Western Sambo Shallow",591,999,0.011011011,"Macroalgae","Macroalgae",2016,2017
2015,"LK","OS","5S4","Western Sambo Shallow",591,999,0.142142142,"Macroalgae","Macroalgae",2016,2017
2015,"LK","OS","5S4","Western Sambo Shallow",592,1103,0.004533092,"Macroalgae","Macroalgae",2016,2017
2015,"LK","OS","5S4","Western Sambo Shallow",592,1103,0.038077969,"Macroalgae","Macroalgae",2016,2017
2015,"LK","OS","5S4","Western Sambo Shallow",592,1103,0.071622847,"Macroalgae","Macroalgae",2016,2017
2015,"LK","OS","5S4","Western Sambo Shallow",593,1136,0.022007042,"Macroalgae","Macroalgae",2016,2017
2015,"LK","OS","5S4","Western Sambo Shallow",593,1136,0.018485915,"Macroalgae","Macroalgae",2016,2017
2015,"LK","OS","5S4","Western Sambo Shallow",594,961,0.016649324,"Macroalgae","Macroalgae",2016,2017
2015,"LK","OS","5S4","Western Sambo Shallow",594,961,0.027055151,"Macroalgae","Macroalgae",2016,2017
2015,"LK","OS","2S1","Sand Key Shallow",611,949,0.105374078,"Macroalgae","Macroalgae",2016,2017
2015,"LK","OS","2S1","Sand Key Shallow",611,949,0.006322445,"Macroalgae","Macroalgae",2016,2017
2015,"LK","OS","2S1","Sand Key Shallow",611,949,0.001053741,"Macroalgae","Macroalgae",2016,2017
2015,"LK","OS","2S1","Sand Key Shallow",611,949,0.046364594,"Macroalgae","Macroalgae",2016,2017
2015,"LK","OS","2S1","Sand Key Shallow",612,930,0.139784946,"Macroalgae","Macroalgae",2016,2017
2015,"LK","OS","2S1","Sand Key Shallow",612,930,0.016129032,"Macroalgae","Macroalgae",2016,2017
2015,"LK","OS","2S1","Sand Key Shallow",612,930,0.001075269,"Macroalgae","Macroalgae",2016,2017
2015,"LK","OS","2S1","Sand Key Shallow",612,930,0.011827957,"Macroalgae","Macroalgae",2016,2017
2015,"LK","OS","2S1","Sand Key Shallow",613,977,0.10542477,"Macroalgae","Macroalgae",2016,2017
2015,"LK","OS","2S1","Sand Key Shallow",613,977,0.00716479,"Macroalgae","Macroalgae",2016,2017
2015,"LK","OS","2S1","Sand Key Shallow",613,977,0.12691914,"Macroalgae","Macroalgae",2016,2017
2015,"LK","OS","2S1","Sand Key Shallow",614,932,0.0472103,"Macroalgae","Macroalgae",2016,2017
2015,"LK","OS","2S1","Sand Key Shallow",614,932,0.00751073,"Macroalgae","Macroalgae",2016,2017
2015,"LK","OS","2S1","Sand Key Shallow",614,932,0.051502146,"Macroalgae","Macroalgae",2016,2017
2015,"LK","P","5P6","Red Dun Reef",261,945,0.024338624,"Macroalgae","Macroalgae",2016,2017
2015,"LK","P","5P6","Red Dun Reef",262,1174,0.051107325,"Macroalgae","Macroalgae",2016,2017
2015,"LK","P","5P6","Red Dun Reef",263,1192,0.000838926,"Macroalgae","Macroalgae",2016,2017
2015,"LK","P","5P6","Red Dun Reef",263,1192,0.041107383,"Macroalgae","Macroalgae",2016,2017
2015,"LK","P","5P6","Red Dun Reef",264,929,0.002152853,"Macroalgae","Macroalgae",2016,2017
2015,"LK","P","5P6","Red Dun Reef",264,929,0.048439182,"Macroalgae","Macroalgae",2016,2017
2015,"LK","P","5P1","West Washerwoman",361,994,0.001006036,"Macroalgae","Macroalgae",2016,2017
2015,"LK","P","5P1","West Washerwoman",361,994,0.049295775,"Macroalgae","Macroalgae",2016,2017
2015,"LK","P","5P1","West Washerwoman",362,1102,0.059891107,"Macroalgae","Macroalgae",2016,2017
2015,"LK","P","5P1","West Washerwoman",363,1115,0.000896861,"Macroalgae","Macroalgae",2016,2017
2015,"LK","P","5P1","West Washerwoman",363,1115,0.077130045,"Macroalgae","Macroalgae",2016,2017
2015,"LK","P","5P1","West Washerwoman",364,1027,0.00292113,"Macroalgae","Macroalgae",2016,2017
2015,"LK","P","5P1","West Washerwoman",364,1027,0.012658228,"Macroalgae","Macroalgae",2016,2017
2015,"MK","OD","7D2","Tennessee Deep",751,917,0.152671756,"Macroalgae","Macroalgae",2016,2017
2015,"MK","OD","7D2","Tennessee Deep",751,917,0.009814613,"Macroalgae","Macroalgae",2016,2017
2015,"MK","OD","7D2","Tennessee Deep",751,917,0.143947655,"Macroalgae","Macroalgae",2016,2017
2015,"MK","OD","7D2","Tennessee Deep",752,918,0.095860566,"Macroalgae","Macroalgae",2016,2017
2015,"MK","OD","7D2","Tennessee Deep",752,918,0.021786492,"Macroalgae","Macroalgae",2016,2017
2015,"MK","OD","7D2","Tennessee Deep",752,918,0.14379085,"Macroalgae","Macroalgae",2016,2017
2015,"MK","OD","7D2","Tennessee Deep",753,892,0.117713004,"Macroalgae","Macroalgae",2016,2017
2015,"MK","OD","7D2","Tennessee Deep",753,892,0.001121076,"Macroalgae","Macroalgae",2016,2017
2015,"MK","OD","7D2","Tennessee Deep",753,892,0.013452915,"Macroalgae","Macroalgae",2016,2017
2015,"MK","OD","7D2","Tennessee Deep",753,892,0.10426009,"Macroalgae","Macroalgae",2016,2017
2015,"MK","OD","7D2","Tennessee Deep",754,988,0.157894737,"Macroalgae","Macroalgae",2016,2017
2015,"MK","OD","7D2","Tennessee Deep",754,988,0.002024291,"Macroalgae","Macroalgae",2016,2017
2015,"MK","OD","7D2","Tennessee Deep",754,988,0.028340081,"Macroalgae","Macroalgae",2016,2017
2015,"MK","OD","7D2","Tennessee Deep",754,988,0.068825911,"Macroalgae","Macroalgae",2016,2017
2015,"MK","OD","5D1","Sombrero Deep",761,772,0.080310881,"Macroalgae","Macroalgae",2016,2017
2015,"MK","OD","5D1","Sombrero Deep",761,772,0.001295337,"Macroalgae","Macroalgae",2016,2017
2015,"MK","OD","5D1","Sombrero Deep",761,772,0.001295337,"Macroalgae","Macroalgae",2016,2017
2015,"MK","OD","5D1","Sombrero Deep",761,772,0.133419689,"Macroalgae","Macroalgae",2016,2017
2015,"MK","OD","5D1","Sombrero Deep",762,812,0.040640394,"Macroalgae","Macroalgae",2016,2017
2015,"MK","OD","5D1","Sombrero Deep",762,812,0.004926108,"Macroalgae","Macroalgae",2016,2017
2015,"MK","OD","5D1","Sombrero Deep",762,812,0.206896552,"Macroalgae","Macroalgae",2016,2017
2015,"MK","OD","5D1","Sombrero Deep",763,858,0.052447552,"Macroalgae","Macroalgae",2016,2017
2015,"MK","OD","5D1","Sombrero Deep",763,858,0.002331002,"Macroalgae","Macroalgae",2016,2017
2015,"MK","OD","5D1","Sombrero Deep",763,858,0.248251748,"Macroalgae","Macroalgae",2016,2017
2015,"MK","OD","5D1","Sombrero Deep",764,764,0.048429319,"Macroalgae","Macroalgae",2016,2017
2015,"MK","OD","5D1","Sombrero Deep",764,764,0.185863874,"Macroalgae","Macroalgae",2016,2017
2015,"MK","OS","7S2","Tennessee Shallow",551,949,0.10748156,"Macroalgae","Macroalgae",2016,2017
2015,"MK","OS","7S2","Tennessee Shallow",551,949,0.003161222,"Macroalgae","Macroalgae",2016,2017
2015,"MK","OS","7S2","Tennessee Shallow",551,949,0.037934668,"Macroalgae","Macroalgae",2016,2017
2015,"MK","OS","7S2","Tennessee Shallow",552,917,0.131952017,"Macroalgae","Macroalgae",2016,2017
2015,"MK","OS","7S2","Tennessee Shallow",552,917,0.001090513,"Macroalgae","Macroalgae",2016,2017
2015,"MK","OS","7S2","Tennessee Shallow",552,917,0.028353326,"Macroalgae","Macroalgae",2016,2017
2015,"MK","OS","7S2","Tennessee Shallow",553,859,0.05355064,"Macroalgae","Macroalgae",2016,2017
2015,"MK","OS","7S2","Tennessee Shallow",553,859,0.001164144,"Macroalgae","Macroalgae",2016,2017
2015,"MK","OS","7S2","Tennessee Shallow",553,859,0.083818393,"Macroalgae","Macroalgae",2016,2017
2015,"MK","OS","7S2","Tennessee Shallow",554,919,0.108813928,"Macroalgae","Macroalgae",2016,2017
2015,"MK","OS","7S2","Tennessee Shallow",554,919,0.001088139,"Macroalgae","Macroalgae",2016,2017
2015,"MK","OS","7S2","Tennessee Shallow",554,919,0.044613711,"Macroalgae","Macroalgae",2016,2017
2015,"MK","OS","5S1","Sombrero Shallow",561,869,0.20598389,"Macroalgae","Macroalgae",2016,2017
2015,"MK","OS","5S1","Sombrero Shallow",561,869,0.00575374,"Macroalgae","Macroalgae",2016,2017
2015,"MK","OS","5S1","Sombrero Shallow",561,869,0.026467204,"Macroalgae","Macroalgae",2016,2017
2015,"MK","OS","5S1","Sombrero Shallow",562,810,0.145679012,"Macroalgae","Macroalgae",2016,2017
2015,"MK","OS","5S1","Sombrero Shallow",562,810,0.012345679,"Macroalgae","Macroalgae",2016,2017
2015,"MK","OS","5S1","Sombrero Shallow",562,810,0.041975309,"Macroalgae","Macroalgae",2016,2017
2015,"MK","OS","5S1","Sombrero Shallow",563,956,0.094142259,"Macroalgae","Macroalgae",2016,2017
2015,"MK","OS","5S1","Sombrero Shallow",563,956,0.005230126,"Macroalgae","Macroalgae",2016,2017
2015,"MK","OS","5S1","Sombrero Shallow",563,956,0.078451883,"Macroalgae","Macroalgae",2016,2017
2015,"MK","OS","5S1","Sombrero Shallow",564,912,0.029605263,"Macroalgae","Macroalgae",2016,2017
2015,"MK","OS","5S1","Sombrero Shallow",564,912,0.020833333,"Macroalgae","Macroalgae",2016,2017
2015,"MK","OS","5S1","Sombrero Shallow",564,912,0.005482456,"Macroalgae","Macroalgae",2016,2017
2015,"MK","P","7P1","West Turtle Shoal",341,986,0.003042596,"Macroalgae","Macroalgae",2016,2017
2015,"MK","P","7P1","West Turtle Shoal",341,986,0.001014199,"Macroalgae","Macroalgae",2016,2017
2015,"MK","P","7P1","West Turtle Shoal",341,986,0.055780933,"Macroalgae","Macroalgae",2016,2017
2015,"MK","P","7P1","West Turtle Shoal",342,906,0.058498896,"Macroalgae","Macroalgae",2016,2017
2015,"MK","P","7P1","West Turtle Shoal",343,892,0.05941704,"Macroalgae","Macroalgae",2016,2017
2015,"MK","P","7P1","West Turtle Shoal",344,802,0.044887781,"Macroalgae","Macroalgae",2016,2017
2015,"MK","P","7P2","Dustan Rocks",351,1003,0.031904287,"Macroalgae","Macroalgae",2016,2017
2015,"MK","P","7P2","Dustan Rocks",351,1003,0.036889332,"Macroalgae","Macroalgae",2016,2017
2015,"MK","P","7P2","Dustan Rocks",352,982,0.024439919,"Macroalgae","Macroalgae",2016,2017
2015,"MK","P","7P2","Dustan Rocks",352,982,0.091649695,"Macroalgae","Macroalgae",2016,2017
2015,"MK","P","7P2","Dustan Rocks",353,948,0.023206751,"Macroalgae","Macroalgae",2016,2017
2015,"MK","P","7P2","Dustan Rocks",353,948,0.055907173,"Macroalgae","Macroalgae",2016,2017
2015,"MK","P","7P2","Dustan Rocks",354,963,0.005192108,"Macroalgae","Macroalgae",2016,2017
2015,"MK","P","7P2","Dustan Rocks",354,963,0.041536864,"Macroalgae","Macroalgae",2016,2017
2015,"UK","OD","9D1","Carysfort Deep",701,909,0.199119912,"Macroalgae","Macroalgae",2016,2017
2015,"UK","OD","9D1","Carysfort Deep",701,909,0.00550055,"Macroalgae","Macroalgae",2016,2017
2015,"UK","OD","9D1","Carysfort Deep",701,909,0.01210121,"Macroalgae","Macroalgae",2016,2017
2015,"UK","OD","9D1","Carysfort Deep",701,909,0.04730473,"Macroalgae","Macroalgae",2016,2017
2015,"UK","OD","9D1","Carysfort Deep",702,953,0.198321091,"Macroalgae","Macroalgae",2016,2017
2015,"UK","OD","9D1","Carysfort Deep",702,953,0.012591815,"Macroalgae","Macroalgae",2016,2017
2015,"UK","OD","9D1","Carysfort Deep",702,953,0.252885624,"Macroalgae","Macroalgae",2016,2017
2015,"UK","OD","9D1","Carysfort Deep",703,933,0.335476956,"Macroalgae","Macroalgae",2016,2017
2015,"UK","OD","9D1","Carysfort Deep",703,933,0.036441586,"Macroalgae","Macroalgae",2016,2017
2015,"UK","OD","9D1","Carysfort Deep",703,933,0.176848875,"Macroalgae","Macroalgae",2016,2017
2015,"UK","OD","9D1","Carysfort Deep",704,991,0.321897074,"Macroalgae","Macroalgae",2016,2017
2015,"UK","OD","9D1","Carysfort Deep",704,991,0.001009082,"Macroalgae","Macroalgae",2016,2017
2015,"UK","OD","9D1","Carysfort Deep",704,991,0.014127144,"Macroalgae","Macroalgae",2016,2017
2015,"UK","OD","9D1","Carysfort Deep",704,991,0.080726539,"Macroalgae","Macroalgae",2016,2017
2015,"UK","OD","9D3","Molasses Deep",721,859,0.131548312,"Macroalgae","Macroalgae",2016,2017
2015,"UK","OD","9D3","Molasses Deep",721,859,0.001164144,"Macroalgae","Macroalgae",2016,2017
2015,"UK","OD","9D3","Molasses Deep",721,859,0.001164144,"Macroalgae","Macroalgae",2016,2017
2015,"UK","OD","9D3","Molasses Deep",721,859,0.020954598,"Macroalgae","Macroalgae",2016,2017
2015,"UK","OD","9D3","Molasses Deep",722,866,0.021939954,"Macroalgae","Macroalgae",2016,2017
2015,"UK","OD","9D3","Molasses Deep",722,866,0.084295612,"Macroalgae","Macroalgae",2016,2017
2015,"UK","OD","9D3","Molasses Deep",723,945,0.11005291,"Macroalgae","Macroalgae",2016,2017
2015,"UK","OD","9D3","Molasses Deep",723,945,0.001058201,"Macroalgae","Macroalgae",2016,2017
2015,"UK","OD","9D3","Molasses Deep",723,945,0.024338624,"Macroalgae","Macroalgae",2016,2017
2015,"UK","OD","9D3","Molasses Deep",723,945,0.044444444,"Macroalgae","Macroalgae",2016,2017
2015,"UK","OD","9D3","Molasses Deep",724,986,0.139959432,"Macroalgae","Macroalgae",2016,2017
2015,"UK","OD","9D3","Molasses Deep",724,986,0.017241379,"Macroalgae","Macroalgae",2016,2017
2015,"UK","OD","9D3","Molasses Deep",724,986,0.050709939,"Macroalgae","Macroalgae",2016,2017
2015,"UK","OS","9S1","Carysfort Shallow",501,911,0.00219539,"Macroalgae","Macroalgae",2016,2017
2015,"UK","OS","9S1","Carysfort Shallow",501,911,0.00219539,"Macroalgae","Macroalgae",2016,2017
2015,"UK","OS","9S1","Carysfort Shallow",502,924,0.001082251,"Macroalgae","Macroalgae",2016,2017
2015,"UK","OS","9S1","Carysfort Shallow",502,924,0.001082251,"Macroalgae","Macroalgae",2016,2017
2015,"UK","OS","9S1","Carysfort Shallow",503,961,0.056191467,"Macroalgae","Macroalgae",2016,2017
2015,"UK","OS","9S1","Carysfort Shallow",503,961,0.064516129,"Macroalgae","Macroalgae",2016,2017
2015,"UK","OS","9S1","Carysfort Shallow",504,982,0.053971487,"Macroalgae","Macroalgae",2016,2017
2015,"UK","OS","9S1","Carysfort Shallow",504,982,0.011201629,"Macroalgae","Macroalgae",2016,2017
2015,"UK","OS","9S1","Carysfort Shallow",504,982,0.025458248,"Macroalgae","Macroalgae",2016,2017
2015,"UK","OS","9S3","Molasses Shallow",521,967,0.027921406,"Macroalgae","Macroalgae",2016,2017
2015,"UK","OS","9S3","Molasses Shallow",521,967,0.047569804,"Macroalgae","Macroalgae",2016,2017
2015,"UK","OS","9S3","Molasses Shallow",522,1008,0.061507937,"Macroalgae","Macroalgae",2016,2017
2015,"UK","OS","9S3","Molasses Shallow",522,1008,0.070436508,"Macroalgae","Macroalgae",2016,2017
2015,"UK","OS","9S3","Molasses Shallow",523,885,0.220338983,"Macroalgae","Macroalgae",2016,2017
2015,"UK","OS","9S3","Molasses Shallow",523,885,0.001129944,"Macroalgae","Macroalgae",2016,2017
2015,"UK","OS","9S3","Molasses Shallow",523,885,0.081355932,"Macroalgae","Macroalgae",2016,2017
2015,"UK","OS","9S3","Molasses Shallow",524,1003,0.180458624,"Macroalgae","Macroalgae",2016,2017
2015,"UK","OS","9S3","Molasses Shallow",524,1003,0.002991027,"Macroalgae","Macroalgae",2016,2017
2015,"UK","OS","9S3","Molasses Shallow",524,1003,0.030907278,"Macroalgae","Macroalgae",2016,2017
2015,"UK","P","9P3","Porter Patch",321,955,0.068062827,"Macroalgae","Macroalgae",2016,2017
2015,"UK","P","9P3","Porter Patch",321,955,0.00104712,"Macroalgae","Macroalgae",2016,2017
2015,"UK","P","9P3","Porter Patch",321,955,0.151832461,"Macroalgae","Macroalgae",2016,2017
2015,"UK","P","9P3","Porter Patch",322,905,0.155801105,"Macroalgae","Macroalgae",2016,2017
2015,"UK","P","9P3","Porter Patch",322,905,0.001104972,"Macroalgae","Macroalgae",2016,2017
2015,"UK","P","9P3","Porter Patch",322,905,0.162430939,"Macroalgae","Macroalgae",2016,2017
2015,"UK","P","9P3","Porter Patch",323,944,0.151483051,"Macroalgae","Macroalgae",2016,2017
2015,"UK","P","9P3","Porter Patch",323,944,0.004237288,"Macroalgae","Macroalgae",2016,2017
2015,"UK","P","9P3","Porter Patch",323,944,0.001059322,"Macroalgae","Macroalgae",2016,2017
2015,"UK","P","9P3","Porter Patch",323,944,0.118644068,"Macroalgae","Macroalgae",2016,2017
2015,"UK","P","9P3","Porter Patch",324,1032,0.073643411,"Macroalgae","Macroalgae",2016,2017
2015,"UK","P","9P3","Porter Patch",324,1032,0.000968992,"Macroalgae","Macroalgae",2016,2017
2015,"UK","P","9P3","Porter Patch",324,1032,0.187015504,"Macroalgae","Macroalgae",2016,2017
2015,"UK","P","9P4","Admiral",331,1353,0.026607539,"Macroalgae","Macroalgae",2016,2017
2015,"UK","P","9P4","Admiral",331,1353,0.028085735,"Macroalgae","Macroalgae",2016,2017
2015,"UK","P","9P4","Admiral",331,1353,0.025129342,"Macroalgae","Macroalgae",2016,2017
2015,"UK","P","9P4","Admiral",332,1124,0.010676157,"Macroalgae","Macroalgae",2016,2017
2015,"UK","P","9P4","Admiral",332,1124,0.026690391,"Macroalgae","Macroalgae",2016,2017
2015,"UK","P","9P4","Admiral",332,1124,0.072064057,"Macroalgae","Macroalgae",2016,2017
2015,"UK","P","9P4","Admiral",333,1162,0.012048193,"Macroalgae","Macroalgae",2016,2017
2015,"UK","P","9P4","Admiral",333,1162,0.030120482,"Macroalgae","Macroalgae",2016,2017
2015,"UK","P","9P4","Admiral",333,1162,0.067986231,"Macroalgae","Macroalgae",2016,2017
2015,"UK","P","9P4","Admiral",334,1164,0.024914089,"Macroalgae","Macroalgae",2016,2017
2015,"UK","P","9P4","Admiral",334,1164,0.008591065,"Macroalgae","Macroalgae",2016,2017
2015,"UK","P","9P4","Admiral",334,1164,0.058419244,"Macroalgae","Macroalgae",2016,2017
2016,"LK","OD","5D4","Western Sambo Deep",791,993,0.647532729,"Macroalgae","Macroalgae",2017,2018
2016,"LK","OD","5D4","Western Sambo Deep",791,993,0.002014099,"Macroalgae","Macroalgae",2017,2018
2016,"LK","OD","5D4","Western Sambo Deep",791,993,0.018126888,"Macroalgae","Macroalgae",2017,2018
2016,"LK","OD","5D4","Western Sambo Deep",791,993,0.005035247,"Macroalgae","Macroalgae",2017,2018
2016,"LK","OD","5D4","Western Sambo Deep",792,937,0.432230523,"Macroalgae","Macroalgae",2017,2018
2016,"LK","OD","5D4","Western Sambo Deep",792,937,0.002134472,"Macroalgae","Macroalgae",2017,2018
2016,"LK","OD","5D4","Western Sambo Deep",792,937,0.008537887,"Macroalgae","Macroalgae",2017,2018
2016,"LK","OD","5D4","Western Sambo Deep",792,937,0.10565635,"Macroalgae","Macroalgae",2017,2018
2016,"LK","OD","5D4","Western Sambo Deep",793,1086,0.325046041,"Macroalgae","Macroalgae",2017,2018
2016,"LK","OD","5D4","Western Sambo Deep",793,1086,0.0893186,"Macroalgae","Macroalgae",2017,2018
2016,"LK","OD","5D4","Western Sambo Deep",794,1050,0.357142857,"Macroalgae","Macroalgae",2017,2018
2016,"LK","OD","5D4","Western Sambo Deep",794,1050,0.005714286,"Macroalgae","Macroalgae",2017,2018
2016,"LK","OD","5D4","Western Sambo Deep",794,1050,0.076190476,"Macroalgae","Macroalgae",2017,2018
2016,"LK","OD","2D1","Sand Key Deep",811,918,0.305010893,"Macroalgae","Macroalgae",2017,2018
2016,"LK","OD","2D1","Sand Key Deep",811,918,0.216775599,"Macroalgae","Macroalgae",2017,2018
2016,"LK","OD","2D1","Sand Key Deep",812,950,0.403157895,"Macroalgae","Macroalgae",2017,2018
2016,"LK","OD","2D1","Sand Key Deep",812,950,0.001052632,"Macroalgae","Macroalgae",2017,2018
2016,"LK","OD","2D1","Sand Key Deep",812,950,0.058947368,"Macroalgae","Macroalgae",2017,2018
2016,"LK","OD","2D1","Sand Key Deep",813,958,0.288100209,"Macroalgae","Macroalgae",2017,2018
2016,"LK","OD","2D1","Sand Key Deep",813,958,0.063674322,"Macroalgae","Macroalgae",2017,2018
2016,"LK","OD","2D1","Sand Key Deep",814,911,0.331503842,"Macroalgae","Macroalgae",2017,2018
2016,"LK","OD","2D1","Sand Key Deep",814,911,0.047200878,"Macroalgae","Macroalgae",2017,2018
2016,"LK","OS","5S4","Western Sambo Shallow",591,960,0.010416667,"Macroalgae","Macroalgae",2017,2018
2016,"LK","OS","5S4","Western Sambo Shallow",591,960,0.001041667,"Macroalgae","Macroalgae",2017,2018
2016,"LK","OS","5S4","Western Sambo Shallow",591,960,0.029166667,"Macroalgae","Macroalgae",2017,2018
2016,"LK","OS","5S4","Western Sambo Shallow",592,1127,0.022182786,"Macroalgae","Macroalgae",2017,2018
2016,"LK","OS","5S4","Western Sambo Shallow",592,1127,0.022182786,"Macroalgae","Macroalgae",2017,2018
2016,"LK","OS","5S4","Western Sambo Shallow",592,1127,0.009760426,"Macroalgae","Macroalgae",2017,2018
2016,"LK","OS","5S4","Western Sambo Shallow",593,961,0.002081165,"Macroalgae","Macroalgae",2017,2018
2016,"LK","OS","5S4","Western Sambo Shallow",593,961,0.010405827,"Macroalgae","Macroalgae",2017,2018
2016,"LK","OS","5S4","Western Sambo Shallow",593,961,0.033298647,"Macroalgae","Macroalgae",2017,2018
2016,"LK","OS","5S4","Western Sambo Shallow",594,780,0.001282051,"Macroalgae","Macroalgae",2017,2018
2016,"LK","OS","5S4","Western Sambo Shallow",594,780,0.005128205,"Macroalgae","Macroalgae",2017,2018
2016,"LK","OS","5S4","Western Sambo Shallow",594,780,0.001282051,"Macroalgae","Macroalgae",2017,2018
2016,"LK","OS","2S1","Sand Key Shallow",611,949,0.236037935,"Macroalgae","Macroalgae",2017,2018
2016,"LK","OS","2S1","Sand Key Shallow",611,949,0.002107482,"Macroalgae","Macroalgae",2017,2018
2016,"LK","OS","2S1","Sand Key Shallow",611,949,0.035827187,"Macroalgae","Macroalgae",2017,2018
2016,"LK","OS","2S1","Sand Key Shallow",612,902,0.141906874,"Macroalgae","Macroalgae",2017,2018
2016,"LK","OS","2S1","Sand Key Shallow",612,902,0.017738359,"Macroalgae","Macroalgae",2017,2018
2016,"LK","OS","2S1","Sand Key Shallow",612,902,0.064301552,"Macroalgae","Macroalgae",2017,2018
2016,"LK","OS","2S1","Sand Key Shallow",613,948,0.256329114,"Macroalgae","Macroalgae",2017,2018
2016,"LK","OS","2S1","Sand Key Shallow",613,948,0.005274262,"Macroalgae","Macroalgae",2017,2018
2016,"LK","OS","2S1","Sand Key Shallow",613,948,0.007383966,"Macroalgae","Macroalgae",2017,2018
2016,"LK","OS","2S1","Sand Key Shallow",614,854,0.238875878,"Macroalgae","Macroalgae",2017,2018
2016,"LK","OS","2S1","Sand Key Shallow",614,854,0.00234192,"Macroalgae","Macroalgae",2017,2018
2016,"LK","OS","2S1","Sand Key Shallow",614,854,0.021077283,"Macroalgae","Macroalgae",2017,2018
2016,"LK","P","5P6","Red Dun Reef",261,888,0.015765766,"Macroalgae","Macroalgae",2017,2018
2016,"LK","P","5P6","Red Dun Reef",262,1081,0.001850139,"Macroalgae","Macroalgae",2017,2018
2016,"LK","P","5P6","Red Dun Reef",262,1081,0.020351526,"Macroalgae","Macroalgae",2017,2018
2016,"LK","P","5P6","Red Dun Reef",263,1070,0.01588785,"Macroalgae","Macroalgae",2017,2018
2016,"LK","P","5P6","Red Dun Reef",264,841,0.029726516,"Macroalgae","Macroalgae",2017,2018
2016,"LK","P","5P1","West Washerwoman",361,1026,0.015594542,"Macroalgae","Macroalgae",2017,2018
2016,"LK","P","5P1","West Washerwoman",362,990,0.011111111,"Macroalgae","Macroalgae",2017,2018
2016,"LK","P","5P1","West Washerwoman",363,1031,0.062075655,"Macroalgae","Macroalgae",2017,2018
2016,"LK","P","5P1","West Washerwoman",364,938,0.008528785,"Macroalgae","Macroalgae",2017,2018
2016,"MK","OD","7D2","Tennessee Deep",751,1046,0.186424474,"Macroalgae","Macroalgae",2017,2018
2016,"MK","OD","7D2","Tennessee Deep",751,1046,0.004780115,"Macroalgae","Macroalgae",2017,2018
2016,"MK","OD","7D2","Tennessee Deep",751,1046,0.163479924,"Macroalgae","Macroalgae",2017,2018
2016,"MK","OD","7D2","Tennessee Deep",752,1079,0.357738647,"Macroalgae","Macroalgae",2017,2018
2016,"MK","OD","7D2","Tennessee Deep",752,1079,0.000926784,"Macroalgae","Macroalgae",2017,2018
2016,"MK","OD","7D2","Tennessee Deep",752,1079,0.072289157,"Macroalgae","Macroalgae",2017,2018
2016,"MK","OD","7D2","Tennessee Deep",753,1022,0.367906067,"Macroalgae","Macroalgae",2017,2018
2016,"MK","OD","7D2","Tennessee Deep",753,1022,0.003913894,"Macroalgae","Macroalgae",2017,2018
2016,"MK","OD","7D2","Tennessee Deep",753,1022,0.000978474,"Macroalgae","Macroalgae",2017,2018
2016,"MK","OD","7D2","Tennessee Deep",753,1022,0.000978474,"Macroalgae","Macroalgae",2017,2018
2016,"MK","OD","7D2","Tennessee Deep",754,1014,0.310650888,"Macroalgae","Macroalgae",2017,2018
2016,"MK","OD","7D2","Tennessee Deep",754,1014,0.001972387,"Macroalgae","Macroalgae",2017,2018
2016,"MK","OD","7D2","Tennessee Deep",754,1014,0.034516765,"Macroalgae","Macroalgae",2017,2018
2016,"MK","OD","5D1","Sombrero Deep",761,805,0.094409938,"Macroalgae","Macroalgae",2017,2018
2016,"MK","OD","5D1","Sombrero Deep",761,805,0.072049689,"Macroalgae","Macroalgae",2017,2018
2016,"MK","OD","5D1","Sombrero Deep",762,838,0.130071599,"Macroalgae","Macroalgae",2017,2018
2016,"MK","OD","5D1","Sombrero Deep",762,838,0.001193317,"Macroalgae","Macroalgae",2017,2018
2016,"MK","OD","5D1","Sombrero Deep",762,838,0.001193317,"Macroalgae","Macroalgae",2017,2018
2016,"MK","OD","5D1","Sombrero Deep",762,838,0.040572792,"Macroalgae","Macroalgae",2017,2018
2016,"MK","OD","5D1","Sombrero Deep",763,873,0.009163803,"Macroalgae","Macroalgae",2017,2018
2016,"MK","OD","5D1","Sombrero Deep",763,873,0.060710195,"Macroalgae","Macroalgae",2017,2018
2016,"MK","OD","5D1","Sombrero Deep",764,842,0.095011876,"Macroalgae","Macroalgae",2017,2018
2016,"MK","OD","5D1","Sombrero Deep",764,842,0.007125891,"Macroalgae","Macroalgae",2017,2018
2016,"MK","OS","7S2","Tennessee Shallow",551,1013,0.149062192,"Macroalgae","Macroalgae",2017,2018
2016,"MK","OS","7S2","Tennessee Shallow",551,1013,0.0029615,"Macroalgae","Macroalgae",2017,2018
2016,"MK","OS","7S2","Tennessee Shallow",551,1013,0.004935834,"Macroalgae","Macroalgae",2017,2018
2016,"MK","OS","7S2","Tennessee Shallow",552,1027,0.083739046,"Macroalgae","Macroalgae",2017,2018
2016,"MK","OS","7S2","Tennessee Shallow",552,1027,0.047711782,"Macroalgae","Macroalgae",2017,2018
2016,"MK","OS","7S2","Tennessee Shallow",553,995,0.15879397,"Macroalgae","Macroalgae",2017,2018
2016,"MK","OS","7S2","Tennessee Shallow",553,995,0.001005025,"Macroalgae","Macroalgae",2017,2018
2016,"MK","OS","7S2","Tennessee Shallow",553,995,0.013065327,"Macroalgae","Macroalgae",2017,2018
2016,"MK","OS","7S2","Tennessee Shallow",554,1017,0.132743363,"Macroalgae","Macroalgae",2017,2018
2016,"MK","OS","7S2","Tennessee Shallow",554,1017,0.002949853,"Macroalgae","Macroalgae",2017,2018
2016,"MK","OS","7S2","Tennessee Shallow",554,1017,0.036381514,"Macroalgae","Macroalgae",2017,2018
2016,"MK","OS","5S1","Sombrero Shallow",561,857,0.124854142,"Macroalgae","Macroalgae",2017,2018
2016,"MK","OS","5S1","Sombrero Shallow",561,857,0.031505251,"Macroalgae","Macroalgae",2017,2018
2016,"MK","OS","5S1","Sombrero Shallow",562,758,0.058047493,"Macroalgae","Macroalgae",2017,2018
2016,"MK","OS","5S1","Sombrero Shallow",562,758,0.002638522,"Macroalgae","Macroalgae",2017,2018
2016,"MK","OS","5S1","Sombrero Shallow",562,758,0.065963061,"Macroalgae","Macroalgae",2017,2018
2016,"MK","OS","5S1","Sombrero Shallow",563,951,0.086225026,"Macroalgae","Macroalgae",2017,2018
2016,"MK","OS","5S1","Sombrero Shallow",563,951,0.002103049,"Macroalgae","Macroalgae",2017,2018
2016,"MK","OS","5S1","Sombrero Shallow",563,951,0.117770768,"Macroalgae","Macroalgae",2017,2018
2016,"MK","OS","5S1","Sombrero Shallow",564,896,0.043526786,"Macroalgae","Macroalgae",2017,2018
2016,"MK","OS","5S1","Sombrero Shallow",564,896,0.005580357,"Macroalgae","Macroalgae",2017,2018
2016,"MK","OS","5S1","Sombrero Shallow",564,896,0.025669643,"Macroalgae","Macroalgae",2017,2018
2016,"MK","P","7P1","West Turtle Shoal",341,921,0.001085776,"Macroalgae","Macroalgae",2017,2018
2016,"MK","P","7P1","West Turtle Shoal",341,921,0.089033659,"Macroalgae","Macroalgae",2017,2018
2016,"MK","P","7P1","West Turtle Shoal",342,896,0.002232143,"Macroalgae","Macroalgae",2017,2018
2016,"MK","P","7P1","West Turtle Shoal",342,896,0.082589286,"Macroalgae","Macroalgae",2017,2018
2016,"MK","P","7P1","West Turtle Shoal",343,906,0.102649007,"Macroalgae","Macroalgae",2017,2018
2016,"MK","P","7P1","West Turtle Shoal",344,917,0.015267176,"Macroalgae","Macroalgae",2017,2018
2016,"MK","P","7P1","West Turtle Shoal",344,917,0.027262814,"Macroalgae","Macroalgae",2017,2018
2016,"MK","P","7P2","Dustan Rocks",351,931,0.010741139,"Macroalgae","Macroalgae",2017,2018
2016,"MK","P","7P2","Dustan Rocks",351,931,0.181525242,"Macroalgae","Macroalgae",2017,2018
2016,"MK","P","7P2","Dustan Rocks",352,874,0.00228833,"Macroalgae","Macroalgae",2017,2018
2016,"MK","P","7P2","Dustan Rocks",352,874,0.027459954,"Macroalgae","Macroalgae",2017,2018
2016,"MK","P","7P2","Dustan Rocks",352,874,0.172768879,"Macroalgae","Macroalgae",2017,2018
2016,"MK","P","7P2","Dustan Rocks",353,870,0.013793103,"Macroalgae","Macroalgae",2017,2018
2016,"MK","P","7P2","Dustan Rocks",353,870,0.202298851,"Macroalgae","Macroalgae",2017,2018
2016,"MK","P","7P2","Dustan Rocks",354,920,0.004347826,"Macroalgae","Macroalgae",2017,2018
2016,"MK","P","7P2","Dustan Rocks",354,920,0.190217391,"Macroalgae","Macroalgae",2017,2018
2016,"UK","OD","9D1","Carysfort Deep",701,972,0.12962963,"Macroalgae","Macroalgae",2017,2018
2016,"UK","OD","9D1","Carysfort Deep",701,972,0.00308642,"Macroalgae","Macroalgae",2017,2018
2016,"UK","OD","9D1","Carysfort Deep",701,972,0.002057613,"Macroalgae","Macroalgae",2017,2018
2016,"UK","OD","9D1","Carysfort Deep",701,972,0.083333333,"Macroalgae","Macroalgae",2017,2018
2016,"UK","OD","9D1","Carysfort Deep",702,919,0.182807399,"Macroalgae","Macroalgae",2017,2018
2016,"UK","OD","9D1","Carysfort Deep",702,919,0.002176279,"Macroalgae","Macroalgae",2017,2018
2016,"UK","OD","9D1","Carysfort Deep",702,919,0.009793254,"Macroalgae","Macroalgae",2017,2018
2016,"UK","OD","9D1","Carysfort Deep",702,919,0.088139282,"Macroalgae","Macroalgae",2017,2018
2016,"UK","OD","9D1","Carysfort Deep",703,995,0.174874372,"Macroalgae","Macroalgae",2017,2018
2016,"UK","OD","9D1","Carysfort Deep",703,995,0.00201005,"Macroalgae","Macroalgae",2017,2018
2016,"UK","OD","9D1","Carysfort Deep",703,995,0.008040201,"Macroalgae","Macroalgae",2017,2018
2016,"UK","OD","9D1","Carysfort Deep",703,995,0.091457286,"Macroalgae","Macroalgae",2017,2018
2016,"UK","OD","9D1","Carysfort Deep",704,975,0.409230769,"Macroalgae","Macroalgae",2017,2018
2016,"UK","OD","9D1","Carysfort Deep",704,975,0.003076923,"Macroalgae","Macroalgae",2017,2018
2016,"UK","OD","9D1","Carysfort Deep",704,975,0.020512821,"Macroalgae","Macroalgae",2017,2018
2016,"UK","OD","9D1","Carysfort Deep",704,975,0.008205128,"Macroalgae","Macroalgae",2017,2018
2016,"UK","OD","9D3","Molasses Deep",721,925,0.047567568,"Macroalgae","Macroalgae",2017,2018
2016,"UK","OD","9D3","Molasses Deep",721,925,0.002162162,"Macroalgae","Macroalgae",2017,2018
2016,"UK","OD","9D3","Molasses Deep",721,925,0.037837838,"Macroalgae","Macroalgae",2017,2018
2016,"UK","OD","9D3","Molasses Deep",722,882,0.046485261,"Macroalgae","Macroalgae",2017,2018
2016,"UK","OD","9D3","Molasses Deep",722,882,0.003401361,"Macroalgae","Macroalgae",2017,2018
2016,"UK","OD","9D3","Molasses Deep",722,882,0.020408163,"Macroalgae","Macroalgae",2017,2018
2016,"UK","OD","9D3","Molasses Deep",723,829,0.02291918,"Macroalgae","Macroalgae",2017,2018
2016,"UK","OD","9D3","Molasses Deep",723,829,0.089264174,"Macroalgae","Macroalgae",2017,2018
2016,"UK","OD","9D3","Molasses Deep",724,862,0.018561485,"Macroalgae","Macroalgae",2017,2018
2016,"UK","OD","9D3","Molasses Deep",724,862,0.004640371,"Macroalgae","Macroalgae",2017,2018
2016,"UK","OD","9D3","Molasses Deep",724,862,0.059164733,"Macroalgae","Macroalgae",2017,2018
2016,"UK","OS","9S1","Carysfort Shallow",501,861,0.00116144,"Macroalgae","Macroalgae",2017,2018
2016,"UK","OS","9S1","Carysfort Shallow",501,861,0.00232288,"Macroalgae","Macroalgae",2017,2018
2016,"UK","OS","9S1","Carysfort Shallow",502,900,0.004444444,"Macroalgae","Macroalgae",2017,2018
2016,"UK","OS","9S1","Carysfort Shallow",502,900,0.037777778,"Macroalgae","Macroalgae",2017,2018
2016,"UK","OS","9S1","Carysfort Shallow",503,947,0.080253432,"Macroalgae","Macroalgae",2017,2018
2016,"UK","OS","9S1","Carysfort Shallow",503,947,0.002111932,"Macroalgae","Macroalgae",2017,2018
2016,"UK","OS","9S1","Carysfort Shallow",503,947,0.007391763,"Macroalgae","Macroalgae",2017,2018
2016,"UK","OS","9S1","Carysfort Shallow",504,1021,0.064642507,"Macroalgae","Macroalgae",2017,2018
2016,"UK","OS","9S1","Carysfort Shallow",504,1021,0.00489716,"Macroalgae","Macroalgae",2017,2018
2016,"UK","OS","9S1","Carysfort Shallow",504,1021,0.018609207,"Macroalgae","Macroalgae",2017,2018
2016,"UK","OS","9S3","Molasses Shallow",521,978,0.058282209,"Macroalgae","Macroalgae",2017,2018
2016,"UK","OS","9S3","Molasses Shallow",521,978,0.056237219,"Macroalgae","Macroalgae",2017,2018
2016,"UK","OS","9S3","Molasses Shallow",522,944,0.148305085,"Macroalgae","Macroalgae",2017,2018
2016,"UK","OS","9S3","Molasses Shallow",522,944,0.038135593,"Macroalgae","Macroalgae",2017,2018
2016,"UK","OS","9S3","Molasses Shallow",523,932,0.122317597,"Macroalgae","Macroalgae",2017,2018
2016,"UK","OS","9S3","Molasses Shallow",523,932,0.001072961,"Macroalgae","Macroalgae",2017,2018
2016,"UK","OS","9S3","Molasses Shallow",523,932,0.033261803,"Macroalgae","Macroalgae",2017,2018
2016,"UK","OS","9S3","Molasses Shallow",524,996,0.13253012,"Macroalgae","Macroalgae",2017,2018
2016,"UK","OS","9S3","Molasses Shallow",524,996,0.001004016,"Macroalgae","Macroalgae",2017,2018
2016,"UK","OS","9S3","Molasses Shallow",524,996,0.001004016,"Macroalgae","Macroalgae",2017,2018
2016,"UK","P","9P3","Porter Patch",321,1026,0.115984405,"Macroalgae","Macroalgae",2017,2018
2016,"UK","P","9P3","Porter Patch",321,1026,0.013645224,"Macroalgae","Macroalgae",2017,2018
2016,"UK","P","9P3","Porter Patch",321,1026,0.000974659,"Macroalgae","Macroalgae",2017,2018
2016,"UK","P","9P3","Porter Patch",321,1026,0.086744639,"Macroalgae","Macroalgae",2017,2018
2016,"UK","P","9P3","Porter Patch",322,944,0.077330508,"Macroalgae","Macroalgae",2017,2018
2016,"UK","P","9P3","Porter Patch",322,944,0.003177966,"Macroalgae","Macroalgae",2017,2018
2016,"UK","P","9P3","Porter Patch",322,944,0.001059322,"Macroalgae","Macroalgae",2017,2018
2016,"UK","P","9P3","Porter Patch",322,944,0.146186441,"Macroalgae","Macroalgae",2017,2018
2016,"UK","P","9P3","Porter Patch",323,964,0.092323651,"Macroalgae","Macroalgae",2017,2018
2016,"UK","P","9P3","Porter Patch",323,964,0.06120332,"Macroalgae","Macroalgae",2017,2018
2016,"UK","P","9P3","Porter Patch",324,1090,0.098165138,"Macroalgae","Macroalgae",2017,2018
2016,"UK","P","9P3","Porter Patch",324,1090,0.018348624,"Macroalgae","Macroalgae",2017,2018
2016,"UK","P","9P3","Porter Patch",324,1090,0.005504587,"Macroalgae","Macroalgae",2017,2018
2016,"UK","P","9P3","Porter Patch",324,1090,0.039449541,"Macroalgae","Macroalgae",2017,2018
2016,"UK","P","9P4","Admiral",331,1071,0.02054155,"Macroalgae","Macroalgae",2017,2018
2016,"UK","P","9P4","Admiral",331,1071,0.027077498,"Macroalgae","Macroalgae",2017,2018
2016,"UK","P","9P4","Admiral",331,1071,0.039215686,"Macroalgae","Macroalgae",2017,2018
2016,"UK","P","9P4","Admiral",332,874,0.005720824,"Macroalgae","Macroalgae",2017,2018
2016,"UK","P","9P4","Admiral",332,874,0.008009153,"Macroalgae","Macroalgae",2017,2018
2016,"UK","P","9P4","Admiral",332,874,0.056064073,"Macroalgae","Macroalgae",2017,2018
2016,"UK","P","9P4","Admiral",333,941,0.026567481,"Macroalgae","Macroalgae",2017,2018
2016,"UK","P","9P4","Admiral",333,941,0.024442083,"Macroalgae","Macroalgae",2017,2018
2016,"UK","P","9P4","Admiral",333,941,0.040382572,"Macroalgae","Macroalgae",2017,2018
2016,"UK","P","9P4","Admiral",334,1023,0.052785924,"Macroalgae","Macroalgae",2017,2018
2016,"UK","P","9P4","Admiral",334,1023,0.003910068,"Macroalgae","Macroalgae",2017,2018
2016,"UK","P","9P4","Admiral",334,1023,0.001955034,"Macroalgae","Macroalgae",2017,2018
2016,"UK","P","9P4","Admiral",334,1023,0.049853372,"Macroalgae","Macroalgae",2017,2018
2017,"LK","OD","5D4","Western Sambo Deep",791,948,0.110759494,"Macroalgae","Macroalgae",2018,2019
2017,"LK","OD","5D4","Western Sambo Deep",791,948,0.012658228,"Macroalgae","Macroalgae",2018,2019
2017,"LK","OD","5D4","Western Sambo Deep",791,948,0.007383966,"Macroalgae","Macroalgae",2018,2019
2017,"LK","OD","5D4","Western Sambo Deep",791,948,0.220464135,"Macroalgae","Macroalgae",2018,2019
2017,"LK","OD","5D4","Western Sambo Deep",792,863,0.271147161,"Macroalgae","Macroalgae",2018,2019
2017,"LK","OD","5D4","Western Sambo Deep",792,863,0.015063731,"Macroalgae","Macroalgae",2018,2019
2017,"LK","OD","5D4","Western Sambo Deep",792,863,0.005793743,"Macroalgae","Macroalgae",2018,2019
2017,"LK","OD","5D4","Western Sambo Deep",792,863,0.033603708,"Macroalgae","Macroalgae",2018,2019
2017,"LK","OD","5D4","Western Sambo Deep",793,930,0.162365591,"Macroalgae","Macroalgae",2018,2019
2017,"LK","OD","5D4","Western Sambo Deep",793,930,0.004301075,"Macroalgae","Macroalgae",2018,2019
2017,"LK","OD","5D4","Western Sambo Deep",793,930,0.107526882,"Macroalgae","Macroalgae",2018,2019
2017,"LK","OD","5D4","Western Sambo Deep",794,934,0.167023555,"Macroalgae","Macroalgae",2018,2019
2017,"LK","OD","5D4","Western Sambo Deep",794,934,0.004282655,"Macroalgae","Macroalgae",2018,2019
2017,"LK","OD","5D4","Western Sambo Deep",794,934,0.08993576,"Macroalgae","Macroalgae",2018,2019
2017,"LK","OD","2D1","Sand Key Deep",811,867,0.23644752,"Macroalgae","Macroalgae",2018,2019
2017,"LK","OD","2D1","Sand Key Deep",811,867,0.001153403,"Macroalgae","Macroalgae",2018,2019
2017,"LK","OD","2D1","Sand Key Deep",811,867,0.039215686,"Macroalgae","Macroalgae",2018,2019
2017,"LK","OD","2D1","Sand Key Deep",812,875,0.092571429,"Macroalgae","Macroalgae",2018,2019
2017,"LK","OD","2D1","Sand Key Deep",812,875,0.136,"Macroalgae","Macroalgae",2018,2019
2017,"LK","OD","2D1","Sand Key Deep",813,946,0.114164905,"Macroalgae","Macroalgae",2018,2019
2017,"LK","OD","2D1","Sand Key Deep",813,946,0.001057082,"Macroalgae","Macroalgae",2018,2019
2017,"LK","OD","2D1","Sand Key Deep",813,946,0.06448203,"Macroalgae","Macroalgae",2018,2019
2017,"LK","OD","2D1","Sand Key Deep",814,841,0.052318668,"Macroalgae","Macroalgae",2018,2019
2017,"LK","OD","2D1","Sand Key Deep",814,841,0.045184304,"Macroalgae","Macroalgae",2018,2019
2017,"LK","OS","5S4","Western Sambo Shallow",591,936,0.02457265,"Macroalgae","Macroalgae",2018,2019
2017,"LK","OS","5S4","Western Sambo Shallow",591,936,0.020299145,"Macroalgae","Macroalgae",2018,2019
2017,"LK","OS","5S4","Western Sambo Shallow",591,936,0.040598291,"Macroalgae","Macroalgae",2018,2019
2017,"LK","OS","5S4","Western Sambo Shallow",592,1110,0.003603604,"Macroalgae","Macroalgae",2018,2019
2017,"LK","OS","5S4","Western Sambo Shallow",592,1110,0.010810811,"Macroalgae","Macroalgae",2018,2019
2017,"LK","OS","5S4","Western Sambo Shallow",592,1110,0.018018018,"Macroalgae","Macroalgae",2018,2019
2017,"LK","OS","5S4","Western Sambo Shallow",593,991,0.011099899,"Macroalgae","Macroalgae",2018,2019
2017,"LK","OS","5S4","Western Sambo Shallow",593,991,0.010090817,"Macroalgae","Macroalgae",2018,2019
2017,"LK","OS","5S4","Western Sambo Shallow",593,991,0.044399596,"Macroalgae","Macroalgae",2018,2019
2017,"LK","OS","5S4","Western Sambo Shallow",594,892,0.012331839,"Macroalgae","Macroalgae",2018,2019
2017,"LK","OS","5S4","Western Sambo Shallow",594,892,0.048206278,"Macroalgae","Macroalgae",2018,2019
2017,"LK","OS","2S1","Sand Key Shallow",611,890,0.082022472,"Macroalgae","Macroalgae",2018,2019
2017,"LK","OS","2S1","Sand Key Shallow",611,890,0.005617978,"Macroalgae","Macroalgae",2018,2019
2017,"LK","OS","2S1","Sand Key Shallow",611,890,0.001123596,"Macroalgae","Macroalgae",2018,2019
2017,"LK","OS","2S1","Sand Key Shallow",611,890,0.002247191,"Macroalgae","Macroalgae",2018,2019
2017,"LK","OS","2S1","Sand Key Shallow",612,821,0.035322777,"Macroalgae","Macroalgae",2018,2019
2017,"LK","OS","2S1","Sand Key Shallow",612,821,0.019488429,"Macroalgae","Macroalgae",2018,2019
2017,"LK","OS","2S1","Sand Key Shallow",612,821,0.066991474,"Macroalgae","Macroalgae",2018,2019
2017,"LK","OS","2S1","Sand Key Shallow",613,933,0.018220793,"Macroalgae","Macroalgae",2018,2019
2017,"LK","OS","2S1","Sand Key Shallow",613,933,0.00750268,"Macroalgae","Macroalgae",2018,2019
2017,"LK","OS","2S1","Sand Key Shallow",613,933,0.027867095,"Macroalgae","Macroalgae",2018,2019
2017,"LK","OS","2S1","Sand Key Shallow",614,872,0.013761468,"Macroalgae","Macroalgae",2018,2019
2017,"LK","OS","2S1","Sand Key Shallow",614,872,0.006880734,"Macroalgae","Macroalgae",2018,2019
2017,"LK","OS","2S1","Sand Key Shallow",614,872,0.042431193,"Macroalgae","Macroalgae",2018,2019
2017,"LK","P","5P6","Red Dun Reef",261,884,0.002262443,"Macroalgae","Macroalgae",2018,2019
2017,"LK","P","5P6","Red Dun Reef",261,884,0.022624434,"Macroalgae","Macroalgae",2018,2019
2017,"LK","P","5P6","Red Dun Reef",262,1080,0.00462963,"Macroalgae","Macroalgae",2018,2019
2017,"LK","P","5P6","Red Dun Reef",263,1034,0.032882012,"Macroalgae","Macroalgae",2018,2019
2017,"LK","P","5P6","Red Dun Reef",264,834,0.033573141,"Macroalgae","Macroalgae",2018,2019
2017,"LK","P","5P1","West Washerwoman",361,919,0.014145811,"Macroalgae","Macroalgae",2018,2019
2017,"LK","P","5P1","West Washerwoman",362,996,0.047188755,"Macroalgae","Macroalgae",2018,2019
2017,"LK","P","5P1","West Washerwoman",363,976,0.035860656,"Macroalgae","Macroalgae",2018,2019
2017,"LK","P","5P1","West Washerwoman",364,876,0.001141553,"Macroalgae","Macroalgae",2018,2019
2017,"LK","P","5P1","West Washerwoman",364,876,0.02739726,"Macroalgae","Macroalgae",2018,2019
2017,"MK","OD","7D2","Tennessee Deep",751,944,0.171610169,"Macroalgae","Macroalgae",2018,2019
2017,"MK","OD","7D2","Tennessee Deep",751,944,0.001059322,"Macroalgae","Macroalgae",2018,2019
2017,"MK","OD","7D2","Tennessee Deep",751,944,0.152542373,"Macroalgae","Macroalgae",2018,2019
2017,"MK","OD","7D2","Tennessee Deep",752,966,0.164596273,"Macroalgae","Macroalgae",2018,2019
2017,"MK","OD","7D2","Tennessee Deep",752,966,0.038302277,"Macroalgae","Macroalgae",2018,2019
2017,"MK","OD","7D2","Tennessee Deep",753,919,0.157780196,"Macroalgae","Macroalgae",2018,2019
2017,"MK","OD","7D2","Tennessee Deep",753,919,0.002176279,"Macroalgae","Macroalgae",2018,2019
2017,"MK","OD","7D2","Tennessee Deep",753,919,0.071817193,"Macroalgae","Macroalgae",2018,2019
2017,"MK","OD","7D2","Tennessee Deep",754,953,0.180482686,"Macroalgae","Macroalgae",2018,2019
2017,"MK","OD","7D2","Tennessee Deep",754,953,0.002098636,"Macroalgae","Macroalgae",2018,2019
2017,"MK","OD","5D1","Sombrero Deep",761,827,0.216444982,"Macroalgae","Macroalgae",2018,2019
2017,"MK","OD","5D1","Sombrero Deep",761,827,0.026602177,"Macroalgae","Macroalgae",2018,2019
2017,"MK","OD","5D1","Sombrero Deep",762,839,0.10488677,"Macroalgae","Macroalgae",2018,2019
2017,"MK","OD","5D1","Sombrero Deep",762,839,0.132300358,"Macroalgae","Macroalgae",2018,2019
2017,"MK","OD","5D1","Sombrero Deep",763,883,0.132502831,"Macroalgae","Macroalgae",2018,2019
2017,"MK","OD","5D1","Sombrero Deep",763,883,0.001132503,"Macroalgae","Macroalgae",2018,2019
2017,"MK","OD","5D1","Sombrero Deep",763,883,0.005662514,"Macroalgae","Macroalgae",2018,2019
2017,"MK","OD","5D1","Sombrero Deep",764,806,0.196029777,"Macroalgae","Macroalgae",2018,2019
2017,"MK","OD","5D1","Sombrero Deep",764,806,0.001240695,"Macroalgae","Macroalgae",2018,2019
2017,"MK","OD","5D1","Sombrero Deep",764,806,0.003722084,"Macroalgae","Macroalgae",2018,2019
2017,"MK","OS","7S2","Tennessee Shallow",551,973,0.005138746,"Macroalgae","Macroalgae",2018,2019
2017,"MK","OS","7S2","Tennessee Shallow",551,973,0.001027749,"Macroalgae","Macroalgae",2018,2019
2017,"MK","OS","7S2","Tennessee Shallow",551,973,0.028776978,"Macroalgae","Macroalgae",2018,2019
2017,"MK","OS","7S2","Tennessee Shallow",552,933,0.049303323,"Macroalgae","Macroalgae",2018,2019
2017,"MK","OS","7S2","Tennessee Shallow",552,933,0.002143623,"Macroalgae","Macroalgae",2018,2019
2017,"MK","OS","7S2","Tennessee Shallow",552,933,0.042872454,"Macroalgae","Macroalgae",2018,2019
2017,"MK","OS","7S2","Tennessee Shallow",553,919,0.001088139,"Macroalgae","Macroalgae",2018,2019
2017,"MK","OS","7S2","Tennessee Shallow",553,919,0.063112078,"Macroalgae","Macroalgae",2018,2019
2017,"MK","OS","7S2","Tennessee Shallow",554,932,0.013948498,"Macroalgae","Macroalgae",2018,2019
2017,"MK","OS","7S2","Tennessee Shallow",554,932,0.006437768,"Macroalgae","Macroalgae",2018,2019
2017,"MK","OS","7S2","Tennessee Shallow",554,932,0.079399142,"Macroalgae","Macroalgae",2018,2019
2017,"MK","OS","5S1","Sombrero Shallow",561,876,0.113013699,"Macroalgae","Macroalgae",2018,2019
2017,"MK","OS","5S1","Sombrero Shallow",561,876,0.113013699,"Macroalgae","Macroalgae",2018,2019
2017,"MK","OS","5S1","Sombrero Shallow",562,801,0.189762797,"Macroalgae","Macroalgae",2018,2019
2017,"MK","OS","5S1","Sombrero Shallow",562,801,0.004993758,"Macroalgae","Macroalgae",2018,2019
2017,"MK","OS","5S1","Sombrero Shallow",563,930,0.194623656,"Macroalgae","Macroalgae",2018,2019
2017,"MK","OS","5S1","Sombrero Shallow",563,930,0.004301075,"Macroalgae","Macroalgae",2018,2019
2017,"MK","OS","5S1","Sombrero Shallow",563,930,0.058064516,"Macroalgae","Macroalgae",2018,2019
2017,"MK","OS","5S1","Sombrero Shallow",564,861,0.074332172,"Macroalgae","Macroalgae",2018,2019
2017,"MK","OS","5S1","Sombrero Shallow",564,861,0.004645761,"Macroalgae","Macroalgae",2018,2019
2017,"MK","OS","5S1","Sombrero Shallow",564,861,0.027874564,"Macroalgae","Macroalgae",2018,2019
2017,"MK","P","7P1","West Turtle Shoal",341,964,0.005186722,"Macroalgae","Macroalgae",2018,2019
2017,"MK","P","7P1","West Turtle Shoal",341,964,0.069502075,"Macroalgae","Macroalgae",2018,2019
2017,"MK","P","7P1","West Turtle Shoal",342,947,0.003167899,"Macroalgae","Macroalgae",2018,2019
2017,"MK","P","7P1","West Turtle Shoal",342,947,0.068637804,"Macroalgae","Macroalgae",2018,2019
2017,"MK","P","7P1","West Turtle Shoal",343,984,0.105691057,"Macroalgae","Macroalgae",2018,2019
2017,"MK","P","7P1","West Turtle Shoal",344,973,0.004110997,"Macroalgae","Macroalgae",2018,2019
2017,"MK","P","7P1","West Turtle Shoal",344,973,0.12024666,"Macroalgae","Macroalgae",2018,2019
2017,"MK","P","7P2","Dustan Rocks",351,949,0.001053741,"Macroalgae","Macroalgae",2018,2019
2017,"MK","P","7P2","Dustan Rocks",351,949,0.048472076,"Macroalgae","Macroalgae",2018,2019
2017,"MK","P","7P2","Dustan Rocks",351,949,0.083245522,"Macroalgae","Macroalgae",2018,2019
2017,"MK","P","7P2","Dustan Rocks",352,930,0.001075269,"Macroalgae","Macroalgae",2018,2019
2017,"MK","P","7P2","Dustan Rocks",352,930,0.06344086,"Macroalgae","Macroalgae",2018,2019
2017,"MK","P","7P2","Dustan Rocks",352,930,0.06344086,"Macroalgae","Macroalgae",2018,2019
2017,"MK","P","7P2","Dustan Rocks",353,900,0.02,"Macroalgae","Macroalgae",2018,2019
2017,"MK","P","7P2","Dustan Rocks",353,900,0.093333333,"Macroalgae","Macroalgae",2018,2019
2017,"MK","P","7P2","Dustan Rocks",354,938,0.002132196,"Macroalgae","Macroalgae",2018,2019
2017,"MK","P","7P2","Dustan Rocks",354,938,0.006396588,"Macroalgae","Macroalgae",2018,2019
2017,"MK","P","7P2","Dustan Rocks",354,938,0.08315565,"Macroalgae","Macroalgae",2018,2019
2017,"UK","OD","9D1","Carysfort Deep",701,1050,0.355238095,"Macroalgae","Macroalgae",2018,2019
2017,"UK","OD","9D1","Carysfort Deep",701,1050,0.101904762,"Macroalgae","Macroalgae",2018,2019
2017,"UK","OD","9D1","Carysfort Deep",702,1061,0.424128181,"Macroalgae","Macroalgae",2018,2019
2017,"UK","OD","9D1","Carysfort Deep",702,1061,0.000942507,"Macroalgae","Macroalgae",2018,2019
2017,"UK","OD","9D1","Carysfort Deep",702,1061,0.047125353,"Macroalgae","Macroalgae",2018,2019
2017,"UK","OD","9D1","Carysfort Deep",703,920,0.293478261,"Macroalgae","Macroalgae",2018,2019
2017,"UK","OD","9D1","Carysfort Deep",703,920,0.00326087,"Macroalgae","Macroalgae",2018,2019
2017,"UK","OD","9D1","Carysfort Deep",703,920,0.126086957,"Macroalgae","Macroalgae",2018,2019
2017,"UK","OD","9D1","Carysfort Deep",704,913,0.500547645,"Macroalgae","Macroalgae",2018,2019
2017,"UK","OD","9D1","Carysfort Deep",704,913,0.00109529,"Macroalgae","Macroalgae",2018,2019
2017,"UK","OD","9D1","Carysfort Deep",704,913,0.006571742,"Macroalgae","Macroalgae",2018,2019
2017,"UK","OD","9D1","Carysfort Deep",704,913,0.099671413,"Macroalgae","Macroalgae",2018,2019
2017,"UK","OD","9D3","Molasses Deep",721,966,0.116977226,"Macroalgae","Macroalgae",2018,2019
2017,"UK","OD","9D3","Molasses Deep",721,966,0.00310559,"Macroalgae","Macroalgae",2018,2019
2017,"UK","OD","9D3","Molasses Deep",721,966,0.054865424,"Macroalgae","Macroalgae",2018,2019
2017,"UK","OD","9D3","Molasses Deep",722,953,0.155299056,"Macroalgae","Macroalgae",2018,2019
2017,"UK","OD","9D3","Molasses Deep",722,953,0.039874082,"Macroalgae","Macroalgae",2018,2019
2017,"UK","OD","9D3","Molasses Deep",723,893,0.230683091,"Macroalgae","Macroalgae",2018,2019
2017,"UK","OD","9D3","Molasses Deep",723,893,0.006718925,"Macroalgae","Macroalgae",2018,2019
2017,"UK","OD","9D3","Molasses Deep",723,893,0.010078387,"Macroalgae","Macroalgae",2018,2019
2017,"UK","OD","9D3","Molasses Deep",724,922,0.234273319,"Macroalgae","Macroalgae",2018,2019
2017,"UK","OD","9D3","Molasses Deep",724,922,0.002169197,"Macroalgae","Macroalgae",2018,2019
2017,"UK","OD","9D3","Molasses Deep",724,922,0.020607375,"Macroalgae","Macroalgae",2018,2019
2017,"UK","OD","9D3","Molasses Deep",724,922,0.002169197,"Macroalgae","Macroalgae",2018,2019
2017,"UK","OS","9S1","Carysfort Shallow",501,876,0.001141553,"Macroalgae","Macroalgae",2018,2019
2017,"UK","OS","9S1","Carysfort Shallow",501,876,0.021689498,"Macroalgae","Macroalgae",2018,2019
2017,"UK","OS","9S1","Carysfort Shallow",502,923,0.005417118,"Macroalgae","Macroalgae",2018,2019
2017,"UK","OS","9S1","Carysfort Shallow",502,923,0.005417118,"Macroalgae","Macroalgae",2018,2019
2017,"UK","OS","9S1","Carysfort Shallow",502,923,0.028169014,"Macroalgae","Macroalgae",2018,2019
2017,"UK","OS","9S1","Carysfort Shallow",503,936,0.068376068,"Macroalgae","Macroalgae",2018,2019
2017,"UK","OS","9S1","Carysfort Shallow",503,936,0.002136752,"Macroalgae","Macroalgae",2018,2019
2017,"UK","OS","9S1","Carysfort Shallow",503,936,0.063034188,"Macroalgae","Macroalgae",2018,2019
2017,"UK","OS","9S1","Carysfort Shallow",504,963,0.04569055,"Macroalgae","Macroalgae",2018,2019
2017,"UK","OS","9S1","Carysfort Shallow",504,963,0.002076843,"Macroalgae","Macroalgae",2018,2019
2017,"UK","OS","9S1","Carysfort Shallow",504,963,0.029075805,"Macroalgae","Macroalgae",2018,2019
2017,"UK","OS","9S3","Molasses Shallow",521,992,0.077620968,"Macroalgae","Macroalgae",2018,2019
2017,"UK","OS","9S3","Molasses Shallow",521,992,0.016129032,"Macroalgae","Macroalgae",2018,2019
2017,"UK","OS","9S3","Molasses Shallow",522,965,0.177202073,"Macroalgae","Macroalgae",2018,2019
2017,"UK","OS","9S3","Molasses Shallow",522,965,0.043523316,"Macroalgae","Macroalgae",2018,2019
2017,"UK","OS","9S3","Molasses Shallow",523,859,0.209545984,"Macroalgae","Macroalgae",2018,2019
2017,"UK","OS","9S3","Molasses Shallow",523,859,0.001164144,"Macroalgae","Macroalgae",2018,2019
2017,"UK","OS","9S3","Molasses Shallow",523,859,0.050058207,"Macroalgae","Macroalgae",2018,2019
2017,"UK","OS","9S3","Molasses Shallow",524,952,0.153361345,"Macroalgae","Macroalgae",2018,2019
2017,"UK","OS","9S3","Molasses Shallow",524,952,0.005252101,"Macroalgae","Macroalgae",2018,2019
2017,"UK","OS","9S3","Molasses Shallow",524,952,0.046218487,"Macroalgae","Macroalgae",2018,2019
2017,"UK","P","9P3","Porter Patch",321,930,0.091397849,"Macroalgae","Macroalgae",2018,2019
2017,"UK","P","9P3","Porter Patch",321,930,0.006451613,"Macroalgae","Macroalgae",2018,2019
2017,"UK","P","9P3","Porter Patch",321,930,0.066666667,"Macroalgae","Macroalgae",2018,2019
2017,"UK","P","9P3","Porter Patch",322,886,0.079006772,"Macroalgae","Macroalgae",2018,2019
2017,"UK","P","9P3","Porter Patch",322,886,0.001128668,"Macroalgae","Macroalgae",2018,2019
2017,"UK","P","9P3","Porter Patch",322,886,0.069977427,"Macroalgae","Macroalgae",2018,2019
2017,"UK","P","9P3","Porter Patch",323,894,0.051454139,"Macroalgae","Macroalgae",2018,2019
2017,"UK","P","9P3","Porter Patch",323,894,0.001118568,"Macroalgae","Macroalgae",2018,2019
2017,"UK","P","9P3","Porter Patch",323,894,0.109619687,"Macroalgae","Macroalgae",2018,2019
2017,"UK","P","9P3","Porter Patch",324,1005,0.125373134,"Macroalgae","Macroalgae",2018,2019
2017,"UK","P","9P3","Porter Patch",324,1005,0.004975124,"Macroalgae","Macroalgae",2018,2019
2017,"UK","P","9P3","Porter Patch",324,1005,0.034825871,"Macroalgae","Macroalgae",2018,2019
2017,"UK","P","9P4","Admiral",331,1013,0.019743337,"Macroalgae","Macroalgae",2018,2019
2017,"UK","P","9P4","Admiral",331,1013,0.054294176,"Macroalgae","Macroalgae",2018,2019
2017,"UK","P","9P4","Admiral",331,1013,0.035538006,"Macroalgae","Macroalgae",2018,2019
2017,"UK","P","9P4","Admiral",332,828,0.030193237,"Macroalgae","Macroalgae",2018,2019
2017,"UK","P","9P4","Admiral",332,828,0.018115942,"Macroalgae","Macroalgae",2018,2019
2017,"UK","P","9P4","Admiral",332,828,0.057971014,"Macroalgae","Macroalgae",2018,2019
2017,"UK","P","9P4","Admiral",333,908,0.023127753,"Macroalgae","Macroalgae",2018,2019
2017,"UK","P","9P4","Admiral",333,908,0.017621145,"Macroalgae","Macroalgae",2018,2019
2017,"UK","P","9P4","Admiral",333,908,0.101321586,"Macroalgae","Macroalgae",2018,2019
2017,"UK","P","9P4","Admiral",334,929,0.006458558,"Macroalgae","Macroalgae",2018,2019
2017,"UK","P","9P4","Admiral",334,929,0.013993541,"Macroalgae","Macroalgae",2018,2019
2017,"UK","P","9P4","Admiral",334,929,0.129171152,"Macroalgae","Macroalgae",2018,2019
2015,"DC","Inner","DC5","DC5",1,956,0.165271967,"Macroalgae","Macroalgae",2016,2017
2015,"DC","Inner","DC5","DC5",1,956,0,"Macroalgae","Macroalgae",2016,2017
2015,"DC","Inner","DC5","DC5",1,956,0.04707113,"Macroalgae","Macroalgae",2016,2017
2015,"DC","Inner","DC5","DC5",1,956,0,"Macroalgae","Macroalgae",2016,2017
2015,"DC","Inner","DC5","DC5",2,998,0.06012024,"Macroalgae","Macroalgae",2016,2017
2015,"DC","Inner","DC5","DC5",2,998,0,"Macroalgae","Macroalgae",2016,2017
2015,"DC","Inner","DC5","DC5",2,998,0.226452906,"Macroalgae","Macroalgae",2016,2017
2015,"DC","Inner","DC5","DC5",2,998,0,"Macroalgae","Macroalgae",2016,2017
2015,"DC","Inner","DC5","DC5",3,941,0.002125399,"Macroalgae","Macroalgae",2016,2017
2015,"DC","Inner","DC5","DC5",3,941,0,"Macroalgae","Macroalgae",2016,2017
2015,"DC","Inner","DC5","DC5",3,941,0.201912859,"Macroalgae","Macroalgae",2016,2017
2015,"DC","Inner","DC5","DC5",3,941,0,"Macroalgae","Macroalgae",2016,2017
2015,"DC","Inner","DC5","DC5",4,890,0.216853933,"Macroalgae","Macroalgae",2016,2017
2015,"DC","Inner","DC5","DC5",4,890,0,"Macroalgae","Macroalgae",2016,2017
2015,"DC","Inner","DC5","DC5",4,890,0.108988764,"Macroalgae","Macroalgae",2016,2017
2015,"DC","Inner","DC5","DC5",4,890,0,"Macroalgae","Macroalgae",2016,2017
2015,"BC","Inner","BC4","BC4",11,1011,0.153313551,"Macroalgae","Macroalgae",2016,2017
2015,"BC","Inner","BC4","BC4",11,1011,0,"Macroalgae","Macroalgae",2016,2017
2015,"BC","Inner","BC4","BC4",11,1011,0.039564787,"Macroalgae","Macroalgae",2016,2017
2015,"BC","Inner","BC4","BC4",11,1011,0,"Macroalgae","Macroalgae",2016,2017
2015,"BC","Inner","BC4","BC4",12,1014,0.043392505,"Macroalgae","Macroalgae",2016,2017
2015,"BC","Inner","BC4","BC4",12,1014,0.003944773,"Macroalgae","Macroalgae",2016,2017
2015,"BC","Inner","BC4","BC4",12,1014,0.185404339,"Macroalgae","Macroalgae",2016,2017
2015,"BC","Inner","BC4","BC4",12,1014,0,"Macroalgae","Macroalgae",2016,2017
2015,"BC","Inner","BC4","BC4",13,1047,0.047755492,"Macroalgae","Macroalgae",2016,2017
2015,"BC","Inner","BC4","BC4",13,1047,0.032473734,"Macroalgae","Macroalgae",2016,2017
2015,"BC","Inner","BC4","BC4",13,1047,0.131805158,"Macroalgae","Macroalgae",2016,2017
2015,"BC","Inner","BC4","BC4",13,1047,0,"Macroalgae","Macroalgae",2016,2017
2015,"BC","Inner","BC4","BC4",14,1084,0.0599631,"Macroalgae","Macroalgae",2016,2017
2015,"BC","Inner","BC4","BC4",14,1084,0.022140221,"Macroalgae","Macroalgae",2016,2017
2015,"BC","Inner","BC4","BC4",14,1084,0.196494465,"Macroalgae","Macroalgae",2016,2017
2015,"BC","Inner","BC4","BC4",14,1084,0,"Macroalgae","Macroalgae",2016,2017
2015,"DC","Nearshore","DC6","DC6",41,1018,0.016699411,"Macroalgae","Macroalgae",2016,2017
2015,"DC","Nearshore","DC6","DC6",41,1018,0,"Macroalgae","Macroalgae",2016,2017
2015,"DC","Nearshore","DC6","DC6",41,1018,0.062868369,"Macroalgae","Macroalgae",2016,2017
2015,"DC","Nearshore","DC6","DC6",41,1018,0,"Macroalgae","Macroalgae",2016,2017
2015,"DC","Nearshore","DC6","DC6",42,984,0.013211382,"Macroalgae","Macroalgae",2016,2017
2015,"DC","Nearshore","DC6","DC6",42,984,0.005081301,"Macroalgae","Macroalgae",2016,2017
2015,"DC","Nearshore","DC6","DC6",42,984,0.140243902,"Macroalgae","Macroalgae",2016,2017
2015,"DC","Nearshore","DC6","DC6",42,984,0,"Macroalgae","Macroalgae",2016,2017
2015,"DC","Nearshore","DC6","DC6",43,1010,0.043564356,"Macroalgae","Macroalgae",2016,2017
2015,"DC","Nearshore","DC6","DC6",43,1010,0.000990099,"Macroalgae","Macroalgae",2016,2017
2015,"DC","Nearshore","DC6","DC6",43,1010,0.037623762,"Macroalgae","Macroalgae",2016,2017
2015,"DC","Nearshore","DC6","DC6",43,1010,0,"Macroalgae","Macroalgae",2016,2017
2015,"DC","Nearshore","DC6","DC6",44,988,0.072874494,"Macroalgae","Macroalgae",2016,2017
2015,"DC","Nearshore","DC6","DC6",44,988,0.001012146,"Macroalgae","Macroalgae",2016,2017
2015,"DC","Nearshore","DC6","DC6",44,988,0.112348178,"Macroalgae","Macroalgae",2016,2017
2015,"DC","Nearshore","DC6","DC6",44,988,0,"Macroalgae","Macroalgae",2016,2017
2015,"DC","Middle","DC7","DC7",51,958,0.009394572,"Macroalgae","Macroalgae",2016,2017
2015,"DC","Middle","DC7","DC7",51,958,0.018789144,"Macroalgae","Macroalgae",2016,2017
2015,"DC","Middle","DC7","DC7",51,958,0.03131524,"Macroalgae","Macroalgae",2016,2017
2015,"DC","Middle","DC7","DC7",51,958,0,"Macroalgae","Macroalgae",2016,2017
2015,"DC","Middle","DC7","DC7",52,956,0.007322176,"Macroalgae","Macroalgae",2016,2017
2015,"DC","Middle","DC7","DC7",52,956,0.017782427,"Macroalgae","Macroalgae",2016,2017
2015,"DC","Middle","DC7","DC7",52,956,0.018828452,"Macroalgae","Macroalgae",2016,2017
2015,"DC","Middle","DC7","DC7",52,956,0,"Macroalgae","Macroalgae",2016,2017
2015,"DC","Middle","DC7","DC7",53,941,0.005313496,"Macroalgae","Macroalgae",2016,2017
2015,"DC","Middle","DC7","DC7",53,941,0.04357067,"Macroalgae","Macroalgae",2016,2017
2015,"DC","Middle","DC7","DC7",53,941,0.02869288,"Macroalgae","Macroalgae",2016,2017
2015,"DC","Middle","DC7","DC7",53,941,0,"Macroalgae","Macroalgae",2016,2017
2015,"DC","Middle","DC7","DC7",54,924,0.143939394,"Macroalgae","Macroalgae",2016,2017
2015,"DC","Middle","DC7","DC7",54,924,0.020562771,"Macroalgae","Macroalgae",2016,2017
2015,"DC","Middle","DC7","DC7",54,924,0.010822511,"Macroalgae","Macroalgae",2016,2017
2015,"DC","Middle","DC7","DC7",54,924,0,"Macroalgae","Macroalgae",2016,2017
2015,"DC","Nearshore","DC8","DC8",61,1003,0.199401795,"Macroalgae","Macroalgae",2016,2017
2015,"DC","Nearshore","DC8","DC8",61,1003,0,"Macroalgae","Macroalgae",2016,2017
2015,"DC","Nearshore","DC8","DC8",61,1003,0.002991027,"Macroalgae","Macroalgae",2016,2017
2015,"DC","Nearshore","DC8","DC8",61,1003,0,"Macroalgae","Macroalgae",2016,2017
2015,"DC","Nearshore","DC8","DC8",62,966,0.149068323,"Macroalgae","Macroalgae",2016,2017
2015,"DC","Nearshore","DC8","DC8",62,966,0,"Macroalgae","Macroalgae",2016,2017
2015,"DC","Nearshore","DC8","DC8",62,966,0.040372671,"Macroalgae","Macroalgae",2016,2017
2015,"DC","Nearshore","DC8","DC8",62,966,0,"Macroalgae","Macroalgae",2016,2017
2015,"DC","Nearshore","DC8","DC8",63,1055,0.158293839,"Macroalgae","Macroalgae",2016,2017
2015,"DC","Nearshore","DC8","DC8",63,1055,0,"Macroalgae","Macroalgae",2016,2017
2015,"DC","Nearshore","DC8","DC8",63,1055,0.036018957,"Macroalgae","Macroalgae",2016,2017
2015,"DC","Nearshore","DC8","DC8",63,1055,0,"Macroalgae","Macroalgae",2016,2017
2015,"DC","Nearshore","DC8","DC8",64,1017,0.027531957,"Macroalgae","Macroalgae",2016,2017
2015,"DC","Nearshore","DC8","DC8",64,1017,0,"Macroalgae","Macroalgae",2016,2017
2015,"DC","Nearshore","DC8","DC8",64,1017,0.003933137,"Macroalgae","Macroalgae",2016,2017
2015,"DC","Nearshore","DC8","DC8",64,1017,0,"Macroalgae","Macroalgae",2016,2017
2015,"BC","Nearshore","BC1","BC1",871,1114,0.039497307,"Macroalgae","Macroalgae",2016,2017
2015,"BC","Nearshore","BC1","BC1",871,1114,0.001795332,"Macroalgae","Macroalgae",2016,2017
2015,"BC","Nearshore","BC1","BC1",871,1114,0.103231598,"Macroalgae","Macroalgae",2016,2017
2015,"BC","Nearshore","BC1","BC1",871,1114,0,"Macroalgae","Macroalgae",2016,2017
2015,"BC","Nearshore","BC1","BC1",872,984,0.020325203,"Macroalgae","Macroalgae",2016,2017
2015,"BC","Nearshore","BC1","BC1",872,984,0,"Macroalgae","Macroalgae",2016,2017
2015,"BC","Nearshore","BC1","BC1",872,984,0.070121951,"Macroalgae","Macroalgae",2016,2017
2015,"BC","Nearshore","BC1","BC1",872,984,0,"Macroalgae","Macroalgae",2016,2017
2015,"BC","Nearshore","BC1","BC1",873,1030,0.058252427,"Macroalgae","Macroalgae",2016,2017
2015,"BC","Nearshore","BC1","BC1",873,1030,0,"Macroalgae","Macroalgae",2016,2017
2015,"BC","Nearshore","BC1","BC1",873,1030,0.055339806,"Macroalgae","Macroalgae",2016,2017
2015,"BC","Nearshore","BC1","BC1",873,1030,0,"Macroalgae","Macroalgae",2016,2017
2015,"BC","Nearshore","BC1","BC1",874,1023,0.065493646,"Macroalgae","Macroalgae",2016,2017
2015,"BC","Nearshore","BC1","BC1",874,1023,0,"Macroalgae","Macroalgae",2016,2017
2015,"BC","Nearshore","BC1","BC1",874,1023,0.194525904,"Macroalgae","Macroalgae",2016,2017
2015,"BC","Nearshore","BC1","BC1",874,1023,0,"Macroalgae","Macroalgae",2016,2017
2015,"BC","Middle","BC2","BC2",881,1066,0.146341463,"Macroalgae","Macroalgae",2016,2017
2015,"BC","Middle","BC2","BC2",881,1066,0.004690432,"Macroalgae","Macroalgae",2016,2017
2015,"BC","Middle","BC2","BC2",881,1066,0.006566604,"Macroalgae","Macroalgae",2016,2017
2015,"BC","Middle","BC2","BC2",881,1066,0,"Macroalgae","Macroalgae",2016,2017
2015,"BC","Middle","BC2","BC2",882,1059,0.026440038,"Macroalgae","Macroalgae",2016,2017
2015,"BC","Middle","BC2","BC2",882,1059,0.007554297,"Macroalgae","Macroalgae",2016,2017
2015,"BC","Middle","BC2","BC2",882,1059,0.009442871,"Macroalgae","Macroalgae",2016,2017
2015,"BC","Middle","BC2","BC2",882,1059,0,"Macroalgae","Macroalgae",2016,2017
2015,"BC","Middle","BC2","BC2",883,1043,0.014381592,"Macroalgae","Macroalgae",2016,2017
2015,"BC","Middle","BC2","BC2",883,1043,0.005752637,"Macroalgae","Macroalgae",2016,2017
2015,"BC","Middle","BC2","BC2",883,1043,0.020134228,"Macroalgae","Macroalgae",2016,2017
2015,"BC","Middle","BC2","BC2",883,1043,0,"Macroalgae","Macroalgae",2016,2017
2015,"BC","Middle","BC2","BC2",884,1007,0.053624628,"Macroalgae","Macroalgae",2016,2017
2015,"BC","Middle","BC2","BC2",884,1007,0,"Macroalgae","Macroalgae",2016,2017
2015,"BC","Middle","BC2","BC2",884,1007,0.001986097,"Macroalgae","Macroalgae",2016,2017
2015,"BC","Middle","BC2","BC2",884,1007,0,"Macroalgae","Macroalgae",2016,2017
2015,"BC","Outer","BC3","BC3",891,1088,0.006433824,"Macroalgae","Macroalgae",2016,2017
2015,"BC","Outer","BC3","BC3",891,1088,0.005514706,"Macroalgae","Macroalgae",2016,2017
2015,"BC","Outer","BC3","BC3",891,1088,0.005514706,"Macroalgae","Macroalgae",2016,2017
2015,"BC","Outer","BC3","BC3",891,1088,0,"Macroalgae","Macroalgae",2016,2017
2015,"BC","Outer","BC3","BC3",892,1112,0.025179856,"Macroalgae","Macroalgae",2016,2017
2015,"BC","Outer","BC3","BC3",892,1112,0,"Macroalgae","Macroalgae",2016,2017
2015,"BC","Outer","BC3","BC3",892,1112,0,"Macroalgae","Macroalgae",2016,2017
2015,"BC","Outer","BC3","BC3",892,1112,0,"Macroalgae","Macroalgae",2016,2017
2015,"BC","Outer","BC3","BC3",893,1082,0.01663586,"Macroalgae","Macroalgae",2016,2017
2015,"BC","Outer","BC3","BC3",893,1082,0.002772643,"Macroalgae","Macroalgae",2016,2017
2015,"BC","Outer","BC3","BC3",893,1082,0.000924214,"Macroalgae","Macroalgae",2016,2017
2015,"BC","Outer","BC3","BC3",893,1082,0,"Macroalgae","Macroalgae",2016,2017
2015,"BC","Outer","BC3","BC3",894,1043,0.389261745,"Macroalgae","Macroalgae",2016,2017
2015,"BC","Outer","BC3","BC3",894,1043,0.002876318,"Macroalgae","Macroalgae",2016,2017
2015,"BC","Outer","BC3","BC3",894,1043,0.006711409,"Macroalgae","Macroalgae",2016,2017
2015,"BC","Outer","BC3","BC3",894,1043,0,"Macroalgae","Macroalgae",2016,2017
2015,"DC","Inner","DC1","DC1",911,1002,0.011976048,"Macroalgae","Macroalgae",2016,2017
2015,"DC","Inner","DC1","DC1",911,1002,0,"Macroalgae","Macroalgae",2016,2017
2015,"DC","Inner","DC1","DC1",911,1002,0.003992016,"Macroalgae","Macroalgae",2016,2017
2015,"DC","Inner","DC1","DC1",911,1002,0,"Macroalgae","Macroalgae",2016,2017
2015,"DC","Inner","DC1","DC1",912,970,0.008247423,"Macroalgae","Macroalgae",2016,2017
2015,"DC","Inner","DC1","DC1",912,970,0.003092784,"Macroalgae","Macroalgae",2016,2017
2015,"DC","Inner","DC1","DC1",912,970,0.007216495,"Macroalgae","Macroalgae",2016,2017
2015,"DC","Inner","DC1","DC1",912,970,0,"Macroalgae","Macroalgae",2016,2017
2015,"DC","Inner","DC1","DC1",913,1042,0.015355086,"Macroalgae","Macroalgae",2016,2017
2015,"DC","Inner","DC1","DC1",913,1042,0.002879079,"Macroalgae","Macroalgae",2016,2017
2015,"DC","Inner","DC1","DC1",913,1042,0.000959693,"Macroalgae","Macroalgae",2016,2017
2015,"DC","Inner","DC1","DC1",913,1042,0,"Macroalgae","Macroalgae",2016,2017
2015,"DC","Inner","DC1","DC1",914,961,0.061394381,"Macroalgae","Macroalgae",2016,2017
2015,"DC","Inner","DC1","DC1",914,961,0,"Macroalgae","Macroalgae",2016,2017
2015,"DC","Inner","DC1","DC1",914,961,0,"Macroalgae","Macroalgae",2016,2017
2015,"DC","Inner","DC1","DC1",914,961,0,"Macroalgae","Macroalgae",2016,2017
2015,"DC","Middle","DC2","DC2",921,1061,0.058435438,"Macroalgae","Macroalgae",2016,2017
2015,"DC","Middle","DC2","DC2",921,1061,0,"Macroalgae","Macroalgae",2016,2017
2015,"DC","Middle","DC2","DC2",921,1061,0,"Macroalgae","Macroalgae",2016,2017
2015,"DC","Middle","DC2","DC2",921,1061,0,"Macroalgae","Macroalgae",2016,2017
2015,"DC","Middle","DC2","DC2",922,1033,0.060987415,"Macroalgae","Macroalgae",2016,2017
2015,"DC","Middle","DC2","DC2",922,1033,0.01839303,"Macroalgae","Macroalgae",2016,2017
2015,"DC","Middle","DC2","DC2",922,1033,0.000968054,"Macroalgae","Macroalgae",2016,2017
2015,"DC","Middle","DC2","DC2",922,1033,0,"Macroalgae","Macroalgae",2016,2017
2015,"DC","Middle","DC2","DC2",923,1031,0.005819593,"Macroalgae","Macroalgae",2016,2017
2015,"DC","Middle","DC2","DC2",923,1031,0.006789525,"Macroalgae","Macroalgae",2016,2017
2015,"DC","Middle","DC2","DC2",923,1031,0.000969932,"Macroalgae","Macroalgae",2016,2017
2015,"DC","Middle","DC2","DC2",923,1031,0,"Macroalgae","Macroalgae",2016,2017
2015,"DC","Middle","DC2","DC2",924,1108,0.003610108,"Macroalgae","Macroalgae",2016,2017
2015,"DC","Middle","DC2","DC2",924,1108,0.011732852,"Macroalgae","Macroalgae",2016,2017
2015,"DC","Middle","DC2","DC2",924,1108,0.003610108,"Macroalgae","Macroalgae",2016,2017
2015,"DC","Middle","DC2","DC2",924,1108,0,"Macroalgae","Macroalgae",2016,2017
2015,"DC","Outer","DC3","DC3",931,943,0.026511135,"Macroalgae","Macroalgae",2016,2017
2015,"DC","Outer","DC3","DC3",931,943,0.002120891,"Macroalgae","Macroalgae",2016,2017
2015,"DC","Outer","DC3","DC3",931,943,0.008483563,"Macroalgae","Macroalgae",2016,2017
2015,"DC","Outer","DC3","DC3",931,943,0,"Macroalgae","Macroalgae",2016,2017
2015,"DC","Outer","DC3","DC3",932,872,0.009174312,"Macroalgae","Macroalgae",2016,2017
2015,"DC","Outer","DC3","DC3",932,872,0.005733945,"Macroalgae","Macroalgae",2016,2017
2015,"DC","Outer","DC3","DC3",932,872,0.004587156,"Macroalgae","Macroalgae",2016,2017
2015,"DC","Outer","DC3","DC3",932,872,0,"Macroalgae","Macroalgae",2016,2017
2015,"DC","Outer","DC3","DC3",933,921,0.048859935,"Macroalgae","Macroalgae",2016,2017
2015,"DC","Outer","DC3","DC3",933,921,0,"Macroalgae","Macroalgae",2016,2017
2015,"DC","Outer","DC3","DC3",933,921,0,"Macroalgae","Macroalgae",2016,2017
2015,"DC","Outer","DC3","DC3",933,921,0,"Macroalgae","Macroalgae",2016,2017
2015,"DC","Outer","DC3","DC3",934,1047,0.011461318,"Macroalgae","Macroalgae",2016,2017
2015,"DC","Outer","DC3","DC3",934,1047,0.005730659,"Macroalgae","Macroalgae",2016,2017
2015,"DC","Outer","DC3","DC3",934,1047,0.020057307,"Macroalgae","Macroalgae",2016,2017
2015,"DC","Outer","DC3","DC3",934,1047,0,"Macroalgae","Macroalgae",2016,2017
2015,"DC","Outer","DC4","DC4",991,1017,0.001966568,"Macroalgae","Macroalgae",2016,2017
2015,"DC","Outer","DC4","DC4",991,1017,0.004916421,"Macroalgae","Macroalgae",2016,2017
2015,"DC","Outer","DC4","DC4",991,1017,0.034414946,"Macroalgae","Macroalgae",2016,2017
2015,"DC","Outer","DC4","DC4",991,1017,0.000983284,"Macroalgae","Macroalgae",2016,2017
2015,"DC","Outer","DC4","DC4",992,1048,0.022900763,"Macroalgae","Macroalgae",2016,2017
2015,"DC","Outer","DC4","DC4",992,1048,0.002862595,"Macroalgae","Macroalgae",2016,2017
2015,"DC","Outer","DC4","DC4",992,1048,0.001908397,"Macroalgae","Macroalgae",2016,2017
2015,"DC","Outer","DC4","DC4",992,1048,0,"Macroalgae","Macroalgae",2016,2017
2015,"DC","Outer","DC4","DC4",993,1046,0.085086042,"Macroalgae","Macroalgae",2016,2017
2015,"DC","Outer","DC4","DC4",993,1046,0.007648184,"Macroalgae","Macroalgae",2016,2017
2015,"DC","Outer","DC4","DC4",993,1046,0.011472275,"Macroalgae","Macroalgae",2016,2017
2015,"DC","Outer","DC4","DC4",993,1046,0,"Macroalgae","Macroalgae",2016,2017
2015,"DC","Outer","DC4","DC4",994,1105,0.024434389,"Macroalgae","Macroalgae",2016,2017
2015,"DC","Outer","DC4","DC4",994,1105,0.000904977,"Macroalgae","Macroalgae",2016,2017
2015,"DC","Outer","DC4","DC4",994,1105,0.009049774,"Macroalgae","Macroalgae",2016,2017
2015,"DC","Outer","DC4","DC4",994,1105,0,"Macroalgae","Macroalgae",2016,2017
2016,"DC","Inner","DC5","DC5",1,881,0.014755959,"Macroalgae","Macroalgae",2017,2018
2016,"DC","Inner","DC5","DC5",1,881,0,"Macroalgae","Macroalgae",2017,2018
2016,"DC","Inner","DC5","DC5",1,881,0.34846765,"Macroalgae","Macroalgae",2017,2018
2016,"DC","Inner","DC5","DC5",1,881,0,"Macroalgae","Macroalgae",2017,2018
2016,"DC","Inner","DC5","DC5",2,996,0.014056225,"Macroalgae","Macroalgae",2017,2018
2016,"DC","Inner","DC5","DC5",2,996,0,"Macroalgae","Macroalgae",2017,2018
2016,"DC","Inner","DC5","DC5",2,996,0.156626506,"Macroalgae","Macroalgae",2017,2018
2016,"DC","Inner","DC5","DC5",2,996,0,"Macroalgae","Macroalgae",2017,2018
2016,"DC","Inner","DC5","DC5",3,1061,0.108388313,"Macroalgae","Macroalgae",2017,2018
2016,"DC","Inner","DC5","DC5",3,1061,0,"Macroalgae","Macroalgae",2017,2018
2016,"DC","Inner","DC5","DC5",3,1061,0.149858624,"Macroalgae","Macroalgae",2017,2018
2016,"DC","Inner","DC5","DC5",3,1061,0,"Macroalgae","Macroalgae",2017,2018
2016,"DC","Inner","DC5","DC5",4,1293,0.24361949,"Macroalgae","Macroalgae",2017,2018
2016,"DC","Inner","DC5","DC5",4,1293,0,"Macroalgae","Macroalgae",2017,2018
2016,"DC","Inner","DC5","DC5",4,1293,0.068832173,"Macroalgae","Macroalgae",2017,2018
2016,"DC","Inner","DC5","DC5",4,1293,0,"Macroalgae","Macroalgae",2017,2018
2016,"BC","Inner","BC4","BC4",11,1034,0.020309478,"Macroalgae","Macroalgae",2017,2018
2016,"BC","Inner","BC4","BC4",11,1034,0.006769826,"Macroalgae","Macroalgae",2017,2018
2016,"BC","Inner","BC4","BC4",11,1034,0.398452611,"Macroalgae","Macroalgae",2017,2018
2016,"BC","Inner","BC4","BC4",11,1034,0,"Macroalgae","Macroalgae",2017,2018
2016,"BC","Inner","BC4","BC4",12,1005,0.041791045,"Macroalgae","Macroalgae",2017,2018
2016,"BC","Inner","BC4","BC4",12,1005,0.002985075,"Macroalgae","Macroalgae",2017,2018
2016,"BC","Inner","BC4","BC4",12,1005,0.299502488,"Macroalgae","Macroalgae",2017,2018
2016,"BC","Inner","BC4","BC4",12,1005,0,"Macroalgae","Macroalgae",2017,2018
2016,"BC","Inner","BC4","BC4",13,1030,0.225242718,"Macroalgae","Macroalgae",2017,2018
2016,"BC","Inner","BC4","BC4",13,1030,0.027184466,"Macroalgae","Macroalgae",2017,2018
2016,"BC","Inner","BC4","BC4",13,1030,0.244660194,"Macroalgae","Macroalgae",2017,2018
2016,"BC","Inner","BC4","BC4",13,1030,0,"Macroalgae","Macroalgae",2017,2018
2016,"BC","Inner","BC4","BC4",14,1010,0.054455446,"Macroalgae","Macroalgae",2017,2018
2016,"BC","Inner","BC4","BC4",14,1010,0.017821782,"Macroalgae","Macroalgae",2017,2018
2016,"BC","Inner","BC4","BC4",14,1010,0.267326733,"Macroalgae","Macroalgae",2017,2018
2016,"BC","Inner","BC4","BC4",14,1010,0,"Macroalgae","Macroalgae",2017,2018
2016,"DC","Nearshore","DC6","DC6",41,1023,0.270772239,"Macroalgae","Macroalgae",2017,2018
2016,"DC","Nearshore","DC6","DC6",41,1023,0,"Macroalgae","Macroalgae",2017,2018
2016,"DC","Nearshore","DC6","DC6",41,1023,0.016617791,"Macroalgae","Macroalgae",2017,2018
2016,"DC","Nearshore","DC6","DC6",41,1023,0,"Macroalgae","Macroalgae",2017,2018
2016,"DC","Nearshore","DC6","DC6",42,1032,0.178294574,"Macroalgae","Macroalgae",2017,2018
2016,"DC","Nearshore","DC6","DC6",42,1032,0,"Macroalgae","Macroalgae",2017,2018
2016,"DC","Nearshore","DC6","DC6",42,1032,0.122093023,"Macroalgae","Macroalgae",2017,2018
2016,"DC","Nearshore","DC6","DC6",42,1032,0,"Macroalgae","Macroalgae",2017,2018
2016,"DC","Nearshore","DC6","DC6",43,1085,0.343778802,"Macroalgae","Macroalgae",2017,2018
2016,"DC","Nearshore","DC6","DC6",43,1085,0.000921659,"Macroalgae","Macroalgae",2017,2018
2016,"DC","Nearshore","DC6","DC6",43,1085,0.023041475,"Macroalgae","Macroalgae",2017,2018
2016,"DC","Nearshore","DC6","DC6",43,1085,0,"Macroalgae","Macroalgae",2017,2018
2016,"DC","Nearshore","DC6","DC6",44,1108,0.267148014,"Macroalgae","Macroalgae",2017,2018
2016,"DC","Nearshore","DC6","DC6",44,1108,0,"Macroalgae","Macroalgae",2017,2018
2016,"DC","Nearshore","DC6","DC6",44,1108,0.055956679,"Macroalgae","Macroalgae",2017,2018
2016,"DC","Nearshore","DC6","DC6",44,1108,0,"Macroalgae","Macroalgae",2017,2018
2016,"DC","Middle","DC7","DC7",51,1053,0.132953466,"Macroalgae","Macroalgae",2017,2018
2016,"DC","Middle","DC7","DC7",51,1053,0.010446344,"Macroalgae","Macroalgae",2017,2018
2016,"DC","Middle","DC7","DC7",51,1053,0.281101614,"Macroalgae","Macroalgae",2017,2018
2016,"DC","Middle","DC7","DC7",51,1053,0,"Macroalgae","Macroalgae",2017,2018
2016,"DC","Middle","DC7","DC7",52,1166,0.426243568,"Macroalgae","Macroalgae",2017,2018
2016,"DC","Middle","DC7","DC7",52,1166,0.012864494,"Macroalgae","Macroalgae",2017,2018
2016,"DC","Middle","DC7","DC7",52,1166,0.052315609,"Macroalgae","Macroalgae",2017,2018
2016,"DC","Middle","DC7","DC7",52,1166,0,"Macroalgae","Macroalgae",2017,2018
2016,"DC","Middle","DC7","DC7",53,1196,0.334448161,"Macroalgae","Macroalgae",2017,2018
2016,"DC","Middle","DC7","DC7",53,1196,0.030100334,"Macroalgae","Macroalgae",2017,2018
2016,"DC","Middle","DC7","DC7",53,1196,0.091137124,"Macroalgae","Macroalgae",2017,2018
2016,"DC","Middle","DC7","DC7",53,1196,0,"Macroalgae","Macroalgae",2017,2018
2016,"DC","Middle","DC7","DC7",54,1177,0.234494477,"Macroalgae","Macroalgae",2017,2018
2016,"DC","Middle","DC7","DC7",54,1177,0.018691589,"Macroalgae","Macroalgae",2017,2018
2016,"DC","Middle","DC7","DC7",54,1177,0.064570943,"Macroalgae","Macroalgae",2017,2018
2016,"DC","Middle","DC7","DC7",54,1177,0,"Macroalgae","Macroalgae",2017,2018
2016,"DC","Nearshore","DC8","DC8",61,841,0.382877527,"Macroalgae","Macroalgae",2017,2018
2016,"DC","Nearshore","DC8","DC8",61,841,0,"Macroalgae","Macroalgae",2017,2018
2016,"DC","Nearshore","DC8","DC8",61,841,0.008323424,"Macroalgae","Macroalgae",2017,2018
2016,"DC","Nearshore","DC8","DC8",61,841,0,"Macroalgae","Macroalgae",2017,2018
2016,"DC","Nearshore","DC8","DC8",62,1047,0.299904489,"Macroalgae","Macroalgae",2017,2018
2016,"DC","Nearshore","DC8","DC8",62,1047,0,"Macroalgae","Macroalgae",2017,2018
2016,"DC","Nearshore","DC8","DC8",62,1047,0.012416428,"Macroalgae","Macroalgae",2017,2018
2016,"DC","Nearshore","DC8","DC8",62,1047,0,"Macroalgae","Macroalgae",2017,2018
2016,"DC","Nearshore","DC8","DC8",63,1092,0.228937729,"Macroalgae","Macroalgae",2017,2018
2016,"DC","Nearshore","DC8","DC8",63,1092,0,"Macroalgae","Macroalgae",2017,2018
2016,"DC","Nearshore","DC8","DC8",63,1092,0.041208791,"Macroalgae","Macroalgae",2017,2018
2016,"DC","Nearshore","DC8","DC8",63,1092,0,"Macroalgae","Macroalgae",2017,2018
2016,"DC","Nearshore","DC8","DC8",64,890,0.060674157,"Macroalgae","Macroalgae",2017,2018
2016,"DC","Nearshore","DC8","DC8",64,890,0,"Macroalgae","Macroalgae",2017,2018
2016,"DC","Nearshore","DC8","DC8",64,890,0.026966292,"Macroalgae","Macroalgae",2017,2018
2016,"DC","Nearshore","DC8","DC8",64,890,0,"Macroalgae","Macroalgae",2017,2018
2016,"BC","Nearshore","BC1","BC1",871,1149,0.055700609,"Macroalgae","Macroalgae",2017,2018
2016,"BC","Nearshore","BC1","BC1",871,1149,0.001740644,"Macroalgae","Macroalgae",2017,2018
2016,"BC","Nearshore","BC1","BC1",871,1149,0.130548303,"Macroalgae","Macroalgae",2017,2018
2016,"BC","Nearshore","BC1","BC1",871,1149,0,"Macroalgae","Macroalgae",2017,2018
2016,"BC","Nearshore","BC1","BC1",872,1131,0.179487179,"Macroalgae","Macroalgae",2017,2018
2016,"BC","Nearshore","BC1","BC1",872,1131,0,"Macroalgae","Macroalgae",2017,2018
2016,"BC","Nearshore","BC1","BC1",872,1131,0.213085765,"Macroalgae","Macroalgae",2017,2018
2016,"BC","Nearshore","BC1","BC1",872,1131,0,"Macroalgae","Macroalgae",2017,2018
2016,"BC","Nearshore","BC1","BC1",873,1153,0.092801388,"Macroalgae","Macroalgae",2017,2018
2016,"BC","Nearshore","BC1","BC1",873,1153,0,"Macroalgae","Macroalgae",2017,2018
2016,"BC","Nearshore","BC1","BC1",873,1153,0.153512576,"Macroalgae","Macroalgae",2017,2018
2016,"BC","Nearshore","BC1","BC1",873,1153,0,"Macroalgae","Macroalgae",2017,2018
2016,"BC","Nearshore","BC1","BC1",874,1091,0.339138405,"Macroalgae","Macroalgae",2017,2018
2016,"BC","Nearshore","BC1","BC1",874,1091,0,"Macroalgae","Macroalgae",2017,2018
2016,"BC","Nearshore","BC1","BC1",874,1091,0.123739688,"Macroalgae","Macroalgae",2017,2018
2016,"BC","Nearshore","BC1","BC1",874,1091,0,"Macroalgae","Macroalgae",2017,2018
2016,"BC","Middle","BC2","BC2",881,1026,0.145224172,"Macroalgae","Macroalgae",2017,2018
2016,"BC","Middle","BC2","BC2",881,1026,0.010721248,"Macroalgae","Macroalgae",2017,2018
2016,"BC","Middle","BC2","BC2",881,1026,0.114035088,"Macroalgae","Macroalgae",2017,2018
2016,"BC","Middle","BC2","BC2",881,1026,0,"Macroalgae","Macroalgae",2017,2018
2016,"BC","Middle","BC2","BC2",882,985,0.081218274,"Macroalgae","Macroalgae",2017,2018
2016,"BC","Middle","BC2","BC2",882,985,0.006091371,"Macroalgae","Macroalgae",2017,2018
2016,"BC","Middle","BC2","BC2",882,985,0.087309645,"Macroalgae","Macroalgae",2017,2018
2016,"BC","Middle","BC2","BC2",882,985,0,"Macroalgae","Macroalgae",2017,2018
2016,"BC","Middle","BC2","BC2",883,1104,0.009057971,"Macroalgae","Macroalgae",2017,2018
2016,"BC","Middle","BC2","BC2",883,1104,0.017210145,"Macroalgae","Macroalgae",2017,2018
2016,"BC","Middle","BC2","BC2",883,1104,0.180253623,"Macroalgae","Macroalgae",2017,2018
2016,"BC","Middle","BC2","BC2",883,1104,0,"Macroalgae","Macroalgae",2017,2018
2016,"BC","Middle","BC2","BC2",884,1250,0.2616,"Macroalgae","Macroalgae",2017,2018
2016,"BC","Middle","BC2","BC2",884,1250,0.0056,"Macroalgae","Macroalgae",2017,2018
2016,"BC","Middle","BC2","BC2",884,1250,0.1064,"Macroalgae","Macroalgae",2017,2018
2016,"BC","Middle","BC2","BC2",884,1250,0,"Macroalgae","Macroalgae",2017,2018
2016,"BC","Outer","BC3","BC3",891,857,0.436406068,"Macroalgae","Macroalgae",2017,2018
2016,"BC","Outer","BC3","BC3",891,857,0.009334889,"Macroalgae","Macroalgae",2017,2018
2016,"BC","Outer","BC3","BC3",891,857,0.060676779,"Macroalgae","Macroalgae",2017,2018
2016,"BC","Outer","BC3","BC3",891,857,0,"Macroalgae","Macroalgae",2017,2018
2016,"BC","Outer","BC3","BC3",892,993,0.094662638,"Macroalgae","Macroalgae",2017,2018
2016,"BC","Outer","BC3","BC3",892,993,0.005035247,"Macroalgae","Macroalgae",2017,2018
2016,"BC","Outer","BC3","BC3",892,993,0.128902316,"Macroalgae","Macroalgae",2017,2018
2016,"BC","Outer","BC3","BC3",892,993,0,"Macroalgae","Macroalgae",2017,2018
2016,"BC","Outer","BC3","BC3",893,910,0.03956044,"Macroalgae","Macroalgae",2017,2018
2016,"BC","Outer","BC3","BC3",893,910,0.005494505,"Macroalgae","Macroalgae",2017,2018
2016,"BC","Outer","BC3","BC3",893,910,0.165934066,"Macroalgae","Macroalgae",2017,2018
2016,"BC","Outer","BC3","BC3",893,910,0,"Macroalgae","Macroalgae",2017,2018
2016,"BC","Outer","BC3","BC3",894,905,0.407734807,"Macroalgae","Macroalgae",2017,2018
2016,"BC","Outer","BC3","BC3",894,905,0.003314917,"Macroalgae","Macroalgae",2017,2018
2016,"BC","Outer","BC3","BC3",894,905,0.125966851,"Macroalgae","Macroalgae",2017,2018
2016,"BC","Outer","BC3","BC3",894,905,0,"Macroalgae","Macroalgae",2017,2018
2016,"DC","Inner","DC1","DC1",911,926,0.139308855,"Macroalgae","Macroalgae",2017,2018
2016,"DC","Inner","DC1","DC1",911,926,0,"Macroalgae","Macroalgae",2017,2018
2016,"DC","Inner","DC1","DC1",911,926,0.086393089,"Macroalgae","Macroalgae",2017,2018
2016,"DC","Inner","DC1","DC1",911,926,0,"Macroalgae","Macroalgae",2017,2018
2016,"DC","Inner","DC1","DC1",912,920,0.017391304,"Macroalgae","Macroalgae",2017,2018
2016,"DC","Inner","DC1","DC1",912,920,0.002173913,"Macroalgae","Macroalgae",2017,2018
2016,"DC","Inner","DC1","DC1",912,920,0.10326087,"Macroalgae","Macroalgae",2017,2018
2016,"DC","Inner","DC1","DC1",912,920,0,"Macroalgae","Macroalgae",2017,2018
2016,"DC","Inner","DC1","DC1",913,946,0.156448203,"Macroalgae","Macroalgae",2017,2018
2016,"DC","Inner","DC1","DC1",913,946,0.002114165,"Macroalgae","Macroalgae",2017,2018
2016,"DC","Inner","DC1","DC1",913,946,0.065539112,"Macroalgae","Macroalgae",2017,2018
2016,"DC","Inner","DC1","DC1",913,946,0,"Macroalgae","Macroalgae",2017,2018
2016,"DC","Inner","DC1","DC1",914,933,0.027867095,"Macroalgae","Macroalgae",2017,2018
2016,"DC","Inner","DC1","DC1",914,933,0.003215434,"Macroalgae","Macroalgae",2017,2018
2016,"DC","Inner","DC1","DC1",914,933,0.11039657,"Macroalgae","Macroalgae",2017,2018
2016,"DC","Inner","DC1","DC1",914,933,0,"Macroalgae","Macroalgae",2017,2018
2016,"DC","Middle","DC2","DC2",921,1010,0.677227723,"Macroalgae","Macroalgae",2017,2018
2016,"DC","Middle","DC2","DC2",921,1010,0.020792079,"Macroalgae","Macroalgae",2017,2018
2016,"DC","Middle","DC2","DC2",921,1010,0.010891089,"Macroalgae","Macroalgae",2017,2018
2016,"DC","Middle","DC2","DC2",921,1010,0,"Macroalgae","Macroalgae",2017,2018
2016,"DC","Middle","DC2","DC2",922,983,0.696846389,"Macroalgae","Macroalgae",2017,2018
2016,"DC","Middle","DC2","DC2",922,983,0.01017294,"Macroalgae","Macroalgae",2017,2018
2016,"DC","Middle","DC2","DC2",922,983,0.008138352,"Macroalgae","Macroalgae",2017,2018
2016,"DC","Middle","DC2","DC2",922,983,0,"Macroalgae","Macroalgae",2017,2018
2016,"DC","Middle","DC2","DC2",923,992,0.67641129,"Macroalgae","Macroalgae",2017,2018
2016,"DC","Middle","DC2","DC2",923,992,0.005040323,"Macroalgae","Macroalgae",2017,2018
2016,"DC","Middle","DC2","DC2",923,992,0.007056452,"Macroalgae","Macroalgae",2017,2018
2016,"DC","Middle","DC2","DC2",923,992,0,"Macroalgae","Macroalgae",2017,2018
2016,"DC","Middle","DC2","DC2",924,1164,0.509450172,"Macroalgae","Macroalgae",2017,2018
2016,"DC","Middle","DC2","DC2",924,1164,0.006013746,"Macroalgae","Macroalgae",2017,2018
2016,"DC","Middle","DC2","DC2",924,1164,0.069587629,"Macroalgae","Macroalgae",2017,2018
2016,"DC","Middle","DC2","DC2",924,1164,0,"Macroalgae","Macroalgae",2017,2018
2016,"DC","Outer","DC3","DC3",931,959,0.714285714,"Macroalgae","Macroalgae",2017,2018
2016,"DC","Outer","DC3","DC3",931,959,0.003128259,"Macroalgae","Macroalgae",2017,2018
2016,"DC","Outer","DC3","DC3",931,959,0,"Macroalgae","Macroalgae",2017,2018
2016,"DC","Outer","DC3","DC3",931,959,0,"Macroalgae","Macroalgae",2017,2018
2016,"DC","Outer","DC3","DC3",932,893,0.67525196,"Macroalgae","Macroalgae",2017,2018
2016,"DC","Outer","DC3","DC3",932,893,0.003359462,"Macroalgae","Macroalgae",2017,2018
2016,"DC","Outer","DC3","DC3",932,893,0.003359462,"Macroalgae","Macroalgae",2017,2018
2016,"DC","Outer","DC3","DC3",932,893,0,"Macroalgae","Macroalgae",2017,2018
2016,"DC","Outer","DC3","DC3",933,966,0.557971014,"Macroalgae","Macroalgae",2017,2018
2016,"DC","Outer","DC3","DC3",933,966,0.008281573,"Macroalgae","Macroalgae",2017,2018
2016,"DC","Outer","DC3","DC3",933,966,0.005175983,"Macroalgae","Macroalgae",2017,2018
2016,"DC","Outer","DC3","DC3",933,966,0,"Macroalgae","Macroalgae",2017,2018
2016,"DC","Outer","DC3","DC3",934,894,0.718120805,"Macroalgae","Macroalgae",2017,2018
2016,"DC","Outer","DC3","DC3",934,894,0.003355705,"Macroalgae","Macroalgae",2017,2018
2016,"DC","Outer","DC3","DC3",934,894,0.001118568,"Macroalgae","Macroalgae",2017,2018
2016,"DC","Outer","DC3","DC3",934,894,0,"Macroalgae","Macroalgae",2017,2018
2016,"DC","Outer","DC4","DC4",991,1075,0.093953488,"Macroalgae","Macroalgae",2017,2018
2016,"DC","Outer","DC4","DC4",991,1075,0.002790698,"Macroalgae","Macroalgae",2017,2018
2016,"DC","Outer","DC4","DC4",991,1075,0.010232558,"Macroalgae","Macroalgae",2017,2018
2016,"DC","Outer","DC4","DC4",991,1075,0,"Macroalgae","Macroalgae",2017,2018
2016,"DC","Outer","DC4","DC4",992,1110,0.033333333,"Macroalgae","Macroalgae",2017,2018
2016,"DC","Outer","DC4","DC4",992,1110,0.003603604,"Macroalgae","Macroalgae",2017,2018
2016,"DC","Outer","DC4","DC4",992,1110,0.028828829,"Macroalgae","Macroalgae",2017,2018
2016,"DC","Outer","DC4","DC4",992,1110,0,"Macroalgae","Macroalgae",2017,2018
2016,"DC","Outer","DC4","DC4",993,1116,0.270609319,"Macroalgae","Macroalgae",2017,2018
2016,"DC","Outer","DC4","DC4",993,1116,0.005376344,"Macroalgae","Macroalgae",2017,2018
2016,"DC","Outer","DC4","DC4",993,1116,0.052867384,"Macroalgae","Macroalgae",2017,2018
2016,"DC","Outer","DC4","DC4",993,1116,0,"Macroalgae","Macroalgae",2017,2018
2016,"DC","Outer","DC4","DC4",994,1087,0.344066237,"Macroalgae","Macroalgae",2017,2018
2016,"DC","Outer","DC4","DC4",994,1087,0.000919963,"Macroalgae","Macroalgae",2017,2018
2016,"DC","Outer","DC4","DC4",994,1087,0.003679853,"Macroalgae","Macroalgae",2017,2018
2016,"DC","Outer","DC4","DC4",994,1087,0,"Macroalgae","Macroalgae",2017,2018
2017,"DC","Inner","DC5","DC5",1,859,0.089639115,"Macroalgae","Macroalgae",2018,2019
2017,"DC","Inner","DC5","DC5",1,859,0,"Macroalgae","Macroalgae",2018,2019
2017,"DC","Inner","DC5","DC5",1,859,0.04540163,"Macroalgae","Macroalgae",2018,2019
2017,"DC","Inner","DC5","DC5",1,859,0,"Macroalgae","Macroalgae",2018,2019
2017,"DC","Inner","DC5","DC5",2,950,0.081052632,"Macroalgae","Macroalgae",2018,2019
2017,"DC","Inner","DC5","DC5",2,950,0.002105263,"Macroalgae","Macroalgae",2018,2019
2017,"DC","Inner","DC5","DC5",2,950,0.170526316,"Macroalgae","Macroalgae",2018,2019
2017,"DC","Inner","DC5","DC5",2,950,0,"Macroalgae","Macroalgae",2018,2019
2017,"DC","Inner","DC5","DC5",3,855,0.10877193,"Macroalgae","Macroalgae",2018,2019
2017,"DC","Inner","DC5","DC5",3,855,0,"Macroalgae","Macroalgae",2018,2019
2017,"DC","Inner","DC5","DC5",3,855,0.067836257,"Macroalgae","Macroalgae",2018,2019
2017,"DC","Inner","DC5","DC5",3,855,0,"Macroalgae","Macroalgae",2018,2019
2017,"DC","Inner","DC5","DC5",4,880,0.118181818,"Macroalgae","Macroalgae",2018,2019
2017,"DC","Inner","DC5","DC5",4,880,0.005681818,"Macroalgae","Macroalgae",2018,2019
2017,"DC","Inner","DC5","DC5",4,880,0.205681818,"Macroalgae","Macroalgae",2018,2019
2017,"DC","Inner","DC5","DC5",4,880,0,"Macroalgae","Macroalgae",2018,2019
2017,"BC","Inner","BC4","BC4",11,886,0.100451467,"Macroalgae","Macroalgae",2018,2019
2017,"BC","Inner","BC4","BC4",11,886,0.002257336,"Macroalgae","Macroalgae",2018,2019
2017,"BC","Inner","BC4","BC4",11,886,0.16027088,"Macroalgae","Macroalgae",2018,2019
2017,"BC","Inner","BC4","BC4",11,886,0,"Macroalgae","Macroalgae",2018,2019
2017,"BC","Inner","BC4","BC4",12,818,0.228606357,"Macroalgae","Macroalgae",2018,2019
2017,"BC","Inner","BC4","BC4",12,818,0.006112469,"Macroalgae","Macroalgae",2018,2019
2017,"BC","Inner","BC4","BC4",12,818,0.091687042,"Macroalgae","Macroalgae",2018,2019
2017,"BC","Inner","BC4","BC4",12,818,0,"Macroalgae","Macroalgae",2018,2019
2017,"BC","Inner","BC4","BC4",13,871,0.120551091,"Macroalgae","Macroalgae",2018,2019
2017,"BC","Inner","BC4","BC4",13,871,0.039035591,"Macroalgae","Macroalgae",2018,2019
2017,"BC","Inner","BC4","BC4",13,871,0.080367394,"Macroalgae","Macroalgae",2018,2019
2017,"BC","Inner","BC4","BC4",13,871,0,"Macroalgae","Macroalgae",2018,2019
2017,"BC","Inner","BC4","BC4",14,885,0.143502825,"Macroalgae","Macroalgae",2018,2019
2017,"BC","Inner","BC4","BC4",14,885,0.020338983,"Macroalgae","Macroalgae",2018,2019
2017,"BC","Inner","BC4","BC4",14,885,0.131073446,"Macroalgae","Macroalgae",2018,2019
2017,"BC","Inner","BC4","BC4",14,885,0,"Macroalgae","Macroalgae",2018,2019
2017,"DC","Nearshore","DC6","DC6",41,891,0.015712682,"Macroalgae","Macroalgae",2018,2019
2017,"DC","Nearshore","DC6","DC6",41,891,0,"Macroalgae","Macroalgae",2018,2019
2017,"DC","Nearshore","DC6","DC6",41,891,0.007856341,"Macroalgae","Macroalgae",2018,2019
2017,"DC","Nearshore","DC6","DC6",41,891,0,"Macroalgae","Macroalgae",2018,2019
2017,"DC","Nearshore","DC6","DC6",42,866,0.065819861,"Macroalgae","Macroalgae",2018,2019
2017,"DC","Nearshore","DC6","DC6",42,866,0,"Macroalgae","Macroalgae",2018,2019
2017,"DC","Nearshore","DC6","DC6",42,866,0.034642032,"Macroalgae","Macroalgae",2018,2019
2017,"DC","Nearshore","DC6","DC6",42,866,0,"Macroalgae","Macroalgae",2018,2019
2017,"DC","Nearshore","DC6","DC6",43,874,0.02173913,"Macroalgae","Macroalgae",2018,2019
2017,"DC","Nearshore","DC6","DC6",43,874,0,"Macroalgae","Macroalgae",2018,2019
2017,"DC","Nearshore","DC6","DC6",43,874,0.010297483,"Macroalgae","Macroalgae",2018,2019
2017,"DC","Nearshore","DC6","DC6",43,874,0,"Macroalgae","Macroalgae",2018,2019
2017,"DC","Nearshore","DC6","DC6",44,847,0.031877214,"Macroalgae","Macroalgae",2018,2019
2017,"DC","Nearshore","DC6","DC6",44,847,0.001180638,"Macroalgae","Macroalgae",2018,2019
2017,"DC","Nearshore","DC6","DC6",44,847,0.064935065,"Macroalgae","Macroalgae",2018,2019
2017,"DC","Nearshore","DC6","DC6",44,847,0,"Macroalgae","Macroalgae",2018,2019
2017,"DC","Middle","DC7","DC7",51,900,0.021111111,"Macroalgae","Macroalgae",2018,2019
2017,"DC","Middle","DC7","DC7",51,900,0.033333333,"Macroalgae","Macroalgae",2018,2019
2017,"DC","Middle","DC7","DC7",51,900,0.01,"Macroalgae","Macroalgae",2018,2019
2017,"DC","Middle","DC7","DC7",51,900,0,"Macroalgae","Macroalgae",2018,2019
2017,"DC","Middle","DC7","DC7",52,869,0.093210587,"Macroalgae","Macroalgae",2018,2019
2017,"DC","Middle","DC7","DC7",52,869,0.027617952,"Macroalgae","Macroalgae",2018,2019
2017,"DC","Middle","DC7","DC7",52,869,0.003452244,"Macroalgae","Macroalgae",2018,2019
2017,"DC","Middle","DC7","DC7",52,869,0,"Macroalgae","Macroalgae",2018,2019
2017,"DC","Middle","DC7","DC7",53,912,0.019736842,"Macroalgae","Macroalgae",2018,2019
2017,"DC","Middle","DC7","DC7",53,912,0.082236842,"Macroalgae","Macroalgae",2018,2019
2017,"DC","Middle","DC7","DC7",53,912,0.003289474,"Macroalgae","Macroalgae",2018,2019
2017,"DC","Middle","DC7","DC7",53,912,0,"Macroalgae","Macroalgae",2018,2019
2017,"DC","Middle","DC7","DC7",54,913,0.100766703,"Macroalgae","Macroalgae",2018,2019
2017,"DC","Middle","DC7","DC7",54,913,0.073384447,"Macroalgae","Macroalgae",2018,2019
2017,"DC","Middle","DC7","DC7",54,913,0.027382256,"Macroalgae","Macroalgae",2018,2019
2017,"DC","Middle","DC7","DC7",54,913,0,"Macroalgae","Macroalgae",2018,2019
2017,"DC","Nearshore","DC8","DC8",61,951,0.056782334,"Macroalgae","Macroalgae",2018,2019
2017,"DC","Nearshore","DC8","DC8",61,951,0,"Macroalgae","Macroalgae",2018,2019
2017,"DC","Nearshore","DC8","DC8",61,951,0.010515247,"Macroalgae","Macroalgae",2018,2019
2017,"DC","Nearshore","DC8","DC8",61,951,0,"Macroalgae","Macroalgae",2018,2019
2017,"DC","Nearshore","DC8","DC8",62,899,0.234705228,"Macroalgae","Macroalgae",2018,2019
2017,"DC","Nearshore","DC8","DC8",62,899,0,"Macroalgae","Macroalgae",2018,2019
2017,"DC","Nearshore","DC8","DC8",62,899,0.023359288,"Macroalgae","Macroalgae",2018,2019
2017,"DC","Nearshore","DC8","DC8",62,899,0,"Macroalgae","Macroalgae",2018,2019
2017,"DC","Nearshore","DC8","DC8",63,913,0.13143483,"Macroalgae","Macroalgae",2018,2019
2017,"DC","Nearshore","DC8","DC8",63,913,0,"Macroalgae","Macroalgae",2018,2019
2017,"DC","Nearshore","DC8","DC8",63,913,0.08762322,"Macroalgae","Macroalgae",2018,2019
2017,"DC","Nearshore","DC8","DC8",63,913,0,"Macroalgae","Macroalgae",2018,2019
2017,"DC","Nearshore","DC8","DC8",64,946,0.078224101,"Macroalgae","Macroalgae",2018,2019
2017,"DC","Nearshore","DC8","DC8",64,946,0.002114165,"Macroalgae","Macroalgae",2018,2019
2017,"DC","Nearshore","DC8","DC8",64,946,0.016913319,"Macroalgae","Macroalgae",2018,2019
2017,"DC","Nearshore","DC8","DC8",64,946,0,"Macroalgae","Macroalgae",2018,2019
2017,"BC","Nearshore","BC1","BC1",871,836,0.145933014,"Macroalgae","Macroalgae",2018,2019
2017,"BC","Nearshore","BC1","BC1",871,836,0,"Macroalgae","Macroalgae",2018,2019
2017,"BC","Nearshore","BC1","BC1",871,836,0.056220096,"Macroalgae","Macroalgae",2018,2019
2017,"BC","Nearshore","BC1","BC1",871,836,0,"Macroalgae","Macroalgae",2018,2019
2017,"BC","Nearshore","BC1","BC1",872,832,0.108173077,"Macroalgae","Macroalgae",2018,2019
2017,"BC","Nearshore","BC1","BC1",872,832,0,"Macroalgae","Macroalgae",2018,2019
2017,"BC","Nearshore","BC1","BC1",872,832,0.161057692,"Macroalgae","Macroalgae",2018,2019
2017,"BC","Nearshore","BC1","BC1",872,832,0,"Macroalgae","Macroalgae",2018,2019
2017,"BC","Nearshore","BC1","BC1",873,826,0.157384988,"Macroalgae","Macroalgae",2018,2019
2017,"BC","Nearshore","BC1","BC1",873,826,0,"Macroalgae","Macroalgae",2018,2019
2017,"BC","Nearshore","BC1","BC1",873,826,0.181598063,"Macroalgae","Macroalgae",2018,2019
2017,"BC","Nearshore","BC1","BC1",873,826,0,"Macroalgae","Macroalgae",2018,2019
2017,"BC","Nearshore","BC1","BC1",874,786,0.187022901,"Macroalgae","Macroalgae",2018,2019
2017,"BC","Nearshore","BC1","BC1",874,786,0,"Macroalgae","Macroalgae",2018,2019
2017,"BC","Nearshore","BC1","BC1",874,786,0.082697201,"Macroalgae","Macroalgae",2018,2019
2017,"BC","Nearshore","BC1","BC1",874,786,0,"Macroalgae","Macroalgae",2018,2019
2017,"BC","Middle","BC2","BC2",881,869,0.101265823,"Macroalgae","Macroalgae",2018,2019
2017,"BC","Middle","BC2","BC2",881,869,0.025316456,"Macroalgae","Macroalgae",2018,2019
2017,"BC","Middle","BC2","BC2",881,869,0.018411968,"Macroalgae","Macroalgae",2018,2019
2017,"BC","Middle","BC2","BC2",881,869,0,"Macroalgae","Macroalgae",2018,2019
2017,"BC","Middle","BC2","BC2",882,887,0.073280722,"Macroalgae","Macroalgae",2018,2019
2017,"BC","Middle","BC2","BC2",882,887,0.016910936,"Macroalgae","Macroalgae",2018,2019
2017,"BC","Middle","BC2","BC2",882,887,0.004509583,"Macroalgae","Macroalgae",2018,2019
2017,"BC","Middle","BC2","BC2",882,887,0,"Macroalgae","Macroalgae",2018,2019
2017,"BC","Middle","BC2","BC2",883,819,0.036630037,"Macroalgae","Macroalgae",2018,2019
2017,"BC","Middle","BC2","BC2",883,819,0.035409035,"Macroalgae","Macroalgae",2018,2019
2017,"BC","Middle","BC2","BC2",883,819,0.007326007,"Macroalgae","Macroalgae",2018,2019
2017,"BC","Middle","BC2","BC2",883,819,0,"Macroalgae","Macroalgae",2018,2019
2017,"BC","Middle","BC2","BC2",884,894,0.032438479,"Macroalgae","Macroalgae",2018,2019
2017,"BC","Middle","BC2","BC2",884,894,0.025727069,"Macroalgae","Macroalgae",2018,2019
2017,"BC","Middle","BC2","BC2",884,894,0.011185682,"Macroalgae","Macroalgae",2018,2019
2017,"BC","Middle","BC2","BC2",884,894,0,"Macroalgae","Macroalgae",2018,2019
2017,"BC","Outer","BC3","BC3",891,888,0.138513514,"Macroalgae","Macroalgae",2018,2019
2017,"BC","Outer","BC3","BC3",891,888,0.018018018,"Macroalgae","Macroalgae",2018,2019
2017,"BC","Outer","BC3","BC3",891,888,0.040540541,"Macroalgae","Macroalgae",2018,2019
2017,"BC","Outer","BC3","BC3",891,888,0,"Macroalgae","Macroalgae",2018,2019
2017,"BC","Outer","BC3","BC3",892,924,0.187229437,"Macroalgae","Macroalgae",2018,2019
2017,"BC","Outer","BC3","BC3",892,924,0.006493506,"Macroalgae","Macroalgae",2018,2019
2017,"BC","Outer","BC3","BC3",892,924,0.071428571,"Macroalgae","Macroalgae",2018,2019
2017,"BC","Outer","BC3","BC3",892,924,0,"Macroalgae","Macroalgae",2018,2019
2017,"BC","Outer","BC3","BC3",893,935,0.104812834,"Macroalgae","Macroalgae",2018,2019
2017,"BC","Outer","BC3","BC3",893,935,0.010695187,"Macroalgae","Macroalgae",2018,2019
2017,"BC","Outer","BC3","BC3",893,935,0.018181818,"Macroalgae","Macroalgae",2018,2019
2017,"BC","Outer","BC3","BC3",893,935,0,"Macroalgae","Macroalgae",2018,2019
2017,"BC","Outer","BC3","BC3",894,913,0.26067908,"Macroalgae","Macroalgae",2018,2019
2017,"BC","Outer","BC3","BC3",894,913,0.009857612,"Macroalgae","Macroalgae",2018,2019
2017,"BC","Outer","BC3","BC3",894,913,0.012048193,"Macroalgae","Macroalgae",2018,2019
2017,"BC","Outer","BC3","BC3",894,913,0,"Macroalgae","Macroalgae",2018,2019
2017,"DC","Inner","DC1","DC1",911,847,0.012987013,"Macroalgae","Macroalgae",2018,2019
2017,"DC","Inner","DC1","DC1",911,847,0,"Macroalgae","Macroalgae",2018,2019
2017,"DC","Inner","DC1","DC1",911,847,0.00472255,"Macroalgae","Macroalgae",2018,2019
2017,"DC","Inner","DC1","DC1",911,847,0,"Macroalgae","Macroalgae",2018,2019
2017,"DC","Inner","DC1","DC1",912,874,0.016018307,"Macroalgae","Macroalgae",2018,2019
2017,"DC","Inner","DC1","DC1",912,874,0.00228833,"Macroalgae","Macroalgae",2018,2019
2017,"DC","Inner","DC1","DC1",912,874,0.005720824,"Macroalgae","Macroalgae",2018,2019
2017,"DC","Inner","DC1","DC1",912,874,0,"Macroalgae","Macroalgae",2018,2019
2017,"DC","Inner","DC1","DC1",913,840,0.014285714,"Macroalgae","Macroalgae",2018,2019
2017,"DC","Inner","DC1","DC1",913,840,0.001190476,"Macroalgae","Macroalgae",2018,2019
2017,"DC","Inner","DC1","DC1",913,840,0.002380952,"Macroalgae","Macroalgae",2018,2019
2017,"DC","Inner","DC1","DC1",913,840,0,"Macroalgae","Macroalgae",2018,2019
2017,"DC","Inner","DC1","DC1",914,869,0.021864212,"Macroalgae","Macroalgae",2018,2019
2017,"DC","Inner","DC1","DC1",914,869,0.009205984,"Macroalgae","Macroalgae",2018,2019
2017,"DC","Inner","DC1","DC1",914,869,0.001150748,"Macroalgae","Macroalgae",2018,2019
2017,"DC","Inner","DC1","DC1",914,869,0,"Macroalgae","Macroalgae",2018,2019
2017,"DC","Middle","DC2","DC2",921,910,0.079120879,"Macroalgae","Macroalgae",2018,2019
2017,"DC","Middle","DC2","DC2",921,910,0.006593407,"Macroalgae","Macroalgae",2018,2019
2017,"DC","Middle","DC2","DC2",921,910,0.006593407,"Macroalgae","Macroalgae",2018,2019
2017,"DC","Middle","DC2","DC2",921,910,0,"Macroalgae","Macroalgae",2018,2019
2017,"DC","Middle","DC2","DC2",922,931,0.019334049,"Macroalgae","Macroalgae",2018,2019
2017,"DC","Middle","DC2","DC2",922,931,0.008592911,"Macroalgae","Macroalgae",2018,2019
2017,"DC","Middle","DC2","DC2",922,931,0,"Macroalgae","Macroalgae",2018,2019
2017,"DC","Middle","DC2","DC2",922,931,0,"Macroalgae","Macroalgae",2018,2019
2017,"DC","Middle","DC2","DC2",923,931,0.157894737,"Macroalgae","Macroalgae",2018,2019
2017,"DC","Middle","DC2","DC2",923,931,0.001074114,"Macroalgae","Macroalgae",2018,2019
2017,"DC","Middle","DC2","DC2",923,931,0.003222342,"Macroalgae","Macroalgae",2018,2019
2017,"DC","Middle","DC2","DC2",923,931,0,"Macroalgae","Macroalgae",2018,2019
2017,"DC","Middle","DC2","DC2",924,949,0.083245522,"Macroalgae","Macroalgae",2018,2019
2017,"DC","Middle","DC2","DC2",924,949,0.006322445,"Macroalgae","Macroalgae",2018,2019
2017,"DC","Middle","DC2","DC2",924,949,0.006322445,"Macroalgae","Macroalgae",2018,2019
2017,"DC","Middle","DC2","DC2",924,949,0,"Macroalgae","Macroalgae",2018,2019
2017,"DC","Outer","DC3","DC3",931,826,0.179176755,"Macroalgae","Macroalgae",2018,2019
2017,"DC","Outer","DC3","DC3",931,826,0.007263923,"Macroalgae","Macroalgae",2018,2019
2017,"DC","Outer","DC3","DC3",931,826,0.001210654,"Macroalgae","Macroalgae",2018,2019
2017,"DC","Outer","DC3","DC3",931,826,0,"Macroalgae","Macroalgae",2018,2019
2017,"DC","Outer","DC3","DC3",932,840,0.095238095,"Macroalgae","Macroalgae",2018,2019
2017,"DC","Outer","DC3","DC3",932,840,0.003571429,"Macroalgae","Macroalgae",2018,2019
2017,"DC","Outer","DC3","DC3",932,840,0.003571429,"Macroalgae","Macroalgae",2018,2019
2017,"DC","Outer","DC3","DC3",932,840,0,"Macroalgae","Macroalgae",2018,2019
2017,"DC","Outer","DC3","DC3",933,904,0.013274336,"Macroalgae","Macroalgae",2018,2019
2017,"DC","Outer","DC3","DC3",933,904,0.001106195,"Macroalgae","Macroalgae",2018,2019
2017,"DC","Outer","DC3","DC3",933,904,0.002212389,"Macroalgae","Macroalgae",2018,2019
2017,"DC","Outer","DC3","DC3",933,904,0,"Macroalgae","Macroalgae",2018,2019
2017,"DC","Outer","DC3","DC3",934,801,0.289637953,"Macroalgae","Macroalgae",2018,2019
2017,"DC","Outer","DC3","DC3",934,801,0.004993758,"Macroalgae","Macroalgae",2018,2019
2017,"DC","Outer","DC3","DC3",934,801,0,"Macroalgae","Macroalgae",2018,2019
2017,"DC","Outer","DC3","DC3",934,801,0,"Macroalgae","Macroalgae",2018,2019
2017,"DC","Outer","DC4","DC4",991,919,0.042437432,"Macroalgae","Macroalgae",2018,2019
2017,"DC","Outer","DC4","DC4",991,919,0,"Macroalgae","Macroalgae",2018,2019
2017,"DC","Outer","DC4","DC4",991,919,0.007616975,"Macroalgae","Macroalgae",2018,2019
2017,"DC","Outer","DC4","DC4",991,919,0,"Macroalgae","Macroalgae",2018,2019
2017,"DC","Outer","DC4","DC4",992,988,0.04048583,"Macroalgae","Macroalgae",2018,2019
2017,"DC","Outer","DC4","DC4",992,988,0.005060729,"Macroalgae","Macroalgae",2018,2019
2017,"DC","Outer","DC4","DC4",992,988,0.012145749,"Macroalgae","Macroalgae",2018,2019
2017,"DC","Outer","DC4","DC4",992,988,0,"Macroalgae","Macroalgae",2018,2019
2017,"DC","Outer","DC4","DC4",993,987,0.110435664,"Macroalgae","Macroalgae",2018,2019
2017,"DC","Outer","DC4","DC4",993,987,0.005065856,"Macroalgae","Macroalgae",2018,2019
2017,"DC","Outer","DC4","DC4",993,987,0.010131712,"Macroalgae","Macroalgae",2018,2019
2017,"DC","Outer","DC4","DC4",993,987,0,"Macroalgae","Macroalgae",2018,2019
2017,"DC","Outer","DC4","DC4",994,964,0.058091286,"Macroalgae","Macroalgae",2018,2019
2017,"DC","Outer","DC4","DC4",994,964,0.001037344,"Macroalgae","Macroalgae",2018,2019
2017,"DC","Outer","DC4","DC4",994,964,0.017634855,"Macroalgae","Macroalgae",2018,2019
2017,"DC","Outer","DC4","DC4",994,964,0,"Macroalgae","Macroalgae",2018,2019
